DeployID,Ptt,Instr,Date,Type,Quality,Latitude,Longitude,Error radius,Error Semi-major axis,Error Semi-minor axis,Error Ellipse orientation,Offset,Offset orientation,GPE MSD,GPE U,Count,Comment
260378,260378,UT,16:05:28 28-Jan-2024,Argos,A,54.819700,-118.842500,0,0,0,171,,,,,,
260378,260378,UT,15:09:34 09-Feb-2024,Argos,3,43.956990,-60.081870,193,235,157,101,,,,,,
260378,260378,UT,15:12:11 09-Feb-2024,Argos,2,43.949230,-60.081530,443,824,237,90,,,,,,
260378,260378,UT,15:43:27 09-Feb-2024,Argos,2,43.968200,-60.080370,433,1051,178,102,,,,,,
260378,260378,UT,15:48:57 09-Feb-2024,Argos,A,43.965450,-60.075980,808,1546,422,69,,,,,,
260378,260378,UT,16:48:34 09-Feb-2024,Argos,0,44.002220,-60.079070,3066,33967,276,106,,,,,,
260378,260378,UT,21:20:52 09-Feb-2024,Argos,1,44.109760,-60.105500,636,696,581,147,,,,,,
260378,260378,UT,21:33:51 09-Feb-2024,Argos,3,44.119450,-60.110650,132,185,93,93,,,,,,
260378,260378,UT,21:41:07 09-Feb-2024,Argos,3,44.121060,-60.103630,201,340,118,78,,,,,,
260378,260378,UT,22:14:33 09-Feb-2024,Argos,A,44.134180,-60.121660,422,1523,116,84,,,,,,
260378,260378,UT,22:19:28 09-Feb-2024,Argos,B,44.134140,-60.121920,340,542,212,87,,,,,,
260378,260378,UT,23:02:32 09-Feb-2024,Argos,2,44.136120,-60.151240,309,1445,66,77,,,,,,
260378,260378,UT,23:05:52 09-Feb-2024,Argos,3,44.132760,-60.149550,224,564,88,100,,,,,,
260378,260378,UT,23:18:14 09-Feb-2024,Argos,2,44.128800,-60.156650,417,610,284,176,,,,,,
260378,260378,UT,23:51:18 09-Feb-2024,Argos,A,44.132640,-60.162450,428,853,215,147,,,,,,
260378,260378,UT,23:51:56 09-Feb-2024,Argos,3,44.131970,-60.171560,216,277,167,112,,,,,,
260378,260378,UT,23:53:05 09-Feb-2024,Argos,3,44.131530,-60.176770,240,580,99,75,,,,,,
260378,260378,UT,00:10:26 10-Feb-2024,Argos,3,44.128100,-60.188850,223,350,142,67,,,,,,
260378,260378,UT,00:39:55 10-Feb-2024,Argos,1,44.130000,-60.209450,1113,2539,487,10,,,,,,
260378,260378,UT,00:54:32 10-Feb-2024,Argos,1,44.127810,-60.222980,694,8267,58,79,,,,,,
260378,260378,UT,01:31:19 10-Feb-2024,Argos,3,44.123290,-60.244650,109,284,41,68,,,,,,
260378,260378,UT,01:34:36 10-Feb-2024,Argos,3,44.126270,-60.246570,159,190,133,88,,,,,,
260378,260378,UT,01:45:46 10-Feb-2024,Argos,B,44.127720,-60.251250,496,1910,128,77,,,,,,
260378,260378,UT,02:25:05 10-Feb-2024,Argos,2,44.116090,-60.279830,405,467,351,75,,,,,,
260378,260378,UT,02:39:33 10-Feb-2024,Argos,A,44.115980,-60.292860,391,857,178,156,,,,,,
260378,260378,UT,11:10:57 10-Feb-2024,Argos,B,44.137220,-60.661110,1608,5563,465,6,,,,,,
260378,260378,UT,11:17:20 10-Feb-2024,Argos,2,44.134000,-60.642940,308,547,173,93,,,,,,
260378,260378,UT,11:23:35 10-Feb-2024,Argos,A,44.136040,-60.646580,174,285,105,64,,,,,,
260378,260378,UT,12:14:32 10-Feb-2024,Argos,3,44.131770,-60.680770,181,199,164,135,,,,,,
260378,260378,UT,12:53:13 10-Feb-2024,Argos,2,44.116900,-60.653810,321,902,114,91,,,,,,
260378,260378,UT,13:11:36 10-Feb-2024,Argos,3,44.106780,-60.652980,124,236,64,91,,,,,,
260378,260378,UT,13:53:45 10-Feb-2024,Argos,2,44.099120,-60.634980,352,1376,90,89,,,,,,
260378,260378,UT,13:56:56 10-Feb-2024,Argos,A,44.100510,-60.647030,553,834,366,56,,,,,,
260378,260378,UT,14:00:07 10-Feb-2024,Argos,0,44.096140,-60.652400,2073,36219,118,102,,,,,,
260378,260378,UT,14:33:40 10-Feb-2024,Argos,B,44.093660,-60.660040,3568,6417,1983,98,,,,,,
260378,260378,UT,14:52:18 10-Feb-2024,Argos,2,44.083440,-60.625320,462,722,295,103,,,,,,
260378,260378,UT,15:28:24 10-Feb-2024,Argos,1,44.093020,-60.624610,1109,7929,155,113,,,,,,
260378,260378,UT,15:36:22 10-Feb-2024,Argos,0,44.083310,-60.620680,1527,2584,902,41,,,,,,
260378,260378,UT,15:46:34 10-Feb-2024,Argos,B,44.083070,-60.621010,2425,3249,1810,84,,,,,,
260378,260378,UT,16:05:30 10-Feb-2024,Argos,2,44.076490,-60.608620,433,683,274,110,,,,,,
260378,260378,UT,16:38:19 10-Feb-2024,Argos,B,44.078170,-60.613260,4565,6454,3228,91,,,,,,
260378,260378,UT,21:04:22 10-Feb-2024,Argos,B,44.007210,-60.670440,8072,101845,639,98,,,,,,
260378,260378,UT,21:44:21 10-Feb-2024,Argos,A,44.043090,-60.778150,264,545,127,92,,,,,,
260378,260378,UT,22:04:05 10-Feb-2024,Argos,B,44.047920,-60.798020,2247,3183,1586,89,,,,,,
260378,260378,UT,22:36:53 10-Feb-2024,Argos,1,44.058270,-60.813730,514,1395,189,82,,,,,,
260378,260378,UT,22:39:53 10-Feb-2024,Argos,B,44.057890,-60.811170,655,831,515,65,,,,,,
260378,260378,UT,22:44:00 10-Feb-2024,Argos,A,44.060270,-60.811820,174,1067,28,79,,,,,,
260378,260378,UT,23:02:08 10-Feb-2024,Argos,B,44.058440,-60.844890,3596,6433,2009,95,,,,,,
260378,260378,UT,23:19:55 10-Feb-2024,Argos,A,44.065080,-60.828090,117,145,94,96,,,,,,
260378,260378,UT,23:40:28 10-Feb-2024,Argos,B,44.070550,-60.848890,629,876,452,89,,,,,,
260378,260378,UT,23:44:24 10-Feb-2024,Argos,A,44.074340,-60.848090,123,230,65,100,,,,,,
260378,260378,UT,23:44:24 10-Feb-2024,Argos,A,44.071170,-60.842880,124,195,79,84,,,,,,
260378,260378,UT,00:12:44 11-Feb-2024,Argos,A,44.074320,-60.854670,221,297,163,99,,,,,,
260378,260378,UT,00:35:28 11-Feb-2024,Argos,2,44.073670,-60.869860,471,2279,97,90,,,,,,
260378,260378,UT,01:21:17 11-Feb-2024,Argos,3,44.070950,-60.875190,188,336,105,83,,,,,,
260378,260378,UT,01:24:56 11-Feb-2024,Argos,A,44.419430,-60.025660,141483,892370,22431,66,,,,,,
260378,260378,UT,01:25:56 11-Feb-2024,Argos,B,44.062590,-60.733050,54391,103954,28458,101,,,,,,
260378,260378,UT,01:41:07 11-Feb-2024,Argos,B,44.018190,-60.790530,31077,93344,10346,119,,,,,,
260378,260378,UT,02:19:09 11-Feb-2024,Argos,1,44.055100,-60.922900,1073,1233,932,17,,,,,,
260378,260378,UT,02:56:17 11-Feb-2024,Argos,B,44.048890,-60.951440,2526,16556,385,72,,,,,,
260378,260378,UT,12:04:55 11-Feb-2024,Argos,B,44.004390,-61.241860,2473,28576,214,39,,,,,,
260378,260378,UT,12:31:12 11-Feb-2024,Argos,1,43.988750,-61.279390,543,2960,99,106,,,,,,
260378,260378,UT,13:00:17 11-Feb-2024,Argos,B,43.987130,-61.304330,1099,3518,343,97,,,,,,
260378,260378,UT,13:39:47 11-Feb-2024,Argos,0,43.976640,-61.214980,3944,109702,141,101,,,,,,
260378,260378,UT,13:39:47 11-Feb-2024,Argos,B,43.993300,-61.328310,2246,5449,925,91,,,,,,
260378,260378,UT,13:43:33 11-Feb-2024,Argos,2,43.996730,-61.284650,290,1501,56,88,,,,,,
260378,260378,UT,14:05:16 11-Feb-2024,Argos,B,43.997520,-61.284400,1212,1702,863,90,,,,,,
260378,260378,UT,14:31:20 11-Feb-2024,Argos,2,43.991270,-61.273710,312,951,102,102,,,,,,
260378,260378,UT,15:17:19 11-Feb-2024,Argos,2,43.983450,-61.269880,315,397,249,57,,,,,,
260378,260378,UT,15:19:18 11-Feb-2024,Argos,3,43.993870,-61.262740,209,451,96,39,,,,,,
260378,260378,UT,15:24:52 11-Feb-2024,Argos,A,43.982930,-61.255800,634,5061,79,99,,,,,,
260378,260378,UT,15:24:59 11-Feb-2024,Argos,2,43.984930,-61.262820,326,1246,85,90,,,,,,
260378,260378,UT,16:14:57 11-Feb-2024,Argos,0,43.991580,-61.241240,1566,3208,764,3,,,,,,
260378,260378,UT,16:56:57 11-Feb-2024,Argos,1,43.967770,-61.246720,1432,8947,229,98,,,,,,
260378,260378,UT,16:57:47 11-Feb-2024,Argos,3,43.967200,-61.267650,182,458,72,94,,,,,,
260378,260378,UT,21:05:04 11-Feb-2024,Argos,A,43.932410,-61.325490,274,399,187,84,,,,,,
260378,260378,UT,21:56:00 11-Feb-2024,Argos,A,43.930920,-61.327390,307,1583,59,113,,,,,,
260378,260378,UT,22:07:40 11-Feb-2024,Argos,B,43.914270,-61.352280,769,5076,116,148,,,,,,
260378,260378,UT,22:26:24 11-Feb-2024,Argos,1,43.951070,-61.362340,668,9326,47,97,,,,,,
260378,260378,UT,22:39:33 11-Feb-2024,Argos,B,43.948550,-61.363080,1737,2657,1135,91,,,,,,
260378,260378,UT,22:54:03 11-Feb-2024,Argos,3,43.957710,-61.376820,219,959,49,108,,,,,,
260378,260378,UT,23:25:53 11-Feb-2024,Argos,B,43.957320,-61.377360,994,6293,157,124,,,,,,
260378,260378,UT,23:28:29 11-Feb-2024,Argos,B,43.955910,-61.376300,1011,3380,302,124,,,,,,
260378,260378,UT,23:29:25 11-Feb-2024,Argos,2,43.958640,-61.383040,444,471,417,94,,,,,,
260378,260378,UT,23:50:55 11-Feb-2024,Argos,A,43.961640,-61.380170,293,520,164,82,,,,,,
260378,260378,UT,23:54:35 11-Feb-2024,Argos,B,43.954150,-61.384850,2526,3464,1842,92,,,,,,
260378,260378,UT,00:14:54 12-Feb-2024,Argos,3,43.960720,-61.388880,106,264,42,71,,,,,,
260378,260378,UT,01:07:11 12-Feb-2024,Argos,B,43.961590,-61.388220,895,1577,507,82,,,,,,
260378,260378,UT,01:08:40 12-Feb-2024,Argos,B,43.952410,-61.421430,672,3646,123,2,,,,,,
260378,260378,UT,01:13:13 12-Feb-2024,Argos,B,43.955420,-61.422410,322,1941,53,55,,,,,,
260378,260378,UT,01:58:18 12-Feb-2024,Argos,B,43.948910,-61.433500,715,6036,84,34,,,,,,
260378,260378,UT,02:35:09 12-Feb-2024,Argos,B,43.943690,-61.439230,663,8457,51,81,,,,,,
260378,260378,UT,02:48:48 12-Feb-2024,Argos,3,43.941900,-61.437010,105,225,48,79,,,,,,
260378,260378,UT,12:09:38 12-Feb-2024,Argos,B,43.841880,-61.546360,3240,4516,2324,90,,,,,,
260378,260378,UT,12:32:00 12-Feb-2024,Argos,B,43.924450,-61.491180,1825,27359,121,120,,,,,,
260378,260378,UT,13:21:18 12-Feb-2024,Argos,2,43.954160,-61.525540,283,832,96,83,,,,,,
260378,260378,UT,13:26:28 12-Feb-2024,Argos,B,43.954450,-61.527350,615,917,412,88,,,,,,
260378,260378,UT,13:30:11 12-Feb-2024,Argos,1,43.958570,-61.541610,947,8189,109,95,,,,,,
260378,260378,UT,13:40:12 12-Feb-2024,Argos,B,43.959170,-61.544810,1424,2414,839,93,,,,,,
260378,260378,UT,14:13:11 12-Feb-2024,Argos,0,43.940700,-61.449110,2662,11098,638,105,,,,,,
260378,260378,UT,14:57:23 12-Feb-2024,Argos,B,43.911350,-61.468500,6463,22960,1819,130,,,,,,
260378,260378,UT,15:09:38 12-Feb-2024,Argos,1,43.956100,-61.487790,502,2980,84,106,,,,,,
260378,260378,UT,15:12:32 12-Feb-2024,Argos,2,43.974590,-61.527440,423,542,330,92,,,,,,
260378,260378,UT,15:54:05 12-Feb-2024,Argos,A,43.945900,-61.527070,1297,3769,446,8,,,,,,
260378,260378,UT,16:13:44 12-Feb-2024,Argos,A,43.966730,-61.522440,331,1415,77,82,,,,,,
260378,260378,UT,16:49:58 12-Feb-2024,Argos,A,43.952370,-61.517390,230,410,129,177,,,,,,
260378,260378,UT,21:48:42 12-Feb-2024,Argos,A,43.920490,-61.696100,1218,15363,96,95,,,,,,
260378,260378,UT,22:01:39 12-Feb-2024,Argos,B,43.885830,-61.662730,1398,26360,74,11,,,,,,
260378,260378,UT,22:15:54 12-Feb-2024,Argos,2,43.915110,-61.660700,329,1868,58,99,,,,,,
260378,260378,UT,23:21:24 12-Feb-2024,Argos,B,43.913190,-61.691360,2159,8317,560,0,,,,,,
260378,260378,UT,23:25:43 12-Feb-2024,Argos,B,43.903780,-61.691000,1119,9874,126,2,,,,,,
260378,260378,UT,23:38:52 12-Feb-2024,Argos,B,43.887230,-61.700350,597,6464,55,137,,,,,,
260378,260378,UT,23:57:41 12-Feb-2024,Argos,2,43.884860,-61.715270,420,654,270,68,,,,,,
260378,260378,UT,23:59:48 12-Feb-2024,Argos,3,43.888860,-61.725440,169,263,108,101,,,,,,
260378,260378,UT,00:47:50 13-Feb-2024,Argos,A,43.880850,-61.757840,271,1961,37,81,,,,,,
260378,260378,UT,00:53:39 13-Feb-2024,Argos,A,43.883860,-61.752300,251,881,71,116,,,,,,
260378,260378,UT,00:59:53 13-Feb-2024,Argos,2,43.883300,-61.739400,288,740,112,80,,,,,,
260378,260378,UT,01:07:30 13-Feb-2024,Argos,B,43.881170,-61.741190,1330,1914,923,89,,,,,,
260378,260378,UT,01:36:52 13-Feb-2024,Argos,3,43.876700,-61.748270,96,188,48,82,,,,,,
260378,260378,UT,01:48:19 13-Feb-2024,Argos,B,43.872040,-61.754960,373,727,191,124,,,,,,
260378,260378,UT,02:34:29 13-Feb-2024,Argos,3,43.867200,-61.763740,226,679,75,83,,,,,,
260378,260378,UT,12:57:20 13-Feb-2024,Argos,B,43.818930,-61.932590,4351,94965,199,83,,,,,,
260378,260378,UT,13:20:48 13-Feb-2024,Argos,A,43.817470,-61.910860,294,1223,70,130,,,,,,
260378,260378,UT,13:21:13 13-Feb-2024,Argos,B,43.821400,-61.914380,129,362,45,84,,,,,,
260378,260378,UT,13:50:09 13-Feb-2024,Argos,2,43.822900,-61.915400,257,1557,42,94,,,,,,
260378,260378,UT,14:39:19 13-Feb-2024,Argos,A,43.824940,-61.932480,141,264,75,107,,,,,,
260378,260378,UT,14:56:48 13-Feb-2024,Argos,A,43.823480,-61.949980,158,664,37,111,,,,,,
260378,260378,UT,14:58:38 13-Feb-2024,Argos,A,43.809780,-61.939080,371,1280,107,51,,,,,,
260378,260378,UT,15:28:30 13-Feb-2024,Argos,2,43.814080,-61.946760,253,288,221,86,,,,,,
260378,260378,UT,15:30:19 13-Feb-2024,Argos,2,43.803340,-61.916950,472,535,416,87,,,,,,
260378,260378,UT,16:35:01 13-Feb-2024,Argos,3,43.806720,-61.939280,243,320,184,44,,,,,,
260378,260378,UT,17:00:42 13-Feb-2024,Argos,B,43.803540,-61.941250,1580,2173,1148,89,,,,,,
260378,260378,UT,21:41:19 13-Feb-2024,Argos,2,43.724790,-61.956020,418,1612,108,59,,,,,,
260378,260378,UT,21:46:02 13-Feb-2024,Argos,2,43.723670,-61.951880,381,574,252,89,,,,,,
260378,260378,UT,22:16:15 13-Feb-2024,Argos,2,43.714130,-61.953180,470,581,380,170,,,,,,
260378,260378,UT,22:58:20 13-Feb-2024,Argos,0,43.708560,-61.954060,3407,102159,113,79,,,,,,
260378,260378,UT,23:06:46 13-Feb-2024,Argos,A,43.711530,-61.950180,518,740,362,100,,,,,,
260378,260378,UT,23:12:21 13-Feb-2024,Argos,A,43.706380,-61.948030,95,201,44,75,,,,,,
260378,260378,UT,23:24:12 13-Feb-2024,Argos,2,43.709200,-61.950410,401,792,202,96,,,,,,
260378,260378,UT,00:28:06 14-Feb-2024,Argos,A,43.697290,-61.920230,368,941,143,97,,,,,,
260378,260378,UT,00:39:20 14-Feb-2024,Argos,A,43.698910,-61.905210,336,621,181,140,,,,,,
260378,260378,UT,00:41:50 14-Feb-2024,Argos,1,43.696960,-61.932200,527,657,422,145,,,,,,
260378,260378,UT,00:45:38 14-Feb-2024,Argos,1,43.702230,-61.910200,527,2685,103,83,,,,,,
260378,260378,UT,01:15:49 14-Feb-2024,Argos,3,43.701590,-61.925710,217,822,57,83,,,,,,
260378,260378,UT,12:01:26 14-Feb-2024,Argos,B,43.651550,-61.952180,5836,16495,2064,134,,,,,,
260378,260378,UT,13:05:44 14-Feb-2024,Argos,1,43.740060,-61.996750,759,2530,227,80,,,,,,
260378,260378,UT,13:31:43 14-Feb-2024,Argos,0,43.722580,-62.018990,1872,3334,1051,55,,,,,,
260378,260378,UT,14:28:52 14-Feb-2024,Argos,B,43.741080,-62.033220,11383,15721,8242,89,,,,,,
260378,260378,UT,14:42:16 14-Feb-2024,Argos,1,43.721330,-61.998480,1288,2942,564,54,,,,,,
260378,260378,UT,14:42:18 14-Feb-2024,Argos,B,43.721410,-61.998350,1020,2214,469,54,,,,,,
260378,260378,UT,14:48:53 14-Feb-2024,Argos,1,43.740890,-61.968920,795,1461,432,121,,,,,,
260378,260378,UT,15:11:42 14-Feb-2024,Argos,2,43.718150,-61.968040,406,1330,123,48,,,,,,
260378,260378,UT,16:23:13 14-Feb-2024,Argos,2,43.704470,-61.964820,412,1374,123,176,,,,,,
260378,260378,UT,16:23:13 14-Feb-2024,Argos,B,43.717990,-61.962840,210,261,168,105,,,,,,
260378,260378,UT,16:29:23 14-Feb-2024,Argos,B,43.706230,-61.965230,456,478,435,30,,,,,,
260378,260378,UT,21:39:03 14-Feb-2024,Argos,A,43.655040,-61.949050,5891,116413,298,100,,,,,,
260378,260378,UT,22:32:21 14-Feb-2024,Argos,A,43.630710,-61.976790,445,1976,100,55,,,,,,
260378,260378,UT,22:51:43 14-Feb-2024,Argos,A,43.632280,-61.973130,319,1461,69,81,,,,,,
260378,260378,UT,22:54:56 14-Feb-2024,Argos,2,43.632910,-61.993170,370,807,169,98,,,,,,
260378,260378,UT,22:55:11 14-Feb-2024,Argos,2,43.632420,-61.978660,392,1574,97,104,,,,,,
260378,260378,UT,23:15:05 14-Feb-2024,Argos,1,43.632180,-61.973400,787,1292,478,107,,,,,,
260378,260378,UT,00:15:14 15-Feb-2024,Argos,B,43.632550,-61.990900,3765,12804,1106,48,,,,,,
260378,260378,UT,00:23:21 15-Feb-2024,Argos,B,43.636320,-61.995670,3994,12803,1246,49,,,,,,
260378,260378,UT,00:29:14 15-Feb-2024,Argos,B,43.630890,-61.992480,1109,3763,326,56,,,,,,
260378,260378,UT,00:30:01 15-Feb-2024,Argos,B,43.630530,-61.993590,744,2192,252,57,,,,,,
260378,260378,UT,00:30:49 15-Feb-2024,Argos,B,43.616420,-62.012630,774,1392,430,73,,,,,,
260378,260378,UT,00:55:46 15-Feb-2024,Argos,B,43.628450,-62.014610,3355,5138,2190,85,,,,,,
260378,260378,UT,01:42:49 15-Feb-2024,Argos,A,43.627700,-62.062430,789,7832,79,84,,,,,,
260378,260378,UT,01:54:46 15-Feb-2024,Argos,B,43.627910,-62.064130,651,1480,286,85,,,,,,
260378,260378,UT,02:08:10 15-Feb-2024,Argos,1,43.625640,-62.059290,685,3834,122,78,,,,,,
260378,260378,UT,02:16:00 15-Feb-2024,Argos,B,43.620890,-62.058610,3142,10224,965,79,,,,,,
260378,260378,UT,12:27:01 15-Feb-2024,Argos,B,43.564460,-61.955440,6560,119012,361,47,,,,,,
260378,260378,UT,13:01:52 15-Feb-2024,Argos,B,43.559250,-61.965250,2265,8377,612,48,,,,,,
260378,260378,UT,13:12:20 15-Feb-2024,Argos,B,43.562550,-61.963540,2004,65107,61,55,,,,,,
260378,260378,UT,14:04:25 15-Feb-2024,Argos,B,43.563630,-61.969270,2238,7331,683,57,,,,,,
260378,260378,UT,14:04:25 15-Feb-2024,Argos,B,43.566190,-61.961810,2141,6527,702,57,,,,,,
260378,260378,UT,14:30:24 15-Feb-2024,Argos,B,43.567310,-61.955700,2136,5640,809,54,,,,,,
260378,260378,UT,14:35:47 15-Feb-2024,Argos,B,43.567630,-61.954670,2081,5560,778,51,,,,,,
260378,260378,UT,14:51:23 15-Feb-2024,Argos,A,43.550050,-61.952410,317,1093,92,24,,,,,,
260378,260378,UT,15:36:32 15-Feb-2024,Argos,B,43.551240,-61.955440,704,5389,91,27,,,,,,
260378,260378,UT,16:12:03 15-Feb-2024,Argos,3,43.564220,-61.927850,231,306,173,139,,,,,,
260378,260378,UT,16:34:02 15-Feb-2024,Argos,B,43.567010,-61.925610,886,1219,644,91,,,,,,
260378,260378,UT,22:08:12 15-Feb-2024,Argos,3,43.511500,-61.987310,121,151,96,9,,,,,,
260378,260378,UT,22:24:33 15-Feb-2024,Argos,A,43.507190,-61.994240,1104,12156,100,114,,,,,,
260378,260378,UT,22:27:56 15-Feb-2024,Argos,A,43.514590,-61.991520,282,2548,31,107,,,,,,
260378,260378,UT,22:32:56 15-Feb-2024,Argos,A,43.523130,-61.976650,1453,3439,614,135,,,,,,
260378,260378,UT,22:43:14 15-Feb-2024,Argos,B,43.515180,-61.988630,456,2259,92,116,,,,,,
260378,260378,UT,22:56:21 15-Feb-2024,Argos,B,43.514450,-62.004810,631,1810,220,139,,,,,,
260378,260378,UT,00:05:52 16-Feb-2024,Argos,B,43.490240,-62.015960,1289,9393,176,109,,,,,,
260378,260378,UT,00:17:25 16-Feb-2024,Argos,B,43.488160,-62.002740,438,848,225,168,,,,,,
260378,260378,UT,00:21:58 16-Feb-2024,Argos,2,43.503400,-62.022420,377,1391,102,79,,,,,,
260378,260378,UT,00:31:44 16-Feb-2024,Argos,1,43.511920,-62.019650,568,3266,98,83,,,,,,
260378,260378,UT,01:21:31 16-Feb-2024,Argos,2,43.512780,-62.032960,269,1001,72,77,,,,,,
260378,260378,UT,12:01:23 16-Feb-2024,Argos,A,43.502240,-61.960830,1058,8181,136,103,,,,,,
260378,260378,UT,12:42:17 16-Feb-2024,Argos,0,43.517050,-61.991120,2938,6312,1367,39,,,,,,
260378,260378,UT,12:49:43 16-Feb-2024,Argos,A,43.522470,-62.010790,2145,4568,1006,157,,,,,,
260378,260378,UT,13:44:12 16-Feb-2024,Argos,B,43.521810,-62.011970,4311,5749,3232,93,,,,,,
260378,260378,UT,14:25:18 16-Feb-2024,Argos,B,43.530240,-62.006600,855,6782,107,33,,,,,,
260378,260378,UT,15:58:13 16-Feb-2024,Argos,B,43.516580,-62.022450,1555,2011,1201,58,,,,,,
260378,260378,UT,16:29:56 16-Feb-2024,Argos,B,43.479300,-62.021010,1995,67103,59,83,,,,,,
260378,260378,UT,21:40:40 16-Feb-2024,Argos,B,43.360360,-62.101550,3922,42238,364,62,,,,,,
260378,260378,UT,21:49:49 16-Feb-2024,Argos,0,43.405880,-62.055660,1648,7963,341,103,,,,,,
260378,260378,UT,21:52:41 16-Feb-2024,Argos,B,43.392300,-62.043960,1028,11400,92,66,,,,,,
260378,260378,UT,22:07:52 16-Feb-2024,Argos,2,43.389760,-62.019940,322,626,165,115,,,,,,
260378,260378,UT,22:40:06 16-Feb-2024,Argos,B,43.375150,-62.025890,3061,4183,2240,88,,,,,,
260378,260378,UT,23:23:23 16-Feb-2024,Argos,2,43.356960,-62.018120,263,677,102,74,,,,,,
260378,260378,UT,23:28:54 16-Feb-2024,Argos,B,43.360100,-62.029990,4898,5800,4135,58,,,,,,
260378,260378,UT,23:31:52 16-Feb-2024,Argos,2,43.350780,-62.018190,342,495,236,101,,,,,,
260378,260378,UT,23:39:42 16-Feb-2024,Argos,B,43.347200,-62.018850,1384,2110,907,93,,,,,,
260378,260378,UT,00:07:15 17-Feb-2024,Argos,2,43.330120,-62.015360,271,996,73,73,,,,,,
260378,260378,UT,00:13:01 17-Feb-2024,Argos,3,43.330430,-62.016190,98,153,62,79,,,,,,
260378,260378,UT,01:01:02 17-Feb-2024,Argos,1,43.319060,-62.012970,933,17395,50,78,,,,,,
260378,260378,UT,01:02:16 17-Feb-2024,Argos,B,43.317750,-62.017650,369,1007,134,81,,,,,,
260378,260378,UT,01:43:35 17-Feb-2024,Argos,2,43.309490,-62.024200,367,1461,92,75,,,,,,
260378,260378,UT,01:54:04 17-Feb-2024,Argos,2,43.312890,-62.011170,263,396,175,168,,,,,,
260378,260378,UT,01:57:20 17-Feb-2024,Argos,1,43.307520,-62.003500,522,1026,265,75,,,,,,
260378,260378,UT,02:00:16 17-Feb-2024,Argos,A,43.306160,-62.007970,1410,2619,758,67,,,,,,
260378,260378,UT,12:32:39 17-Feb-2024,Argos,B,43.154850,-62.086590,17926,38720,8298,91,,,,,,
260378,260378,UT,12:32:39 17-Feb-2024,Argos,A,43.197990,-62.072150,207,618,69,65,,,,,,
260378,260378,UT,13:14:47 17-Feb-2024,Argos,1,43.194250,-62.083940,718,1542,334,79,,,,,,
260378,260378,UT,13:16:47 17-Feb-2024,Argos,B,43.193760,-62.073300,936,2718,322,74,,,,,,
260378,260378,UT,14:06:00 17-Feb-2024,Argos,A,43.169460,-62.086650,183,373,89,56,,,,,,
260378,260378,UT,14:08:29 17-Feb-2024,Argos,A,43.172110,-62.081670,469,2297,95,98,,,,,,
260378,260378,UT,14:09:54 17-Feb-2024,Argos,3,43.171550,-62.078980,140,706,27,106,,,,,,
260378,260378,UT,15:02:36 17-Feb-2024,Argos,B,43.156990,-62.083530,981,1463,657,90,,,,,,
260378,260378,UT,15:45:51 17-Feb-2024,Argos,B,43.152320,-62.072170,1068,8728,130,175,,,,,,
260378,260378,UT,15:45:51 17-Feb-2024,Argos,B,43.152210,-62.082250,1416,1697,1180,84,,,,,,
260378,260378,UT,15:51:57 17-Feb-2024,Argos,B,43.154050,-62.071170,1227,3842,391,178,,,,,,
260378,260378,UT,15:57:02 17-Feb-2024,Argos,B,43.154710,-62.071240,1263,3160,504,178,,,,,,
260378,260378,UT,21:44:31 17-Feb-2024,Argos,B,43.098050,-62.223060,1636,33816,79,41,,,,,,
260378,260378,UT,22:24:05 17-Feb-2024,Argos,B,43.066660,-62.242890,2055,4253,993,51,,,,,,
260378,260378,UT,23:01:41 17-Feb-2024,Argos,B,43.048760,-62.252280,2137,4126,1106,65,,,,,,
260378,260378,UT,23:01:41 17-Feb-2024,Argos,B,43.047020,-62.252870,1418,2954,680,70,,,,,,
260378,260378,UT,23:13:20 17-Feb-2024,Argos,B,43.051510,-62.250170,1580,3243,769,66,,,,,,
260378,260378,UT,23:51:39 17-Feb-2024,Argos,A,43.031450,-62.330610,318,426,237,87,,,,,,
260378,260378,UT,23:55:23 17-Feb-2024,Argos,A,43.031700,-62.326200,217,626,74,45,,,,,,
260378,260378,UT,23:59:07 17-Feb-2024,Argos,B,43.027240,-62.330950,570,901,360,60,,,,,,
260378,260378,UT,00:34:54 18-Feb-2024,Argos,A,43.032540,-62.339550,310,498,193,38,,,,,,
260378,260378,UT,00:38:00 18-Feb-2024,Argos,A,43.033120,-62.339030,228,395,131,56,,,,,,
260378,260378,UT,00:41:11 18-Feb-2024,Argos,B,43.029480,-62.342810,374,986,141,138,,,,,,
260378,260378,UT,01:31:16 18-Feb-2024,Argos,3,43.026520,-62.356270,107,351,32,83,,,,,,
260378,260378,UT,01:34:32 18-Feb-2024,Argos,A,43.022570,-62.362650,105,190,58,83,,,,,,
260378,260378,UT,01:39:05 18-Feb-2024,Argos,A,43.024160,-62.356880,124,151,100,88,,,,,,
260378,260378,UT,02:54:12 18-Feb-2024,Argos,3,43.022700,-62.386460,212,456,98,56,,,,,,
260378,260378,UT,11:10:07 18-Feb-2024,Argos,A,43.006250,-62.371750,178,312,102,66,,,,,,
260378,260378,UT,12:09:06 18-Feb-2024,Argos,B,42.998700,-62.392040,1142,2063,632,121,,,,,,
260378,260378,UT,12:20:34 18-Feb-2024,Argos,A,42.992150,-62.412230,1712,5160,568,43,,,,,,
260378,260378,UT,12:47:34 18-Feb-2024,Argos,A,42.993100,-62.391550,333,1859,59,102,,,,,,
260378,260378,UT,12:56:58 18-Feb-2024,Argos,B,42.987010,-62.391110,2510,3377,1865,75,,,,,,
260378,260378,UT,13:49:41 18-Feb-2024,Argos,1,42.985250,-62.410560,598,1402,255,105,,,,,,
260378,260378,UT,13:53:26 18-Feb-2024,Argos,A,42.988260,-62.406940,531,872,322,130,,,,,,
260378,260378,UT,13:56:41 18-Feb-2024,Argos,A,42.987990,-62.406090,151,472,48,112,,,,,,
260378,260378,UT,14:35:09 18-Feb-2024,Argos,A,42.981500,-62.408200,128,472,34,103,,,,,,
260378,260378,UT,14:54:44 18-Feb-2024,Argos,B,42.980150,-62.406440,620,877,438,91,,,,,,
260378,260378,UT,15:29:47 18-Feb-2024,Argos,B,42.980180,-62.412930,704,4280,115,29,,,,,,
260378,260378,UT,15:29:47 18-Feb-2024,Argos,A,42.970500,-62.416150,265,383,183,113,,,,,,
260378,260378,UT,15:43:36 18-Feb-2024,Argos,B,42.977790,-62.405570,1137,1658,779,95,,,,,,
260378,260378,UT,16:36:38 18-Feb-2024,Argos,1,42.959700,-62.466990,978,14098,67,98,,,,,,
260378,260378,UT,22:08:50 18-Feb-2024,Argos,B,42.903590,-62.504330,3901,63354,240,141,,,,,,
260378,260378,UT,22:26:25 18-Feb-2024,Argos,1,42.872460,-62.507360,520,6428,42,102,,,,,,
260378,260378,UT,22:32:39 18-Feb-2024,Argos,B,42.870170,-62.505020,674,1552,292,99,,,,,,
260378,260378,UT,22:57:39 18-Feb-2024,Argos,B,42.865270,-62.511120,1162,1879,718,94,,,,,,
260378,260378,UT,23:31:13 18-Feb-2024,Argos,2,42.837970,-62.475210,394,715,216,9,,,,,,
260378,260378,UT,23:43:07 18-Feb-2024,Argos,3,42.838430,-62.479660,160,353,72,56,,,,,,
260378,260378,UT,00:06:04 19-Feb-2024,Argos,B,42.838530,-62.513210,10117,44677,2290,82,,,,,,
260378,260378,UT,00:17:50 19-Feb-2024,Argos,A,42.823030,-62.477540,286,1193,68,50,,,,,,
260378,260378,UT,00:28:25 19-Feb-2024,Argos,B,42.819690,-62.476860,490,685,350,81,,,,,,
260378,260378,UT,01:08:28 19-Feb-2024,Argos,3,42.803570,-62.434800,199,1176,33,80,,,,,,
260378,260378,UT,01:21:58 19-Feb-2024,Argos,A,42.802530,-62.468680,187,358,97,134,,,,,,
260378,260378,UT,01:23:05 19-Feb-2024,Argos,1,42.796990,-62.448650,564,1425,223,92,,,,,,
260378,260378,UT,02:00:47 19-Feb-2024,Argos,B,42.787660,-62.436000,2090,11619,376,79,,,,,,
260378,260378,UT,02:11:11 19-Feb-2024,Argos,B,42.784000,-62.434240,451,2557,79,112,,,,,,
260378,260378,UT,11:06:23 19-Feb-2024,Argos,B,42.700480,-62.244690,2621,6050,1135,90,,,,,,
260378,260378,UT,11:26:11 19-Feb-2024,Argos,B,42.716990,-62.304820,6968,40478,1199,104,,,,,,
260378,260378,UT,11:53:23 19-Feb-2024,Argos,B,42.741660,-62.359380,1057,4134,270,38,,,,,,
260378,260378,UT,12:08:50 19-Feb-2024,Argos,B,42.721820,-62.269100,1301,13959,121,55,,,,,,
260378,260378,UT,12:25:21 19-Feb-2024,Argos,2,42.695790,-62.281810,487,1071,221,111,,,,,,
260378,260378,UT,13:24:57 19-Feb-2024,Argos,2,42.670690,-62.247720,472,950,234,99,,,,,,
260378,260378,UT,13:38:26 19-Feb-2024,Argos,B,42.665910,-62.240880,1986,6014,655,107,,,,,,
260378,260378,UT,13:44:22 19-Feb-2024,Argos,0,42.665110,-62.255500,1889,48794,73,101,,,,,,
260378,260378,UT,14:03:20 19-Feb-2024,Argos,B,42.658030,-62.253170,1706,13161,221,87,,,,,,
260378,260378,UT,14:16:42 19-Feb-2024,Argos,A,42.658760,-62.245300,191,1267,28,98,,,,,,
260378,260378,UT,15:10:53 19-Feb-2024,Argos,A,42.619550,-62.201810,165,239,113,155,,,,,,
260378,260378,UT,15:23:21 19-Feb-2024,Argos,A,42.648530,-62.244040,8286,120230,571,103,,,,,,
260378,260378,UT,15:26:39 19-Feb-2024,Argos,B,42.617820,-62.198920,596,884,401,106,,,,,,
260378,260378,UT,15:50:35 19-Feb-2024,Argos,1,42.626480,-62.177870,1315,2202,785,91,,,,,,
260378,260378,UT,21:34:29 19-Feb-2024,Argos,B,42.480630,-62.057350,42352,56776,31591,92,,,,,,
260378,260378,UT,21:57:38 19-Feb-2024,Argos,B,42.503950,-62.108520,36322,43282,30481,69,,,,,,
260378,260378,UT,21:59:02 19-Feb-2024,Argos,3,42.537240,-62.195480,163,419,63,96,,,,,,
260378,260378,UT,22:03:34 19-Feb-2024,Argos,3,42.539870,-62.195120,223,322,154,66,,,,,,
260378,260378,UT,22:32:34 19-Feb-2024,Argos,3,42.541130,-62.199780,123,1172,12,99,,,,,,
260378,260378,UT,00:03:11 20-Feb-2024,Argos,B,42.555530,-62.192900,890,5421,146,91,,,,,,
260378,260378,UT,00:06:49 20-Feb-2024,Argos,B,42.553470,-62.182970,454,1793,115,63,,,,,,
260378,260378,UT,00:50:38 20-Feb-2024,Argos,1,42.574140,-62.128300,547,2469,121,69,,,,,,
260378,260378,UT,01:09:13 20-Feb-2024,Argos,1,42.572730,-62.104890,505,1393,182,86,,,,,,
260378,260378,UT,01:10:31 20-Feb-2024,Argos,0,42.577720,-62.098010,1690,5730,498,84,,,,,,
260378,260378,UT,01:25:04 20-Feb-2024,Argos,B,42.578260,-62.098530,6841,9530,4910,88,,,,,,
260378,260378,UT,01:39:12 20-Feb-2024,Argos,B,42.580840,-62.096190,5527,47257,646,75,,,,,,
260378,260378,UT,02:33:18 20-Feb-2024,Argos,A,42.589300,-62.083630,177,196,158,175,,,,,,
260378,260378,UT,02:48:21 20-Feb-2024,Argos,A,42.598180,-62.076660,107,183,62,92,,,,,,
260378,260378,UT,13:06:31 20-Feb-2024,Argos,3,42.717510,-61.877910,223,313,158,116,,,,,,
260378,260378,UT,13:32:01 20-Feb-2024,Argos,B,42.726320,-61.887000,787,3313,186,54,,,,,,
260378,260378,UT,13:33:29 20-Feb-2024,Argos,2,42.712960,-61.903190,333,1505,73,94,,,,,,
260378,260378,UT,13:34:30 20-Feb-2024,Argos,B,42.715150,-61.904170,1534,3625,648,93,,,,,,
260378,260378,UT,13:53:21 20-Feb-2024,Argos,0,42.730320,-61.894220,2028,9541,431,103,,,,,,
260378,260378,UT,14:47:38 20-Feb-2024,Argos,1,42.743770,-61.837860,1090,2140,555,110,,,,,,
260378,260378,UT,15:02:53 20-Feb-2024,Argos,B,42.769910,-61.817620,5805,16506,2041,101,,,,,,
260378,260378,UT,15:10:12 20-Feb-2024,Argos,A,42.746870,-61.869140,1301,10327,164,95,,,,,,
260378,260378,UT,15:14:23 20-Feb-2024,Argos,B,42.754820,-61.832180,748,3910,143,75,,,,,,
260378,260378,UT,16:27:20 20-Feb-2024,Argos,B,42.764340,-61.789810,1625,2326,1134,88,,,,,,
260378,260378,UT,16:41:16 20-Feb-2024,Argos,A,42.740510,-61.771440,3319,92555,119,104,,,,,,
260378,260378,UT,16:55:38 20-Feb-2024,Argos,B,42.764070,-61.798670,2721,6088,1215,77,,,,,,
260378,260378,UT,21:38:22 20-Feb-2024,Argos,B,42.793060,-61.645420,3141,40806,241,45,,,,,,
260378,260378,UT,22:11:15 20-Feb-2024,Argos,A,42.767610,-61.637670,123,615,24,110,,,,,,
260378,260378,UT,22:57:48 20-Feb-2024,Argos,B,42.771940,-61.604430,931,1260,687,89,,,,,,
260378,260378,UT,23:04:50 20-Feb-2024,Argos,3,42.773960,-61.614430,105,253,43,115,,,,,,
260378,260378,UT,23:20:00 20-Feb-2024,Argos,A,42.768010,-61.621340,168,245,114,16,,,,,,
260378,260378,UT,23:20:47 20-Feb-2024,Argos,A,42.772560,-61.618410,144,588,35,86,,,,,,
260378,260378,UT,23:41:24 20-Feb-2024,Argos,B,42.769500,-61.606320,644,871,475,86,,,,,,
260378,260378,UT,23:42:46 20-Feb-2024,Argos,A,42.763530,-61.630140,234,976,56,69,,,,,,
260378,260378,UT,00:31:29 21-Feb-2024,Argos,2,42.764730,-61.595400,337,1063,106,79,,,,,,
260378,260378,UT,00:54:19 21-Feb-2024,Argos,3,42.768230,-61.583530,215,231,199,68,,,,,,
260378,260378,UT,00:58:42 21-Feb-2024,Argos,B,42.768510,-61.580770,409,544,308,88,,,,,,
260378,260378,UT,01:00:18 21-Feb-2024,Argos,2,42.766540,-61.579210,295,921,94,87,,,,,,
260378,260378,UT,01:21:12 21-Feb-2024,Argos,B,42.768320,-61.564550,1646,2525,1072,85,,,,,,
260378,260378,UT,02:09:40 21-Feb-2024,Argos,A,42.770510,-61.557360,129,222,74,94,,,,,,
260378,260378,UT,02:16:46 21-Feb-2024,Argos,B,42.770940,-61.553510,284,681,118,2,,,,,,
260378,260378,UT,02:33:13 21-Feb-2024,Argos,2,42.770300,-61.562060,333,4669,23,86,,,,,,
260378,260378,UT,12:43:57 21-Feb-2024,Argos,1,42.784440,-61.305610,1136,1530,843,118,,,,,,
260378,260378,UT,13:09:43 21-Feb-2024,Argos,2,42.799360,-61.280890,482,3195,72,99,,,,,,
260378,260378,UT,13:14:10 21-Feb-2024,Argos,B,42.800320,-61.265320,445,1057,187,117,,,,,,
260378,260378,UT,13:19:15 21-Feb-2024,Argos,0,42.808660,-61.318430,3500,6080,2014,120,,,,,,
260378,260378,UT,13:35:13 21-Feb-2024,Argos,A,42.802910,-61.255940,1226,3640,413,84,,,,,,
260378,260378,UT,14:23:57 21-Feb-2024,Argos,2,42.801310,-61.231600,306,2417,38,104,,,,,,
260378,260378,UT,14:56:44 21-Feb-2024,Argos,2,42.802640,-61.206560,319,1322,76,97,,,,,,
260378,260378,UT,15:00:02 21-Feb-2024,Argos,2,42.802760,-61.193740,365,741,179,79,,,,,,
260378,260378,UT,15:13:36 21-Feb-2024,Argos,1,42.813370,-61.172640,680,3132,147,88,,,,,,
260378,260378,UT,15:57:40 21-Feb-2024,Argos,3,42.808670,-61.145980,249,489,126,103,,,,,,
260378,260378,UT,16:07:17 21-Feb-2024,Argos,B,42.821220,-61.142950,2212,3111,1572,93,,,,,,
260378,260378,UT,21:49:32 21-Feb-2024,Argos,B,42.833130,-60.998030,5842,12793,2668,105,,,,,,
260378,260378,UT,21:49:32 21-Feb-2024,Argos,B,42.842100,-60.999900,6158,10103,3753,107,,,,,,
260378,260378,UT,22:31:55 21-Feb-2024,Argos,0,42.866800,-61.208870,24188,874374,669,100,,,,,,
260378,260378,UT,22:34:32 21-Feb-2024,Argos,B,42.827620,-61.009060,10804,71528,1632,98,,,,,,
260378,260378,UT,23:00:18 21-Feb-2024,Argos,A,42.822850,-61.041700,13834,0,134,78,,,,,,
260378,260378,UT,23:08:23 21-Feb-2024,Argos,1,42.829090,-61.004640,667,1148,387,77,,,,,,
260378,260378,UT,23:18:18 21-Feb-2024,Argos,3,42.832850,-61.003570,239,345,164,49,,,,,,
260378,260378,UT,23:24:33 21-Feb-2024,Argos,A,42.832950,-60.998010,549,970,311,78,,,,,,
260378,260378,UT,00:12:34 22-Feb-2024,Argos,B,42.850480,-61.010200,1000,5612,178,45,,,,,,
260378,260378,UT,00:14:45 22-Feb-2024,Argos,A,42.838100,-61.020730,186,405,85,40,,,,,,
260378,260378,UT,00:33:43 22-Feb-2024,Argos,B,42.839930,-61.012230,453,1045,196,154,,,,,,
260378,260378,UT,00:42:23 22-Feb-2024,Argos,A,42.849320,-60.996410,151,205,111,106,,,,,,
260378,260378,UT,00:51:04 22-Feb-2024,Argos,B,42.849470,-60.984190,1323,59330,29,89,,,,,,
260378,260378,UT,01:00:11 22-Feb-2024,Argos,B,42.849950,-60.982120,1373,8932,210,88,,,,,,
260378,260378,UT,01:32:53 22-Feb-2024,Argos,B,42.849160,-60.958560,1591,5132,493,89,,,,,,
260378,260378,UT,01:50:30 22-Feb-2024,Argos,B,42.848960,-60.957190,1845,5734,593,89,,,,,,
260378,260378,UT,02:29:51 22-Feb-2024,Argos,A,42.875750,-60.928430,156,627,38,86,,,,,,
260378,260378,UT,12:24:07 22-Feb-2024,Argos,2,42.965210,-60.679890,472,559,397,99,,,,,,
260378,260378,UT,12:45:29 22-Feb-2024,Argos,A,42.992980,-60.674500,324,1115,94,93,,,,,,
260378,260378,UT,13:07:08 22-Feb-2024,Argos,B,42.992320,-60.674120,651,931,455,91,,,,,,
260378,260378,UT,13:07:08 22-Feb-2024,Argos,B,42.991640,-60.668620,651,10905,38,90,,,,,,
260378,260378,UT,14:10:39 22-Feb-2024,Argos,A,42.985060,-60.600030,724,15614,33,98,,,,,,
260378,260378,UT,14:44:24 22-Feb-2024,Argos,B,43.002250,-60.640100,749,9496,59,64,,,,,,
260378,260378,UT,14:49:47 22-Feb-2024,Argos,A,43.017410,-60.597530,950,6770,133,65,,,,,,
260378,260378,UT,14:55:20 22-Feb-2024,Argos,B,43.017750,-60.595860,1331,2986,593,69,,,,,,
260378,260378,UT,15:44:39 22-Feb-2024,Argos,B,43.014390,-60.582330,1443,14185,146,79,,,,,,
260378,260378,UT,16:26:08 22-Feb-2024,Argos,B,43.025860,-60.602190,940,9162,96,52,,,,,,
260378,260378,UT,21:59:05 22-Feb-2024,Argos,B,43.070270,-60.594450,1833,96265,34,89,,,,,,
260378,260378,UT,22:14:02 22-Feb-2024,Argos,B,43.069910,-60.581810,1642,9566,281,89,,,,,,
260378,260378,UT,22:27:09 22-Feb-2024,Argos,1,43.073680,-60.552000,616,1919,197,76,,,,,,
260378,260378,UT,22:56:54 22-Feb-2024,Argos,3,43.088620,-60.527980,235,395,140,99,,,,,,
260378,260378,UT,22:57:42 22-Feb-2024,Argos,3,43.088720,-60.527070,114,144,89,111,,,,,,
260378,260378,UT,23:00:30 22-Feb-2024,Argos,B,43.088830,-60.526410,272,378,196,102,,,,,,
260378,260378,UT,23:41:43 22-Feb-2024,Argos,1,43.088540,-60.496350,552,652,467,58,,,,,,
260378,260378,UT,23:47:17 22-Feb-2024,Argos,3,43.096180,-60.494460,199,236,167,54,,,,,,
260378,260378,UT,00:34:13 23-Feb-2024,Argos,A,43.085940,-60.462040,869,3589,210,100,,,,,,
260378,260378,UT,00:37:03 23-Feb-2024,Argos,1,43.095010,-60.461060,652,5146,82,80,,,,,,
260378,260378,UT,00:38:04 23-Feb-2024,Argos,A,43.089420,-60.484910,217,1132,41,74,,,,,,
260378,260378,UT,01:30:21 23-Feb-2024,Argos,2,43.090970,-60.473700,283,426,187,79,,,,,,
260378,260378,UT,02:10:04 23-Feb-2024,Argos,2,43.107690,-60.450700,324,3276,32,80,,,,,,
260378,260378,UT,02:18:44 23-Feb-2024,Argos,B,43.109410,-60.446450,453,799,257,113,,,,,,
260378,260378,UT,02:23:51 23-Feb-2024,Argos,A,43.116990,-60.447830,436,883,215,46,,,,,,
260378,260378,UT,12:09:52 23-Feb-2024,Argos,B,43.132040,-60.221610,6765,12311,3717,97,,,,,,
260378,260378,UT,12:23:21 23-Feb-2024,Argos,B,43.125940,-60.364630,14292,101336,2015,80,,,,,,
260378,260378,UT,12:57:37 23-Feb-2024,Argos,B,43.088290,-60.487370,6003,241684,149,126,,,,,,
260378,260378,UT,13:42:29 23-Feb-2024,Argos,A,43.126170,-60.531080,456,1046,198,84,,,,,,
260378,260378,UT,14:28:14 23-Feb-2024,Argos,A,43.128120,-60.525970,134,480,37,88,,,,,,
260378,260378,UT,14:33:11 23-Feb-2024,Argos,B,43.126480,-60.531390,328,1894,56,66,,,,,,
260378,260378,UT,14:38:05 23-Feb-2024,Argos,B,43.125590,-60.531420,394,2597,59,68,,,,,,
260378,260378,UT,15:23:35 23-Feb-2024,Argos,A,43.128760,-60.500740,612,2752,136,83,,,,,,
260378,260378,UT,16:06:59 23-Feb-2024,Argos,B,43.129930,-60.502400,1564,14662,166,44,,,,,,
260378,260378,UT,16:09:14 23-Feb-2024,Argos,B,43.126450,-60.487910,1672,8567,326,34,,,,,,
260378,260378,UT,21:34:56 23-Feb-2024,Argos,B,43.139170,-60.540830,1752,8545,359,107,,,,,,
260378,260378,UT,22:00:01 23-Feb-2024,Argos,B,43.084470,-60.371000,644,4508,92,13,,,,,,
260378,260378,UT,22:36:45 23-Feb-2024,Argos,2,43.074600,-60.335600,465,3001,72,99,,,,,,
260378,260378,UT,22:45:05 23-Feb-2024,Argos,2,43.074770,-60.349100,424,607,295,108,,,,,,
260378,260378,UT,23:12:30 23-Feb-2024,Argos,B,43.060320,-60.315680,937,10669,82,119,,,,,,
260378,260378,UT,23:30:39 23-Feb-2024,Argos,B,43.053090,-60.318630,1070,14739,77,114,,,,,,
260378,260378,UT,23:49:34 23-Feb-2024,Argos,B,43.051070,-60.326650,1382,3217,593,98,,,,,,
260378,260378,UT,00:09:02 24-Feb-2024,Argos,B,43.039280,-60.292720,1535,3454,681,107,,,,,,
260378,260378,UT,00:15:27 24-Feb-2024,Argos,1,43.057380,-60.352190,609,1198,309,41,,,,,,
260378,260378,UT,00:17:04 24-Feb-2024,Argos,2,43.056060,-60.343800,301,394,229,96,,,,,,
260378,260378,UT,00:21:27 24-Feb-2024,Argos,1,43.066220,-60.345150,864,4495,166,80,,,,,,
260378,260378,UT,00:48:09 24-Feb-2024,Argos,B,43.051030,-60.308790,3575,5225,2445,89,,,,,,
260378,260378,UT,01:07:14 24-Feb-2024,Argos,3,43.072520,-60.323080,188,1526,23,85,,,,,,
260378,260378,UT,02:13:15 24-Feb-2024,Argos,B,43.052600,-60.248860,1164,1788,758,89,,,,,,
260378,260378,UT,11:46:33 24-Feb-2024,Argos,B,43.083840,-60.289020,3867,9829,1521,94,,,,,,
260378,260378,UT,11:56:32 24-Feb-2024,Argos,B,43.169920,-60.313670,5118,118912,220,92,,,,,,
260378,260378,UT,12:33:10 24-Feb-2024,Argos,B,43.086320,-60.336990,16273,84097,3148,93,,,,,,
260378,260378,UT,12:42:59 24-Feb-2024,Argos,B,43.142530,-60.396160,28329,0,222,91,,,,,,
260378,260378,UT,13:25:28 24-Feb-2024,Argos,A,43.136190,-60.189740,1035,3048,351,21,,,,,,
260378,260378,UT,13:31:05 24-Feb-2024,Argos,B,43.136190,-60.189760,2332,2809,1936,46,,,,,,
260378,260378,UT,14:13:30 24-Feb-2024,Argos,B,43.131810,-60.155250,2266,12270,418,36,,,,,,
260378,260378,UT,14:20:12 24-Feb-2024,Argos,B,43.127100,-60.159290,317,1362,73,137,,,,,,
260378,260378,UT,14:27:20 24-Feb-2024,Argos,B,43.129880,-60.167110,353,1193,104,12,,,,,,
260378,260378,UT,15:05:18 24-Feb-2024,Argos,B,43.128530,-60.142960,684,4503,103,22,,,,,,
260378,260378,UT,15:22:00 24-Feb-2024,Argos,B,43.135880,-60.146440,669,5655,79,50,,,,,,
260378,260378,UT,16:04:26 24-Feb-2024,Argos,B,43.136570,-60.117240,976,10451,91,36,,,,,,
260378,260378,UT,16:56:09 24-Feb-2024,Argos,B,43.137040,-60.125320,1183,45545,30,109,,,,,,
260378,260378,UT,21:37:40 24-Feb-2024,Argos,B,43.172830,-60.007480,1817,60684,54,83,,,,,,
260378,260378,UT,22:13:44 24-Feb-2024,Argos,A,43.165590,-60.068620,110,690,17,98,,,,,,
260378,260378,UT,22:34:30 24-Feb-2024,Argos,B,43.163820,-60.056780,508,695,370,31,,,,,,
260378,260378,UT,22:40:59 24-Feb-2024,Argos,A,43.166010,-60.057260,348,4424,27,111,,,,,,
260378,260378,UT,23:07:02 24-Feb-2024,Argos,2,43.163700,-60.044320,396,475,330,85,,,,,,
260378,260378,UT,23:15:03 24-Feb-2024,Argos,2,43.155340,-60.048500,463,1652,129,86,,,,,,
260378,260378,UT,23:47:17 24-Feb-2024,Argos,A,43.158420,-60.027440,381,871,166,52,,,,,,
260378,260378,UT,23:59:52 24-Feb-2024,Argos,3,43.142750,-60.022810,111,191,64,60,,,,,,
260378,260378,UT,00:07:33 25-Feb-2024,Argos,B,43.146180,-60.016760,307,781,121,113,,,,,,
260378,260378,UT,00:11:39 25-Feb-2024,Argos,B,43.139400,-60.009370,272,2630,28,76,,,,,,
260378,260378,UT,00:19:37 25-Feb-2024,Argos,B,43.138840,-60.007260,472,870,255,81,,,,,,
260378,260378,UT,00:46:29 25-Feb-2024,Argos,B,43.128650,-59.999810,651,12720,33,80,,,,,,
260378,260378,UT,00:53:49 25-Feb-2024,Argos,B,43.125520,-60.015750,351,692,178,115,,,,,,
260378,260378,UT,01:34:20 25-Feb-2024,Argos,B,43.141880,-59.996150,1347,2012,902,94,,,,,,
260378,260378,UT,01:42:01 25-Feb-2024,Argos,B,43.103960,-59.997780,1111,9726,126,92,,,,,,
260378,260378,UT,01:54:19 25-Feb-2024,Argos,A,43.099020,-59.991990,175,219,138,41,,,,,,
260378,260378,UT,02:28:52 25-Feb-2024,Argos,A,43.088880,-59.981170,182,238,138,39,,,,,,
260378,260378,UT,02:32:37 25-Feb-2024,Argos,A,43.090190,-59.967840,125,229,68,75,,,,,,
260378,260378,UT,12:30:41 25-Feb-2024,Argos,1,42.984920,-59.941400,750,1693,331,138,,,,,,
260378,260378,UT,13:05:16 25-Feb-2024,Argos,B,42.981830,-59.935630,2602,21371,316,48,,,,,,
260378,260378,UT,13:49:14 25-Feb-2024,Argos,B,42.997310,-59.912050,672,19125,23,101,,,,,,
260378,260378,UT,14:12:14 25-Feb-2024,Argos,B,43.023310,-59.926560,5134,15825,1665,103,,,,,,
260378,260378,UT,14:12:14 25-Feb-2024,Argos,A,43.000670,-59.925900,926,21519,39,99,,,,,,
260378,260378,UT,14:33:28 25-Feb-2024,Argos,B,43.001320,-59.920360,6141,14956,2521,96,,,,,,
260378,260378,UT,14:50:15 25-Feb-2024,Argos,B,43.032320,-59.905790,8123,35941,1836,95,,,,,,
260378,260378,UT,15:46:11 25-Feb-2024,Argos,B,43.033810,-59.885240,4190,8014,2190,96,,,,,,
260378,260378,UT,15:57:02 25-Feb-2024,Argos,B,43.032870,-59.888380,4631,9271,2312,93,,,,,,
260378,260378,UT,16:15:12 25-Feb-2024,Argos,1,43.024280,-59.933620,681,7816,59,92,,,,,,
260378,260378,UT,16:25:19 25-Feb-2024,Argos,B,43.032930,-59.886260,3646,6740,1972,93,,,,,,
260378,260378,UT,21:52:30 25-Feb-2024,Argos,A,43.085720,-59.831100,109,404,29,105,,,,,,
260378,260378,UT,22:07:30 25-Feb-2024,Argos,A,43.078920,-59.823420,168,1073,26,91,,,,,,
260378,260378,UT,22:23:01 25-Feb-2024,Argos,1,43.094570,-59.793680,556,969,319,123,,,,,,
260378,260378,UT,22:48:14 25-Feb-2024,Argos,0,43.105910,-59.812190,1662,4959,557,134,,,,,,
260378,260378,UT,22:49:50 25-Feb-2024,Argos,1,43.095390,-59.802510,754,6064,93,80,,,,,,
260378,260378,UT,23:21:14 25-Feb-2024,Argos,3,43.119050,-59.801790,90,126,64,91,,,,,,
260378,260378,UT,23:39:59 25-Feb-2024,Argos,B,43.119000,-59.801600,592,812,431,87,,,,,,
260378,260378,UT,23:47:07 25-Feb-2024,Argos,A,43.128840,-59.794350,140,173,113,90,,,,,,
260378,260378,UT,23:58:07 25-Feb-2024,Argos,B,43.130340,-59.790030,480,666,346,91,,,,,,
260378,260378,UT,23:58:07 25-Feb-2024,Argos,3,43.136140,-59.802380,235,704,78,69,,,,,,
260378,260378,UT,00:25:22 26-Feb-2024,Argos,2,43.150760,-59.806610,297,897,98,87,,,,,,
260378,260378,UT,00:29:00 26-Feb-2024,Argos,A,43.153260,-59.797210,547,855,350,134,,,,,,
260378,260378,UT,01:21:37 26-Feb-2024,Argos,B,43.155100,-59.775790,2890,4473,1866,97,,,,,,
260378,260378,UT,01:36:53 26-Feb-2024,Argos,3,43.166890,-59.763700,136,325,56,68,,,,,,
260378,260378,UT,01:41:14 26-Feb-2024,Argos,2,43.171600,-59.754990,397,484,325,109,,,,,,
260378,260378,UT,01:48:00 26-Feb-2024,Argos,3,43.172960,-59.756670,160,282,90,106,,,,,,
260378,260378,UT,02:07:35 26-Feb-2024,Argos,3,43.190950,-59.750770,236,308,180,119,,,,,,
260378,260378,UT,12:28:22 26-Feb-2024,Argos,B,43.198830,-59.737610,7209,10356,5017,107,,,,,,
260378,260378,UT,12:45:59 26-Feb-2024,Argos,1,43.271580,-59.696970,604,1447,251,111,,,,,,
260378,260378,UT,12:48:34 26-Feb-2024,Argos,B,43.271800,-59.697750,1083,1752,669,101,,,,,,
260378,260378,UT,13:32:08 26-Feb-2024,Argos,A,43.277270,-59.750010,139,418,46,100,,,,,,
260378,260378,UT,13:51:17 26-Feb-2024,Argos,3,43.280480,-59.765920,129,181,91,48,,,,,,
260378,260378,UT,14:01:00 26-Feb-2024,Argos,1,43.276120,-59.772410,678,2932,156,111,,,,,,
260378,260378,UT,14:24:29 26-Feb-2024,Argos,3,43.279370,-59.796930,184,574,58,109,,,,,,
260378,260378,UT,15:17:08 26-Feb-2024,Argos,B,43.286250,-59.804800,1299,1867,903,90,,,,,,
260378,260378,UT,15:27:45 26-Feb-2024,Argos,A,43.298290,-59.840190,123,153,98,73,,,,,,
260378,260378,UT,15:37:02 26-Feb-2024,Argos,2,43.297150,-59.837110,479,3166,72,108,,,,,,
260378,260378,UT,15:43:26 26-Feb-2024,Argos,B,43.290160,-59.827940,787,1502,412,84,,,,,,
260378,260378,UT,16:04:02 26-Feb-2024,Argos,0,43.295220,-59.873020,1735,4216,714,52,,,,,,
260378,260378,UT,21:37:56 26-Feb-2024,Argos,B,43.286640,-59.879150,6853,13699,3427,104,,,,,,
260378,260378,UT,21:41:18 26-Feb-2024,Argos,A,43.372380,-60.049010,217,522,90,159,,,,,,
260378,260378,UT,22:26:27 26-Feb-2024,Argos,A,43.362430,-60.084890,152,645,35,66,,,,,,
260378,260378,UT,22:30:35 26-Feb-2024,Argos,B,43.378230,-60.056350,971,1306,722,88,,,,,,
260378,260378,UT,23:01:05 26-Feb-2024,Argos,3,43.377090,-60.105500,150,336,67,106,,,,,,
260378,260378,UT,23:15:15 26-Feb-2024,Argos,1,43.385970,-60.110270,605,1155,316,92,,,,,,
260378,260378,UT,23:42:42 26-Feb-2024,Argos,B,43.385330,-60.113550,2201,4864,996,135,,,,,,
260378,260378,UT,23:45:43 26-Feb-2024,Argos,2,43.395700,-60.131830,485,1597,147,84,,,,,,
260378,260378,UT,00:00:44 27-Feb-2024,Argos,2,43.401860,-60.140870,330,470,231,111,,,,,,
260378,260378,UT,00:09:15 27-Feb-2024,Argos,3,43.405980,-60.148080,102,199,51,87,,,,,,
260378,260378,UT,00:54:25 27-Feb-2024,Argos,B,43.411680,-60.175240,919,1283,658,91,,,,,,
260378,260378,UT,00:55:10 27-Feb-2024,Argos,1,43.434020,-60.157620,545,6529,45,79,,,,,,
260378,260378,UT,01:04:16 27-Feb-2024,Argos,B,43.435270,-60.162260,958,1977,464,82,,,,,,
260378,260378,UT,01:22:38 27-Feb-2024,Argos,A,43.442160,-60.195280,145,208,100,26,,,,,,
260378,260378,UT,01:27:50 27-Feb-2024,Argos,3,43.449640,-60.192780,122,182,81,77,,,,,,
260378,260378,UT,01:46:34 27-Feb-2024,Argos,3,43.457970,-60.197530,204,418,99,87,,,,,,
260378,260378,UT,02:37:58 27-Feb-2024,Argos,3,43.490940,-60.216440,116,288,46,59,,,,,,
260378,260378,UT,11:25:52 27-Feb-2024,Argos,B,43.667970,-60.248640,0,0,0,155,,,,,,
260378,260378,UT,12:07:48 27-Feb-2024,Argos,0,43.574330,-60.203330,1649,3204,848,33,,,,,,
260378,260378,UT,12:19:38 27-Feb-2024,Argos,A,43.574530,-60.189980,1194,3176,449,61,,,,,,
260378,260378,UT,12:21:51 27-Feb-2024,Argos,A,43.572670,-60.198180,291,457,184,149,,,,,,
260378,260378,UT,13:09:52 27-Feb-2024,Argos,B,43.591460,-60.202520,681,8241,56,127,,,,,,
260378,260378,UT,13:39:51 27-Feb-2024,Argos,B,43.594570,-60.204160,1285,3029,544,121,,,,,,
260378,260378,UT,13:46:52 27-Feb-2024,Argos,B,43.596390,-60.205940,1317,2821,614,121,,,,,,
260378,260378,UT,13:58:07 27-Feb-2024,Argos,B,43.565300,-60.115300,2524,4412,1444,97,,,,,,
260378,260378,UT,13:59:37 27-Feb-2024,Argos,A,43.567530,-60.117170,463,10068,21,101,,,,,,
260378,260378,UT,14:45:28 27-Feb-2024,Argos,B,43.567070,-60.095990,1026,1736,605,96,,,,,,
260378,260378,UT,15:24:12 27-Feb-2024,Argos,B,43.559680,-60.077050,910,13282,62,85,,,,,,
260378,260378,UT,15:34:46 27-Feb-2024,Argos,B,43.562920,-60.036440,1121,2654,473,92,,,,,,
260378,260378,UT,15:45:31 27-Feb-2024,Argos,B,43.563210,-60.038110,980,1918,501,93,,,,,,
260378,260378,UT,16:20:19 27-Feb-2024,Argos,A,43.576830,-60.061330,242,1124,52,87,,,,,,
260378,260378,UT,17:00:57 27-Feb-2024,Argos,B,43.580620,-60.056680,1137,1599,807,90,,,,,,
260378,260378,UT,22:01:32 27-Feb-2024,Argos,B,43.614300,-60.105710,2349,3364,1640,76,,,,,,
260378,260378,UT,22:01:42 27-Feb-2024,Argos,B,43.582050,-60.153900,1478,34493,63,113,,,,,,
260378,260378,UT,22:40:40 27-Feb-2024,Argos,B,43.586330,-60.153410,1696,5545,518,111,,,,,,
260378,260378,UT,22:40:44 27-Feb-2024,Argos,A,43.645340,-60.291630,1574,40413,61,100,,,,,,
260378,260378,UT,22:48:36 27-Feb-2024,Argos,B,43.645250,-60.291780,1455,23533,90,104,,,,,,
260378,260378,UT,23:36:17 27-Feb-2024,Argos,A,43.661280,-60.356430,533,1019,279,49,,,,,,
260378,260378,UT,23:39:20 27-Feb-2024,Argos,3,43.657420,-60.352360,237,449,125,94,,,,,,
260378,260378,UT,23:47:55 27-Feb-2024,Argos,A,43.666130,-60.369220,214,512,89,100,,,,,,
260378,260378,UT,00:11:31 28-Feb-2024,Argos,B,43.667280,-60.368280,724,934,560,81,,,,,,
260378,260378,UT,00:22:52 28-Feb-2024,Argos,2,43.677490,-60.382940,415,892,193,69,,,,,,
260378,260378,UT,00:33:29 28-Feb-2024,Argos,B,43.680820,-60.382890,582,7183,47,76,,,,,,
260378,260378,UT,01:11:50 28-Feb-2024,Argos,B,43.700070,-60.416530,620,4014,95,139,,,,,,
260378,260378,UT,01:15:13 28-Feb-2024,Argos,B,43.701280,-60.420760,668,1975,226,137,,,,,,
260378,260378,UT,01:31:43 28-Feb-2024,Argos,3,43.691140,-60.402450,123,316,47,55,,,,,,
260378,260378,UT,01:57:04 28-Feb-2024,Argos,B,43.692840,-60.403060,625,4416,88,98,,,,,,
260378,260378,UT,02:50:05 28-Feb-2024,Argos,2,43.701950,-60.392580,262,629,108,68,,,,,,
260378,260378,UT,12:50:38 28-Feb-2024,Argos,B,43.792250,-60.788370,4892,10526,2273,78,,,,,,
260378,260378,UT,13:28:23 28-Feb-2024,Argos,B,43.804120,-60.466850,787,3693,167,142,,,,,,
260378,260378,UT,13:36:21 28-Feb-2024,Argos,1,43.807330,-60.469290,783,10082,60,100,,,,,,
260378,260378,UT,13:39:37 28-Feb-2024,Argos,3,43.811060,-60.477570,111,281,44,90,,,,,,
260378,260378,UT,14:35:00 28-Feb-2024,Argos,B,43.829100,-60.436370,993,1473,668,88,,,,,,
260378,260378,UT,15:13:31 28-Feb-2024,Argos,0,43.814070,-60.501090,2684,76410,94,99,,,,,,
260378,260378,UT,15:19:15 28-Feb-2024,Argos,B,43.843430,-60.412660,1301,1758,962,91,,,,,,
260378,260378,UT,15:37:36 28-Feb-2024,Argos,B,43.835090,-60.410630,1494,43092,51,70,,,,,,
260378,260378,UT,16:56:48 28-Feb-2024,Argos,B,43.858430,-60.367700,1923,4840,764,70,,,,,,
260378,260378,UT,21:35:50 28-Feb-2024,Argos,B,43.943490,-60.213590,3625,13063,1005,68,,,,,,
260378,260378,UT,21:56:20 28-Feb-2024,Argos,B,43.811540,-60.463660,1328,27834,63,113,,,,,,
260378,260378,UT,22:13:15 28-Feb-2024,Argos,A,43.823480,-60.531830,5607,85457,367,96,,,,,,
260378,260378,UT,22:20:40 28-Feb-2024,Argos,B,43.824250,-60.531870,4988,144754,171,93,,,,,,
260378,260378,UT,23:12:54 28-Feb-2024,Argos,2,43.832670,-60.505540,269,1005,72,89,,,,,,
260378,260378,UT,23:25:22 28-Feb-2024,Argos,B,43.825040,-60.531650,11087,18080,6798,92,,,,,,
260378,260378,UT,23:31:20 28-Feb-2024,Argos,B,43.830430,-60.523830,873,10774,70,119,,,,,,
260378,260378,UT,23:50:02 28-Feb-2024,Argos,2,43.843570,-60.511760,349,1414,85,87,,,,,,
260378,260378,UT,23:52:11 28-Feb-2024,Argos,2,43.842800,-60.521790,275,377,200,85,,,,,,
260378,260378,UT,00:12:31 29-Feb-2024,Argos,3,43.844140,-60.530610,155,347,69,69,,,,,,
260378,260378,UT,00:56:06 29-Feb-2024,Argos,B,43.850720,-60.522810,1370,10393,180,124,,,,,,
260378,260378,UT,00:56:06 29-Feb-2024,Argos,B,43.855130,-60.529450,351,1483,82,129,,,,,,
260378,260378,UT,01:07:28 29-Feb-2024,Argos,B,43.850960,-60.535030,715,11232,45,66,,,,,,
260378,260378,UT,01:09:32 29-Feb-2024,Argos,B,43.851350,-60.536040,720,12975,40,64,,,,,,
260378,260378,UT,01:50:37 29-Feb-2024,Argos,B,43.851810,-60.534120,1112,2028,609,71,,,,,,
260378,260378,UT,11:45:12 29-Feb-2024,Argos,B,43.869870,-60.524670,3050,5997,1550,79,,,,,,
260378,260378,UT,11:45:12 29-Feb-2024,Argos,B,43.866440,-60.536580,3056,6009,1553,76,,,,,,
260378,260378,UT,13:07:33 29-Feb-2024,Argos,3,43.851690,-60.628120,227,294,174,100,,,,,,
260378,260378,UT,13:15:54 29-Feb-2024,Argos,B,43.851370,-60.630790,630,871,455,90,,,,,,
260378,260378,UT,13:23:22 29-Feb-2024,Argos,A,43.858370,-60.637420,145,487,42,74,,,,,,
260378,260378,UT,13:23:22 29-Feb-2024,Argos,1,43.856180,-60.648560,688,1766,268,91,,,,,,
260378,260378,UT,14:11:37 29-Feb-2024,Argos,B,43.851700,-60.652970,3694,77497,176,109,,,,,,
260378,260378,UT,15:04:01 29-Feb-2024,Argos,2,43.830860,-60.652220,418,1417,123,131,,,,,,
260378,260378,UT,15:04:52 29-Feb-2024,Argos,1,43.834200,-60.660470,877,3358,228,89,,,,,,
260378,260378,UT,15:05:17 29-Feb-2024,Argos,A,43.832590,-60.649720,550,949,318,72,,,,,,
260378,260378,UT,15:50:49 29-Feb-2024,Argos,B,43.816490,-60.654760,2347,3153,1746,88,,,,,,
260378,260378,UT,16:30:00 29-Feb-2024,Argos,A,43.815340,-60.671520,318,3932,25,104,,,,,,
260378,260378,UT,16:38:05 29-Feb-2024,Argos,B,43.820870,-60.675690,1005,2400,421,97,,,,,,
260378,260378,UT,16:41:55 29-Feb-2024,Argos,B,43.821030,-60.675040,951,1946,464,96,,,,,,
260378,260378,UT,21:43:14 29-Feb-2024,Argos,B,43.826840,-60.719460,6244,12616,3089,104,,,,,,
260378,260378,UT,21:55:21 29-Feb-2024,Argos,B,43.850030,-60.758370,4355,11210,1691,87,,,,,,
260378,260378,UT,22:48:25 29-Feb-2024,Argos,A,43.854120,-60.917440,852,11007,66,82,,,,,,
260378,260378,UT,23:07:44 29-Feb-2024,Argos,B,43.854220,-60.917560,1350,2789,652,84,,,,,,
260378,260378,UT,23:16:53 29-Feb-2024,Argos,B,43.877480,-60.905020,1023,12675,82,99,,,,,,
260378,260378,UT,23:26:50 29-Feb-2024,Argos,2,43.865140,-60.881010,337,620,183,88,,,,,,
260378,260378,UT,23:26:52 29-Feb-2024,Argos,2,43.865180,-60.879760,387,634,236,99,,,,,,
260378,260378,UT,23:51:56 29-Feb-2024,Argos,B,43.865150,-60.902610,2987,4206,2121,93,,,,,,
260378,260378,UT,00:24:18 01-Mar-2024,Argos,1,43.860720,-60.912720,964,1100,844,38,,,,,,
260378,260378,UT,00:42:26 01-Mar-2024,Argos,1,43.864860,-60.922900,638,2307,176,78,,,,,,
260378,260378,UT,00:46:14 01-Mar-2024,Argos,B,43.862750,-60.925160,793,4195,149,85,,,,,,
260378,260378,UT,00:51:27 01-Mar-2024,Argos,0,43.866500,-60.929510,1612,2379,1092,85,,,,,,
260378,260378,UT,01:30:57 01-Mar-2024,Argos,B,43.869660,-60.960010,4900,21430,1120,158,,,,,,
260378,260378,UT,01:59:04 01-Mar-2024,Argos,B,43.866050,-60.957240,7118,10276,4929,139,,,,,,
260378,260378,UT,02:25:28 01-Mar-2024,Argos,2,43.859090,-60.958090,457,547,380,33,,,,,,
260378,260378,UT,02:32:13 01-Mar-2024,Argos,3,43.860540,-60.955960,183,696,48,80,,,,,,
260378,260378,UT,02:34:02 01-Mar-2024,Argos,2,43.860380,-60.955270,279,308,251,127,,,,,,
260378,260378,UT,11:35:32 01-Mar-2024,Argos,B,43.852880,-61.456070,4109,7461,2262,92,,,,,,
260378,260378,UT,12:42:12 01-Mar-2024,Argos,B,43.844200,-61.110960,4125,71149,239,166,,,,,,
260378,260378,UT,13:02:10 01-Mar-2024,Argos,A,43.812240,-61.085220,1062,3071,366,61,,,,,,
260378,260378,UT,13:20:33 01-Mar-2024,Argos,B,43.808460,-61.089100,1811,7700,426,116,,,,,,
260378,260378,UT,13:48:56 01-Mar-2024,Argos,A,43.810850,-61.111310,191,1351,27,103,,,,,,
260378,260378,UT,14:42:36 01-Mar-2024,Argos,A,43.806860,-61.103470,138,334,56,128,,,,,,
260378,260378,UT,14:45:50 01-Mar-2024,Argos,A,43.802780,-61.110560,107,174,65,105,,,,,,
260378,260378,UT,14:56:05 01-Mar-2024,Argos,B,43.806630,-61.103660,515,719,367,95,,,,,,
260378,260378,UT,15:44:48 01-Mar-2024,Argos,A,43.797960,-61.111510,116,130,103,90,,,,,,
260378,260378,UT,16:22:01 01-Mar-2024,Argos,B,43.802660,-61.107490,959,3594,256,12,,,,,,
260378,260378,UT,16:27:26 01-Mar-2024,Argos,A,43.816740,-61.105860,140,151,129,143,,,,,,
260378,260378,UT,21:36:04 01-Mar-2024,Argos,B,43.777560,-61.072640,2190,3190,1503,107,,,,,,
260378,260378,UT,22:15:11 01-Mar-2024,Argos,A,43.762570,-61.160970,434,504,373,118,,,,,,
260378,260378,UT,22:19:15 01-Mar-2024,Argos,B,43.771840,-61.118040,1215,41003,36,63,,,,,,
260378,260378,UT,22:51:45 01-Mar-2024,Argos,2,43.750480,-61.173730,338,738,155,106,,,,,,
260378,260378,UT,22:59:05 01-Mar-2024,Argos,A,43.748700,-61.176940,403,572,283,93,,,,,,
260378,260378,UT,23:07:36 01-Mar-2024,Argos,B,43.749710,-61.177560,1538,2076,1139,58,,,,,,
260378,260378,UT,23:37:59 01-Mar-2024,Argos,B,43.745490,-61.205040,720,3506,147,75,,,,,,
260378,260378,UT,00:03:16 02-Mar-2024,Argos,B,43.748130,-61.190840,535,2465,116,1,,,,,,
260378,260378,UT,00:27:19 02-Mar-2024,Argos,B,43.747540,-61.182070,1044,7892,138,145,,,,,,
260378,260378,UT,00:29:18 02-Mar-2024,Argos,B,43.748670,-61.182900,708,2204,227,145,,,,,,
260378,260378,UT,00:36:49 02-Mar-2024,Argos,B,43.742670,-61.180620,368,1266,106,72,,,,,,
260378,260378,UT,00:36:49 02-Mar-2024,Argos,A,43.747300,-61.165450,814,1740,380,71,,,,,,
260378,260378,UT,01:11:46 02-Mar-2024,Argos,B,43.739470,-61.178990,1968,2793,1386,86,,,,,,
260378,260378,UT,02:03:58 02-Mar-2024,Argos,A,43.753520,-61.219210,469,1767,124,21,,,,,,
260378,260378,UT,02:13:07 02-Mar-2024,Argos,0,43.751240,-61.228280,1541,14941,158,72,,,,,,
260378,260378,UT,02:21:15 02-Mar-2024,Argos,2,43.740950,-61.225240,459,692,304,148,,,,,,
260378,260378,UT,11:59:59 02-Mar-2024,Argos,B,43.748080,-61.498110,7331,13433,4001,101,,,,,,
260378,260378,UT,12:14:04 02-Mar-2024,Argos,B,43.768470,-61.487810,6341,758640,53,100,,,,,,
260378,260378,UT,12:41:44 02-Mar-2024,Argos,B,43.711100,-61.175250,536,2205,130,41,,,,,,
260378,260378,UT,12:57:08 02-Mar-2024,Argos,A,43.717180,-61.166110,948,7581,118,102,,,,,,
260378,260378,UT,13:35:43 02-Mar-2024,Argos,B,43.713240,-61.186550,3162,4684,2134,93,,,,,,
260378,260378,UT,13:55:19 02-Mar-2024,Argos,B,43.715840,-61.175520,3231,6436,1622,86,,,,,,
260378,260378,UT,14:18:16 02-Mar-2024,Argos,2,43.720470,-61.165980,424,1508,118,96,,,,,,
260378,260378,UT,14:36:50 02-Mar-2024,Argos,B,43.725240,-61.162860,898,5948,135,106,,,,,,
260378,260378,UT,14:40:24 02-Mar-2024,Argos,B,43.725890,-61.166680,1036,3649,293,103,,,,,,
260378,260378,UT,15:59:25 02-Mar-2024,Argos,B,43.709920,-61.197580,912,6953,119,68,,,,,,
260378,260378,UT,16:13:15 02-Mar-2024,Argos,B,43.722500,-61.138590,1149,17329,76,59,,,,,,
260378,260378,UT,16:37:11 02-Mar-2024,Argos,A,43.716710,-61.185880,3127,76874,127,100,,,,,,
260378,260378,UT,21:36:13 02-Mar-2024,Argos,B,43.707070,-61.173520,8528,220528,329,52,,,,,,
260378,260378,UT,21:53:02 02-Mar-2024,Argos,A,43.704820,-61.173950,117,192,71,79,,,,,,
260378,260378,UT,22:17:41 02-Mar-2024,Argos,A,43.705430,-61.178320,176,930,33,92,,,,,,
260378,260378,UT,22:29:03 02-Mar-2024,Argos,B,43.705290,-61.176170,515,853,310,91,,,,,,
260378,260378,UT,22:44:40 02-Mar-2024,Argos,1,43.711200,-61.169890,1271,11479,140,113,,,,,,
260378,260378,UT,22:48:36 02-Mar-2024,Argos,2,43.704530,-61.159130,361,478,272,135,,,,,,
260378,260378,UT,23:35:26 02-Mar-2024,Argos,3,43.712180,-61.153180,136,262,70,68,,,,,,
260378,260378,UT,00:00:28 03-Mar-2024,Argos,B,43.710930,-61.161690,507,2459,104,119,,,,,,
260378,260378,UT,00:05:45 03-Mar-2024,Argos,B,43.710600,-61.159890,514,4534,58,110,,,,,,
260378,260378,UT,00:24:35 03-Mar-2024,Argos,B,43.712600,-61.165570,977,2517,379,108,,,,,,
260378,260378,UT,00:24:35 03-Mar-2024,Argos,1,43.707950,-61.178820,607,11537,31,78,,,,,,
260378,260378,UT,00:54:38 03-Mar-2024,Argos,A,43.710450,-61.166450,973,21923,43,79,,,,,,
260378,260378,UT,01:48:48 03-Mar-2024,Argos,1,43.719630,-61.170320,594,5203,67,86,,,,,,
260378,260378,UT,02:01:21 03-Mar-2024,Argos,1,43.714160,-61.168540,602,6541,55,78,,,,,,
260378,260378,UT,02:09:20 03-Mar-2024,Argos,A,43.717720,-61.160770,304,346,266,14,,,,,,
260378,260378,UT,02:11:04 03-Mar-2024,Argos,B,43.719840,-61.159990,204,446,93,119,,,,,,
260378,260378,UT,12:18:28 03-Mar-2024,Argos,B,43.762590,-61.187200,1789,20330,157,136,,,,,,
260378,260378,UT,12:53:59 03-Mar-2024,Argos,B,43.742930,-61.173070,693,9154,52,90,,,,,,
260378,260378,UT,13:11:39 03-Mar-2024,Argos,B,43.740710,-61.169780,697,9404,51,75,,,,,,
260378,260378,UT,13:30:11 03-Mar-2024,Argos,B,43.740010,-61.171190,906,2318,354,78,,,,,,
260378,260378,UT,13:57:18 03-Mar-2024,Argos,A,43.728810,-61.209290,497,5059,48,93,,,,,,
260378,260378,UT,14:19:54 03-Mar-2024,Argos,2,43.722340,-61.196730,323,619,168,70,,,,,,
260378,260378,UT,14:26:15 03-Mar-2024,Argos,3,43.725320,-61.192280,167,400,69,105,,,,,,
260378,260378,UT,14:51:32 03-Mar-2024,Argos,B,43.728060,-61.193570,1386,11269,170,129,,,,,,
260378,260378,UT,15:38:49 03-Mar-2024,Argos,B,43.727400,-61.208620,672,4915,91,77,,,,,,
260378,260378,UT,15:55:28 03-Mar-2024,Argos,B,43.727410,-61.208910,1015,3026,340,78,,,,,,
260378,260378,UT,16:01:03 03-Mar-2024,Argos,A,43.726470,-61.179810,119,276,51,107,,,,,,
260378,260378,UT,21:47:06 03-Mar-2024,Argos,A,43.737910,-61.242240,112,293,42,91,,,,,,
260378,260378,UT,22:19:50 03-Mar-2024,Argos,B,43.735020,-61.252490,564,20957,15,101,,,,,,
260378,260378,UT,22:33:50 03-Mar-2024,Argos,B,43.733290,-61.252620,809,2206,296,99,,,,,,
260378,260378,UT,22:37:44 03-Mar-2024,Argos,B,43.734440,-61.244400,585,2336,146,125,,,,,,
260378,260378,UT,23:13:59 03-Mar-2024,Argos,A,43.726430,-61.236580,230,1743,30,69,,,,,,
260378,260378,UT,23:27:58 03-Mar-2024,Argos,3,43.725630,-61.232200,206,326,129,96,,,,,,
260378,260378,UT,23:42:26 03-Mar-2024,Argos,3,43.724800,-61.238490,171,217,135,114,,,,,,
260378,260378,UT,23:56:43 03-Mar-2024,Argos,B,43.725470,-61.237850,646,911,458,89,,,,,,
260378,260378,UT,00:08:24 04-Mar-2024,Argos,B,43.723300,-61.244460,500,1305,191,140,,,,,,
260378,260378,UT,00:11:47 04-Mar-2024,Argos,2,43.725010,-61.253630,494,2951,82,71,,,,,,
260378,260378,UT,00:35:59 04-Mar-2024,Argos,B,43.725480,-61.254500,913,4986,167,59,,,,,,
260378,260378,UT,01:28:05 04-Mar-2024,Argos,B,43.733200,-61.255980,769,8404,70,97,,,,,,
260378,260378,UT,01:28:05 04-Mar-2024,Argos,B,43.733180,-61.255390,737,7654,71,97,,,,,,
260378,260378,UT,01:47:53 04-Mar-2024,Argos,A,43.733500,-61.263830,162,804,32,84,,,,,,
260378,260378,UT,02:03:01 04-Mar-2024,Argos,B,43.733450,-61.265120,562,857,368,89,,,,,,
260378,260378,UT,03:00:46 04-Mar-2024,Argos,B,43.732630,-61.270950,1155,1717,777,90,,,,,,
260378,260378,UT,12:17:25 04-Mar-2024,Argos,B,43.739090,-61.264430,2997,5491,1635,101,,,,,,
260378,260378,UT,12:39:54 04-Mar-2024,Argos,A,43.723690,-61.259050,1056,20734,53,85,,,,,,
260378,260378,UT,13:02:35 04-Mar-2024,Argos,B,43.732130,-61.241330,1016,5665,182,95,,,,,,
260378,260378,UT,13:45:21 04-Mar-2024,Argos,B,43.731120,-61.243080,1348,3193,569,94,,,,,,
260378,260378,UT,14:05:04 04-Mar-2024,Argos,A,43.727160,-61.181030,146,257,83,120,,,,,,
260378,260378,UT,14:15:50 04-Mar-2024,Argos,1,43.724410,-61.164850,791,2221,281,94,,,,,,
260378,260378,UT,14:27:02 04-Mar-2024,Argos,B,43.724430,-61.164620,2735,3874,1930,91,,,,,,
260378,260378,UT,15:05:57 04-Mar-2024,Argos,A,43.732200,-61.181790,523,1847,148,35,,,,,,
260378,260378,UT,15:17:06 04-Mar-2024,Argos,B,43.722490,-61.169480,3158,30744,324,104,,,,,,
260378,260378,UT,15:45:11 04-Mar-2024,Argos,A,43.722490,-61.164250,118,248,56,86,,,,,,
260378,260378,UT,15:56:53 04-Mar-2024,Argos,A,43.726430,-61.177480,368,922,146,74,,,,,,
260378,260378,UT,16:44:03 04-Mar-2024,Argos,B,43.712780,-61.176960,1149,12340,107,83,,,,,,
260378,260378,UT,21:52:42 04-Mar-2024,Argos,A,43.716540,-61.257870,179,317,100,147,,,,,,
260378,260378,UT,21:57:00 04-Mar-2024,Argos,A,43.697100,-61.251680,792,7005,89,162,,,,,,
260378,260378,UT,22:24:31 04-Mar-2024,Argos,0,43.704170,-61.268570,1751,4331,707,118,,,,,,
260378,260378,UT,22:45:24 04-Mar-2024,Argos,3,43.706950,-61.288740,192,1437,25,76,,,,,,
260378,260378,UT,22:56:09 04-Mar-2024,Argos,3,43.710330,-61.273330,118,219,63,95,,,,,,
260378,260378,UT,00:01:36 05-Mar-2024,Argos,2,43.703720,-61.312820,250,836,74,74,,,,,,
260378,260378,UT,00:13:27 05-Mar-2024,Argos,2,43.705720,-61.313590,347,587,205,105,,,,,,
260378,260378,UT,00:35:53 05-Mar-2024,Argos,B,43.704750,-61.319660,2552,3588,1815,90,,,,,,
260378,260378,UT,01:02:34 05-Mar-2024,Argos,1,43.718150,-61.298940,1033,13768,77,79,,,,,,
260378,260378,UT,01:35:09 05-Mar-2024,Argos,B,43.716710,-61.308220,2446,3862,1549,87,,,,,,
260378,260378,UT,01:51:06 05-Mar-2024,Argos,2,43.719700,-61.345810,408,2403,69,80,,,,,,
260378,260378,UT,01:52:01 05-Mar-2024,Argos,A,43.721680,-61.339380,162,192,135,37,,,,,,
260378,260378,UT,02:16:56 05-Mar-2024,Argos,B,43.721840,-61.339450,1112,1575,785,88,,,,,,
260378,260378,UT,12:23:58 05-Mar-2024,Argos,B,43.734610,-61.407760,1684,22461,126,159,,,,,,
260378,260378,UT,12:38:41 05-Mar-2024,Argos,A,43.757860,-61.405400,118,325,42,110,,,,,,
260378,260378,UT,13:15:37 05-Mar-2024,Argos,2,43.753960,-61.404450,416,833,207,124,,,,,,
260378,260378,UT,14:01:46 05-Mar-2024,Argos,A,43.753340,-61.406250,350,4849,25,102,,,,,,
260378,260378,UT,14:01:46 05-Mar-2024,Argos,A,43.749210,-61.410780,342,616,189,55,,,,,,
260378,260378,UT,14:07:31 05-Mar-2024,Argos,B,43.753270,-61.406130,479,1154,198,100,,,,,,
260378,260378,UT,15:02:06 05-Mar-2024,Argos,B,43.757420,-61.414400,1071,1789,640,93,,,,,,
260378,260378,UT,15:38:58 05-Mar-2024,Argos,B,43.758960,-61.414600,1019,15964,65,131,,,,,,
260378,260378,UT,15:59:07 05-Mar-2024,Argos,B,43.757660,-61.413500,544,2933,100,17,,,,,,
260378,260378,UT,22:20:47 05-Mar-2024,Argos,A,43.741840,-61.482070,144,610,33,71,,,,,,
260378,260378,UT,22:25:19 05-Mar-2024,Argos,A,43.748200,-61.502100,301,2384,38,107,,,,,,
260378,260378,UT,23:09:49 05-Mar-2024,Argos,B,43.752310,-61.511590,887,1697,463,103,,,,,,
260378,260378,UT,23:51:06 05-Mar-2024,Argos,B,43.744750,-61.487040,700,5545,88,22,,,,,,
260378,260378,UT,23:56:23 05-Mar-2024,Argos,B,43.744480,-61.487350,766,1842,318,24,,,,,,
260378,260378,UT,00:06:45 06-Mar-2024,Argos,B,43.743860,-61.487160,851,1328,544,31,,,,,,
260378,260378,UT,00:46:38 06-Mar-2024,Argos,B,43.737100,-61.498610,1065,6308,179,68,,,,,,
260378,260378,UT,01:25:14 06-Mar-2024,Argos,B,43.735210,-61.499650,1316,3556,487,73,,,,,,
260378,260378,UT,01:30:23 06-Mar-2024,Argos,3,43.727530,-61.496840,127,292,54,91,,,,,,
260378,260378,UT,01:30:46 06-Mar-2024,Argos,B,43.728090,-61.496210,122,155,95,64,,,,,,
260378,260378,UT,01:34:38 06-Mar-2024,Argos,B,43.731840,-61.492810,1268,3862,416,71,,,,,,
260378,260378,UT,02:27:59 06-Mar-2024,Argos,B,43.728730,-61.497510,1437,2553,808,79,,,,,,
260378,260378,UT,12:11:36 06-Mar-2024,Argos,A,43.787800,-61.452850,179,273,117,52,,,,,,
260378,260378,UT,12:19:06 06-Mar-2024,Argos,A,43.793640,-61.450890,158,567,43,97,,,,,,
260378,260378,UT,12:54:50 06-Mar-2024,Argos,A,43.796590,-61.457700,143,229,88,60,,,,,,
260378,260378,UT,13:44:55 06-Mar-2024,Argos,B,43.799130,-61.461490,952,1399,647,89,,,,,,
260378,260378,UT,13:52:37 06-Mar-2024,Argos,B,43.808720,-61.430960,745,2036,272,141,,,,,,
260378,260378,UT,13:52:37 06-Mar-2024,Argos,B,43.810020,-61.430710,838,2283,307,141,,,,,,
260378,260378,UT,14:36:44 06-Mar-2024,Argos,B,43.816460,-61.433490,763,17481,33,99,,,,,,
260378,260378,UT,15:13:15 06-Mar-2024,Argos,B,43.822800,-61.462550,647,2298,181,4,,,,,,
260378,260378,UT,15:28:33 06-Mar-2024,Argos,B,43.821420,-61.435580,1231,2522,600,95,,,,,,
260378,260378,UT,15:34:19 06-Mar-2024,Argos,B,43.829400,-61.449940,876,7224,106,69,,,,,,
260378,260378,UT,16:19:03 06-Mar-2024,Argos,B,43.834220,-61.452260,1253,2594,605,74,,,,,,
260378,260378,UT,16:54:24 06-Mar-2024,Argos,2,43.836810,-61.460620,381,1265,114,95,,,,,,
260378,260378,UT,21:50:23 06-Mar-2024,Argos,B,43.854250,-61.496550,2624,102181,67,98,,,,,,
260378,260378,UT,22:45:56 06-Mar-2024,Argos,B,43.850540,-61.473670,2306,6283,846,94,,,,,,
260378,260378,UT,22:47:37 06-Mar-2024,Argos,B,43.851500,-61.467890,705,4964,100,27,,,,,,
260378,260378,UT,23:33:34 06-Mar-2024,Argos,B,43.855740,-61.470370,1000,1554,643,69,,,,,,
260378,260378,UT,23:41:28 06-Mar-2024,Argos,B,43.856760,-61.475530,830,7623,90,34,,,,,,
260378,260378,UT,00:23:06 07-Mar-2024,Argos,B,43.848320,-61.484480,620,8967,42,100,,,,,,
260378,260378,UT,01:22:13 07-Mar-2024,Argos,B,43.846050,-61.488420,1165,2283,594,92,,,,,,
260378,260378,UT,02:51:19 07-Mar-2024,Argos,B,43.852090,-61.494010,1335,47682,37,94,,,,,,
260378,260378,UT,12:40:35 07-Mar-2024,Argos,B,43.879170,-61.542770,3140,7440,1325,95,,,,,,
260378,260378,UT,13:25:20 07-Mar-2024,Argos,B,43.882950,-61.541580,1815,45161,72,46,,,,,,
260378,260378,UT,13:30:53 07-Mar-2024,Argos,B,43.883390,-61.543040,1842,13645,248,46,,,,,,
260378,260378,UT,14:14:34 07-Mar-2024,Argos,B,43.872580,-61.538630,3510,10547,1168,77,,,,,,
260378,260378,UT,15:16:38 07-Mar-2024,Argos,A,43.883040,-61.507810,378,6009,23,100,,,,,,
260378,260378,UT,15:55:53 07-Mar-2024,Argos,B,43.879870,-61.501430,693,4079,117,79,,,,,,
260378,260378,UT,16:08:40 07-Mar-2024,Argos,A,43.885150,-61.494880,120,354,40,74,,,,,,
260378,260378,UT,16:51:19 07-Mar-2024,Argos,B,43.886490,-61.487520,634,3061,131,5,,,,,,
260378,260378,UT,22:25:00 07-Mar-2024,Argos,A,43.888490,-61.480400,180,2383,13,94,,,,,,
260378,260378,UT,23:00:32 07-Mar-2024,Argos,2,43.885230,-61.472280,386,1215,122,98,,,,,,
260378,260378,UT,23:09:27 07-Mar-2024,Argos,A,43.883820,-61.466030,1670,2244,1243,20,,,,,,
260378,260378,UT,00:02:59 08-Mar-2024,Argos,A,43.888960,-61.453630,131,194,88,112,,,,,,
260378,260378,UT,00:38:39 08-Mar-2024,Argos,B,43.888350,-61.449350,815,1140,582,93,,,,,,
260378,260378,UT,00:50:55 08-Mar-2024,Argos,0,43.877960,-61.461600,5996,132767,270,80,,,,,,
260378,260378,UT,00:55:06 08-Mar-2024,Argos,1,43.877980,-61.463860,690,1060,449,86,,,,,,
260378,260378,UT,01:07:44 08-Mar-2024,Argos,A,43.886600,-61.452470,1122,4248,296,67,,,,,,
260378,260378,UT,01:38:41 08-Mar-2024,Argos,B,43.886810,-61.447850,1272,1838,880,86,,,,,,
260378,260378,UT,01:40:25 08-Mar-2024,Argos,B,43.884400,-61.449420,597,7860,45,81,,,,,,
260378,260378,UT,02:44:07 08-Mar-2024,Argos,B,43.883500,-61.450840,1210,2078,704,88,,,,,,
260378,260378,UT,12:16:14 08-Mar-2024,Argos,A,43.872190,-61.423390,943,4254,209,163,,,,,,
260378,260378,UT,13:00:58 08-Mar-2024,Argos,3,43.874040,-61.414030,188,332,106,93,,,,,,
260378,260378,UT,13:02:36 08-Mar-2024,Argos,B,43.881860,-61.419060,723,8571,60,99,,,,,,
260378,260378,UT,13:17:10 08-Mar-2024,Argos,B,43.883000,-61.419800,909,2703,305,98,,,,,,
260378,260378,UT,13:26:57 08-Mar-2024,Argos,2,43.887140,-61.422870,255,3184,20,102,,,,,,
260378,260378,UT,13:52:42 08-Mar-2024,Argos,0,43.876390,-61.353270,3728,69426,200,102,,,,,,
260378,260378,UT,14:43:32 08-Mar-2024,Argos,B,43.891730,-61.349970,4420,81848,238,93,,,,,,
260378,260378,UT,15:00:50 08-Mar-2024,Argos,B,43.894690,-61.352850,786,21304,29,102,,,,,,
260378,260378,UT,15:08:50 08-Mar-2024,Argos,B,43.902470,-61.358990,760,7377,78,97,,,,,,
260378,260378,UT,15:22:29 08-Mar-2024,Argos,1,43.906540,-61.389030,839,2873,245,67,,,,,,
260378,260378,UT,15:32:48 08-Mar-2024,Argos,1,43.894740,-61.360840,1185,1569,894,139,,,,,,
260378,260378,UT,16:42:22 08-Mar-2024,Argos,1,43.885790,-61.372420,777,938,643,150,,,,,,
260378,260378,UT,16:57:43 08-Mar-2024,Argos,A,43.889290,-61.384340,409,1656,100,83,,,,,,
260378,260378,UT,22:26:20 08-Mar-2024,Argos,B,43.894640,-61.417590,1474,14184,153,131,,,,,,
260378,260378,UT,22:27:54 08-Mar-2024,Argos,2,43.916890,-61.452560,383,3946,37,99,,,,,,
260378,260378,UT,22:43:06 08-Mar-2024,Argos,A,43.913420,-61.410640,233,1998,27,79,,,,,,
260378,260378,UT,23:18:53 08-Mar-2024,Argos,B,43.909570,-61.410660,974,8496,111,82,,,,,,
260378,260378,UT,23:36:24 08-Mar-2024,Argos,B,43.907960,-61.430310,417,2095,82,173,,,,,,
260378,260378,UT,23:38:19 08-Mar-2024,Argos,B,43.922650,-61.433850,275,514,147,57,,,,,,
260378,260378,UT,00:08:07 09-Mar-2024,Argos,A,43.900480,-61.431200,194,258,144,60,,,,,,
260378,260378,UT,00:20:31 09-Mar-2024,Argos,2,43.916650,-61.445960,321,480,214,53,,,,,,
260378,260378,UT,00:26:56 09-Mar-2024,Argos,2,43.917510,-61.443680,374,754,185,74,,,,,,
260378,260378,UT,00:44:54 09-Mar-2024,Argos,2,43.915890,-61.443080,278,321,240,121,,,,,,
260378,260378,UT,00:51:38 09-Mar-2024,Argos,2,43.915480,-61.459490,285,1055,77,87,,,,,,
260378,260378,UT,01:19:10 09-Mar-2024,Argos,3,43.906300,-61.467470,239,756,75,80,,,,,,
260378,260378,UT,11:55:17 09-Mar-2024,Argos,B,43.925450,-61.499270,10191,18355,5657,80,,,,,,
260378,260378,UT,12:09:18 09-Mar-2024,Argos,B,43.921430,-61.552500,8143,10872,6099,69,,,,,,
260378,260378,UT,12:37:28 09-Mar-2024,Argos,2,43.912890,-61.588720,409,1383,120,110,,,,,,
260378,260378,UT,12:42:26 09-Mar-2024,Argos,B,43.921110,-61.572090,7227,8859,5894,38,,,,,,
260378,260378,UT,13:13:43 09-Mar-2024,Argos,2,43.911950,-61.578340,334,669,166,87,,,,,,
260378,260378,UT,13:34:44 09-Mar-2024,Argos,A,43.919920,-61.584290,197,610,63,103,,,,,,
260378,260378,UT,14:14:16 09-Mar-2024,Argos,B,43.917110,-61.595100,641,3138,131,90,,,,,,
260378,260378,UT,14:21:23 09-Mar-2024,Argos,A,43.937740,-61.600320,174,967,31,110,,,,,,
260378,260378,UT,14:43:07 09-Mar-2024,Argos,B,43.933150,-61.615580,523,4825,56,86,,,,,,
260378,260378,UT,14:57:31 09-Mar-2024,Argos,A,43.933730,-61.602560,154,231,101,143,,,,,,
260378,260378,UT,15:12:13 09-Mar-2024,Argos,A,43.919540,-61.603020,310,1567,61,108,,,,,,
260378,260378,UT,16:12:01 09-Mar-2024,Argos,A,43.942610,-61.622030,142,233,86,124,,,,,,
260378,260378,UT,16:23:05 09-Mar-2024,Argos,3,43.930660,-61.613520,138,181,105,89,,,,,,
260378,260378,UT,21:38:41 09-Mar-2024,Argos,B,43.975220,-61.700550,1358,31906,57,132,,,,,,
260378,260378,UT,21:48:44 09-Mar-2024,Argos,A,43.926800,-61.653860,221,601,81,29,,,,,,
260378,260378,UT,21:58:32 09-Mar-2024,Argos,3,43.932840,-61.655270,161,353,73,90,,,,,,
260378,260378,UT,22:18:48 09-Mar-2024,Argos,B,43.934320,-61.654540,1119,10981,114,104,,,,,,
260378,260378,UT,23:02:47 09-Mar-2024,Argos,B,43.949580,-61.647660,874,7135,107,131,,,,,,
260378,260378,UT,23:10:25 09-Mar-2024,Argos,B,43.931340,-61.629680,330,2157,50,58,,,,,,
260378,260378,UT,23:21:59 09-Mar-2024,Argos,1,43.927590,-61.622310,834,1141,609,125,,,,,,
260378,260378,UT,23:37:40 09-Mar-2024,Argos,2,43.943970,-61.621780,297,420,209,120,,,,,,
260378,260378,UT,23:52:26 09-Mar-2024,Argos,B,43.943500,-61.621270,1446,1988,1051,91,,,,,,
260378,260378,UT,00:09:19 10-Mar-2024,Argos,B,43.944030,-61.626000,1155,6163,216,173,,,,,,
260378,260378,UT,00:36:46 10-Mar-2024,Argos,B,43.943110,-61.642290,619,1700,225,116,,,,,,
260378,260378,UT,00:43:07 10-Mar-2024,Argos,1,43.944400,-61.620270,737,5484,99,82,,,,,,
260378,260378,UT,00:57:43 10-Mar-2024,Argos,0,43.943050,-61.623100,1753,34261,89,78,,,,,,
260378,260378,UT,01:47:00 10-Mar-2024,Argos,B,43.916570,-61.640470,2647,9777,716,80,,,,,,
260378,260378,UT,01:47:00 10-Mar-2024,Argos,B,43.921680,-61.608450,1424,3513,576,77,,,,,,
260378,260378,UT,02:10:43 10-Mar-2024,Argos,1,43.936630,-61.595360,510,5770,45,78,,,,,,
260378,260378,UT,02:25:11 10-Mar-2024,Argos,A,43.930950,-61.612490,936,1876,466,125,,,,,,
260378,260378,UT,02:43:49 10-Mar-2024,Argos,B,43.928920,-61.620080,984,1451,667,103,,,,,,
260378,260378,UT,12:12:03 10-Mar-2024,Argos,B,44.002490,-61.777610,2379,38376,147,115,,,,,,
260378,260378,UT,13:03:50 10-Mar-2024,Argos,A,43.968870,-61.609390,516,977,272,23,,,,,,
260378,260378,UT,13:14:33 10-Mar-2024,Argos,2,43.990460,-61.613010,355,379,331,46,,,,,,
260378,260378,UT,13:45:48 10-Mar-2024,Argos,B,44.008390,-61.588390,1992,9063,437,96,,,,,,
260378,260378,UT,13:59:36 10-Mar-2024,Argos,1,44.007260,-61.610230,1207,24341,59,101,,,,,,
260378,260378,UT,14:30:14 10-Mar-2024,Argos,1,44.035100,-61.602850,778,1130,534,136,,,,,,
260378,260378,UT,14:45:13 10-Mar-2024,Argos,A,44.040680,-61.597480,714,2060,247,63,,,,,,
260378,260378,UT,14:53:14 10-Mar-2024,Argos,2,44.029700,-61.569260,346,906,132,113,,,,,,
260378,260378,UT,15:28:32 10-Mar-2024,Argos,A,44.022470,-61.561240,208,366,118,95,,,,,,
260378,260378,UT,16:12:21 10-Mar-2024,Argos,B,44.023160,-61.538170,676,3050,149,18,,,,,,
260378,260378,UT,21:52:00 10-Mar-2024,Argos,B,44.054700,-61.426790,1170,6459,211,170,,,,,,
260378,260378,UT,22:48:34 10-Mar-2024,Argos,A,44.025200,-61.413050,329,782,137,172,,,,,,
260378,260378,UT,22:48:34 10-Mar-2024,Argos,0,44.046950,-61.427340,2395,2757,2080,71,,,,,,
260378,260378,UT,22:59:16 10-Mar-2024,Argos,B,44.098760,-61.394710,2166,3398,1379,56,,,,,,
260378,260378,UT,23:06:35 10-Mar-2024,Argos,A,44.061030,-61.454360,194,697,53,124,,,,,,
260378,260378,UT,23:30:42 10-Mar-2024,Argos,B,44.054280,-61.448690,2569,3777,1747,86,,,,,,
260378,260378,UT,23:49:19 10-Mar-2024,Argos,B,44.055250,-61.446450,2866,4217,1948,84,,,,,,
260378,260378,UT,00:21:11 11-Mar-2024,Argos,0,44.049220,-61.404200,5020,16338,1542,125,,,,,,
260378,260378,UT,00:28:38 11-Mar-2024,Argos,0,44.035510,-61.392610,5798,57995,579,77,,,,,,
260378,260378,UT,00:35:11 11-Mar-2024,Argos,0,44.035430,-61.381900,2686,16743,430,80,,,,,,
260378,260378,UT,01:28:06 11-Mar-2024,Argos,A,44.026230,-61.384100,1424,4585,442,63,,,,,,
260378,260378,UT,01:59:45 11-Mar-2024,Argos,0,44.018520,-61.412550,2271,30488,169,81,,,,,,
260378,260378,UT,02:16:23 11-Mar-2024,Argos,B,44.019380,-61.411890,2830,5462,1465,84,,,,,,
260378,260378,UT,02:21:10 11-Mar-2024,Argos,B,44.017150,-61.414270,2589,4702,1425,82,,,,,,
260378,260378,UT,02:39:37 11-Mar-2024,Argos,A,44.002240,-61.343760,608,1944,190,157,,,,,,
260378,260378,UT,12:54:03 11-Mar-2024,Argos,B,44.001740,-61.168360,1625,15082,175,159,,,,,,
260378,260378,UT,12:54:03 11-Mar-2024,Argos,B,43.991370,-61.465390,5977,17638,2025,93,,,,,,
260378,260378,UT,13:23:52 11-Mar-2024,Argos,A,43.967710,-61.160440,149,211,104,73,,,,,,
260378,260378,UT,14:18:40 11-Mar-2024,Argos,B,43.971700,-61.168630,724,9077,57,92,,,,,,
260378,260378,UT,14:30:14 11-Mar-2024,Argos,B,43.973410,-61.153550,697,10480,46,105,,,,,,
260378,260378,UT,14:34:00 11-Mar-2024,Argos,B,43.973230,-61.153590,748,3530,158,104,,,,,,
260378,260378,UT,16:03:47 11-Mar-2024,Argos,B,43.968780,-61.169330,1381,2853,668,102,,,,,,
260378,260378,UT,16:14:43 11-Mar-2024,Argos,B,43.970260,-61.161900,1532,3276,716,97,,,,,,
260378,260378,UT,16:20:42 11-Mar-2024,Argos,B,43.970390,-61.156670,1121,32914,38,117,,,,,,
260378,260378,UT,22:28:52 11-Mar-2024,Argos,B,43.884490,-61.170960,1978,57008,68,72,,,,,,
260378,260378,UT,22:37:52 11-Mar-2024,Argos,1,43.919050,-61.050030,585,3480,98,102,,,,,,
260378,260378,UT,22:37:52 11-Mar-2024,Argos,A,43.920790,-61.048430,184,237,143,116,,,,,,
260378,260378,UT,22:41:58 11-Mar-2024,Argos,B,43.922500,-61.067210,2546,14688,441,102,,,,,,
260378,260378,UT,23:04:05 11-Mar-2024,Argos,A,43.914310,-61.044610,250,2085,30,90,,,,,,
260378,260378,UT,23:32:18 11-Mar-2024,Argos,B,43.918110,-61.069900,3077,6298,1503,98,,,,,,
260378,260378,UT,00:08:48 12-Mar-2024,Argos,B,43.905530,-61.033460,1903,3200,1131,56,,,,,,
260378,260378,UT,00:13:58 12-Mar-2024,Argos,B,43.909520,-61.030760,1723,2736,1085,70,,,,,,
260378,260378,UT,00:21:58 12-Mar-2024,Argos,B,43.916670,-61.034080,1016,11820,87,66,,,,,,
260378,260378,UT,00:23:09 12-Mar-2024,Argos,A,43.917150,-61.044180,600,8057,44,77,,,,,,
260378,260378,UT,01:09:27 12-Mar-2024,Argos,B,43.912610,-61.032540,2481,4325,1423,87,,,,,,
260378,260378,UT,01:49:23 12-Mar-2024,Argos,B,43.906790,-61.024490,2473,3931,1555,92,,,,,,
260378,260378,UT,01:53:51 12-Mar-2024,Argos,B,43.909830,-61.029200,2176,3506,1350,98,,,,,,
260378,260378,UT,01:58:16 12-Mar-2024,Argos,A,43.910500,-61.002490,125,160,97,69,,,,,,
260378,260378,UT,02:04:25 12-Mar-2024,Argos,A,43.912660,-60.995620,145,171,123,100,,,,,,
260378,260378,UT,12:30:53 12-Mar-2024,Argos,A,43.848260,-60.911090,199,345,115,134,,,,,,
260378,260378,UT,12:37:33 12-Mar-2024,Argos,A,43.840770,-60.907910,129,168,98,116,,,,,,
260378,260378,UT,12:57:32 12-Mar-2024,Argos,B,43.838040,-60.903760,614,849,443,94,,,,,,
260378,260378,UT,13:21:15 12-Mar-2024,Argos,B,43.843100,-60.889650,633,8415,47,115,,,,,,
260378,260378,UT,14:05:37 12-Mar-2024,Argos,3,43.836310,-60.899300,112,164,75,100,,,,,,
260378,260378,UT,14:11:59 12-Mar-2024,Argos,A,43.840570,-60.892330,425,4416,40,104,,,,,,
260378,260378,UT,14:19:25 12-Mar-2024,Argos,A,43.835460,-60.884390,207,452,94,106,,,,,,
260378,260378,UT,15:01:01 12-Mar-2024,Argos,A,43.835600,-60.888330,122,185,80,94,,,,,,
260378,260378,UT,15:34:21 12-Mar-2024,Argos,3,43.829540,-60.886230,248,432,142,111,,,,,,
260378,260378,UT,15:46:17 12-Mar-2024,Argos,3,43.836720,-60.882840,207,322,132,100,,,,,,
260378,260378,UT,15:53:51 12-Mar-2024,Argos,B,43.835020,-60.883230,309,581,164,44,,,,,,
260378,260378,UT,16:00:54 12-Mar-2024,Argos,B,43.836380,-60.883040,409,794,210,34,,,,,,
260378,260378,UT,22:06:48 12-Mar-2024,Argos,B,43.795510,-60.853750,2529,3375,1895,97,,,,,,
260378,260378,UT,22:08:25 12-Mar-2024,Argos,B,43.816040,-60.866260,2387,133165,42,113,,,,,,
260378,260378,UT,22:29:32 12-Mar-2024,Argos,B,43.811530,-60.863950,1327,16186,108,101,,,,,,
260378,260378,UT,22:33:41 12-Mar-2024,Argos,A,43.830000,-60.921280,434,4043,46,69,,,,,,
260378,260378,UT,23:06:02 12-Mar-2024,Argos,A,43.821470,-60.890380,705,1823,272,12,,,,,,
260378,260378,UT,23:39:16 12-Mar-2024,Argos,2,43.831370,-60.920620,354,520,241,158,,,,,,
260378,260378,UT,23:39:30 12-Mar-2024,Argos,1,43.835500,-60.919100,613,1074,349,111,,,,,,
260378,260378,UT,00:01:35 13-Mar-2024,Argos,B,43.827360,-60.881320,2436,4296,1381,96,,,,,,
260378,260378,UT,00:01:35 13-Mar-2024,Argos,B,43.827760,-60.884290,2595,4210,1599,95,,,,,,
260378,260378,UT,00:10:12 13-Mar-2024,Argos,3,43.830900,-60.912450,99,210,46,87,,,,,,
260378,260378,UT,00:17:09 13-Mar-2024,Argos,3,43.830940,-60.907090,231,392,136,5,,,,,,
260378,260378,UT,00:43:23 13-Mar-2024,Argos,B,43.831860,-60.920450,616,855,444,41,,,,,,
260378,260378,UT,01:11:20 13-Mar-2024,Argos,B,43.830360,-60.912990,955,1226,743,74,,,,,,
260378,260378,UT,01:37:10 13-Mar-2024,Argos,2,43.819370,-60.920860,326,889,119,64,,,,,,
260378,260378,UT,01:37:10 13-Mar-2024,Argos,1,43.826970,-60.907070,620,2636,145,77,,,,,,
260378,260378,UT,01:46:58 13-Mar-2024,Argos,A,43.823570,-60.927240,314,406,242,77,,,,,,
260378,260378,UT,11:05:52 13-Mar-2024,Argos,B,43.745490,-60.803460,2943,4433,1954,105,,,,,,
260378,260378,UT,11:10:38 13-Mar-2024,Argos,B,43.680430,-60.859200,5869,290188,118,105,,,,,,
260378,260378,UT,12:12:06 13-Mar-2024,Argos,B,43.728360,-61.043650,4292,21346,863,151,,,,,,
260378,260378,UT,12:27:15 13-Mar-2024,Argos,A,43.708580,-61.029730,423,640,279,62,,,,,,
260378,260378,UT,12:32:49 13-Mar-2024,Argos,2,43.713630,-61.025770,450,1293,156,88,,,,,,
260378,260378,UT,12:58:58 13-Mar-2024,Argos,B,43.714540,-61.050060,798,1136,560,85,,,,,,
260378,260378,UT,13:53:07 13-Mar-2024,Argos,1,43.706730,-61.059600,675,1238,368,101,,,,,,
260378,260378,UT,13:53:07 13-Mar-2024,Argos,A,43.709210,-61.070730,166,509,53,106,,,,,,
260378,260378,UT,14:07:40 13-Mar-2024,Argos,A,43.702580,-61.046460,130,495,33,98,,,,,,
260378,260378,UT,14:10:57 13-Mar-2024,Argos,B,43.702560,-61.046030,376,610,231,93,,,,,,
260378,260378,UT,14:38:36 13-Mar-2024,Argos,B,43.703530,-61.047990,555,4165,73,62,,,,,,
260378,260378,UT,15:31:39 13-Mar-2024,Argos,A,43.709350,-61.055840,149,184,119,85,,,,,,
260378,260378,UT,15:46:33 13-Mar-2024,Argos,2,43.704590,-61.042090,498,2894,85,104,,,,,,
260378,260378,UT,15:50:01 13-Mar-2024,Argos,B,43.710260,-61.063120,467,991,220,165,,,,,,
260378,260378,UT,16:29:47 13-Mar-2024,Argos,A,43.714890,-61.101590,258,3139,21,102,,,,,,
260378,260378,UT,21:35:26 13-Mar-2024,Argos,B,43.755830,-61.276350,2242,3190,1575,103,,,,,,
260378,260378,UT,21:42:24 13-Mar-2024,Argos,1,43.729140,-61.176180,627,919,427,164,,,,,,
260378,260378,UT,22:14:31 13-Mar-2024,Argos,A,43.727860,-61.181380,324,662,158,82,,,,,,
260378,260378,UT,22:22:39 13-Mar-2024,Argos,B,43.728890,-61.184640,316,628,158,37,,,,,,
260378,260378,UT,23:12:25 13-Mar-2024,Argos,B,43.738150,-61.191260,683,7870,59,137,,,,,,
260378,260378,UT,23:14:14 13-Mar-2024,Argos,B,43.733360,-61.187580,864,4779,156,137,,,,,,
260378,260378,UT,23:36:46 13-Mar-2024,Argos,A,43.729580,-61.194670,171,291,100,117,,,,,,
260378,260378,UT,23:52:33 13-Mar-2024,Argos,B,43.735740,-61.203140,409,3521,47,79,,,,,,
260378,260378,UT,23:55:57 13-Mar-2024,Argos,B,43.737100,-61.191300,261,844,80,41,,,,,,
260378,260378,UT,00:27:22 14-Mar-2024,Argos,B,43.738620,-61.212440,869,1650,457,78,,,,,,
260378,260378,UT,00:49:06 14-Mar-2024,Argos,B,43.739580,-61.214660,1103,2273,535,86,,,,,,
260378,260378,UT,01:14:55 14-Mar-2024,Argos,A,43.744580,-61.199050,158,921,27,77,,,,,,
260378,260378,UT,01:22:08 14-Mar-2024,Argos,B,43.743260,-61.217100,284,603,133,173,,,,,,
260378,260378,UT,01:36:38 14-Mar-2024,Argos,B,43.741300,-61.205150,557,2144,144,10,,,,,,
260378,260378,UT,02:02:16 14-Mar-2024,Argos,A,43.745300,-61.212530,161,201,128,130,,,,,,
260378,260378,UT,02:59:29 14-Mar-2024,Argos,B,43.751060,-61.228510,1026,1477,711,90,,,,,,
260378,260378,UT,12:09:37 14-Mar-2024,Argos,B,43.767920,-61.385890,2432,242470,24,102,,,,,,
260378,260378,UT,12:14:49 14-Mar-2024,Argos,B,43.769390,-61.392230,248,506,121,36,,,,,,
260378,260378,UT,12:37:13 14-Mar-2024,Argos,B,43.790790,-61.387780,1890,6112,584,31,,,,,,
260378,260378,UT,13:28:03 14-Mar-2024,Argos,2,43.759530,-61.388950,338,988,115,96,,,,,,
260378,260378,UT,14:00:42 14-Mar-2024,Argos,B,43.762730,-61.392490,1212,27139,54,105,,,,,,
260378,260378,UT,14:23:31 14-Mar-2024,Argos,B,43.761060,-61.396480,1568,3633,676,100,,,,,,
260378,260378,UT,15:15:19 14-Mar-2024,Argos,B,43.763030,-61.391780,974,11673,81,120,,,,,,
260378,260378,UT,15:29:13 14-Mar-2024,Argos,A,43.759300,-61.388060,722,20465,25,106,,,,,,
260378,260378,UT,15:40:45 14-Mar-2024,Argos,B,43.759560,-61.388920,545,1777,167,129,,,,,,
260378,260378,UT,15:43:32 14-Mar-2024,Argos,3,43.755760,-61.397470,97,147,63,97,,,,,,
260378,260378,UT,21:46:24 14-Mar-2024,Argos,B,43.747000,-61.396280,1528,25021,93,41,,,,,,
260378,260378,UT,21:46:24 14-Mar-2024,Argos,B,43.741210,-61.427260,3101,8180,1175,81,,,,,,
260378,260378,UT,22:37:51 14-Mar-2024,Argos,A,43.738500,-61.401950,487,2085,113,121,,,,,,
260378,260378,UT,22:53:38 14-Mar-2024,Argos,B,43.742370,-61.409250,1241,86450,17,108,,,,,,
260378,260378,UT,23:19:22 14-Mar-2024,Argos,B,43.745280,-61.417420,1149,3192,413,104,,,,,,
260378,260378,UT,23:29:49 14-Mar-2024,Argos,B,43.751230,-61.435500,592,6207,56,49,,,,,,
260378,260378,UT,00:57:39 15-Mar-2024,Argos,B,43.749230,-61.435080,1221,2543,586,75,,,,,,
260378,260378,UT,01:25:32 15-Mar-2024,Argos,B,43.749120,-61.437030,1425,2633,771,77,,,,,,
260378,260378,UT,02:40:04 15-Mar-2024,Argos,B,43.748570,-61.434510,1824,2879,1154,81,,,,,,
260378,260378,UT,02:50:15 15-Mar-2024,Argos,A,43.789470,-61.348540,172,642,45,109,,,,,,
260378,260378,UT,02:54:57 15-Mar-2024,Argos,3,43.791960,-61.351600,130,313,53,71,,,,,,
260378,260378,UT,13:10:08 15-Mar-2024,Argos,B,43.751190,-61.347410,2229,59915,82,135,,,,,,
260378,260378,UT,13:31:43 15-Mar-2024,Argos,B,43.750560,-61.347840,2070,8201,522,134,,,,,,
260378,260378,UT,13:45:08 15-Mar-2024,Argos,A,43.719480,-61.310370,1237,26393,58,101,,,,,,
260378,260378,UT,14:04:16 15-Mar-2024,Argos,B,43.719410,-61.309600,1687,4175,681,99,,,,,,
260378,260378,UT,14:51:06 15-Mar-2024,Argos,B,43.720210,-61.308600,1069,21974,52,92,,,,,,
260378,260378,UT,14:59:13 15-Mar-2024,Argos,B,43.719780,-61.306570,1013,4836,212,92,,,,,,
260378,260378,UT,15:13:32 15-Mar-2024,Argos,B,43.719880,-61.306540,1128,3657,347,92,,,,,,
260378,260378,UT,16:36:35 15-Mar-2024,Argos,B,43.723700,-61.301830,1293,21403,78,106,,,,,,
260378,260378,UT,16:54:59 15-Mar-2024,Argos,B,43.718310,-61.283870,449,1025,197,30,,,,,,
260378,260378,UT,22:30:58 15-Mar-2024,Argos,B,43.718430,-61.283660,1838,9977,338,97,,,,,,
260378,260378,UT,22:40:00 15-Mar-2024,Argos,B,43.719220,-61.280280,1861,11898,291,97,,,,,,
260378,260378,UT,22:56:30 15-Mar-2024,Argos,B,43.721030,-61.315180,626,1368,286,151,,,,,,
260378,260378,UT,23:01:56 15-Mar-2024,Argos,1,43.723510,-61.283440,556,2802,110,80,,,,,,
260378,260378,UT,23:28:31 15-Mar-2024,Argos,A,43.716390,-61.288320,180,373,86,37,,,,,,
260378,260378,UT,23:47:18 15-Mar-2024,Argos,A,43.719750,-61.288010,435,1088,173,57,,,,,,
260378,260378,UT,23:47:40 15-Mar-2024,Argos,B,43.718580,-61.288930,508,1129,228,83,,,,,,
260378,260378,UT,00:05:17 16-Mar-2024,Argos,B,43.718430,-61.289250,509,1357,190,24,,,,,,
260378,260378,UT,00:31:26 16-Mar-2024,Argos,B,43.711070,-61.292500,2403,2901,1989,73,,,,,,
260378,260378,UT,00:56:22 16-Mar-2024,Argos,A,43.724890,-61.311710,323,636,163,44,,,,,,
260378,260378,UT,01:11:27 16-Mar-2024,Argos,3,43.734190,-61.297840,102,148,69,86,,,,,,
260378,260378,UT,01:20:44 16-Mar-2024,Argos,B,43.734960,-61.296950,742,1359,404,154,,,,,,
260378,260378,UT,02:13:25 16-Mar-2024,Argos,B,43.734910,-61.289680,1128,1712,742,93,,,,,,
260378,260378,UT,02:13:25 16-Mar-2024,Argos,B,43.734060,-61.283130,2149,2753,1677,88,,,,,,
260378,260378,UT,11:55:30 16-Mar-2024,Argos,B,43.711780,-61.139140,3103,5513,1747,99,,,,,,
260378,260378,UT,12:48:55 16-Mar-2024,Argos,1,43.718500,-61.280850,510,747,348,108,,,,,,
260378,260378,UT,12:54:48 16-Mar-2024,Argos,A,43.719510,-61.278460,510,1540,168,47,,,,,,
260378,260378,UT,13:23:03 16-Mar-2024,Argos,B,43.709710,-61.275220,1093,2375,502,62,,,,,,
260378,260378,UT,13:29:42 16-Mar-2024,Argos,3,43.724330,-61.287290,161,567,45,95,,,,,,
260378,260378,UT,14:30:07 16-Mar-2024,Argos,2,43.715270,-61.282210,485,2172,108,107,,,,,,
260378,260378,UT,15:01:18 16-Mar-2024,Argos,B,43.723010,-61.292980,1279,12916,126,74,,,,,,
260378,260378,UT,15:12:42 16-Mar-2024,Argos,3,43.720900,-61.278220,139,186,103,82,,,,,,
260378,260378,UT,15:52:43 16-Mar-2024,Argos,3,43.724140,-61.288240,187,422,82,97,,,,,,
260378,260378,UT,16:40:31 16-Mar-2024,Argos,A,43.713790,-61.285360,1143,5524,236,85,,,,,,
260378,260378,UT,21:37:07 16-Mar-2024,Argos,A,43.708960,-61.330920,168,234,120,87,,,,,,
260378,260378,UT,21:59:27 16-Mar-2024,Argos,B,43.705760,-61.322680,467,2521,86,37,,,,,,
260378,260378,UT,22:07:48 16-Mar-2024,Argos,B,43.708390,-61.334530,698,1191,409,87,,,,,,
260378,260378,UT,22:39:15 16-Mar-2024,Argos,B,43.711940,-61.335210,769,14461,40,94,,,,,,
260378,260378,UT,23:17:09 16-Mar-2024,Argos,A,43.708650,-61.310310,164,436,61,68,,,,,,
260378,260378,UT,23:18:26 16-Mar-2024,Argos,B,43.708530,-61.310000,229,404,129,75,,,,,,
260378,260378,UT,23:41:14 16-Mar-2024,Argos,B,43.704140,-61.302960,504,1245,203,57,,,,,,
260378,260378,UT,00:11:51 17-Mar-2024,Argos,3,43.704190,-61.306020,136,259,71,72,,,,,,
260378,260378,UT,00:18:06 17-Mar-2024,Argos,B,43.704020,-61.304230,287,389,211,20,,,,,,
260378,260378,UT,00:53:34 17-Mar-2024,Argos,B,43.703650,-61.303160,858,1108,664,87,,,,,,
260378,260378,UT,01:00:37 17-Mar-2024,Argos,3,43.704980,-61.298840,135,597,30,77,,,,,,
260378,260378,UT,01:06:19 17-Mar-2024,Argos,A,43.707100,-61.299650,319,4063,25,79,,,,,,
260378,260378,UT,11:41:07 17-Mar-2024,Argos,B,43.738520,-61.255750,5858,11201,3063,92,,,,,,
260378,260378,UT,11:41:07 17-Mar-2024,Argos,B,43.726830,-61.240700,5612,10543,2987,110,,,,,,
260378,260378,UT,12:30:10 17-Mar-2024,Argos,B,43.735700,-61.282920,3091,8432,1132,110,,,,,,
260378,260378,UT,13:14:27 17-Mar-2024,Argos,A,43.745520,-61.277890,129,508,32,89,,,,,,
260378,260378,UT,14:13:19 17-Mar-2024,Argos,B,43.753660,-61.273760,755,7007,81,105,,,,,,
260378,260378,UT,14:50:05 17-Mar-2024,Argos,B,43.763580,-61.292200,576,4076,81,44,,,,,,
260378,260378,UT,14:58:18 17-Mar-2024,Argos,B,43.763190,-61.292750,701,1518,323,50,,,,,,
260378,260378,UT,16:26:57 17-Mar-2024,Argos,2,43.792110,-61.279300,375,763,184,82,,,,,,
260378,260378,UT,16:46:27 17-Mar-2024,Argos,A,43.795720,-61.265920,464,4220,50,106,,,,,,
260378,260378,UT,21:46:45 17-Mar-2024,Argos,B,43.805720,-61.248450,1410,45807,43,68,,,,,,
260378,260378,UT,22:11:48 17-Mar-2024,Argos,A,43.784810,-61.252920,112,233,53,84,,,,,,
260378,260378,UT,22:44:29 17-Mar-2024,Argos,2,43.784290,-61.246820,293,1568,54,109,,,,,,
260378,260378,UT,23:06:49 17-Mar-2024,Argos,B,43.783860,-61.244570,922,1383,614,93,,,,,,
260378,260378,UT,23:18:18 17-Mar-2024,Argos,B,43.786250,-61.244610,537,4957,58,77,,,,,,
260378,260378,UT,23:51:37 17-Mar-2024,Argos,1,43.798210,-61.226460,1441,4273,485,55,,,,,,
260378,260378,UT,23:56:33 17-Mar-2024,Argos,3,43.791320,-61.229640,190,264,136,67,,,,,,
260378,260378,UT,00:24:07 18-Mar-2024,Argos,A,43.780480,-61.246860,2056,3899,1084,33,,,,,,
260378,260378,UT,00:38:47 18-Mar-2024,Argos,B,43.778840,-61.253020,6265,8567,4580,52,,,,,,
260378,260378,UT,00:45:33 18-Mar-2024,Argos,B,43.780510,-61.252530,3921,5400,2846,61,,,,,,
260378,260378,UT,00:45:33 18-Mar-2024,Argos,A,43.789100,-61.252190,203,1668,24,80,,,,,,
260378,260378,UT,01:32:48 18-Mar-2024,Argos,A,43.797830,-61.242480,106,240,46,79,,,,,,
260378,260378,UT,02:14:04 18-Mar-2024,Argos,B,43.809770,-61.240450,633,9441,42,78,,,,,,
260378,260378,UT,02:15:05 18-Mar-2024,Argos,B,43.807700,-61.255980,995,7958,124,75,,,,,,
260378,260378,UT,12:06:10 18-Mar-2024,Argos,A,43.775070,-61.071390,1352,41005,44,102,,,,,,
260378,260378,UT,12:11:06 18-Mar-2024,Argos,B,43.816760,-61.236520,3073,42035,224,103,,,,,,
260378,260378,UT,12:55:07 18-Mar-2024,Argos,B,43.796050,-61.186350,1939,54622,68,94,,,,,,
260378,260378,UT,13:04:46 18-Mar-2024,Argos,A,43.787100,-61.136520,109,189,62,85,,,,,,
260378,260378,UT,13:41:40 18-Mar-2024,Argos,B,43.785200,-61.125210,837,1172,597,91,,,,,,
260378,260378,UT,13:49:12 18-Mar-2024,Argos,2,43.788980,-61.149990,406,1893,87,104,,,,,,
260378,260378,UT,14:32:15 18-Mar-2024,Argos,2,43.783270,-61.134620,364,729,181,111,,,,,,
260378,260378,UT,14:35:40 18-Mar-2024,Argos,B,43.785310,-61.136030,429,1631,112,73,,,,,,
260378,260378,UT,14:48:04 18-Mar-2024,Argos,3,43.785480,-61.134880,109,151,77,95,,,,,,
260378,260378,UT,15:34:40 18-Mar-2024,Argos,B,43.792340,-61.118260,670,4531,98,117,,,,,,
260378,260378,UT,16:00:52 18-Mar-2024,Argos,A,43.791330,-61.127700,110,160,75,66,,,,,,
260378,260378,UT,16:22:38 18-Mar-2024,Argos,B,43.790900,-61.122520,650,903,467,90,,,,,,
260378,260378,UT,21:44:17 18-Mar-2024,Argos,B,43.802430,-61.167930,1403,15639,125,33,,,,,,
260378,260378,UT,22:12:08 18-Mar-2024,Argos,B,43.769390,-61.188190,535,10589,27,99,,,,,,
260378,260378,UT,22:17:16 18-Mar-2024,Argos,A,43.772850,-61.185190,158,225,110,58,,,,,,
260378,260378,UT,22:57:15 18-Mar-2024,Argos,B,43.772150,-61.181060,993,1741,566,88,,,,,,
260378,260378,UT,22:57:15 18-Mar-2024,Argos,B,43.770630,-61.181690,624,4232,92,87,,,,,,
260378,260378,UT,23:25:12 18-Mar-2024,Argos,A,43.772020,-61.207100,108,234,49,74,,,,,,
260378,260378,UT,23:39:43 18-Mar-2024,Argos,B,43.762620,-61.210240,690,4695,101,137,,,,,,
260378,260378,UT,00:25:26 19-Mar-2024,Argos,B,43.760800,-61.216910,1100,1503,804,116,,,,,,
260378,260378,UT,00:35:52 19-Mar-2024,Argos,B,43.764050,-61.215230,1127,1671,760,103,,,,,,
260378,260378,UT,01:06:22 19-Mar-2024,Argos,B,43.763190,-61.221190,1316,1880,921,95,,,,,,
260378,260378,UT,01:13:00 19-Mar-2024,Argos,A,43.772750,-61.233880,148,635,34,88,,,,,,
260378,260378,UT,02:06:31 19-Mar-2024,Argos,B,43.776540,-61.235730,726,13930,37,81,,,,,,
260378,260378,UT,02:15:37 19-Mar-2024,Argos,B,43.775720,-61.240090,342,591,198,137,,,,,,
260378,260378,UT,12:56:42 19-Mar-2024,Argos,A,43.771000,-61.291750,198,1004,38,83,,,,,,
260378,260378,UT,13:16:55 19-Mar-2024,Argos,B,43.771260,-61.291310,639,945,431,90,,,,,,
260378,260378,UT,13:29:11 19-Mar-2024,Argos,A,43.772130,-61.280190,107,156,73,92,,,,,,
260378,260378,UT,14:15:31 19-Mar-2024,Argos,B,43.765110,-61.282840,665,14921,29,103,,,,,,
260378,260378,UT,14:21:26 19-Mar-2024,Argos,A,43.788420,-61.313500,454,576,357,178,,,,,,
260378,260378,UT,14:37:09 19-Mar-2024,Argos,B,43.761870,-61.296560,683,9685,48,122,,,,,,
260378,260378,UT,15:07:54 19-Mar-2024,Argos,2,43.767920,-61.305850,384,547,270,106,,,,,,
260378,260378,UT,15:10:40 19-Mar-2024,Argos,B,43.767990,-61.306420,438,689,277,2,,,,,,
260378,260378,UT,15:59:50 19-Mar-2024,Argos,A,43.775050,-61.330850,157,589,41,93,,,,,,
260378,260378,UT,16:51:16 19-Mar-2024,Argos,A,43.776760,-61.343690,337,2000,56,118,,,,,,
260378,260378,UT,21:36:50 19-Mar-2024,Argos,A,43.781090,-61.384360,142,384,52,62,,,,,,
260378,260378,UT,21:40:54 19-Mar-2024,Argos,3,43.779340,-61.394060,246,468,129,100,,,,,,
260378,260378,UT,22:32:43 19-Mar-2024,Argos,A,43.776520,-61.423150,493,5016,48,94,,,,,,
260378,260378,UT,22:45:17 19-Mar-2024,Argos,B,43.777750,-61.428990,503,2445,103,88,,,,,,
260378,260378,UT,23:02:06 19-Mar-2024,Argos,1,43.775030,-61.395570,524,4564,60,79,,,,,,
260378,260378,UT,23:12:21 19-Mar-2024,Argos,B,43.779060,-61.435380,876,1669,459,89,,,,,,
260378,260378,UT,23:24:46 19-Mar-2024,Argos,3,43.763760,-61.396930,124,313,48,123,,,,,,
260378,260378,UT,00:01:48 20-Mar-2024,Argos,A,43.765480,-61.398430,293,1617,53,112,,,,,,
260378,260378,UT,00:06:35 20-Mar-2024,Argos,A,43.765420,-61.386890,409,692,242,23,,,,,,
260378,260378,UT,00:10:05 20-Mar-2024,Argos,2,43.763670,-61.392300,326,587,181,143,,,,,,
260378,260378,UT,00:18:12 20-Mar-2024,Argos,1,43.761920,-61.399040,512,3119,84,77,,,,,,
260378,260378,UT,00:40:26 20-Mar-2024,Argos,B,43.761980,-61.398950,3416,4915,2373,89,,,,,,
260378,260378,UT,00:52:30 20-Mar-2024,Argos,1,43.757370,-61.397070,529,4424,63,79,,,,,,
260378,260378,UT,01:00:55 20-Mar-2024,Argos,B,43.761120,-61.406720,1393,2568,755,67,,,,,,
260378,260378,UT,12:15:11 20-Mar-2024,Argos,B,43.730280,-61.502860,11838,21213,6606,75,,,,,,
260378,260378,UT,12:40:12 20-Mar-2024,Argos,3,43.779630,-61.378230,112,195,64,121,,,,,,
260378,260378,UT,12:54:49 20-Mar-2024,Argos,A,43.785180,-61.374940,117,138,98,92,,,,,,
260378,260378,UT,13:04:49 20-Mar-2024,Argos,A,43.785110,-61.402570,375,2361,59,102,,,,,,
260378,260378,UT,13:56:33 20-Mar-2024,Argos,B,43.784620,-61.410190,2621,4014,1710,93,,,,,,
260378,260378,UT,14:10:07 20-Mar-2024,Argos,A,43.782220,-61.395950,137,270,69,72,,,,,,
260378,260378,UT,14:21:38 20-Mar-2024,Argos,A,43.771910,-61.400630,117,299,45,109,,,,,,
260378,260378,UT,14:45:37 20-Mar-2024,Argos,A,43.762200,-61.408260,111,178,68,88,,,,,,
260378,260378,UT,15:52:10 20-Mar-2024,Argos,1,43.742680,-61.392960,1216,4053,365,90,,,,,,
260378,260378,UT,16:04:20 20-Mar-2024,Argos,B,43.743120,-61.393320,3588,5210,2470,89,,,,,,
260378,260378,UT,16:27:11 20-Mar-2024,Argos,B,43.740090,-61.396190,4853,6628,3552,89,,,,,,
260378,260378,UT,22:09:51 20-Mar-2024,Argos,A,43.790990,-61.457630,87,168,44,71,,,,,,
260378,260378,UT,22:33:23 20-Mar-2024,Argos,B,43.790790,-61.460160,663,922,476,87,,,,,,
260378,260378,UT,22:35:02 20-Mar-2024,Argos,B,43.791520,-61.460340,512,1689,155,50,,,,,,
260378,260378,UT,22:35:02 20-Mar-2024,Argos,B,43.789010,-61.463900,486,2436,97,138,,,,,,
260378,260378,UT,22:50:32 20-Mar-2024,Argos,B,43.796660,-61.463430,565,3707,86,50,,,,,,
260378,260378,UT,22:55:07 20-Mar-2024,Argos,B,43.797800,-61.463680,633,1690,236,54,,,,,,
260378,260378,UT,23:44:00 20-Mar-2024,Argos,B,43.800730,-61.464290,1017,1556,664,87,,,,,,
260378,260378,UT,00:09:01 21-Mar-2024,Argos,B,43.804200,-61.462040,781,17026,35,67,,,,,,
260378,260378,UT,00:30:49 21-Mar-2024,Argos,B,43.804350,-61.462120,946,2198,406,72,,,,,,
260378,260378,UT,00:30:49 21-Mar-2024,Argos,A,43.803360,-61.459820,121,415,35,78,,,,,,
260378,260378,UT,01:19:51 21-Mar-2024,Argos,B,43.802760,-61.461810,944,1334,668,85,,,,,,
260378,260378,UT,01:34:53 21-Mar-2024,Argos,B,43.803510,-61.459920,771,15787,37,79,,,,,,
260378,260378,UT,01:38:58 21-Mar-2024,Argos,B,43.803420,-61.460520,815,4295,154,80,,,,,,
260378,260378,UT,01:55:28 21-Mar-2024,Argos,B,43.816150,-61.455470,2346,7000,786,77,,,,,,
260378,260378,UT,02:13:11 21-Mar-2024,Argos,B,43.818660,-61.435580,1530,5246,446,7,,,,,,
260378,260378,UT,12:25:33 21-Mar-2024,Argos,B,43.840840,-61.460160,2314,140550,38,107,,,,,,
260378,260378,UT,12:27:02 21-Mar-2024,Argos,A,43.834810,-61.449270,169,331,86,122,,,,,,
260378,260378,UT,12:45:45 21-Mar-2024,Argos,A,43.829540,-61.437630,168,239,118,136,,,,,,
260378,260378,UT,13:34:57 21-Mar-2024,Argos,A,43.824760,-61.432220,112,347,36,96,,,,,,
260378,260378,UT,14:04:17 21-Mar-2024,Argos,B,43.824880,-61.431810,743,1032,534,91,,,,,,
260378,260378,UT,14:04:17 21-Mar-2024,Argos,3,43.820540,-61.420520,127,144,112,79,,,,,,
260378,260378,UT,14:15:14 21-Mar-2024,Argos,B,43.820270,-61.419000,337,3322,34,105,,,,,,
260378,260378,UT,14:28:18 21-Mar-2024,Argos,B,43.818950,-61.420620,451,3243,62,128,,,,,,
260378,260378,UT,15:17:39 21-Mar-2024,Argos,A,43.811330,-61.421040,154,169,139,151,,,,,,
260378,260378,UT,15:40:05 21-Mar-2024,Argos,A,43.799160,-61.412110,166,760,36,89,,,,,,
260378,260378,UT,15:50:45 21-Mar-2024,Argos,B,43.798210,-61.411550,476,721,314,90,,,,,,
260378,260378,UT,16:08:44 21-Mar-2024,Argos,0,43.770680,-61.409070,1548,4388,546,63,,,,,,
260378,260378,UT,21:47:40 21-Mar-2024,Argos,2,43.803890,-61.385140,435,866,218,89,,,,,,
260378,260378,UT,21:53:47 21-Mar-2024,Argos,0,43.809770,-61.387130,2016,2437,1666,59,,,,,,
260378,260378,UT,22:13:04 21-Mar-2024,Argos,A,43.801100,-61.384380,4042,25875,631,63,,,,,,
260378,260378,UT,22:19:56 21-Mar-2024,Argos,2,43.804610,-61.400290,458,2557,82,103,,,,,,
260378,260378,UT,22:35:08 21-Mar-2024,Argos,B,43.804310,-61.400080,1817,2615,1261,91,,,,,,
260378,260378,UT,23:19:45 21-Mar-2024,Argos,B,43.804060,-61.368930,1988,19356,204,169,,,,,,
260378,260378,UT,00:00:30 22-Mar-2024,Argos,B,43.800700,-61.362590,1109,1257,977,146,,,,,,
260378,260378,UT,00:01:53 22-Mar-2024,Argos,B,43.781950,-61.357940,643,9703,42,81,,,,,,
260378,260378,UT,00:07:25 22-Mar-2024,Argos,3,43.779190,-61.360110,100,264,37,79,,,,,,
260378,260378,UT,00:56:53 22-Mar-2024,Argos,B,43.767720,-61.349020,688,19660,24,79,,,,,,
260378,260378,UT,01:22:51 22-Mar-2024,Argos,1,43.766600,-61.339070,805,3882,167,64,,,,,,
260378,260378,UT,11:38:14 22-Mar-2024,Argos,B,43.745360,-61.225400,10818,20822,5620,92,,,,,,
260378,260378,UT,12:01:58 22-Mar-2024,Argos,0,43.830580,-61.564160,6704,98163,457,102,,,,,,
260378,260378,UT,12:18:10 22-Mar-2024,Argos,2,43.770900,-61.302830,287,367,223,16,,,,,,
260378,260378,UT,12:26:23 22-Mar-2024,Argos,B,43.770400,-61.301190,328,953,112,37,,,,,,
260378,260378,UT,13:20:48 22-Mar-2024,Argos,B,43.739810,-61.313510,2003,4860,825,108,,,,,,
260378,260378,UT,13:42:39 22-Mar-2024,Argos,A,43.769350,-61.311100,414,801,213,130,,,,,,
260378,260378,UT,13:57:21 22-Mar-2024,Argos,1,43.768410,-61.313770,512,2346,111,97,,,,,,
260378,260378,UT,14:05:15 22-Mar-2024,Argos,0,43.766880,-61.315820,1979,22710,172,101,,,,,,
260378,260378,UT,14:52:40 22-Mar-2024,Argos,B,43.756730,-61.314550,4488,6668,3020,93,,,,,,
260378,260378,UT,15:21:57 22-Mar-2024,Argos,A,43.762750,-61.328780,332,4560,24,104,,,,,,
260378,260378,UT,15:38:08 22-Mar-2024,Argos,2,43.767850,-61.350620,325,677,155,62,,,,,,
260378,260378,UT,15:51:11 22-Mar-2024,Argos,B,43.779530,-61.329740,625,1565,249,129,,,,,,
260378,260378,UT,16:12:24 22-Mar-2024,Argos,3,43.761650,-61.353320,119,390,36,90,,,,,,
260378,260378,UT,21:42:06 22-Mar-2024,Argos,B,43.756190,-61.358460,1617,31183,83,32,,,,,,
260378,260378,UT,21:48:01 22-Mar-2024,Argos,A,43.732160,-61.385500,104,193,56,89,,,,,,
260378,260378,UT,22:56:34 22-Mar-2024,Argos,2,43.726450,-61.378820,364,1224,108,103,,,,,,
260378,260378,UT,23:27:58 22-Mar-2024,Argos,B,43.729630,-61.374780,2502,15369,407,101,,,,,,
260378,260378,UT,23:29:21 22-Mar-2024,Argos,3,43.718200,-61.373740,105,149,73,105,,,,,,
260378,260378,UT,00:31:31 23-Mar-2024,Argos,B,43.706350,-61.373290,2522,3611,1760,95,,,,,,
260378,260378,UT,00:38:42 23-Mar-2024,Argos,B,43.722910,-61.347520,1602,12063,212,128,,,,,,
260378,260378,UT,01:03:56 23-Mar-2024,Argos,A,43.734070,-61.366960,3004,4898,1842,179,,,,,,
260378,260378,UT,01:03:57 23-Mar-2024,Argos,B,43.722720,-61.359870,768,1221,482,154,,,,,,
260378,260378,UT,01:14:24 23-Mar-2024,Argos,A,43.695240,-61.353920,488,1117,212,10,,,,,,
260378,260378,UT,01:29:18 23-Mar-2024,Argos,B,43.695270,-61.353510,994,1189,830,83,,,,,,
260378,260378,UT,02:58:05 23-Mar-2024,Argos,B,43.676890,-61.349720,1641,2261,1191,94,,,,,,
260378,260378,UT,12:05:44 23-Mar-2024,Argos,B,43.685260,-61.377880,1821,25893,128,32,,,,,,
260378,260378,UT,12:05:44 23-Mar-2024,Argos,B,43.660880,-61.392510,3197,75973,134,31,,,,,,
260378,260378,UT,13:17:01 23-Mar-2024,Argos,B,43.658570,-61.383460,1327,13487,130,166,,,,,,
260378,260378,UT,13:32:28 23-Mar-2024,Argos,B,43.659580,-61.383390,1200,6611,217,153,,,,,,
260378,260378,UT,13:44:25 23-Mar-2024,Argos,B,43.632770,-61.369200,436,4386,43,92,,,,,,
260378,260378,UT,13:44:25 23-Mar-2024,Argos,A,43.638610,-61.376400,4438,49380,398,102,,,,,,
260378,260378,UT,14:40:04 23-Mar-2024,Argos,B,43.625590,-61.357870,1452,20089,105,93,,,,,,
260378,260378,UT,16:57:14 23-Mar-2024,Argos,B,43.609570,-61.355560,2224,4137,1195,96,,,,,,
260378,260378,UT,22:11:08 23-Mar-2024,Argos,B,43.672380,-61.340590,2518,6007,1055,98,,,,,,
260378,260378,UT,22:36:07 23-Mar-2024,Argos,0,43.695620,-61.237100,6741,201430,225,99,,,,,,
260378,260378,UT,22:54:53 23-Mar-2024,Argos,A,43.719610,-61.322660,552,5009,60,94,,,,,,
260378,260378,UT,22:56:17 23-Mar-2024,Argos,A,43.723120,-61.321590,778,4614,131,82,,,,,,
260378,260378,UT,23:29:24 23-Mar-2024,Argos,B,43.731160,-61.314530,212,323,138,54,,,,,,
260378,260378,UT,23:29:24 23-Mar-2024,Argos,A,43.731130,-61.325530,183,282,118,153,,,,,,
260378,260378,UT,00:16:05 24-Mar-2024,Argos,A,43.724470,-61.306630,178,447,70,82,,,,,,
260378,260378,UT,00:38:07 24-Mar-2024,Argos,B,43.724300,-61.306590,645,925,449,89,,,,,,
260378,260378,UT,01:03:41 24-Mar-2024,Argos,A,43.721050,-61.315600,146,292,73,56,,,,,,
260378,260378,UT,01:03:41 24-Mar-2024,Argos,B,43.724760,-61.305390,909,1338,617,82,,,,,,
260378,260378,UT,01:08:28 24-Mar-2024,Argos,1,43.730530,-61.288380,813,4103,161,86,,,,,,
260378,260378,UT,01:12:59 24-Mar-2024,Argos,A,43.727160,-61.297530,269,663,108,85,,,,,,
260378,260378,UT,02:38:41 24-Mar-2024,Argos,3,43.734380,-61.286980,216,401,116,94,,,,,,
260378,260378,UT,02:42:03 24-Mar-2024,Argos,A,43.735300,-61.296030,161,269,96,105,,,,,,
260378,260378,UT,02:51:39 24-Mar-2024,Argos,B,43.736770,-61.298160,621,1123,343,26,,,,,,
260378,260378,UT,02:58:29 24-Mar-2024,Argos,B,43.736930,-61.297800,739,914,597,47,,,,,,
260378,260378,UT,12:37:26 24-Mar-2024,Argos,B,43.747940,-61.256750,3498,6871,1780,102,,,,,,
260378,260378,UT,12:50:47 24-Mar-2024,Argos,A,43.747270,-61.247460,145,390,53,121,,,,,,
260378,260378,UT,13:19:45 24-Mar-2024,Argos,B,43.743900,-61.263620,555,1258,244,155,,,,,,
260378,260378,UT,13:22:56 24-Mar-2024,Argos,3,43.741570,-61.258440,95,170,53,88,,,,,,
260378,260378,UT,13:32:45 24-Mar-2024,Argos,A,43.740650,-61.275560,543,4542,64,94,,,,,,
260378,260378,UT,14:11:56 24-Mar-2024,Argos,A,43.729400,-61.264000,696,7745,62,99,,,,,,
260378,260378,UT,14:29:35 24-Mar-2024,Argos,B,43.728210,-61.261720,630,1023,387,94,,,,,,
260378,260378,UT,15:06:32 24-Mar-2024,Argos,3,43.711330,-61.269060,186,634,54,98,,,,,,
260378,260378,UT,15:09:05 24-Mar-2024,Argos,B,43.710250,-61.268280,828,5325,128,104,,,,,,
260378,260378,UT,15:14:49 24-Mar-2024,Argos,A,43.698270,-61.262410,291,400,211,143,,,,,,
260378,260378,UT,15:54:43 24-Mar-2024,Argos,B,43.690280,-61.259910,1531,2142,1093,94,,,,,,
260378,260378,UT,16:22:32 24-Mar-2024,Argos,A,43.714190,-61.289930,142,781,25,104,,,,,,
260378,260378,UT,16:39:57 24-Mar-2024,Argos,3,43.707690,-61.298220,178,191,164,80,,,,,,
260378,260378,UT,16:45:26 24-Mar-2024,Argos,B,43.707640,-61.298930,351,479,256,89,,,,,,
260378,260378,UT,21:34:03 24-Mar-2024,Argos,B,43.708090,-61.296760,2291,3130,1675,94,,,,,,
260378,260378,UT,22:14:14 24-Mar-2024,Argos,B,43.726300,-61.290280,2437,120172,49,72,,,,,,
260378,260378,UT,22:27:18 24-Mar-2024,Argos,1,43.737150,-61.292260,724,5873,89,99,,,,,,
260378,260378,UT,22:30:40 24-Mar-2024,Argos,3,43.734670,-61.269350,210,538,81,73,,,,,,
260378,260378,UT,23:09:05 24-Mar-2024,Argos,3,43.721670,-61.271390,238,506,111,118,,,,,,
260378,260378,UT,23:17:59 24-Mar-2024,Argos,2,43.726040,-61.269620,358,437,292,75,,,,,,
260378,260378,UT,00:02:21 25-Mar-2024,Argos,B,43.717830,-61.261010,3827,18601,787,67,,,,,,
260378,260378,UT,00:04:22 25-Mar-2024,Argos,2,43.716730,-61.254550,373,508,273,24,,,,,,
260378,260378,UT,00:15:48 25-Mar-2024,Argos,A,43.729040,-61.261800,287,745,110,61,,,,,,
260378,260378,UT,00:45:23 25-Mar-2024,Argos,A,43.713140,-61.252060,333,1595,69,73,,,,,,
260378,260378,UT,00:45:23 25-Mar-2024,Argos,1,43.716130,-61.240540,1321,21912,79,75,,,,,,
260378,260378,UT,01:00:34 25-Mar-2024,Argos,0,43.710220,-61.231860,6664,36101,1230,66,,,,,,
260378,260378,UT,12:26:30 25-Mar-2024,Argos,A,43.645930,-61.439150,1933,15484,241,108,,,,,,
260378,260378,UT,13:02:49 25-Mar-2024,Argos,2,43.643660,-61.444100,374,447,312,128,,,,,,
260378,260378,UT,13:08:45 25-Mar-2024,Argos,B,43.643040,-61.439490,954,1077,844,84,,,,,,
260378,260378,UT,13:19:56 25-Mar-2024,Argos,2,43.645000,-61.439320,484,1223,191,92,,,,,,
260378,260378,UT,13:51:08 25-Mar-2024,Argos,1,43.642140,-61.437120,655,2691,159,101,,,,,,
260378,260378,UT,14:00:59 25-Mar-2024,Argos,B,43.639910,-61.437410,1370,3359,558,85,,,,,,
260378,260378,UT,14:42:13 25-Mar-2024,Argos,3,43.635550,-61.427010,112,239,52,112,,,,,,
260378,260378,UT,14:45:15 25-Mar-2024,Argos,1,43.638500,-61.435670,577,2530,131,100,,,,,,
260378,260378,UT,15:01:58 25-Mar-2024,Argos,2,43.640940,-61.433520,274,307,243,94,,,,,,
260378,260378,UT,15:35:21 25-Mar-2024,Argos,2,43.636830,-61.441290,477,634,358,98,,,,,,
260378,260378,UT,21:51:36 25-Mar-2024,Argos,B,43.634610,-61.468040,6089,254252,145,66,,,,,,
260378,260378,UT,21:53:24 25-Mar-2024,Argos,A,43.644100,-61.451060,106,286,38,95,,,,,,
260378,260378,UT,22:05:00 25-Mar-2024,Argos,A,43.641520,-61.437480,114,153,84,90,,,,,,
260378,260378,UT,22:29:03 25-Mar-2024,Argos,B,43.642640,-61.452710,811,1165,563,91,,,,,,
260378,260378,UT,23:07:39 25-Mar-2024,Argos,B,43.648950,-61.454810,841,6859,103,69,,,,,,
260378,260378,UT,23:22:17 25-Mar-2024,Argos,B,43.650150,-61.452300,817,1910,349,74,,,,,,
260378,260378,UT,23:32:13 25-Mar-2024,Argos,B,43.647660,-61.434260,661,5037,86,44,,,,,,
260378,260378,UT,23:35:28 25-Mar-2024,Argos,B,43.647270,-61.433950,661,2018,216,46,,,,,,
260378,260378,UT,23:48:13 25-Mar-2024,Argos,A,43.651790,-61.430710,390,2959,51,54,,,,,,
260378,260378,UT,00:24:50 26-Mar-2024,Argos,1,43.652390,-61.432870,536,1379,207,65,,,,,,
260378,260378,UT,00:34:51 26-Mar-2024,Argos,A,43.647640,-61.443720,453,583,352,128,,,,,,
260378,260378,UT,00:48:01 26-Mar-2024,Argos,A,43.645830,-61.438600,194,1564,24,81,,,,,,
260378,260378,UT,01:17:10 26-Mar-2024,Argos,B,43.645880,-61.437830,743,1132,487,84,,,,,,
260378,260378,UT,02:09:10 26-Mar-2024,Argos,B,43.647530,-61.441020,1217,1790,826,86,,,,,,
260378,260378,UT,02:14:50 26-Mar-2024,Argos,0,43.638460,-61.481280,6792,110048,419,76,,,,,,
260378,260378,UT,02:31:35 26-Mar-2024,Argos,B,43.642770,-61.433920,4575,7795,2685,10,,,,,,
260378,260378,UT,02:47:42 26-Mar-2024,Argos,A,43.643640,-61.439530,320,939,108,127,,,,,,
260378,260378,UT,12:43:52 26-Mar-2024,Argos,2,43.750080,-61.243060,313,602,162,47,,,,,,
260378,260378,UT,13:05:03 26-Mar-2024,Argos,A,43.756270,-61.220120,107,230,49,92,,,,,,
260378,260378,UT,13:28:46 26-Mar-2024,Argos,A,43.749350,-61.220660,194,494,75,65,,,,,,
260378,260378,UT,13:35:44 26-Mar-2024,Argos,B,43.749680,-61.217960,351,1271,96,75,,,,,,
260378,260378,UT,14:23:45 26-Mar-2024,Argos,A,43.745550,-61.162090,146,723,29,103,,,,,,
260378,260378,UT,14:32:35 26-Mar-2024,Argos,A,43.751910,-61.174640,318,1741,58,106,,,,,,
260378,260378,UT,14:51:57 26-Mar-2024,Argos,B,43.751500,-61.167880,858,4211,174,143,,,,,,
260378,260378,UT,16:04:46 26-Mar-2024,Argos,B,43.753920,-61.139940,1906,2538,1431,107,,,,,,
260378,260378,UT,16:18:06 26-Mar-2024,Argos,3,43.763330,-61.139870,108,182,63,102,,,,,,
260378,260378,UT,16:30:30 26-Mar-2024,Argos,1,43.762180,-61.119300,520,5132,52,96,,,,,,
260378,260378,UT,21:41:57 26-Mar-2024,Argos,B,43.724000,-61.097190,2262,41332,123,114,,,,,,
260378,260378,UT,21:47:38 26-Mar-2024,Argos,A,43.755720,-61.165400,114,165,79,92,,,,,,
260378,260378,UT,22:56:28 26-Mar-2024,Argos,A,43.759010,-61.166990,194,312,120,121,,,,,,
260378,260378,UT,22:59:35 26-Mar-2024,Argos,A,43.761370,-61.173360,110,234,51,82,,,,,,
260378,260378,UT,23:01:08 26-Mar-2024,Argos,B,43.761210,-61.172820,151,326,69,6,,,,,,
260378,260378,UT,23:19:57 26-Mar-2024,Argos,A,43.757820,-61.162730,119,414,33,77,,,,,,
260378,260378,UT,00:09:57 27-Mar-2024,Argos,A,43.757300,-61.182500,116,247,54,78,,,,,,
260378,260378,UT,00:27:04 27-Mar-2024,Argos,B,43.759280,-61.181900,434,1768,106,80,,,,,,
260378,260378,UT,00:35:44 27-Mar-2024,Argos,0,43.758950,-61.164660,1935,25555,146,77,,,,,,
260378,260378,UT,00:39:55 27-Mar-2024,Argos,B,43.758770,-61.167850,1140,2382,545,59,,,,,,
260378,260378,UT,00:52:06 27-Mar-2024,Argos,B,43.758700,-61.168500,1829,2662,1256,76,,,,,,
260378,260378,UT,00:58:46 27-Mar-2024,Argos,B,43.770130,-61.161260,1861,2905,1191,87,,,,,,
260378,260378,UT,01:46:39 27-Mar-2024,Argos,B,43.762360,-61.167200,2338,38440,142,108,,,,,,
260378,260378,UT,02:02:13 27-Mar-2024,Argos,A,43.760250,-61.178130,583,4947,68,76,,,,,,
260378,260378,UT,02:02:13 27-Mar-2024,Argos,B,43.762090,-61.170950,206,490,86,75,,,,,,
260378,260378,UT,02:18:22 27-Mar-2024,Argos,0,43.763050,-61.176720,1818,3185,1037,36,,,,,,
260378,260378,UT,12:21:50 27-Mar-2024,Argos,B,43.736670,-61.353840,9945,134027,737,4,,,,,,
260378,260378,UT,12:56:17 27-Mar-2024,Argos,3,43.713390,-61.372210,157,331,73,90,,,,,,
260378,260378,UT,13:12:58 27-Mar-2024,Argos,B,43.708330,-61.376090,643,941,438,89,,,,,,
260378,260378,UT,13:12:58 27-Mar-2024,Argos,B,43.710510,-61.374080,608,860,430,74,,,,,,
260378,260378,UT,14:03:19 27-Mar-2024,Argos,1,43.695470,-61.419960,626,3523,111,101,,,,,,
260378,260378,UT,14:23:33 27-Mar-2024,Argos,A,43.686480,-61.391370,119,164,86,100,,,,,,
260378,260378,UT,14:34:39 27-Mar-2024,Argos,3,43.672200,-61.399880,120,300,48,85,,,,,,
260378,260378,UT,14:49:58 27-Mar-2024,Argos,A,43.671040,-61.400140,133,305,57,82,,,,,,
260378,260378,UT,15:42:56 27-Mar-2024,Argos,B,43.656540,-61.419760,697,3957,122,66,,,,,,
260378,260378,UT,16:05:01 27-Mar-2024,Argos,B,43.660660,-61.410110,1298,4027,418,68,,,,,,
260378,260378,UT,16:20:46 27-Mar-2024,Argos,B,43.654750,-61.417160,1391,3410,567,68,,,,,,
260378,260378,UT,22:30:08 27-Mar-2024,Argos,0,43.676540,-61.393570,2010,34029,118,100,,,,,,
260378,260378,UT,22:38:54 27-Mar-2024,Argos,0,43.666800,-61.347500,3092,28848,331,97,,,,,,
260378,260378,UT,22:42:43 27-Mar-2024,Argos,A,43.666420,-61.322220,788,1049,591,123,,,,,,
260378,260378,UT,22:54:30 27-Mar-2024,Argos,1,43.666940,-61.322830,815,10007,66,78,,,,,,
260378,260378,UT,23:44:10 27-Mar-2024,Argos,1,43.661930,-61.327070,759,957,601,58,,,,,,
260378,260378,UT,00:10:27 28-Mar-2024,Argos,B,43.662160,-61.326590,3292,4656,2327,90,,,,,,
260378,260378,UT,00:10:27 28-Mar-2024,Argos,B,43.661270,-61.323380,1683,3888,728,10,,,,,,
260378,260378,UT,00:10:27 28-Mar-2024,Argos,B,43.662300,-61.326240,3269,4572,2337,93,,,,,,
260378,260378,UT,00:22:42 28-Mar-2024,Argos,1,43.661620,-61.320090,1400,6386,306,70,,,,,,
260378,260378,UT,00:36:08 28-Mar-2024,Argos,B,43.661560,-61.320250,2189,3140,1525,70,,,,,,
260378,260378,UT,00:36:32 28-Mar-2024,Argos,B,43.653400,-61.319070,1856,9422,365,71,,,,,,
260378,260378,UT,01:29:39 28-Mar-2024,Argos,B,43.650440,-61.328950,714,3810,133,47,,,,,,
260378,260378,UT,12:02:15 28-Mar-2024,Argos,B,43.587370,-61.468670,3107,5790,1667,82,,,,,,
260378,260378,UT,12:43:30 28-Mar-2024,Argos,2,43.634490,-61.308170,282,377,210,94,,,,,,
260378,260378,UT,12:47:49 28-Mar-2024,Argos,3,43.632170,-61.304220,152,285,81,98,,,,,,
260378,260378,UT,12:48:27 28-Mar-2024,Argos,1,43.635560,-61.309220,921,2561,330,86,,,,,,
260378,260378,UT,13:38:25 28-Mar-2024,Argos,3,43.647460,-61.329470,177,859,36,103,,,,,,
260378,260378,UT,14:11:29 28-Mar-2024,Argos,1,43.636240,-61.347070,525,947,290,78,,,,,,
260378,260378,UT,14:24:18 28-Mar-2024,Argos,3,43.633210,-61.335330,140,255,76,79,,,,,,
260378,260378,UT,14:25:39 28-Mar-2024,Argos,B,43.630330,-61.338150,637,982,412,91,,,,,,
260378,260378,UT,14:36:26 28-Mar-2024,Argos,B,43.631630,-61.342270,1261,10050,158,94,,,,,,
260378,260378,UT,14:59:49 28-Mar-2024,Argos,B,43.630500,-61.342200,785,1463,421,93,,,,,,
260378,260378,UT,15:18:54 28-Mar-2024,Argos,1,43.628320,-61.333730,611,890,419,95,,,,,,
260378,260378,UT,21:57:04 28-Mar-2024,Argos,1,43.630450,-61.359260,602,3574,101,115,,,,,,
260378,260378,UT,22:15:42 28-Mar-2024,Argos,1,43.631890,-61.370730,779,806,751,129,,,,,,
260378,260378,UT,22:32:39 28-Mar-2024,Argos,0,43.631340,-61.353250,1503,2654,850,132,,,,,,
260378,260378,UT,22:32:39 28-Mar-2024,Argos,B,43.626630,-61.366350,2546,16695,388,63,,,,,,
260378,260378,UT,23:26:38 28-Mar-2024,Argos,B,43.628300,-61.361150,3081,14328,662,158,,,,,,
260378,260378,UT,23:37:38 28-Mar-2024,Argos,A,43.617540,-61.366910,152,356,64,73,,,,,,
260378,260378,UT,23:46:52 28-Mar-2024,Argos,B,43.615870,-61.354450,319,1034,98,21,,,,,,
260378,260378,UT,00:00:01 29-Mar-2024,Argos,B,43.626600,-61.353220,493,1295,187,126,,,,,,
260378,260378,UT,00:18:07 29-Mar-2024,Argos,B,43.622170,-61.349060,718,1013,508,108,,,,,,
260378,260378,UT,00:18:07 29-Mar-2024,Argos,B,43.622900,-61.348930,707,987,506,106,,,,,,
260378,260378,UT,01:02:55 29-Mar-2024,Argos,1,43.636430,-61.340160,1195,19652,72,78,,,,,,
260378,260378,UT,01:40:54 29-Mar-2024,Argos,A,43.639260,-61.338410,426,3114,58,83,,,,,,
260378,260378,UT,01:54:53 29-Mar-2024,Argos,B,43.639280,-61.338260,551,876,346,86,,,,,,
260378,260378,UT,01:58:15 29-Mar-2024,Argos,A,43.638160,-61.331780,199,528,74,59,,,,,,
260378,260378,UT,02:10:35 29-Mar-2024,Argos,B,43.636580,-61.335450,363,1084,121,137,,,,,,
260378,260378,UT,02:46:57 29-Mar-2024,Argos,B,43.639290,-61.340250,669,2235,200,168,,,,,,
260378,260378,UT,12:21:39 29-Mar-2024,Argos,1,43.631480,-61.309910,717,1412,363,90,,,,,,
260378,260378,UT,12:29:31 29-Mar-2024,Argos,B,43.656500,-61.332420,2855,5338,1526,76,,,,,,
260378,260378,UT,12:29:31 29-Mar-2024,Argos,2,43.635380,-61.310110,489,701,341,71,,,,,,
260378,260378,UT,13:18:30 29-Mar-2024,Argos,3,43.633080,-61.313840,205,436,95,99,,,,,,
260378,260378,UT,13:57:52 29-Mar-2024,Argos,2,43.631470,-61.312070,314,426,231,82,,,,,,
260378,260378,UT,13:59:23 29-Mar-2024,Argos,A,43.630360,-61.310490,427,806,226,81,,,,,,
260378,260378,UT,14:08:48 29-Mar-2024,Argos,1,43.632050,-61.298070,721,6660,78,99,,,,,,
260378,260378,UT,14:11:55 29-Mar-2024,Argos,2,43.630320,-61.297240,482,1383,168,88,,,,,,
260378,260378,UT,15:00:01 29-Mar-2024,Argos,3,43.632710,-61.308720,200,409,97,111,,,,,,
260378,260378,UT,15:43:44 29-Mar-2024,Argos,A,43.616490,-61.314200,264,376,185,16,,,,,,
260378,260378,UT,15:51:58 29-Mar-2024,Argos,3,43.635380,-61.306740,166,315,87,79,,,,,,
260378,260378,UT,15:55:11 29-Mar-2024,Argos,B,43.635890,-61.309080,293,471,181,70,,,,,,
260378,260378,UT,16:40:55 29-Mar-2024,Argos,B,43.617900,-61.328920,1267,1707,940,82,,,,,,
260378,260378,UT,21:51:33 29-Mar-2024,Argos,A,43.648790,-61.319280,148,582,37,121,,,,,,
260378,260378,UT,22:04:08 29-Mar-2024,Argos,B,43.648430,-61.320780,380,1436,100,135,,,,,,
260378,260378,UT,22:22:09 29-Mar-2024,Argos,B,43.648440,-61.320510,689,960,493,112,,,,,,
260378,260378,UT,23:06:21 29-Mar-2024,Argos,B,43.642680,-61.297600,1143,1541,848,38,,,,,,
260378,260378,UT,23:07:45 29-Mar-2024,Argos,A,43.657100,-61.343750,520,2661,101,117,,,,,,
260378,260378,UT,23:27:46 29-Mar-2024,Argos,B,43.643150,-61.344960,1237,4357,351,98,,,,,,
260378,260378,UT,23:46:03 29-Mar-2024,Argos,B,43.643110,-61.340090,782,1250,489,174,,,,,,
260378,260378,UT,23:49:16 29-Mar-2024,Argos,B,43.642750,-61.339180,622,794,486,170,,,,,,
260378,260378,UT,23:53:21 29-Mar-2024,Argos,B,43.628320,-61.334530,690,1111,428,74,,,,,,
260378,260378,UT,23:56:28 29-Mar-2024,Argos,2,43.649700,-61.334530,305,858,108,65,,,,,,
260378,260378,UT,00:44:13 30-Mar-2024,Argos,1,43.649530,-61.355310,632,2737,146,77,,,,,,
260378,260378,UT,01:26:01 30-Mar-2024,Argos,A,43.658850,-61.343970,459,1268,166,92,,,,,,
260378,260378,UT,01:31:56 30-Mar-2024,Argos,B,43.654010,-61.357430,696,2813,172,72,,,,,,
260378,260378,UT,12:24:02 30-Mar-2024,Argos,A,43.661760,-61.274730,872,6631,114,65,,,,,,
260378,260378,UT,13:05:37 30-Mar-2024,Argos,B,43.667250,-61.281190,967,13326,70,81,,,,,,
260378,260378,UT,13:34:31 30-Mar-2024,Argos,A,43.661920,-61.316630,197,467,82,74,,,,,,
260378,260378,UT,13:45:33 30-Mar-2024,Argos,A,43.648000,-61.293940,235,390,141,145,,,,,,
260378,260378,UT,13:46:52 30-Mar-2024,Argos,1,43.654540,-61.303310,736,3191,169,105,,,,,,
260378,260378,UT,13:58:54 30-Mar-2024,Argos,1,43.654390,-61.303960,976,3332,286,104,,,,,,
260378,260378,UT,14:39:54 30-Mar-2024,Argos,2,43.656580,-61.305980,336,766,146,113,,,,,,
260378,260378,UT,15:03:27 30-Mar-2024,Argos,A,43.689700,-61.301590,1925,5141,720,169,,,,,,
260378,260378,UT,16:20:57 30-Mar-2024,Argos,B,43.651090,-61.282590,6570,17949,2404,66,,,,,,
260378,260378,UT,21:26:03 30-Mar-2024,Argos,A,43.672680,-61.380440,2245,37197,135,97,,,,,,
260378,260378,UT,21:35:17 30-Mar-2024,Argos,A,43.659910,-61.311020,232,371,144,104,,,,,,
260378,260378,UT,22:09:04 30-Mar-2024,Argos,B,43.655690,-61.312620,801,1124,571,89,,,,,,
260378,260378,UT,22:20:19 30-Mar-2024,Argos,B,43.657710,-61.311780,941,1280,690,87,,,,,,
260378,260378,UT,00:14:05 31-Mar-2024,Argos,2,43.656490,-61.316050,320,478,214,68,,,,,,
260378,260378,UT,00:21:17 31-Mar-2024,Argos,3,43.666140,-61.311820,129,420,39,68,,,,,,
260378,260378,UT,00:58:50 31-Mar-2024,Argos,B,43.662370,-61.331750,2249,2607,1940,81,,,,,,
260378,260378,UT,02:09:23 31-Mar-2024,Argos,B,43.662230,-61.340280,3650,4939,2696,93,,,,,,
260378,260378,UT,11:36:27 31-Mar-2024,Argos,B,43.642650,-61.400100,9236,12567,6787,97,,,,,,
260378,260378,UT,12:03:52 31-Mar-2024,Argos,B,43.673270,-61.326250,8310,15168,4552,110,,,,,,
260378,260378,UT,12:06:47 31-Mar-2024,Argos,A,43.648500,-61.302710,223,304,163,176,,,,,,
260378,260378,UT,12:39:33 31-Mar-2024,Argos,3,43.649590,-61.298980,209,343,126,58,,,,,,
260378,260378,UT,13:08:53 31-Mar-2024,Argos,B,43.649810,-61.299160,783,1075,569,93,,,,,,
260378,260378,UT,13:28:18 31-Mar-2024,Argos,B,43.658820,-61.329000,685,4612,101,35,,,,,,
260378,260378,UT,13:34:44 31-Mar-2024,Argos,B,43.657930,-61.325250,849,3865,186,26,,,,,,
260378,260378,UT,13:50:22 31-Mar-2024,Argos,A,43.636980,-61.329910,1366,16491,113,103,,,,,,
260378,260378,UT,14:18:44 31-Mar-2024,Argos,B,43.629050,-61.340050,2272,41363,124,106,,,,,,
260378,260378,UT,15:11:13 31-Mar-2024,Argos,B,43.622740,-61.368170,882,9677,80,127,,,,,,
260378,260378,UT,15:16:40 31-Mar-2024,Argos,0,43.636670,-61.391580,1737,27854,108,102,,,,,,
260378,260378,UT,15:30:03 31-Mar-2024,Argos,B,43.638380,-61.391600,468,2065,105,75,,,,,,
260378,260378,UT,15:58:58 31-Mar-2024,Argos,2,43.639740,-61.361480,269,402,180,98,,,,,,
260378,260378,UT,16:00:37 31-Mar-2024,Argos,B,43.638310,-61.356750,429,543,339,61,,,,,,
260378,260378,UT,16:54:21 31-Mar-2024,Argos,B,43.648540,-61.340960,1815,14089,233,97,,,,,,
260378,260378,UT,21:42:23 31-Mar-2024,Argos,A,43.656340,-61.311130,209,389,112,174,,,,,,
260378,260378,UT,21:58:06 31-Mar-2024,Argos,B,43.657320,-61.313920,580,733,459,90,,,,,,
260378,260378,UT,22:02:41 31-Mar-2024,Argos,2,43.662230,-61.313340,372,1339,103,100,,,,,,
260378,260378,UT,22:26:57 31-Mar-2024,Argos,B,43.662160,-61.313220,1894,2663,1346,89,,,,,,
260378,260378,UT,22:38:05 31-Mar-2024,Argos,B,43.663920,-61.316760,1182,50036,27,100,,,,,,
260378,260378,UT,22:50:35 31-Mar-2024,Argos,0,43.657770,-61.324590,2310,53163,100,78,,,,,,
260378,260378,UT,23:43:47 31-Mar-2024,Argos,B,43.661480,-61.332620,3811,6588,2205,89,,,,,,
260378,260378,UT,23:43:47 31-Mar-2024,Argos,B,43.660370,-61.328520,3171,6298,1596,92,,,,,,
260378,260378,UT,00:04:58 01-Apr-2024,Argos,B,43.657520,-61.315900,803,2959,217,57,,,,,,
260378,260378,UT,00:53:23 01-Apr-2024,Argos,B,43.659650,-61.323140,885,10897,71,82,,,,,,
260378,260378,UT,01:02:40 01-Apr-2024,Argos,B,43.669100,-61.298690,793,13496,46,92,,,,,,
260378,260378,UT,01:23:03 01-Apr-2024,Argos,B,43.661310,-61.308810,857,6704,109,100,,,,,,
260378,260378,UT,01:45:24 01-Apr-2024,Argos,2,43.663300,-61.293940,383,1565,93,62,,,,,,
260378,260378,UT,12:49:23 01-Apr-2024,Argos,B,43.682080,-61.385160,3753,81040,173,86,,,,,,
260378,260378,UT,13:19:49 01-Apr-2024,Argos,B,43.688080,-61.314100,744,2554,216,1,,,,,,
260378,260378,UT,13:32:59 01-Apr-2024,Argos,1,43.682200,-61.301910,787,8372,73,97,,,,,,
260378,260378,UT,14:01:44 01-Apr-2024,Argos,A,43.681410,-61.278970,938,16340,53,96,,,,,,
260378,260378,UT,14:46:38 01-Apr-2024,Argos,1,43.683040,-61.291890,699,1242,392,87,,,,,,
260378,260378,UT,15:02:25 01-Apr-2024,Argos,1,43.685280,-61.303790,549,3328,90,97,,,,,,
260378,260378,UT,15:14:35 01-Apr-2024,Argos,A,43.683260,-61.284510,207,368,116,81,,,,,,
260378,260378,UT,15:14:35 01-Apr-2024,Argos,B,43.685230,-61.303740,2371,3498,1607,91,,,,,,
260378,260378,UT,15:39:58 01-Apr-2024,Argos,0,43.685540,-61.279700,1922,6679,553,71,,,,,,
260378,260378,UT,22:16:21 01-Apr-2024,Argos,3,43.679020,-61.297480,94,248,35,96,,,,,,
260378,260378,UT,22:19:44 01-Apr-2024,Argos,2,43.677270,-61.303610,427,1873,97,88,,,,,,
260378,260378,UT,22:39:04 01-Apr-2024,Argos,B,43.687440,-61.300150,3763,6652,2128,172,,,,,,
260378,260378,UT,23:10:08 01-Apr-2024,Argos,3,43.670630,-61.289090,136,224,82,98,,,,,,
260378,260378,UT,23:22:48 01-Apr-2024,Argos,3,43.675060,-61.305610,247,396,153,84,,,,,,
260378,260378,UT,23:43:03 01-Apr-2024,Argos,1,43.677150,-61.286720,624,1581,246,115,,,,,,
260378,260378,UT,23:48:38 01-Apr-2024,Argos,A,43.668260,-61.308730,353,503,247,163,,,,,,
260378,260378,UT,00:03:12 02-Apr-2024,Argos,B,43.666140,-61.309380,1360,1842,1004,89,,,,,,
260378,260378,UT,00:28:39 02-Apr-2024,Argos,3,43.680720,-61.313240,130,794,21,77,,,,,,
260378,260378,UT,00:47:11 02-Apr-2024,Argos,2,43.681940,-61.314100,273,334,223,56,,,,,,
260378,260378,UT,00:50:41 02-Apr-2024,Argos,2,43.681160,-61.313740,432,736,253,58,,,,,,
260378,260378,UT,01:01:55 02-Apr-2024,Argos,B,43.679970,-61.310350,872,1262,601,75,,,,,,
260378,260378,UT,01:27:02 02-Apr-2024,Argos,B,43.680340,-61.309900,1277,1918,849,88,,,,,,
260378,260378,UT,11:42:00 02-Apr-2024,Argos,1,43.722680,-61.315730,1259,2653,597,160,,,,,,
260378,260378,UT,12:02:20 02-Apr-2024,Argos,B,43.722500,-61.316360,1872,2278,1537,101,,,,,,
260378,260378,UT,12:19:55 02-Apr-2024,Argos,B,43.722660,-61.316050,1966,2479,1558,95,,,,,,
260378,260378,UT,12:24:55 02-Apr-2024,Argos,B,43.722640,-61.316810,1780,2247,1409,97,,,,,,
260378,260378,UT,12:44:49 02-Apr-2024,Argos,B,43.722660,-61.315290,2094,2615,1677,92,,,,,,
260378,260378,UT,13:09:17 02-Apr-2024,Argos,B,43.722280,-61.315870,1285,1686,979,92,,,,,,
260378,260378,UT,13:20:34 02-Apr-2024,Argos,1,43.717080,-61.324980,551,2376,127,98,,,,,,
260378,260378,UT,13:34:44 02-Apr-2024,Argos,2,43.716600,-61.322510,414,1054,162,93,,,,,,
260378,260378,UT,13:57:03 02-Apr-2024,Argos,B,43.716910,-61.321700,3021,4211,2166,91,,,,,,
260378,260378,UT,14:26:51 02-Apr-2024,Argos,B,43.715960,-61.321520,4602,6616,3200,89,,,,,,
260378,260378,UT,14:26:51 02-Apr-2024,Argos,A,43.707340,-61.313710,125,468,33,101,,,,,,
260378,260378,UT,14:45:09 02-Apr-2024,Argos,2,43.709750,-61.323250,431,1429,129,105,,,,,,
260378,260378,UT,15:04:39 02-Apr-2024,Argos,1,43.711280,-61.323060,1206,2128,683,127,,,,,,
260378,260378,UT,15:15:17 02-Apr-2024,Argos,0,43.705880,-61.320000,1791,6631,483,100,,,,,,
260378,260378,UT,16:05:24 02-Apr-2024,Argos,B,43.700780,-61.320050,5993,9713,3697,87,,,,,,
260378,260378,UT,21:53:44 02-Apr-2024,Argos,B,43.720270,-61.312360,6321,127140,314,10,,,,,,
260378,260378,UT,21:59:04 02-Apr-2024,Argos,A,43.720210,-61.314020,125,175,88,74,,,,,,
260378,260378,UT,22:00:55 02-Apr-2024,Argos,B,43.720140,-61.314760,175,324,94,145,,,,,,
260378,260378,UT,22:38:24 02-Apr-2024,Argos,A,43.717730,-61.328340,469,7876,27,97,,,,,,
260378,260378,UT,23:10:36 02-Apr-2024,Argos,B,43.718490,-61.319360,784,3863,159,154,,,,,,
260378,260378,UT,23:23:27 02-Apr-2024,Argos,A,43.733680,-61.324840,625,2485,157,136,,,,,,
260378,260378,UT,23:26:13 02-Apr-2024,Argos,2,43.716980,-61.310030,375,1008,139,96,,,,,,
260378,260378,UT,23:37:09 02-Apr-2024,Argos,1,43.717660,-61.310040,1107,5133,238,98,,,,,,
260378,260378,UT,00:13:37 03-Apr-2024,Argos,A,43.716820,-61.305980,980,6873,139,81,,,,,,
260378,260378,UT,00:19:28 03-Apr-2024,Argos,0,43.718940,-61.309390,2069,2837,1508,26,,,,,,
260378,260378,UT,00:33:48 03-Apr-2024,Argos,B,43.719550,-61.298770,2749,8685,870,174,,,,,,
260378,260378,UT,00:56:54 03-Apr-2024,Argos,B,43.714990,-61.298390,496,2495,98,93,,,,,,
260378,260378,UT,01:00:12 03-Apr-2024,Argos,0,43.717780,-61.319580,1788,14112,226,85,,,,,,
260378,260378,UT,01:40:23 03-Apr-2024,Argos,B,43.721420,-61.301490,1652,5076,537,149,,,,,,
260378,260378,UT,01:50:22 03-Apr-2024,Argos,A,43.717530,-61.306620,120,145,99,87,,,,,,
260378,260378,UT,02:17:24 03-Apr-2024,Argos,A,43.716510,-61.302100,193,1286,28,82,,,,,,
260378,260378,UT,02:46:24 03-Apr-2024,Argos,B,43.716880,-61.296090,545,1449,205,31,,,,,,
260378,260378,UT,12:27:33 03-Apr-2024,Argos,B,43.719250,-61.201530,2789,6015,1292,84,,,,,,
260378,260378,UT,13:07:51 03-Apr-2024,Argos,1,43.700100,-61.242070,512,1741,150,94,,,,,,
260378,260378,UT,13:14:37 03-Apr-2024,Argos,3,43.698400,-61.231510,207,379,112,90,,,,,,
260378,260378,UT,13:28:46 03-Apr-2024,Argos,B,43.698820,-61.235730,709,2540,198,42,,,,,,
260378,260378,UT,14:02:50 03-Apr-2024,Argos,A,43.709430,-61.240370,329,4197,25,104,,,,,,
260378,260378,UT,14:33:44 03-Apr-2024,Argos,A,43.710990,-61.228710,174,1003,30,96,,,,,,
260378,260378,UT,14:49:12 03-Apr-2024,Argos,3,43.709330,-61.228790,124,316,48,100,,,,,,
260378,260378,UT,14:55:34 03-Apr-2024,Argos,3,43.710970,-61.228410,152,330,70,101,,,,,,
260378,260378,UT,16:18:19 03-Apr-2024,Argos,0,43.715980,-61.219170,1802,2117,1533,130,,,,,,
260378,260378,UT,16:57:33 03-Apr-2024,Argos,A,43.725300,-61.248900,3804,64540,224,103,,,,,,
260378,260378,UT,21:35:00 03-Apr-2024,Argos,A,43.710000,-61.217770,506,974,262,97,,,,,,
260378,260378,UT,22:07:32 03-Apr-2024,Argos,2,43.712290,-61.221780,373,814,171,95,,,,,,
260378,260378,UT,22:59:53 03-Apr-2024,Argos,B,43.718530,-61.202370,2446,3201,1868,122,,,,,,
260378,260378,UT,22:59:53 03-Apr-2024,Argos,B,43.718800,-61.203710,1684,2084,1360,55,,,,,,
260378,260378,UT,23:18:14 03-Apr-2024,Argos,B,43.703240,-61.206040,587,7644,45,90,,,,,,
260378,260378,UT,23:43:17 03-Apr-2024,Argos,B,43.720980,-61.204970,1952,2480,1535,85,,,,,,
260378,260378,UT,00:23:39 04-Apr-2024,Argos,A,43.689390,-61.218300,452,949,214,16,,,,,,
260378,260378,UT,00:38:10 04-Apr-2024,Argos,A,43.704410,-61.223610,465,7487,28,80,,,,,,
260378,260378,UT,00:38:10 04-Apr-2024,Argos,1,43.704070,-61.230510,1379,7555,251,84,,,,,,
260378,260378,UT,00:57:18 04-Apr-2024,Argos,B,43.709490,-61.205500,1441,2449,847,92,,,,,,
260378,260378,UT,11:03:12 04-Apr-2024,Argos,0,43.731680,-61.161070,2655,17447,403,127,,,,,,
260378,260378,UT,11:05:42 04-Apr-2024,Argos,A,43.756640,-61.158030,838,3545,197,164,,,,,,
260378,260378,UT,11:26:16 04-Apr-2024,Argos,B,43.732780,-61.151280,1393,15501,125,120,,,,,,
260378,260378,UT,12:54:54 04-Apr-2024,Argos,2,43.733300,-61.075790,383,496,295,90,,,,,,
260378,260378,UT,12:58:05 04-Apr-2024,Argos,2,43.733080,-61.076590,279,565,137,83,,,,,,
260378,260378,UT,13:07:14 04-Apr-2024,Argos,A,43.732660,-61.070750,379,1460,98,71,,,,,,
260378,260378,UT,13:46:37 04-Apr-2024,Argos,B,43.726850,-61.062570,1304,17163,99,80,,,,,,
260378,260378,UT,14:26:14 04-Apr-2024,Argos,B,43.717760,-61.025170,837,9136,76,55,,,,,,
260378,260378,UT,14:38:20 04-Apr-2024,Argos,A,43.711170,-61.036540,108,171,67,102,,,,,,
260378,260378,UT,14:39:50 04-Apr-2024,Argos,A,43.710660,-61.023300,253,426,149,81,,,,,,
260378,260378,UT,16:04:34 04-Apr-2024,Argos,1,43.700400,-61.006190,530,937,299,87,,,,,,
260378,260378,UT,16:13:56 04-Apr-2024,Argos,3,43.705980,-61.007490,98,386,25,93,,,,,,
260378,260378,UT,16:19:22 04-Apr-2024,Argos,B,43.705520,-61.004990,334,489,228,91,,,,,,
260378,260378,UT,21:38:47 04-Apr-2024,Argos,1,43.673390,-61.013240,627,1035,379,73,,,,,,
260378,260378,UT,22:15:58 04-Apr-2024,Argos,3,43.680550,-61.012610,185,266,128,40,,,,,,
260378,260378,UT,22:42:10 04-Apr-2024,Argos,B,43.678620,-61.015640,521,2004,135,126,,,,,,
260378,260378,UT,22:42:21 04-Apr-2024,Argos,1,43.672890,-61.008140,924,11884,71,98,,,,,,
260378,260378,UT,22:48:00 04-Apr-2024,Argos,2,43.668480,-61.002020,412,938,181,105,,,,,,
260378,260378,UT,22:49:45 04-Apr-2024,Argos,1,43.670770,-61.008240,683,4365,106,81,,,,,,
260378,260378,UT,23:17:46 04-Apr-2024,Argos,3,43.667890,-60.996510,93,185,47,114,,,,,,
260378,260378,UT,23:35:24 04-Apr-2024,Argos,B,43.669180,-60.996720,1490,2061,1076,89,,,,,,
260378,260378,UT,00:11:11 05-Apr-2024,Argos,A,43.674840,-61.000290,238,382,147,136,,,,,,
260378,260378,UT,00:14:49 05-Apr-2024,Argos,B,43.668380,-61.004060,670,1400,321,17,,,,,,
260378,260378,UT,00:17:35 05-Apr-2024,Argos,1,43.666690,-60.997160,609,987,375,75,,,,,,
260378,260378,UT,00:26:43 05-Apr-2024,Argos,1,43.668130,-60.984980,779,6272,96,81,,,,,,
260378,260378,UT,00:32:12 05-Apr-2024,Argos,B,43.667860,-60.980940,1342,2757,652,83,,,,,,
260378,260378,UT,01:09:34 05-Apr-2024,Argos,3,43.669590,-60.995550,204,942,44,84,,,,,,
260378,260378,UT,02:08:45 05-Apr-2024,Argos,B,43.669620,-60.995500,1330,1849,955,91,,,,,,
260378,260378,UT,02:08:45 05-Apr-2024,Argos,B,43.670650,-60.998640,1060,1451,774,86,,,,,,
260378,260378,UT,11:58:24 05-Apr-2024,Argos,A,43.676520,-61.085770,1848,10798,316,51,,,,,,
260378,260378,UT,12:37:19 05-Apr-2024,Argos,A,43.723510,-61.050690,1446,4447,470,176,,,,,,
260378,260378,UT,12:40:12 05-Apr-2024,Argos,2,43.698840,-61.035860,314,442,223,136,,,,,,
260378,260378,UT,12:45:55 05-Apr-2024,Argos,B,43.690570,-61.034410,486,2222,106,100,,,,,,
260378,260378,UT,13:32:18 05-Apr-2024,Argos,B,43.681690,-60.971720,1308,2998,570,98,,,,,,
260378,260378,UT,14:13:05 05-Apr-2024,Argos,B,43.690340,-60.983160,1440,2894,716,89,,,,,,
260378,260378,UT,14:17:40 05-Apr-2024,Argos,A,43.704030,-61.014220,1900,20847,173,122,,,,,,
260378,260378,UT,14:34:28 05-Apr-2024,Argos,B,43.704070,-61.013650,2442,5349,1114,117,,,,,,
260378,260378,UT,15:08:02 05-Apr-2024,Argos,B,43.707340,-61.019190,2268,4069,1263,110,,,,,,
260378,260378,UT,15:31:00 05-Apr-2024,Argos,B,43.708130,-61.020240,2132,3498,1299,108,,,,,,
260378,260378,UT,15:56:23 05-Apr-2024,Argos,B,43.710530,-61.008210,1119,20683,60,129,,,,,,
260378,260378,UT,15:58:29 05-Apr-2024,Argos,B,43.713000,-61.011180,368,870,155,143,,,,,,
260378,260378,UT,22:16:18 05-Apr-2024,Argos,B,43.707070,-61.006350,2339,4047,1351,75,,,,,,
260378,260378,UT,22:25:07 05-Apr-2024,Argos,B,43.704060,-60.997220,2468,3514,1732,73,,,,,,
260378,260378,UT,22:25:29 05-Apr-2024,Argos,B,43.710250,-61.008700,1965,30037,128,72,,,,,,
260378,260378,UT,22:40:26 05-Apr-2024,Argos,B,43.715030,-61.015860,2954,4325,2017,100,,,,,,
260378,260378,UT,22:47:32 05-Apr-2024,Argos,A,43.677050,-60.978200,393,3774,40,89,,,,,,
260378,260378,UT,23:08:17 05-Apr-2024,Argos,B,43.678470,-60.978800,743,1398,394,89,,,,,,
260378,260378,UT,23:59:35 05-Apr-2024,Argos,1,43.680000,-60.981560,773,1185,503,119,,,,,,
260378,260378,UT,00:01:50 06-Apr-2024,Argos,B,43.680910,-60.985140,1251,1909,820,91,,,,,,
260378,260378,UT,00:01:50 06-Apr-2024,Argos,B,43.665370,-61.000250,914,13479,61,112,,,,,,
260378,260378,UT,00:22:09 06-Apr-2024,Argos,B,43.666460,-61.002450,1076,2930,395,110,,,,,,
260378,260378,UT,00:25:09 06-Apr-2024,Argos,B,43.665470,-61.001160,1095,2910,412,109,,,,,,
260378,260378,UT,00:49:14 06-Apr-2024,Argos,A,43.665950,-60.979440,390,3887,39,78,,,,,,
260378,260378,UT,01:39:13 06-Apr-2024,Argos,B,43.665930,-61.006560,696,3732,129,1,,,,,,
260378,260378,UT,01:40:27 06-Apr-2024,Argos,0,43.658780,-60.983410,2146,9465,486,71,,,,,,
260378,260378,UT,01:57:02 06-Apr-2024,Argos,B,43.658460,-60.983260,7584,10901,5275,86,,,,,,
260378,260378,UT,02:40:43 06-Apr-2024,Argos,B,43.664870,-60.988570,6888,59163,801,144,,,,,,
260378,260378,UT,12:14:18 06-Apr-2024,Argos,B,43.707760,-61.105210,2940,4709,1835,75,,,,,,
260378,260378,UT,12:31:50 06-Apr-2024,Argos,3,43.753840,-61.008610,165,199,136,16,,,,,,
260378,260378,UT,13:58:34 06-Apr-2024,Argos,B,43.778650,-61.021200,905,36714,22,98,,,,,,
260378,260378,UT,14:04:45 06-Apr-2024,Argos,B,43.778500,-61.014950,1160,7398,181,98,,,,,,
260378,260378,UT,14:15:54 06-Apr-2024,Argos,B,43.779600,-61.015670,1235,4851,314,97,,,,,,
260378,260378,UT,14:43:24 06-Apr-2024,Argos,B,43.774710,-60.996030,684,4904,95,39,,,,,,
260378,260378,UT,15:44:57 06-Apr-2024,Argos,B,43.783580,-61.008010,768,16858,35,105,,,,,,
260378,260378,UT,15:55:27 06-Apr-2024,Argos,B,43.786910,-61.008200,1798,7187,449,103,,,,,,
260378,260378,UT,16:18:49 06-Apr-2024,Argos,B,43.785650,-61.005320,1491,3404,653,100,,,,,,
260378,260378,UT,21:53:42 06-Apr-2024,Argos,B,43.800990,-60.997900,2210,109052,44,113,,,,,,
260378,260378,UT,21:56:07 06-Apr-2024,Argos,A,43.790330,-60.982960,209,290,150,144,,,,,,
260378,260378,UT,22:14:21 06-Apr-2024,Argos,1,43.796370,-60.994710,866,2315,323,103,,,,,,
260378,260378,UT,22:25:16 06-Apr-2024,Argos,B,43.797960,-60.997130,2802,3992,1966,90,,,,,,
260378,260378,UT,22:31:34 06-Apr-2024,Argos,B,43.797190,-60.996270,2882,4078,2035,92,,,,,,
260378,260378,UT,23:27:51 06-Apr-2024,Argos,A,43.812010,-60.972800,98,129,73,80,,,,,,
260378,260378,UT,23:39:50 06-Apr-2024,Argos,3,43.820680,-60.959450,231,333,159,101,,,,,,
260378,260378,UT,23:40:13 06-Apr-2024,Argos,1,43.819090,-60.958560,802,1159,554,108,,,,,,
260378,260378,UT,23:46:51 06-Apr-2024,Argos,B,43.820900,-60.962580,443,676,290,155,,,,,,
260378,260378,UT,23:52:46 06-Apr-2024,Argos,1,43.823570,-60.959840,553,1110,275,67,,,,,,
260378,260378,UT,23:59:21 06-Apr-2024,Argos,2,43.831350,-60.950030,315,620,159,65,,,,,,
260378,260378,UT,00:27:43 07-Apr-2024,Argos,1,43.838780,-60.947350,532,1595,177,74,,,,,,
260378,260378,UT,01:17:50 07-Apr-2024,Argos,2,43.854480,-60.927230,389,2122,71,79,,,,,,
260378,260378,UT,01:32:20 07-Apr-2024,Argos,B,43.857250,-60.925270,706,2419,205,55,,,,,,
260378,260378,UT,01:42:38 07-Apr-2024,Argos,A,43.855530,-60.915370,130,169,99,90,,,,,,
260378,260378,UT,01:54:38 07-Apr-2024,Argos,B,43.856300,-60.929810,365,818,162,8,,,,,,
260378,260378,UT,12:21:00 07-Apr-2024,Argos,1,43.921190,-60.889590,1333,2026,876,123,,,,,,
260378,260378,UT,12:44:53 07-Apr-2024,Argos,B,43.925300,-60.886940,4143,5919,2900,90,,,,,,
260378,260378,UT,13:27:43 07-Apr-2024,Argos,0,43.920380,-60.890040,3533,27788,449,94,,,,,,
260378,260378,UT,13:37:40 07-Apr-2024,Argos,3,43.928660,-60.890260,97,225,41,101,,,,,,
260378,260378,UT,13:47:10 07-Apr-2024,Argos,B,43.930230,-60.875820,324,643,163,173,,,,,,
260378,260378,UT,14:00:36 07-Apr-2024,Argos,3,43.924710,-60.880800,123,521,29,99,,,,,,
260378,260378,UT,14:23:11 07-Apr-2024,Argos,2,43.929540,-60.878580,315,1395,71,98,,,,,,
260378,260378,UT,15:12:41 07-Apr-2024,Argos,2,43.929490,-60.867430,402,894,180,87,,,,,,
260378,260378,UT,15:24:00 07-Apr-2024,Argos,2,43.924260,-60.876490,343,1740,67,103,,,,,,
260378,260378,UT,15:36:17 07-Apr-2024,Argos,A,43.923620,-60.884760,380,1222,117,144,,,,,,
260378,260378,UT,15:44:51 07-Apr-2024,Argos,A,43.931430,-60.885990,887,1787,440,65,,,,,,
260378,260378,UT,21:33:05 07-Apr-2024,Argos,B,43.936460,-60.870600,9974,20768,4789,103,,,,,,
260378,260378,UT,21:34:49 07-Apr-2024,Argos,B,43.912660,-60.856940,5336,121352,234,86,,,,,,
260378,260378,UT,21:46:24 07-Apr-2024,Argos,1,43.919920,-60.904760,643,1073,384,99,,,,,,
260378,260378,UT,21:53:35 07-Apr-2024,Argos,1,43.917140,-60.902730,915,1223,684,92,,,,,,
260378,260378,UT,22:14:06 07-Apr-2024,Argos,B,43.932200,-60.887280,3688,5258,2587,100,,,,,,
260378,260378,UT,23:06:27 07-Apr-2024,Argos,A,43.914190,-60.886070,285,542,149,121,,,,,,
260378,260378,UT,23:09:32 07-Apr-2024,Argos,2,43.916960,-60.884400,298,1042,85,90,,,,,,
260378,260378,UT,23:22:28 07-Apr-2024,Argos,B,43.912950,-60.885740,542,782,374,93,,,,,,
260378,260378,UT,23:39:36 07-Apr-2024,Argos,B,43.913320,-60.886150,767,1129,520,89,,,,,,
260378,260378,UT,00:11:40 08-Apr-2024,Argos,B,43.916570,-60.890770,778,8337,72,59,,,,,,
260378,260378,UT,00:55:36 08-Apr-2024,Argos,B,43.915790,-60.892240,1135,1978,650,70,,,,,,
260378,260378,UT,00:57:27 08-Apr-2024,Argos,0,43.899280,-60.923290,1965,60042,64,78,,,,,,
260378,260378,UT,01:00:59 08-Apr-2024,Argos,B,43.899410,-60.922830,1483,6853,321,79,,,,,,
260378,260378,UT,01:12:33 08-Apr-2024,Argos,B,43.899830,-60.921520,1442,3575,581,81,,,,,,
260378,260378,UT,02:54:22 08-Apr-2024,Argos,B,43.898300,-60.920980,2439,3720,1599,81,,,,,,
260378,260378,UT,11:35:54 08-Apr-2024,Argos,B,43.886640,-60.929710,2917,6124,1389,99,,,,,,
260378,260378,UT,12:08:41 08-Apr-2024,Argos,1,43.868050,-60.913440,898,1111,726,40,,,,,,
260378,260378,UT,12:23:11 08-Apr-2024,Argos,B,43.867630,-60.913540,3285,4524,2385,88,,,,,,
260378,260378,UT,13:02:16 08-Apr-2024,Argos,2,43.867500,-60.893360,310,744,128,88,,,,,,
260378,260378,UT,13:15:09 08-Apr-2024,Argos,3,43.862510,-60.896850,245,530,112,69,,,,,,
260378,260378,UT,13:31:39 08-Apr-2024,Argos,1,43.857750,-60.904780,1061,1476,761,137,,,,,,
260378,260378,UT,13:48:28 08-Apr-2024,Argos,1,43.865200,-60.899420,1148,19606,67,102,,,,,,
260378,260378,UT,13:58:51 08-Apr-2024,Argos,0,43.847290,-60.818660,3244,56478,186,102,,,,,,
260378,260378,UT,14:48:23 08-Apr-2024,Argos,0,43.868830,-60.883830,2658,5426,1301,158,,,,,,
260378,260378,UT,14:52:32 08-Apr-2024,Argos,2,43.857910,-60.875110,276,449,169,87,,,,,,
260378,260378,UT,15:12:24 08-Apr-2024,Argos,1,43.857410,-60.875930,725,15129,34,101,,,,,,
260378,260378,UT,15:29:33 08-Apr-2024,Argos,A,43.864350,-60.862960,271,752,97,76,,,,,,
260378,260378,UT,15:44:08 08-Apr-2024,Argos,B,43.862320,-60.862770,836,1256,555,86,,,,,,
260378,260378,UT,22:02:38 08-Apr-2024,Argos,B,43.824700,-60.850490,3297,4814,2258,74,,,,,,
260378,260378,UT,22:41:59 08-Apr-2024,Argos,A,43.898570,-60.752460,3219,34534,300,116,,,,,,
260378,260378,UT,22:47:38 08-Apr-2024,Argos,1,43.896500,-60.749510,522,6448,42,76,,,,,,
260378,260378,UT,22:55:46 08-Apr-2024,Argos,3,43.895690,-60.741450,102,225,46,104,,,,,,
260378,260378,UT,22:58:38 08-Apr-2024,Argos,A,43.900340,-60.743210,309,499,190,115,,,,,,
260378,260378,UT,23:44:49 08-Apr-2024,Argos,B,43.913940,-60.716140,2184,2975,1602,90,,,,,,
260378,260378,UT,23:54:06 08-Apr-2024,Argos,B,43.916550,-60.710560,1690,2310,1235,89,,,,,,
260378,260378,UT,00:25:37 09-Apr-2024,Argos,B,43.922010,-60.694780,1683,2547,1112,89,,,,,,
260378,260378,UT,00:45:01 09-Apr-2024,Argos,1,43.912370,-60.693270,916,10484,80,83,,,,,,
260378,260378,UT,01:18:16 09-Apr-2024,Argos,B,43.918570,-60.656810,1354,6410,286,16,,,,,,
260378,260378,UT,01:26:22 09-Apr-2024,Argos,B,43.920110,-60.650600,1473,2454,883,17,,,,,,
260378,260378,UT,02:03:17 09-Apr-2024,Argos,A,43.929570,-60.627110,180,465,69,106,,,,,,
260378,260378,UT,02:43:10 09-Apr-2024,Argos,B,43.930560,-60.607430,606,5939,61,121,,,,,,
260378,260378,UT,11:05:00 09-Apr-2024,Argos,B,44.003230,-60.312170,3058,4309,2169,99,,,,,,
260378,260378,UT,11:56:53 09-Apr-2024,Argos,1,43.879770,-60.506950,1015,1424,723,48,,,,,,
260378,260378,UT,12:37:29 09-Apr-2024,Argos,B,43.885540,-60.503590,3141,50271,196,82,,,,,,
260378,260378,UT,12:51:17 09-Apr-2024,Argos,3,43.882230,-60.488800,137,186,101,111,,,,,,
260378,260378,UT,13:21:37 09-Apr-2024,Argos,B,43.887120,-60.477020,568,1358,237,136,,,,,,
260378,260378,UT,13:37:52 09-Apr-2024,Argos,1,43.889420,-60.473420,1059,11043,101,99,,,,,,
260378,260378,UT,13:40:45 09-Apr-2024,Argos,B,43.888700,-60.475350,827,3872,176,118,,,,,,
260378,260378,UT,14:14:32 09-Apr-2024,Argos,B,43.892190,-60.458910,2248,3188,1585,98,,,,,,
260378,260378,UT,14:31:11 09-Apr-2024,Argos,3,43.887260,-60.452000,224,720,69,104,,,,,,
260378,260378,UT,14:58:19 09-Apr-2024,Argos,0,43.884080,-60.443730,1807,10977,297,103,,,,,,
260378,260378,UT,15:20:24 09-Apr-2024,Argos,B,43.884960,-60.445880,3730,15102,921,33,,,,,,
260378,260378,UT,15:20:24 09-Apr-2024,Argos,B,43.884430,-60.449420,1305,5542,307,37,,,,,,
260378,260378,UT,15:42:48 09-Apr-2024,Argos,A,43.880060,-60.446140,112,147,85,112,,,,,,
260378,260378,UT,16:13:24 09-Apr-2024,Argos,B,43.879950,-60.445820,758,1041,551,92,,,,,,
260378,260378,UT,16:44:53 09-Apr-2024,Argos,A,43.914110,-60.425510,278,553,140,72,,,,,,
260378,260378,UT,22:09:53 09-Apr-2024,Argos,A,43.902390,-60.324690,202,273,148,9,,,,,,
260378,260378,UT,22:15:30 09-Apr-2024,Argos,B,44.012980,-60.288460,2463,3444,1762,91,,,,,,
260378,260378,UT,22:19:50 09-Apr-2024,Argos,1,43.903030,-60.350260,782,4023,151,99,,,,,,
260378,260378,UT,22:22:47 09-Apr-2024,Argos,B,43.905070,-60.345920,596,1585,224,117,,,,,,
260378,260378,UT,23:30:35 09-Apr-2024,Argos,B,43.926740,-60.317890,2350,3239,1705,85,,,,,,
260378,260378,UT,23:30:35 09-Apr-2024,Argos,B,43.916040,-60.332330,1849,4362,783,57,,,,,,
260378,260378,UT,23:52:29 09-Apr-2024,Argos,B,43.904510,-60.341320,1515,3456,663,74,,,,,,
260378,260378,UT,00:02:00 10-Apr-2024,Argos,B,43.899710,-60.346530,1176,3183,434,92,,,,,,
260378,260378,UT,00:02:00 10-Apr-2024,Argos,B,43.899250,-60.347810,1209,2865,510,91,,,,,,
260378,260378,UT,00:21:54 10-Apr-2024,Argos,B,43.913740,-60.324090,1835,42849,78,61,,,,,,
260378,260378,UT,00:48:11 10-Apr-2024,Argos,B,43.909830,-60.330400,1715,6508,452,63,,,,,,
260378,260378,UT,01:09:34 10-Apr-2024,Argos,B,43.907110,-60.331200,1687,5438,523,68,,,,,,
260378,260378,UT,02:00:13 10-Apr-2024,Argos,B,43.904540,-60.360890,1392,10603,182,173,,,,,,
260378,260378,UT,02:28:48 10-Apr-2024,Argos,B,43.901970,-60.360450,1462,7754,275,3,,,,,,
260378,260378,UT,02:52:26 10-Apr-2024,Argos,B,43.892620,-60.362490,533,5052,56,88,,,,,,
260378,260378,UT,12:12:57 10-Apr-2024,Argos,2,43.863070,-60.394450,443,1749,112,107,,,,,,
260378,260378,UT,13:07:36 10-Apr-2024,Argos,A,43.890460,-60.431650,384,842,175,149,,,,,,
260378,260378,UT,13:19:05 10-Apr-2024,Argos,B,43.890340,-60.431580,648,823,509,123,,,,,,
260378,260378,UT,13:24:17 10-Apr-2024,Argos,B,43.867860,-60.427740,439,4089,47,91,,,,,,
260378,260378,UT,13:51:31 10-Apr-2024,Argos,B,43.859430,-60.426490,674,3435,132,92,,,,,,
260378,260378,UT,14:45:49 10-Apr-2024,Argos,3,43.861370,-60.386200,215,594,77,102,,,,,,
260378,260378,UT,14:55:33 10-Apr-2024,Argos,A,43.863770,-60.391360,310,529,181,135,,,,,,
260378,260378,UT,15:03:35 10-Apr-2024,Argos,B,43.862930,-60.392770,341,950,122,152,,,,,,
260378,260378,UT,15:06:09 10-Apr-2024,Argos,A,43.861870,-60.381130,1298,3035,555,40,,,,,,
260378,260378,UT,16:34:21 10-Apr-2024,Argos,A,43.853500,-60.363250,4161,191091,90,100,,,,,,
260378,260378,UT,16:34:23 10-Apr-2024,Argos,B,43.855010,-60.371020,1031,47015,22,100,,,,,,
260378,260378,UT,21:34:31 10-Apr-2024,Argos,B,43.850040,-60.312330,2529,3980,1607,97,,,,,,
260378,260378,UT,21:47:55 10-Apr-2024,Argos,2,43.853440,-60.412150,299,539,165,88,,,,,,
260378,260378,UT,21:53:39 10-Apr-2024,Argos,A,43.847340,-60.400330,411,634,266,129,,,,,,
260378,260378,UT,21:55:38 10-Apr-2024,Argos,A,43.850660,-60.408460,197,470,82,82,,,,,,
260378,260378,UT,23:11:52 10-Apr-2024,Argos,3,43.847090,-60.405040,128,174,93,54,,,,,,
260378,260378,UT,23:28:55 10-Apr-2024,Argos,3,43.849230,-60.402430,98,159,59,115,,,,,,
260378,260378,UT,23:29:50 10-Apr-2024,Argos,A,43.849150,-60.403870,89,140,56,101,,,,,,
260378,260378,UT,23:39:16 10-Apr-2024,Argos,B,43.849100,-60.402200,429,596,308,90,,,,,,
260378,260378,UT,00:36:41 11-Apr-2024,Argos,B,43.855890,-60.397870,795,6538,96,65,,,,,,
260378,260378,UT,00:48:33 11-Apr-2024,Argos,2,43.852650,-60.409880,392,6925,22,79,,,,,,
260378,260378,UT,00:54:32 11-Apr-2024,Argos,2,43.859880,-60.404610,340,1128,102,76,,,,,,
260378,260378,UT,02:13:39 11-Apr-2024,Argos,B,43.861770,-60.394490,4861,6753,3499,89,,,,,,
260378,260378,UT,11:37:09 11-Apr-2024,Argos,B,43.859400,-60.399390,11190,20909,5989,93,,,,,,
260378,260378,UT,11:47:11 11-Apr-2024,Argos,B,43.860680,-60.388060,1921,16711,220,142,,,,,,
260378,260378,UT,12:16:46 11-Apr-2024,Argos,B,43.861210,-60.367750,13003,30974,5458,90,,,,,,
260378,260378,UT,13:16:32 11-Apr-2024,Argos,B,43.851690,-60.396240,1395,10704,181,136,,,,,,
260378,260378,UT,13:50:21 11-Apr-2024,Argos,3,43.855360,-60.398270,228,976,53,102,,,,,,
260378,260378,UT,14:34:29 11-Apr-2024,Argos,A,43.847810,-60.392850,270,713,102,137,,,,,,
260378,260378,UT,14:39:49 11-Apr-2024,Argos,A,43.853290,-60.400070,136,382,48,118,,,,,,
260378,260378,UT,14:54:47 11-Apr-2024,Argos,A,43.851270,-60.398060,155,319,75,74,,,,,,
260378,260378,UT,15:31:13 11-Apr-2024,Argos,1,43.858690,-60.385020,615,659,573,43,,,,,,
260378,260378,UT,15:50:49 11-Apr-2024,Argos,A,43.859370,-60.373960,213,349,130,83,,,,,,
260378,260378,UT,16:17:52 11-Apr-2024,Argos,B,43.859380,-60.378860,514,2177,121,0,,,,,,
260378,260378,UT,21:34:43 11-Apr-2024,Argos,B,43.869170,-60.353080,2390,2968,1925,83,,,,,,
260378,260378,UT,21:35:06 11-Apr-2024,Argos,B,43.845190,-60.355550,1530,13181,177,91,,,,,,
260378,260378,UT,22:27:30 11-Apr-2024,Argos,B,43.848090,-60.385960,718,2302,223,11,,,,,,
260378,260378,UT,22:56:30 11-Apr-2024,Argos,B,43.850790,-60.387010,686,4788,98,18,,,,,,
260378,260378,UT,23:01:11 11-Apr-2024,Argos,A,43.856050,-60.386030,164,203,132,126,,,,,,
260378,260378,UT,23:06:00 11-Apr-2024,Argos,B,43.852420,-60.381430,245,1524,39,59,,,,,,
260378,260378,UT,23:09:41 11-Apr-2024,Argos,A,43.853390,-60.384460,187,664,52,97,,,,,,
260378,260378,UT,23:35:50 11-Apr-2024,Argos,A,43.853690,-60.392340,144,196,105,104,,,,,,
260378,260378,UT,00:24:19 12-Apr-2024,Argos,A,43.854890,-60.388710,219,314,152,153,,,,,,
260378,260378,UT,00:27:05 12-Apr-2024,Argos,A,43.852350,-60.390960,119,394,35,74,,,,,,
260378,260378,UT,00:43:35 12-Apr-2024,Argos,2,43.848930,-60.398170,419,3743,46,74,,,,,,
260378,260378,UT,00:49:37 12-Apr-2024,Argos,B,43.849010,-60.398060,554,981,312,80,,,,,,
260378,260378,UT,01:15:47 12-Apr-2024,Argos,A,43.851960,-60.387120,203,1097,37,69,,,,,,
260378,260378,UT,01:23:43 12-Apr-2024,Argos,B,43.852030,-60.387190,435,691,273,80,,,,,,
260378,260378,UT,02:06:21 12-Apr-2024,Argos,0,43.860100,-60.334860,4513,122615,166,79,,,,,,
260378,260378,UT,02:23:51 12-Apr-2024,Argos,B,43.851020,-60.396310,793,2619,239,156,,,,,,
260378,260378,UT,12:07:58 12-Apr-2024,Argos,B,43.879060,-60.223470,3718,11151,1239,78,,,,,,
260378,260378,UT,12:36:47 12-Apr-2024,Argos,B,43.872420,-60.303700,1509,28322,80,91,,,,,,
260378,260378,UT,12:59:28 12-Apr-2024,Argos,2,43.875320,-60.364720,349,904,134,92,,,,,,
260378,260378,UT,13:02:00 12-Apr-2024,Argos,A,43.871750,-60.365210,436,770,246,121,,,,,,
260378,260378,UT,13:29:41 12-Apr-2024,Argos,2,43.879250,-60.376980,403,845,192,99,,,,,,
260378,260378,UT,14:17:06 12-Apr-2024,Argos,A,43.867960,-60.365720,840,954,738,149,,,,,,
260378,260378,UT,14:28:35 12-Apr-2024,Argos,1,43.874860,-60.386490,734,1331,404,67,,,,,,
260378,260378,UT,14:42:08 12-Apr-2024,Argos,3,43.869740,-60.384670,236,432,129,110,,,,,,
260378,260378,UT,15:04:12 12-Apr-2024,Argos,1,43.872490,-60.413170,520,1018,265,33,,,,,,
260378,260378,UT,15:12:39 12-Apr-2024,Argos,A,43.856890,-60.408970,149,214,103,138,,,,,,
260378,260378,UT,16:13:32 12-Apr-2024,Argos,3,43.846000,-60.449330,222,348,141,64,,,,,,
260378,260378,UT,16:44:54 12-Apr-2024,Argos,1,43.841600,-60.473220,508,1979,130,105,,,,,,
260378,260378,UT,21:44:43 12-Apr-2024,Argos,A,43.816230,-60.586690,208,443,97,108,,,,,,
260378,260378,UT,22:25:46 12-Apr-2024,Argos,A,43.834160,-60.700360,921,16251,52,95,,,,,,
260378,260378,UT,22:42:35 12-Apr-2024,Argos,A,43.826480,-60.620780,185,1097,31,113,,,,,,
260378,260378,UT,22:44:10 12-Apr-2024,Argos,1,43.820730,-60.626620,1158,5900,227,83,,,,,,
260378,260378,UT,22:48:55 12-Apr-2024,Argos,A,43.828160,-60.614890,198,271,144,130,,,,,,
260378,260378,UT,23:14:10 12-Apr-2024,Argos,A,43.830540,-60.605050,184,213,157,161,,,,,,
260378,260378,UT,00:02:08 13-Apr-2024,Argos,B,43.839400,-60.634150,672,6313,71,82,,,,,,
260378,260378,UT,00:05:01 13-Apr-2024,Argos,B,43.840300,-60.624280,236,674,82,32,,,,,,
260378,260378,UT,00:30:12 13-Apr-2024,Argos,1,43.849440,-60.602020,838,6777,103,76,,,,,,
260378,260378,UT,00:51:16 13-Apr-2024,Argos,0,43.852710,-60.610850,2629,90797,76,79,,,,,,
260378,260378,UT,01:49:39 13-Apr-2024,Argos,1,43.855360,-60.711140,957,8476,108,85,,,,,,
260378,260378,UT,02:11:39 13-Apr-2024,Argos,A,43.882340,-60.685830,359,636,202,32,,,,,,
260378,260378,UT,02:19:58 13-Apr-2024,Argos,B,43.882050,-60.694200,692,851,562,71,,,,,,
260378,260378,UT,02:35:35 13-Apr-2024,Argos,1,43.871710,-60.719850,707,954,524,33,,,,,,
260378,260378,UT,12:36:13 13-Apr-2024,Argos,2,43.830480,-60.794790,430,1034,178,103,,,,,,
260378,260378,UT,12:46:17 13-Apr-2024,Argos,2,43.837840,-60.801570,444,679,290,91,,,,,,
260378,260378,UT,13:08:25 13-Apr-2024,Argos,2,43.836680,-60.808780,337,521,217,83,,,,,,
260378,260378,UT,13:58:54 13-Apr-2024,Argos,0,43.835720,-60.806520,2126,72459,62,101,,,,,,
260378,260378,UT,14:10:24 13-Apr-2024,Argos,2,43.839810,-60.820320,465,688,314,106,,,,,,
260378,260378,UT,14:13:01 13-Apr-2024,Argos,B,43.840180,-60.820270,821,1104,610,92,,,,,,
260378,260378,UT,14:29:40 13-Apr-2024,Argos,2,43.837380,-60.819710,483,3424,68,116,,,,,,
260378,260378,UT,14:48:58 13-Apr-2024,Argos,3,43.837350,-60.823230,107,182,62,94,,,,,,
260378,260378,UT,15:54:06 13-Apr-2024,Argos,3,43.828250,-60.836330,199,401,98,110,,,,,,
260378,260378,UT,15:59:49 13-Apr-2024,Argos,2,43.829710,-60.846820,325,625,168,79,,,,,,
260378,260378,UT,16:10:03 13-Apr-2024,Argos,B,43.827450,-60.844420,847,1172,611,92,,,,,,
260378,260378,UT,21:53:11 13-Apr-2024,Argos,B,43.840080,-60.908080,5031,82907,305,162,,,,,,
260378,260378,UT,22:17:58 13-Apr-2024,Argos,2,43.803970,-60.898880,356,881,144,72,,,,,,
260378,260378,UT,22:20:33 13-Apr-2024,Argos,2,43.795300,-60.896430,418,735,237,123,,,,,,
260378,260378,UT,22:39:07 13-Apr-2024,Argos,A,43.791400,-60.892250,1466,4333,496,119,,,,,,
260378,260378,UT,22:58:27 13-Apr-2024,Argos,B,43.782450,-60.905530,1521,4067,568,108,,,,,,
260378,260378,UT,00:00:00 14-Apr-2024,Argos,B,43.822070,-60.929380,2086,25980,167,96,,,,,,
260378,260378,UT,00:00:00 14-Apr-2024,Argos,B,43.783440,-60.917080,1010,3864,264,178,,,,,,
260378,260378,UT,00:14:42 14-Apr-2024,Argos,1,43.816430,-60.941940,747,2869,194,75,,,,,,
260378,260378,UT,00:31:06 14-Apr-2024,Argos,3,43.824670,-60.933470,149,578,38,75,,,,,,
260378,260378,UT,12:33:59 14-Apr-2024,Argos,2,43.815000,-60.886260,318,629,160,86,,,,,,
260378,260378,UT,12:47:38 14-Apr-2024,Argos,1,43.821490,-60.891950,539,1865,155,106,,,,,,
260378,260378,UT,13:37:16 14-Apr-2024,Argos,A,43.796660,-60.878330,1212,3190,460,9,,,,,,
260378,260378,UT,13:47:47 14-Apr-2024,Argos,B,43.795040,-60.879200,2342,2858,1918,17,,,,,,
260378,260378,UT,13:59:24 14-Apr-2024,Argos,3,43.823920,-60.896740,218,279,170,77,,,,,,
260378,260378,UT,14:14:09 14-Apr-2024,Argos,2,43.833100,-60.896800,454,1021,201,95,,,,,,
260378,260378,UT,14:27:43 14-Apr-2024,Argos,2,43.826320,-60.882360,488,2014,118,96,,,,,,
260378,260378,UT,15:15:43 14-Apr-2024,Argos,B,43.822600,-60.890070,2440,22346,266,70,,,,,,
260378,260378,UT,15:41:21 14-Apr-2024,Argos,3,43.819620,-60.904290,196,422,91,142,,,,,,
260378,260378,UT,15:59:06 14-Apr-2024,Argos,A,43.806480,-60.902000,1241,2680,575,52,,,,,,
260378,260378,UT,16:13:25 14-Apr-2024,Argos,B,43.806930,-60.902380,3783,5569,2570,65,,,,,,
260378,260378,UT,22:07:09 14-Apr-2024,Argos,A,43.801910,-60.920470,1092,13056,91,92,,,,,,
260378,260378,UT,22:24:43 14-Apr-2024,Argos,B,43.802040,-60.890180,477,1435,158,147,,,,,,
260378,260378,UT,22:36:46 14-Apr-2024,Argos,B,43.799980,-60.891340,676,945,482,133,,,,,,
260378,260378,UT,23:06:31 14-Apr-2024,Argos,A,43.809220,-60.896330,161,273,94,120,,,,,,
260378,260378,UT,23:29:21 14-Apr-2024,Argos,B,43.809110,-60.896490,661,907,480,90,,,,,,
260378,260378,UT,23:31:10 14-Apr-2024,Argos,3,43.798130,-60.903330,168,234,120,4,,,,,,
260378,260378,UT,23:32:20 14-Apr-2024,Argos,2,43.802740,-60.900230,344,774,153,81,,,,,,
260378,260378,UT,00:03:51 15-Apr-2024,Argos,2,43.806140,-60.920800,367,941,142,63,,,,,,
260378,260378,UT,00:17:20 15-Apr-2024,Argos,B,43.804380,-60.920270,782,6395,95,77,,,,,,
260378,260378,UT,01:01:15 15-Apr-2024,Argos,2,43.813930,-60.909090,444,2783,70,87,,,,,,
260378,260378,UT,01:32:35 15-Apr-2024,Argos,B,43.819350,-60.915250,920,3858,219,75,,,,,,
260378,260378,UT,11:44:45 15-Apr-2024,Argos,2,43.865840,-60.877800,442,2406,81,96,,,,,,
260378,260378,UT,11:48:40 15-Apr-2024,Argos,B,43.894520,-60.863500,1964,16696,231,149,,,,,,
260378,260378,UT,12:24:28 15-Apr-2024,Argos,2,43.861220,-60.890290,355,496,253,65,,,,,,
260378,260378,UT,12:27:37 15-Apr-2024,Argos,A,43.856640,-60.899280,168,204,137,154,,,,,,
260378,260378,UT,13:16:28 15-Apr-2024,Argos,B,43.859770,-60.902860,1024,1406,746,89,,,,,,
260378,260378,UT,13:20:21 15-Apr-2024,Argos,B,43.868450,-60.890530,733,3506,153,119,,,,,,
260378,260378,UT,13:48:14 15-Apr-2024,Argos,1,43.852070,-60.908090,608,916,403,18,,,,,,
260378,260378,UT,14:05:18 15-Apr-2024,Argos,3,43.853490,-60.900470,129,564,29,97,,,,,,
260378,260378,UT,14:06:38 15-Apr-2024,Argos,2,43.854330,-60.901380,264,2557,27,100,,,,,,
260378,260378,UT,14:26:55 15-Apr-2024,Argos,B,43.855500,-60.920510,733,888,605,17,,,,,,
260378,260378,UT,15:03:56 15-Apr-2024,Argos,B,43.854540,-60.923710,1286,1606,1028,85,,,,,,
260378,260378,UT,15:25:22 15-Apr-2024,Argos,2,43.840780,-60.891100,315,1531,64,104,,,,,,
260378,260378,UT,15:46:27 15-Apr-2024,Argos,A,43.862260,-60.901330,1495,4389,509,62,,,,,,
260378,260378,UT,15:46:50 15-Apr-2024,Argos,2,43.853690,-60.924710,480,837,275,67,,,,,,
260378,260378,UT,16:07:13 15-Apr-2024,Argos,A,43.843880,-60.925830,305,1250,74,93,,,,,,
260378,260378,UT,21:32:14 15-Apr-2024,Argos,B,43.839230,-60.966280,2081,4223,1024,77,,,,,,
260378,260378,UT,22:30:21 15-Apr-2024,Argos,A,43.868830,-61.002810,11144,393655,315,100,,,,,,
260378,260378,UT,23:06:59 15-Apr-2024,Argos,2,43.863340,-60.923590,345,1219,97,84,,,,,,
260378,260378,UT,23:07:56 15-Apr-2024,Argos,B,43.864870,-60.943980,3746,31294,448,135,,,,,,
260378,260378,UT,23:40:29 15-Apr-2024,Argos,B,43.862950,-60.933330,2489,3375,1835,110,,,,,,
260378,260378,UT,23:50:30 15-Apr-2024,Argos,1,43.864330,-60.940070,512,849,309,59,,,,,,
260378,260378,UT,23:50:53 15-Apr-2024,Argos,1,43.861910,-60.938280,568,974,330,66,,,,,,
260378,260378,UT,00:09:59 16-Apr-2024,Argos,1,43.864290,-60.953290,744,919,601,85,,,,,,
260378,260378,UT,00:48:13 16-Apr-2024,Argos,B,43.863100,-60.940030,1912,6836,534,47,,,,,,
260378,260378,UT,01:16:46 16-Apr-2024,Argos,A,43.867040,-60.947980,136,181,102,34,,,,,,
260378,260378,UT,01:32:32 16-Apr-2024,Argos,B,43.864410,-60.947630,397,4205,37,90,,,,,,
260378,260378,UT,01:35:41 16-Apr-2024,Argos,B,43.864270,-60.944690,488,1711,139,90,,,,,,
260378,260378,UT,01:41:00 16-Apr-2024,Argos,B,43.864290,-60.945570,580,1421,236,90,,,,,,
260378,260378,UT,12:09:32 16-Apr-2024,Argos,A,43.883640,-60.907140,377,739,192,175,,,,,,
260378,260378,UT,12:10:49 16-Apr-2024,Argos,3,43.890540,-60.904970,148,173,125,162,,,,,,
260378,260378,UT,13:53:16 16-Apr-2024,Argos,B,43.867500,-60.893430,984,32623,29,102,,,,,,
260378,260378,UT,13:54:35 16-Apr-2024,Argos,B,43.870310,-60.910120,998,22401,44,104,,,,,,
260378,260378,UT,15:17:03 16-Apr-2024,Argos,B,43.863630,-60.896470,1550,3422,701,100,,,,,,
260378,260378,UT,15:17:03 16-Apr-2024,Argos,B,43.870180,-60.903370,1296,18633,90,98,,,,,,
260378,260378,UT,15:29:00 16-Apr-2024,Argos,B,43.866860,-60.884500,382,1292,113,38,,,,,,
260378,260378,UT,15:35:12 16-Apr-2024,Argos,A,43.870160,-60.886050,364,1175,112,63,,,,,,
260378,260378,UT,16:59:06 16-Apr-2024,Argos,B,43.857850,-60.885850,1250,2781,562,106,,,,,,
260378,260378,UT,16:59:06 16-Apr-2024,Argos,B,43.855460,-60.878030,1126,2000,633,101,,,,,,
260378,260378,UT,22:00:06 16-Apr-2024,Argos,B,43.843500,-60.830130,2250,5570,909,106,,,,,,
260378,260378,UT,22:22:22 16-Apr-2024,Argos,B,43.869370,-60.908670,882,1457,533,68,,,,,,
260378,260378,UT,22:40:16 16-Apr-2024,Argos,B,43.872320,-60.909670,986,1804,539,72,,,,,,
260378,260378,UT,22:43:26 16-Apr-2024,Argos,B,43.871120,-60.908240,805,2173,297,90,,,,,,
260378,260378,UT,23:37:21 16-Apr-2024,Argos,B,43.869180,-60.909480,1246,2194,707,90,,,,,,
260378,260378,UT,01:05:49 17-Apr-2024,Argos,B,43.870100,-60.894700,1710,3109,940,88,,,,,,
260378,260378,UT,01:15:06 17-Apr-2024,Argos,B,43.876290,-60.901350,1720,3804,777,89,,,,,,
260378,260378,UT,01:26:03 17-Apr-2024,Argos,B,43.882130,-60.918390,1560,3212,757,80,,,,,,
260378,260378,UT,02:33:45 17-Apr-2024,Argos,B,43.883900,-60.927970,1702,2879,1006,68,,,,,,
260378,260378,UT,02:42:58 17-Apr-2024,Argos,B,43.886980,-60.930110,1692,3087,927,72,,,,,,
260378,260378,UT,12:07:17 17-Apr-2024,Argos,B,43.874490,-60.898180,3316,5359,2051,96,,,,,,
260378,260378,UT,12:35:32 17-Apr-2024,Argos,B,43.882740,-60.924200,2893,3441,2431,82,,,,,,
260378,260378,UT,12:36:16 17-Apr-2024,Argos,A,43.901960,-60.940070,801,17678,36,123,,,,,,
260378,260378,UT,13:25:46 17-Apr-2024,Argos,B,43.900400,-60.936990,1229,2231,676,112,,,,,,
260378,260378,UT,13:25:46 17-Apr-2024,Argos,1,43.890770,-60.926340,618,1481,258,104,,,,,,
260378,260378,UT,13:41:06 17-Apr-2024,Argos,0,43.891940,-60.939720,1762,25395,122,100,,,,,,
260378,260378,UT,14:14:37 17-Apr-2024,Argos,B,43.891470,-60.937540,5298,7911,3547,92,,,,,,
260378,260378,UT,15:00:42 17-Apr-2024,Argos,1,43.878410,-60.923480,732,6116,87,98,,,,,,
260378,260378,UT,15:09:15 17-Apr-2024,Argos,B,43.876270,-60.918520,1021,2904,358,41,,,,,,
260378,260378,UT,15:27:03 17-Apr-2024,Argos,B,43.876540,-60.918740,2025,2715,1510,74,,,,,,
260378,260378,UT,16:13:48 17-Apr-2024,Argos,2,43.877550,-60.935070,300,1118,80,93,,,,,,
260378,260378,UT,21:30:49 17-Apr-2024,Argos,2,43.878240,-60.919220,278,442,174,99,,,,,,
260378,260378,UT,21:44:17 17-Apr-2024,Argos,A,43.876390,-60.921570,624,2358,165,102,,,,,,
260378,260378,UT,22:10:22 17-Apr-2024,Argos,B,43.875660,-60.918430,624,2132,182,153,,,,,,
260378,260378,UT,22:22:27 17-Apr-2024,Argos,A,43.879040,-60.919830,100,122,80,71,,,,,,
260378,260378,UT,23:06:32 17-Apr-2024,Argos,A,43.877510,-60.909810,109,251,47,108,,,,,,
260378,260378,UT,23:13:17 17-Apr-2024,Argos,A,43.872300,-60.908690,1294,1859,900,163,,,,,,
260378,260378,UT,23:28:20 17-Apr-2024,Argos,3,43.882010,-60.904780,114,201,64,87,,,,,,
260378,260378,UT,23:54:39 17-Apr-2024,Argos,B,43.871630,-60.924610,1119,9356,133,166,,,,,,
260378,260378,UT,23:56:15 17-Apr-2024,Argos,B,43.881250,-60.909130,507,2255,114,5,,,,,,
260378,260378,UT,00:02:51 18-Apr-2024,Argos,A,43.875400,-60.910870,179,271,118,156,,,,,,
260378,260378,UT,00:52:18 18-Apr-2024,Argos,A,43.872490,-60.931150,401,5266,30,76,,,,,,
260378,260378,UT,00:55:23 18-Apr-2024,Argos,B,43.873180,-60.933670,421,2182,81,71,,,,,,
260378,260378,UT,01:08:31 18-Apr-2024,Argos,B,43.874160,-60.933050,434,4950,38,102,,,,,,
260378,260378,UT,01:48:02 18-Apr-2024,Argos,B,43.873210,-60.931110,649,2304,182,152,,,,,,
260378,260378,UT,02:29:46 18-Apr-2024,Argos,B,43.849450,-60.915660,1830,2904,1153,68,,,,,,
260378,260378,UT,12:09:50 18-Apr-2024,Argos,1,43.853730,-60.796280,524,2903,94,96,,,,,,
260378,260378,UT,13:05:08 18-Apr-2024,Argos,3,43.859570,-60.884410,150,231,97,107,,,,,,
260378,260378,UT,13:11:03 18-Apr-2024,Argos,B,43.859540,-60.879370,375,393,356,165,,,,,,
260378,260378,UT,13:25:38 18-Apr-2024,Argos,1,43.857510,-60.917620,1117,7739,161,90,,,,,,
260378,260378,UT,14:44:20 18-Apr-2024,Argos,3,43.838350,-60.867600,159,349,72,88,,,,,,
260378,260378,UT,14:47:37 18-Apr-2024,Argos,1,43.844450,-60.892140,797,2733,232,98,,,,,,
260378,260378,UT,15:09:12 18-Apr-2024,Argos,2,43.840530,-60.883680,373,565,245,96,,,,,,
260378,260378,UT,21:47:08 18-Apr-2024,Argos,A,43.889810,-60.867010,386,970,153,95,,,,,,
260378,260378,UT,21:57:20 18-Apr-2024,Argos,A,43.892530,-60.888330,90,236,34,86,,,,,,
260378,260378,UT,22:33:08 18-Apr-2024,Argos,0,43.884060,-60.830910,3468,52058,231,98,,,,,,
260378,260378,UT,22:39:53 18-Apr-2024,Argos,B,43.883160,-60.826860,3500,8040,1523,97,,,,,,
260378,260378,UT,22:52:22 18-Apr-2024,Argos,A,43.888770,-60.870140,794,1697,371,130,,,,,,
260378,260378,UT,23:15:58 18-Apr-2024,Argos,2,43.894610,-60.888420,450,797,254,82,,,,,,
260378,260378,UT,23:30:13 18-Apr-2024,Argos,A,43.884820,-60.882900,232,359,150,88,,,,,,
260378,260378,UT,23:30:36 18-Apr-2024,Argos,A,43.887390,-60.882890,324,435,240,119,,,,,,
260378,260378,UT,00:13:22 19-Apr-2024,Argos,B,43.880840,-60.858090,4960,6942,3544,94,,,,,,
260378,260378,UT,00:27:28 19-Apr-2024,Argos,1,43.882680,-60.897010,713,3689,137,72,,,,,,
260378,260378,UT,00:37:23 19-Apr-2024,Argos,2,43.881730,-60.901250,264,432,161,96,,,,,,
260378,260378,UT,00:55:58 19-Apr-2024,Argos,2,43.879660,-60.885410,422,1518,117,80,,,,,,
260378,260378,UT,02:11:59 19-Apr-2024,Argos,1,43.883470,-60.889070,618,795,481,67,,,,,,
260378,260378,UT,02:14:35 19-Apr-2024,Argos,1,43.880860,-60.896300,1033,6489,164,80,,,,,,
260378,260378,UT,02:40:12 19-Apr-2024,Argos,2,43.884470,-60.884550,348,630,191,69,,,,,,
260378,260378,UT,02:41:10 19-Apr-2024,Argos,1,43.883260,-60.883720,1318,2340,742,66,,,,,,
260378,260378,UT,12:20:26 19-Apr-2024,Argos,B,43.816740,-60.746520,17542,27838,11053,109,,,,,,
260378,260378,UT,12:45:15 19-Apr-2024,Argos,1,43.877460,-60.901030,551,877,345,81,,,,,,
260378,260378,UT,13:13:25 19-Apr-2024,Argos,2,43.871980,-60.908250,392,1454,105,91,,,,,,
260378,260378,UT,13:20:29 19-Apr-2024,Argos,B,43.871600,-60.906900,651,2144,197,74,,,,,,
260378,260378,UT,13:41:32 19-Apr-2024,Argos,B,43.869930,-60.910650,1233,7192,211,112,,,,,,
260378,260378,UT,14:23:18 19-Apr-2024,Argos,1,43.861010,-60.890840,705,2109,235,105,,,,,,
260378,260378,UT,14:34:31 19-Apr-2024,Argos,2,43.856770,-60.892540,372,734,188,98,,,,,,
260378,260378,UT,14:40:00 19-Apr-2024,Argos,B,43.855750,-60.890910,1552,2195,1096,91,,,,,,
260378,260378,UT,14:56:50 19-Apr-2024,Argos,A,43.855110,-60.875540,144,293,70,81,,,,,,
260378,260378,UT,15:16:54 19-Apr-2024,Argos,B,43.855010,-60.874860,447,1382,144,167,,,,,,
260378,260378,UT,16:04:40 19-Apr-2024,Argos,B,43.836730,-60.876720,706,3293,151,98,,,,,,
260378,260378,UT,16:16:23 19-Apr-2024,Argos,3,43.838720,-60.872680,152,233,98,85,,,,,,
260378,260378,UT,16:22:33 19-Apr-2024,Argos,3,43.844270,-60.881200,230,1225,43,105,,,,,,
260378,260378,UT,21:34:26 19-Apr-2024,Argos,B,43.825580,-60.880370,2111,29934,148,14,,,,,,
260378,260378,UT,21:58:10 19-Apr-2024,Argos,A,43.847750,-60.864440,138,162,117,63,,,,,,
260378,260378,UT,22:07:35 19-Apr-2024,Argos,B,43.847830,-60.865150,445,616,321,89,,,,,,
260378,260378,UT,22:35:47 19-Apr-2024,Argos,B,43.847500,-60.864770,846,1176,608,88,,,,,,
260378,260378,UT,23:03:35 19-Apr-2024,Argos,1,43.850530,-60.863950,947,1258,712,123,,,,,,
260378,260378,UT,23:04:51 19-Apr-2024,Argos,1,43.848670,-60.865690,633,2051,195,77,,,,,,
260378,260378,UT,23:06:59 19-Apr-2024,Argos,3,43.844950,-60.871670,214,524,87,81,,,,,,
260378,260378,UT,23:21:39 19-Apr-2024,Argos,B,43.843490,-60.862340,423,2356,75,93,,,,,,
260378,260378,UT,23:40:50 19-Apr-2024,Argos,2,43.851390,-60.833020,487,2463,96,97,,,,,,
260378,260378,UT,00:13:24 20-Apr-2024,Argos,2,43.852980,-60.797820,496,1668,147,83,,,,,,
260378,260378,UT,00:24:38 20-Apr-2024,Argos,3,43.850820,-60.784950,212,459,97,38,,,,,,
260378,260378,UT,00:43:53 20-Apr-2024,Argos,B,43.848940,-60.776590,632,855,467,84,,,,,,
260378,260378,UT,00:44:41 20-Apr-2024,Argos,1,43.850810,-60.777120,674,2246,202,72,,,,,,
260378,260378,UT,01:00:43 20-Apr-2024,Argos,B,43.849230,-60.769210,1449,2349,894,83,,,,,,
260378,260378,UT,01:51:35 20-Apr-2024,Argos,3,43.843190,-60.691610,244,442,133,71,,,,,,
260378,260378,UT,01:57:04 20-Apr-2024,Argos,A,43.842490,-60.688060,233,543,99,107,,,,,,
260378,260378,UT,02:01:56 20-Apr-2024,Argos,0,43.837540,-60.675660,1591,18168,139,79,,,,,,
260378,260378,UT,02:28:12 20-Apr-2024,Argos,B,43.835310,-60.654880,3892,6167,2456,86,,,,,,
260378,260378,UT,11:41:15 20-Apr-2024,Argos,A,43.864190,-60.773470,509,839,308,28,,,,,,
260378,260378,UT,12:25:46 20-Apr-2024,Argos,A,43.859160,-60.814290,367,515,260,35,,,,,,
260378,260378,UT,12:55:47 20-Apr-2024,Argos,B,43.855380,-60.810380,1010,6620,154,44,,,,,,
260378,260378,UT,13:07:44 20-Apr-2024,Argos,A,43.850760,-60.834440,107,195,58,94,,,,,,
260378,260378,UT,13:16:15 20-Apr-2024,Argos,B,43.849770,-60.833560,408,590,282,90,,,,,,
260378,260378,UT,14:04:05 20-Apr-2024,Argos,0,43.821990,-60.822930,4534,56576,363,100,,,,,,
260378,260378,UT,14:22:38 20-Apr-2024,Argos,3,43.826950,-60.837120,107,271,42,89,,,,,,
260378,260378,UT,14:46:27 20-Apr-2024,Argos,A,43.817100,-60.846200,143,233,87,137,,,,,,
260378,260378,UT,14:52:32 20-Apr-2024,Argos,B,43.815550,-60.845070,375,521,269,94,,,,,,
260378,260378,UT,15:37:52 20-Apr-2024,Argos,A,43.812250,-60.886430,247,426,142,59,,,,,,
260378,260378,UT,15:44:21 20-Apr-2024,Argos,B,43.809480,-60.883680,416,1371,126,63,,,,,,
260378,260378,UT,16:10:11 20-Apr-2024,Argos,B,43.798900,-60.902690,512,1945,134,161,,,,,,
260378,260378,UT,16:27:59 20-Apr-2024,Argos,B,43.797370,-60.903450,804,1033,625,148,,,,,,
260378,260378,UT,21:34:25 20-Apr-2024,Argos,B,43.773080,-60.879760,2167,3948,1188,105,,,,,,
260378,260378,UT,22:14:14 20-Apr-2024,Argos,B,43.809440,-60.900660,2073,4504,953,96,,,,,,
260378,260378,UT,22:38:53 20-Apr-2024,Argos,A,43.834480,-60.910020,149,465,47,68,,,,,,
260378,260378,UT,22:45:19 20-Apr-2024,Argos,A,43.840410,-60.897820,349,3683,33,91,,,,,,
260378,260378,UT,22:51:18 20-Apr-2024,Argos,B,43.842170,-60.890420,389,741,204,56,,,,,,
260378,260378,UT,22:57:26 20-Apr-2024,Argos,B,43.841030,-60.889740,488,658,361,72,,,,,,
260378,260378,UT,23:00:24 20-Apr-2024,Argos,B,43.816640,-60.910220,1325,4385,400,38,,,,,,
260378,260378,UT,23:11:35 20-Apr-2024,Argos,1,43.848120,-60.880890,823,1840,368,96,,,,,,
260378,260378,UT,23:49:48 20-Apr-2024,Argos,A,43.855110,-60.883820,582,826,409,91,,,,,,
260378,260378,UT,00:13:57 21-Apr-2024,Argos,1,43.849630,-60.888590,608,787,470,116,,,,,,
260378,260378,UT,00:15:36 21-Apr-2024,Argos,B,43.841380,-60.893430,382,556,261,116,,,,,,
260378,260378,UT,00:17:14 21-Apr-2024,Argos,B,43.841320,-60.895490,286,507,160,58,,,,,,
260378,260378,UT,00:31:38 21-Apr-2024,Argos,A,43.842360,-60.900190,796,14611,43,77,,,,,,
260378,260378,UT,00:34:58 21-Apr-2024,Argos,2,43.841740,-60.897610,298,2431,36,68,,,,,,
260378,260378,UT,00:49:52 21-Apr-2024,Argos,B,43.844080,-60.899530,601,975,369,79,,,,,,
260378,260378,UT,01:10:15 21-Apr-2024,Argos,B,43.846210,-60.901340,856,1304,561,85,,,,,,
260378,260378,UT,01:30:06 21-Apr-2024,Argos,1,43.846990,-60.884610,654,1327,322,74,,,,,,
260378,260378,UT,01:49:35 21-Apr-2024,Argos,A,43.846800,-60.901080,1689,30153,94,78,,,,,,
260378,260378,UT,02:13:22 21-Apr-2024,Argos,0,43.850140,-60.887340,1612,2356,1102,52,,,,,,
260378,260378,UT,02:17:25 21-Apr-2024,Argos,B,43.856010,-60.884790,1897,4189,858,102,,,,,,
260378,260378,UT,02:48:48 21-Apr-2024,Argos,1,43.849220,-60.893680,562,1118,282,90,,,,,,
260378,260378,UT,12:07:42 21-Apr-2024,Argos,B,43.831600,-60.942130,6959,46169,1048,40,,,,,,
260378,260378,UT,12:27:46 21-Apr-2024,Argos,B,43.835130,-60.937690,6655,23416,1891,42,,,,,,
260378,260378,UT,12:49:40 21-Apr-2024,Argos,3,43.811130,-60.954820,163,294,90,110,,,,,,
260378,260378,UT,12:52:41 21-Apr-2024,Argos,B,43.810000,-60.954750,363,559,235,92,,,,,,
260378,260378,UT,13:42:24 21-Apr-2024,Argos,2,43.785160,-60.960460,282,1348,59,95,,,,,,
260378,260378,UT,14:08:09 21-Apr-2024,Argos,A,43.775400,-60.963020,1000,3580,279,77,,,,,,
260378,260378,UT,14:13:31 21-Apr-2024,Argos,3,43.786320,-60.950930,229,297,175,81,,,,,,
260378,260378,UT,14:29:03 21-Apr-2024,Argos,3,43.781440,-60.950950,160,420,60,107,,,,,,
260378,260378,UT,14:31:24 21-Apr-2024,Argos,A,43.783760,-60.952860,179,722,44,116,,,,,,
260378,260378,UT,15:54:59 21-Apr-2024,Argos,B,43.757770,-60.970630,1202,1664,867,99,,,,,,
260378,260378,UT,16:28:52 21-Apr-2024,Argos,B,43.735660,-60.974510,1356,2359,778,81,,,,,,
260378,260378,UT,22:08:19 21-Apr-2024,Argos,2,43.777940,-61.023880,495,863,284,68,,,,,,
260378,260378,UT,22:14:52 21-Apr-2024,Argos,B,43.779920,-61.027820,941,1492,593,159,,,,,,
260378,260378,UT,22:20:39 21-Apr-2024,Argos,A,43.778350,-61.019030,257,1034,63,68,,,,,,
260378,260378,UT,22:39:03 21-Apr-2024,Argos,2,43.778960,-61.007530,285,1014,79,96,,,,,,
260378,260378,UT,22:39:08 21-Apr-2024,Argos,1,43.776770,-61.013060,725,1751,299,104,,,,,,
260378,260378,UT,23:32:23 21-Apr-2024,Argos,A,43.779590,-61.006390,585,817,418,111,,,,,,
260378,260378,UT,23:46:15 21-Apr-2024,Argos,3,43.779970,-61.004410,113,169,75,97,,,,,,
260378,260378,UT,23:56:48 21-Apr-2024,Argos,B,43.777890,-61.014380,497,2252,109,177,,,,,,
260378,260378,UT,00:01:38 22-Apr-2024,Argos,A,43.786790,-61.003540,383,609,240,158,,,,,,
260378,260378,UT,00:14:03 22-Apr-2024,Argos,B,43.782930,-61.002180,593,3747,93,46,,,,,,
260378,260378,UT,00:17:55 22-Apr-2024,Argos,2,43.782500,-61.009470,363,1565,84,85,,,,,,
260378,260378,UT,00:18:18 22-Apr-2024,Argos,B,43.782310,-61.009710,290,873,96,85,,,,,,
260378,260378,UT,01:05:05 22-Apr-2024,Argos,1,43.795590,-60.966630,657,4400,98,77,,,,,,
260378,260378,UT,01:38:57 22-Apr-2024,Argos,2,43.792600,-60.990480,289,677,122,57,,,,,,
260378,260378,UT,01:58:46 22-Apr-2024,Argos,B,43.771950,-61.008470,2102,4512,979,106,,,,,,
260378,260378,UT,02:02:16 22-Apr-2024,Argos,1,43.785620,-60.994030,539,575,504,32,,,,,,
260378,260378,UT,02:02:21 22-Apr-2024,Argos,1,43.791310,-60.979570,786,1092,565,60,,,,,,
260378,260378,UT,12:06:12 22-Apr-2024,Argos,B,43.817680,-61.005940,16907,597502,478,101,,,,,,
260378,260378,UT,12:39:16 22-Apr-2024,Argos,2,43.803050,-60.982360,455,639,323,80,,,,,,
260378,260378,UT,13:22:07 22-Apr-2024,Argos,1,43.809590,-60.984390,569,1586,204,95,,,,,,
260378,260378,UT,13:38:54 22-Apr-2024,Argos,2,43.808390,-60.981830,483,1092,213,78,,,,,,
260378,260378,UT,13:59:57 22-Apr-2024,Argos,1,43.809800,-60.990810,738,945,575,77,,,,,,
260378,260378,UT,14:10:12 22-Apr-2024,Argos,2,43.807910,-60.986970,396,1785,87,96,,,,,,
260378,260378,UT,14:16:24 22-Apr-2024,Argos,1,43.794520,-60.971770,721,5207,99,93,,,,,,
260378,260378,UT,15:06:48 22-Apr-2024,Argos,B,43.791250,-60.977290,2826,4222,1891,98,,,,,,
260378,260378,UT,15:44:05 22-Apr-2024,Argos,B,43.795980,-60.975610,2943,4711,1838,98,,,,,,
260378,260378,UT,15:48:17 22-Apr-2024,Argos,B,43.795410,-60.974730,2492,4526,1372,99,,,,,,
260378,260378,UT,21:36:29 22-Apr-2024,Argos,A,43.790630,-61.066120,3705,49906,275,86,,,,,,
260378,260378,UT,21:46:47 22-Apr-2024,Argos,1,43.799560,-61.054500,1152,1581,839,101,,,,,,
260378,260378,UT,21:58:05 22-Apr-2024,Argos,1,43.784010,-61.073750,602,1718,210,101,,,,,,
260378,260378,UT,22:07:15 22-Apr-2024,Argos,2,43.785280,-61.073370,490,1020,235,110,,,,,,
260378,260378,UT,22:27:37 22-Apr-2024,Argos,1,43.774210,-61.064240,643,1255,329,145,,,,,,
260378,260378,UT,23:09:18 22-Apr-2024,Argos,A,43.752480,-61.074880,1879,5735,615,1,,,,,,
260378,260378,UT,23:26:58 22-Apr-2024,Argos,3,43.789330,-61.065780,150,501,45,84,,,,,,
260378,260378,UT,23:31:30 22-Apr-2024,Argos,2,43.792160,-61.063780,416,486,356,58,,,,,,
260378,260378,UT,00:01:34 23-Apr-2024,Argos,B,43.786280,-61.066490,2308,12292,433,59,,,,,,
260378,260378,UT,00:05:15 23-Apr-2024,Argos,1,43.787950,-61.074120,733,1623,331,64,,,,,,
260378,260378,UT,00:46:14 23-Apr-2024,Argos,1,43.780000,-61.059110,990,4873,200,65,,,,,,
260378,260378,UT,01:05:00 23-Apr-2024,Argos,B,43.776350,-61.059150,1480,2475,885,76,,,,,,
260378,260378,UT,01:18:47 23-Apr-2024,Argos,B,43.774550,-61.059640,1812,2822,1163,77,,,,,,
260378,260378,UT,01:28:24 23-Apr-2024,Argos,0,43.752680,-61.088880,1668,20126,138,71,,,,,,
260378,260378,UT,02:57:17 23-Apr-2024,Argos,B,43.732230,-61.079630,3528,5540,2247,72,,,,,,
260378,260378,UT,11:42:35 23-Apr-2024,Argos,1,43.732770,-61.127110,532,2808,100,86,,,,,,
260378,260378,UT,12:27:00 23-Apr-2024,Argos,B,43.727440,-61.127590,2486,3556,1737,87,,,,,,
260378,260378,UT,13:05:53 23-Apr-2024,Argos,A,43.724430,-61.128360,522,2446,111,56,,,,,,
260378,260378,UT,13:21:33 23-Apr-2024,Argos,A,43.723420,-61.122300,646,2509,166,115,,,,,,
260378,260378,UT,13:50:14 23-Apr-2024,Argos,A,43.717470,-61.167220,583,5196,65,92,,,,,,
260378,260378,UT,13:51:49 23-Apr-2024,Argos,A,43.714000,-61.145440,174,420,72,71,,,,,,
260378,260378,UT,14:07:21 23-Apr-2024,Argos,2,43.711160,-61.151160,477,2101,108,96,,,,,,
260378,260378,UT,14:42:12 23-Apr-2024,Argos,A,43.711990,-61.177560,1643,26559,101,91,,,,,,
260378,260378,UT,21:41:26 23-Apr-2024,Argos,B,43.695670,-61.347290,2106,68429,64,79,,,,,,
260378,260378,UT,22:33:41 23-Apr-2024,Argos,A,43.723450,-61.222850,1290,4437,375,19,,,,,,
260378,260378,UT,22:49:34 23-Apr-2024,Argos,A,43.737620,-61.218620,964,3092,300,129,,,,,,
260378,260378,UT,22:59:54 23-Apr-2024,Argos,1,43.729220,-61.195650,1424,19279,105,82,,,,,,
260378,260378,UT,23:05:44 23-Apr-2024,Argos,A,43.727920,-61.207380,114,301,42,119,,,,,,
260378,260378,UT,23:18:43 23-Apr-2024,Argos,A,43.716380,-61.202230,570,1736,187,33,,,,,,
260378,260378,UT,23:34:41 23-Apr-2024,Argos,A,43.734960,-61.212550,1148,3991,329,155,,,,,,
260378,260378,UT,23:38:59 23-Apr-2024,Argos,B,43.718480,-61.203690,1749,2362,1293,88,,,,,,
260378,260378,UT,23:53:36 23-Apr-2024,Argos,2,43.722030,-61.214910,283,560,143,76,,,,,,
260378,260378,UT,00:26:26 24-Apr-2024,Argos,B,43.726510,-61.213620,1616,25697,101,75,,,,,,
260378,260378,UT,00:37:15 24-Apr-2024,Argos,A,43.730320,-61.225840,191,236,154,35,,,,,,
260378,260378,UT,00:40:41 24-Apr-2024,Argos,B,43.726830,-61.213960,746,1781,312,78,,,,,,
260378,260378,UT,00:55:52 24-Apr-2024,Argos,B,43.726800,-61.212510,651,2279,185,43,,,,,,
260378,260378,UT,01:18:49 24-Apr-2024,Argos,B,43.728650,-61.211720,593,11419,30,79,,,,,,
260378,260378,UT,01:20:26 24-Apr-2024,Argos,B,43.727200,-61.217040,303,1942,47,93,,,,,,
260378,260378,UT,01:35:27 24-Apr-2024,Argos,A,43.723810,-61.214940,119,173,81,90,,,,,,
260378,260378,UT,02:09:37 24-Apr-2024,Argos,B,43.727490,-61.213560,788,1140,544,87,,,,,,
260378,260378,UT,02:09:37 24-Apr-2024,Argos,B,43.725950,-61.214320,804,1130,572,85,,,,,,
260378,260378,UT,12:13:54 24-Apr-2024,Argos,2,43.718710,-61.196170,434,518,362,2,,,,,,
260378,260378,UT,12:42:06 24-Apr-2024,Argos,3,43.726800,-61.176700,183,253,131,148,,,,,,
260378,260378,UT,12:52:23 24-Apr-2024,Argos,3,43.728050,-61.175350,127,200,81,87,,,,,,
260378,260378,UT,13:31:26 24-Apr-2024,Argos,A,43.730990,-61.177850,125,487,31,92,,,,,,
260378,260378,UT,13:36:44 24-Apr-2024,Argos,A,43.728460,-61.171760,214,424,107,48,,,,,,
260378,260378,UT,13:53:34 24-Apr-2024,Argos,A,43.717710,-61.164570,789,7225,86,95,,,,,,
260378,260378,UT,14:21:10 24-Apr-2024,Argos,3,43.720540,-61.160700,144,407,51,91,,,,,,
260378,260378,UT,15:16:56 24-Apr-2024,Argos,B,43.725390,-61.156650,3140,4411,2235,90,,,,,,
260378,260378,UT,15:49:32 24-Apr-2024,Argos,B,43.705780,-61.153230,2472,19188,318,95,,,,,,
260378,260378,UT,21:51:39 24-Apr-2024,Argos,A,43.739370,-61.055290,126,158,99,86,,,,,,
260378,260378,UT,22:04:25 24-Apr-2024,Argos,B,43.743020,-61.042960,529,808,345,139,,,,,,
260378,260378,UT,22:36:44 24-Apr-2024,Argos,1,43.749880,-61.042460,643,2312,178,88,,,,,,
260378,260378,UT,22:44:29 24-Apr-2024,Argos,1,43.749480,-61.029300,632,6250,63,100,,,,,,
260378,260378,UT,22:51:07 24-Apr-2024,Argos,2,43.748650,-61.026700,393,1004,153,99,,,,,,
260378,260378,UT,23:20:04 24-Apr-2024,Argos,B,43.753870,-61.030100,2122,9486,474,73,,,,,,
260378,260378,UT,23:43:23 24-Apr-2024,Argos,3,43.764920,-61.007250,246,415,146,68,,,,,,
260378,260378,UT,00:09:13 25-Apr-2024,Argos,2,43.768290,-60.988660,259,470,142,76,,,,,,
260378,260378,UT,00:16:59 25-Apr-2024,Argos,B,43.768790,-60.987080,1015,1422,724,90,,,,,,
260378,260378,UT,00:19:26 25-Apr-2024,Argos,B,43.768940,-60.987070,999,1417,704,91,,,,,,
260378,260378,UT,00:25:26 25-Apr-2024,Argos,1,43.774390,-60.987600,525,820,335,41,,,,,,
260378,260378,UT,00:54:57 25-Apr-2024,Argos,1,43.797900,-60.903690,1058,15707,71,78,,,,,,
260378,260378,UT,01:02:43 25-Apr-2024,Argos,A,43.797430,-60.935520,567,1029,312,155,,,,,,
260378,260378,UT,01:24:35 25-Apr-2024,Argos,2,43.803350,-60.901710,392,613,250,75,,,,,,
260378,260378,UT,01:25:41 25-Apr-2024,Argos,B,43.803720,-60.901190,422,644,275,94,,,,,,
260378,260378,UT,01:45:37 25-Apr-2024,Argos,2,43.809190,-60.891570,367,798,168,81,,,,,,
260378,260378,UT,02:41:47 25-Apr-2024,Argos,B,43.812240,-60.880730,3679,5087,2659,89,,,,,,
260378,260378,UT,12:06:59 25-Apr-2024,Argos,B,43.860870,-60.772270,9143,18227,4586,96,,,,,,
260378,260378,UT,12:25:25 25-Apr-2024,Argos,A,43.895250,-60.877370,1056,9785,114,61,,,,,,
260378,260378,UT,12:28:35 25-Apr-2024,Argos,2,43.921830,-60.819790,346,861,139,93,,,,,,
260378,260378,UT,13:17:09 25-Apr-2024,Argos,B,43.897610,-60.869280,1438,2988,691,66,,,,,,
260378,260378,UT,13:23:09 25-Apr-2024,Argos,B,43.895870,-60.875190,1455,2930,722,65,,,,,,
260378,260378,UT,13:43:55 25-Apr-2024,Argos,0,43.919150,-60.922520,1655,36007,76,101,,,,,,
260378,260378,UT,14:02:06 25-Apr-2024,Argos,0,43.916280,-60.948940,1982,43881,89,99,,,,,,
260378,260378,UT,14:08:10 25-Apr-2024,Argos,B,43.916340,-60.949260,1680,5491,514,99,,,,,,
260378,260378,UT,15:04:08 25-Apr-2024,Argos,B,43.875240,-60.960760,488,2269,104,101,,,,,,
260378,260378,UT,15:04:08 25-Apr-2024,Argos,A,43.881170,-60.991340,234,2239,24,101,,,,,,
260378,260378,UT,15:23:51 25-Apr-2024,Argos,B,43.913060,-60.925680,891,6301,126,23,,,,,,
260378,260378,UT,15:44:23 25-Apr-2024,Argos,B,43.908980,-60.929220,1064,1791,631,28,,,,,,
260378,260378,UT,16:44:13 25-Apr-2024,Argos,1,43.828180,-60.948050,1277,14470,112,96,,,,,,
260378,260378,UT,16:45:50 25-Apr-2024,Argos,A,43.829950,-60.997710,573,792,414,149,,,,,,
260378,260378,UT,22:12:17 25-Apr-2024,Argos,1,43.744490,-61.158210,865,5534,135,99,,,,,,
260378,260378,UT,22:14:49 25-Apr-2024,Argos,3,43.746420,-61.172520,225,493,102,84,,,,,,
260378,260378,UT,22:20:55 25-Apr-2024,Argos,A,43.744680,-61.159680,225,1713,29,93,,,,,,
260378,260378,UT,23:28:53 25-Apr-2024,Argos,1,43.738250,-61.163750,876,1257,609,74,,,,,,
260378,260378,UT,23:43:09 25-Apr-2024,Argos,3,43.741550,-61.168990,167,244,113,62,,,,,,
260378,260378,UT,23:52:07 25-Apr-2024,Argos,B,43.739520,-61.168690,454,641,321,88,,,,,,
260378,260378,UT,23:52:07 25-Apr-2024,Argos,B,43.740500,-61.169250,443,601,326,92,,,,,,
260378,260378,UT,00:40:30 26-Apr-2024,Argos,B,43.731410,-61.164100,1045,1451,752,89,,,,,,
260378,260378,UT,00:48:21 26-Apr-2024,Argos,3,43.748510,-61.175880,176,451,68,55,,,,,,
260378,260378,UT,01:09:40 26-Apr-2024,Argos,3,43.745560,-61.163330,240,868,66,97,,,,,,
260378,260378,UT,13:34:35 26-Apr-2024,Argos,A,43.724050,-61.233170,315,646,153,70,,,,,,
260378,260378,UT,13:40:09 26-Apr-2024,Argos,A,43.723020,-61.232970,293,1536,56,86,,,,,,
260378,260378,UT,13:40:54 26-Apr-2024,Argos,B,43.722810,-61.233010,315,1125,88,86,,,,,,
260378,260378,UT,14:34:53 26-Apr-2024,Argos,B,43.726940,-61.219450,751,15934,35,110,,,,,,
260378,260378,UT,14:51:57 26-Apr-2024,Argos,A,43.727470,-61.224810,175,1004,30,89,,,,,,
260378,260378,UT,23:23:27 26-Apr-2024,Argos,A,43.723560,-61.189360,182,938,35,70,,,,,,
260378,260378,UT,23:29:03 26-Apr-2024,Argos,B,43.696400,-61.179570,2605,5199,1304,72,,,,,,
260378,260378,UT,23:29:03 26-Apr-2024,Argos,B,43.688660,-61.156410,2550,4356,1492,126,,,,,,
260378,260378,UT,01:01:06 27-Apr-2024,Argos,B,43.724090,-61.188200,1919,66256,55,53,,,,,,
260378,260378,UT,01:04:07 27-Apr-2024,Argos,B,43.725040,-61.187350,1534,13631,172,54,,,,,,
260378,260378,UT,01:53:44 27-Apr-2024,Argos,B,43.727240,-61.182780,1797,4767,677,57,,,,,,
260378,260378,UT,02:44:55 27-Apr-2024,Argos,B,43.724690,-61.185060,1846,3309,1029,63,,,,,,
260378,260378,UT,02:44:55 27-Apr-2024,Argos,B,43.726570,-61.183000,1716,2762,1065,64,,,,,,
260378,260378,UT,13:14:26 27-Apr-2024,Argos,2,43.703030,-61.199390,260,574,118,81,,,,,,
260378,260378,UT,13:17:06 27-Apr-2024,Argos,2,43.707640,-61.206030,328,808,132,106,,,,,,
260378,260378,UT,13:20:04 27-Apr-2024,Argos,2,43.703420,-61.205230,298,604,146,85,,,,,,
260378,260378,UT,14:10:49 27-Apr-2024,Argos,B,43.704510,-61.202740,3070,4614,2042,96,,,,,,
260378,260378,UT,14:38:02 27-Apr-2024,Argos,1,43.704280,-61.194930,665,1174,376,84,,,,,,
260378,260378,UT,14:59:41 27-Apr-2024,Argos,B,43.692060,-61.189450,3142,19188,514,80,,,,,,
260378,260378,UT,15:02:35 27-Apr-2024,Argos,B,43.693160,-61.183740,211,530,83,145,,,,,,
260378,260378,UT,15:09:22 27-Apr-2024,Argos,1,43.702070,-61.190520,954,1010,900,54,,,,,,
260378,260378,UT,22:52:45 27-Apr-2024,Argos,B,43.711100,-61.189850,13300,36990,4782,91,,,,,,
260378,260378,UT,22:52:45 27-Apr-2024,Argos,B,43.715120,-61.181750,10748,42445,2721,90,,,,,,
260378,260378,UT,00:31:12 28-Apr-2024,Argos,A,43.744010,-61.291280,317,491,204,116,,,,,,
260378,260378,UT,00:31:12 28-Apr-2024,Argos,A,43.736080,-61.292810,1958,7164,535,11,,,,,,
260378,260378,UT,00:39:47 28-Apr-2024,Argos,B,43.745500,-61.290890,481,607,380,96,,,,,,
260378,260378,UT,00:45:23 28-Apr-2024,Argos,1,43.745570,-61.301220,849,6061,118,76,,,,,,
260378,260378,UT,00:48:10 28-Apr-2024,Argos,2,43.743870,-61.297910,391,1889,81,71,,,,,,
260378,260378,UT,02:08:48 28-Apr-2024,Argos,B,43.745200,-61.324130,1635,3008,888,82,,,,,,
260378,260378,UT,12:50:58 28-Apr-2024,Argos,B,43.740280,-61.316080,3515,11034,1119,95,,,,,,
260378,260378,UT,12:58:23 28-Apr-2024,Argos,2,43.746180,-61.296530,408,640,260,96,,,,,,
260378,260378,UT,13:03:39 28-Apr-2024,Argos,2,43.739930,-61.282860,356,727,174,115,,,,,,
260378,260378,UT,13:48:05 28-Apr-2024,Argos,A,43.740050,-61.301430,663,5142,85,95,,,,,,
260378,260378,UT,14:25:18 28-Apr-2024,Argos,1,43.738870,-61.278070,574,929,354,83,,,,,,
260378,260378,UT,14:29:02 28-Apr-2024,Argos,B,43.738850,-61.278080,1891,2648,1349,89,,,,,,
260378,260378,UT,14:40:04 28-Apr-2024,Argos,A,43.740690,-61.265220,410,2739,61,99,,,,,,
260378,260378,UT,14:43:36 28-Apr-2024,Argos,B,43.740390,-61.265280,625,1269,307,97,,,,,,
260378,260378,UT,22:21:08 28-Apr-2024,Argos,1,43.717950,-61.324350,731,6194,86,97,,,,,,
260378,260378,UT,22:25:32 28-Apr-2024,Argos,1,43.716450,-61.302840,556,669,462,135,,,,,,
260378,260378,UT,22:31:58 28-Apr-2024,Argos,3,43.713920,-61.314260,153,636,36,79,,,,,,
260378,260378,UT,22:45:48 28-Apr-2024,Argos,B,43.713890,-61.314730,643,917,450,88,,,,,,
260378,260378,UT,22:45:48 28-Apr-2024,Argos,B,43.714050,-61.314740,642,919,448,88,,,,,,
260378,260378,UT,22:54:00 28-Apr-2024,Argos,1,43.719900,-61.305340,868,922,817,157,,,,,,
260378,260378,UT,23:31:58 28-Apr-2024,Argos,A,43.724370,-61.294760,428,497,367,132,,,,,,
260378,260378,UT,00:00:24 29-Apr-2024,Argos,1,43.718170,-61.288440,524,680,404,68,,,,,,
260378,260378,UT,00:11:55 29-Apr-2024,Argos,2,43.726000,-61.289560,365,481,275,73,,,,,,
260378,260378,UT,00:16:28 29-Apr-2024,Argos,A,43.728460,-61.290580,534,1001,284,124,,,,,,
260378,260378,UT,00:17:59 29-Apr-2024,Argos,B,43.718930,-61.291720,935,1331,656,176,,,,,,
260378,260378,UT,00:20:43 29-Apr-2024,Argos,2,43.719250,-61.291250,329,736,146,81,,,,,,
260378,260378,UT,00:33:29 29-Apr-2024,Argos,1,43.721780,-61.277710,1070,16168,70,78,,,,,,
260378,260378,UT,01:58:15 29-Apr-2024,Argos,A,43.741470,-61.265930,634,5575,72,70,,,,,,
260378,260378,UT,02:02:50 29-Apr-2024,Argos,B,43.741700,-61.265170,415,891,193,74,,,,,,
260378,260378,UT,12:09:16 29-Apr-2024,Argos,B,43.784660,-61.227510,2951,5096,1709,106,,,,,,
260378,260378,UT,12:37:42 29-Apr-2024,Argos,1,43.720260,-61.245550,1061,3376,333,123,,,,,,
260378,260378,UT,12:51:07 29-Apr-2024,Argos,2,43.717880,-61.240600,417,830,209,87,,,,,,
260378,260378,UT,13:29:48 29-Apr-2024,Argos,B,43.716680,-61.234180,2403,22615,255,56,,,,,,
260378,260378,UT,14:19:12 29-Apr-2024,Argos,2,43.705500,-61.220280,316,1740,57,103,,,,,,
260378,260378,UT,14:20:49 29-Apr-2024,Argos,B,43.707840,-61.218930,546,1358,219,99,,,,,,
260378,260378,UT,14:36:32 29-Apr-2024,Argos,B,43.705940,-61.223960,1011,6180,165,140,,,,,,
260378,260378,UT,21:45:34 29-Apr-2024,Argos,A,43.683840,-61.254310,308,893,105,26,,,,,,
260378,260378,UT,21:47:21 29-Apr-2024,Argos,2,43.682620,-61.254780,368,714,189,70,,,,,,
260378,260378,UT,22:02:39 29-Apr-2024,Argos,2,43.682900,-61.259590,307,507,185,81,,,,,,
260378,260378,UT,22:20:13 29-Apr-2024,Argos,3,43.685280,-61.252340,119,235,60,117,,,,,,
260378,260378,UT,22:42:13 29-Apr-2024,Argos,B,43.685910,-61.247980,470,2025,108,127,,,,,,
260378,260378,UT,23:16:44 29-Apr-2024,Argos,B,43.685020,-61.245330,919,1310,643,107,,,,,,
260378,260378,UT,23:28:16 29-Apr-2024,Argos,3,43.688230,-61.228620,177,329,94,132,,,,,,
260378,260378,UT,23:45:41 29-Apr-2024,Argos,2,43.687830,-61.236510,391,618,246,94,,,,,,
260378,260378,UT,23:53:15 29-Apr-2024,Argos,B,43.687910,-61.228800,680,964,479,95,,,,,,
260378,260378,UT,00:05:35 30-Apr-2024,Argos,B,43.685800,-61.229710,622,1714,225,123,,,,,,
260378,260378,UT,00:06:48 30-Apr-2024,Argos,2,43.689150,-61.234040,341,552,209,79,,,,,,
260378,260378,UT,00:19:36 30-Apr-2024,Argos,3,43.688690,-61.229390,142,623,32,70,,,,,,
260378,260378,UT,12:01:32 30-Apr-2024,Argos,A,43.706800,-61.300890,1202,61765,23,99,,,,,,
260378,260378,UT,12:18:51 30-Apr-2024,Argos,A,43.727580,-61.271210,1084,7369,159,132,,,,,,
260378,260378,UT,12:41:37 30-Apr-2024,Argos,A,43.715580,-61.285870,231,423,126,19,,,,,,
260378,260378,UT,13:06:21 30-Apr-2024,Argos,B,43.714180,-61.284050,803,1065,604,86,,,,,,
260378,260378,UT,13:36:01 30-Apr-2024,Argos,A,43.696030,-61.290430,512,2815,93,108,,,,,,
260378,260378,UT,13:55:51 30-Apr-2024,Argos,0,43.691680,-61.266210,1523,6253,371,99,,,,,,
260378,260378,UT,14:00:13 30-Apr-2024,Argos,A,43.694140,-61.253270,588,928,371,113,,,,,,
260378,260378,UT,21:36:58 30-Apr-2024,Argos,2,43.707430,-61.322870,292,595,142,87,,,,,,
260378,260378,UT,21:55:28 30-Apr-2024,Argos,A,43.717410,-61.325740,91,105,79,120,,,,,,
260378,260378,UT,22:30:07 30-Apr-2024,Argos,A,43.720470,-61.319560,284,553,145,130,,,,,,
260378,260378,UT,22:42:47 30-Apr-2024,Argos,B,43.720430,-61.319520,562,765,411,103,,,,,,
260378,260378,UT,22:52:59 30-Apr-2024,Argos,B,43.720520,-61.317860,707,965,518,96,,,,,,
260378,260378,UT,23:01:49 30-Apr-2024,Argos,2,43.714300,-61.316010,274,531,141,103,,,,,,
260378,260378,UT,23:24:26 30-Apr-2024,Argos,A,43.712900,-61.317030,1312,7108,242,100,,,,,,
260378,260378,UT,23:26:50 30-Apr-2024,Argos,2,43.716350,-61.313490,294,510,169,120,,,,,,
260378,260378,UT,23:42:30 30-Apr-2024,Argos,2,43.720420,-61.311990,410,722,232,91,,,,,,
260378,260378,UT,23:52:04 30-Apr-2024,Argos,B,43.720450,-61.311790,1171,1651,830,89,,,,,,
260378,260378,UT,00:06:37 01-May-2024,Argos,3,43.719780,-61.320710,153,185,126,35,,,,,,
260378,260378,UT,00:32:01 01-May-2024,Argos,B,43.721420,-61.321170,686,997,472,89,,,,,,
260378,260378,UT,11:36:06 01-May-2024,Argos,B,43.734260,-61.257420,3122,5059,1926,111,,,,,,
260378,260378,UT,11:59:41 01-May-2024,Argos,B,43.738410,-61.287280,1894,12399,289,15,,,,,,
260378,260378,UT,12:32:00 01-May-2024,Argos,B,43.737400,-61.285970,1886,4320,823,18,,,,,,
260378,260378,UT,12:45:02 01-May-2024,Argos,1,43.749890,-61.289850,1329,9813,179,105,,,,,,
260378,260378,UT,13:07:17 01-May-2024,Argos,A,43.740430,-61.283190,241,701,83,84,,,,,,
260378,260378,UT,13:36:18 01-May-2024,Argos,2,43.747280,-61.283040,260,1019,66,91,,,,,,
260378,260378,UT,13:46:48 01-May-2024,Argos,2,43.746710,-61.290720,298,399,222,113,,,,,,
260378,260378,UT,14:11:24 01-May-2024,Argos,B,43.743160,-61.290300,1025,12940,81,88,,,,,,
260378,260378,UT,14:33:26 01-May-2024,Argos,B,43.743100,-61.289200,1547,3060,781,88,,,,,,
260378,260378,UT,15:17:23 01-May-2024,Argos,B,43.743970,-61.284590,1179,1814,765,89,,,,,,
260378,260378,UT,15:30:28 01-May-2024,Argos,2,43.742480,-61.273680,382,1924,75,105,,,,,,
260378,260378,UT,15:30:35 01-May-2024,Argos,B,43.743890,-61.276720,314,914,107,99,,,,,,
260378,260378,UT,21:35:12 01-May-2024,Argos,B,43.741240,-61.257910,6851,12385,3789,107,,,,,,
260378,260378,UT,22:02:04 01-May-2024,Argos,B,43.737070,-61.265190,7242,22880,2292,98,,,,,,
260378,260378,UT,22:25:25 01-May-2024,Argos,B,43.735620,-61.265600,4899,27355,877,95,,,,,,
260378,260378,UT,22:55:01 01-May-2024,Argos,0,43.737280,-61.277790,7507,262140,215,78,,,,,,
260378,260378,UT,23:08:52 01-May-2024,Argos,B,43.737610,-61.276320,5706,27264,1194,79,,,,,,
260378,260378,UT,23:22:10 01-May-2024,Argos,A,43.738040,-61.291760,179,271,117,128,,,,,,
260378,260378,UT,00:01:07 02-May-2024,Argos,1,43.740300,-61.296820,545,1553,191,113,,,,,,
260378,260378,UT,00:02:45 02-May-2024,Argos,1,43.744690,-61.296290,1162,3418,395,103,,,,,,
260378,260378,UT,00:31:44 02-May-2024,Argos,1,43.727450,-61.329470,610,1316,282,145,,,,,,
260378,260378,UT,00:58:22 02-May-2024,Argos,B,43.728020,-61.329550,1257,1650,957,96,,,,,,
260378,260378,UT,02:54:52 02-May-2024,Argos,B,43.730800,-61.340200,2245,3036,1659,90,,,,,,
260378,260378,UT,11:45:19 02-May-2024,Argos,A,43.774270,-61.300210,279,663,117,60,,,,,,
260378,260378,UT,12:17:51 02-May-2024,Argos,B,43.775320,-61.301330,819,1170,573,82,,,,,,
260378,260378,UT,13:15:57 02-May-2024,Argos,B,43.785970,-61.317690,2238,120939,41,110,,,,,,
260378,260378,UT,13:35:45 02-May-2024,Argos,B,43.787730,-61.301840,944,4931,180,148,,,,,,
260378,260378,UT,14:00:13 02-May-2024,Argos,B,43.772640,-61.308300,750,6389,88,126,,,,,,
260378,260378,UT,21:51:49 02-May-2024,Argos,A,43.774940,-61.392280,181,371,88,106,,,,,,
260378,260378,UT,22:26:34 02-May-2024,Argos,B,43.781520,-61.389760,2101,3014,1464,91,,,,,,
260378,260378,UT,22:43:21 02-May-2024,Argos,B,43.785930,-61.354940,1395,4167,467,171,,,,,,
260378,260378,UT,23:03:05 02-May-2024,Argos,A,43.785230,-61.371720,1581,3109,803,9,,,,,,
260378,260378,UT,23:30:05 02-May-2024,Argos,B,43.785990,-61.370760,2695,2891,2511,23,,,,,,
260378,260378,UT,23:48:45 02-May-2024,Argos,B,43.794380,-61.376520,1238,14407,106,45,,,,,,
260378,260378,UT,00:08:03 03-May-2024,Argos,B,43.799970,-61.369070,1021,2225,468,51,,,,,,
260378,260378,UT,00:44:14 03-May-2024,Argos,A,43.803660,-61.373140,179,1252,25,79,,,,,,
260378,260378,UT,01:03:59 03-May-2024,Argos,3,43.807400,-61.357910,240,430,133,90,,,,,,
260378,260378,UT,01:23:42 03-May-2024,Argos,1,43.805440,-61.361810,544,946,312,98,,,,,,
260378,260378,UT,01:30:04 03-May-2024,Argos,B,43.805060,-61.351910,704,1846,268,74,,,,,,
260378,260378,UT,01:55:32 03-May-2024,Argos,B,43.808020,-61.351170,1743,7065,429,142,,,,,,
260378,260378,UT,12:06:56 03-May-2024,Argos,0,43.847340,-61.298220,4222,18227,977,26,,,,,,
260378,260378,UT,12:22:30 03-May-2024,Argos,2,43.829200,-61.300840,441,1469,132,108,,,,,,
260378,260378,UT,12:56:42 03-May-2024,Argos,A,43.834480,-61.320180,475,602,374,138,,,,,,
260378,260378,UT,13:24:26 03-May-2024,Argos,B,43.844230,-61.316360,550,1783,169,113,,,,,,
260378,260378,UT,13:42:18 03-May-2024,Argos,0,43.841140,-61.345220,3154,67037,148,100,,,,,,
260378,260378,UT,13:42:18 03-May-2024,Argos,A,43.840410,-61.341950,1271,16953,95,98,,,,,,
260378,260378,UT,14:00:45 03-May-2024,Argos,B,43.841390,-61.341580,2745,4488,1678,95,,,,,,
260378,260378,UT,14:35:15 03-May-2024,Argos,2,43.825200,-61.316690,386,1462,101,97,,,,,,
260378,260378,UT,15:03:56 03-May-2024,Argos,2,43.819420,-61.303070,396,5504,28,100,,,,,,
260378,260378,UT,15:27:25 03-May-2024,Argos,3,43.823990,-61.349560,193,413,89,74,,,,,,
260378,260378,UT,15:30:51 03-May-2024,Argos,B,43.823730,-61.349600,321,508,202,81,,,,,,
260378,260378,UT,15:36:15 03-May-2024,Argos,3,43.825290,-61.338570,165,257,106,90,,,,,,
260378,260378,UT,16:17:24 03-May-2024,Argos,1,43.818370,-61.333030,620,2314,166,53,,,,,,
260378,260378,UT,16:42:42 03-May-2024,Argos,2,43.809570,-61.310990,301,523,173,87,,,,,,
260378,260378,UT,22:01:36 03-May-2024,Argos,B,43.806080,-61.338430,7457,167319,332,34,,,,,,
260378,260378,UT,22:21:37 03-May-2024,Argos,B,43.831320,-61.275010,7814,571110,106,78,,,,,,
260378,260378,UT,22:21:37 03-May-2024,Argos,B,43.822790,-61.316100,153,920,25,76,,,,,,
260378,260378,UT,22:43:55 03-May-2024,Argos,B,43.829330,-61.307210,492,1638,147,112,,,,,,
260378,260378,UT,23:03:08 03-May-2024,Argos,3,43.826570,-61.314360,138,279,67,93,,,,,,
260378,260378,UT,23:26:45 03-May-2024,Argos,B,43.825780,-61.311750,734,1029,522,90,,,,,,
260378,260378,UT,23:31:38 03-May-2024,Argos,2,43.821490,-61.303080,477,815,279,76,,,,,,
260378,260378,UT,23:40:56 03-May-2024,Argos,2,43.819160,-61.300540,343,709,165,91,,,,,,
260378,260378,UT,23:52:11 03-May-2024,Argos,B,43.820860,-61.300300,1655,6966,393,161,,,,,,
260378,260378,UT,00:18:24 04-May-2024,Argos,3,43.825450,-61.299820,226,336,151,77,,,,,,
260378,260378,UT,00:38:42 04-May-2024,Argos,B,43.825400,-61.299810,1079,1494,778,90,,,,,,
260378,260378,UT,00:52:29 04-May-2024,Argos,A,43.815460,-61.293900,146,189,113,115,,,,,,
260378,260378,UT,01:09:06 04-May-2024,Argos,B,43.815810,-61.293360,447,962,207,131,,,,,,
260378,260378,UT,01:09:06 04-May-2024,Argos,A,43.821220,-61.295680,130,394,43,90,,,,,,
260378,260378,UT,01:15:34 04-May-2024,Argos,2,43.825800,-61.293070,347,991,121,68,,,,,,
260378,260378,UT,02:03:21 04-May-2024,Argos,1,43.816770,-61.296110,915,1159,722,93,,,,,,
260378,260378,UT,02:31:59 04-May-2024,Argos,2,43.815370,-61.288880,305,819,113,91,,,,,,
260378,260378,UT,02:47:28 04-May-2024,Argos,3,43.813680,-61.283080,160,385,66,69,,,,,,
260378,260378,UT,12:35:48 04-May-2024,Argos,3,43.786950,-61.278750,147,205,105,52,,,,,,
260378,260378,UT,13:16:18 04-May-2024,Argos,B,43.784780,-61.276270,873,1228,620,90,,,,,,
260378,260378,UT,13:22:38 04-May-2024,Argos,A,43.787530,-61.269590,700,3500,140,11,,,,,,
260378,260378,UT,13:31:10 04-May-2024,Argos,1,43.785900,-61.281260,552,2610,116,103,,,,,,
260378,260378,UT,13:33:02 04-May-2024,Argos,1,43.782930,-61.280790,641,1743,235,93,,,,,,
260378,260378,UT,14:13:19 04-May-2024,Argos,1,43.771620,-61.240620,856,6325,115,99,,,,,,
260378,260378,UT,14:49:26 04-May-2024,Argos,0,43.761390,-61.265860,2101,6175,714,25,,,,,,
260378,260378,UT,14:52:20 04-May-2024,Argos,3,43.772020,-61.253020,180,382,84,87,,,,,,
260378,260378,UT,15:07:45 04-May-2024,Argos,A,43.765310,-61.241690,725,3530,148,118,,,,,,
260378,260378,UT,15:11:09 04-May-2024,Argos,2,43.771090,-61.242360,279,600,129,84,,,,,,
260378,260378,UT,15:56:26 04-May-2024,Argos,1,43.775290,-61.246860,1046,2970,368,72,,,,,,
260378,260378,UT,16:27:11 04-May-2024,Argos,1,43.774590,-61.248820,771,7230,82,99,,,,,,
260378,260378,UT,21:36:40 04-May-2024,Argos,A,43.706800,-61.223580,495,559,438,20,,,,,,
260378,260378,UT,21:38:14 04-May-2024,Argos,3,43.713180,-61.237460,102,195,53,100,,,,,,
260378,260378,UT,21:58:14 04-May-2024,Argos,A,43.697720,-61.239650,337,3912,29,71,,,,,,
260378,260378,UT,22:31:04 04-May-2024,Argos,1,43.712240,-61.213520,1332,37373,47,101,,,,,,
260378,260378,UT,23:17:39 04-May-2024,Argos,3,43.719100,-61.186340,109,250,47,71,,,,,,
260378,260378,UT,23:19:25 04-May-2024,Argos,A,43.723470,-61.202360,211,257,173,3,,,,,,
260378,260378,UT,23:26:09 04-May-2024,Argos,B,43.725010,-61.200210,274,2158,34,88,,,,,,
260378,260378,UT,00:01:47 05-May-2024,Argos,A,43.732760,-61.210180,446,2862,69,113,,,,,,
260378,260378,UT,00:09:04 05-May-2024,Argos,1,43.723470,-61.197180,584,835,407,51,,,,,,
260378,260378,UT,00:39:24 05-May-2024,Argos,A,43.724320,-61.195590,303,378,242,103,,,,,,
260378,260378,UT,00:46:50 05-May-2024,Argos,1,43.725890,-61.192730,1359,17708,104,77,,,,,,
260378,260378,UT,00:57:14 05-May-2024,Argos,B,43.725810,-61.193410,1041,1533,706,159,,,,,,
260378,260378,UT,01:06:04 05-May-2024,Argos,B,43.727710,-61.190950,2352,3880,1426,85,,,,,,
260378,260378,UT,01:39:46 05-May-2024,Argos,3,43.728510,-61.202230,204,567,73,89,,,,,,
260378,260378,UT,02:03:52 05-May-2024,Argos,A,43.728770,-61.208410,171,303,96,107,,,,,,
260378,260378,UT,02:22:09 05-May-2024,Argos,B,43.727860,-61.207300,430,4967,37,69,,,,,,
260378,260378,UT,02:44:39 05-May-2024,Argos,B,43.727880,-61.206940,775,1378,435,77,,,,,,
260378,260378,UT,12:18:42 05-May-2024,Argos,B,43.764490,-61.259960,1785,3973,801,37,,,,,,
260378,260378,UT,13:12:52 05-May-2024,Argos,B,43.761340,-61.261800,2289,4234,1237,36,,,,,,
260378,260378,UT,13:20:23 05-May-2024,Argos,3,43.731540,-61.265710,138,516,36,85,,,,,,
260378,260378,UT,13:53:31 05-May-2024,Argos,1,43.726140,-61.231590,975,5494,173,97,,,,,,
260378,260378,UT,14:38:44 05-May-2024,Argos,B,43.713580,-61.240370,2380,32508,174,122,,,,,,
260378,260378,UT,14:50:30 05-May-2024,Argos,B,43.724120,-61.224330,4062,6554,2517,97,,,,,,
260378,260378,UT,15:46:42 05-May-2024,Argos,B,43.715700,-61.219230,4602,6621,3197,100,,,,,,
260378,260378,UT,20:59:48 05-May-2024,Argos,B,43.753510,-61.222100,2334,6437,846,95,,,,,,
260378,260378,UT,22:04:33 05-May-2024,Argos,B,43.756370,-61.172070,3564,15113,840,98,,,,,,
260378,260378,UT,22:39:08 05-May-2024,Argos,B,43.749500,-61.231960,5999,24681,1458,102,,,,,,
260378,260378,UT,22:50:09 05-May-2024,Argos,B,43.756760,-61.260520,2886,183512,45,77,,,,,,
260378,260378,UT,23:01:26 05-May-2024,Argos,A,43.761650,-61.278250,163,380,69,128,,,,,,
260378,260378,UT,23:08:19 05-May-2024,Argos,B,43.759140,-61.271210,304,682,135,22,,,,,,
260378,260378,UT,23:38:40 05-May-2024,Argos,B,43.765610,-61.288040,592,3256,107,61,,,,,,
260378,260378,UT,23:39:19 05-May-2024,Argos,A,43.774790,-61.274880,374,637,218,133,,,,,,
260378,260378,UT,00:48:32 06-May-2024,Argos,1,43.772700,-61.255880,831,8056,85,81,,,,,,
260378,260378,UT,01:23:01 06-May-2024,Argos,B,43.773700,-61.262060,1397,29649,65,83,,,,,,
260378,260378,UT,02:54:49 06-May-2024,Argos,B,43.779280,-61.277170,2636,5885,1180,83,,,,,,
260378,260378,UT,12:40:40 06-May-2024,Argos,B,43.769980,-61.265040,2566,14328,459,81,,,,,,
260378,260378,UT,12:43:45 06-May-2024,Argos,2,43.741710,-61.281940,334,870,128,100,,,,,,
260378,260378,UT,13:05:30 06-May-2024,Argos,3,43.730380,-61.282200,224,525,95,93,,,,,,
260378,260378,UT,13:35:34 06-May-2024,Argos,2,43.726920,-61.276010,432,1095,170,94,,,,,,
260378,260378,UT,14:21:52 06-May-2024,Argos,2,43.716840,-61.251280,468,1709,128,82,,,,,,
260378,260378,UT,14:21:52 06-May-2024,Argos,B,43.716940,-61.251030,331,1209,90,82,,,,,,
260378,260378,UT,14:24:26 06-May-2024,Argos,3,43.717680,-61.270560,180,389,82,107,,,,,,
260378,260378,UT,14:50:10 06-May-2024,Argos,3,43.709450,-61.254830,111,168,73,116,,,,,,
260378,260378,UT,14:55:15 06-May-2024,Argos,A,43.711950,-61.262620,184,229,146,23,,,,,,
260378,260378,UT,15:14:59 06-May-2024,Argos,A,43.709850,-61.257430,136,230,80,123,,,,,,
260378,260378,UT,16:05:37 06-May-2024,Argos,2,43.688310,-61.246860,291,654,129,104,,,,,,
260378,260378,UT,16:35:32 06-May-2024,Argos,0,43.688900,-61.264140,2130,55327,82,100,,,,,,
260378,260378,UT,21:29:03 06-May-2024,Argos,B,43.685950,-61.337400,3883,88267,170,60,,,,,,
260378,260378,UT,22:26:29 06-May-2024,Argos,A,43.716980,-61.264510,250,1698,36,81,,,,,,
260378,260378,UT,22:41:03 06-May-2024,Argos,B,43.710890,-61.227970,0,0,0,92,,,,,,
260378,260378,UT,00:07:13 07-May-2024,Argos,B,43.719850,-61.232700,2360,3786,1471,93,,,,,,
260378,260378,UT,00:14:42 07-May-2024,Argos,B,43.741310,-61.265780,3152,4557,2179,57,,,,,,
260378,260378,UT,00:14:42 07-May-2024,Argos,A,43.702690,-61.314610,3597,17649,732,22,,,,,,
260378,260378,UT,00:15:04 07-May-2024,Argos,B,43.709820,-61.263570,0,0,0,96,,,,,,
260378,260378,UT,00:35:17 07-May-2024,Argos,1,43.715330,-61.310570,1267,23217,69,79,,,,,,
260378,260378,UT,00:45:33 07-May-2024,Argos,B,43.715360,-61.310060,1232,2933,517,81,,,,,,
260378,260378,UT,00:57:13 07-May-2024,Argos,0,43.714790,-61.320750,4797,120458,191,80,,,,,,
260378,260378,UT,01:45:29 07-May-2024,Argos,B,43.723680,-61.287250,8384,15145,4640,82,,,,,,
260378,260378,UT,01:51:53 07-May-2024,Argos,2,43.713050,-61.311350,473,4511,49,78,,,,,,
260378,260378,UT,02:07:51 07-May-2024,Argos,B,43.714170,-61.303890,630,1116,355,84,,,,,,
260378,260378,UT,12:18:43 07-May-2024,Argos,B,43.695210,-61.277810,2541,25484,253,30,,,,,,
260378,260378,UT,12:55:40 07-May-2024,Argos,A,43.684240,-61.306310,133,215,82,123,,,,,,
260378,260378,UT,13:20:38 07-May-2024,Argos,0,43.681590,-61.299480,3114,26471,366,98,,,,,,
260378,260378,UT,13:56:13 07-May-2024,Argos,B,43.686970,-61.331720,3114,23869,406,73,,,,,,
260378,260378,UT,13:59:23 07-May-2024,Argos,0,43.678780,-61.249800,2473,64650,94,100,,,,,,
260378,260378,UT,14:13:50 07-May-2024,Argos,2,43.686490,-61.317320,269,508,142,83,,,,,,
260378,260378,UT,14:37:58 07-May-2024,Argos,3,43.683260,-61.302670,236,533,104,111,,,,,,
260378,260378,UT,14:51:55 07-May-2024,Argos,3,43.683590,-61.300440,206,351,120,130,,,,,,
260378,260378,UT,15:56:03 07-May-2024,Argos,2,43.677630,-61.317650,410,806,208,103,,,,,,
260378,260378,UT,16:19:38 07-May-2024,Argos,B,43.677590,-61.317720,3256,4524,2343,91,,,,,,
260378,260378,UT,21:15:30 07-May-2024,Argos,2,43.696130,-61.303950,389,687,220,96,,,,,,
260378,260378,UT,22:01:59 07-May-2024,Argos,A,43.709990,-61.284900,772,5433,109,82,,,,,,
260378,260378,UT,22:17:17 07-May-2024,Argos,A,43.718950,-61.277360,205,335,125,62,,,,,,
260378,260378,UT,22:33:33 07-May-2024,Argos,1,43.727740,-61.267970,739,8110,67,98,,,,,,
260378,260378,UT,22:44:25 07-May-2024,Argos,A,43.736550,-61.268040,262,439,155,117,,,,,,
260378,260378,UT,22:59:04 07-May-2024,Argos,0,43.733960,-61.259980,1946,3760,1007,122,,,,,,
260378,260378,UT,23:38:50 07-May-2024,Argos,1,43.731610,-61.254250,979,2374,403,94,,,,,,
260378,260378,UT,23:43:45 07-May-2024,Argos,B,43.725630,-61.243220,1464,5191,413,49,,,,,,
260378,260378,UT,23:49:08 07-May-2024,Argos,B,43.732070,-61.232160,3612,10797,1208,50,,,,,,
260378,260378,UT,00:04:55 08-May-2024,Argos,A,43.742300,-61.230140,871,3713,204,107,,,,,,
260378,260378,UT,00:14:33 08-May-2024,Argos,B,43.741900,-61.228360,1256,2639,597,102,,,,,,
260378,260378,UT,00:22:12 08-May-2024,Argos,3,43.730610,-61.225980,176,846,36,86,,,,,,
260378,260378,UT,00:33:56 08-May-2024,Argos,1,43.731920,-61.193750,580,3513,95,72,,,,,,
260378,260378,UT,01:24:31 08-May-2024,Argos,B,43.737740,-61.161320,2695,8948,811,168,,,,,,
260378,260378,UT,01:30:28 08-May-2024,Argos,B,43.732520,-61.170960,2895,37831,221,97,,,,,,
260378,260378,UT,01:47:06 08-May-2024,Argos,A,43.731870,-61.151290,144,355,58,61,,,,,,
260378,260378,UT,02:10:01 08-May-2024,Argos,A,43.735720,-61.135500,330,1426,76,63,,,,,,
260378,260378,UT,02:19:45 08-May-2024,Argos,A,43.727500,-61.141000,144,163,127,87,,,,,,
260378,260378,UT,12:43:51 08-May-2024,Argos,A,43.678040,-61.255650,1065,15023,75,104,,,,,,
260378,260378,UT,12:58:42 08-May-2024,Argos,B,43.678570,-61.260690,1933,6462,578,104,,,,,,
260378,260378,UT,13:28:31 08-May-2024,Argos,B,43.678950,-61.260950,1661,3627,760,102,,,,,,
260378,260378,UT,13:49:51 08-May-2024,Argos,B,43.679120,-61.254780,1515,2949,778,101,,,,,,
260378,260378,UT,14:02:15 08-May-2024,Argos,2,43.687440,-61.318430,315,515,192,63,,,,,,
260378,260378,UT,14:24:45 08-May-2024,Argos,3,43.677390,-61.343910,230,1125,46,94,,,,,,
260378,260378,UT,14:31:29 08-May-2024,Argos,2,43.677500,-61.305160,427,1356,134,94,,,,,,
260378,260378,UT,15:45:04 08-May-2024,Argos,B,43.666410,-61.309910,3438,54416,217,127,,,,,,
260378,260378,UT,16:04:52 08-May-2024,Argos,B,43.681280,-61.331330,467,1422,153,40,,,,,,
260378,260378,UT,16:14:20 08-May-2024,Argos,A,43.679440,-61.337030,1201,3521,409,55,,,,,,
260378,260378,UT,16:40:01 08-May-2024,Argos,0,43.682610,-61.324550,2819,54725,145,104,,,,,,
260378,260378,UT,21:32:12 08-May-2024,Argos,B,43.673330,-61.285090,8324,14755,4695,92,,,,,,
260378,260378,UT,21:54:28 08-May-2024,Argos,B,43.683340,-61.369780,2561,37025,177,161,,,,,,
260378,260378,UT,22:02:14 08-May-2024,Argos,B,43.688990,-61.371150,320,3560,28,102,,,,,,
260378,260378,UT,22:14:30 08-May-2024,Argos,B,43.687790,-61.364410,364,732,180,10,,,,,,
260378,260378,UT,22:40:35 08-May-2024,Argos,B,43.686900,-61.360890,784,932,658,81,,,,,,
260378,260378,UT,23:09:08 08-May-2024,Argos,B,43.686310,-61.358680,1077,1399,829,88,,,,,,
260378,260378,UT,23:25:08 08-May-2024,Argos,B,43.685620,-61.356500,1181,1550,898,94,,,,,,
260378,260378,UT,23:44:52 08-May-2024,Argos,B,43.685440,-61.359170,911,7992,103,147,,,,,,
260378,260378,UT,00:11:41 09-May-2024,Argos,B,43.690480,-61.363780,518,6831,39,60,,,,,,
260378,260378,UT,00:20:09 09-May-2024,Argos,B,43.686750,-61.373920,333,1032,107,173,,,,,,
260378,260378,UT,01:36:04 09-May-2024,Argos,B,43.676290,-61.359600,883,4358,178,57,,,,,,
260378,260378,UT,02:00:07 09-May-2024,Argos,B,43.675720,-61.354650,1061,2163,520,62,,,,,,
260378,260378,UT,02:00:07 09-May-2024,Argos,B,43.673640,-61.344570,903,9576,85,48,,,,,,
260378,260378,UT,02:17:28 09-May-2024,Argos,A,43.676710,-61.340050,207,355,120,9,,,,,,
260378,260378,UT,12:30:22 09-May-2024,Argos,B,43.663570,-61.310320,2099,46582,94,96,,,,,,
260378,260378,UT,12:33:19 09-May-2024,Argos,A,43.662370,-61.367800,449,554,363,45,,,,,,
260378,260378,UT,13:07:04 09-May-2024,Argos,A,43.664180,-61.343650,609,1522,243,177,,,,,,
260378,260378,UT,13:21:28 09-May-2024,Argos,A,43.658980,-61.364110,325,1587,66,63,,,,,,
260378,260378,UT,13:52:14 09-May-2024,Argos,A,43.658790,-61.352390,665,1992,221,33,,,,,,
260378,260378,UT,14:10:32 09-May-2024,Argos,1,43.657420,-61.346980,651,8088,52,98,,,,,,
260378,260378,UT,14:11:57 09-May-2024,Argos,3,43.656860,-61.344630,236,973,57,92,,,,,,
260378,260378,UT,14:58:09 09-May-2024,Argos,A,43.658590,-61.337680,227,777,66,85,,,,,,
260378,260378,UT,15:27:53 09-May-2024,Argos,1,43.658760,-61.335310,511,3416,76,103,,,,,,
260378,260378,UT,15:51:32 09-May-2024,Argos,1,43.651140,-61.340230,704,912,543,63,,,,,,
260378,260378,UT,15:53:20 09-May-2024,Argos,1,43.646960,-61.352730,946,2724,328,79,,,,,,
260378,260378,UT,15:56:50 09-May-2024,Argos,1,43.660260,-61.340830,575,960,344,115,,,,,,
260378,260378,UT,21:33:09 09-May-2024,Argos,B,43.643090,-61.300060,10412,18243,5942,106,,,,,,
260378,260378,UT,21:36:34 09-May-2024,Argos,1,43.683630,-61.372690,517,4279,62,74,,,,,,
260378,260378,UT,21:36:54 09-May-2024,Argos,2,43.684870,-61.368270,266,1608,44,81,,,,,,
260378,260378,UT,22:54:12 09-May-2024,Argos,B,43.679390,-61.354910,1245,1826,848,88,,,,,,
260378,260378,UT,23:06:23 09-May-2024,Argos,B,43.683850,-61.358560,973,12947,73,92,,,,,,
260378,260378,UT,00:31:17 10-May-2024,Argos,B,43.684060,-61.357920,6364,13669,2963,92,,,,,,
260378,260378,UT,00:45:32 10-May-2024,Argos,B,43.685880,-61.363790,1580,3119,799,89,,,,,,
260378,260378,UT,01:22:11 10-May-2024,Argos,B,43.680240,-61.355250,1217,26003,57,66,,,,,,
260378,260378,UT,01:44:14 10-May-2024,Argos,A,43.710010,-61.300960,649,2329,180,102,,,,,,
260378,260378,UT,01:44:14 10-May-2024,Argos,A,43.699050,-61.311670,598,2117,169,74,,,,,,
260378,260378,UT,12:12:15 10-May-2024,Argos,B,43.654330,-61.237810,16391,29385,9143,77,,,,,,
260378,260378,UT,12:18:41 10-May-2024,Argos,B,43.656680,-61.267230,10214,178711,583,99,,,,,,
260378,260378,UT,12:41:52 10-May-2024,Argos,2,43.652900,-61.280130,259,608,110,111,,,,,,
260378,260378,UT,13:02:05 10-May-2024,Argos,B,43.658930,-61.294460,866,2420,309,138,,,,,,
260378,260378,UT,13:38:27 10-May-2024,Argos,A,43.633620,-61.281310,277,549,139,46,,,,,,
260378,260378,UT,13:51:34 10-May-2024,Argos,2,43.628390,-61.288150,329,1624,66,94,,,,,,
260378,260378,UT,13:58:10 10-May-2024,Argos,1,43.626620,-61.269100,1134,8734,147,98,,,,,,
260378,260378,UT,14:37:37 10-May-2024,Argos,B,43.626960,-61.261400,2414,5422,1074,127,,,,,,
260378,260378,UT,15:09:59 10-May-2024,Argos,A,43.624450,-61.270170,409,1737,96,139,,,,,,
260378,260378,UT,15:19:41 10-May-2024,Argos,A,43.615240,-61.258520,1127,7284,174,102,,,,,,
260378,260378,UT,15:32:10 10-May-2024,Argos,A,43.616620,-61.242100,331,363,302,108,,,,,,
260378,260378,UT,15:40:47 10-May-2024,Argos,A,43.608720,-61.240000,654,2032,210,92,,,,,,
260378,260378,UT,22:10:20 10-May-2024,Argos,B,43.613220,-61.244040,8717,13752,5525,78,,,,,,
260378,260378,UT,22:21:06 10-May-2024,Argos,A,43.634510,-61.150420,613,2855,131,176,,,,,,
260378,260378,UT,22:31:43 10-May-2024,Argos,B,43.613070,-61.121500,3580,31359,408,1,,,,,,
260378,260378,UT,22:40:59 10-May-2024,Argos,0,43.667380,-61.111010,4576,73754,283,96,,,,,,
260378,260378,UT,22:45:14 10-May-2024,Argos,0,43.660720,-61.069070,1776,15977,197,96,,,,,,
260378,260378,UT,23:35:54 10-May-2024,Argos,A,43.692410,-61.116910,1735,5522,545,179,,,,,,
260378,260378,UT,23:49:51 10-May-2024,Argos,2,43.683870,-61.105600,490,905,264,78,,,,,,
260378,260378,UT,23:59:11 10-May-2024,Argos,B,43.689170,-61.095720,570,914,355,56,,,,,,
260378,260378,UT,00:12:34 11-May-2024,Argos,B,43.686690,-61.099350,2404,3732,1547,66,,,,,,
260378,260378,UT,00:20:34 11-May-2024,Argos,B,43.693110,-61.088980,2516,4215,1501,65,,,,,,
260378,260378,UT,00:26:47 11-May-2024,Argos,3,43.703690,-61.092270,104,272,39,83,,,,,,
260378,260378,UT,01:04:32 11-May-2024,Argos,3,43.732340,-61.065570,134,212,84,29,,,,,,
260378,260378,UT,01:17:26 11-May-2024,Argos,2,43.735450,-61.057900,400,1732,92,78,,,,,,
260378,260378,UT,01:32:51 11-May-2024,Argos,A,43.741200,-61.051660,203,292,141,101,,,,,,
260378,260378,UT,02:24:56 11-May-2024,Argos,A,43.777380,-61.017480,174,249,120,153,,,,,,
260378,260378,UT,02:48:29 11-May-2024,Argos,2,43.774060,-61.011120,405,1021,160,87,,,,,,
260378,260378,UT,12:05:36 11-May-2024,Argos,0,43.840850,-60.819870,1702,2237,1294,152,,,,,,
260378,260378,UT,12:21:35 11-May-2024,Argos,1,43.852790,-60.811870,502,3309,76,99,,,,,,
260378,260378,UT,12:39:07 11-May-2024,Argos,B,43.852740,-60.811830,1445,2122,983,90,,,,,,
260378,260378,UT,13:23:20 11-May-2024,Argos,A,43.852070,-60.802320,338,859,132,132,,,,,,
260378,260378,UT,13:28:47 11-May-2024,Argos,2,43.856070,-60.790810,381,899,161,90,,,,,,
260378,260378,UT,13:47:18 11-May-2024,Argos,0,43.854640,-60.792850,1505,30656,73,101,,,,,,
260378,260378,UT,13:51:31 11-May-2024,Argos,B,43.865220,-60.814040,1152,4301,308,88,,,,,,
260378,260378,UT,14:19:42 11-May-2024,Argos,A,43.859280,-60.784580,129,503,33,96,,,,,,
260378,260378,UT,15:03:01 11-May-2024,Argos,1,43.867480,-60.771660,575,14011,23,105,,,,,,
260378,260378,UT,15:09:37 11-May-2024,Argos,2,43.860970,-60.767630,355,1034,121,88,,,,,,
260378,260378,UT,15:29:02 11-May-2024,Argos,2,43.862390,-60.746450,405,504,324,45,,,,,,
260378,260378,UT,16:05:19 11-May-2024,Argos,3,43.870470,-60.741590,221,528,92,109,,,,,,
260378,260378,UT,16:45:39 11-May-2024,Argos,2,43.875130,-60.729330,334,577,192,68,,,,,,
260378,260378,UT,21:50:34 11-May-2024,Argos,1,43.948830,-60.594060,631,688,579,30,,,,,,
260378,260378,UT,22:00:02 11-May-2024,Argos,A,43.953110,-60.600520,877,6049,127,82,,,,,,
260378,260378,UT,22:08:57 11-May-2024,Argos,3,43.977170,-60.587810,208,724,59,107,,,,,,
260378,260378,UT,23:18:54 11-May-2024,Argos,B,44.004570,-60.563270,919,6792,124,99,,,,,,
260378,260378,UT,23:38:55 11-May-2024,Argos,3,44.020270,-60.540160,121,230,62,85,,,,,,
260378,260378,UT,23:38:56 11-May-2024,Argos,A,44.020430,-60.560110,161,498,51,92,,,,,,
260378,260378,UT,23:47:36 11-May-2024,Argos,3,44.024220,-60.550520,212,393,114,78,,,,,,
260378,260378,UT,00:09:17 12-May-2024,Argos,B,44.016790,-60.537520,759,1483,388,55,,,,,,
260378,260378,UT,00:52:01 12-May-2024,Argos,1,44.069680,-60.469730,1221,1612,924,57,,,,,,
260378,260378,UT,00:53:28 12-May-2024,Argos,A,44.069250,-60.469140,848,4244,169,79,,,,,,
260378,260378,UT,01:16:22 12-May-2024,Argos,A,44.075500,-60.433830,415,624,275,14,,,,,,
260378,260378,UT,01:40:21 12-May-2024,Argos,B,44.076940,-60.436560,537,1450,199,143,,,,,,
260378,260378,UT,12:16:40 12-May-2024,Argos,B,44.479720,-60.091660,3075,4909,1925,73,,,,,,
260378,260378,UT,13:10:43 12-May-2024,Argos,A,44.256200,-60.719950,345,1221,97,93,,,,,,
260378,260378,UT,13:10:43 12-May-2024,Argos,B,44.256220,-60.721070,218,621,76,95,,,,,,
260378,260378,UT,13:26:11 12-May-2024,Argos,A,44.253640,-60.719020,699,3545,137,96,,,,,,
260378,260378,UT,13:31:57 12-May-2024,Argos,0,44.264250,-60.685900,1930,8082,460,108,,,,,,
260378,260378,UT,13:55:13 12-May-2024,Argos,0,44.276860,-60.684390,2203,49237,98,101,,,,,,
260378,260378,UT,14:48:33 12-May-2024,Argos,1,44.305510,-60.747240,1094,1498,797,101,,,,,,
260378,260378,UT,14:49:40 12-May-2024,Argos,1,44.320070,-60.738670,1278,4900,333,105,,,,,,
260378,260378,UT,15:14:10 12-May-2024,Argos,A,44.331150,-60.759420,4135,30236,565,91,,,,,,
260378,260378,UT,15:19:10 12-May-2024,Argos,B,44.330820,-60.756440,2089,6395,682,89,,,,,,
260378,260378,UT,15:45:37 12-May-2024,Argos,B,44.335230,-60.764750,2248,4084,1237,89,,,,,,
260378,260378,UT,16:30:54 12-May-2024,Argos,B,44.385860,-60.751810,385,1120,132,95,,,,,,
260378,260378,UT,16:30:54 12-May-2024,Argos,2,44.384040,-60.740490,257,494,133,97,,,,,,
260378,260378,UT,16:55:59 12-May-2024,Argos,B,44.397170,-60.754280,1388,2027,950,91,,,,,,
260378,260378,UT,21:31:56 12-May-2024,Argos,B,44.447540,-60.784720,6890,159677,297,93,,,,,,
260378,260378,UT,21:40:08 12-May-2024,Argos,3,44.453170,-60.774770,196,408,94,84,,,,,,
260378,260378,UT,22:57:06 12-May-2024,Argos,B,44.487440,-60.786670,1011,3124,327,146,,,,,,
260378,260378,UT,23:10:55 12-May-2024,Argos,3,44.533610,-60.775790,134,324,55,95,,,,,,
260378,260378,UT,23:16:02 12-May-2024,Argos,A,44.535570,-60.788920,112,151,82,79,,,,,,
260378,260378,UT,23:23:29 12-May-2024,Argos,A,44.545110,-60.795910,188,429,82,118,,,,,,
260378,260378,UT,23:44:10 12-May-2024,Argos,B,44.553250,-60.798570,1154,1634,814,90,,,,,,
260378,260378,UT,00:38:33 13-May-2024,Argos,A,44.594330,-60.794790,131,443,38,70,,,,,,
260378,260378,UT,00:42:09 13-May-2024,Argos,A,44.604180,-60.790410,171,358,81,97,,,,,,
260378,260378,UT,00:54:04 13-May-2024,Argos,B,44.610770,-60.790710,911,1319,629,91,,,,,,
260378,260378,UT,00:54:04 13-May-2024,Argos,B,44.607140,-60.784560,524,1195,229,178,,,,,,
260378,260378,UT,01:05:09 13-May-2024,Argos,3,44.619760,-60.771410,112,407,30,78,,,,,,
260378,260378,UT,01:23:42 13-May-2024,Argos,B,44.630350,-60.771210,602,928,391,85,,,,,,
260378,260378,UT,02:15:48 13-May-2024,Argos,A,44.675090,-60.781210,181,227,144,6,,,,,,
260378,260378,UT,02:21:26 13-May-2024,Argos,2,44.685060,-60.787170,287,1121,73,81,,,,,,
260378,260378,UT,02:33:52 13-May-2024,Argos,3,44.687150,-60.791970,217,406,115,86,,,,,,
260378,260378,UT,02:47:00 13-May-2024,Argos,B,44.696150,-60.792020,859,1274,578,88,,,,,,
260378,260378,UT,12:47:47 13-May-2024,Argos,1,44.709800,-60.775000,573,708,463,82,,,,,,
260378,260378,UT,13:01:12 13-May-2024,Argos,B,44.715910,-60.769700,2857,3964,2058,86,,,,,,
260378,260378,UT,13:02:53 13-May-2024,Argos,3,44.703570,-60.764990,93,133,65,89,,,,,,
260378,260378,UT,13:22:39 13-May-2024,Argos,A,44.711560,-60.769780,141,698,28,98,,,,,,
260378,260378,UT,13:35:35 13-May-2024,Argos,2,44.710680,-60.774390,294,1166,74,89,,,,,,
260378,260378,UT,14:31:02 13-May-2024,Argos,B,44.706850,-60.774120,1037,18444,58,80,,,,,,
260378,260378,UT,14:45:31 13-May-2024,Argos,B,44.712430,-60.767180,556,4714,65,106,,,,,,
260378,260378,UT,15:01:22 13-May-2024,Argos,A,44.693140,-60.752840,161,206,124,39,,,,,,
260378,260378,UT,16:12:39 13-May-2024,Argos,B,44.689220,-60.773990,817,19577,34,115,,,,,,
260378,260378,UT,16:14:22 13-May-2024,Argos,B,44.686450,-60.766800,991,8480,115,113,,,,,,
260378,260378,UT,16:21:30 13-May-2024,Argos,B,44.704420,-60.752590,1568,1736,1415,3,,,,,,
260378,260378,UT,21:08:13 13-May-2024,Argos,B,44.685690,-60.743330,1773,20489,153,81,,,,,,
260378,260378,UT,21:10:14 13-May-2024,Argos,B,44.690600,-60.740920,2453,4396,1368,67,,,,,,
260378,260378,UT,21:28:24 13-May-2024,Argos,A,44.677760,-60.717070,252,1170,54,121,,,,,,
260378,260378,UT,22:05:05 13-May-2024,Argos,B,44.687690,-60.717330,853,1228,591,92,,,,,,
260378,260378,UT,22:36:46 13-May-2024,Argos,B,44.695970,-60.709730,900,3428,236,134,,,,,,
260378,260378,UT,22:44:43 13-May-2024,Argos,1,44.688680,-60.702390,889,12293,64,76,,,,,,
260378,260378,UT,22:46:19 13-May-2024,Argos,B,44.691410,-60.706560,743,1552,355,118,,,,,,
260378,260378,UT,23:00:39 13-May-2024,Argos,A,44.678850,-60.706830,83,170,40,117,,,,,,
260378,260378,UT,23:11:05 13-May-2024,Argos,A,44.680590,-60.710900,303,1191,77,123,,,,,,
260378,260378,UT,23:22:01 13-May-2024,Argos,B,44.678950,-60.711510,446,2450,81,121,,,,,,
260378,260378,UT,00:12:07 14-May-2024,Argos,3,44.677110,-60.721920,108,172,68,87,,,,,,
260378,260378,UT,00:22:07 14-May-2024,Argos,1,44.677980,-60.732580,1097,1488,808,133,,,,,,
260378,260378,UT,00:25:07 14-May-2024,Argos,1,44.677130,-60.732900,630,737,538,49,,,,,,
260378,260378,UT,00:28:11 14-May-2024,Argos,3,44.679230,-60.729550,226,378,134,97,,,,,,
260378,260378,UT,00:34:16 14-May-2024,Argos,B,44.680040,-60.730420,377,509,279,93,,,,,,
260378,260378,UT,00:53:46 14-May-2024,Argos,B,44.691350,-60.730220,502,5435,46,92,,,,,,
260378,260378,UT,00:59:46 14-May-2024,Argos,B,44.691460,-60.728520,601,1870,193,92,,,,,,
260378,260378,UT,01:55:41 14-May-2024,Argos,B,44.692130,-60.741570,855,14046,52,110,,,,,,
260378,260378,UT,12:27:37 14-May-2024,Argos,A,44.653240,-60.693560,176,226,136,142,,,,,,
260378,260378,UT,12:38:49 14-May-2024,Argos,A,44.657890,-60.696580,132,366,47,121,,,,,,
260378,260378,UT,13:12:14 14-May-2024,Argos,3,44.648980,-60.705730,85,210,34,92,,,,,,
260378,260378,UT,13:17:51 14-May-2024,Argos,A,44.647930,-60.698100,168,788,35,77,,,,,,
260378,260378,UT,14:09:35 14-May-2024,Argos,0,44.636640,-60.645660,5211,61585,440,107,,,,,,
260378,260378,UT,14:26:09 14-May-2024,Argos,3,44.637560,-60.673300,165,257,105,105,,,,,,
260378,260378,UT,14:51:57 14-May-2024,Argos,B,44.629770,-60.671980,696,1566,309,107,,,,,,
260378,260378,UT,22:13:29 14-May-2024,Argos,2,44.684550,-60.621000,436,1584,119,105,,,,,,
260378,260378,UT,22:18:53 14-May-2024,Argos,B,44.629620,-60.603140,2847,4137,1959,74,,,,,,
260378,260378,UT,22:19:25 14-May-2024,Argos,2,44.683150,-60.617890,268,573,125,77,,,,,,
260378,260378,UT,22:38:25 14-May-2024,Argos,B,44.681210,-60.610540,7446,605866,91,96,,,,,,
260378,260378,UT,00:03:41 15-May-2024,Argos,B,44.678700,-60.565250,5483,19537,1538,98,,,,,,
260378,260378,UT,00:10:51 15-May-2024,Argos,B,44.675640,-60.642710,5201,17471,1548,100,,,,,,
260378,260378,UT,00:16:16 15-May-2024,Argos,B,44.680980,-60.636470,2214,8691,563,103,,,,,,
260378,260378,UT,00:38:04 15-May-2024,Argos,B,44.674120,-60.621430,1300,67298,25,79,,,,,,
260378,260378,UT,00:41:23 15-May-2024,Argos,A,44.666930,-60.659080,521,10500,25,80,,,,,,
260378,260378,UT,12:12:11 15-May-2024,Argos,B,44.704620,-60.651560,1462,34476,62,76,,,,,,
260378,260378,UT,12:54:45 15-May-2024,Argos,B,44.701860,-60.717480,3570,5786,2202,72,,,,,,
260378,260378,UT,12:58:23 15-May-2024,Argos,B,44.708300,-60.722480,3481,5087,2381,76,,,,,,
260378,260378,UT,14:41:59 15-May-2024,Argos,B,44.700140,-60.733210,2743,5475,1374,125,,,,,,
260378,260378,UT,15:56:06 15-May-2024,Argos,B,44.691090,-60.730920,2556,4419,1478,111,,,,,,
260378,260378,UT,16:23:16 15-May-2024,Argos,1,44.674910,-60.749230,629,2575,153,102,,,,,,
260378,260378,UT,21:44:32 15-May-2024,Argos,B,44.684820,-60.753300,4673,45693,477,81,,,,,,
260378,260378,UT,21:53:30 15-May-2024,Argos,A,44.675240,-60.764460,442,1081,180,8,,,,,,
260378,260378,UT,22:17:18 15-May-2024,Argos,B,44.684150,-60.751440,4659,16329,1329,82,,,,,,
260378,260378,UT,22:27:32 15-May-2024,Argos,B,44.684920,-60.749220,1276,3254,500,90,,,,,,
260378,260378,UT,22:46:59 15-May-2024,Argos,B,44.685150,-60.749930,1392,3066,631,89,,,,,,
260378,260378,UT,23:19:50 15-May-2024,Argos,B,44.690410,-60.747520,1172,12101,113,111,,,,,,
260378,260378,UT,00:18:20 16-May-2024,Argos,A,44.734100,-60.833010,544,1171,252,140,,,,,,
260378,260378,UT,00:23:36 16-May-2024,Argos,1,44.718330,-60.820980,1301,3707,456,84,,,,,,
260378,260378,UT,01:12:59 16-May-2024,Argos,B,44.712610,-60.806890,11795,17008,8179,87,,,,,,
260378,260378,UT,01:49:56 16-May-2024,Argos,B,44.707000,-60.803760,8702,312899,242,78,,,,,,
260378,260378,UT,01:54:56 16-May-2024,Argos,1,44.744590,-60.678320,523,728,375,120,,,,,,
260378,260378,UT,02:01:57 16-May-2024,Argos,B,44.707590,-60.812460,1094,4644,257,79,,,,,,
260378,260378,UT,02:07:44 16-May-2024,Argos,2,44.755610,-60.665300,362,488,268,50,,,,,,
260378,260378,UT,02:53:06 16-May-2024,Argos,B,44.759820,-60.679030,1695,2422,1186,87,,,,,,
260378,260378,UT,11:48:05 16-May-2024,Argos,A,45.031410,-60.471030,1837,3785,891,82,,,,,,
260378,260378,UT,11:48:48 16-May-2024,Argos,B,44.886820,-60.476460,2693,8767,826,169,,,,,,
260378,260378,UT,12:06:25 16-May-2024,Argos,B,45.034830,-60.513790,1114,3519,352,70,,,,,,
260378,260378,UT,12:44:53 16-May-2024,Argos,B,45.039970,-60.517620,1306,2157,790,77,,,,,,
260378,260378,UT,13:27:23 16-May-2024,Argos,B,45.039230,-60.505640,1021,8610,121,39,,,,,,
260378,260378,UT,14:01:47 16-May-2024,Argos,A,45.048470,-60.506340,128,206,79,88,,,,,,
260378,260378,UT,14:14:49 16-May-2024,Argos,A,45.048350,-60.474610,523,3621,75,97,,,,,,
260378,260378,UT,14:26:59 16-May-2024,Argos,3,45.054130,-60.491730,146,338,62,106,,,,,,
260378,260378,UT,15:04:51 16-May-2024,Argos,2,45.051570,-60.487360,363,1153,114,89,,,,,,
260378,260378,UT,15:33:59 16-May-2024,Argos,A,45.050340,-60.501950,378,566,252,110,,,,,,
260378,260378,UT,15:43:42 16-May-2024,Argos,2,45.054960,-60.497460,417,703,246,121,,,,,,
260378,260378,UT,16:07:50 16-May-2024,Argos,B,45.047970,-60.493520,1437,5638,366,83,,,,,,
260378,260378,UT,21:14:25 16-May-2024,Argos,B,45.138990,-60.554860,4601,7377,2869,99,,,,,,
260378,260378,UT,21:28:02 16-May-2024,Argos,B,45.018720,-60.556300,1178,10559,131,18,,,,,,
260378,260378,UT,21:49:49 16-May-2024,Argos,B,45.075450,-60.546970,503,4434,57,86,,,,,,
260378,260378,UT,21:53:11 16-May-2024,Argos,A,45.081800,-60.503940,734,2648,203,56,,,,,,
260378,260378,UT,22:38:52 16-May-2024,Argos,B,45.085610,-60.519900,1203,8140,177,82,,,,,,
260378,260378,UT,22:52:14 16-May-2024,Argos,B,45.088120,-60.512800,749,9295,60,118,,,,,,
260378,260378,UT,23:08:10 16-May-2024,Argos,0,45.095280,-60.500990,2674,4116,1737,79,,,,,,
260378,260378,UT,23:10:55 16-May-2024,Argos,0,45.120880,-60.534240,1560,2504,972,107,,,,,,
260378,260378,UT,23:23:51 16-May-2024,Argos,2,45.115980,-60.503550,470,1037,212,90,,,,,,
260378,260378,UT,23:53:50 16-May-2024,Argos,B,45.124830,-60.495570,2956,11872,736,111,,,,,,
260378,260378,UT,00:02:29 17-May-2024,Argos,3,45.137300,-60.540100,228,499,104,80,,,,,,
260378,260378,UT,00:11:05 17-May-2024,Argos,0,45.118610,-60.501150,2207,3779,1288,94,,,,,,
260378,260378,UT,00:28:42 17-May-2024,Argos,B,45.119070,-60.500530,6976,10022,4856,91,,,,,,
260378,260378,UT,00:52:58 17-May-2024,Argos,0,45.151160,-60.516440,2530,60039,106,78,,,,,,
260378,260378,UT,02:01:37 17-May-2024,Argos,B,45.156760,-60.507560,3573,6374,2002,87,,,,,,
260378,260378,UT,02:36:16 17-May-2024,Argos,B,45.124850,-60.498650,5030,6272,4033,147,,,,,,
260378,260378,UT,02:47:49 17-May-2024,Argos,A,45.140660,-60.498830,116,359,37,73,,,,,,
260378,260378,UT,12:40:37 17-May-2024,Argos,B,45.107700,-60.462620,2230,12966,383,98,,,,,,
260378,260378,UT,13:00:49 17-May-2024,Argos,B,45.119380,-60.520360,703,4273,115,15,,,,,,
260378,260378,UT,14:12:36 17-May-2024,Argos,A,45.127490,-60.485550,268,1979,36,90,,,,,,
260378,260378,UT,14:53:27 17-May-2024,Argos,B,45.117060,-60.481590,810,12885,50,98,,,,,,
260378,260378,UT,15:38:33 17-May-2024,Argos,B,45.108070,-60.482590,1233,2742,554,96,,,,,,
260378,260378,UT,22:16:41 17-May-2024,Argos,B,45.102870,-60.476130,2193,30830,156,91,,,,,,
260378,260378,UT,22:41:03 17-May-2024,Argos,A,45.097520,-60.574650,935,1630,536,64,,,,,,
260378,260378,UT,22:52:05 17-May-2024,Argos,1,45.099290,-60.543120,688,1199,395,155,,,,,,
260378,260378,UT,22:56:50 17-May-2024,Argos,B,45.097320,-60.540270,1227,1517,992,132,,,,,,
260378,260378,UT,23:58:42 17-May-2024,Argos,B,45.099630,-60.567370,1432,2116,969,97,,,,,,
260378,260378,UT,00:04:28 18-May-2024,Argos,1,45.117350,-60.548480,802,2213,290,80,,,,,,
260378,260378,UT,00:19:52 18-May-2024,Argos,0,45.101080,-60.523120,3641,7009,1891,140,,,,,,
260378,260378,UT,00:30:59 18-May-2024,Argos,2,45.132330,-60.533300,388,1708,88,76,,,,,,
260378,260378,UT,12:21:03 18-May-2024,Argos,A,45.131870,-60.469640,454,498,413,156,,,,,,
260378,260378,UT,12:32:57 18-May-2024,Argos,B,45.128070,-60.473590,357,4074,31,96,,,,,,
260378,260378,UT,12:47:58 18-May-2024,Argos,B,45.125160,-60.457500,391,1015,150,21,,,,,,
260378,260378,UT,13:37:55 18-May-2024,Argos,A,45.137720,-60.492440,385,976,151,157,,,,,,
260378,260378,UT,13:41:44 18-May-2024,Argos,B,45.145290,-60.490210,1890,2855,1250,143,,,,,,
260378,260378,UT,14:01:44 18-May-2024,Argos,3,45.106570,-60.470790,245,1548,38,106,,,,,,
260378,260378,UT,14:10:32 18-May-2024,Argos,B,45.106860,-60.471800,625,997,391,96,,,,,,
260378,260378,UT,14:25:59 18-May-2024,Argos,B,45.106340,-60.473590,569,8767,36,105,,,,,,
260378,260378,UT,15:16:18 18-May-2024,Argos,1,45.110700,-60.474790,1263,23308,68,99,,,,,,
260378,260378,UT,15:19:30 18-May-2024,Argos,B,45.111720,-60.482440,1073,7258,158,104,,,,,,
260378,260378,UT,15:42:11 18-May-2024,Argos,2,45.107390,-60.466330,480,825,278,93,,,,,,
260378,260378,UT,15:42:34 18-May-2024,Argos,2,45.107320,-60.464560,409,651,256,76,,,,,,
260378,260378,UT,21:48:52 18-May-2024,Argos,1,45.133500,-60.482610,829,1654,414,89,,,,,,
260378,260378,UT,22:02:58 18-May-2024,Argos,A,45.118820,-60.475010,3769,11150,1274,48,,,,,,
260378,260378,UT,22:12:46 18-May-2024,Argos,B,45.136820,-60.487810,6296,21067,1881,112,,,,,,
260378,260378,UT,22:18:01 18-May-2024,Argos,2,45.119250,-60.462070,281,864,91,88,,,,,,
260378,260378,UT,22:35:56 18-May-2024,Argos,B,45.130120,-60.483030,9494,19093,4720,101,,,,,,
260378,260378,UT,23:28:04 18-May-2024,Argos,B,45.131660,-60.502010,3569,6217,2048,98,,,,,,
260378,260378,UT,23:57:45 18-May-2024,Argos,B,45.123920,-60.491550,3809,7612,1906,94,,,,,,
260378,260378,UT,23:59:32 18-May-2024,Argos,A,45.131440,-60.433500,1481,13344,164,73,,,,,,
260378,260378,UT,00:08:08 19-May-2024,Argos,1,45.139650,-60.445200,724,1651,317,62,,,,,,
260378,260378,UT,00:08:46 19-May-2024,Argos,A,45.174990,-60.422210,1215,5163,286,57,,,,,,
260378,260378,UT,00:56:23 19-May-2024,Argos,B,45.156930,-60.429520,1876,39235,89,77,,,,,,
260378,260378,UT,01:10:12 19-May-2024,Argos,1,45.150150,-60.403020,1227,2206,681,92,,,,,,
260378,260378,UT,01:17:27 19-May-2024,Argos,A,45.159040,-60.385380,559,831,376,178,,,,,,
260378,260378,UT,01:33:52 19-May-2024,Argos,B,45.160440,-60.385120,2052,2696,1560,89,,,,,,
260378,260378,UT,01:48:53 19-May-2024,Argos,A,45.164770,-60.393260,444,5199,37,93,,,,,,
260378,260378,UT,02:55:53 19-May-2024,Argos,B,45.156970,-60.406850,1075,2212,522,82,,,,,,
260378,260378,UT,11:44:45 19-May-2024,Argos,A,45.092040,-60.373050,240,370,155,33,,,,,,
260378,260378,UT,12:08:33 19-May-2024,Argos,B,45.089870,-60.376870,521,1920,141,0,,,,,,
260378,260378,UT,12:15:32 19-May-2024,Argos,1,45.107950,-60.380970,964,10284,90,106,,,,,,
260378,260378,UT,12:27:14 19-May-2024,Argos,A,45.110950,-60.386980,889,4026,196,28,,,,,,
260378,260378,UT,13:10:48 19-May-2024,Argos,A,45.108080,-60.411410,700,3352,146,15,,,,,,
260378,260378,UT,13:24:36 19-May-2024,Argos,B,45.106200,-60.415970,653,727,587,49,,,,,,
260378,260378,UT,13:46:22 19-May-2024,Argos,B,45.100900,-60.419660,606,3573,102,87,,,,,,
260378,260378,UT,13:48:01 19-May-2024,Argos,1,45.108730,-60.412300,1096,13335,90,101,,,,,,
260378,260378,UT,14:05:08 19-May-2024,Argos,0,45.108560,-60.407830,1525,56321,41,101,,,,,,
260378,260378,UT,14:51:02 19-May-2024,Argos,B,45.098380,-60.415440,3440,70503,167,85,,,,,,
260378,260378,UT,14:55:17 19-May-2024,Argos,3,45.097240,-60.438790,159,200,126,31,,,,,,
260378,260378,UT,15:06:35 19-May-2024,Argos,2,45.101350,-60.448010,388,2100,71,97,,,,,,
260378,260378,UT,15:30:48 19-May-2024,Argos,1,45.100630,-60.427780,730,2507,212,10,,,,,,
260378,260378,UT,15:44:11 19-May-2024,Argos,A,45.095020,-60.437170,272,793,93,77,,,,,,
260378,260378,UT,16:34:26 19-May-2024,Argos,A,45.105470,-60.446950,2164,73269,63,100,,,,,,
260378,260378,UT,16:47:28 19-May-2024,Argos,2,45.104530,-60.422280,341,447,259,74,,,,,,
260378,260378,UT,21:47:32 19-May-2024,Argos,2,45.116060,-60.446240,471,813,272,30,,,,,,
260378,260378,UT,22:03:49 19-May-2024,Argos,B,45.149720,-59.932140,3514,23218,531,85,,,,,,
260378,260378,UT,22:12:03 19-May-2024,Argos,1,45.121660,-60.454220,661,2595,168,82,,,,,,
260378,260378,UT,22:58:25 19-May-2024,Argos,0,45.124370,-60.430070,1561,5282,461,74,,,,,,
260378,260378,UT,23:32:15 19-May-2024,Argos,A,45.115480,-60.427990,550,875,346,113,,,,,,
260378,260378,UT,23:35:34 19-May-2024,Argos,1,45.121150,-60.429660,547,679,439,76,,,,,,
260378,260378,UT,23:44:05 19-May-2024,Argos,A,45.121550,-60.418050,1145,6999,187,85,,,,,,
260378,260378,UT,23:50:13 19-May-2024,Argos,3,45.126570,-60.434810,184,293,114,82,,,,,,
260378,260378,UT,00:39:40 20-May-2024,Argos,A,45.127290,-60.436180,540,8365,34,80,,,,,,
260378,260378,UT,00:59:18 20-May-2024,Argos,B,45.126810,-60.434970,683,1185,393,83,,,,,,
260378,260378,UT,02:08:27 20-May-2024,Argos,B,45.128250,-60.435250,1280,2035,805,90,,,,,,
260378,260378,UT,11:43:28 20-May-2024,Argos,1,45.125630,-60.475530,845,3502,203,97,,,,,,
260378,260378,UT,12:04:28 20-May-2024,Argos,A,45.095810,-60.403060,4457,30211,657,131,,,,,,
260378,260378,UT,12:50:14 20-May-2024,Argos,B,45.116450,-60.416500,2260,30609,166,95,,,,,,
260378,260378,UT,13:13:01 20-May-2024,Argos,A,45.102450,-60.421840,693,1301,369,152,,,,,,
260378,260378,UT,13:42:55 20-May-2024,Argos,B,45.102820,-60.421000,2276,2988,1733,98,,,,,,
260378,260378,UT,13:43:40 20-May-2024,Argos,B,45.104700,-60.422140,1646,2183,1240,105,,,,,,
260378,260378,UT,14:31:37 20-May-2024,Argos,A,45.119660,-60.462970,2111,39642,112,102,,,,,,
260378,260378,UT,14:55:11 20-May-2024,Argos,A,45.122880,-60.464720,278,1487,52,100,,,,,,
260378,260378,UT,15:21:44 20-May-2024,Argos,A,45.120660,-60.458490,426,1619,111,135,,,,,,
260378,260378,UT,15:22:07 20-May-2024,Argos,A,45.098000,-60.419860,1064,2027,558,81,,,,,,
260378,260378,UT,15:51:55 20-May-2024,Argos,1,45.124780,-60.465250,581,1408,239,81,,,,,,
260378,260378,UT,21:47:58 20-May-2024,Argos,A,45.148710,-60.472930,605,929,393,145,,,,,,
260378,260378,UT,22:23:59 20-May-2024,Argos,B,45.154380,-60.480500,822,1161,582,91,,,,,,
260378,260378,UT,22:27:18 20-May-2024,Argos,A,45.158510,-60.487040,2633,64750,107,95,,,,,,
260378,260378,UT,23:18:47 20-May-2024,Argos,B,45.166130,-60.503010,4737,8791,2552,93,,,,,,
260378,260378,UT,23:26:12 20-May-2024,Argos,2,45.161120,-60.465570,424,1402,127,107,,,,,,
260378,260378,UT,23:29:11 20-May-2024,Argos,3,45.164730,-60.466540,135,172,105,83,,,,,,
260378,260378,UT,00:03:47 21-May-2024,Argos,A,45.177940,-60.457740,146,219,96,86,,,,,,
260378,260378,UT,00:41:30 21-May-2024,Argos,A,45.164810,-60.458360,254,534,120,147,,,,,,
260378,260378,UT,00:46:42 21-May-2024,Argos,B,45.164820,-60.458360,665,846,522,112,,,,,,
260378,260378,UT,01:04:36 21-May-2024,Argos,2,45.169200,-60.446590,342,908,128,78,,,,,,
260378,260378,UT,01:07:36 21-May-2024,Argos,2,45.166170,-60.449440,424,2595,69,85,,,,,,
260378,260378,UT,01:26:22 21-May-2024,Argos,A,45.178300,-60.442610,1907,4210,863,100,,,,,,
260378,260378,UT,02:21:14 21-May-2024,Argos,2,45.171450,-60.441890,302,1149,79,67,,,,,,
260378,260378,UT,02:52:11 21-May-2024,Argos,B,45.169690,-60.443270,817,2082,320,140,,,,,,
260378,260378,UT,12:57:09 21-May-2024,Argos,B,45.106350,-60.515800,3451,9438,1262,108,,,,,,
260378,260378,UT,13:24:53 21-May-2024,Argos,A,45.130670,-60.498390,179,642,49,78,,,,,,
260378,260378,UT,13:24:53 21-May-2024,Argos,A,45.127690,-60.506200,128,439,37,86,,,,,,
260378,260378,UT,14:15:23 21-May-2024,Argos,B,45.128270,-60.507270,1994,3435,1157,93,,,,,,
260378,260378,UT,14:45:49 21-May-2024,Argos,B,45.128100,-60.506210,1831,2851,1175,91,,,,,,
260378,260378,UT,15:04:38 21-May-2024,Argos,A,45.122000,-60.454390,121,186,77,93,,,,,,
260378,260378,UT,15:04:38 21-May-2024,Argos,B,45.122090,-60.454640,122,192,77,95,,,,,,
260378,260378,UT,15:06:16 21-May-2024,Argos,A,45.120230,-60.455600,126,215,73,80,,,,,,
260378,260378,UT,16:42:42 21-May-2024,Argos,0,45.112170,-60.508610,4073,80807,205,95,,,,,,
260378,260378,UT,21:40:18 21-May-2024,Argos,2,45.090140,-60.495170,324,525,199,81,,,,,,
260378,260378,UT,21:55:03 21-May-2024,Argos,2,45.091400,-60.507420,413,1337,127,83,,,,,,
260378,260378,UT,22:39:38 21-May-2024,Argos,1,45.088000,-60.493280,818,7734,86,75,,,,,,
260378,260378,UT,22:55:21 21-May-2024,Argos,B,45.087730,-60.517180,4320,6069,3074,90,,,,,,
260378,260378,UT,00:18:54 22-May-2024,Argos,B,45.093540,-60.489680,4204,31757,556,135,,,,,,
260378,260378,UT,00:28:35 22-May-2024,Argos,1,45.109120,-60.481930,752,870,649,119,,,,,,
260378,260378,UT,00:30:42 22-May-2024,Argos,B,45.112820,-60.479580,1580,1865,1337,66,,,,,,
260378,260378,UT,00:51:41 22-May-2024,Argos,0,45.104660,-60.520040,1548,25140,95,79,,,,,,
260378,260378,UT,00:54:41 22-May-2024,Argos,1,45.116700,-60.476700,622,1632,236,92,,,,,,
260378,260378,UT,11:21:30 22-May-2024,Argos,B,45.075630,-60.468780,4362,25612,743,29,,,,,,
260378,260378,UT,12:35:17 22-May-2024,Argos,B,45.062910,-60.478820,4755,7618,2968,35,,,,,,
260378,260378,UT,13:02:25 22-May-2024,Argos,2,45.095470,-60.472640,390,734,207,80,,,,,,
260378,260378,UT,13:12:52 22-May-2024,Argos,2,45.104490,-60.490120,274,743,100,100,,,,,,
260378,260378,UT,13:48:36 22-May-2024,Argos,1,45.098380,-60.500400,1049,12059,91,101,,,,,,
260378,260378,UT,14:08:09 22-May-2024,Argos,B,45.113400,-60.537280,3324,10320,1070,71,,,,,,
260378,260378,UT,14:24:56 22-May-2024,Argos,2,45.094300,-60.493410,314,493,199,98,,,,,,
260378,260378,UT,14:41:34 22-May-2024,Argos,1,45.099450,-60.477330,575,1320,250,95,,,,,,
260378,260378,UT,22:09:03 22-May-2024,Argos,1,45.119400,-60.485320,737,1003,541,61,,,,,,
260378,260378,UT,22:34:14 22-May-2024,Argos,A,45.119910,-60.515980,1770,49590,63,96,,,,,,
260378,260378,UT,22:37:21 22-May-2024,Argos,B,45.119290,-60.510930,3539,16192,773,96,,,,,,
260378,260378,UT,22:48:27 22-May-2024,Argos,0,45.109190,-60.495790,1531,2659,881,140,,,,,,
260378,260378,UT,23:01:25 22-May-2024,Argos,2,45.114780,-60.484050,263,311,222,123,,,,,,
260378,260378,UT,23:07:19 22-May-2024,Argos,2,45.106970,-60.481690,430,646,286,100,,,,,,
260378,260378,UT,23:41:32 22-May-2024,Argos,B,45.106990,-60.491700,4065,5693,2901,88,,,,,,
260378,260378,UT,23:58:41 22-May-2024,Argos,B,45.107000,-60.487070,4612,6936,3066,90,,,,,,
260378,260378,UT,00:05:59 23-May-2024,Argos,A,45.122920,-60.462700,653,1980,215,21,,,,,,
260378,260378,UT,00:16:09 23-May-2024,Argos,B,45.121250,-60.500220,925,2521,339,86,,,,,,
260378,260378,UT,00:28:50 23-May-2024,Argos,B,45.122660,-60.497450,1047,2438,449,87,,,,,,
260378,260378,UT,00:39:51 23-May-2024,Argos,2,45.105440,-60.474570,496,5612,43,80,,,,,,
260378,260378,UT,00:40:51 23-May-2024,Argos,B,45.105290,-60.475590,613,1858,202,81,,,,,,
260378,260378,UT,01:33:06 23-May-2024,Argos,A,45.125620,-60.472230,1252,3491,449,142,,,,,,
260378,260378,UT,12:07:56 23-May-2024,Argos,1,45.077100,-60.429750,613,8461,44,100,,,,,,
260378,260378,UT,12:18:03 23-May-2024,Argos,B,45.077050,-60.430310,784,1476,416,97,,,,,,
260378,260378,UT,12:47:50 23-May-2024,Argos,B,45.075330,-60.431160,1107,1754,697,94,,,,,,
260378,260378,UT,12:58:45 23-May-2024,Argos,A,45.086920,-60.557580,161,329,78,97,,,,,,
260378,260378,UT,13:33:06 23-May-2024,Argos,B,45.089910,-60.558000,569,8953,36,87,,,,,,
260378,260378,UT,14:15:13 23-May-2024,Argos,1,45.092220,-60.569030,983,1391,693,138,,,,,,
260378,260378,UT,14:21:45 23-May-2024,Argos,2,45.089940,-60.556540,417,900,193,94,,,,,,
260378,260378,UT,14:39:36 23-May-2024,Argos,2,45.087610,-60.569700,417,645,268,86,,,,,,
260378,260378,UT,15:09:23 23-May-2024,Argos,A,45.100440,-60.585160,448,497,402,34,,,,,,
260378,260378,UT,15:09:23 23-May-2024,Argos,A,45.100370,-60.591490,267,388,183,89,,,,,,
260378,260378,UT,21:52:31 23-May-2024,Argos,B,45.119180,-60.611960,19434,24849,15198,79,,,,,,
260378,260378,UT,21:56:47 23-May-2024,Argos,A,45.360170,-60.464180,565,965,330,83,,,,,,
260378,260378,UT,22:10:06 23-May-2024,Argos,A,45.365850,-60.485380,132,323,53,84,,,,,,
260378,260378,UT,22:28:41 23-May-2024,Argos,0,45.384790,-60.472210,1988,41366,95,100,,,,,,
260378,260378,UT,22:29:31 23-May-2024,Argos,A,45.359460,-60.494890,376,866,163,125,,,,,,
260378,260378,UT,22:49:20 23-May-2024,Argos,A,45.386140,-60.429660,2007,6406,628,129,,,,,,
260378,260378,UT,23:16:15 23-May-2024,Argos,B,45.404170,-60.423770,2502,20292,308,107,,,,,,
260378,260378,UT,23:28:56 23-May-2024,Argos,1,45.417380,-60.446630,868,1983,380,77,,,,,,
260378,260378,UT,23:42:35 23-May-2024,Argos,B,45.436270,-60.462520,563,6073,52,70,,,,,,
260378,260378,UT,00:05:05 24-May-2024,Argos,A,45.458430,-60.439040,1346,3189,567,160,,,,,,
260378,260378,UT,00:09:49 24-May-2024,Argos,2,45.461710,-60.460050,371,543,252,78,,,,,,
260378,260378,UT,00:10:31 24-May-2024,Argos,2,45.451720,-60.458060,285,580,140,91,,,,,,
260378,260378,UT,00:33:10 24-May-2024,Argos,A,45.464270,-60.472840,1666,19778,140,84,,,,,,
260378,260378,UT,00:33:10 24-May-2024,Argos,0,45.462940,-60.483790,2534,26652,241,81,,,,,,
260378,260378,UT,00:56:02 24-May-2024,Argos,1,45.489930,-60.433550,685,4581,102,78,,,,,,
260378,260378,UT,01:08:10 24-May-2024,Argos,B,45.493610,-60.430690,1836,3299,1021,87,,,,,,
260378,260378,UT,01:47:17 24-May-2024,Argos,1,45.514460,-60.449460,653,3403,125,79,,,,,,
260378,260378,UT,01:48:01 24-May-2024,Argos,2,45.535340,-60.421090,345,744,159,106,,,,,,
260378,260378,UT,02:10:26 24-May-2024,Argos,3,45.549760,-60.423690,218,317,150,45,,,,,,
260378,260378,UT,02:21:28 24-May-2024,Argos,B,45.553310,-60.425600,760,1410,409,88,,,,,,
260378,260378,UT,11:28:56 24-May-2024,Argos,B,45.677480,-60.530470,1834,3475,968,157,,,,,,
260378,260378,UT,11:38:22 24-May-2024,Argos,1,45.600420,-60.503330,1079,2522,461,33,,,,,,
260378,260378,UT,11:40:11 24-May-2024,Argos,3,45.621030,-60.499000,170,580,49,99,,,,,,
260378,260378,UT,12:20:43 24-May-2024,Argos,0,45.610940,-60.485970,1521,6185,373,119,,,,,,
260378,260378,UT,12:46:00 24-May-2024,Argos,2,45.620740,-60.497570,280,743,105,121,,,,,,
260378,260378,UT,13:10:05 24-May-2024,Argos,B,45.621160,-60.495290,1066,6513,174,100,,,,,,
260378,260378,UT,14:30:05 24-May-2024,Argos,2,45.628780,-60.497120,295,981,88,89,,,,,,
260378,260378,UT,16:07:39 24-May-2024,Argos,A,45.603170,-60.477780,748,3882,144,80,,,,,,
260378,260378,UT,21:16:23 24-May-2024,Argos,3,45.621740,-60.487650,183,458,72,68,,,,,,
260378,260378,UT,21:58:23 24-May-2024,Argos,B,45.621220,-60.491490,595,2363,150,177,,,,,,
260378,260378,UT,23:02:09 24-May-2024,Argos,B,45.621620,-60.491060,960,1905,483,82,,,,,,
260378,260378,UT,23:18:39 24-May-2024,Argos,B,45.619120,-60.491030,798,8724,73,38,,,,,,
260378,260378,UT,23:38:14 24-May-2024,Argos,B,45.619320,-60.490900,1000,1884,530,45,,,,,,
260378,260378,UT,00:19:28 25-May-2024,Argos,B,45.622850,-60.490090,789,9541,65,58,,,,,,
260378,260378,UT,00:36:40 25-May-2024,Argos,B,45.624790,-60.490760,869,12618,59,63,,,,,,
260378,260378,UT,01:30:51 25-May-2024,Argos,B,45.627720,-60.484940,698,3131,155,1,,,,,,
260378,260378,UT,01:34:36 25-May-2024,Argos,B,45.628890,-60.485490,502,2102,119,26,,,,,,
260378,260378,UT,12:03:46 25-May-2024,Argos,B,45.644130,-60.459150,2972,6074,1454,87,,,,,,
260378,260378,UT,12:33:17 25-May-2024,Argos,3,45.625380,-60.495820,148,197,111,94,,,,,,
260378,260378,UT,12:47:21 25-May-2024,Argos,A,45.627350,-60.495490,707,2679,186,85,,,,,,
260378,260378,UT,12:53:21 25-May-2024,Argos,0,45.642540,-60.547180,1594,3740,679,98,,,,,,
260378,260378,UT,13:41:54 25-May-2024,Argos,1,45.655940,-60.501800,1349,5079,358,97,,,,,,
260378,260378,UT,13:51:00 25-May-2024,Argos,1,45.624960,-60.462550,713,866,586,67,,,,,,
260378,260378,UT,14:14:15 25-May-2024,Argos,1,45.640310,-60.482190,529,1332,210,99,,,,,,
260378,260378,UT,14:25:35 25-May-2024,Argos,B,45.654640,-60.456900,3082,4513,2105,110,,,,,,
260378,260378,UT,15:22:01 25-May-2024,Argos,3,45.594000,-60.477150,206,238,177,88,,,,,,
260378,260378,UT,15:22:06 25-May-2024,Argos,A,45.602000,-60.486160,625,851,459,58,,,,,,
260378,260378,UT,15:29:44 25-May-2024,Argos,1,45.613150,-60.479730,1014,6648,154,105,,,,,,
260378,260378,UT,22:13:37 25-May-2024,Argos,0,45.610710,-60.445840,1996,4999,796,2,,,,,,
260378,260378,UT,22:35:34 25-May-2024,Argos,B,45.638420,-60.458060,1587,23925,105,68,,,,,,
260378,260378,UT,22:54:33 25-May-2024,Argos,2,45.617980,-60.476470,434,1791,105,106,,,,,,
260378,260378,UT,23:08:29 25-May-2024,Argos,1,45.619270,-60.479540,733,5499,97,109,,,,,,
260378,260378,UT,23:31:34 25-May-2024,Argos,0,45.625740,-60.477560,2055,10591,398,78,,,,,,
260378,260378,UT,23:44:06 25-May-2024,Argos,B,45.625520,-60.477750,2676,4802,1491,81,,,,,,
260378,260378,UT,00:03:57 26-May-2024,Argos,3,45.637270,-60.458690,92,280,30,77,,,,,,
260378,260378,UT,00:12:05 26-May-2024,Argos,2,45.634350,-60.469160,418,698,249,123,,,,,,
260378,260378,UT,00:15:40 26-May-2024,Argos,A,45.636860,-60.460410,200,1074,37,85,,,,,,
260378,260378,UT,00:46:50 26-May-2024,Argos,B,45.638230,-60.455600,1900,2373,1520,110,,,,,,
260378,260378,UT,01:05:54 26-May-2024,Argos,3,45.612160,-60.481260,197,1236,31,86,,,,,,
260378,260378,UT,01:20:28 26-May-2024,Argos,2,45.614290,-60.483410,284,756,106,73,,,,,,
260378,260378,UT,01:43:34 26-May-2024,Argos,B,45.614230,-60.483230,2694,3855,1882,89,,,,,,
260378,260378,UT,02:52:31 26-May-2024,Argos,B,45.623300,-60.509250,5329,8163,3478,95,,,,,,
260378,260378,UT,02:57:04 26-May-2024,Argos,B,45.621250,-60.498270,6013,12420,2910,101,,,,,,
260378,260378,UT,12:21:33 26-May-2024,Argos,1,45.614320,-60.471860,712,948,534,97,,,,,,
260378,260378,UT,12:25:50 26-May-2024,Argos,B,45.628410,-60.530730,759,2596,221,99,,,,,,
260378,260378,UT,12:26:55 26-May-2024,Argos,2,45.630980,-60.510130,309,742,128,109,,,,,,
260378,260378,UT,13:18:59 26-May-2024,Argos,1,45.602310,-60.551940,656,2317,185,104,,,,,,
260378,260378,UT,13:40:06 26-May-2024,Argos,B,45.607130,-60.599650,9243,13571,6294,89,,,,,,
260378,260378,UT,14:02:29 26-May-2024,Argos,B,45.647820,-60.559030,9647,335474,277,101,,,,,,
260378,260378,UT,14:33:51 26-May-2024,Argos,A,45.641980,-60.493950,2215,4552,1077,162,,,,,,
260378,260378,UT,14:59:24 26-May-2024,Argos,A,45.646770,-60.498990,464,594,362,3,,,,,,
260378,260378,UT,15:18:31 26-May-2024,Argos,B,45.643690,-60.495340,721,951,546,115,,,,,,
260378,260378,UT,15:46:29 26-May-2024,Argos,A,45.604140,-60.510070,4758,10794,2097,37,,,,,,
260378,260378,UT,16:11:48 26-May-2024,Argos,A,45.619710,-60.462830,741,1299,422,120,,,,,,
260378,260378,UT,21:31:27 26-May-2024,Argos,3,45.620580,-60.487580,128,293,55,113,,,,,,
260378,260378,UT,22:09:34 26-May-2024,Argos,3,45.619110,-60.498400,158,313,80,67,,,,,,
260378,260378,UT,22:14:24 26-May-2024,Argos,B,45.616320,-60.483640,894,1303,613,89,,,,,,
260378,260378,UT,22:30:51 26-May-2024,Argos,3,45.621020,-60.503230,190,1208,30,98,,,,,,
260378,260378,UT,22:35:49 26-May-2024,Argos,1,45.612140,-60.450740,1182,15352,91,102,,,,,,
260378,260378,UT,23:03:50 26-May-2024,Argos,3,45.614980,-60.514560,241,260,223,94,,,,,,
260378,260378,UT,23:52:58 26-May-2024,Argos,3,45.616920,-60.490120,142,404,49,71,,,,,,
260378,260378,UT,23:57:05 26-May-2024,Argos,A,45.618140,-60.499420,210,333,132,21,,,,,,
260378,260378,UT,23:57:27 26-May-2024,Argos,3,45.618830,-60.500090,126,234,67,71,,,,,,
260378,260378,UT,00:02:16 27-May-2024,Argos,B,45.618630,-60.498390,464,718,299,88,,,,,,
260378,260378,UT,00:14:48 27-May-2024,Argos,1,45.622950,-60.502540,943,2373,374,51,,,,,,
260378,260378,UT,00:42:06 27-May-2024,Argos,0,45.616560,-60.489320,1630,16851,157,77,,,,,,
260378,260378,UT,01:05:26 27-May-2024,Argos,2,45.615700,-60.490560,364,663,200,75,,,,,,
260378,260378,UT,01:34:34 27-May-2024,Argos,A,45.618420,-60.488010,886,3860,203,73,,,,,,
260378,260378,UT,01:36:21 27-May-2024,Argos,3,45.619820,-60.485540,115,191,69,87,,,,,,
260378,260378,UT,01:49:02 27-May-2024,Argos,1,45.614860,-60.496760,697,1139,426,161,,,,,,
260378,260378,UT,02:50:55 27-May-2024,Argos,B,45.616500,-60.495100,2577,4384,1515,88,,,,,,
260378,260378,UT,12:03:49 27-May-2024,Argos,0,45.627740,-60.466090,2669,67697,105,102,,,,,,
260378,260378,UT,12:08:38 27-May-2024,Argos,3,45.629700,-60.425060,153,195,119,125,,,,,,
260378,260378,UT,12:59:20 27-May-2024,Argos,2,45.641320,-60.467360,405,605,270,89,,,,,,
260378,260378,UT,13:23:53 27-May-2024,Argos,1,45.637240,-60.443610,1175,1369,1008,8,,,,,,
260378,260378,UT,13:40:23 27-May-2024,Argos,A,45.627770,-60.467740,637,1108,365,55,,,,,,
260378,260378,UT,13:45:09 27-May-2024,Argos,1,45.631530,-60.533620,1465,8413,255,102,,,,,,
260378,260378,UT,13:50:13 27-May-2024,Argos,0,45.614940,-60.541900,2549,9989,650,101,,,,,,
260378,260378,UT,14:37:59 27-May-2024,Argos,2,45.614400,-60.489580,466,1130,191,104,,,,,,
260378,260378,UT,15:03:23 27-May-2024,Argos,1,45.622640,-60.481640,1263,7792,204,100,,,,,,
260378,260378,UT,16:49:08 27-May-2024,Argos,1,45.621910,-60.492780,725,1202,436,1,,,,,,
260378,260378,UT,21:41:53 27-May-2024,Argos,1,45.607670,-60.536790,759,1270,453,85,,,,,,
260378,260378,UT,22:02:46 27-May-2024,Argos,1,45.626340,-60.482870,992,2857,344,97,,,,,,
260378,260378,UT,22:07:53 27-May-2024,Argos,3,45.620820,-60.497650,217,636,73,88,,,,,,
260378,260378,UT,23:24:39 27-May-2024,Argos,3,45.620530,-60.486700,131,262,65,90,,,,,,
260378,260378,UT,23:37:22 27-May-2024,Argos,B,45.634490,-60.502820,907,1962,419,67,,,,,,
260378,260378,UT,23:39:38 27-May-2024,Argos,1,45.629750,-60.499580,772,1761,338,75,,,,,,
260378,260378,UT,23:40:23 27-May-2024,Argos,1,45.636140,-60.483060,1021,3571,291,92,,,,,,
260378,260378,UT,23:43:43 27-May-2024,Argos,2,45.620640,-60.484360,426,593,305,76,,,,,,
260378,260378,UT,00:21:39 28-May-2024,Argos,3,45.618880,-60.494770,118,363,38,77,,,,,,
260378,260378,UT,01:00:56 28-May-2024,Argos,B,45.620400,-60.504040,1662,2342,1179,88,,,,,,
260378,260378,UT,01:13:02 28-May-2024,Argos,2,45.619320,-60.492630,258,1061,62,74,,,,,,
260378,260378,UT,02:07:41 28-May-2024,Argos,3,45.623640,-60.490430,162,387,67,61,,,,,,
260378,260378,UT,02:36:45 28-May-2024,Argos,3,45.619330,-60.491380,104,219,48,98,,,,,,
260378,260378,UT,02:42:00 28-May-2024,Argos,3,45.619490,-60.494000,108,260,44,97,,,,,,
260378,260378,UT,11:36:58 28-May-2024,Argos,2,45.617120,-60.493350,270,889,81,97,,,,,,
260378,260378,UT,12:04:26 28-May-2024,Argos,B,45.641770,-60.453890,1994,9991,398,72,,,,,,
260378,260378,UT,12:12:17 28-May-2024,Argos,B,45.635940,-60.476970,1254,4189,375,58,,,,,,
260378,260378,UT,12:38:53 28-May-2024,Argos,1,45.610770,-60.502020,696,699,693,158,,,,,,
260378,260378,UT,13:12:05 28-May-2024,Argos,B,45.614100,-60.525140,1840,4005,845,109,,,,,,
260378,260378,UT,13:13:25 28-May-2024,Argos,B,45.601190,-60.450320,623,1266,306,122,,,,,,
260378,260378,UT,13:27:37 28-May-2024,Argos,B,45.600820,-60.446370,2294,2879,1828,168,,,,,,
260378,260378,UT,13:36:22 28-May-2024,Argos,0,45.606340,-60.507830,2696,11230,647,107,,,,,,
260378,260378,UT,14:20:29 28-May-2024,Argos,B,45.590450,-60.496940,5311,17371,1623,13,,,,,,
260378,260378,UT,14:40:11 28-May-2024,Argos,1,45.576630,-60.468920,1097,4499,267,17,,,,,,
260378,260378,UT,14:54:00 28-May-2024,Argos,A,45.560180,-60.474160,340,686,168,20,,,,,,
260378,260378,UT,15:05:04 28-May-2024,Argos,B,45.587180,-60.478630,378,2701,53,80,,,,,,
260378,260378,UT,15:20:38 28-May-2024,Argos,0,45.586610,-60.451360,5369,15953,1807,34,,,,,,
260378,260378,UT,16:23:38 28-May-2024,Argos,A,45.561600,-60.349340,6930,96382,498,76,,,,,,
260378,260378,UT,16:34:41 28-May-2024,Argos,B,45.528600,-60.450680,10162,86374,1195,106,,,,,,
260378,260378,UT,21:33:21 28-May-2024,Argos,A,45.439100,-60.321860,125,142,109,64,,,,,,
260378,260378,UT,21:43:37 28-May-2024,Argos,B,45.426710,-60.297000,327,1615,66,35,,,,,,
260378,260378,UT,21:50:55 28-May-2024,Argos,B,45.432420,-60.306290,615,3006,125,46,,,,,,
260378,260378,UT,21:52:51 28-May-2024,Argos,B,45.431690,-60.306450,480,1206,190,48,,,,,,
260378,260378,UT,22:25:27 28-May-2024,Argos,A,45.408690,-60.310440,993,2791,353,160,,,,,,
260378,260378,UT,23:00:28 28-May-2024,Argos,1,45.412410,-60.299730,864,7781,95,86,,,,,,
260378,260378,UT,23:13:13 28-May-2024,Argos,A,45.382360,-60.293770,327,1484,72,156,,,,,,
260378,260378,UT,23:15:07 28-May-2024,Argos,B,45.384370,-60.294760,368,661,205,152,,,,,,
260378,260378,UT,23:16:55 28-May-2024,Argos,A,45.404580,-60.295320,677,2290,200,148,,,,,,
260378,260378,UT,23:26:37 28-May-2024,Argos,2,45.409370,-60.268760,392,722,213,51,,,,,,
260378,260378,UT,00:08:19 29-May-2024,Argos,A,45.415040,-60.275530,301,464,194,85,,,,,,
260378,260378,UT,00:36:51 29-May-2024,Argos,A,45.389910,-60.299770,1338,2160,828,171,,,,,,
260378,260378,UT,00:42:10 29-May-2024,Argos,1,45.386140,-60.290430,654,1228,348,99,,,,,,
260378,260378,UT,00:49:19 29-May-2024,Argos,0,45.390580,-60.255440,2842,31914,253,81,,,,,,
260378,260378,UT,00:50:03 29-May-2024,Argos,B,45.395660,-60.296910,762,1483,390,133,,,,,,
260378,260378,UT,01:08:35 29-May-2024,Argos,2,45.385140,-60.274720,471,1204,184,80,,,,,,
260378,260378,UT,01:49:52 29-May-2024,Argos,A,45.370240,-60.268190,676,933,489,91,,,,,,
260378,260378,UT,01:55:15 29-May-2024,Argos,1,45.366930,-60.268510,1044,1623,671,122,,,,,,
260378,260378,UT,12:22:27 29-May-2024,Argos,B,45.193420,-60.231300,7774,88603,682,64,,,,,,
260378,260378,UT,12:49:44 29-May-2024,Argos,A,45.216940,-60.240150,127,190,84,69,,,,,,
260378,260378,UT,13:04:12 29-May-2024,Argos,B,45.217650,-60.240320,534,762,373,89,,,,,,
260378,260378,UT,13:07:57 29-May-2024,Argos,B,45.191610,-60.219040,2573,10273,644,66,,,,,,
260378,260378,UT,13:25:21 29-May-2024,Argos,A,45.196350,-60.279890,1222,19635,76,91,,,,,,
260378,260378,UT,13:56:59 29-May-2024,Argos,A,45.194550,-60.303160,1278,17043,95,95,,,,,,
260378,260378,UT,14:41:43 29-May-2024,Argos,B,45.181460,-60.315590,3385,6792,1686,92,,,,,,
260378,260378,UT,15:06:25 29-May-2024,Argos,B,45.149990,-60.273150,1834,24131,139,60,,,,,,
260378,260378,UT,16:24:09 29-May-2024,Argos,B,45.142820,-60.269120,1436,2534,813,77,,,,,,
260378,260378,UT,22:33:38 29-May-2024,Argos,B,45.180140,-60.189600,1955,14317,267,148,,,,,,
260378,260378,UT,22:40:47 29-May-2024,Argos,2,45.134500,-60.132260,446,4257,46,102,,,,,,
260378,260378,UT,22:53:17 29-May-2024,Argos,1,45.136970,-60.150760,1311,19693,87,102,,,,,,
260378,260378,UT,22:57:36 29-May-2024,Argos,B,45.134590,-60.132770,1029,1578,671,93,,,,,,
260378,260378,UT,23:13:13 29-May-2024,Argos,1,45.132970,-60.124760,880,1385,558,72,,,,,,
260378,260378,UT,23:44:44 29-May-2024,Argos,1,45.108650,-60.122300,627,736,534,145,,,,,,
260378,260378,UT,00:15:42 30-May-2024,Argos,B,45.111250,-60.128780,4541,8663,2380,70,,,,,,
260378,260378,UT,00:19:15 30-May-2024,Argos,A,45.125410,-60.127750,194,309,120,57,,,,,,
260378,260378,UT,00:26:46 30-May-2024,Argos,B,45.122100,-60.150460,3939,6655,2330,148,,,,,,
260378,260378,UT,00:27:08 30-May-2024,Argos,1,45.110490,-60.150550,965,8547,109,69,,,,,,
260378,260378,UT,00:29:23 30-May-2024,Argos,3,45.115920,-60.134770,219,343,140,84,,,,,,
260378,260378,UT,00:54:39 30-May-2024,Argos,1,45.114760,-60.120000,667,2964,149,79,,,,,,
260378,260378,UT,01:09:43 30-May-2024,Argos,1,45.103070,-60.128040,554,1199,256,121,,,,,,
260378,260378,UT,01:22:54 30-May-2024,Argos,B,45.095710,-60.123340,482,1941,119,69,,,,,,
260378,260378,UT,12:24:37 30-May-2024,Argos,B,45.092580,-60.100330,1797,35802,90,95,,,,,,
260378,260378,UT,13:17:36 30-May-2024,Argos,B,45.099300,-60.144870,1231,38530,39,74,,,,,,
260378,260378,UT,13:40:09 30-May-2024,Argos,A,45.114800,-60.117810,613,11336,33,78,,,,,,
260378,260378,UT,14:22:11 30-May-2024,Argos,A,45.111410,-60.207240,602,2112,171,52,,,,,,
260378,260378,UT,14:28:58 30-May-2024,Argos,B,45.125220,-60.197670,591,4563,76,92,,,,,,
260378,260378,UT,14:48:09 30-May-2024,Argos,B,45.130380,-60.199830,1361,3207,577,92,,,,,,
260378,260378,UT,15:00:28 30-May-2024,Argos,B,45.143330,-60.156930,983,2385,404,123,,,,,,
260378,260378,UT,15:18:17 30-May-2024,Argos,B,45.142830,-60.155950,1648,2709,1001,116,,,,,,
260378,260378,UT,16:18:33 30-May-2024,Argos,B,45.122110,-60.184860,2632,3593,1927,95,,,,,,
260378,260378,UT,16:31:18 30-May-2024,Argos,1,45.126860,-60.147060,909,10540,78,99,,,,,,
260378,260378,UT,22:10:18 30-May-2024,Argos,B,45.140160,-60.136990,9110,20740,4001,106,,,,,,
260378,260378,UT,22:10:18 30-May-2024,Argos,B,45.030870,-60.307940,10212,16313,6392,102,,,,,,
260378,260378,UT,22:10:18 30-May-2024,Argos,B,45.091980,-60.206700,14370,86958,2374,87,,,,,,
260378,260378,UT,22:30:00 30-May-2024,Argos,B,45.098800,-60.169210,8128,21179,3118,108,,,,,,
260378,260378,UT,23:04:03 30-May-2024,Argos,1,45.070540,-60.111090,1179,4593,302,144,,,,,,
260378,260378,UT,23:23:19 30-May-2024,Argos,B,45.060900,-60.129830,1139,4678,277,161,,,,,,
260378,260378,UT,23:47:02 30-May-2024,Argos,B,45.066940,-60.135030,1747,2585,1180,128,,,,,,
260378,260378,UT,23:59:24 30-May-2024,Argos,B,45.052970,-60.126260,1932,2885,1293,121,,,,,,
260378,260378,UT,00:20:51 31-May-2024,Argos,B,45.085150,-60.136580,798,6724,94,90,,,,,,
260378,260378,UT,00:41:14 31-May-2024,Argos,B,45.084100,-60.135580,1005,2698,374,90,,,,,,
260378,260378,UT,01:01:51 31-May-2024,Argos,B,45.072310,-60.130230,1251,2356,664,93,,,,,,
260378,260378,UT,01:50:18 31-May-2024,Argos,B,45.092150,-60.146540,1529,2594,900,88,,,,,,
260378,260378,UT,02:04:30 31-May-2024,Argos,B,45.100460,-60.153880,1216,24794,59,74,,,,,,
260378,260378,UT,02:04:30 31-May-2024,Argos,B,45.100990,-60.150220,181,608,54,91,,,,,,
260378,260378,UT,11:59:20 31-May-2024,Argos,0,45.133750,-60.254050,6233,101685,382,102,,,,,,
260378,260378,UT,13:02:50 31-May-2024,Argos,A,45.125910,-60.180030,159,298,85,108,,,,,,
260378,260378,UT,13:14:08 31-May-2024,Argos,2,45.125560,-60.194350,485,1017,230,121,,,,,,
260378,260378,UT,14:03:31 31-May-2024,Argos,B,45.115980,-60.189640,1811,4079,804,50,,,,,,
260378,260378,UT,14:13:51 31-May-2024,Argos,A,45.124360,-60.171720,154,366,64,117,,,,,,
260378,260378,UT,14:45:10 31-May-2024,Argos,A,45.121040,-60.168010,120,248,57,98,,,,,,
260378,260378,UT,14:54:43 31-May-2024,Argos,0,45.129710,-60.160890,1654,5905,463,87,,,,,,
260378,260378,UT,15:42:11 31-May-2024,Argos,0,45.127950,-60.176360,2345,10742,511,122,,,,,,
260378,260378,UT,15:59:11 31-May-2024,Argos,1,45.126640,-60.168590,1247,2750,565,130,,,,,,
260378,260378,UT,16:23:56 31-May-2024,Argos,B,45.126800,-60.168230,7065,9892,5045,92,,,,,,
260378,260378,UT,21:26:41 31-May-2024,Argos,A,45.138410,-60.146760,222,550,89,169,,,,,,
260378,260378,UT,21:39:00 31-May-2024,Argos,A,45.146310,-60.144180,320,1519,67,54,,,,,,
260378,260378,UT,21:40:46 31-May-2024,Argos,B,45.148000,-60.145150,818,1928,346,60,,,,,,
260378,260378,UT,22:04:52 31-May-2024,Argos,1,45.143410,-60.158210,1209,2470,591,64,,,,,,
260378,260378,UT,22:53:22 31-May-2024,Argos,B,45.138350,-60.157060,11740,17339,7948,87,,,,,,
260378,260378,UT,23:57:12 31-May-2024,Argos,B,45.129210,-60.159200,14802,21139,10364,90,,,,,,
260378,260378,UT,00:30:09 01-Jun-2024,Argos,0,45.123700,-60.242260,4060,116721,141,77,,,,,,
260378,260378,UT,00:39:10 01-Jun-2024,Argos,A,45.145300,-60.179330,773,3335,179,80,,,,,,
260378,260378,UT,00:55:40 01-Jun-2024,Argos,B,45.145250,-60.181840,1461,2454,869,86,,,,,,
260378,260378,UT,01:42:04 01-Jun-2024,Argos,1,45.153070,-60.150550,1004,3050,330,77,,,,,,
260378,260378,UT,02:15:12 01-Jun-2024,Argos,A,45.156890,-60.159310,2662,9800,722,54,,,,,,
260378,260378,UT,02:24:00 01-Jun-2024,Argos,B,45.157640,-60.164410,473,2424,92,45,,,,,,
260378,260378,UT,02:55:45 01-Jun-2024,Argos,B,45.158070,-60.156760,585,1594,214,6,,,,,,
260378,260378,UT,12:48:35 01-Jun-2024,Argos,A,45.127890,-60.051500,145,331,63,113,,,,,,
260378,260378,UT,12:59:02 01-Jun-2024,Argos,A,45.164660,-60.123360,1020,4273,243,56,,,,,,
260378,260378,UT,13:11:34 01-Jun-2024,Argos,B,45.141840,-60.134090,1786,10941,291,94,,,,,,
260378,260378,UT,13:42:40 01-Jun-2024,Argos,0,45.142670,-60.183020,2355,3388,1636,67,,,,,,
260378,260378,UT,14:04:12 01-Jun-2024,Argos,2,45.166820,-60.193440,406,532,309,142,,,,,,
260378,260378,UT,14:32:24 01-Jun-2024,Argos,2,45.131290,-60.157350,452,943,216,116,,,,,,
260378,260378,UT,14:36:58 01-Jun-2024,Argos,3,45.135440,-60.161070,206,592,71,106,,,,,,
260378,260378,UT,15:43:27 01-Jun-2024,Argos,B,45.112510,-60.210940,1898,3260,1104,118,,,,,,
260378,260378,UT,21:42:49 01-Jun-2024,Argos,A,45.150090,-60.188310,1679,29016,97,93,,,,,,
260378,260378,UT,22:24:39 01-Jun-2024,Argos,A,45.152560,-60.178850,643,1152,358,171,,,,,,
260378,260378,UT,22:39:50 01-Jun-2024,Argos,2,45.163620,-60.172940,473,776,287,154,,,,,,
260378,260378,UT,22:44:18 01-Jun-2024,Argos,A,45.157190,-60.179960,466,900,241,122,,,,,,
260378,260378,UT,22:47:27 01-Jun-2024,Argos,3,45.161060,-60.172640,160,796,32,100,,,,,,
260378,260378,UT,22:50:43 01-Jun-2024,Argos,B,45.161080,-60.172690,450,699,289,93,,,,,,
260378,260378,UT,23:58:05 01-Jun-2024,Argos,B,45.151830,-60.194730,1771,2475,1267,86,,,,,,
260378,260378,UT,00:18:11 02-Jun-2024,Argos,3,45.152740,-60.170000,81,206,31,73,,,,,,
260378,260378,UT,00:18:35 02-Jun-2024,Argos,3,45.153760,-60.170970,98,383,25,80,,,,,,
260378,260378,UT,00:27:26 02-Jun-2024,Argos,2,45.156740,-60.174590,251,438,143,61,,,,,,
260378,260378,UT,00:33:25 02-Jun-2024,Argos,2,45.152150,-60.174000,426,470,385,29,,,,,,
260378,260378,UT,01:07:26 02-Jun-2024,Argos,2,45.150970,-60.177230,375,3696,38,81,,,,,,
260378,260378,UT,02:10:12 02-Jun-2024,Argos,B,45.142960,-60.198050,1232,1807,839,89,,,,,,
260378,260378,UT,02:10:12 02-Jun-2024,Argos,B,45.145270,-60.188390,1235,2322,656,74,,,,,,
260378,260378,UT,12:05:59 02-Jun-2024,Argos,B,45.112950,-60.281220,1911,4655,784,55,,,,,,
260378,260378,UT,12:33:57 02-Jun-2024,Argos,B,45.167810,-60.199400,2226,5168,958,53,,,,,,
260378,260378,UT,12:47:30 02-Jun-2024,Argos,0,45.144360,-60.160190,1736,4458,675,105,,,,,,
260378,260378,UT,13:22:57 02-Jun-2024,Argos,B,45.154990,-60.218200,2292,4611,1139,60,,,,,,
260378,260378,UT,13:50:49 02-Jun-2024,Argos,A,45.092870,-60.178220,184,232,145,177,,,,,,
260378,260378,UT,14:13:58 02-Jun-2024,Argos,2,45.130210,-60.145550,479,2382,96,95,,,,,,
260378,260378,UT,14:17:09 02-Jun-2024,Argos,2,45.132120,-60.154000,290,638,131,110,,,,,,
260378,260378,UT,15:29:23 02-Jun-2024,Argos,A,45.128740,-60.152540,2529,92009,69,98,,,,,,
260378,260378,UT,15:51:24 02-Jun-2024,Argos,2,45.134870,-60.162980,416,1013,171,97,,,,,,
260378,260378,UT,15:55:34 02-Jun-2024,Argos,1,45.130880,-60.167610,600,659,546,40,,,,,,
260378,260378,UT,16:01:01 02-Jun-2024,Argos,1,45.134870,-60.170920,1291,3339,499,67,,,,,,
260378,260378,UT,21:45:32 02-Jun-2024,Argos,B,45.139070,-60.191090,7806,14691,4147,101,,,,,,
260378,260378,UT,22:10:20 02-Jun-2024,Argos,B,45.140420,-60.173500,4677,165857,131,88,,,,,,
260378,260378,UT,22:31:43 02-Jun-2024,Argos,B,45.142870,-60.177030,1318,24055,72,79,,,,,,
260378,260378,UT,22:48:52 02-Jun-2024,Argos,B,45.134280,-60.160360,1319,55751,31,76,,,,,,
260378,260378,UT,23:55:27 02-Jun-2024,Argos,A,45.134390,-60.159150,440,3391,57,72,,,,,,
260378,260378,UT,00:02:21 03-Jun-2024,Argos,A,45.139300,-60.150640,157,535,45,92,,,,,,
260378,260378,UT,00:05:38 03-Jun-2024,Argos,1,45.133910,-60.142900,839,2353,299,81,,,,,,
260378,260378,UT,00:05:38 03-Jun-2024,Argos,1,45.131070,-60.161630,850,3870,186,81,,,,,,
260378,260378,UT,00:45:04 03-Jun-2024,Argos,A,45.161100,-60.051040,14732,168084,1291,83,,,,,,
260378,260378,UT,01:17:30 03-Jun-2024,Argos,A,45.129480,-60.152420,1386,3962,484,69,,,,,,
260378,260378,UT,01:25:01 03-Jun-2024,Argos,B,45.128290,-60.155030,1834,2691,1249,85,,,,,,
260378,260378,UT,12:15:31 03-Jun-2024,Argos,1,45.147730,-60.158060,1223,1896,789,25,,,,,,
260378,260378,UT,12:25:18 03-Jun-2024,Argos,1,45.151860,-60.173040,995,1241,798,79,,,,,,
260378,260378,UT,12:28:54 03-Jun-2024,Argos,1,45.153240,-60.164220,668,2571,173,107,,,,,,
260378,260378,UT,13:01:55 03-Jun-2024,Argos,B,45.129950,-60.181920,3603,11122,1167,90,,,,,,
260378,260378,UT,13:42:39 03-Jun-2024,Argos,B,45.129030,-60.217790,2215,3874,1266,61,,,,,,
260378,260378,UT,13:56:30 03-Jun-2024,Argos,2,45.158240,-60.189330,253,1638,39,103,,,,,,
260378,260378,UT,14:03:41 03-Jun-2024,Argos,1,45.143790,-60.154080,875,5938,128,101,,,,,,
260378,260378,UT,14:39:32 03-Jun-2024,Argos,1,45.131710,-60.150670,918,2057,409,107,,,,,,
260378,260378,UT,15:02:39 03-Jun-2024,Argos,0,45.128540,-60.174560,2207,2335,2086,29,,,,,,
260378,260378,UT,15:17:33 03-Jun-2024,Argos,0,45.115590,-60.083850,1642,39172,68,102,,,,,,
260378,260378,UT,15:36:11 03-Jun-2024,Argos,1,45.111770,-60.184970,1445,2147,972,27,,,,,,
260378,260378,UT,15:47:58 03-Jun-2024,Argos,1,45.125280,-60.163310,1492,2438,912,63,,,,,,
260378,260378,UT,21:43:19 03-Jun-2024,Argos,2,45.140790,-60.148490,471,889,249,88,,,,,,
260378,260378,UT,22:04:06 03-Jun-2024,Argos,3,45.134720,-60.157820,192,350,105,91,,,,,,
260378,260378,UT,22:15:27 03-Jun-2024,Argos,A,45.133100,-60.154860,533,874,324,151,,,,,,
260378,260378,UT,22:23:56 03-Jun-2024,Argos,A,45.131580,-60.149230,274,1842,40,128,,,,,,
260378,260378,UT,22:41:55 03-Jun-2024,Argos,B,45.131690,-60.147220,592,764,458,107,,,,,,
260378,260378,UT,23:21:39 03-Jun-2024,Argos,3,45.129240,-60.146930,225,456,110,105,,,,,,
260378,260378,UT,23:29:56 03-Jun-2024,Argos,B,45.134190,-60.140450,832,1642,421,113,,,,,,
260378,260378,UT,23:39:56 03-Jun-2024,Argos,3,45.128290,-60.156510,98,145,65,89,,,,,,
260378,260378,UT,23:43:56 03-Jun-2024,Argos,3,45.130350,-60.151580,181,286,114,86,,,,,,
260378,260378,UT,23:50:47 03-Jun-2024,Argos,3,45.123820,-60.165440,147,368,58,70,,,,,,
260378,260378,UT,00:01:35 04-Jun-2024,Argos,A,45.129690,-60.158530,340,1051,110,137,,,,,,
260378,260378,UT,00:23:40 04-Jun-2024,Argos,1,45.128020,-60.167270,732,3409,157,74,,,,,,
260378,260378,UT,02:51:38 04-Jun-2024,Argos,B,45.114120,-60.184260,7869,15977,3875,89,,,,,,
260378,260378,UT,11:56:37 04-Jun-2024,Argos,B,45.127550,-60.171500,12775,55750,2927,99,,,,,,
260378,260378,UT,13:25:38 04-Jun-2024,Argos,B,45.115180,-60.214380,1921,24048,153,125,,,,,,
260378,260378,UT,13:56:42 04-Jun-2024,Argos,B,45.092110,-60.202180,1137,35593,36,105,,,,,,
260378,260378,UT,14:24:32 04-Jun-2024,Argos,B,45.084060,-60.205330,637,3942,103,144,,,,,,
260378,260378,UT,15:05:57 04-Jun-2024,Argos,B,45.074470,-60.203860,1148,1693,778,123,,,,,,
260378,260378,UT,15:14:31 04-Jun-2024,Argos,B,45.074990,-60.208170,1206,1707,851,124,,,,,,
260378,260378,UT,15:57:27 04-Jun-2024,Argos,B,45.150500,-60.289810,3876,77309,194,122,,,,,,
260378,260378,UT,16:48:11 04-Jun-2024,Argos,A,45.057940,-60.222670,1191,4912,288,33,,,,,,
260378,260378,UT,21:35:39 04-Jun-2024,Argos,B,45.022200,-60.125400,14197,22623,8908,93,,,,,,
260378,260378,UT,21:58:49 04-Jun-2024,Argos,B,45.057760,-60.149390,8870,20018,3930,81,,,,,,
260378,260378,UT,21:58:49 04-Jun-2024,Argos,B,45.063040,-60.160340,6504,18731,2258,73,,,,,,
260378,260378,UT,23:18:52 04-Jun-2024,Argos,B,45.056630,-60.079220,1161,11833,113,174,,,,,,
260378,260378,UT,23:44:52 04-Jun-2024,Argos,B,45.052120,-60.083080,1219,13970,106,175,,,,,,
260378,260378,UT,00:25:35 05-Jun-2024,Argos,B,45.066520,-60.061770,1450,2238,938,166,,,,,,
260378,260378,UT,00:54:26 05-Jun-2024,Argos,0,45.129890,-60.129650,3040,5690,1623,84,,,,,,
260378,260378,UT,00:55:32 05-Jun-2024,Argos,0,45.134060,-60.095250,1844,16557,205,80,,,,,,
260378,260378,UT,01:24:33 05-Jun-2024,Argos,2,45.129780,-60.077400,341,764,151,51,,,,,,
260378,260378,UT,01:32:26 05-Jun-2024,Argos,A,45.135290,-60.093960,679,1103,417,143,,,,,,
260378,260378,UT,01:47:02 05-Jun-2024,Argos,B,45.130210,-60.090620,1291,1696,982,95,,,,,,
260378,260378,UT,13:11:56 05-Jun-2024,Argos,B,45.282860,-60.252660,6952,108204,446,148,,,,,,
260378,260378,UT,13:13:30 05-Jun-2024,Argos,B,45.274180,-60.229280,6287,52309,755,140,,,,,,
260378,260378,UT,13:18:11 05-Jun-2024,Argos,A,45.249670,-60.219130,109,174,67,93,,,,,,
260378,260378,UT,13:38:18 05-Jun-2024,Argos,0,45.253760,-60.230070,1730,5471,546,111,,,,,,
260378,260378,UT,13:57:42 05-Jun-2024,Argos,B,45.253750,-60.229920,2832,4413,1816,98,,,,,,
260378,260378,UT,13:57:42 05-Jun-2024,Argos,0,45.284360,-60.269060,3960,19161,818,101,,,,,,
260378,260378,UT,14:53:23 05-Jun-2024,Argos,1,45.267110,-60.265450,1389,4852,397,100,,,,,,
260378,260378,UT,14:58:19 05-Jun-2024,Argos,1,45.260250,-60.260890,942,1924,461,105,,,,,,
260378,260378,UT,15:10:24 05-Jun-2024,Argos,A,45.298780,-60.265340,2032,2333,1769,22,,,,,,
260378,260378,UT,15:22:11 05-Jun-2024,Argos,0,45.270970,-60.309200,1706,5213,558,68,,,,,,
260378,260378,UT,15:45:18 05-Jun-2024,Argos,B,45.271130,-60.308620,4226,6308,2830,86,,,,,,
260378,260378,UT,16:31:57 05-Jun-2024,Argos,1,45.321360,-60.320100,1030,1897,559,89,,,,,,
260378,260378,UT,16:34:48 05-Jun-2024,Argos,B,45.322750,-60.341530,996,2337,424,92,,,,,,
260378,260378,UT,16:54:51 05-Jun-2024,Argos,B,45.334130,-60.340660,2417,32611,179,94,,,,,,
260378,260378,UT,21:36:32 05-Jun-2024,Argos,B,45.465330,-60.393350,1528,22887,102,1,,,,,,
260378,260378,UT,22:20:19 05-Jun-2024,Argos,A,45.527780,-60.458380,256,1390,47,97,,,,,,
260378,260378,UT,23:06:37 05-Jun-2024,Argos,B,45.566330,-60.476300,1168,28030,48,108,,,,,,
260378,260378,UT,23:06:37 05-Jun-2024,Argos,B,45.561730,-60.477830,2301,3286,1611,89,,,,,,
260378,260378,UT,23:32:10 05-Jun-2024,Argos,B,45.582440,-60.489410,1577,2491,998,90,,,,,,
260378,260378,UT,23:44:09 05-Jun-2024,Argos,3,45.578450,-60.451690,220,257,187,159,,,,,,
260378,260378,UT,23:58:30 05-Jun-2024,Argos,2,45.581350,-60.479540,485,588,398,114,,,,,,
260378,260378,UT,00:34:49 06-Jun-2024,Argos,B,45.596090,-60.451420,6086,14604,2536,50,,,,,,
260378,260378,UT,00:38:14 06-Jun-2024,Argos,2,45.607050,-60.457750,356,2288,55,76,,,,,,
260378,260378,UT,00:43:00 06-Jun-2024,Argos,2,45.605480,-60.472750,282,424,187,96,,,,,,
260378,260378,UT,01:11:15 06-Jun-2024,Argos,1,45.614640,-60.469660,759,2327,247,79,,,,,,
260378,260378,UT,01:25:59 06-Jun-2024,Argos,B,45.623790,-60.471530,2233,12111,411,41,,,,,,
260378,260378,UT,02:55:30 06-Jun-2024,Argos,B,45.669100,-60.487740,7068,9768,5114,81,,,,,,
260378,260378,UT,11:03:00 06-Jun-2024,Argos,B,45.770210,-60.453510,2133,36934,123,28,,,,,,
260378,260378,UT,11:05:00 06-Jun-2024,Argos,2,45.575270,-60.580400,419,749,234,61,,,,,,
260378,260378,UT,11:52:19 06-Jun-2024,Argos,B,45.590050,-60.585700,990,1866,524,55,,,,,,
260378,260378,UT,12:45:01 06-Jun-2024,Argos,3,45.589080,-60.577950,153,299,77,102,,,,,,
260378,260378,UT,12:50:03 06-Jun-2024,Argos,1,45.579400,-60.573780,595,741,477,90,,,,,,
260378,260378,UT,13:01:18 06-Jun-2024,Argos,A,45.589520,-60.584090,1384,1966,974,153,,,,,,
260378,260378,UT,13:32:29 06-Jun-2024,Argos,A,45.583670,-60.587300,2074,45508,94,91,,,,,,
260378,260378,UT,13:47:32 06-Jun-2024,Argos,B,45.587100,-60.583610,1150,2656,498,100,,,,,,
260378,260378,UT,14:29:24 06-Jun-2024,Argos,B,45.596840,-60.587780,1611,2716,955,96,,,,,,
260378,260378,UT,14:30:13 06-Jun-2024,Argos,A,45.608000,-60.550240,264,591,118,136,,,,,,
260378,260378,UT,14:41:14 06-Jun-2024,Argos,A,45.598090,-60.553430,116,386,35,92,,,,,,
260378,260378,UT,15:09:37 06-Jun-2024,Argos,B,45.605160,-60.546810,747,1107,503,92,,,,,,
260378,260378,UT,16:06:37 06-Jun-2024,Argos,1,45.611870,-60.525490,1075,4214,274,84,,,,,,
260378,260378,UT,16:11:00 06-Jun-2024,Argos,B,45.604940,-60.546700,936,7727,113,98,,,,,,
260378,260378,UT,16:29:01 06-Jun-2024,Argos,B,45.600430,-60.530740,1049,3201,343,96,,,,,,
260378,260378,UT,22:14:45 06-Jun-2024,Argos,B,45.549640,-60.465120,7135,12090,4210,80,,,,,,
260378,260378,UT,22:26:28 06-Jun-2024,Argos,B,45.584190,-60.438290,4761,10445,2169,84,,,,,,
260378,260378,UT,22:47:34 06-Jun-2024,Argos,A,45.601950,-60.468520,1506,60964,37,96,,,,,,
260378,260378,UT,23:21:22 06-Jun-2024,Argos,A,45.585670,-60.420400,404,2126,76,112,,,,,,
260378,260378,UT,23:28:46 06-Jun-2024,Argos,1,45.599750,-60.374050,667,1300,341,86,,,,,,
260378,260378,UT,23:29:41 06-Jun-2024,Argos,A,45.566670,-60.399710,699,2137,228,83,,,,,,
260378,260378,UT,00:06:35 07-Jun-2024,Argos,B,45.562540,-60.415900,1400,9080,215,143,,,,,,
260378,260378,UT,00:17:33 07-Jun-2024,Argos,B,45.573140,-60.387260,3097,4859,1973,91,,,,,,
260378,260378,UT,00:20:15 07-Jun-2024,Argos,A,45.598250,-60.449340,936,8939,98,98,,,,,,
260378,260378,UT,00:56:47 07-Jun-2024,Argos,B,45.615460,-60.460580,1503,7984,283,64,,,,,,
260378,260378,UT,01:39:37 07-Jun-2024,Argos,2,45.620620,-60.500990,426,1030,176,118,,,,,,
260378,260378,UT,01:57:44 07-Jun-2024,Argos,2,45.621600,-60.501460,476,1294,174,103,,,,,,
260378,260378,UT,02:11:28 07-Jun-2024,Argos,B,45.621620,-60.501320,2308,3351,1588,90,,,,,,
260378,260378,UT,11:36:15 07-Jun-2024,Argos,A,45.646210,-60.471490,587,1290,267,177,,,,,,
260378,260378,UT,12:00:05 07-Jun-2024,Argos,A,45.643780,-60.462310,839,2501,281,51,,,,,,
260378,260378,UT,12:19:05 07-Jun-2024,Argos,1,45.620010,-60.490580,623,3409,113,99,,,,,,
260378,260378,UT,12:30:53 07-Jun-2024,Argos,2,45.617050,-60.498640,262,338,202,134,,,,,,
260378,260378,UT,13:14:50 07-Jun-2024,Argos,2,45.616900,-60.529590,453,1129,181,90,,,,,,
260378,260378,UT,13:19:04 07-Jun-2024,Argos,2,45.606710,-60.482420,439,3469,55,97,,,,,,
260378,260378,UT,13:56:49 07-Jun-2024,Argos,B,45.627210,-60.535760,4035,7991,2037,84,,,,,,
260378,260378,UT,14:11:28 07-Jun-2024,Argos,1,45.611860,-60.496120,1194,14930,95,99,,,,,,
260378,260378,UT,21:38:11 07-Jun-2024,Argos,2,45.617820,-60.463340,344,504,235,57,,,,,,
260378,260378,UT,21:58:38 07-Jun-2024,Argos,3,45.618390,-60.496970,94,173,51,79,,,,,,
260378,260378,UT,22:21:51 07-Jun-2024,Argos,3,45.620930,-60.496420,100,300,33,97,,,,,,
260378,260378,UT,22:22:13 07-Jun-2024,Argos,B,45.617330,-60.515070,1816,6295,524,90,,,,,,
260378,260378,UT,23:59:52 07-Jun-2024,Argos,3,45.622220,-60.488050,160,300,85,85,,,,,,
260378,260378,UT,00:19:05 08-Jun-2024,Argos,1,45.620180,-60.492920,553,1280,238,104,,,,,,
260378,260378,UT,00:33:11 08-Jun-2024,Argos,0,45.605510,-60.507430,2044,4762,876,52,,,,,,
260378,260378,UT,00:42:08 08-Jun-2024,Argos,1,45.614940,-60.508730,1163,27508,49,79,,,,,,
260378,260378,UT,00:54:13 08-Jun-2024,Argos,2,45.622690,-60.477770,289,2466,33,80,,,,,,
260378,260378,UT,00:57:37 08-Jun-2024,Argos,B,45.622330,-60.478690,816,1418,469,84,,,,,,
260378,260378,UT,11:19:19 08-Jun-2024,Argos,3,45.618450,-60.484280,235,415,133,75,,,,,,
260378,260378,UT,11:26:40 08-Jun-2024,Argos,B,45.618560,-60.485120,797,1150,551,88,,,,,,
260378,260378,UT,11:52:29 08-Jun-2024,Argos,2,45.615470,-60.477710,448,4873,41,98,,,,,,
260378,260378,UT,12:10:17 08-Jun-2024,Argos,2,45.616070,-60.494250,275,829,91,130,,,,,,
260378,260378,UT,12:56:00 08-Jun-2024,Argos,3,45.628640,-60.503840,139,346,55,115,,,,,,
260378,260378,UT,13:02:18 08-Jun-2024,Argos,3,45.631660,-60.505510,84,164,42,106,,,,,,
260378,260378,UT,13:32:25 08-Jun-2024,Argos,3,45.620910,-60.498870,137,165,113,100,,,,,,
260378,260378,UT,13:49:23 08-Jun-2024,Argos,2,45.619290,-60.495240,429,2340,78,101,,,,,,
260378,260378,UT,14:13:18 08-Jun-2024,Argos,A,45.603190,-60.493630,451,1497,135,114,,,,,,
260378,260378,UT,21:33:03 08-Jun-2024,Argos,B,45.535910,-60.463960,2597,4644,1452,93,,,,,,
260378,260378,UT,21:58:37 08-Jun-2024,Argos,B,45.396880,-60.169040,1285,34919,47,54,,,,,,
260378,260378,UT,22:26:40 08-Jun-2024,Argos,1,45.369520,-60.260590,731,4340,123,96,,,,,,
260378,260378,UT,22:34:21 08-Jun-2024,Argos,B,45.368810,-60.260420,911,1778,467,94,,,,,,
260378,260378,UT,22:54:05 08-Jun-2024,Argos,A,45.347140,-60.201980,310,576,166,106,,,,,,
260378,260378,UT,23:13:46 08-Jun-2024,Argos,1,45.352260,-60.225100,1424,9243,219,99,,,,,,
260378,260378,UT,23:32:08 08-Jun-2024,Argos,A,45.326060,-60.173530,156,227,106,54,,,,,,
260378,260378,UT,23:35:46 08-Jun-2024,Argos,A,45.329990,-60.150330,309,520,183,79,,,,,,
260378,260378,UT,00:04:15 09-Jun-2024,Argos,B,45.323820,-60.141910,3354,4966,2265,90,,,,,,
260378,260378,UT,00:04:15 09-Jun-2024,Argos,B,45.329740,-60.157930,1342,3815,472,45,,,,,,
260378,260378,UT,00:24:13 09-Jun-2024,Argos,B,45.323620,-60.153750,763,1176,494,69,,,,,,
260378,260378,UT,00:32:00 09-Jun-2024,Argos,0,45.293580,-60.168990,4667,137587,158,78,,,,,,
260378,260378,UT,01:15:57 09-Jun-2024,Argos,A,45.272420,-60.132540,345,678,175,104,,,,,,
260378,260378,UT,01:41:29 09-Jun-2024,Argos,A,45.282000,-59.985570,2796,3455,2262,119,,,,,,
260378,260378,UT,01:48:37 09-Jun-2024,Argos,B,45.282650,-59.983110,8918,19045,4175,99,,,,,,
260378,260378,UT,02:05:10 09-Jun-2024,Argos,B,45.276820,-59.973430,8073,14839,4392,98,,,,,,
260378,260378,UT,02:15:31 09-Jun-2024,Argos,0,45.285000,-60.120080,1739,2953,1024,42,,,,,,
260378,260378,UT,12:52:15 09-Jun-2024,Argos,1,45.074740,-60.115340,573,714,458,118,,,,,,
260378,260378,UT,13:06:37 09-Jun-2024,Argos,B,45.089970,-60.128380,1608,9378,275,65,,,,,,
260378,260378,UT,13:34:15 09-Jun-2024,Argos,A,45.071640,-60.167820,701,4091,120,82,,,,,,
260378,260378,UT,14:02:18 09-Jun-2024,Argos,2,45.082080,-60.128890,412,912,186,102,,,,,,
260378,260378,UT,14:15:34 09-Jun-2024,Argos,B,45.086800,-60.141820,1646,4624,585,57,,,,,,
260378,260378,UT,14:32:06 09-Jun-2024,Argos,A,45.085950,-60.137440,129,396,41,107,,,,,,
260378,260378,UT,15:10:38 09-Jun-2024,Argos,B,45.090170,-60.140280,617,7082,53,92,,,,,,
260378,260378,UT,15:27:23 09-Jun-2024,Argos,3,45.081550,-60.152770,112,237,53,80,,,,,,
260378,260378,UT,15:48:35 09-Jun-2024,Argos,B,45.084350,-60.145040,768,16228,36,110,,,,,,
260378,260378,UT,21:31:46 09-Jun-2024,Argos,A,45.108290,-60.144360,173,431,69,135,,,,,,
260378,260378,UT,21:51:27 09-Jun-2024,Argos,2,45.110940,-60.157170,420,2424,72,97,,,,,,
260378,260378,UT,21:52:24 09-Jun-2024,Argos,3,45.110720,-60.146120,245,554,107,97,,,,,,
260378,260378,UT,22:50:50 09-Jun-2024,Argos,B,45.099190,-60.148920,3800,6618,2181,85,,,,,,
260378,260378,UT,23:03:18 09-Jun-2024,Argos,B,45.102600,-60.144040,1304,1792,948,91,,,,,,
260378,260378,UT,23:14:55 09-Jun-2024,Argos,A,45.104450,-60.157930,617,3656,104,49,,,,,,
260378,260378,UT,23:30:10 09-Jun-2024,Argos,B,45.104850,-60.157160,748,1268,440,59,,,,,,
260378,260378,UT,23:57:56 09-Jun-2024,Argos,B,45.105410,-60.157450,1012,1539,664,73,,,,,,
260378,260378,UT,00:05:43 10-Jun-2024,Argos,A,45.111940,-60.169820,114,192,67,66,,,,,,
260378,260378,UT,00:20:49 10-Jun-2024,Argos,1,45.105130,-60.175880,1433,10377,197,72,,,,,,
260378,260378,UT,00:32:05 10-Jun-2024,Argos,B,45.105090,-60.176240,2932,4567,1881,85,,,,,,
260378,260378,UT,00:55:59 10-Jun-2024,Argos,1,45.123580,-60.129350,1289,19303,86,80,,,,,,
260378,260378,UT,01:04:09 10-Jun-2024,Argos,B,45.125060,-60.113300,3796,6803,2117,83,,,,,,
260378,260378,UT,01:29:45 10-Jun-2024,Argos,B,45.125420,-60.113530,6607,10216,4272,86,,,,,,
260378,260378,UT,11:36:47 10-Jun-2024,Argos,B,45.227310,-60.049200,1636,14504,184,43,,,,,,
260378,260378,UT,12:45:08 10-Jun-2024,Argos,1,45.172620,-60.101190,1267,11310,142,96,,,,,,
260378,260378,UT,12:45:08 10-Jun-2024,Argos,B,45.235060,-60.024520,1940,4015,937,47,,,,,,
260378,260378,UT,13:09:31 10-Jun-2024,Argos,2,45.124440,-60.128000,263,465,148,81,,,,,,
260378,260378,UT,13:57:06 10-Jun-2024,Argos,B,45.123440,-60.123010,2900,4260,1973,91,,,,,,
260378,260378,UT,13:57:06 10-Jun-2024,Argos,B,45.123430,-60.123040,2585,3798,1759,91,,,,,,
260378,260378,UT,14:26:02 10-Jun-2024,Argos,B,45.139050,-60.111350,851,5887,122,106,,,,,,
260378,260378,UT,14:44:37 10-Jun-2024,Argos,B,45.136210,-60.109210,1036,2867,374,105,,,,,,
260378,260378,UT,14:48:46 10-Jun-2024,Argos,0,45.123810,-60.149830,1516,1936,1186,139,,,,,,
260378,260378,UT,15:33:53 10-Jun-2024,Argos,B,45.118610,-60.145130,7336,10545,5102,95,,,,,,
260378,260378,UT,16:01:44 10-Jun-2024,Argos,B,45.147730,-60.150530,4913,24644,979,90,,,,,,
260378,260378,UT,16:21:16 10-Jun-2024,Argos,A,45.131920,-60.165840,156,1082,22,95,,,,,,
260378,260378,UT,21:17:36 10-Jun-2024,Argos,B,45.126530,-60.174740,2280,3273,1587,95,,,,,,
260378,260378,UT,22:34:38 10-Jun-2024,Argos,B,45.103370,-60.156870,2659,3129,2259,148,,,,,,
260378,260378,UT,22:56:00 10-Jun-2024,Argos,B,45.100130,-60.153710,2495,2558,2433,94,,,,,,
260378,260378,UT,22:56:00 10-Jun-2024,Argos,B,45.108170,-60.155970,2635,3418,2031,142,,,,,,
260378,260378,UT,23:40:25 10-Jun-2024,Argos,B,45.100430,-60.146930,1996,42824,93,22,,,,,,
260378,260378,UT,23:45:10 10-Jun-2024,Argos,B,45.101480,-60.146360,1900,12280,293,22,,,,,,
260378,260378,UT,00:08:50 11-Jun-2024,Argos,A,45.103030,-60.148400,146,311,68,57,,,,,,
260378,260378,UT,00:13:34 11-Jun-2024,Argos,B,45.103160,-60.148240,330,468,233,81,,,,,,
260378,260378,UT,00:38:36 11-Jun-2024,Argos,B,45.103900,-60.148680,705,1148,432,81,,,,,,
260378,260378,UT,01:21:03 11-Jun-2024,Argos,A,45.117560,-60.126500,241,1561,37,97,,,,,,
260378,260378,UT,01:22:33 11-Jun-2024,Argos,3,45.112650,-60.149180,247,452,135,75,,,,,,
260378,260378,UT,01:48:37 11-Jun-2024,Argos,B,45.111960,-60.148060,3002,4251,2119,89,,,,,,
260378,260378,UT,10:57:03 11-Jun-2024,Argos,B,45.115130,-60.027850,10672,27243,4180,102,,,,,,
260378,260378,UT,12:15:19 11-Jun-2024,Argos,1,45.144120,-60.136750,1239,7864,195,108,,,,,,
260378,260378,UT,12:27:28 11-Jun-2024,Argos,B,45.135710,-60.146130,11680,27617,4939,105,,,,,,
260378,260378,UT,12:49:09 11-Jun-2024,Argos,3,45.137650,-60.147910,213,330,136,111,,,,,,
260378,260378,UT,13:32:15 11-Jun-2024,Argos,0,45.147370,-60.146170,2778,23465,328,100,,,,,,
260378,260378,UT,13:38:52 11-Jun-2024,Argos,B,45.141160,-60.149120,1613,2699,963,92,,,,,,
260378,260378,UT,13:50:47 11-Jun-2024,Argos,B,45.143440,-60.150700,8713,23975,3166,98,,,,,,
260378,260378,UT,14:04:42 11-Jun-2024,Argos,1,45.150440,-60.163180,939,6294,140,100,,,,,,
260378,260378,UT,14:28:03 11-Jun-2024,Argos,1,45.142260,-60.135890,553,1109,275,89,,,,,,
260378,260378,UT,15:21:12 11-Jun-2024,Argos,A,45.148370,-60.169040,4816,147566,157,100,,,,,,
260378,260378,UT,15:38:31 11-Jun-2024,Argos,0,45.138050,-60.155060,2646,8262,847,75,,,,,,
260378,260378,UT,21:52:45 11-Jun-2024,Argos,2,45.143300,-60.168670,333,627,176,46,,,,,,
260378,260378,UT,22:18:44 11-Jun-2024,Argos,B,45.148840,-60.163900,24001,97253,5922,110,,,,,,
260378,260378,UT,22:28:35 11-Jun-2024,Argos,0,45.144670,-60.152190,5572,383701,80,100,,,,,,
260378,260378,UT,22:38:24 11-Jun-2024,Argos,B,45.146570,-60.156920,3622,23092,568,100,,,,,,
260378,260378,UT,23:40:34 11-Jun-2024,Argos,B,45.151410,-60.167920,3429,8622,1364,103,,,,,,
260378,260378,UT,23:51:17 11-Jun-2024,Argos,B,45.144600,-60.169120,2919,9582,889,105,,,,,,
260378,260378,UT,23:55:13 11-Jun-2024,Argos,2,45.139300,-60.179310,330,839,129,72,,,,,,
260378,260378,UT,00:07:25 12-Jun-2024,Argos,B,45.136740,-60.177500,730,2724,195,69,,,,,,
260378,260378,UT,00:19:27 12-Jun-2024,Argos,B,45.139280,-60.181960,487,3329,71,60,,,,,,
260378,260378,UT,01:02:14 12-Jun-2024,Argos,B,45.151010,-60.187830,943,1809,491,76,,,,,,
260378,260378,UT,02:52:02 12-Jun-2024,Argos,B,45.162130,-60.197730,1585,2901,865,88,,,,,,
260378,260378,UT,11:50:49 12-Jun-2024,Argos,A,45.120000,-60.154730,331,3088,35,92,,,,,,
260378,260378,UT,13:14:38 12-Jun-2024,Argos,1,45.124440,-60.170290,1343,4466,403,82,,,,,,
260378,260378,UT,13:30:03 12-Jun-2024,Argos,B,45.124230,-60.170720,4942,7279,3355,90,,,,,,
260378,260378,UT,13:59:24 12-Jun-2024,Argos,B,45.126500,-60.174030,6323,10702,3735,95,,,,,,
260378,260378,UT,14:47:58 12-Jun-2024,Argos,1,45.099550,-60.162600,682,867,536,153,,,,,,
260378,260378,UT,14:53:46 12-Jun-2024,Argos,B,45.112230,-60.189500,924,3657,233,116,,,,,,
260378,260378,UT,15:12:12 12-Jun-2024,Argos,B,45.123240,-60.193960,864,17683,42,103,,,,,,
260378,260378,UT,21:29:42 12-Jun-2024,Argos,B,45.091780,-60.164240,2213,5130,954,77,,,,,,
260378,260378,UT,21:53:44 12-Jun-2024,Argos,B,45.110040,-60.154060,1926,8891,417,86,,,,,,
260378,260378,UT,21:59:02 12-Jun-2024,Argos,A,45.114890,-60.157440,177,1066,29,83,,,,,,
260378,260378,UT,22:09:03 12-Jun-2024,Argos,B,45.114830,-60.157180,467,743,293,87,,,,,,
260378,260378,UT,23:14:45 12-Jun-2024,Argos,B,45.109840,-60.155240,1164,1753,773,93,,,,,,
260378,260378,UT,23:24:48 12-Jun-2024,Argos,B,45.125620,-60.150050,899,25638,31,100,,,,,,
260378,260378,UT,23:41:50 12-Jun-2024,Argos,B,45.130310,-60.156800,1709,6329,461,96,,,,,,
260378,260378,UT,23:42:12 12-Jun-2024,Argos,B,45.133640,-60.167370,733,7228,74,84,,,,,,
260378,260378,UT,00:38:57 13-Jun-2024,Argos,0,45.179350,-60.009870,11786,414064,335,77,,,,,,
260378,260378,UT,02:01:31 13-Jun-2024,Argos,B,45.221380,-60.130700,9107,96975,855,32,,,,,,
260378,260378,UT,02:44:22 13-Jun-2024,Argos,B,45.234220,-60.124100,10843,16905,6955,44,,,,,,
260378,260378,UT,12:07:03 13-Jun-2024,Argos,A,45.127320,-60.228100,384,495,297,161,,,,,,
260378,260378,UT,12:07:03 13-Jun-2024,Argos,B,45.127400,-60.228200,400,514,311,148,,,,,,
260378,260378,UT,13:41:27 13-Jun-2024,Argos,B,45.142280,-60.223620,1654,2316,1181,90,,,,,,
260378,260378,UT,13:53:58 13-Jun-2024,Argos,B,45.147120,-60.242420,2410,5819,998,118,,,,,,
260378,260378,UT,14:39:59 13-Jun-2024,Argos,B,45.147950,-60.225570,2307,4226,1259,116,,,,,,
260378,260378,UT,14:55:44 13-Jun-2024,Argos,A,45.166890,-60.256970,157,495,49,116,,,,,,
260378,260378,UT,15:29:17 13-Jun-2024,Argos,B,45.188740,-60.197880,3246,5105,2063,127,,,,,,
260378,260378,UT,15:29:41 13-Jun-2024,Argos,B,45.172390,-60.252100,805,1159,558,95,,,,,,
260378,260378,UT,15:44:52 13-Jun-2024,Argos,B,45.164850,-60.177290,2523,27234,233,67,,,,,,
260378,260378,UT,16:39:37 13-Jun-2024,Argos,B,45.180640,-60.126460,777,1207,499,147,,,,,,
260378,260378,UT,21:32:13 13-Jun-2024,Argos,B,45.260790,-59.936980,2415,3131,1862,94,,,,,,
260378,260378,UT,21:32:13 13-Jun-2024,Argos,B,45.158120,-60.159490,4448,13637,1450,72,,,,,,
260378,260378,UT,21:58:16 13-Jun-2024,Argos,B,45.154190,-60.155970,3832,12901,1138,79,,,,,,
260378,260378,UT,22:29:16 13-Jun-2024,Argos,B,45.144900,-60.188650,3818,8513,1712,90,,,,,,
260378,260378,UT,22:43:06 13-Jun-2024,Argos,A,45.123580,-60.161900,15133,0,228,79,,,,,,
260378,260378,UT,23:02:12 13-Jun-2024,Argos,1,45.116810,-60.178010,893,5534,143,90,,,,,,
260378,260378,UT,23:07:19 13-Jun-2024,Argos,A,45.113110,-60.171670,241,738,78,93,,,,,,
260378,260378,UT,23:29:01 13-Jun-2024,Argos,2,45.115230,-60.188870,429,685,268,100,,,,,,
260378,260378,UT,23:33:44 13-Jun-2024,Argos,3,45.106140,-60.191570,239,602,94,172,,,,,,
260378,260378,UT,00:15:21 14-Jun-2024,Argos,1,45.114290,-60.184020,872,2600,292,85,,,,,,
260378,260378,UT,00:28:45 14-Jun-2024,Argos,A,45.118420,-60.174510,1771,6477,484,66,,,,,,
260378,260378,UT,00:42:18 14-Jun-2024,Argos,B,45.116960,-60.180630,143,206,98,80,,,,,,
260378,260378,UT,00:42:18 14-Jun-2024,Argos,A,45.117370,-60.179880,345,488,243,87,,,,,,
260378,260378,UT,01:12:10 14-Jun-2024,Argos,A,45.120930,-60.147920,143,634,32,74,,,,,,
260378,260378,UT,01:16:13 14-Jun-2024,Argos,B,45.120640,-60.148910,320,541,188,81,,,,,,
260378,260378,UT,01:19:22 14-Jun-2024,Argos,B,45.119720,-60.147240,308,2509,37,70,,,,,,
260378,260378,UT,02:55:11 14-Jun-2024,Argos,B,45.118250,-60.124940,1337,2064,865,85,,,,,,
260378,260378,UT,02:55:11 14-Jun-2024,Argos,B,45.122800,-60.137610,1664,3265,848,100,,,,,,
260378,260378,UT,02:55:11 14-Jun-2024,Argos,B,45.125610,-60.123340,1216,2396,616,86,,,,,,
260378,260378,UT,11:48:39 14-Jun-2024,Argos,B,45.145240,-60.152570,3063,6209,1510,81,,,,,,
260378,260378,UT,11:49:24 14-Jun-2024,Argos,0,45.117150,-60.108610,2507,3621,1735,140,,,,,,
260378,260378,UT,12:11:05 14-Jun-2024,Argos,A,45.123980,-60.093050,3283,8766,1229,54,,,,,,
260378,260378,UT,12:31:57 14-Jun-2024,Argos,B,45.120110,-60.110960,3199,13957,733,173,,,,,,
260378,260378,UT,12:40:10 14-Jun-2024,Argos,B,45.116580,-60.110940,419,1105,158,123,,,,,,
260378,260378,UT,13:24:17 14-Jun-2024,Argos,1,45.124160,-60.105170,688,2258,209,94,,,,,,
260378,260378,UT,13:31:29 14-Jun-2024,Argos,0,45.120020,-60.134490,3020,26186,348,103,,,,,,
260378,260378,UT,14:11:16 14-Jun-2024,Argos,A,45.118920,-60.117800,902,2894,280,100,,,,,,
260378,260378,UT,14:38:19 14-Jun-2024,Argos,2,45.123980,-60.113360,457,1520,137,94,,,,,,
260378,260378,UT,14:55:09 14-Jun-2024,Argos,0,45.120680,-60.117800,2278,2586,2005,29,,,,,,
260378,260378,UT,15:04:58 14-Jun-2024,Argos,1,45.117460,-60.098720,673,1167,388,80,,,,,,
260378,260378,UT,15:14:41 14-Jun-2024,Argos,0,45.109370,-60.111680,1581,1797,1391,115,,,,,,
260378,260378,UT,16:25:23 14-Jun-2024,Argos,A,45.172460,-60.138380,3171,16723,601,151,,,,,,
260378,260378,UT,16:36:57 14-Jun-2024,Argos,B,45.303990,-60.151220,4924,11588,2092,108,,,,,,
260378,260378,UT,21:45:31 14-Jun-2024,Argos,1,45.069320,-60.065020,1274,7751,209,97,,,,,,
260378,260378,UT,22:21:36 14-Jun-2024,Argos,A,45.056580,-60.124380,389,2543,59,72,,,,,,
260378,260378,UT,22:35:31 14-Jun-2024,Argos,A,45.055790,-60.026740,737,6808,79,106,,,,,,
260378,260378,UT,22:40:42 14-Jun-2024,Argos,A,45.055000,-60.026060,1211,14815,98,101,,,,,,
260378,260378,UT,23:13:03 14-Jun-2024,Argos,A,45.050400,-60.051920,495,800,306,109,,,,,,
260378,260378,UT,23:18:28 14-Jun-2024,Argos,A,45.038590,-60.032160,267,372,191,23,,,,,,
260378,260378,UT,00:00:30 15-Jun-2024,Argos,A,45.025960,-60.093990,204,389,107,90,,,,,,
260378,260378,UT,00:02:04 15-Jun-2024,Argos,B,45.020560,-60.080960,727,1334,396,55,,,,,,
260378,260378,UT,00:10:16 15-Jun-2024,Argos,B,45.020940,-60.080100,1491,2096,1061,85,,,,,,
260378,260378,UT,00:15:48 15-Jun-2024,Argos,B,45.023640,-60.094250,1033,1495,713,89,,,,,,
260378,260378,UT,00:31:05 15-Jun-2024,Argos,A,45.013010,-60.143410,468,1386,158,125,,,,,,
260378,260378,UT,00:51:56 15-Jun-2024,Argos,0,44.973610,-60.077400,16282,318588,832,79,,,,,,
260378,260378,UT,00:56:03 15-Jun-2024,Argos,1,44.973650,-60.046770,1109,3284,374,85,,,,,,
260378,260378,UT,01:36:07 15-Jun-2024,Argos,A,44.919300,-60.071130,1866,8808,395,102,,,,,,
260378,260378,UT,02:09:20 15-Jun-2024,Argos,B,44.897420,-60.077280,620,3235,118,41,,,,,,
260378,260378,UT,02:10:47 15-Jun-2024,Argos,0,44.917430,-60.035070,2221,15516,317,80,,,,,,
260378,260378,UT,02:32:53 15-Jun-2024,Argos,A,44.909450,-60.071420,2894,6383,1311,142,,,,,,
260378,260378,UT,02:43:35 15-Jun-2024,Argos,B,44.907690,-60.069040,1323,2003,874,117,,,,,,
260378,260378,UT,11:30:29 15-Jun-2024,Argos,B,44.688250,-59.902970,2260,35430,144,49,,,,,,
260378,260378,UT,11:33:01 15-Jun-2024,Argos,B,44.647430,-59.977170,4528,8212,2495,89,,,,,,
260378,260378,UT,11:39:28 15-Jun-2024,Argos,B,44.633520,-59.970590,2506,7272,863,83,,,,,,
260378,260378,UT,12:13:08 15-Jun-2024,Argos,0,44.631910,-59.958560,1600,3846,665,87,,,,,,
260378,260378,UT,13:07:28 15-Jun-2024,Argos,B,44.598720,-59.953170,2750,6523,1159,83,,,,,,
260378,260378,UT,13:19:06 15-Jun-2024,Argos,0,44.585380,-59.914770,1823,6866,483,87,,,,,,
260378,260378,UT,13:49:00 15-Jun-2024,Argos,0,44.581730,-59.905250,4455,109726,180,101,,,,,,
260378,260378,UT,13:51:07 15-Jun-2024,Argos,A,44.571250,-59.880460,1831,8635,388,89,,,,,,
260378,260378,UT,14:10:06 15-Jun-2024,Argos,B,44.572830,-59.900770,5629,11861,2671,97,,,,,,
260378,260378,UT,14:27:25 15-Jun-2024,Argos,2,44.562280,-59.894340,422,637,278,96,,,,,,
260378,260378,UT,14:48:21 15-Jun-2024,Argos,B,44.555120,-59.894300,1540,7136,332,26,,,,,,
260378,260378,UT,14:57:15 15-Jun-2024,Argos,A,44.562090,-59.875140,167,240,115,151,,,,,,
260378,260378,UT,15:39:10 15-Jun-2024,Argos,B,44.544390,-59.866440,905,1288,635,92,,,,,,
260378,260378,UT,15:51:18 15-Jun-2024,Argos,2,44.538720,-59.888900,291,553,153,87,,,,,,
260378,260378,UT,16:10:17 15-Jun-2024,Argos,2,44.539150,-59.829120,334,720,154,85,,,,,,
260378,260378,UT,16:29:42 15-Jun-2024,Argos,B,44.531200,-59.820440,1292,1840,906,90,,,,,,
260378,260378,UT,21:55:57 15-Jun-2024,Argos,0,44.483690,-59.847370,2286,5737,911,90,,,,,,
260378,260378,UT,22:02:48 15-Jun-2024,Argos,1,44.490060,-59.822250,1282,2628,625,94,,,,,,
260378,260378,UT,22:14:20 15-Jun-2024,Argos,B,44.491390,-59.824460,3937,11398,1359,20,,,,,,
260378,260378,UT,22:51:49 15-Jun-2024,Argos,B,44.483480,-59.797700,654,3314,129,142,,,,,,
260378,260378,UT,23:09:00 15-Jun-2024,Argos,2,44.481350,-59.796050,347,467,258,102,,,,,,
260378,260378,UT,23:34:41 15-Jun-2024,Argos,3,44.478350,-59.796790,108,199,58,80,,,,,,
260378,260378,UT,23:37:34 15-Jun-2024,Argos,A,44.472820,-59.775240,390,1042,145,162,,,,,,
260378,260378,UT,23:44:10 15-Jun-2024,Argos,1,44.473790,-59.760490,1244,1553,996,114,,,,,,
260378,260378,UT,23:46:17 15-Jun-2024,Argos,1,44.445040,-59.731370,856,1053,695,44,,,,,,
260378,260378,UT,00:18:15 16-Jun-2024,Argos,0,44.486550,-59.756390,2274,4560,1133,7,,,,,,
260378,260378,UT,00:29:09 16-Jun-2024,Argos,1,44.454020,-59.772710,665,2387,185,84,,,,,,
260378,260378,UT,00:45:44 16-Jun-2024,Argos,0,44.586850,-59.645310,11946,15867,8994,63,,,,,,
260378,260378,UT,01:26:25 16-Jun-2024,Argos,B,44.478130,-59.714220,15503,43956,5468,104,,,,,,
260378,260378,UT,01:59:25 16-Jun-2024,Argos,A,44.443000,-59.803500,3721,40129,345,77,,,,,,
260378,260378,UT,02:09:54 16-Jun-2024,Argos,B,44.449960,-59.768870,895,3706,216,132,,,,,,
260378,260378,UT,02:35:08 16-Jun-2024,Argos,B,44.447480,-59.767220,1699,2456,1175,114,,,,,,
260378,260378,UT,12:48:16 16-Jun-2024,Argos,B,44.185070,-60.380600,2918,6906,1232,84,,,,,,
260378,260378,UT,13:04:51 16-Jun-2024,Argos,A,44.435050,-59.718720,1089,2247,527,119,,,,,,
260378,260378,UT,13:30:09 16-Jun-2024,Argos,B,44.435030,-59.718700,6386,9088,4486,91,,,,,,
260378,260378,UT,14:16:17 16-Jun-2024,Argos,A,44.433310,-59.728630,120,158,91,80,,,,,,
260378,260378,UT,14:23:22 16-Jun-2024,Argos,A,44.426740,-59.683950,2563,28830,227,101,,,,,,
260378,260378,UT,14:50:40 16-Jun-2024,Argos,B,44.408730,-59.707750,12354,20029,7619,97,,,,,,
260378,260378,UT,15:05:56 16-Jun-2024,Argos,B,44.402920,-59.741540,7976,33040,1925,18,,,,,,
260378,260378,UT,21:26:49 16-Jun-2024,Argos,B,44.238730,-59.737030,1503,18201,124,25,,,,,,
260378,260378,UT,21:32:05 16-Jun-2024,Argos,B,44.412640,-59.662590,903,7945,102,15,,,,,,
260378,260378,UT,21:49:58 16-Jun-2024,Argos,A,44.432870,-59.654460,101,291,34,99,,,,,,
260378,260378,UT,22:01:36 16-Jun-2024,Argos,B,44.432290,-59.652390,503,783,323,94,,,,,,
260378,260378,UT,22:33:13 16-Jun-2024,Argos,B,44.437430,-59.654030,670,3068,146,122,,,,,,
260378,260378,UT,00:09:26 17-Jun-2024,Argos,B,44.397130,-59.690870,1473,37341,58,68,,,,,,
260378,260378,UT,00:09:26 17-Jun-2024,Argos,B,44.404640,-59.671310,1752,71861,42,68,,,,,,
260378,260378,UT,00:35:42 17-Jun-2024,Argos,0,44.440340,-59.526290,10077,799575,127,78,,,,,,
260378,260378,UT,00:49:49 17-Jun-2024,Argos,B,44.433020,-59.541490,10417,51572,2103,79,,,,,,
260378,260378,UT,01:03:02 17-Jun-2024,Argos,B,44.484140,-59.424580,7710,34620,1716,91,,,,,,
260378,260378,UT,01:47:59 17-Jun-2024,Argos,B,44.472100,-59.445350,5367,15164,1899,86,,,,,,
260378,260378,UT,02:20:03 17-Jun-2024,Argos,B,44.467710,-59.447590,7284,18378,2887,79,,,,,,
260378,260378,UT,02:20:50 17-Jun-2024,Argos,B,44.452670,-59.494850,1297,13508,124,72,,,,,,
260378,260378,UT,11:44:42 17-Jun-2024,Argos,B,44.481500,-59.408710,3113,4168,2324,97,,,,,,
260378,260378,UT,12:24:55 17-Jun-2024,Argos,B,44.506460,-59.506100,1865,34075,102,119,,,,,,
260378,260378,UT,12:57:15 17-Jun-2024,Argos,B,44.459940,-59.414180,1598,16993,150,64,,,,,,
260378,260378,UT,13:01:20 17-Jun-2024,Argos,B,44.462040,-59.406780,532,2158,131,42,,,,,,
260378,260378,UT,14:02:15 17-Jun-2024,Argos,0,44.387890,-59.050430,15047,310261,729,103,,,,,,
260378,260378,UT,14:05:37 17-Jun-2024,Argos,A,44.494000,-59.435930,394,675,230,85,,,,,,
260378,260378,UT,14:36:32 17-Jun-2024,Argos,0,44.477460,-59.379270,4871,8345,2843,116,,,,,,
260378,260378,UT,14:52:03 17-Jun-2024,Argos,A,44.483670,-59.405640,2759,4088,1862,94,,,,,,
260378,260378,UT,15:41:43 17-Jun-2024,Argos,0,44.494740,-59.366090,2114,8325,537,90,,,,,,
260378,260378,UT,15:45:25 17-Jun-2024,Argos,A,44.514010,-59.323120,3040,8786,1051,69,,,,,,
260378,260378,UT,15:59:34 17-Jun-2024,Argos,0,44.488480,-59.489810,1895,5443,659,92,,,,,,
260378,260378,UT,16:16:59 17-Jun-2024,Argos,B,44.497640,-59.344700,8986,32947,2450,72,,,,,,
260378,260378,UT,22:42:25 17-Jun-2024,Argos,0,44.462740,-58.919920,82302,0,872,79,,,,,,
260378,260378,UT,22:43:46 17-Jun-2024,Argos,A,44.479860,-59.325750,1361,4816,384,35,,,,,,
260378,260378,UT,22:43:49 17-Jun-2024,Argos,0,44.331940,-59.348090,3463,10741,1116,106,,,,,,
260378,260378,UT,22:59:14 17-Jun-2024,Argos,1,44.331630,-59.471180,920,2950,286,118,,,,,,
260378,260378,UT,23:53:16 17-Jun-2024,Argos,1,44.285290,-59.564730,1125,3156,401,97,,,,,,
260378,260378,UT,23:53:49 17-Jun-2024,Argos,0,44.274020,-59.510170,3592,5610,2299,102,,,,,,
260378,260378,UT,00:20:40 18-Jun-2024,Argos,B,44.282860,-59.477420,11547,36804,3622,152,,,,,,
260378,260378,UT,00:21:35 18-Jun-2024,Argos,0,44.258160,-59.482190,2582,20157,330,79,,,,,,
260378,260378,UT,00:22:43 18-Jun-2024,Argos,B,44.257730,-59.482520,2815,6903,1147,81,,,,,,
260378,260378,UT,00:32:21 18-Jun-2024,Argos,0,44.247250,-59.558920,3545,6324,1987,79,,,,,,
260378,260378,UT,01:30:08 18-Jun-2024,Argos,1,44.217390,-59.534700,625,1811,215,85,,,,,,
260378,260378,UT,01:32:13 18-Jun-2024,Argos,A,44.214540,-59.526380,1388,2086,923,74,,,,,,
260378,260378,UT,01:35:46 18-Jun-2024,Argos,3,44.213920,-59.517540,134,230,77,70,,,,,,
260378,260378,UT,10:56:24 18-Jun-2024,Argos,2,43.975050,-59.747020,341,1877,62,82,,,,,,
260378,260378,UT,11:08:24 18-Jun-2024,Argos,B,43.999570,-59.625690,17251,71374,4169,69,,,,,,
260378,260378,UT,12:07:11 18-Jun-2024,Argos,1,43.952070,-59.838130,1023,1803,580,27,,,,,,
260378,260378,UT,12:36:09 18-Jun-2024,Argos,3,43.971540,-59.771640,182,274,120,98,,,,,,
260378,260378,UT,12:44:26 18-Jun-2024,Argos,2,43.961740,-59.756260,318,622,162,69,,,,,,
260378,260378,UT,13:46:37 18-Jun-2024,Argos,1,43.967240,-59.762010,611,2978,125,96,,,,,,
260378,260378,UT,13:51:09 18-Jun-2024,Argos,3,43.971740,-59.765650,129,147,113,77,,,,,,
260378,260378,UT,14:24:55 18-Jun-2024,Argos,2,43.971820,-59.771580,351,839,146,101,,,,,,
260378,260378,UT,14:35:28 18-Jun-2024,Argos,B,43.975890,-59.769060,1046,4810,227,112,,,,,,
260378,260378,UT,15:10:06 18-Jun-2024,Argos,2,43.973640,-59.766010,320,387,263,63,,,,,,
260378,260378,UT,15:25:51 18-Jun-2024,Argos,3,43.974900,-59.782110,155,212,112,51,,,,,,
260378,260378,UT,15:34:10 18-Jun-2024,Argos,1,43.971320,-59.767830,731,3583,148,105,,,,,,
260378,260378,UT,16:52:08 18-Jun-2024,Argos,2,43.970530,-59.767630,325,1098,96,103,,,,,,
260378,260378,UT,22:10:35 18-Jun-2024,Argos,2,43.948740,-59.812630,450,2240,90,97,,,,,,
260378,260378,UT,22:13:52 18-Jun-2024,Argos,3,43.944620,-59.815340,247,623,98,76,,,,,,
260378,260378,UT,22:23:40 18-Jun-2024,Argos,A,43.952850,-59.806310,867,1805,416,46,,,,,,
260378,260378,UT,22:34:11 18-Jun-2024,Argos,B,43.952550,-59.806590,1841,2577,1314,62,,,,,,
260378,260378,UT,22:35:39 18-Jun-2024,Argos,1,43.949930,-59.828330,1270,28954,55,98,,,,,,
260378,260378,UT,23:28:27 18-Jun-2024,Argos,2,43.946370,-59.805450,253,270,236,145,,,,,,
260378,260378,UT,23:47:55 18-Jun-2024,Argos,3,43.946140,-59.806490,182,302,109,34,,,,,,
260378,260378,UT,00:01:24 19-Jun-2024,Argos,3,43.950800,-59.805010,131,256,66,113,,,,,,
260378,260378,UT,00:07:23 19-Jun-2024,Argos,3,43.946730,-59.808160,111,307,40,77,,,,,,
260378,260378,UT,00:13:25 19-Jun-2024,Argos,B,43.946400,-59.808910,440,630,307,87,,,,,,
260378,260378,UT,01:09:18 19-Jun-2024,Argos,3,43.948820,-59.804690,149,440,50,94,,,,,,
260378,260378,UT,01:22:55 19-Jun-2024,Argos,3,43.948390,-59.806880,94,144,60,67,,,,,,
260378,260378,UT,02:25:51 19-Jun-2024,Argos,B,43.945500,-59.802310,1016,1571,657,81,,,,,,
260378,260378,UT,11:03:51 19-Jun-2024,Argos,2,43.944060,-59.812610,405,1140,143,142,,,,,,
260378,260378,UT,11:47:09 19-Jun-2024,Argos,B,43.947380,-59.812740,957,1308,700,98,,,,,,
260378,260378,UT,12:08:26 19-Jun-2024,Argos,2,43.947110,-59.804400,252,1310,48,98,,,,,,
260378,260378,UT,12:33:42 19-Jun-2024,Argos,B,43.949090,-59.804510,1209,1790,816,91,,,,,,
260378,260378,UT,13:21:39 19-Jun-2024,Argos,2,43.925270,-59.770910,367,1157,116,95,,,,,,
260378,260378,UT,13:39:06 19-Jun-2024,Argos,B,43.925270,-59.770500,1291,4603,362,107,,,,,,
260378,260378,UT,13:49:07 19-Jun-2024,Argos,B,43.922080,-59.766900,1703,3271,886,107,,,,,,
260378,260378,UT,14:09:32 19-Jun-2024,Argos,1,43.922520,-59.745400,554,1470,208,114,,,,,,
260378,260378,UT,14:27:14 19-Jun-2024,Argos,B,43.921240,-59.745710,610,905,410,95,,,,,,
260378,260378,UT,15:05:23 19-Jun-2024,Argos,2,43.938950,-59.759930,312,419,231,108,,,,,,
260378,260378,UT,15:18:38 19-Jun-2024,Argos,1,43.925170,-59.748070,1492,4010,555,112,,,,,,
260378,260378,UT,15:53:02 19-Jun-2024,Argos,0,43.966720,-59.763480,1858,4077,846,23,,,,,,
260378,260378,UT,16:05:51 19-Jun-2024,Argos,3,43.955790,-59.778980,224,464,108,102,,,,,,
260378,260378,UT,21:38:17 19-Jun-2024,Argos,2,43.955260,-59.790750,311,612,158,72,,,,,,
260378,260378,UT,21:41:15 19-Jun-2024,Argos,3,43.957310,-59.778740,130,172,98,98,,,,,,
260378,260378,UT,21:48:44 19-Jun-2024,Argos,2,43.965490,-59.765160,406,534,308,66,,,,,,
260378,260378,UT,22:09:52 19-Jun-2024,Argos,1,43.965060,-59.798020,518,1427,188,89,,,,,,
260378,260378,UT,22:21:26 19-Jun-2024,Argos,B,43.960200,-59.793700,836,1298,537,84,,,,,,
260378,260378,UT,23:09:29 19-Jun-2024,Argos,A,43.959330,-59.777210,1004,2635,382,15,,,,,,
260378,260378,UT,23:17:51 19-Jun-2024,Argos,1,43.958960,-59.775910,521,1027,264,132,,,,,,
260378,260378,UT,23:31:16 19-Jun-2024,Argos,3,43.960330,-59.773600,109,158,74,114,,,,,,
260378,260378,UT,23:43:16 19-Jun-2024,Argos,A,43.959460,-59.779570,190,348,103,160,,,,,,
260378,260378,UT,23:57:35 19-Jun-2024,Argos,3,43.960410,-59.776240,82,167,40,81,,,,,,
260378,260378,UT,23:59:05 19-Jun-2024,Argos,A,43.960160,-59.773590,152,265,86,27,,,,,,
260378,260378,UT,00:45:38 20-Jun-2024,Argos,0,43.960540,-59.773140,1581,23066,108,75,,,,,,
260378,260378,UT,01:11:52 20-Jun-2024,Argos,3,43.960470,-59.778410,131,276,62,105,,,,,,
260378,260378,UT,01:35:20 20-Jun-2024,Argos,B,43.961110,-59.775990,662,950,460,88,,,,,,
260378,260378,UT,01:40:35 20-Jun-2024,Argos,A,43.962910,-59.772150,263,737,93,125,,,,,,
260378,260378,UT,02:29:14 20-Jun-2024,Argos,B,43.965570,-59.768290,978,1369,698,92,,,,,,
260378,260378,UT,02:50:12 20-Jun-2024,Argos,B,43.964390,-59.774250,792,5718,109,166,,,,,,
260378,260378,UT,11:44:43 20-Jun-2024,Argos,2,43.963140,-59.784620,350,2765,44,100,,,,,,
260378,260378,UT,12:19:40 20-Jun-2024,Argos,A,43.960500,-59.762690,332,719,153,15,,,,,,
260378,260378,UT,13:03:32 20-Jun-2024,Argos,2,43.971050,-59.773800,367,469,287,121,,,,,,
260378,260378,UT,13:21:31 20-Jun-2024,Argos,B,43.972520,-59.774380,1734,4841,621,98,,,,,,
260378,260378,UT,13:56:35 20-Jun-2024,Argos,B,43.976240,-59.775340,4154,5774,2988,90,,,,,,
260378,260378,UT,13:58:49 20-Jun-2024,Argos,2,43.968630,-59.773020,317,1447,69,107,,,,,,
260378,260378,UT,14:44:04 20-Jun-2024,Argos,2,43.970710,-59.768300,486,1087,217,87,,,,,,
260378,260378,UT,15:07:12 20-Jun-2024,Argos,1,43.964130,-59.766950,687,13168,35,101,,,,,,
260378,260378,UT,15:22:47 20-Jun-2024,Argos,A,43.968160,-59.773460,390,1504,100,74,,,,,,
260378,260378,UT,16:49:39 20-Jun-2024,Argos,1,43.968540,-59.772450,548,1818,165,73,,,,,,
260378,260378,UT,21:00:48 20-Jun-2024,Argos,3,43.966400,-59.764230,84,198,35,82,,,,,,
260378,260378,UT,21:03:47 20-Jun-2024,Argos,3,43.966660,-59.764220,156,211,115,36,,,,,,
260378,260378,UT,21:23:21 20-Jun-2024,Argos,B,43.971540,-59.767010,457,2063,101,67,,,,,,
260378,260378,UT,22:45:44 20-Jun-2024,Argos,3,43.965810,-59.765590,94,275,32,103,,,,,,
260378,260378,UT,22:53:13 20-Jun-2024,Argos,B,43.978460,-59.773640,1328,1945,906,77,,,,,,
260378,260378,UT,23:05:17 20-Jun-2024,Argos,3,43.966860,-59.762620,99,378,26,82,,,,,,
260378,260378,UT,23:16:31 20-Jun-2024,Argos,A,43.965590,-59.764990,118,286,48,59,,,,,,
260378,260378,UT,23:49:20 20-Jun-2024,Argos,3,43.965070,-59.773510,204,595,70,99,,,,,,
260378,260378,UT,00:23:23 21-Jun-2024,Argos,B,43.964410,-59.771420,931,1324,654,93,,,,,,
260378,260378,UT,00:27:07 21-Jun-2024,Argos,3,43.965940,-59.773420,229,934,56,69,,,,,,
260378,260378,UT,00:59:32 21-Jun-2024,Argos,A,43.967310,-59.770320,691,2256,211,109,,,,,,
260378,260378,UT,01:19:00 21-Jun-2024,Argos,B,43.967840,-59.768040,657,988,436,98,,,,,,
260378,260378,UT,01:27:16 21-Jun-2024,Argos,3,43.966200,-59.768560,137,333,56,112,,,,,,
260378,260378,UT,02:09:44 21-Jun-2024,Argos,3,43.968000,-59.769570,194,310,121,24,,,,,,
260378,260378,UT,02:32:10 21-Jun-2024,Argos,3,43.965570,-59.768960,82,123,54,70,,,,,,
260378,260378,UT,02:36:38 21-Jun-2024,Argos,3,43.966440,-59.766940,95,246,36,83,,,,,,
260378,260378,UT,12:05:36 21-Jun-2024,Argos,B,43.965670,-59.695580,1941,28020,134,18,,,,,,
260378,260378,UT,13:36:02 21-Jun-2024,Argos,B,43.968170,-59.689490,2356,4268,1300,23,,,,,,
260378,260378,UT,13:52:28 21-Jun-2024,Argos,B,43.985560,-59.685990,1039,8394,128,101,,,,,,
260378,260378,UT,14:21:26 21-Jun-2024,Argos,B,43.975770,-59.718410,1027,20831,50,114,,,,,,
260378,260378,UT,14:52:14 21-Jun-2024,Argos,B,43.976620,-59.715230,1269,3278,491,111,,,,,,
260378,260378,UT,15:29:13 21-Jun-2024,Argos,B,43.979130,-59.708710,1481,3093,709,111,,,,,,
260378,260378,UT,16:04:18 21-Jun-2024,Argos,A,43.970410,-59.673790,568,1070,301,14,,,,,,
260378,260378,UT,16:13:57 21-Jun-2024,Argos,1,43.989640,-59.683270,541,1464,199,108,,,,,,
260378,260378,UT,16:39:04 21-Jun-2024,Argos,A,43.989960,-59.686360,268,382,188,160,,,,,,
260378,260378,UT,21:58:54 21-Jun-2024,Argos,B,43.973460,-59.828050,1645,21094,128,177,,,,,,
260378,260378,UT,22:14:13 21-Jun-2024,Argos,A,43.987320,-59.850090,611,6040,61,93,,,,,,
260378,260378,UT,22:32:39 21-Jun-2024,Argos,B,43.986520,-59.847430,2137,3402,1341,90,,,,,,
260378,260378,UT,22:41:59 21-Jun-2024,Argos,A,43.985240,-59.836330,257,1721,38,84,,,,,,
260378,260378,UT,22:54:02 21-Jun-2024,Argos,A,43.987780,-59.832950,113,520,24,115,,,,,,
260378,260378,UT,23:34:39 21-Jun-2024,Argos,3,43.985930,-59.838370,125,250,62,100,,,,,,
260378,260378,UT,23:50:23 21-Jun-2024,Argos,B,43.980410,-59.838370,415,1839,93,98,,,,,,
260378,260378,UT,00:11:35 22-Jun-2024,Argos,A,43.975920,-59.833440,113,200,63,92,,,,,,
260378,260378,UT,00:17:17 22-Jun-2024,Argos,A,43.974270,-59.824950,264,387,179,145,,,,,,
260378,260378,UT,00:42:16 22-Jun-2024,Argos,3,43.967260,-59.833280,144,211,98,39,,,,,,
260378,260378,UT,00:50:39 22-Jun-2024,Argos,1,43.961380,-59.811480,1397,10475,186,80,,,,,,
260378,260378,UT,01:14:45 22-Jun-2024,Argos,3,43.955160,-59.810720,174,406,74,79,,,,,,
260378,260378,UT,01:47:19 22-Jun-2024,Argos,2,43.961370,-59.797410,483,1251,186,103,,,,,,
260378,260378,UT,02:20:07 22-Jun-2024,Argos,3,43.956490,-59.802800,160,517,49,82,,,,,,
260378,260378,UT,10:56:11 22-Jun-2024,Argos,B,43.945060,-59.758570,3655,40806,327,106,,,,,,
260378,260378,UT,11:42:36 22-Jun-2024,Argos,B,43.957960,-59.772280,5392,9767,2976,106,,,,,,
260378,260378,UT,12:33:46 22-Jun-2024,Argos,3,43.954450,-59.809440,153,263,89,114,,,,,,
260378,260378,UT,13:09:05 22-Jun-2024,Argos,B,43.995330,-59.831280,1890,41418,86,148,,,,,,
260378,260378,UT,13:29:51 22-Jun-2024,Argos,1,43.982830,-59.852190,1147,4281,307,105,,,,,,
260378,260378,UT,14:03:35 22-Jun-2024,Argos,0,43.964620,-59.775340,8150,132748,500,100,,,,,,
260378,260378,UT,14:10:23 22-Jun-2024,Argos,B,43.964130,-59.773290,6954,20503,2358,99,,,,,,
260378,260378,UT,14:43:29 22-Jun-2024,Argos,A,43.984070,-59.854780,383,1698,86,91,,,,,,
260378,260378,UT,14:46:03 22-Jun-2024,Argos,A,43.977950,-59.856320,466,1215,178,55,,,,,,
260378,260378,UT,15:15:16 22-Jun-2024,Argos,B,43.983880,-59.864770,1177,1585,873,84,,,,,,
260378,260378,UT,15:27:42 22-Jun-2024,Argos,B,43.980470,-59.860910,1043,1405,774,97,,,,,,
260378,260378,UT,15:45:29 22-Jun-2024,Argos,B,43.986410,-59.866990,1126,1463,865,97,,,,,,
260378,260378,UT,16:24:14 22-Jun-2024,Argos,3,43.996140,-59.864320,116,160,84,99,,,,,,
260378,260378,UT,21:46:41 22-Jun-2024,Argos,3,43.953480,-59.942760,166,338,81,94,,,,,,
260378,260378,UT,22:15:43 22-Jun-2024,Argos,B,43.954860,-59.942820,800,11243,56,97,,,,,,
260378,260378,UT,22:31:52 22-Jun-2024,Argos,A,43.963540,-59.938170,426,658,275,66,,,,,,
260378,260378,UT,22:59:05 22-Jun-2024,Argos,B,43.963100,-59.937830,778,1099,550,89,,,,,,
260378,260378,UT,23:21:23 22-Jun-2024,Argos,A,43.953030,-59.970370,188,255,138,3,,,,,,
260378,260378,UT,23:22:33 22-Jun-2024,Argos,1,43.948470,-59.955560,619,1057,362,98,,,,,,
260378,260378,UT,23:48:56 22-Jun-2024,Argos,A,43.961320,-59.976760,752,2029,278,93,,,,,,
260378,260378,UT,23:52:02 22-Jun-2024,Argos,B,43.961700,-59.976820,224,982,51,108,,,,,,
260378,260378,UT,00:02:50 23-Jun-2024,Argos,B,43.963610,-59.978690,381,1375,105,46,,,,,,
260378,260378,UT,00:32:18 23-Jun-2024,Argos,B,43.967680,-59.982080,810,1172,559,77,,,,,,
260378,260378,UT,00:38:56 23-Jun-2024,Argos,B,43.963370,-59.983210,638,3722,109,107,,,,,,
260378,260378,UT,00:59:33 23-Jun-2024,Argos,A,43.969730,-59.962730,140,666,29,86,,,,,,
260378,260378,UT,01:28:20 23-Jun-2024,Argos,2,43.941920,-59.972240,317,865,115,75,,,,,,
260378,260378,UT,02:15:42 23-Jun-2024,Argos,A,43.945560,-59.967890,688,2755,171,83,,,,,,
260378,260378,UT,11:03:50 23-Jun-2024,Argos,B,43.986900,-59.992350,2707,5474,1338,89,,,,,,
260378,260378,UT,11:41:08 23-Jun-2024,Argos,B,43.986330,-59.862260,1814,14447,227,170,,,,,,
260378,260378,UT,12:01:47 23-Jun-2024,Argos,A,43.932770,-59.844100,590,2119,164,131,,,,,,
260378,260378,UT,12:04:11 23-Jun-2024,Argos,1,43.947400,-59.837630,837,5021,139,93,,,,,,
260378,260378,UT,12:45:30 23-Jun-2024,Argos,0,43.946760,-59.831430,1591,11664,217,97,,,,,,
260378,260378,UT,13:19:27 23-Jun-2024,Argos,2,43.953370,-59.812210,358,702,182,91,,,,,,
260378,260378,UT,13:40:26 23-Jun-2024,Argos,3,43.952330,-59.814800,235,823,67,98,,,,,,
260378,260378,UT,13:46:29 23-Jun-2024,Argos,B,43.953690,-59.818130,479,1026,223,96,,,,,,
260378,260378,UT,13:46:29 23-Jun-2024,Argos,A,43.950130,-59.818630,594,1268,277,64,,,,,,
260378,260378,UT,14:27:07 23-Jun-2024,Argos,B,43.962810,-59.809960,1557,7411,326,18,,,,,,
260378,260378,UT,14:33:07 23-Jun-2024,Argos,3,43.956060,-59.815330,142,443,45,77,,,,,,
260378,260378,UT,14:42:02 23-Jun-2024,Argos,B,43.960020,-59.805880,1144,1963,666,79,,,,,,
260378,260378,UT,15:02:50 23-Jun-2024,Argos,3,43.950660,-59.807360,140,327,59,77,,,,,,
260378,260378,UT,15:23:03 23-Jun-2024,Argos,3,43.953200,-59.804240,191,429,85,63,,,,,,
260378,260378,UT,16:12:42 23-Jun-2024,Argos,3,43.951640,-59.812100,113,227,56,79,,,,,,
260378,260378,UT,16:23:14 23-Jun-2024,Argos,3,43.952280,-59.814260,127,647,24,94,,,,,,
260378,260378,UT,21:09:35 23-Jun-2024,Argos,3,43.953700,-59.820230,116,174,77,117,,,,,,
260378,260378,UT,21:48:38 23-Jun-2024,Argos,3,43.952150,-59.818700,198,281,139,81,,,,,,
260378,260378,UT,22:05:11 23-Jun-2024,Argos,3,43.952900,-59.816120,72,127,40,94,,,,,,
260378,260378,UT,22:16:23 23-Jun-2024,Argos,2,43.950390,-59.806070,292,446,190,0,,,,,,
260378,260378,UT,22:52:25 23-Jun-2024,Argos,3,43.951700,-59.809920,193,670,55,101,,,,,,
260378,260378,UT,23:10:26 23-Jun-2024,Argos,3,43.950640,-59.815790,160,256,99,124,,,,,,
260378,260378,UT,23:27:01 23-Jun-2024,Argos,2,43.949290,-59.814730,291,398,212,138,,,,,,
260378,260378,UT,23:28:53 23-Jun-2024,Argos,3,43.951850,-59.811690,92,161,52,78,,,,,,
260378,260378,UT,23:38:14 23-Jun-2024,Argos,B,43.952760,-59.814460,313,697,140,20,,,,,,
260378,260378,UT,00:09:46 24-Jun-2024,Argos,3,43.952690,-59.817260,120,264,54,96,,,,,,
260378,260378,UT,00:20:26 24-Jun-2024,Argos,B,43.952450,-59.818300,745,1071,518,90,,,,,,
260378,260378,UT,00:27:07 24-Jun-2024,Argos,B,43.953700,-59.818600,651,1404,301,85,,,,,,
260378,260378,UT,00:49:36 24-Jun-2024,Argos,3,43.954040,-59.808690,191,987,37,79,,,,,,
260378,260378,UT,01:06:05 24-Jun-2024,Argos,3,43.954430,-59.812960,209,1620,26,75,,,,,,
260378,260378,UT,01:53:11 24-Jun-2024,Argos,B,43.954570,-59.810110,662,4754,92,36,,,,,,
260378,260378,UT,01:56:27 24-Jun-2024,Argos,3,43.952650,-59.816250,127,218,73,100,,,,,,
260378,260378,UT,01:57:39 24-Jun-2024,Argos,2,43.951280,-59.817100,321,2327,44,78,,,,,,
260378,260378,UT,13:08:57 24-Jun-2024,Argos,A,43.988390,-59.854480,338,462,246,173,,,,,,
260378,260378,UT,13:17:12 24-Jun-2024,Argos,B,43.993740,-59.851110,328,950,113,111,,,,,,
260378,260378,UT,13:18:44 24-Jun-2024,Argos,3,43.981900,-59.856400,116,269,49,92,,,,,,
260378,260378,UT,14:04:11 24-Jun-2024,Argos,A,43.966430,-59.872660,614,15396,24,101,,,,,,
260378,260378,UT,14:17:16 24-Jun-2024,Argos,2,43.957520,-59.827340,269,387,186,95,,,,,,
260378,260378,UT,14:48:14 24-Jun-2024,Argos,1,43.980580,-59.800390,564,1000,318,91,,,,,,
260378,260378,UT,14:59:54 24-Jun-2024,Argos,2,43.959190,-59.792470,303,458,200,106,,,,,,
260378,260378,UT,15:35:39 24-Jun-2024,Argos,1,43.965290,-59.833680,631,746,533,122,,,,,,
260378,260378,UT,15:48:33 24-Jun-2024,Argos,B,43.967800,-59.784480,4372,6128,3118,94,,,,,,
260378,260378,UT,15:58:37 24-Jun-2024,Argos,A,43.973180,-59.813350,120,275,52,93,,,,,,
260378,260378,UT,22:19:27 24-Jun-2024,Argos,1,43.975960,-59.863720,602,6815,53,101,,,,,,
260378,260378,UT,22:57:52 24-Jun-2024,Argos,A,43.967640,-59.868090,405,1088,150,116,,,,,,
260378,260378,UT,23:03:13 24-Jun-2024,Argos,1,43.976500,-59.848700,525,2292,120,84,,,,,,
260378,260378,UT,23:05:42 24-Jun-2024,Argos,1,43.976100,-59.870320,816,1454,457,107,,,,,,
260378,260378,UT,23:14:09 24-Jun-2024,Argos,A,43.979910,-59.867510,205,456,92,108,,,,,,
260378,260378,UT,23:49:00 24-Jun-2024,Argos,3,43.961460,-59.865120,124,242,63,108,,,,,,
260378,260378,UT,23:57:49 24-Jun-2024,Argos,B,43.960940,-59.864870,335,618,180,47,,,,,,
260378,260378,UT,00:06:36 25-Jun-2024,Argos,B,43.959780,-59.864810,422,682,261,11,,,,,,
260378,260378,UT,00:35:50 25-Jun-2024,Argos,0,43.943630,-59.879720,6430,209041,197,78,,,,,,
260378,260378,UT,00:39:52 25-Jun-2024,Argos,1,43.954040,-59.840220,623,775,500,26,,,,,,
260378,260378,UT,00:42:29 25-Jun-2024,Argos,2,43.941370,-59.863110,282,3532,22,77,,,,,,
260378,260378,UT,01:10:18 25-Jun-2024,Argos,A,43.957270,-59.820150,1537,3801,621,130,,,,,,
260378,260378,UT,01:33:20 25-Jun-2024,Argos,1,43.947320,-59.830360,599,3123,114,69,,,,,,
260378,260378,UT,12:06:39 25-Jun-2024,Argos,B,43.980680,-59.633660,6709,12986,3466,79,,,,,,
260378,260378,UT,12:55:41 25-Jun-2024,Argos,2,43.977830,-59.751620,287,447,184,93,,,,,,
260378,260378,UT,12:57:56 25-Jun-2024,Argos,1,43.968330,-59.756620,721,2036,255,115,,,,,,
260378,260378,UT,12:58:42 25-Jun-2024,Argos,2,43.977230,-59.757060,358,515,248,104,,,,,,
260378,260378,UT,13:43:39 25-Jun-2024,Argos,0,43.981380,-59.796920,3644,55151,240,101,,,,,,
260378,260378,UT,14:06:10 25-Jun-2024,Argos,3,43.978660,-59.763510,160,204,124,167,,,,,,
260378,260378,UT,14:39:11 25-Jun-2024,Argos,2,43.973230,-59.758420,307,476,197,80,,,,,,
260378,260378,UT,14:39:11 25-Jun-2024,Argos,3,43.973000,-59.757170,208,234,185,136,,,,,,
260378,260378,UT,15:44:35 25-Jun-2024,Argos,3,43.974420,-59.759510,101,260,38,100,,,,,,
260378,260378,UT,16:18:25 25-Jun-2024,Argos,B,43.977800,-59.769080,604,2048,178,84,,,,,,
260378,260378,UT,16:19:55 25-Jun-2024,Argos,B,43.978090,-59.774700,378,1132,126,56,,,,,,
260378,260378,UT,16:28:14 25-Jun-2024,Argos,3,43.978520,-59.773270,238,2518,22,101,,,,,,
260378,260378,UT,20:56:00 25-Jun-2024,Argos,B,43.959570,-59.851190,1961,3821,1006,94,,,,,,
260378,260378,UT,21:01:54 25-Jun-2024,Argos,B,43.958950,-59.764710,2540,8090,797,103,,,,,,
260378,260378,UT,21:47:01 25-Jun-2024,Argos,3,43.977350,-59.764170,114,219,59,97,,,,,,
260378,260378,UT,22:33:04 25-Jun-2024,Argos,2,43.982470,-59.763490,393,857,180,157,,,,,,
260378,260378,UT,22:36:02 25-Jun-2024,Argos,3,43.975860,-59.765660,195,1087,35,77,,,,,,
260378,260378,UT,22:50:19 25-Jun-2024,Argos,A,43.975740,-59.757830,89,272,28,96,,,,,,
260378,260378,UT,23:28:39 25-Jun-2024,Argos,B,43.980560,-59.753220,607,3035,121,118,,,,,,
260378,260378,UT,00:18:52 26-Jun-2024,Argos,1,43.979600,-59.764890,1008,3204,317,56,,,,,,
260378,260378,UT,00:21:54 26-Jun-2024,Argos,B,43.983020,-59.754500,1247,1787,869,98,,,,,,
260378,260378,UT,00:29:23 26-Jun-2024,Argos,3,43.974330,-59.764200,174,271,111,98,,,,,,
260378,260378,UT,00:30:10 26-Jun-2024,Argos,3,43.975470,-59.766860,116,393,34,78,,,,,,
260378,260378,UT,01:10:24 26-Jun-2024,Argos,1,43.974260,-59.758200,570,935,347,40,,,,,,
260378,260378,UT,01:37:06 26-Jun-2024,Argos,3,43.975430,-59.766670,105,261,41,73,,,,,,
260378,260378,UT,02:05:13 26-Jun-2024,Argos,B,43.976370,-59.766420,935,1302,671,86,,,,,,
260378,260378,UT,02:05:59 26-Jun-2024,Argos,3,43.978240,-59.759860,111,157,78,54,,,,,,
260378,260378,UT,02:09:46 26-Jun-2024,Argos,3,43.978740,-59.757860,125,139,113,155,,,,,,
260378,260378,UT,12:29:20 26-Jun-2024,Argos,1,44.000420,-59.842560,531,1388,203,105,,,,,,
260378,260378,UT,12:43:30 26-Jun-2024,Argos,A,44.003320,-59.859400,121,178,81,107,,,,,,
260378,260378,UT,12:43:30 26-Jun-2024,Argos,B,44.037140,-59.780270,1839,33900,99,68,,,,,,
260378,260378,UT,13:23:12 26-Jun-2024,Argos,B,44.004550,-59.856730,874,1210,631,90,,,,,,
260378,260378,UT,13:52:13 26-Jun-2024,Argos,A,44.000630,-59.851600,147,254,85,67,,,,,,
260378,260378,UT,14:19:44 26-Jun-2024,Argos,A,43.994980,-59.856740,151,778,29,106,,,,,,
260378,260378,UT,14:26:25 26-Jun-2024,Argos,2,43.994960,-59.851700,496,1218,202,103,,,,,,
260378,260378,UT,15:07:57 26-Jun-2024,Argos,B,43.994390,-59.862470,1949,9682,392,157,,,,,,
260378,260378,UT,15:33:09 26-Jun-2024,Argos,3,43.992760,-59.870800,150,880,25,99,,,,,,
260378,260378,UT,15:43:18 26-Jun-2024,Argos,B,43.992890,-59.871810,463,744,288,93,,,,,,
260378,260378,UT,16:07:02 26-Jun-2024,Argos,B,43.994100,-59.874030,806,1158,561,93,,,,,,
260378,260378,UT,21:52:44 26-Jun-2024,Argos,A,44.000520,-59.899780,155,289,82,55,,,,,,
260378,260378,UT,22:06:03 26-Jun-2024,Argos,3,44.000450,-59.900670,248,537,114,65,,,,,,
260378,260378,UT,22:26:27 26-Jun-2024,Argos,2,43.998750,-59.936890,394,2726,56,87,,,,,,
260378,260378,UT,22:27:45 26-Jun-2024,Argos,B,44.000570,-59.899900,816,1134,587,86,,,,,,
260378,260378,UT,22:33:31 26-Jun-2024,Argos,A,43.999570,-59.904680,314,674,146,129,,,,,,
260378,260378,UT,22:57:21 26-Jun-2024,Argos,1,43.991370,-59.892160,710,2175,231,105,,,,,,
260378,260378,UT,23:56:54 26-Jun-2024,Argos,B,43.993240,-59.895900,8208,11392,5912,91,,,,,,
260378,260378,UT,23:59:44 26-Jun-2024,Argos,B,43.991810,-59.897350,4949,34390,712,44,,,,,,
260378,260378,UT,00:09:03 27-Jun-2024,Argos,B,43.991050,-59.897820,4916,11321,2134,51,,,,,,
260378,260378,UT,00:12:15 27-Jun-2024,Argos,2,43.988420,-59.905140,333,1010,109,84,,,,,,
260378,260378,UT,00:33:24 27-Jun-2024,Argos,A,43.987420,-59.896550,1542,3544,670,58,,,,,,
260378,260378,UT,00:48:55 27-Jun-2024,Argos,A,43.988920,-59.887220,473,2423,92,73,,,,,,
260378,260378,UT,01:20:55 27-Jun-2024,Argos,B,43.989890,-59.889540,1831,2840,1180,81,,,,,,
260378,260378,UT,01:23:43 27-Jun-2024,Argos,3,43.990800,-59.903340,177,285,109,72,,,,,,
260378,260378,UT,01:43:57 27-Jun-2024,Argos,3,43.994000,-59.884980,165,280,97,86,,,,,,
260378,260378,UT,01:51:44 27-Jun-2024,Argos,B,43.994850,-59.884840,621,2567,150,120,,,,,,
260378,260378,UT,02:55:19 27-Jun-2024,Argos,B,43.994640,-59.888720,2058,3711,1141,86,,,,,,
260378,260378,UT,12:03:01 27-Jun-2024,Argos,2,43.985700,-59.821270,387,4195,35,98,,,,,,
260378,260378,UT,12:17:32 27-Jun-2024,Argos,B,44.010440,-59.879710,1929,33779,110,138,,,,,,
260378,260378,UT,12:32:53 27-Jun-2024,Argos,A,43.990590,-59.865690,158,186,133,45,,,,,,
260378,260378,UT,13:38:34 27-Jun-2024,Argos,2,43.982800,-59.862530,430,470,393,141,,,,,,
260378,260378,UT,13:38:34 27-Jun-2024,Argos,B,43.990560,-59.866080,1107,1495,819,90,,,,,,
260378,260378,UT,13:56:26 27-Jun-2024,Argos,0,43.995750,-59.885400,4481,16193,1239,101,,,,,,
260378,260378,UT,14:10:56 27-Jun-2024,Argos,3,43.971550,-59.844190,222,640,76,101,,,,,,
260378,260378,UT,14:44:23 27-Jun-2024,Argos,B,43.965140,-59.836060,734,5292,101,51,,,,,,
260378,260378,UT,14:56:28 27-Jun-2024,Argos,B,43.970980,-59.817180,508,1596,161,15,,,,,,
260378,260378,UT,15:17:41 27-Jun-2024,Argos,0,43.973450,-59.836300,2189,11564,414,95,,,,,,
260378,260378,UT,15:43:06 27-Jun-2024,Argos,B,43.974100,-59.840990,4680,7374,2969,93,,,,,,
260378,260378,UT,15:54:38 27-Jun-2024,Argos,B,43.985050,-59.846720,2946,14664,591,78,,,,,,
260378,260378,UT,16:36:33 27-Jun-2024,Argos,A,43.998650,-59.887240,1438,36605,56,102,,,,,,
260378,260378,UT,21:44:22 27-Jun-2024,Argos,A,43.986340,-59.859130,234,330,165,82,,,,,,
260378,260378,UT,22:00:51 27-Jun-2024,Argos,B,43.980850,-59.865010,598,5559,64,176,,,,,,
260378,260378,UT,22:26:12 27-Jun-2024,Argos,0,43.991250,-59.956450,7794,106132,572,99,,,,,,
260378,260378,UT,22:50:18 27-Jun-2024,Argos,B,43.989950,-59.958000,11503,20528,6445,94,,,,,,
260378,260378,UT,22:50:18 27-Jun-2024,Argos,B,43.989860,-59.955920,9527,17393,5218,94,,,,,,
260378,260378,UT,23:25:36 27-Jun-2024,Argos,A,43.977580,-59.898040,264,922,75,91,,,,,,
260378,260378,UT,23:46:36 27-Jun-2024,Argos,A,43.966190,-59.893870,220,530,91,104,,,,,,
260378,260378,UT,23:57:42 27-Jun-2024,Argos,1,43.965440,-59.897820,671,1246,360,78,,,,,,
260378,260378,UT,00:01:48 28-Jun-2024,Argos,A,43.957770,-59.904750,742,1310,419,77,,,,,,
260378,260378,UT,00:26:21 28-Jun-2024,Argos,A,43.966290,-59.896520,260,698,96,65,,,,,,
260378,260378,UT,01:05:28 28-Jun-2024,Argos,A,43.963720,-59.871370,153,437,53,60,,,,,,
260378,260378,UT,01:24:34 28-Jun-2024,Argos,3,43.954230,-59.869830,94,211,42,84,,,,,,
260378,260378,UT,01:43:05 28-Jun-2024,Argos,1,43.939810,-59.852370,697,1347,360,55,,,,,,
260378,260378,UT,02:07:55 28-Jun-2024,Argos,2,43.943440,-59.860830,466,2433,89,63,,,,,,
260378,260378,UT,02:55:25 28-Jun-2024,Argos,2,43.942900,-59.844740,301,613,147,59,,,,,,
260378,260378,UT,12:04:14 28-Jun-2024,Argos,B,43.943750,-59.643410,5286,8951,3120,98,,,,,,
260378,260378,UT,12:19:46 28-Jun-2024,Argos,B,43.998880,-59.856950,2335,36481,149,26,,,,,,
260378,260378,UT,13:31:43 28-Jun-2024,Argos,B,43.993830,-59.832580,1946,3430,1103,34,,,,,,
260378,260378,UT,13:39:08 28-Jun-2024,Argos,A,43.990000,-59.859680,119,277,50,109,,,,,,
260378,260378,UT,14:01:26 28-Jun-2024,Argos,A,43.989580,-59.851750,282,550,144,121,,,,,,
260378,260378,UT,14:22:27 28-Jun-2024,Argos,B,43.992520,-59.857520,484,1733,135,47,,,,,,
260378,260378,UT,15:08:38 28-Jun-2024,Argos,1,43.992540,-59.878320,1085,16429,71,99,,,,,,
260378,260378,UT,15:25:57 28-Jun-2024,Argos,B,43.992470,-59.877990,1385,2622,731,95,,,,,,
260378,260378,UT,15:44:25 28-Jun-2024,Argos,B,43.991770,-59.846790,960,2089,441,161,,,,,,
260378,260378,UT,15:51:15 28-Jun-2024,Argos,2,43.993420,-59.874330,274,502,148,99,,,,,,
260378,260378,UT,16:51:09 28-Jun-2024,Argos,B,43.995160,-59.862770,3606,22312,582,65,,,,,,
260378,260378,UT,21:36:59 28-Jun-2024,Argos,2,43.979260,-59.886080,310,828,115,43,,,,,,
260378,260378,UT,21:51:12 28-Jun-2024,Argos,A,43.983930,-59.887810,142,519,38,107,,,,,,
260378,260378,UT,22:10:53 28-Jun-2024,Argos,2,43.979220,-59.882150,322,499,207,175,,,,,,
260378,260378,UT,22:13:17 28-Jun-2024,Argos,B,43.978170,-59.891700,1436,2212,931,94,,,,,,
260378,260378,UT,23:04:24 28-Jun-2024,Argos,B,43.989890,-59.886020,2963,11771,746,95,,,,,,
260378,260378,UT,23:07:13 28-Jun-2024,Argos,2,43.986400,-59.864920,331,465,235,119,,,,,,
260378,260378,UT,00:36:46 29-Jun-2024,Argos,B,43.986980,-59.854360,2560,13678,479,168,,,,,,
260378,260378,UT,00:54:15 29-Jun-2024,Argos,3,43.967450,-59.841790,194,273,137,85,,,,,,
260378,260378,UT,01:01:16 29-Jun-2024,Argos,2,43.960140,-59.851740,493,2827,86,77,,,,,,
260378,260378,UT,01:24:43 29-Jun-2024,Argos,2,43.939450,-59.829160,469,1044,210,122,,,,,,
260378,260378,UT,01:29:36 29-Jun-2024,Argos,2,43.946550,-59.819420,278,661,116,78,,,,,,
260378,260378,UT,01:50:04 29-Jun-2024,Argos,B,43.946840,-59.815890,2349,3376,1633,87,,,,,,
260378,260378,UT,02:37:19 29-Jun-2024,Argos,B,43.946790,-59.811080,2625,42309,162,107,,,,,,
260378,260378,UT,11:08:39 29-Jun-2024,Argos,B,43.996040,-59.749800,2163,95272,49,85,,,,,,
260378,260378,UT,12:07:09 29-Jun-2024,Argos,A,43.987620,-59.865980,244,369,161,160,,,,,,
260378,260378,UT,12:22:21 29-Jun-2024,Argos,B,43.992410,-59.862520,426,1733,104,108,,,,,,
260378,260378,UT,12:53:02 29-Jun-2024,Argos,B,43.993220,-59.858470,581,3317,101,172,,,,,,
260378,260378,UT,13:18:23 29-Jun-2024,Argos,A,43.998430,-59.877270,145,387,54,71,,,,,,
260378,260378,UT,13:45:28 29-Jun-2024,Argos,0,43.990310,-59.823170,9347,179228,487,101,,,,,,
260378,260378,UT,14:02:21 29-Jun-2024,Argos,0,43.969080,-59.813440,3512,32149,383,104,,,,,,
260378,260378,UT,14:52:58 29-Jun-2024,Argos,A,43.990870,-59.801510,1812,14832,221,98,,,,,,
260378,260378,UT,14:56:26 29-Jun-2024,Argos,A,43.996360,-59.852140,555,1619,190,86,,,,,,
260378,260378,UT,15:08:29 29-Jun-2024,Argos,B,43.998760,-59.851710,3564,5160,2460,90,,,,,,
260378,260378,UT,15:30:26 29-Jun-2024,Argos,A,44.016050,-59.860880,1375,4258,443,21,,,,,,
260378,260378,UT,21:25:39 29-Jun-2024,Argos,1,43.965550,-59.793040,767,6677,88,91,,,,,,
260378,260378,UT,21:30:23 29-Jun-2024,Argos,3,43.969550,-59.766710,216,512,91,75,,,,,,
260378,260378,UT,22:32:13 29-Jun-2024,Argos,1,43.971850,-59.766160,954,5297,171,72,,,,,,
260378,260378,UT,22:46:27 29-Jun-2024,Argos,A,43.970220,-59.765110,227,1357,38,110,,,,,,
260378,260378,UT,22:59:16 29-Jun-2024,Argos,A,43.973460,-59.765970,278,1972,39,103,,,,,,
260378,260378,UT,23:36:13 29-Jun-2024,Argos,3,43.972010,-59.770760,107,272,41,92,,,,,,
260378,260378,UT,23:46:48 29-Jun-2024,Argos,A,43.972380,-59.768240,185,312,109,166,,,,,,
260378,260378,UT,00:10:54 30-Jun-2024,Argos,3,43.972300,-59.765030,132,182,96,40,,,,,,
260378,260378,UT,00:17:35 30-Jun-2024,Argos,A,43.974810,-59.765260,359,794,161,29,,,,,,
260378,260378,UT,00:39:15 30-Jun-2024,Argos,3,43.971910,-59.770140,148,1106,19,78,,,,,,
260378,260378,UT,00:39:59 30-Jun-2024,Argos,3,43.971610,-59.770320,148,260,83,74,,,,,,
260378,260378,UT,00:44:28 30-Jun-2024,Argos,3,43.972120,-59.770350,102,203,51,96,,,,,,
260378,260378,UT,01:19:59 30-Jun-2024,Argos,3,43.973670,-59.770020,170,444,64,65,,,,,,
260378,260378,UT,02:19:16 30-Jun-2024,Argos,B,43.973590,-59.769690,719,4660,110,98,,,,,,
260378,260378,UT,02:22:29 30-Jun-2024,Argos,B,43.953280,-59.775420,787,3790,163,96,,,,,,
260378,260378,UT,02:23:27 30-Jun-2024,Argos,B,43.953350,-59.775670,798,3541,179,96,,,,,,
260378,260378,UT,12:27:23 30-Jun-2024,Argos,2,43.995610,-59.847850,353,719,173,136,,,,,,
260378,260378,UT,12:59:10 30-Jun-2024,Argos,A,43.993580,-59.868670,157,352,70,61,,,,,,
260378,260378,UT,13:33:55 30-Jun-2024,Argos,1,43.998630,-59.892460,896,5996,134,98,,,,,,
260378,260378,UT,13:45:03 30-Jun-2024,Argos,B,43.999480,-59.895360,1583,16675,150,92,,,,,,
260378,260378,UT,14:05:27 30-Jun-2024,Argos,B,44.001020,-59.898700,2904,5246,1606,92,,,,,,
260378,260378,UT,14:33:50 30-Jun-2024,Argos,2,43.999970,-59.874680,264,567,122,96,,,,,,
260378,260378,UT,14:41:59 30-Jun-2024,Argos,3,43.994670,-59.875980,201,571,70,103,,,,,,
260378,260378,UT,15:14:00 30-Jun-2024,Argos,3,43.995390,-59.868350,133,169,104,100,,,,,,
260378,260378,UT,15:21:20 30-Jun-2024,Argos,B,43.999220,-59.880410,503,1364,185,43,,,,,,
260378,260378,UT,15:59:44 30-Jun-2024,Argos,3,43.995010,-59.864180,94,239,37,84,,,,,,
260378,260378,UT,16:18:28 30-Jun-2024,Argos,B,43.998910,-59.873500,466,895,242,46,,,,,,
260378,260378,UT,16:23:57 30-Jun-2024,Argos,B,43.996610,-59.874020,359,2073,62,103,,,,,,
260378,260378,UT,22:04:37 30-Jun-2024,Argos,3,43.959260,-59.792680,138,390,48,85,,,,,,
260378,260378,UT,22:19:41 30-Jun-2024,Argos,A,43.959450,-59.800840,99,400,24,112,,,,,,
260378,260378,UT,22:27:43 30-Jun-2024,Argos,A,43.959040,-59.801580,266,438,161,33,,,,,,
260378,260378,UT,22:29:28 30-Jun-2024,Argos,2,43.958320,-59.804900,419,3444,50,101,,,,,,
260378,260378,UT,22:46:43 30-Jun-2024,Argos,B,43.958590,-59.805490,1249,1983,785,93,,,,,,
260378,260378,UT,23:24:13 30-Jun-2024,Argos,3,43.963910,-59.793470,204,457,91,93,,,,,,
260378,260378,UT,23:32:28 30-Jun-2024,Argos,A,43.959180,-59.801200,619,4137,92,70,,,,,,
260378,260378,UT,23:52:04 30-Jun-2024,Argos,1,43.961360,-59.787350,513,1856,141,84,,,,,,
260378,260378,UT,23:54:17 30-Jun-2024,Argos,3,43.959990,-59.795170,87,163,46,79,,,,,,
260378,260378,UT,00:07:48 01-Jul-2024,Argos,3,43.958180,-59.797540,175,314,97,54,,,,,,
260378,260378,UT,00:25:46 01-Jul-2024,Argos,A,43.955250,-59.802170,220,422,113,140,,,,,,
260378,260378,UT,01:06:14 01-Jul-2024,Argos,B,43.955090,-59.801360,566,2113,151,154,,,,,,
260378,260378,UT,01:06:59 01-Jul-2024,Argos,1,43.957850,-59.805600,699,3444,142,77,,,,,,
260378,260378,UT,02:03:29 01-Jul-2024,Argos,B,43.958630,-59.796160,2149,6910,668,147,,,,,,
260378,260378,UT,02:11:45 01-Jul-2024,Argos,3,43.959660,-59.794650,202,1388,29,77,,,,,,
260378,260378,UT,02:53:06 01-Jul-2024,Argos,B,43.958950,-59.788400,900,1286,629,89,,,,,,
260378,260378,UT,12:04:04 01-Jul-2024,Argos,B,43.977290,-59.703630,2372,91172,61,96,,,,,,
260378,260378,UT,12:44:07 01-Jul-2024,Argos,B,43.954280,-59.798610,3120,4640,2096,107,,,,,,
260378,260378,UT,13:20:17 01-Jul-2024,Argos,2,43.994470,-59.857430,277,1177,65,93,,,,,,
260378,260378,UT,13:20:47 01-Jul-2024,Argos,3,43.993980,-59.851690,172,443,66,94,,,,,,
260378,260378,UT,13:39:15 01-Jul-2024,Argos,A,44.011880,-59.858660,497,883,279,72,,,,,,
260378,260378,UT,14:14:31 01-Jul-2024,Argos,1,43.990940,-59.851820,737,4935,110,101,,,,,,
260378,260378,UT,14:29:05 01-Jul-2024,Argos,3,43.995060,-59.862100,197,377,103,105,,,,,,
260378,260378,UT,15:00:25 01-Jul-2024,Argos,B,44.000320,-59.879320,720,3799,136,114,,,,,,
260378,260378,UT,15:04:32 01-Jul-2024,Argos,A,43.992720,-59.864810,151,184,124,152,,,,,,
260378,260378,UT,15:08:55 01-Jul-2024,Argos,3,43.993410,-59.866090,120,134,106,104,,,,,,
260378,260378,UT,15:57:16 01-Jul-2024,Argos,A,43.992820,-59.863210,265,589,119,59,,,,,,
260378,260378,UT,16:11:44 01-Jul-2024,Argos,A,43.990890,-59.867880,140,328,59,82,,,,,,
260378,260378,UT,16:51:22 01-Jul-2024,Argos,B,43.981370,-59.861930,626,4228,92,60,,,,,,
260378,260378,UT,21:39:00 01-Jul-2024,Argos,3,43.958210,-59.808010,236,486,114,83,,,,,,
260378,260378,UT,21:47:24 01-Jul-2024,Argos,3,43.957220,-59.806630,224,350,142,40,,,,,,
260378,260378,UT,21:54:50 01-Jul-2024,Argos,3,43.956350,-59.805050,83,165,41,111,,,,,,
260378,260378,UT,21:57:08 01-Jul-2024,Argos,3,43.956640,-59.807900,100,237,41,98,,,,,,
260378,260378,UT,22:26:33 01-Jul-2024,Argos,B,43.958290,-59.807000,758,1543,372,98,,,,,,
260378,260378,UT,23:09:21 01-Jul-2024,Argos,B,43.960070,-59.815820,1214,1979,744,92,,,,,,
260378,260378,UT,23:11:35 01-Jul-2024,Argos,3,43.954310,-59.807150,126,175,91,121,,,,,,
260378,260378,UT,23:23:20 01-Jul-2024,Argos,A,43.956040,-59.802910,127,395,40,72,,,,,,
260378,260378,UT,23:28:54 01-Jul-2024,Argos,B,43.954790,-59.806650,564,813,391,95,,,,,,
260378,260378,UT,23:37:20 01-Jul-2024,Argos,A,43.954060,-59.802990,185,335,101,44,,,,,,
260378,260378,UT,00:03:17 02-Jul-2024,Argos,3,43.956230,-59.805980,99,183,53,99,,,,,,
260378,260378,UT,00:19:42 02-Jul-2024,Argos,A,43.957480,-59.807290,368,624,216,166,,,,,,
260378,260378,UT,00:48:02 02-Jul-2024,Argos,B,43.957050,-59.807270,769,1030,573,87,,,,,,
260378,260378,UT,00:51:05 02-Jul-2024,Argos,2,43.957640,-59.803750,474,3143,71,81,,,,,,
260378,260378,UT,01:41:29 02-Jul-2024,Argos,3,43.956450,-59.801320,116,210,64,74,,,,,,
260378,260378,UT,01:59:27 02-Jul-2024,Argos,1,43.953120,-59.812310,624,9598,40,79,,,,,,
260378,260378,UT,02:24:17 02-Jul-2024,Argos,A,43.955230,-59.804290,320,891,114,39,,,,,,
260378,260378,UT,12:16:38 02-Jul-2024,Argos,A,43.984570,-59.880020,307,582,162,23,,,,,,
260378,260378,UT,13:02:13 02-Jul-2024,Argos,B,43.985500,-59.884530,953,1286,705,83,,,,,,
260378,260378,UT,13:11:10 02-Jul-2024,Argos,2,43.998190,-59.880060,475,1116,202,87,,,,,,
260378,260378,UT,13:15:05 02-Jul-2024,Argos,A,43.994640,-59.877230,342,495,235,119,,,,,,
260378,260378,UT,13:53:22 02-Jul-2024,Argos,1,44.011500,-59.946060,1466,15672,137,99,,,,,,
260378,260378,UT,14:18:30 02-Jul-2024,Argos,A,44.013320,-59.899790,1150,1659,796,12,,,,,,
260378,260378,UT,14:39:52 02-Jul-2024,Argos,3,43.999350,-59.887220,97,223,41,96,,,,,,
260378,260378,UT,14:48:58 02-Jul-2024,Argos,3,44.002440,-59.879700,214,771,59,92,,,,,,
260378,260378,UT,15:33:39 02-Jul-2024,Argos,B,44.018550,-59.919070,5155,31393,846,110,,,,,,
260378,260378,UT,15:58:47 02-Jul-2024,Argos,A,43.994100,-59.883970,129,313,52,83,,,,,,
260378,260378,UT,16:06:38 02-Jul-2024,Argos,3,43.996460,-59.891430,137,545,34,96,,,,,,
260378,260378,UT,21:28:41 02-Jul-2024,Argos,B,44.062850,-60.073250,2635,4328,1604,105,,,,,,
260378,260378,UT,21:31:24 02-Jul-2024,Argos,1,43.955150,-59.806700,741,920,596,169,,,,,,
260378,260378,UT,22:55:55 02-Jul-2024,Argos,A,43.979920,-59.787030,781,7475,81,78,,,,,,
260378,260378,UT,22:59:08 02-Jul-2024,Argos,B,43.968320,-59.854300,6036,8812,4133,89,,,,,,
260378,260378,UT,00:06:45 03-Jul-2024,Argos,B,43.980440,-59.818020,1976,37288,104,124,,,,,,
260378,260378,UT,00:23:29 03-Jul-2024,Argos,A,43.973800,-59.859150,652,5979,71,71,,,,,,
260378,260378,UT,00:36:36 03-Jul-2024,Argos,1,43.978810,-59.861710,1311,28984,59,78,,,,,,
260378,260378,UT,00:36:36 03-Jul-2024,Argos,B,43.979030,-59.860650,915,19932,42,78,,,,,,
260378,260378,UT,00:38:08 03-Jul-2024,Argos,B,43.981120,-59.843680,625,2061,189,71,,,,,,
260378,260378,UT,00:44:01 03-Jul-2024,Argos,B,43.978210,-59.831940,974,2235,424,59,,,,,,
260378,260378,UT,01:19:16 03-Jul-2024,Argos,3,43.986730,-59.822930,188,563,62,88,,,,,,
260378,260378,UT,01:40:43 03-Jul-2024,Argos,B,43.987050,-59.821950,879,1266,609,87,,,,,,
260378,260378,UT,01:44:20 03-Jul-2024,Argos,1,43.986050,-59.849870,605,3996,91,78,,,,,,
260378,260378,UT,11:54:46 03-Jul-2024,Argos,B,44.078260,-59.903010,13803,23222,8204,76,,,,,,
260378,260378,UT,12:41:29 03-Jul-2024,Argos,B,44.037140,-59.883740,18659,24600,14152,131,,,,,,
260378,260378,UT,12:44:20 03-Jul-2024,Argos,B,44.015460,-59.862420,11966,20802,6883,52,,,,,,
260378,260378,UT,12:59:32 03-Jul-2024,Argos,A,43.994460,-59.868000,115,181,73,91,,,,,,
260378,260378,UT,13:34:05 03-Jul-2024,Argos,A,43.989900,-59.787180,872,2458,309,50,,,,,,
260378,260378,UT,14:04:11 03-Jul-2024,Argos,1,43.998240,-59.864630,655,889,482,88,,,,,,
260378,260378,UT,14:19:38 03-Jul-2024,Argos,B,43.993650,-59.862460,1461,11614,183,76,,,,,,
260378,260378,UT,14:39:14 03-Jul-2024,Argos,A,43.991980,-59.856850,164,247,108,40,,,,,,
260378,260378,UT,15:14:31 03-Jul-2024,Argos,B,43.991550,-59.866510,880,1087,712,99,,,,,,
260378,260378,UT,15:22:21 03-Jul-2024,Argos,A,43.993010,-59.858830,177,424,73,60,,,,,,
260378,260378,UT,15:44:12 03-Jul-2024,Argos,B,43.998880,-59.855140,466,6116,35,107,,,,,,
260378,260378,UT,16:22:34 03-Jul-2024,Argos,B,44.000540,-59.857680,990,1759,557,101,,,,,,
260378,260378,UT,22:28:32 03-Jul-2024,Argos,B,43.998950,-59.863840,2466,5130,1184,94,,,,,,
260378,260378,UT,22:40:42 03-Jul-2024,Argos,B,44.072210,-59.983020,6396,11190,3655,90,,,,,,
260378,260378,UT,22:41:44 03-Jul-2024,Argos,A,43.990270,-59.792040,1056,26070,42,100,,,,,,
260378,260378,UT,23:53:54 03-Jul-2024,Argos,B,43.989220,-59.791920,3708,5678,2421,91,,,,,,
260378,260378,UT,00:04:44 04-Jul-2024,Argos,B,43.994670,-59.799300,2164,29083,161,120,,,,,,
260378,260378,UT,00:11:02 04-Jul-2024,Argos,B,43.994650,-59.796610,346,847,141,10,,,,,,
260378,260378,UT,00:13:09 04-Jul-2024,Argos,A,44.002360,-59.799580,154,191,123,65,,,,,,
260378,260378,UT,00:13:12 04-Jul-2024,Argos,B,44.002320,-59.801050,166,215,127,79,,,,,,
260378,260378,UT,00:24:59 04-Jul-2024,Argos,A,44.001480,-59.807090,312,2610,37,85,,,,,,
260378,260378,UT,00:58:00 04-Jul-2024,Argos,2,43.993240,-59.833700,272,2680,27,75,,,,,,
260378,260378,UT,01:32:37 04-Jul-2024,Argos,2,43.999380,-59.820100,439,1750,110,85,,,,,,
260378,260378,UT,01:46:35 04-Jul-2024,Argos,B,43.999990,-59.819990,521,764,355,87,,,,,,
260378,260378,UT,02:12:25 04-Jul-2024,Argos,B,43.999510,-59.820810,1162,5446,247,46,,,,,,
260378,260378,UT,02:32:34 04-Jul-2024,Argos,A,43.999220,-59.814960,112,229,54,80,,,,,,
260378,260378,UT,02:43:43 04-Jul-2024,Argos,B,43.999970,-59.817470,469,666,329,89,,,,,,
260378,260378,UT,12:22:20 04-Jul-2024,Argos,B,43.989140,-59.826130,2560,7179,912,113,,,,,,
260378,260378,UT,12:44:59 04-Jul-2024,Argos,B,44.009710,-59.850840,1231,15055,100,86,,,,,,
260378,260378,UT,13:18:47 04-Jul-2024,Argos,B,44.003650,-59.826020,1144,6126,213,70,,,,,,
260378,260378,UT,13:51:53 04-Jul-2024,Argos,B,44.005330,-59.822780,974,7597,124,98,,,,,,
260378,260378,UT,14:05:08 04-Jul-2024,Argos,B,44.003490,-59.810500,1486,4466,494,97,,,,,,
260378,260378,UT,14:33:33 04-Jul-2024,Argos,B,44.003770,-59.808840,1150,2409,548,95,,,,,,
260378,260378,UT,14:57:04 04-Jul-2024,Argos,B,44.002330,-59.828230,822,7099,95,157,,,,,,
260378,260378,UT,15:35:30 04-Jul-2024,Argos,B,43.999590,-59.814610,890,11073,71,130,,,,,,
260378,260378,UT,16:08:37 04-Jul-2024,Argos,A,44.003440,-59.825180,557,1625,190,40,,,,,,
260378,260378,UT,16:36:55 04-Jul-2024,Argos,B,44.005300,-59.817310,1339,1888,949,61,,,,,,
260378,260378,UT,21:23:56 04-Jul-2024,Argos,3,43.964960,-59.778930,80,149,42,75,,,,,,
260378,260378,UT,22:01:34 04-Jul-2024,Argos,3,43.963270,-59.789590,85,259,28,100,,,,,,
260378,260378,UT,22:06:21 04-Jul-2024,Argos,3,43.961280,-59.787980,154,240,99,88,,,,,,
260378,260378,UT,22:15:04 04-Jul-2024,Argos,3,43.963330,-59.784420,93,201,42,95,,,,,,
260378,260378,UT,22:36:01 04-Jul-2024,Argos,A,43.962490,-59.787030,486,865,272,149,,,,,,
260378,260378,UT,23:00:05 04-Jul-2024,Argos,1,44.007060,-59.775150,725,1633,321,116,,,,,,
260378,260378,UT,23:45:10 04-Jul-2024,Argos,B,44.010390,-59.778700,3845,5562,2657,89,,,,,,
260378,260378,UT,23:47:47 04-Jul-2024,Argos,3,43.978740,-59.778750,143,146,140,45,,,,,,
260378,260378,UT,23:48:55 04-Jul-2024,Argos,A,43.978910,-59.778790,184,243,138,93,,,,,,
260378,260378,UT,23:50:25 04-Jul-2024,Argos,A,43.989910,-59.763870,729,3060,173,65,,,,,,
260378,260378,UT,00:12:21 05-Jul-2024,Argos,1,43.985390,-59.790990,552,1976,154,77,,,,,,
260378,260378,UT,00:38:23 05-Jul-2024,Argos,1,43.963780,-59.816450,615,2672,141,65,,,,,,
260378,260378,UT,01:21:31 05-Jul-2024,Argos,1,44.007580,-59.783050,1190,5348,264,50,,,,,,
260378,260378,UT,01:26:10 05-Jul-2024,Argos,B,43.992700,-59.792280,1671,3511,795,95,,,,,,
260378,260378,UT,11:54:59 05-Jul-2024,Argos,B,43.962570,-59.665410,15062,0,143,100,,,,,,
260378,260378,UT,12:34:21 05-Jul-2024,Argos,1,43.997810,-59.879930,559,720,433,92,,,,,,
260378,260378,UT,12:53:30 05-Jul-2024,Argos,1,43.990660,-59.873500,895,1334,599,97,,,,,,
260378,260378,UT,13:40:55 05-Jul-2024,Argos,B,43.995260,-59.870920,3180,27746,364,127,,,,,,
260378,260378,UT,13:45:37 05-Jul-2024,Argos,B,43.993250,-59.866070,271,573,128,71,,,,,,
260378,260378,UT,14:15:36 05-Jul-2024,Argos,A,43.995990,-59.875450,321,3095,33,106,,,,,,
260378,260378,UT,14:33:13 05-Jul-2024,Argos,A,44.004130,-59.886150,168,766,36,114,,,,,,
260378,260378,UT,15:26:18 05-Jul-2024,Argos,B,44.010650,-59.881020,962,1514,610,93,,,,,,
260378,260378,UT,15:30:47 05-Jul-2024,Argos,B,43.995510,-59.874630,736,8701,62,83,,,,,,
260378,260378,UT,15:56:28 05-Jul-2024,Argos,B,43.994820,-59.878280,1047,2668,411,84,,,,,,
260378,260378,UT,16:14:19 05-Jul-2024,Argos,A,43.961320,-59.866100,1727,4317,691,41,,,,,,
260378,260378,UT,21:30:50 05-Jul-2024,Argos,3,43.952100,-59.828120,168,188,149,85,,,,,,
260378,260378,UT,21:39:31 05-Jul-2024,Argos,3,43.952680,-59.840620,205,312,134,102,,,,,,
260378,260378,UT,21:51:30 05-Jul-2024,Argos,3,43.951660,-59.850090,130,210,80,85,,,,,,
260378,260378,UT,22:19:54 05-Jul-2024,Argos,2,43.947950,-59.864070,406,1025,160,142,,,,,,
260378,260378,UT,22:24:17 05-Jul-2024,Argos,B,43.942240,-59.869440,584,1513,225,134,,,,,,
260378,260378,UT,22:39:00 05-Jul-2024,Argos,1,43.888950,-59.858210,576,1508,220,114,,,,,,
260378,260378,UT,23:13:25 05-Jul-2024,Argos,3,43.939530,-59.865100,199,347,114,113,,,,,,
260378,260378,UT,23:19:00 05-Jul-2024,Argos,1,43.940490,-59.884520,664,1756,251,84,,,,,,
260378,260378,UT,23:22:26 05-Jul-2024,Argos,3,43.940250,-59.861830,212,457,98,80,,,,,,
260378,260378,UT,23:29:53 05-Jul-2024,Argos,B,43.945440,-59.860320,359,656,196,74,,,,,,
260378,260378,UT,00:03:37 06-Jul-2024,Argos,3,43.940370,-59.865610,216,516,89,91,,,,,,
260378,260378,UT,00:16:28 06-Jul-2024,Argos,3,43.941530,-59.865370,79,181,34,79,,,,,,
260378,260378,UT,00:46:24 06-Jul-2024,Argos,B,43.950310,-59.865280,750,1042,540,90,,,,,,
260378,260378,UT,01:06:04 06-Jul-2024,Argos,B,43.941960,-59.864460,893,1464,544,86,,,,,,
260378,260378,UT,01:15:11 06-Jul-2024,Argos,B,43.944900,-59.864810,955,1625,560,88,,,,,,
260378,260378,UT,01:43:39 06-Jul-2024,Argos,A,43.942490,-59.866820,185,361,94,33,,,,,,
260378,260378,UT,02:05:27 06-Jul-2024,Argos,A,43.939920,-59.868600,496,1824,134,102,,,,,,
260378,260378,UT,02:40:48 06-Jul-2024,Argos,3,43.941050,-59.870240,156,268,90,82,,,,,,
260378,260378,UT,02:49:50 06-Jul-2024,Argos,B,43.941140,-59.869550,920,1319,641,87,,,,,,
260378,260378,UT,11:33:45 06-Jul-2024,Argos,2,43.995120,-59.872390,259,1037,64,91,,,,,,
260378,260378,UT,12:23:47 06-Jul-2024,Argos,1,44.003130,-59.897350,1077,2541,456,57,,,,,,
260378,260378,UT,12:33:40 06-Jul-2024,Argos,1,43.989120,-59.852880,907,1731,475,135,,,,,,
260378,260378,UT,13:08:33 06-Jul-2024,Argos,B,43.996330,-59.852850,2742,10511,715,106,,,,,,
260378,260378,UT,13:21:25 06-Jul-2024,Argos,1,44.005000,-59.827620,614,1182,318,91,,,,,,
260378,260378,UT,13:27:53 06-Jul-2024,Argos,0,43.983680,-59.851020,1943,2880,1310,161,,,,,,
260378,260378,UT,14:00:27 06-Jul-2024,Argos,1,43.992650,-59.829880,943,6065,146,97,,,,,,
260378,260378,UT,14:13:14 06-Jul-2024,Argos,A,43.993780,-59.845030,771,5492,108,105,,,,,,
260378,260378,UT,14:40:44 06-Jul-2024,Argos,0,44.020460,-59.890760,1592,3346,757,157,,,,,,
260378,260378,UT,14:56:40 06-Jul-2024,Argos,B,43.992940,-59.829510,2282,10785,482,122,,,,,,
260378,260378,UT,15:05:03 06-Jul-2024,Argos,0,43.999510,-59.895050,2986,46064,193,103,,,,,,
260378,260378,UT,15:44:10 06-Jul-2024,Argos,1,43.964690,-59.807220,1288,1826,908,65,,,,,,
260378,260378,UT,15:51:27 06-Jul-2024,Argos,0,43.944530,-59.781940,2365,4415,1266,72,,,,,,
260378,260378,UT,16:18:40 06-Jul-2024,Argos,1,43.960100,-59.791450,882,13632,57,94,,,,,,
260378,260378,UT,16:50:05 06-Jul-2024,Argos,B,43.981400,-59.768700,1361,9300,199,93,,,,,,
260378,260378,UT,21:29:14 06-Jul-2024,Argos,B,44.008610,-59.604200,3981,6294,2517,100,,,,,,
260378,260378,UT,21:39:34 06-Jul-2024,Argos,3,43.983360,-59.811150,125,152,103,64,,,,,,
260378,260378,UT,22:20:54 06-Jul-2024,Argos,B,43.987840,-59.782850,1366,1913,975,88,,,,,,
260378,260378,UT,22:41:26 06-Jul-2024,Argos,A,43.985760,-59.827790,161,515,50,113,,,,,,
260378,260378,UT,22:54:05 06-Jul-2024,Argos,1,43.989960,-59.800490,1482,10815,203,78,,,,,,
260378,260378,UT,23:00:33 06-Jul-2024,Argos,3,43.981800,-59.818530,105,214,51,143,,,,,,
260378,260378,UT,23:09:53 06-Jul-2024,Argos,B,43.982050,-59.819410,437,608,313,93,,,,,,
260378,260378,UT,23:56:40 06-Jul-2024,Argos,B,43.996640,-59.794980,765,5633,103,60,,,,,,
260378,260378,UT,00:00:52 07-Jul-2024,Argos,A,43.983750,-59.827020,116,182,73,83,,,,,,
260378,260378,UT,00:14:50 07-Jul-2024,Argos,1,43.993890,-59.831550,881,2032,382,69,,,,,,
260378,260378,UT,00:32:07 07-Jul-2024,Argos,B,43.996240,-59.823050,1986,2853,1382,88,,,,,,
260378,260378,UT,00:46:12 07-Jul-2024,Argos,B,43.995210,-59.812920,1541,12086,196,80,,,,,,
260378,260378,UT,00:55:39 07-Jul-2024,Argos,A,43.989580,-59.816910,166,349,79,112,,,,,,
260378,260378,UT,01:30:40 07-Jul-2024,Argos,A,43.980710,-59.815330,296,958,91,158,,,,,,
260378,260378,UT,01:37:58 07-Jul-2024,Argos,1,43.993490,-59.788560,597,973,366,102,,,,,,
260378,260378,UT,01:53:17 07-Jul-2024,Argos,1,43.992570,-59.803860,932,3757,231,43,,,,,,
260378,260378,UT,12:11:10 07-Jul-2024,Argos,B,44.021430,-59.518120,6113,12612,2962,81,,,,,,
260378,260378,UT,12:14:51 07-Jul-2024,Argos,B,44.000450,-59.701940,14145,96535,2072,83,,,,,,
260378,260378,UT,12:43:57 07-Jul-2024,Argos,B,43.989920,-59.799990,3954,6496,2406,78,,,,,,
260378,260378,UT,13:47:24 07-Jul-2024,Argos,0,44.001470,-59.825200,4496,337392,59,101,,,,,,
260378,260378,UT,13:50:22 07-Jul-2024,Argos,1,43.998950,-59.811730,1075,12536,92,101,,,,,,
260378,260378,UT,14:38:26 07-Jul-2024,Argos,3,43.998970,-59.800030,105,220,49,110,,,,,,
260378,260378,UT,14:56:26 07-Jul-2024,Argos,2,43.998130,-59.819040,355,2038,61,95,,,,,,
260378,260378,UT,15:32:11 07-Jul-2024,Argos,B,43.999550,-59.797270,935,4001,218,174,,,,,,
260378,260378,UT,15:32:11 07-Jul-2024,Argos,B,43.995340,-59.796500,209,409,106,29,,,,,,
260378,260378,UT,15:36:13 07-Jul-2024,Argos,A,43.992970,-59.800440,121,282,51,76,,,,,,
260378,260378,UT,16:34:16 07-Jul-2024,Argos,1,43.982930,-59.804120,1415,2132,939,72,,,,,,
260378,260378,UT,20:59:54 07-Jul-2024,Argos,A,43.953460,-59.806370,1072,4531,253,67,,,,,,
260378,260378,UT,22:08:18 07-Jul-2024,Argos,3,43.953370,-59.806890,235,602,91,94,,,,,,
260378,260378,UT,22:28:30 07-Jul-2024,Argos,2,43.957460,-59.807400,324,1171,89,82,,,,,,
260378,260378,UT,22:32:15 07-Jul-2024,Argos,B,43.955250,-59.806300,748,20432,27,98,,,,,,
260378,260378,UT,23:38:56 07-Jul-2024,Argos,B,43.952600,-59.808750,815,6806,97,121,,,,,,
260378,260378,UT,23:42:57 07-Jul-2024,Argos,3,43.958150,-59.813440,116,259,51,88,,,,,,
260378,260378,UT,23:48:27 07-Jul-2024,Argos,A,43.954760,-59.814500,198,399,97,138,,,,,,
260378,260378,UT,00:06:39 08-Jul-2024,Argos,B,43.961890,-59.817490,513,1658,158,79,,,,,,
260378,260378,UT,00:08:08 08-Jul-2024,Argos,2,43.949980,-59.806840,439,589,326,77,,,,,,
260378,260378,UT,00:22:17 08-Jul-2024,Argos,3,43.953490,-59.814790,184,499,67,78,,,,,,
260378,260378,UT,00:44:43 08-Jul-2024,Argos,3,43.955490,-59.809110,140,258,75,98,,,,,,
260378,260378,UT,01:17:48 08-Jul-2024,Argos,3,43.956430,-59.802910,113,467,27,76,,,,,,
260378,260378,UT,01:26:02 08-Jul-2024,Argos,1,43.955360,-59.800940,517,3380,79,87,,,,,,
260378,260378,UT,02:04:27 08-Jul-2024,Argos,B,43.955070,-59.798490,1702,2610,1109,87,,,,,,
260378,260378,UT,02:23:58 08-Jul-2024,Argos,2,43.955290,-59.808550,360,1552,83,83,,,,,,
260378,260378,UT,02:50:15 08-Jul-2024,Argos,3,43.955740,-59.810580,211,587,75,86,,,,,,
260378,260378,UT,12:21:01 08-Jul-2024,Argos,B,43.935410,-59.785890,4603,94187,224,153,,,,,,
260378,260378,UT,12:35:12 08-Jul-2024,Argos,A,44.010370,-59.832470,2055,26007,162,89,,,,,,
260378,260378,UT,13:05:39 08-Jul-2024,Argos,B,44.011150,-59.827900,1274,3831,423,89,,,,,,
260378,260378,UT,13:29:49 08-Jul-2024,Argos,1,43.988960,-59.825080,725,3902,134,102,,,,,,
260378,260378,UT,13:35:51 08-Jul-2024,Argos,2,43.992670,-59.834130,469,3087,71,103,,,,,,
260378,260378,UT,14:20:19 08-Jul-2024,Argos,B,43.993300,-59.829420,1146,19542,67,120,,,,,,
260378,260378,UT,14:42:48 08-Jul-2024,Argos,A,43.968540,-59.775890,160,614,41,111,,,,,,
260378,260378,UT,14:51:08 08-Jul-2024,Argos,B,43.973520,-59.789950,1228,1554,969,75,,,,,,
260378,260378,UT,15:11:23 08-Jul-2024,Argos,B,43.981560,-59.772820,537,4471,64,93,,,,,,
260378,260378,UT,16:25:16 08-Jul-2024,Argos,1,43.980300,-59.806550,510,605,430,108,,,,,,
260378,260378,UT,16:28:00 08-Jul-2024,Argos,1,43.983940,-59.814640,1150,11830,111,101,,,,,,
260378,260378,UT,21:39:24 08-Jul-2024,Argos,B,43.997480,-59.846120,9491,81205,1109,101,,,,,,
260378,260378,UT,21:54:11 08-Jul-2024,Argos,0,43.980100,-59.796880,1933,18455,202,96,,,,,,
260378,260378,UT,21:55:44 08-Jul-2024,Argos,0,43.976590,-59.778500,2200,4551,1063,86,,,,,,
260378,260378,UT,22:09:17 08-Jul-2024,Argos,B,43.993140,-59.813910,940,11114,79,146,,,,,,
260378,260378,UT,23:16:15 08-Jul-2024,Argos,3,43.984900,-59.805950,104,237,45,94,,,,,,
260378,260378,UT,23:19:16 08-Jul-2024,Argos,B,43.985330,-59.805830,219,519,92,98,,,,,,
260378,260378,UT,23:25:18 08-Jul-2024,Argos,3,43.986570,-59.808000,118,206,67,95,,,,,,
260378,260378,UT,23:43:20 08-Jul-2024,Argos,B,43.985050,-59.806340,425,3370,53,58,,,,,,
260378,260378,UT,00:03:56 09-Jul-2024,Argos,B,43.985300,-59.805880,733,1280,419,72,,,,,,
260378,260378,UT,00:31:44 09-Jul-2024,Argos,3,43.982170,-59.832130,139,200,96,94,,,,,,
260378,260378,UT,00:54:33 09-Jul-2024,Argos,0,43.990390,-59.734510,7963,101558,624,81,,,,,,
260378,260378,UT,01:07:11 09-Jul-2024,Argos,B,43.965400,-59.792090,5847,37310,916,118,,,,,,
260378,260378,UT,11:40:38 09-Jul-2024,Argos,B,43.997000,-59.817950,3238,23608,444,14,,,,,,
260378,260378,UT,11:56:25 09-Jul-2024,Argos,A,43.989730,-59.819910,429,5313,34,101,,,,,,
260378,260378,UT,12:15:13 09-Jul-2024,Argos,B,44.006300,-59.815430,2474,5560,1100,14,,,,,,
260378,260378,UT,13:09:46 09-Jul-2024,Argos,3,43.993170,-59.833120,101,144,70,102,,,,,,
260378,260378,UT,13:21:34 09-Jul-2024,Argos,3,44.000640,-59.842260,134,302,59,99,,,,,,
260378,260378,UT,13:57:31 09-Jul-2024,Argos,0,43.988970,-59.813570,1662,28087,98,101,,,,,,
260378,260378,UT,14:27:51 09-Jul-2024,Argos,3,43.992380,-59.835910,215,723,63,86,,,,,,
260378,260378,UT,14:50:51 09-Jul-2024,Argos,3,43.991540,-59.835980,103,174,61,112,,,,,,
260378,260378,UT,15:05:00 09-Jul-2024,Argos,1,43.989290,-59.823250,860,1196,618,79,,,,,,
260378,260378,UT,15:41:47 09-Jul-2024,Argos,B,43.987340,-59.824530,4528,6464,3171,90,,,,,,
260378,260378,UT,15:44:38 09-Jul-2024,Argos,A,43.992620,-59.850380,107,154,74,83,,,,,,
260378,260378,UT,16:11:59 09-Jul-2024,Argos,1,43.994080,-59.832460,1430,2015,1014,149,,,,,,
260378,260378,UT,16:32:11 09-Jul-2024,Argos,B,43.992970,-59.833510,5155,7033,3777,92,,,,,,
260378,260378,UT,21:37:02 09-Jul-2024,Argos,A,43.996230,-59.840740,150,282,80,106,,,,,,
260378,260378,UT,21:45:33 09-Jul-2024,Argos,A,43.992950,-59.852630,95,139,65,85,,,,,,
260378,260378,UT,22:45:19 09-Jul-2024,Argos,2,43.998230,-59.846870,403,2019,80,98,,,,,,
260378,260378,UT,22:54:36 09-Jul-2024,Argos,2,44.001320,-59.836680,303,461,199,112,,,,,,
260378,260378,UT,22:57:44 09-Jul-2024,Argos,B,44.001290,-59.836630,406,564,291,96,,,,,,
260378,260378,UT,23:12:30 09-Jul-2024,Argos,A,44.004110,-59.840860,171,280,104,124,,,,,,
260378,260378,UT,23:15:41 09-Jul-2024,Argos,A,44.004780,-59.834360,94,151,57,66,,,,,,
260378,260378,UT,23:20:24 09-Jul-2024,Argos,1,44.003450,-59.825360,599,1137,315,81,,,,,,
260378,260378,UT,23:41:03 09-Jul-2024,Argos,B,44.007350,-59.826090,493,2447,99,147,,,,,,
260378,260378,UT,00:19:06 10-Jul-2024,Argos,1,43.994320,-59.838530,658,1025,421,117,,,,,,
260378,260378,UT,00:22:47 10-Jul-2024,Argos,3,43.994570,-59.836700,172,253,116,51,,,,,,
260378,260378,UT,00:32:34 10-Jul-2024,Argos,2,43.991970,-59.832750,431,3297,56,70,,,,,,
260378,260378,UT,00:51:50 10-Jul-2024,Argos,3,43.988120,-59.817840,190,1219,29,89,,,,,,
260378,260378,UT,01:17:25 10-Jul-2024,Argos,A,43.979080,-59.821430,1238,2030,754,154,,,,,,
260378,260378,UT,01:28:23 10-Jul-2024,Argos,B,43.980280,-59.822000,3336,4095,2717,138,,,,,,
260378,260378,UT,01:59:48 10-Jul-2024,Argos,0,43.953250,-59.814680,2583,51732,129,77,,,,,,
260378,260378,UT,02:53:39 10-Jul-2024,Argos,B,43.935140,-59.817080,4876,8180,2906,87,,,,,,
260378,260378,UT,11:36:41 10-Jul-2024,Argos,B,43.977090,-59.810710,11118,20790,5945,93,,,,,,
260378,260378,UT,12:48:37 10-Jul-2024,Argos,3,43.986420,-59.814130,179,257,123,87,,,,,,
260378,260378,UT,13:03:44 10-Jul-2024,Argos,B,43.991520,-59.807200,572,1545,211,121,,,,,,
260378,260378,UT,13:10:44 10-Jul-2024,Argos,3,43.985540,-59.810760,102,268,38,98,,,,,,
260378,260378,UT,13:38:59 10-Jul-2024,Argos,B,43.985300,-59.812050,961,17914,51,90,,,,,,
260378,260378,UT,14:16:11 10-Jul-2024,Argos,A,43.990570,-59.820810,153,234,99,146,,,,,,
260378,260378,UT,14:28:08 10-Jul-2024,Argos,0,43.989830,-59.814040,2740,9788,767,98,,,,,,
260378,260378,UT,14:53:44 10-Jul-2024,Argos,2,43.987990,-59.806020,255,399,163,87,,,,,,
260378,260378,UT,14:59:51 10-Jul-2024,Argos,B,43.989920,-59.808110,414,990,172,64,,,,,,
260378,260378,UT,15:22:27 10-Jul-2024,Argos,B,43.989620,-59.808000,905,1316,621,82,,,,,,
260378,260378,UT,21:11:45 10-Jul-2024,Argos,B,44.002650,-59.810650,2300,3858,1370,69,,,,,,
260378,260378,UT,21:20:47 10-Jul-2024,Argos,B,43.964220,-59.800720,1973,5831,667,78,,,,,,
260378,260378,UT,22:12:30 10-Jul-2024,Argos,2,43.942870,-59.867040,266,1361,52,99,,,,,,
260378,260378,UT,22:35:56 10-Jul-2024,Argos,A,43.947140,-59.856620,679,1474,312,121,,,,,,
260378,260378,UT,22:50:11 10-Jul-2024,Argos,1,43.944490,-59.848350,663,9725,45,79,,,,,,
260378,260378,UT,22:55:28 10-Jul-2024,Argos,A,43.942320,-59.858450,173,835,35,114,,,,,,
260378,260378,UT,23:03:01 10-Jul-2024,Argos,3,43.942680,-59.863040,223,546,91,110,,,,,,
260378,260378,UT,23:50:57 10-Jul-2024,Argos,2,43.938580,-59.854490,451,1806,112,94,,,,,,
260378,260378,UT,00:14:48 11-Jul-2024,Argos,3,43.941260,-59.864540,90,153,52,85,,,,,,
260378,260378,UT,00:26:47 11-Jul-2024,Argos,B,43.941640,-59.864940,558,785,396,90,,,,,,
260378,260378,UT,00:32:03 11-Jul-2024,Argos,B,43.938850,-59.862160,418,1571,111,57,,,,,,
260378,260378,UT,00:40:16 11-Jul-2024,Argos,1,43.944640,-59.847750,1291,20842,80,78,,,,,,
260378,260378,UT,00:59:42 11-Jul-2024,Argos,3,43.943660,-59.851990,156,603,40,76,,,,,,
260378,260378,UT,01:50:33 11-Jul-2024,Argos,2,43.943350,-59.861180,279,1158,67,78,,,,,,
260378,260378,UT,01:55:09 11-Jul-2024,Argos,3,43.942170,-59.861770,177,268,117,76,,,,,,
260378,260378,UT,02:10:38 11-Jul-2024,Argos,3,43.944330,-59.862430,133,136,129,147,,,,,,
260378,260378,UT,02:28:08 11-Jul-2024,Argos,B,43.944450,-59.862500,584,806,423,91,,,,,,
260378,260378,UT,11:04:13 11-Jul-2024,Argos,3,43.941170,-59.860230,160,322,79,98,,,,,,
260378,260378,UT,11:10:13 11-Jul-2024,Argos,B,43.941410,-59.854720,336,463,244,36,,,,,,
260378,260378,UT,12:28:10 11-Jul-2024,Argos,2,43.945510,-59.850990,346,491,244,141,,,,,,
260378,260378,UT,12:42:20 11-Jul-2024,Argos,3,43.940720,-59.870910,209,522,83,93,,,,,,
260378,260378,UT,12:58:42 11-Jul-2024,Argos,1,43.962180,-59.861060,805,910,710,16,,,,,,
260378,260378,UT,13:16:16 11-Jul-2024,Argos,B,43.962070,-59.860970,3701,5112,2679,88,,,,,,
260378,260378,UT,14:03:08 11-Jul-2024,Argos,A,43.988050,-59.856240,141,324,60,107,,,,,,
260378,260378,UT,14:07:08 11-Jul-2024,Argos,1,43.985990,-59.840160,1258,12667,124,102,,,,,,
260378,260378,UT,14:19:46 11-Jul-2024,Argos,B,43.985840,-59.840490,2800,4354,1800,95,,,,,,
260378,260378,UT,14:41:51 11-Jul-2024,Argos,A,43.995190,-59.862320,116,205,65,100,,,,,,
260378,260378,UT,14:54:27 11-Jul-2024,Argos,A,43.991490,-59.856860,146,330,64,77,,,,,,
260378,260378,UT,15:43:39 11-Jul-2024,Argos,3,43.992080,-59.866060,102,282,36,106,,,,,,
260378,260378,UT,15:51:06 11-Jul-2024,Argos,3,43.992530,-59.865070,91,145,56,101,,,,,,
260378,260378,UT,15:52:35 11-Jul-2024,Argos,B,43.992410,-59.880330,399,610,261,160,,,,,,
260378,260378,UT,16:24:11 11-Jul-2024,Argos,B,43.997480,-59.884010,839,1060,664,95,,,,,,
260378,260378,UT,21:41:26 11-Jul-2024,Argos,3,43.936770,-59.905950,124,244,62,96,,,,,,
260378,260378,UT,22:16:37 11-Jul-2024,Argos,1,43.947910,-59.910590,858,2297,320,122,,,,,,
260378,260378,UT,22:24:24 11-Jul-2024,Argos,3,43.937480,-59.909520,112,357,35,77,,,,,,
260378,260378,UT,22:28:33 11-Jul-2024,Argos,2,43.936750,-59.912940,259,1704,39,99,,,,,,
260378,260378,UT,23:55:10 11-Jul-2024,Argos,A,43.964290,-59.914360,1668,4526,614,138,,,,,,
260378,260378,UT,23:56:53 11-Jul-2024,Argos,3,43.966830,-59.914940,115,271,49,96,,,,,,
260378,260378,UT,00:00:45 12-Jul-2024,Argos,B,43.975040,-59.917350,398,1487,106,86,,,,,,
260378,260378,UT,00:07:35 12-Jul-2024,Argos,A,43.970610,-59.893960,287,392,209,44,,,,,,
260378,260378,UT,00:28:34 12-Jul-2024,Argos,1,43.987220,-59.895930,931,7766,111,77,,,,,,
260378,260378,UT,00:37:36 12-Jul-2024,Argos,1,43.988410,-59.900860,1249,17519,89,76,,,,,,
260378,260378,UT,01:33:52 12-Jul-2024,Argos,3,44.015690,-59.901880,99,145,67,82,,,,,,
260378,260378,UT,01:37:04 12-Jul-2024,Argos,B,44.021010,-59.883110,214,386,118,158,,,,,,
260378,260378,UT,02:11:16 12-Jul-2024,Argos,A,44.047000,-59.876140,472,823,270,47,,,,,,
260378,260378,UT,12:08:56 12-Jul-2024,Argos,B,44.084440,-59.960440,3009,25589,353,135,,,,,,
260378,260378,UT,12:23:09 12-Jul-2024,Argos,1,43.995920,-59.858420,527,1982,140,98,,,,,,
260378,260378,UT,12:49:11 12-Jul-2024,Argos,A,43.962130,-59.837360,553,3909,78,127,,,,,,
260378,260378,UT,13:46:36 12-Jul-2024,Argos,A,44.003210,-59.844270,245,1891,31,108,,,,,,
260378,260378,UT,13:53:29 12-Jul-2024,Argos,A,44.003850,-59.819630,139,172,111,80,,,,,,
260378,260378,UT,13:55:21 12-Jul-2024,Argos,B,44.011360,-59.831410,1098,1786,674,65,,,,,,
260378,260378,UT,14:31:47 12-Jul-2024,Argos,3,43.992900,-59.828940,160,326,77,114,,,,,,
260378,260378,UT,14:35:01 12-Jul-2024,Argos,B,43.992670,-59.828150,201,971,41,92,,,,,,
260378,260378,UT,15:02:24 12-Jul-2024,Argos,A,43.983040,-59.815900,198,424,92,127,,,,,,
260378,260378,UT,15:28:00 12-Jul-2024,Argos,B,43.971250,-59.821800,536,3145,91,100,,,,,,
260378,260378,UT,15:31:05 12-Jul-2024,Argos,1,43.971180,-59.802280,535,1920,149,106,,,,,,
260378,260378,UT,16:07:28 12-Jul-2024,Argos,1,43.979380,-59.811750,1412,6250,319,92,,,,,,
260378,260378,UT,16:45:00 12-Jul-2024,Argos,2,43.959790,-59.798750,387,1823,82,101,,,,,,
260378,260378,UT,21:05:32 12-Jul-2024,Argos,3,43.959160,-59.790950,125,161,95,98,,,,,,
260378,260378,UT,21:58:07 12-Jul-2024,Argos,3,43.959540,-59.796320,95,124,72,78,,,,,,
260378,260378,UT,22:04:11 12-Jul-2024,Argos,3,43.960370,-59.795050,72,121,42,95,,,,,,
260378,260378,UT,22:38:48 12-Jul-2024,Argos,2,43.963380,-59.803620,477,1510,150,102,,,,,,
260378,260378,UT,22:53:39 12-Jul-2024,Argos,3,43.957990,-59.786850,226,712,71,100,,,,,,
260378,260378,UT,23:34:13 12-Jul-2024,Argos,A,43.952960,-59.798630,606,1647,222,128,,,,,,
260378,260378,UT,23:36:26 12-Jul-2024,Argos,2,43.955580,-59.789980,379,1131,126,82,,,,,,
260378,260378,UT,23:37:55 12-Jul-2024,Argos,1,43.962220,-59.786130,617,795,478,112,,,,,,
260378,260378,UT,00:22:44 13-Jul-2024,Argos,A,43.951710,-59.817030,532,7595,37,74,,,,,,
260378,260378,UT,01:14:33 13-Jul-2024,Argos,B,43.962200,-59.810940,789,13096,47,95,,,,,,
260378,260378,UT,01:25:44 13-Jul-2024,Argos,1,43.951440,-59.789970,680,1830,252,94,,,,,,
260378,260378,UT,02:01:54 13-Jul-2024,Argos,A,43.960650,-59.790200,1095,2333,514,22,,,,,,
260378,260378,UT,02:20:00 13-Jul-2024,Argos,B,43.962760,-59.791690,460,1887,111,84,,,,,,
260378,260378,UT,02:53:46 13-Jul-2024,Argos,B,43.966220,-59.792360,913,1564,533,86,,,,,,
260378,260378,UT,12:33:30 13-Jul-2024,Argos,A,44.000350,-59.784970,144,196,105,123,,,,,,
260378,260378,UT,13:27:23 13-Jul-2024,Argos,1,43.997280,-59.808280,661,1517,288,82,,,,,,
260378,260378,UT,13:30:46 13-Jul-2024,Argos,B,43.993840,-59.791800,972,1709,552,32,,,,,,
260378,260378,UT,13:45:50 13-Jul-2024,Argos,B,43.993810,-59.791780,1533,5758,408,61,,,,,,
260378,260378,UT,14:18:41 13-Jul-2024,Argos,B,43.992300,-59.789490,653,5275,80,50,,,,,,
260378,260378,UT,15:05:36 13-Jul-2024,Argos,A,43.996870,-59.789360,209,913,47,93,,,,,,
260378,260378,UT,15:18:10 13-Jul-2024,Argos,2,43.996600,-59.797810,331,1799,60,104,,,,,,
260378,260378,UT,16:00:11 13-Jul-2024,Argos,3,43.995170,-59.812070,97,283,33,87,,,,,,
260378,260378,UT,21:32:44 13-Jul-2024,Argos,1,43.964760,-59.801480,1258,2039,776,146,,,,,,
260378,260378,UT,22:18:27 13-Jul-2024,Argos,A,43.962240,-59.810950,866,5718,131,104,,,,,,
260378,260378,UT,23:10:51 13-Jul-2024,Argos,3,43.958270,-59.797310,205,486,86,91,,,,,,
260378,260378,UT,23:11:36 13-Jul-2024,Argos,3,43.960540,-59.795040,129,277,59,89,,,,,,
260378,260378,UT,23:14:38 13-Jul-2024,Argos,B,43.957130,-59.792230,585,932,366,93,,,,,,
260378,260378,UT,00:08:04 14-Jul-2024,Argos,A,43.959250,-59.795600,138,152,125,93,,,,,,
260378,260378,UT,00:52:32 14-Jul-2024,Argos,0,43.961200,-59.787440,3969,114397,137,79,,,,,,
260378,260378,UT,00:55:32 14-Jul-2024,Argos,B,43.961210,-59.787350,2960,15252,574,79,,,,,,
260378,260378,UT,02:36:17 14-Jul-2024,Argos,B,43.956840,-59.780450,5282,9452,2951,85,,,,,,
260378,260378,UT,02:50:27 14-Jul-2024,Argos,2,43.961390,-59.795720,471,919,241,113,,,,,,
260378,260378,UT,12:24:46 14-Jul-2024,Argos,A,43.990760,-59.839530,408,617,269,37,,,,,,
260378,260378,UT,13:06:15 14-Jul-2024,Argos,3,43.996310,-59.832200,124,173,87,91,,,,,,
260378,260378,UT,13:09:21 14-Jul-2024,Argos,B,43.994280,-59.826000,245,450,133,41,,,,,,
260378,260378,UT,13:34:59 14-Jul-2024,Argos,B,43.994390,-59.830900,563,1888,168,82,,,,,,
260378,260378,UT,14:02:26 14-Jul-2024,Argos,3,44.004060,-59.824140,156,690,35,95,,,,,,
260378,260378,UT,14:50:32 14-Jul-2024,Argos,B,44.002180,-59.827090,682,9701,48,125,,,,,,
260378,260378,UT,15:07:37 14-Jul-2024,Argos,0,44.003270,-59.866290,4580,50708,413,102,,,,,,
260378,260378,UT,15:10:44 14-Jul-2024,Argos,A,43.985500,-59.834440,856,1033,708,72,,,,,,
260378,260378,UT,16:31:02 14-Jul-2024,Argos,B,43.984890,-59.832970,5673,8078,3983,93,,,,,,
260378,260378,UT,16:51:06 14-Jul-2024,Argos,B,43.992790,-59.835570,2624,76660,89,84,,,,,,
260378,260378,UT,16:53:02 14-Jul-2024,Argos,B,43.992790,-59.836250,981,9222,104,84,,,,,,
260378,260378,UT,21:46:53 14-Jul-2024,Argos,1,44.007970,-59.878620,892,1867,425,106,,,,,,
260378,260378,UT,22:40:46 14-Jul-2024,Argos,B,43.993040,-59.873620,5295,10297,2722,82,,,,,,
260378,260378,UT,23:56:59 14-Jul-2024,Argos,1,43.945900,-59.835660,558,4097,76,71,,,,,,
260378,260378,UT,00:20:08 15-Jul-2024,Argos,B,43.946640,-59.835730,895,1943,412,77,,,,,,
260378,260378,UT,00:23:39 15-Jul-2024,Argos,2,43.951880,-59.823330,415,596,289,50,,,,,,
260378,260378,UT,00:29:30 15-Jul-2024,Argos,3,43.946700,-59.836110,141,528,37,72,,,,,,
260378,260378,UT,00:56:08 15-Jul-2024,Argos,3,43.946580,-59.835860,228,1070,48,62,,,,,,
260378,260378,UT,01:22:51 15-Jul-2024,Argos,B,43.946580,-59.834770,734,1076,500,87,,,,,,
260378,260378,UT,02:14:03 15-Jul-2024,Argos,3,43.948930,-59.836920,175,472,65,60,,,,,,
260378,260378,UT,02:25:25 15-Jul-2024,Argos,3,43.945170,-59.834230,127,146,109,146,,,,,,
260378,260378,UT,02:39:42 15-Jul-2024,Argos,3,43.946020,-59.843320,100,151,66,75,,,,,,
260378,260378,UT,12:08:56 15-Jul-2024,Argos,1,43.953390,-59.806560,568,736,438,148,,,,,,
260378,260378,UT,12:42:10 15-Jul-2024,Argos,B,43.951020,-59.803320,2944,4155,2086,89,,,,,,
260378,260378,UT,12:46:14 15-Jul-2024,Argos,2,43.950800,-59.819780,337,443,256,65,,,,,,
260378,260378,UT,13:15:39 15-Jul-2024,Argos,2,43.952980,-59.801890,276,521,146,145,,,,,,
260378,260378,UT,13:33:13 15-Jul-2024,Argos,2,43.974910,-59.848730,476,1771,127,100,,,,,,
260378,260378,UT,13:50:20 15-Jul-2024,Argos,0,43.983680,-59.848120,2168,20190,232,102,,,,,,
260378,260378,UT,14:25:51 15-Jul-2024,Argos,A,44.009060,-59.851820,379,1344,107,115,,,,,,
260378,260378,UT,14:25:51 15-Jul-2024,Argos,B,43.982260,-59.848780,2875,4535,1823,92,,,,,,
260378,260378,UT,14:55:37 15-Jul-2024,Argos,B,44.018480,-59.840860,858,22933,32,96,,,,,,
260378,260378,UT,15:11:45 15-Jul-2024,Argos,B,44.005010,-59.836960,904,12142,67,96,,,,,,
260378,260378,UT,15:35:12 15-Jul-2024,Argos,B,44.002340,-59.838530,1116,3315,375,96,,,,,,
260378,260378,UT,16:06:01 15-Jul-2024,Argos,A,43.977080,-59.874480,465,1006,214,58,,,,,,
260378,260378,UT,16:08:02 15-Jul-2024,Argos,A,43.979620,-59.834090,760,1136,508,134,,,,,,
260378,260378,UT,16:38:07 15-Jul-2024,Argos,A,44.004810,-59.826830,802,1238,518,71,,,,,,
260378,260378,UT,22:08:03 15-Jul-2024,Argos,A,43.988150,-59.825970,253,334,191,172,,,,,,
260378,260378,UT,22:16:22 15-Jul-2024,Argos,2,43.988860,-59.833110,470,1003,219,73,,,,,,
260378,260378,UT,22:24:04 15-Jul-2024,Argos,1,43.996460,-59.853100,1326,3551,495,113,,,,,,
260378,260378,UT,22:54:49 15-Jul-2024,Argos,1,43.966610,-59.804140,1482,4533,484,106,,,,,,
260378,260378,UT,23:16:44 15-Jul-2024,Argos,B,43.970720,-59.823480,7774,28744,2102,3,,,,,,
260378,260378,UT,23:56:01 15-Jul-2024,Argos,A,43.952610,-59.831250,186,402,86,46,,,,,,
260378,260378,UT,00:07:27 16-Jul-2024,Argos,B,43.949230,-59.829530,513,691,380,82,,,,,,
260378,260378,UT,00:14:10 16-Jul-2024,Argos,3,43.947190,-59.837000,102,265,39,85,,,,,,
260378,260378,UT,00:30:02 16-Jul-2024,Argos,B,43.943070,-59.834150,622,863,447,90,,,,,,
260378,260378,UT,01:00:08 16-Jul-2024,Argos,B,43.940120,-59.830880,865,1553,481,88,,,,,,
260378,260378,UT,01:19:41 16-Jul-2024,Argos,2,43.948600,-59.832730,312,622,155,83,,,,,,
260378,260378,UT,01:40:33 16-Jul-2024,Argos,1,43.945150,-59.834760,729,1950,272,105,,,,,,
260378,260378,UT,01:52:28 16-Jul-2024,Argos,3,43.949430,-59.825900,148,210,103,98,,,,,,
260378,260378,UT,02:24:05 16-Jul-2024,Argos,3,43.948750,-59.825630,109,312,37,97,,,,,,
260378,260378,UT,12:03:04 16-Jul-2024,Argos,B,43.989230,-59.825090,1963,25659,150,65,,,,,,
260378,260378,UT,12:14:59 16-Jul-2024,Argos,B,43.991020,-59.820390,418,4846,36,116,,,,,,
260378,260378,UT,12:24:18 16-Jul-2024,Argos,A,44.003990,-59.812090,213,413,109,131,,,,,,
260378,260378,UT,13:02:35 16-Jul-2024,Argos,B,43.995490,-59.818650,646,2001,208,134,,,,,,
260378,260378,UT,13:13:00 16-Jul-2024,Argos,B,44.011570,-59.838840,405,1745,94,38,,,,,,
260378,260378,UT,13:38:54 16-Jul-2024,Argos,A,43.995500,-59.811680,827,7044,97,91,,,,,,
260378,260378,UT,13:50:44 16-Jul-2024,Argos,B,44.006000,-59.817580,1307,6032,283,83,,,,,,
260378,260378,UT,14:02:47 16-Jul-2024,Argos,0,43.998950,-59.811440,1959,37035,103,99,,,,,,
260378,260378,UT,14:44:41 16-Jul-2024,Argos,A,43.998560,-59.839310,571,2382,136,82,,,,,,
260378,260378,UT,14:59:06 16-Jul-2024,Argos,B,43.997230,-59.842010,545,814,364,87,,,,,,
260378,260378,UT,15:15:27 16-Jul-2024,Argos,2,43.997650,-59.833790,488,714,333,107,,,,,,
260378,260378,UT,15:18:36 16-Jul-2024,Argos,1,43.992230,-59.843080,974,1473,643,76,,,,,,
260378,260378,UT,15:45:47 16-Jul-2024,Argos,A,43.994750,-59.832890,819,1489,450,59,,,,,,
260378,260378,UT,16:26:22 16-Jul-2024,Argos,1,44.007850,-59.836510,956,1238,738,82,,,,,,
260378,260378,UT,16:53:43 16-Jul-2024,Argos,B,44.007850,-59.836540,4523,6272,3261,89,,,,,,
260378,260378,UT,21:27:18 16-Jul-2024,Argos,3,43.948930,-59.828570,108,152,75,81,,,,,,
260378,260378,UT,21:52:12 16-Jul-2024,Argos,A,43.946460,-59.834390,456,3106,67,77,,,,,,
260378,260378,UT,21:59:38 16-Jul-2024,Argos,B,43.948240,-59.831470,881,1371,565,97,,,,,,
260378,260378,UT,22:24:27 16-Jul-2024,Argos,1,43.954450,-59.870030,1402,19495,100,101,,,,,,
260378,260378,UT,23:27:25 16-Jul-2024,Argos,3,43.948790,-59.834670,114,176,73,105,,,,,,
260378,260378,UT,23:30:27 16-Jul-2024,Argos,3,43.946740,-59.827480,215,603,76,86,,,,,,
260378,260378,UT,23:35:08 16-Jul-2024,Argos,3,43.947130,-59.829140,136,189,96,108,,,,,,
260378,260378,UT,23:50:02 16-Jul-2024,Argos,3,43.946920,-59.830830,106,155,72,89,,,,,,
260378,260378,UT,00:02:04 17-Jul-2024,Argos,3,43.946380,-59.830030,214,401,113,49,,,,,,
260378,260378,UT,00:32:52 17-Jul-2024,Argos,B,43.945830,-59.833740,591,1165,299,24,,,,,,
260378,260378,UT,00:38:50 17-Jul-2024,Argos,B,43.946360,-59.833690,637,910,445,36,,,,,,
260378,260378,UT,01:07:27 17-Jul-2024,Argos,2,43.950250,-59.822520,263,700,99,89,,,,,,
260378,260378,UT,01:30:01 17-Jul-2024,Argos,3,43.948380,-59.827840,106,297,38,95,,,,,,
260378,260378,UT,02:16:31 17-Jul-2024,Argos,2,43.951010,-59.814350,486,4264,55,80,,,,,,
260378,260378,UT,02:32:34 17-Jul-2024,Argos,A,43.944460,-59.817850,153,316,74,125,,,,,,
260378,260378,UT,12:50:15 17-Jul-2024,Argos,B,44.104880,-59.795160,2073,78021,55,97,,,,,,
260378,260378,UT,13:26:55 17-Jul-2024,Argos,2,44.099240,-59.763350,397,2277,69,93,,,,,,
260378,260378,UT,13:27:02 17-Jul-2024,Argos,A,44.098890,-59.780040,546,1407,211,91,,,,,,
260378,260378,UT,14:30:59 17-Jul-2024,Argos,B,44.122500,-59.796490,1351,10432,174,45,,,,,,
260378,260378,UT,14:34:38 17-Jul-2024,Argos,B,44.123530,-59.795200,372,1132,122,8,,,,,,
260378,260378,UT,15:06:00 17-Jul-2024,Argos,0,44.114880,-59.810380,1621,2411,1089,99,,,,,,
260378,260378,UT,16:12:48 17-Jul-2024,Argos,0,44.114440,-59.839830,1784,3930,809,87,,,,,,
260378,260378,UT,16:14:41 17-Jul-2024,Argos,0,44.111730,-59.824350,1503,3406,662,88,,,,,,
260378,260378,UT,21:28:33 17-Jul-2024,Argos,B,44.117370,-59.893980,44045,85941,22572,83,,,,,,
260378,260378,UT,21:34:20 17-Jul-2024,Argos,B,44.121980,-59.884030,25586,440894,1484,32,,,,,,
260378,260378,UT,21:53:18 17-Jul-2024,Argos,1,44.127300,-59.907120,1368,1859,1005,98,,,,,,
260378,260378,UT,22:27:36 17-Jul-2024,Argos,B,44.124830,-59.912580,8762,44106,1740,60,,,,,,
260378,260378,UT,23:06:26 17-Jul-2024,Argos,B,44.109400,-59.913200,768,19084,30,70,,,,,,
260378,260378,UT,23:08:25 17-Jul-2024,Argos,A,44.115970,-59.902370,144,671,30,73,,,,,,
260378,260378,UT,23:16:18 17-Jul-2024,Argos,B,44.112980,-59.907530,330,1696,64,102,,,,,,
260378,260378,UT,23:32:45 17-Jul-2024,Argos,A,44.102280,-59.926580,122,154,96,93,,,,,,
260378,260378,UT,00:18:41 18-Jul-2024,Argos,B,44.098870,-59.934480,928,1324,650,90,,,,,,
260378,260378,UT,00:23:15 18-Jul-2024,Argos,B,44.100810,-59.931590,1022,1482,704,82,,,,,,
260378,260378,UT,00:48:08 18-Jul-2024,Argos,B,44.104150,-59.931050,1203,1789,808,86,,,,,,
260378,260378,UT,00:55:40 18-Jul-2024,Argos,3,44.122950,-59.795140,248,1367,45,82,,,,,,
260378,260378,UT,01:48:07 18-Jul-2024,Argos,B,44.071550,-59.906430,2323,13151,410,147,,,,,,
260378,260378,UT,01:56:31 18-Jul-2024,Argos,0,44.057710,-60.190960,16639,203181,1362,78,,,,,,
260378,260378,UT,02:02:34 18-Jul-2024,Argos,B,44.123210,-59.776210,4566,17147,1216,85,,,,,,
260378,260378,UT,02:40:01 18-Jul-2024,Argos,B,44.129790,-59.739660,128058,386171,42465,84,,,,,,
260378,260378,UT,12:07:30 18-Jul-2024,Argos,B,44.129720,-60.019710,1874,15531,226,41,,,,,,
260378,260378,UT,12:28:47 18-Jul-2024,Argos,0,44.117670,-60.114140,13033,158960,1068,97,,,,,,
260378,260378,UT,13:01:53 18-Jul-2024,Argos,A,44.120250,-60.037400,1130,1859,686,90,,,,,,
260378,260378,UT,13:12:36 18-Jul-2024,Argos,1,44.123910,-60.061270,666,1227,361,113,,,,,,
260378,260378,UT,13:31:39 18-Jul-2024,Argos,B,44.146000,-60.025320,3146,6358,1556,106,,,,,,
260378,260378,UT,14:13:07 18-Jul-2024,Argos,B,44.144210,-60.003190,5844,9662,3535,100,,,,,,
260378,260378,UT,14:16:39 18-Jul-2024,Argos,B,44.134980,-60.073230,3202,39726,258,130,,,,,,
260378,260378,UT,14:55:36 18-Jul-2024,Argos,0,44.102340,-60.020490,1831,2634,1272,101,,,,,,
260378,260378,UT,15:09:41 18-Jul-2024,Argos,B,44.102330,-60.020490,6294,8987,4407,90,,,,,,
260378,260378,UT,15:26:36 18-Jul-2024,Argos,0,44.115640,-60.062150,5341,36499,781,111,,,,,,
260378,260378,UT,16:01:13 18-Jul-2024,Argos,B,44.095180,-60.027710,6743,98298,462,92,,,,,,
260378,260378,UT,16:38:28 18-Jul-2024,Argos,B,44.069190,-59.940150,6632,11880,3702,83,,,,,,
260378,260378,UT,16:46:59 18-Jul-2024,Argos,B,44.069040,-59.940370,5120,8780,2985,84,,,,,,
260378,260378,UT,21:42:53 18-Jul-2024,Argos,0,44.056770,-59.910320,2683,7202,999,116,,,,,,
260378,260378,UT,22:41:48 18-Jul-2024,Argos,A,44.120010,-60.124260,3042,89556,103,105,,,,,,
260378,260378,UT,22:50:20 18-Jul-2024,Argos,0,44.090140,-60.083930,4427,36839,532,81,,,,,,
260378,260378,UT,22:59:23 18-Jul-2024,Argos,A,44.095800,-60.027300,191,863,42,110,,,,,,
260378,260378,UT,23:03:46 18-Jul-2024,Argos,B,44.095690,-60.033040,306,523,179,150,,,,,,
260378,260378,UT,23:12:11 18-Jul-2024,Argos,A,44.100590,-60.014050,1955,9673,395,94,,,,,,
260378,260378,UT,23:58:21 18-Jul-2024,Argos,1,44.102320,-60.032830,973,1624,582,101,,,,,,
260378,260378,UT,00:08:09 19-Jul-2024,Argos,B,44.102260,-60.032860,3211,4555,2263,90,,,,,,
260378,260378,UT,00:15:42 19-Jul-2024,Argos,B,44.104880,-60.033130,5333,8277,3436,97,,,,,,
260378,260378,UT,00:27:42 19-Jul-2024,Argos,B,44.107740,-60.032690,6083,9475,3904,99,,,,,,
260378,260378,UT,00:39:43 19-Jul-2024,Argos,B,44.105840,-60.022900,904,1505,542,101,,,,,,
260378,260378,UT,00:39:43 19-Jul-2024,Argos,A,44.117560,-60.031230,531,3579,78,75,,,,,,
260378,260378,UT,00:47:04 19-Jul-2024,Argos,A,44.107250,-60.034210,374,3345,41,80,,,,,,
260378,260378,UT,01:44:36 19-Jul-2024,Argos,3,44.103670,-60.028890,128,352,46,79,,,,,,
260378,260378,UT,02:23:54 19-Jul-2024,Argos,A,44.105520,-60.022170,186,207,165,33,,,,,,
260378,260378,UT,02:27:58 19-Jul-2024,Argos,A,44.105360,-60.008690,179,214,148,124,,,,,,
260378,260378,UT,02:37:53 19-Jul-2024,Argos,B,44.106710,-60.008540,453,3382,60,76,,,,,,
260378,260378,UT,12:36:34 19-Jul-2024,Argos,0,44.112590,-60.023880,1570,4585,537,112,,,,,,
260378,260378,UT,13:01:46 19-Jul-2024,Argos,1,44.114360,-60.013900,528,804,346,97,,,,,,
260378,260378,UT,13:01:46 19-Jul-2024,Argos,A,44.112050,-60.012820,115,172,76,82,,,,,,
260378,260378,UT,13:52:10 19-Jul-2024,Argos,B,44.114810,-60.013650,4911,7324,3293,92,,,,,,
260378,260378,UT,14:46:48 19-Jul-2024,Argos,B,44.076480,-59.993450,3562,25174,503,83,,,,,,
260378,260378,UT,14:47:11 19-Jul-2024,Argos,B,44.076350,-59.995280,1003,6688,150,83,,,,,,
260378,260378,UT,15:51:56 19-Jul-2024,Argos,B,44.077050,-59.956120,921,6500,130,111,,,,,,
260378,260378,UT,16:21:39 19-Jul-2024,Argos,0,44.101100,-60.077860,3643,24456,542,107,,,,,,
260378,260378,UT,16:26:36 19-Jul-2024,Argos,B,44.075160,-59.961030,1295,3176,527,110,,,,,,
260378,260378,UT,22:17:41 19-Jul-2024,Argos,A,44.083530,-60.123710,113,418,30,70,,,,,,
260378,260378,UT,22:17:48 19-Jul-2024,Argos,1,44.098580,-60.106080,1256,3623,435,84,,,,,,
260378,260378,UT,22:29:19 19-Jul-2024,Argos,0,44.094940,-60.121380,27121,449889,1634,100,,,,,,
260378,260378,UT,22:51:35 19-Jul-2024,Argos,B,44.097850,-60.131860,35412,62068,20203,98,,,,,,
260378,260378,UT,22:51:35 19-Jul-2024,Argos,B,44.111450,-60.099300,26386,175464,3968,112,,,,,,
260378,260378,UT,23:56:03 19-Jul-2024,Argos,A,44.116550,-60.130530,3375,16673,683,125,,,,,,
260378,260378,UT,23:56:48 19-Jul-2024,Argos,B,44.117400,-60.130960,3609,15113,862,126,,,,,,
260378,260378,UT,00:07:58 20-Jul-2024,Argos,A,44.072920,-60.066610,220,304,159,44,,,,,,
260378,260378,UT,00:26:07 20-Jul-2024,Argos,1,44.087920,-60.061000,933,2772,313,83,,,,,,
260378,260378,UT,00:30:05 20-Jul-2024,Argos,0,44.089050,-60.051630,2567,19002,346,80,,,,,,
260378,260378,UT,01:17:17 20-Jul-2024,Argos,B,44.083240,-60.054440,7627,23595,2465,131,,,,,,
260378,260378,UT,01:31:11 20-Jul-2024,Argos,0,44.063190,-60.050400,1671,9705,287,92,,,,,,
260378,260378,UT,11:25:25 20-Jul-2024,Argos,0,43.961430,-60.142330,3795,11881,1212,173,,,,,,
260378,260378,UT,12:41:58 20-Jul-2024,Argos,1,43.990390,-60.126200,632,1147,348,122,,,,,,
260378,260378,UT,12:48:47 20-Jul-2024,Argos,1,43.988820,-60.157650,551,1649,184,112,,,,,,
260378,260378,UT,13:34:30 20-Jul-2024,Argos,A,43.978620,-60.161980,1958,6660,575,64,,,,,,
260378,260378,UT,13:51:51 20-Jul-2024,Argos,2,43.956320,-60.185590,474,563,398,106,,,,,,
260378,260378,UT,14:22:27 20-Jul-2024,Argos,1,43.980460,-60.168090,515,2040,130,97,,,,,,
260378,260378,UT,14:28:25 20-Jul-2024,Argos,2,43.980230,-60.167810,409,969,172,96,,,,,,
260378,260378,UT,15:31:21 20-Jul-2024,Argos,0,43.953130,-60.112970,2096,7899,556,95,,,,,,
260378,260378,UT,15:38:14 20-Jul-2024,Argos,A,43.987340,-60.171600,2865,10980,747,67,,,,,,
260378,260378,UT,16:04:11 20-Jul-2024,Argos,B,43.989760,-60.162310,5282,7464,3737,87,,,,,,
260378,260378,UT,21:51:33 20-Jul-2024,Argos,A,43.963410,-60.150950,144,409,50,122,,,,,,
260378,260378,UT,21:53:08 20-Jul-2024,Argos,1,43.971500,-60.165550,899,1823,442,98,,,,,,
260378,260378,UT,21:56:59 20-Jul-2024,Argos,2,43.973560,-60.173170,293,611,140,95,,,,,,
260378,260378,UT,22:02:15 20-Jul-2024,Argos,B,43.974150,-60.175100,1434,2039,1007,90,,,,,,
260378,260378,UT,22:29:50 20-Jul-2024,Argos,1,43.972230,-60.145650,1349,4003,454,125,,,,,,
260378,260378,UT,22:39:21 20-Jul-2024,Argos,1,43.973610,-60.187330,619,1052,364,119,,,,,,
260378,260378,UT,23:15:30 20-Jul-2024,Argos,B,43.971590,-60.176200,2742,22439,335,109,,,,,,
260378,260378,UT,23:23:06 20-Jul-2024,Argos,3,43.972470,-60.155690,121,171,84,99,,,,,,
260378,260378,UT,23:31:31 20-Jul-2024,Argos,3,43.974390,-60.156900,108,221,52,85,,,,,,
260378,260378,UT,23:35:46 20-Jul-2024,Argos,3,43.971180,-60.155530,126,246,64,73,,,,,,
260378,260378,UT,00:04:02 21-Jul-2024,Argos,3,43.967380,-60.168210,125,397,39,68,,,,,,
260378,260378,UT,00:16:13 21-Jul-2024,Argos,3,43.971090,-60.157070,192,382,96,66,,,,,,
260378,260378,UT,00:55:41 21-Jul-2024,Argos,A,43.973280,-60.155430,821,4508,149,68,,,,,,
260378,260378,UT,01:24:19 21-Jul-2024,Argos,3,43.971310,-60.163910,97,125,74,68,,,,,,
260378,260378,UT,01:49:55 21-Jul-2024,Argos,A,43.974110,-60.148320,435,1373,137,116,,,,,,
260378,260378,UT,02:46:30 21-Jul-2024,Argos,3,43.972730,-60.162160,183,597,55,60,,,,,,
260378,260378,UT,10:54:41 21-Jul-2024,Argos,B,43.949980,-60.091240,2577,5320,1248,86,,,,,,
260378,260378,UT,11:43:22 21-Jul-2024,Argos,B,43.972060,-60.153980,1576,8172,303,67,,,,,,
260378,260378,UT,11:44:51 21-Jul-2024,Argos,1,43.974030,-60.176190,727,4324,122,98,,,,,,
260378,260378,UT,12:20:11 21-Jul-2024,Argos,2,43.969530,-60.157910,310,471,204,132,,,,,,
260378,260378,UT,12:39:01 21-Jul-2024,Argos,3,43.974010,-60.160020,136,156,118,172,,,,,,
260378,260378,UT,13:11:38 21-Jul-2024,Argos,B,43.976820,-60.161950,759,1153,499,88,,,,,,
260378,260378,UT,13:20:29 21-Jul-2024,Argos,B,43.987140,-60.162000,627,4662,84,87,,,,,,
260378,260378,UT,13:39:49 21-Jul-2024,Argos,A,43.994570,-60.138300,208,362,120,135,,,,,,
260378,260378,UT,14:00:59 21-Jul-2024,Argos,0,44.015110,-60.130780,3257,49098,216,101,,,,,,
260378,260378,UT,14:19:18 21-Jul-2024,Argos,A,44.039220,-60.168800,414,731,234,114,,,,,,
260378,260378,UT,14:49:46 21-Jul-2024,Argos,B,44.042190,-60.169720,981,1408,683,89,,,,,,
260378,260378,UT,14:56:24 21-Jul-2024,Argos,B,44.043090,-60.170190,605,6020,60,99,,,,,,
260378,260378,UT,15:19:39 21-Jul-2024,Argos,0,44.062130,-60.138320,2000,9042,442,104,,,,,,
260378,260378,UT,15:41:51 21-Jul-2024,Argos,0,44.008850,-60.172210,4600,6092,3473,65,,,,,,
260378,260378,UT,16:02:13 21-Jul-2024,Argos,B,44.011750,-60.172400,14412,20008,10380,90,,,,,,
260378,260378,UT,16:29:40 21-Jul-2024,Argos,B,44.056280,-60.228690,11527,38934,3412,58,,,,,,
260378,260378,UT,21:27:47 21-Jul-2024,Argos,B,44.103250,-60.239350,6105,13344,2792,90,,,,,,
260378,260378,UT,21:27:47 21-Jul-2024,Argos,B,44.095870,-60.228610,6040,12190,2992,90,,,,,,
260378,260378,UT,21:27:47 21-Jul-2024,Argos,B,44.102510,-60.226500,1457,27586,76,72,,,,,,
260378,260378,UT,22:10:34 21-Jul-2024,Argos,B,44.115860,-60.226830,4685,9965,2202,100,,,,,,
260378,260378,UT,22:28:05 21-Jul-2024,Argos,B,44.137480,-60.325040,2678,3333,2150,13,,,,,,
260378,260378,UT,23:01:16 21-Jul-2024,Argos,B,44.146990,-60.325410,2971,3131,2817,5,,,,,,
260378,260378,UT,23:02:05 21-Jul-2024,Argos,A,44.120280,-60.166440,99,397,24,108,,,,,,
260378,260378,UT,23:04:51 21-Jul-2024,Argos,1,44.126730,-60.167910,1205,3679,394,104,,,,,,
260378,260378,UT,23:06:07 21-Jul-2024,Argos,0,44.135130,-60.160090,1815,8353,394,76,,,,,,
260378,260378,UT,23:46:09 21-Jul-2024,Argos,B,44.138610,-60.171790,12682,18077,8896,91,,,,,,
260378,260378,UT,00:09:56 22-Jul-2024,Argos,A,44.128540,-60.175000,142,451,44,96,,,,,,
260378,260378,UT,01:08:48 22-Jul-2024,Argos,B,44.135040,-60.173790,747,5213,107,140,,,,,,
260378,260378,UT,01:30:21 22-Jul-2024,Argos,B,44.086370,-60.127300,468,2449,89,59,,,,,,
260378,260378,UT,01:51:01 22-Jul-2024,Argos,B,44.087990,-60.134210,972,2288,413,50,,,,,,
260378,260378,UT,02:03:16 22-Jul-2024,Argos,2,44.120410,-60.146610,297,400,219,169,,,,,,
260378,260378,UT,11:03:16 22-Jul-2024,Argos,A,44.112930,-60.132770,169,225,127,78,,,,,,
260378,260378,UT,11:10:30 22-Jul-2024,Argos,B,44.118550,-60.045490,4229,9230,1937,82,,,,,,
260378,260378,UT,11:19:46 22-Jul-2024,Argos,3,44.092780,-60.117520,162,378,69,81,,,,,,
260378,260378,UT,12:02:07 22-Jul-2024,Argos,B,44.111990,-60.101040,1040,5050,214,148,,,,,,
260378,260378,UT,12:22:55 22-Jul-2024,Argos,1,44.080390,-60.125290,1205,1843,788,81,,,,,,
260378,260378,UT,12:49:29 22-Jul-2024,Argos,B,44.080490,-60.124770,6560,9385,4584,87,,,,,,
260378,260378,UT,12:57:18 22-Jul-2024,Argos,A,44.110270,-60.093950,124,161,94,103,,,,,,
260378,260378,UT,13:30:04 22-Jul-2024,Argos,A,44.153600,-60.103350,3305,10323,1057,22,,,,,,
260378,260378,UT,13:40:51 22-Jul-2024,Argos,0,44.099000,-60.082480,2513,5139,1229,95,,,,,,
260378,260378,UT,14:13:06 22-Jul-2024,Argos,B,44.114980,-60.086590,14055,21814,9055,87,,,,,,
260378,260378,UT,14:33:20 22-Jul-2024,Argos,A,44.095750,-60.038960,129,371,44,115,,,,,,
260378,260378,UT,15:07:27 22-Jul-2024,Argos,0,44.109320,-60.070120,2129,40758,111,101,,,,,,
260378,260378,UT,15:25:06 22-Jul-2024,Argos,A,44.119170,-60.142940,4086,16250,1027,146,,,,,,
260378,260378,UT,15:43:14 22-Jul-2024,Argos,0,44.103210,-60.052100,2156,3223,1441,91,,,,,,
260378,260378,UT,15:47:16 22-Jul-2024,Argos,A,44.112750,-60.048140,1557,2793,868,70,,,,,,
260378,260378,UT,23:26:56 22-Jul-2024,Argos,B,44.276400,-59.920310,8575,15520,4737,90,,,,,,
260378,260378,UT,23:52:06 22-Jul-2024,Argos,B,44.150210,-59.934780,4086,79744,209,92,,,,,,
260378,260378,UT,00:12:20 23-Jul-2024,Argos,B,44.149500,-59.980590,1869,10384,336,94,,,,,,
260378,260378,UT,00:57:12 23-Jul-2024,Argos,B,44.162450,-59.998030,2007,6450,624,97,,,,,,
260378,260378,UT,01:06:51 23-Jul-2024,Argos,B,44.128160,-60.095120,1224,14368,104,78,,,,,,
260378,260378,UT,01:18:30 23-Jul-2024,Argos,B,44.131790,-60.106740,1349,2849,638,80,,,,,,
260378,260378,UT,01:42:11 23-Jul-2024,Argos,B,44.087480,-60.220130,8787,14561,5303,97,,,,,,
260378,260378,UT,02:34:59 23-Jul-2024,Argos,B,44.147720,-60.279110,10637,331051,341,81,,,,,,
260378,260378,UT,12:00:06 23-Jul-2024,Argos,B,44.492340,-60.746790,3514,5759,2144,108,,,,,,
260378,260378,UT,13:17:59 23-Jul-2024,Argos,B,44.239300,-60.787520,3849,7957,1861,82,,,,,,
260378,260378,UT,13:24:58 23-Jul-2024,Argos,B,44.215730,-60.485030,29241,466120,1834,105,,,,,,
260378,260378,UT,13:55:33 23-Jul-2024,Argos,B,44.170460,-60.309890,8073,45107,1444,101,,,,,,
260378,260378,UT,14:09:16 23-Jul-2024,Argos,B,44.087090,-60.054690,3138,27245,361,68,,,,,,
260378,260378,UT,14:10:35 23-Jul-2024,Argos,0,44.118690,-60.240320,7550,80675,706,98,,,,,,
260378,260378,UT,14:56:20 23-Jul-2024,Argos,B,43.974360,-60.162630,21773,52649,9004,85,,,,,,
260378,260378,UT,14:56:20 23-Jul-2024,Argos,B,44.031630,-60.291880,19960,44631,8926,112,,,,,,
260378,260378,UT,15:37:43 23-Jul-2024,Argos,B,44.010070,-60.256340,17595,28099,11017,107,,,,,,
260378,260378,UT,21:39:42 23-Jul-2024,Argos,A,44.037780,-60.191180,857,5394,136,20,,,,,,
260378,260378,UT,22:02:18 23-Jul-2024,Argos,2,44.139410,-60.148200,393,657,235,84,,,,,,
260378,260378,UT,22:10:00 23-Jul-2024,Argos,B,44.130580,-60.151630,656,6284,68,120,,,,,,
260378,260378,UT,22:13:36 23-Jul-2024,Argos,A,44.121980,-60.166220,1558,4686,517,49,,,,,,
260378,260378,UT,23:07:11 23-Jul-2024,Argos,A,44.179910,-60.180700,5908,18061,1932,168,,,,,,
260378,260378,UT,23:38:49 23-Jul-2024,Argos,B,44.173550,-60.170950,5523,65369,466,59,,,,,,
260378,260378,UT,23:39:36 23-Jul-2024,Argos,A,44.153250,-60.110480,3937,5997,2584,53,,,,,,
260378,260378,UT,23:44:08 23-Jul-2024,Argos,A,44.132810,-60.057470,5727,12217,2684,50,,,,,,
260378,260378,UT,23:55:37 23-Jul-2024,Argos,0,44.132350,-60.144110,5438,39455,749,78,,,,,,
260378,260378,UT,23:58:02 23-Jul-2024,Argos,A,44.128940,-60.152380,3598,21451,603,82,,,,,,
260378,260378,UT,00:45:35 24-Jul-2024,Argos,B,44.137790,-60.156500,6538,12956,3299,51,,,,,,
260378,260378,UT,00:45:58 24-Jul-2024,Argos,2,44.134060,-60.162440,284,1507,53,79,,,,,,
260378,260378,UT,02:06:42 24-Jul-2024,Argos,B,44.122290,-60.155610,2005,2933,1370,90,,,,,,
260378,260378,UT,12:00:41 24-Jul-2024,Argos,B,44.035240,-60.159370,3266,13209,807,99,,,,,,
260378,260378,UT,12:08:09 24-Jul-2024,Argos,0,44.153990,-60.195310,6984,132232,368,98,,,,,,
260378,260378,UT,13:03:24 24-Jul-2024,Argos,B,44.077350,-60.238940,2154,34691,133,57,,,,,,
260378,260378,UT,13:41:21 24-Jul-2024,Argos,0,44.138880,-60.169670,2197,22691,212,100,,,,,,
260378,260378,UT,13:43:36 24-Jul-2024,Argos,B,44.153790,-60.202120,1253,4663,336,98,,,,,,
260378,260378,UT,13:49:09 24-Jul-2024,Argos,A,44.154580,-60.190160,1619,14558,180,95,,,,,,
260378,260378,UT,14:41:15 24-Jul-2024,Argos,B,44.127100,-60.160480,2656,51218,137,84,,,,,,
260378,260378,UT,14:41:15 24-Jul-2024,Argos,A,44.129830,-60.143300,288,775,107,101,,,,,,
260378,260378,UT,15:51:00 24-Jul-2024,Argos,A,44.135700,-60.157660,252,659,96,86,,,,,,
260378,260378,UT,16:31:15 24-Jul-2024,Argos,B,44.142670,-60.151220,864,1244,600,89,,,,,,
260378,260378,UT,21:31:10 24-Jul-2024,Argos,2,44.111980,-60.179520,323,881,118,56,,,,,,
260378,260378,UT,21:45:45 24-Jul-2024,Argos,A,44.113850,-60.086960,471,1283,172,45,,,,,,
260378,260378,UT,21:50:36 24-Jul-2024,Argos,B,44.114700,-60.086350,1817,2584,1278,74,,,,,,
260378,260378,UT,22:52:18 24-Jul-2024,Argos,B,44.121170,-60.078960,5737,7799,4219,85,,,,,,
260378,260378,UT,23:11:41 24-Jul-2024,Argos,B,44.127410,-60.082040,3601,5915,2191,76,,,,,,
260378,260378,UT,23:21:22 24-Jul-2024,Argos,B,44.126630,-60.083020,1278,2034,802,76,,,,,,
260378,260378,UT,23:26:01 24-Jul-2024,Argos,B,44.135280,-60.087630,1193,2476,574,72,,,,,,
260378,260378,UT,00:25:43 25-Jul-2024,Argos,B,44.154890,-60.092660,1169,9195,148,83,,,,,,
260378,260378,UT,00:35:35 25-Jul-2024,Argos,B,44.155710,-60.105940,1149,4744,278,82,,,,,,
260378,260378,UT,00:49:21 25-Jul-2024,Argos,B,44.146080,-60.108620,1250,3968,393,82,,,,,,
260378,260378,UT,01:14:12 25-Jul-2024,Argos,1,44.134410,-60.161260,523,938,291,88,,,,,,
260378,260378,UT,01:16:29 25-Jul-2024,Argos,A,44.131510,-60.151580,347,975,123,73,,,,,,
260378,260378,UT,02:09:12 25-Jul-2024,Argos,B,44.135850,-60.150150,2263,3466,1476,91,,,,,,
260378,260378,UT,11:41:42 25-Jul-2024,Argos,B,44.152800,-60.138850,1708,18103,161,74,,,,,,
260378,260378,UT,11:53:47 25-Jul-2024,Argos,B,44.151140,-60.151920,1284,5508,299,74,,,,,,
260378,260378,UT,13:28:02 25-Jul-2024,Argos,A,44.152450,-60.197250,267,2697,26,99,,,,,,
260378,260378,UT,13:32:45 25-Jul-2024,Argos,B,44.152750,-60.198500,760,1644,351,97,,,,,,
260378,260378,UT,14:21:27 25-Jul-2024,Argos,1,44.099060,-60.145490,1175,2291,601,110,,,,,,
260378,260378,UT,14:34:26 25-Jul-2024,Argos,B,44.101720,-60.146940,2185,14631,326,65,,,,,,
260378,260378,UT,21:54:45 25-Jul-2024,Argos,B,44.081460,-60.077390,12669,28292,5673,87,,,,,,
260378,260378,UT,22:26:58 25-Jul-2024,Argos,B,44.078880,-60.076980,3158,6666,1495,106,,,,,,
260378,260378,UT,22:43:06 25-Jul-2024,Argos,B,44.101610,-60.110780,1536,5101,462,179,,,,,,
260378,260378,UT,22:55:01 25-Jul-2024,Argos,0,44.120380,-60.103260,3118,25710,378,114,,,,,,
260378,260378,UT,23:00:36 25-Jul-2024,Argos,0,44.120680,-60.125680,2300,7553,700,75,,,,,,
260378,260378,UT,00:08:00 26-Jul-2024,Argos,B,44.131210,-60.130430,8962,166295,483,78,,,,,,
260378,260378,UT,00:16:51 26-Jul-2024,Argos,B,44.129510,-60.132870,8749,34665,2208,79,,,,,,
260378,260378,UT,00:58:57 26-Jul-2024,Argos,3,44.124070,-60.113470,157,681,36,74,,,,,,
260378,260378,UT,01:46:30 26-Jul-2024,Argos,3,44.125060,-60.098090,230,576,92,58,,,,,,
260378,260378,UT,02:02:54 26-Jul-2024,Argos,1,44.129820,-60.083260,970,12592,74,78,,,,,,
260378,260378,UT,02:17:25 26-Jul-2024,Argos,2,44.133540,-60.085270,301,428,211,74,,,,,,
260378,260378,UT,02:43:55 26-Jul-2024,Argos,B,44.131150,-60.078310,2211,3127,1562,90,,,,,,
260378,260378,UT,12:55:30 26-Jul-2024,Argos,A,44.066310,-59.997590,282,818,96,158,,,,,,
260378,260378,UT,14:01:32 26-Jul-2024,Argos,B,44.124970,-59.973810,1295,15742,106,96,,,,,,
260378,260378,UT,14:17:36 26-Jul-2024,Argos,B,44.128770,-59.972550,1261,3788,419,95,,,,,,
260378,260378,UT,14:45:16 26-Jul-2024,Argos,B,44.128050,-60.020830,2000,8028,498,96,,,,,,
260378,260378,UT,15:42:44 26-Jul-2024,Argos,B,44.124450,-60.007410,2221,6894,715,95,,,,,,
260378,260378,UT,15:57:33 26-Jul-2024,Argos,A,44.108140,-60.048790,100,144,69,99,,,,,,
260378,260378,UT,16:00:51 26-Jul-2024,Argos,B,44.106010,-60.058810,259,534,125,155,,,,,,
260378,260378,UT,22:07:27 26-Jul-2024,Argos,0,44.117540,-60.012190,1780,3976,796,117,,,,,,
260378,260378,UT,22:30:46 26-Jul-2024,Argos,A,44.113380,-60.037800,871,5434,139,96,,,,,,
260378,260378,UT,22:37:06 26-Jul-2024,Argos,A,44.102800,-60.042930,529,4742,59,75,,,,,,
260378,260378,UT,23:05:55 26-Jul-2024,Argos,A,44.106480,-60.024890,424,844,213,102,,,,,,
260378,260378,UT,23:41:39 26-Jul-2024,Argos,B,44.107380,-60.030320,591,3290,106,13,,,,,,
260378,260378,UT,23:45:29 26-Jul-2024,Argos,A,44.110380,-60.030250,131,167,101,86,,,,,,
260378,260378,UT,00:00:50 27-Jul-2024,Argos,B,44.111050,-60.035870,396,1453,107,15,,,,,,
260378,260378,UT,00:09:02 27-Jul-2024,Argos,B,44.110690,-60.035790,539,663,437,33,,,,,,
260378,260378,UT,00:19:58 27-Jul-2024,Argos,0,44.111850,-59.992730,8113,52449,1254,75,,,,,,
260378,260378,UT,00:29:59 27-Jul-2024,Argos,B,44.110490,-60.035210,588,7261,47,60,,,,,,
260378,260378,UT,00:44:26 27-Jul-2024,Argos,A,44.121410,-59.998100,390,2810,54,79,,,,,,
260378,260378,UT,12:31:21 27-Jul-2024,Argos,A,44.135870,-60.119090,117,145,93,103,,,,,,
260378,260378,UT,13:11:10 27-Jul-2024,Argos,B,44.136290,-60.115320,1214,1688,873,92,,,,,,
260378,260378,UT,13:41:09 27-Jul-2024,Argos,A,44.099810,-60.115470,120,322,44,83,,,,,,
260378,260378,UT,14:10:05 27-Jul-2024,Argos,B,44.100480,-60.115630,726,1083,486,90,,,,,,
260378,260378,UT,14:29:27 27-Jul-2024,Argos,A,44.080570,-60.088800,116,296,45,92,,,,,,
260378,260378,UT,14:44:16 27-Jul-2024,Argos,B,44.080670,-60.086080,540,766,379,90,,,,,,
260378,260378,UT,15:09:07 27-Jul-2024,Argos,A,44.084470,-60.045740,140,159,122,90,,,,,,
260378,260378,UT,15:20:11 27-Jul-2024,Argos,A,44.083200,-59.979300,641,1605,256,10,,,,,,
260378,260378,UT,15:46:57 27-Jul-2024,Argos,1,44.028160,-60.111560,531,1101,256,93,,,,,,
260378,260378,UT,16:49:59 27-Jul-2024,Argos,0,43.976970,-60.139260,1682,13731,206,100,,,,,,
260378,260378,UT,21:35:01 27-Jul-2024,Argos,2,43.976640,-60.158730,293,454,189,100,,,,,,
260378,260378,UT,22:03:28 27-Jul-2024,Argos,3,43.974480,-60.163750,99,177,54,104,,,,,,
260378,260378,UT,22:06:30 27-Jul-2024,Argos,3,43.971360,-60.179270,194,323,116,76,,,,,,
260378,260378,UT,22:53:55 27-Jul-2024,Argos,3,43.970030,-60.170210,212,428,105,126,,,,,,
260378,260378,UT,23:16:20 27-Jul-2024,Argos,3,43.974220,-60.159740,231,471,113,129,,,,,,
260378,260378,UT,23:26:09 27-Jul-2024,Argos,1,43.973950,-60.167270,507,1740,147,93,,,,,,
260378,260378,UT,23:35:08 27-Jul-2024,Argos,B,43.973900,-60.167320,731,1200,444,92,,,,,,
260378,260378,UT,23:56:11 27-Jul-2024,Argos,3,43.972760,-60.161000,213,662,68,62,,,,,,
260378,260378,UT,00:33:42 28-Jul-2024,Argos,2,43.972770,-60.168110,366,1772,75,79,,,,,,
260378,260378,UT,01:02:53 28-Jul-2024,Argos,2,43.985060,-60.147320,251,1809,34,86,,,,,,
260378,260378,UT,01:37:20 28-Jul-2024,Argos,3,43.973210,-60.168070,136,293,63,83,,,,,,
260378,260378,UT,02:15:34 28-Jul-2024,Argos,2,43.970690,-60.157190,464,1121,192,53,,,,,,
260378,260378,UT,02:26:06 28-Jul-2024,Argos,3,43.974110,-60.165270,125,186,83,90,,,,,,
260378,260378,UT,02:47:10 28-Jul-2024,Argos,A,43.979560,-60.159800,700,1214,403,17,,,,,,
260378,260378,UT,12:10:57 28-Jul-2024,Argos,0,43.983380,-60.201930,1817,32493,101,104,,,,,,
260378,260378,UT,12:51:51 28-Jul-2024,Argos,2,43.974330,-60.148950,253,435,146,106,,,,,,
260378,260378,UT,13:17:58 28-Jul-2024,Argos,3,43.976590,-60.170730,187,407,86,112,,,,,,
260378,260378,UT,13:39:48 28-Jul-2024,Argos,B,43.973210,-60.165440,828,2217,309,93,,,,,,
260378,260378,UT,13:39:48 28-Jul-2024,Argos,1,43.975140,-60.150150,1051,4333,255,90,,,,,,
260378,260378,UT,13:54:49 28-Jul-2024,Argos,A,43.986240,-60.179860,250,439,142,66,,,,,,
260378,260378,UT,14:04:29 28-Jul-2024,Argos,1,43.977720,-60.170160,503,3120,81,103,,,,,,
260378,260378,UT,14:34:02 28-Jul-2024,Argos,2,43.973060,-60.168140,438,1992,96,92,,,,,,
260378,260378,UT,14:55:53 28-Jul-2024,Argos,2,43.969570,-60.149910,336,602,187,100,,,,,,
260378,260378,UT,15:31:00 28-Jul-2024,Argos,2,43.969960,-60.159250,420,3609,48,101,,,,,,
260378,260378,UT,16:06:41 28-Jul-2024,Argos,1,43.969900,-60.150570,1051,2542,434,93,,,,,,
260378,260378,UT,16:15:16 28-Jul-2024,Argos,A,43.984490,-60.167890,3126,6382,1531,22,,,,,,
260378,260378,UT,21:03:22 28-Jul-2024,Argos,B,43.978290,-60.112170,8469,16065,4464,86,,,,,,
260378,260378,UT,21:30:20 28-Jul-2024,Argos,B,43.980040,-60.140960,7775,38582,1566,80,,,,,,
260378,260378,UT,21:40:45 28-Jul-2024,Argos,A,43.972430,-60.155110,245,1133,52,69,,,,,,
260378,260378,UT,21:44:27 28-Jul-2024,Argos,2,43.977220,-60.168650,420,557,316,58,,,,,,
260378,260378,UT,22:43:50 28-Jul-2024,Argos,A,43.970760,-60.160010,124,311,49,102,,,,,,
260378,260378,UT,23:13:51 28-Jul-2024,Argos,B,43.970450,-60.161310,718,1140,452,88,,,,,,
260378,260378,UT,23:24:08 28-Jul-2024,Argos,3,43.969240,-60.164360,139,293,65,88,,,,,,
260378,260378,UT,23:53:02 28-Jul-2024,Argos,B,43.972430,-60.163930,1018,1728,599,79,,,,,,
260378,260378,UT,00:16:53 29-Jul-2024,Argos,3,43.972130,-60.162800,195,627,60,76,,,,,,
260378,260378,UT,00:46:55 29-Jul-2024,Argos,B,43.972220,-60.164020,1080,9899,117,62,,,,,,
260378,260378,UT,01:26:24 29-Jul-2024,Argos,A,43.972090,-60.169310,263,1713,40,75,,,,,,
260378,260378,UT,01:30:06 29-Jul-2024,Argos,B,43.972110,-60.169490,372,809,171,78,,,,,,
260378,260378,UT,01:39:55 29-Jul-2024,Argos,2,43.975880,-60.168070,308,499,190,170,,,,,,
260378,260378,UT,02:03:16 29-Jul-2024,Argos,3,43.977530,-60.161430,220,467,103,43,,,,,,
260378,260378,UT,02:24:16 29-Jul-2024,Argos,B,43.977260,-60.163760,502,950,265,135,,,,,,
260378,260378,UT,11:14:11 29-Jul-2024,Argos,1,43.981370,-60.190630,658,1466,294,53,,,,,,
260378,260378,UT,11:37:48 29-Jul-2024,Argos,1,43.978440,-60.165310,960,3753,245,99,,,,,,
260378,260378,UT,12:37:33 29-Jul-2024,Argos,2,43.975080,-60.152820,424,555,323,118,,,,,,
260378,260378,UT,12:55:30 29-Jul-2024,Argos,2,43.979050,-60.188200,416,583,296,108,,,,,,
260378,260378,UT,13:18:45 29-Jul-2024,Argos,0,44.041930,-60.167930,5415,10829,2707,152,,,,,,
260378,260378,UT,13:39:35 29-Jul-2024,Argos,3,43.976180,-60.187250,162,224,117,68,,,,,,
260378,260378,UT,13:40:21 29-Jul-2024,Argos,1,43.981850,-60.193880,577,3710,89,99,,,,,,
260378,260378,UT,14:18:36 29-Jul-2024,Argos,2,43.976310,-60.159180,420,622,283,97,,,,,,
260378,260378,UT,14:34:56 29-Jul-2024,Argos,3,43.973470,-60.169050,149,357,62,100,,,,,,
260378,260378,UT,15:16:28 29-Jul-2024,Argos,2,43.980400,-60.178320,274,333,225,104,,,,,,
260378,260378,UT,15:19:12 29-Jul-2024,Argos,1,43.971010,-60.157160,933,14762,58,104,,,,,,
260378,260378,UT,15:30:32 29-Jul-2024,Argos,B,43.970440,-60.141760,3246,4854,2170,93,,,,,,
260378,260378,UT,22:14:06 29-Jul-2024,Argos,B,43.945280,-60.035400,15962,0,213,96,,,,,,
260378,260378,UT,22:35:36 29-Jul-2024,Argos,B,43.939810,-59.995670,3410,35143,330,96,,,,,,
260378,260378,UT,22:42:47 29-Jul-2024,Argos,A,43.921390,-59.848670,444,897,219,154,,,,,,
260378,260378,UT,22:48:09 29-Jul-2024,Argos,2,43.926730,-59.862390,410,1210,138,111,,,,,,
260378,260378,UT,23:05:10 29-Jul-2024,Argos,2,43.930130,-59.847070,387,2527,59,74,,,,,,
260378,260378,UT,23:31:35 29-Jul-2024,Argos,B,43.930260,-59.847690,1532,2221,1056,86,,,,,,
260378,260378,UT,00:29:54 30-Jul-2024,Argos,B,43.926980,-59.826920,2469,3587,1699,91,,,,,,
260378,260378,UT,01:09:36 30-Jul-2024,Argos,B,43.928610,-59.825240,2579,4812,1381,84,,,,,,
260378,260378,UT,01:09:36 30-Jul-2024,Argos,B,43.925280,-59.812750,1396,2530,770,78,,,,,,
260378,260378,UT,01:48:08 30-Jul-2024,Argos,A,43.944650,-59.726380,314,556,177,91,,,,,,
260378,260378,UT,02:08:55 30-Jul-2024,Argos,B,43.955570,-59.732940,877,5804,132,72,,,,,,
260378,260378,UT,02:32:28 30-Jul-2024,Argos,A,43.964020,-59.728930,113,220,57,88,,,,,,
260378,260378,UT,02:52:47 30-Jul-2024,Argos,B,43.969050,-59.712510,611,903,412,88,,,,,,
260378,260378,UT,12:43:38 30-Jul-2024,Argos,B,44.006770,-59.254470,3050,4995,1861,105,,,,,,
260378,260378,UT,12:51:18 30-Jul-2024,Argos,B,44.147490,-59.657740,3645,103167,128,51,,,,,,
260378,260378,UT,13:26:20 30-Jul-2024,Argos,A,44.125260,-59.864770,1075,6209,186,74,,,,,,
260378,260378,UT,13:29:43 30-Jul-2024,Argos,B,44.048110,-59.402790,1389,16086,120,118,,,,,,
260378,260378,UT,16:12:54 30-Jul-2024,Argos,A,44.126420,-59.758530,3925,14865,1036,101,,,,,,
260378,260378,UT,21:44:30 30-Jul-2024,Argos,A,44.125990,-59.872640,116,213,63,71,,,,,,
260378,260378,UT,21:46:25 30-Jul-2024,Argos,B,44.083510,-59.900960,2078,5704,757,102,,,,,,
260378,260378,UT,22:33:14 30-Jul-2024,Argos,A,44.080220,-59.832840,3156,36217,275,79,,,,,,
260378,260378,UT,23:19:08 30-Jul-2024,Argos,B,44.080970,-59.809650,2519,3853,1646,95,,,,,,
260378,260378,UT,23:54:00 30-Jul-2024,Argos,B,44.079290,-59.795200,2377,3460,1632,94,,,,,,
260378,260378,UT,23:54:00 30-Jul-2024,Argos,B,44.091470,-59.800430,740,12941,42,65,,,,,,
260378,260378,UT,00:57:01 31-Jul-2024,Argos,A,44.097910,-59.736710,163,468,56,97,,,,,,
260378,260378,UT,01:40:36 31-Jul-2024,Argos,B,44.092410,-59.711450,879,1363,566,92,,,,,,
260378,260378,UT,01:40:45 31-Jul-2024,Argos,1,44.075670,-59.756640,638,1234,329,99,,,,,,
260378,260378,UT,01:47:46 31-Jul-2024,Argos,B,44.079510,-59.724600,1329,2376,743,156,,,,,,
260378,260378,UT,13:56:01 31-Jul-2024,Argos,B,44.022170,-59.748470,10579,324604,344,104,,,,,,
260378,260378,UT,13:56:48 31-Jul-2024,Argos,A,43.979560,-59.155520,64252,0,1426,102,,,,,,
260378,260378,UT,14:47:56 31-Jul-2024,Argos,B,43.992140,-59.142460,113942,320944,40451,99,,,,,,
260378,260378,UT,15:28:25 31-Jul-2024,Argos,A,44.177950,-59.783900,12353,40055,3809,91,,,,,,
260378,260378,UT,15:36:23 31-Jul-2024,Argos,B,43.809210,-59.437390,32559,307937,3442,141,,,,,,
260378,260378,UT,15:36:23 31-Jul-2024,Argos,0,44.130190,-59.786370,5498,6717,4500,50,,,,,,
260378,260378,UT,21:58:09 31-Jul-2024,Argos,3,43.964610,-59.791120,222,259,189,50,,,,,,
260378,260378,UT,22:07:06 31-Jul-2024,Argos,3,43.962010,-59.792770,232,602,89,77,,,,,,
260378,260378,UT,22:48:58 31-Jul-2024,Argos,3,43.954910,-59.807340,175,446,68,102,,,,,,
260378,260378,UT,23:44:34 31-Jul-2024,Argos,B,43.957720,-59.820980,1153,6708,198,87,,,,,,
260378,260378,UT,23:46:48 31-Jul-2024,Argos,3,43.953280,-59.802590,221,424,114,121,,,,,,
260378,260378,UT,23:49:02 31-Jul-2024,Argos,A,43.954350,-59.806550,439,3242,59,77,,,,,,
260378,260378,UT,00:26:39 01-Aug-2024,Argos,B,43.955410,-59.816690,937,1568,560,85,,,,,,
260378,260378,UT,00:49:15 01-Aug-2024,Argos,B,43.954510,-59.810480,1144,1828,715,85,,,,,,
260378,260378,UT,01:21:20 01-Aug-2024,Argos,3,43.956150,-59.805380,99,206,47,94,,,,,,
260378,260378,UT,01:24:22 01-Aug-2024,Argos,3,43.957180,-59.806380,106,178,63,117,,,,,,
260378,260378,UT,02:26:01 01-Aug-2024,Argos,3,43.956160,-59.806530,106,267,42,90,,,,,,
260378,260378,UT,02:41:02 01-Aug-2024,Argos,3,43.954200,-59.806280,223,350,141,105,,,,,,
260378,260378,UT,12:01:00 01-Aug-2024,Argos,2,43.956730,-59.813850,251,1761,35,103,,,,,,
260378,260378,UT,13:36:02 01-Aug-2024,Argos,2,43.953660,-59.798790,464,643,334,83,,,,,,
260378,260378,UT,13:42:08 01-Aug-2024,Argos,2,43.956250,-59.800570,480,3104,74,102,,,,,,
260378,260378,UT,14:28:38 01-Aug-2024,Argos,B,43.957260,-59.795890,3979,5703,2776,89,,,,,,
260378,260378,UT,14:43:39 01-Aug-2024,Argos,2,43.954560,-59.800130,370,993,137,104,,,,,,
260378,260378,UT,15:18:21 01-Aug-2024,Argos,A,43.951660,-59.808620,915,2132,392,158,,,,,,
260378,260378,UT,16:21:27 01-Aug-2024,Argos,3,43.956460,-59.809940,108,483,24,98,,,,,,
260378,260378,UT,16:25:56 01-Aug-2024,Argos,A,43.951950,-59.800770,168,307,91,58,,,,,,
260378,260378,UT,21:42:09 01-Aug-2024,Argos,A,43.953610,-59.809430,281,535,147,143,,,,,,
260378,260378,UT,22:19:34 01-Aug-2024,Argos,3,43.956220,-59.814210,235,1326,41,101,,,,,,
260378,260378,UT,23:03:06 01-Aug-2024,Argos,3,43.953680,-59.804780,96,197,46,90,,,,,,
260378,260378,UT,23:21:13 01-Aug-2024,Argos,A,43.953840,-59.804220,257,573,114,131,,,,,,
260378,260378,UT,23:22:13 01-Aug-2024,Argos,A,43.954360,-59.801810,111,270,45,69,,,,,,
260378,260378,UT,23:35:32 01-Aug-2024,Argos,3,43.954560,-59.805780,172,475,62,102,,,,,,
260378,260378,UT,23:57:26 01-Aug-2024,Argos,B,43.953990,-59.805760,655,965,444,92,,,,,,
260378,260378,UT,01:00:25 02-Aug-2024,Argos,2,43.957010,-59.797570,273,2278,32,75,,,,,,
260378,260378,UT,01:13:12 02-Aug-2024,Argos,3,43.956200,-59.803120,153,351,66,80,,,,,,
260378,260378,UT,01:54:33 02-Aug-2024,Argos,B,43.956970,-59.800980,1051,1534,720,87,,,,,,
260378,260378,UT,02:13:14 02-Aug-2024,Argos,A,43.957640,-59.796080,258,1138,58,69,,,,,,
260378,260378,UT,11:33:56 02-Aug-2024,Argos,3,43.955340,-59.808120,116,398,33,100,,,,,,
260378,260378,UT,13:13:19 02-Aug-2024,Argos,B,43.953560,-59.803470,915,4808,174,67,,,,,,
260378,260378,UT,13:14:49 02-Aug-2024,Argos,3,43.954610,-59.807570,97,180,52,112,,,,,,
260378,260378,UT,13:30:31 02-Aug-2024,Argos,3,43.955800,-59.808440,104,359,30,104,,,,,,
260378,260378,UT,14:32:59 02-Aug-2024,Argos,A,43.957960,-59.805510,153,272,85,143,,,,,,
260378,260378,UT,14:56:14 02-Aug-2024,Argos,3,43.954160,-59.805720,111,165,74,118,,,,,,
260378,260378,UT,15:14:08 02-Aug-2024,Argos,A,43.955740,-59.810930,297,533,165,1,,,,,,
260378,260378,UT,15:36:43 02-Aug-2024,Argos,B,43.958240,-59.809600,694,899,534,92,,,,,,
260378,260378,UT,16:14:49 02-Aug-2024,Argos,3,43.955930,-59.807480,147,227,94,135,,,,,,
260378,260378,UT,21:23:59 02-Aug-2024,Argos,A,43.957040,-59.803290,185,485,70,121,,,,,,
260378,260378,UT,21:45:39 02-Aug-2024,Argos,3,43.955610,-59.810610,176,224,138,103,,,,,,
260378,260378,UT,22:40:36 02-Aug-2024,Argos,A,43.953290,-59.791710,350,8268,14,100,,,,,,
260378,260378,UT,22:55:34 02-Aug-2024,Argos,3,43.957500,-59.795470,231,1205,44,81,,,,,,
260378,260378,UT,23:22:32 02-Aug-2024,Argos,B,43.954630,-59.788710,908,1424,579,88,,,,,,
260378,260378,UT,23:26:16 02-Aug-2024,Argos,B,43.952930,-59.800200,558,2246,138,135,,,,,,
260378,260378,UT,00:39:00 03-Aug-2024,Argos,3,43.954440,-59.811730,131,523,32,74,,,,,,
260378,260378,UT,00:59:58 03-Aug-2024,Argos,3,43.956030,-59.802350,205,647,64,78,,,,,,
260378,260378,UT,02:03:31 03-Aug-2024,Argos,B,43.957340,-59.800770,1754,3149,977,82,,,,,,
260378,260378,UT,02:46:31 03-Aug-2024,Argos,B,43.957700,-59.800290,2037,3196,1298,86,,,,,,
260378,260378,UT,14:19:21 03-Aug-2024,Argos,B,43.992510,-59.803300,4649,8563,2523,76,,,,,,
260378,260378,UT,00:12:02 04-Aug-2024,Argos,B,43.977800,-59.813020,3798,11083,1301,92,,,,,,
260378,260378,UT,00:21:53 04-Aug-2024,Argos,3,43.955210,-59.808350,101,180,56,78,,,,,,
260378,260378,UT,00:48:04 04-Aug-2024,Argos,2,43.957230,-59.795640,414,5005,34,76,,,,,,
260378,260378,UT,02:03:34 04-Aug-2024,Argos,B,43.958510,-59.795160,1170,1814,754,80,,,,,,
260378,260378,UT,14:19:24 04-Aug-2024,Argos,B,43.950040,-59.794620,3328,6877,1610,86,,,,,,
260378,260378,UT,00:01:23 05-Aug-2024,Argos,B,43.958120,-59.779060,3886,7727,1954,107,,,,,,
260378,260378,UT,00:01:23 05-Aug-2024,Argos,A,43.953320,-59.812990,460,3819,55,80,,,,,,
260378,260378,UT,00:34:19 05-Aug-2024,Argos,3,43.953460,-59.814700,193,1699,22,78,,,,,,
260378,260378,UT,00:44:51 05-Aug-2024,Argos,B,43.953450,-59.815100,483,769,303,85,,,,,,
260378,260378,UT,00:26:47 06-Aug-2024,Argos,B,43.962810,-59.820680,3763,20812,680,72,,,,,,
260378,260378,UT,00:26:47 06-Aug-2024,Argos,3,43.955100,-59.808830,105,367,30,76,,,,,,
260378,260378,UT,01:20:19 06-Aug-2024,Argos,B,43.955770,-59.810100,904,1615,505,87,,,,,,
260378,260378,UT,13:36:10 06-Aug-2024,Argos,B,43.954470,-59.810060,2890,10653,784,101,,,,,,
260378,260378,UT,00:13:26 07-Aug-2024,Argos,3,43.954590,-59.808540,104,164,65,73,,,,,,
260378,260378,UT,00:57:05 07-Aug-2024,Argos,1,43.958290,-59.794150,553,5729,53,79,,,,,,
260378,260378,UT,00:00:30 08-Aug-2024,Argos,3,43.954820,-59.809020,113,137,93,93,,,,,,
260378,260378,UT,00:35:49 08-Aug-2024,Argos,3,43.954910,-59.808960,172,411,71,91,,,,,,
260378,260378,UT,00:59:47 08-Aug-2024,Argos,B,43.954600,-59.808760,698,1023,476,87,,,,,,
260378,260378,UT,00:14:46 09-Aug-2024,Argos,3,43.954520,-59.810490,108,178,65,79,,,,,,
260378,260378,UT,00:47:43 09-Aug-2024,Argos,B,43.955010,-59.810830,795,1147,550,86,,,,,,
260378,260378,UT,01:04:18 09-Aug-2024,Argos,B,43.955660,-59.809910,894,1460,547,86,,,,,,
260378,260378,UT,23:57:23 09-Aug-2024,Argos,3,43.954870,-59.806980,167,585,47,94,,,,,,
260378,260378,UT,00:41:08 10-Aug-2024,Argos,A,43.956110,-59.806950,644,16393,25,78,,,,,,
260378,260378,UT,11:27:10 10-Aug-2024,Argos,B,43.939300,-59.806960,2705,10159,720,88,,,,,,
260378,260378,UT,13:36:11 10-Aug-2024,Argos,B,43.953710,-59.781960,2838,9599,839,94,,,,,,
260378,260378,UT,00:22:20 11-Aug-2024,Argos,B,43.967970,-59.767400,2598,131827,51,72,,,,,,
260378,260378,UT,01:02:13 11-Aug-2024,Argos,A,43.957650,-59.798300,174,644,47,65,,,,,,
260378,260378,UT,14:20:41 11-Aug-2024,Argos,B,43.937510,-59.850800,3099,8132,1180,87,,,,,,
260378,260378,UT,00:03:25 12-Aug-2024,Argos,B,43.956950,-59.811900,1416,7088,282,170,,,,,,
260378,260378,UT,00:49:01 12-Aug-2024,Argos,2,43.956260,-59.800950,254,2533,25,80,,,,,,
260378,260378,UT,00:53:27 12-Aug-2024,Argos,1,43.958100,-59.798990,1134,15168,84,79,,,,,,
260378,260378,UT,00:32:17 13-Aug-2024,Argos,3,43.953990,-59.810840,110,460,26,81,,,,,,
260378,260378,UT,00:36:44 13-Aug-2024,Argos,3,43.953330,-59.812740,184,1054,32,82,,,,,,
260378,260378,UT,00:15:08 14-Aug-2024,Argos,3,43.955040,-59.808150,86,168,44,86,,,,,,
260378,260378,UT,00:15:53 14-Aug-2024,Argos,B,43.955030,-59.808170,147,221,96,88,,,,,,
260378,260378,UT,00:23:30 14-Aug-2024,Argos,3,43.953680,-59.812390,146,529,40,67,,,,,,
260378,260378,UT,00:53:26 14-Aug-2024,Argos,B,43.954980,-59.810380,1493,2128,1046,90,,,,,,
260378,260378,UT,00:58:43 14-Aug-2024,Argos,A,43.955170,-59.810920,493,5278,46,86,,,,,,
260378,260378,UT,11:26:51 14-Aug-2024,Argos,B,43.961150,-59.803700,2874,5350,1543,113,,,,,,
260378,260378,UT,23:54:52 14-Aug-2024,Argos,B,43.952120,-59.816490,2585,65137,102,86,,,,,,
260378,260378,UT,00:11:23 15-Aug-2024,Argos,3,43.953920,-59.811250,211,341,130,73,,,,,,
260378,260378,UT,00:27:11 15-Aug-2024,Argos,B,43.952100,-59.806600,644,1014,409,53,,,,,,
260378,260378,UT,00:39:50 15-Aug-2024,Argos,A,43.950980,-59.825130,907,5696,144,85,,,,,,
260378,260378,UT,14:18:42 15-Aug-2024,Argos,B,44.073720,-59.873610,12096,19876,7361,84,,,,,,
260378,260378,UT,23:56:27 15-Aug-2024,Argos,3,43.957410,-59.802120,200,310,129,133,,,,,,
260378,260378,UT,00:02:27 16-Aug-2024,Argos,3,43.954790,-59.811650,229,387,135,103,,,,,,
260378,260378,UT,00:23:28 16-Aug-2024,Argos,B,43.955900,-59.812550,1328,1844,955,90,,,,,,
260378,260378,UT,00:58:09 16-Aug-2024,Argos,A,43.955990,-59.810710,215,567,81,128,,,,,,
260378,260378,UT,02:45:57 16-Aug-2024,Argos,B,43.961400,-59.812070,1366,2092,891,94,,,,,,
260378,260378,UT,12:09:47 16-Aug-2024,Argos,B,44.007530,-59.787970,3197,4863,2101,106,,,,,,
260378,260378,UT,14:18:47 16-Aug-2024,Argos,B,44.042360,-59.863740,3343,3910,2856,100,,,,,,
260378,260378,UT,23:54:03 16-Aug-2024,Argos,B,43.950700,-59.829640,6290,82396,480,53,,,,,,
260378,260378,UT,00:02:13 17-Aug-2024,Argos,B,43.952280,-59.828340,6359,56577,714,53,,,,,,
260378,260378,UT,00:21:37 17-Aug-2024,Argos,B,43.952430,-59.831040,4323,17828,1048,56,,,,,,
260378,260378,UT,00:45:37 17-Aug-2024,Argos,A,43.951210,-59.809410,230,400,131,153,,,,,,
260378,260378,UT,00:49:22 17-Aug-2024,Argos,2,43.953860,-59.814410,446,3709,53,77,,,,,,
260378,260378,UT,02:02:35 17-Aug-2024,Argos,B,43.957700,-59.822540,2134,3326,1369,84,,,,,,
260378,260378,UT,21:08:30 17-Aug-2024,Argos,A,43.947850,-59.857750,1427,84452,24,83,,,,,,
260378,260378,UT,21:28:33 17-Aug-2024,Argos,0,43.955450,-59.783360,4147,29336,586,94,,,,,,
260378,260378,UT,22:12:57 17-Aug-2024,Argos,3,43.956050,-59.811870,118,509,27,100,,,,,,
260378,260378,UT,22:33:15 17-Aug-2024,Argos,A,43.955570,-59.810850,105,493,22,96,,,,,,
260378,260378,UT,23:08:24 17-Aug-2024,Argos,B,43.955130,-59.801910,517,1989,134,19,,,,,,
260378,260378,UT,00:32:15 18-Aug-2024,Argos,3,43.955470,-59.809340,119,297,47,87,,,,,,
260378,260378,UT,01:19:14 18-Aug-2024,Argos,B,43.956570,-59.814000,887,1416,555,91,,,,,,
260378,260378,UT,02:13:14 18-Aug-2024,Argos,B,43.958760,-59.802860,954,3733,243,147,,,,,,
260378,260378,UT,11:21:47 18-Aug-2024,Argos,B,43.953350,-59.832200,1802,61704,52,87,,,,,,
260378,260378,UT,12:59:32 18-Aug-2024,Argos,B,43.968190,-59.806830,2159,6655,700,90,,,,,,
260378,260378,UT,13:34:10 18-Aug-2024,Argos,B,43.982950,-59.828530,2230,9426,527,89,,,,,,
260378,260378,UT,13:37:09 18-Aug-2024,Argos,3,43.955040,-59.803190,234,738,74,103,,,,,,
260378,260378,UT,14:25:00 18-Aug-2024,Argos,3,43.955400,-59.805180,101,215,47,96,,,,,,
260378,260378,UT,14:34:01 18-Aug-2024,Argos,3,43.954820,-59.806730,112,195,64,118,,,,,,
260378,260378,UT,15:15:46 18-Aug-2024,Argos,B,43.958010,-59.806180,875,1196,640,93,,,,,,
260378,260378,UT,16:13:33 18-Aug-2024,Argos,A,43.952680,-59.808300,200,604,66,67,,,,,,
260378,260378,UT,16:36:39 18-Aug-2024,Argos,B,43.952930,-59.808450,497,4403,56,91,,,,,,
260378,260378,UT,21:38:53 18-Aug-2024,Argos,B,43.931200,-59.783380,1129,11152,114,135,,,,,,
260378,260378,UT,22:07:33 18-Aug-2024,Argos,B,43.930380,-59.780790,1154,29776,44,129,,,,,,
260378,260378,UT,22:41:58 18-Aug-2024,Argos,B,43.961020,-59.815390,1013,5009,204,69,,,,,,
260378,260378,UT,23:17:47 18-Aug-2024,Argos,A,43.954330,-59.803090,242,607,96,62,,,,,,
260378,260378,UT,00:11:18 19-Aug-2024,Argos,3,43.954980,-59.806650,119,288,49,97,,,,,,
260378,260378,UT,00:57:47 19-Aug-2024,Argos,B,43.957960,-59.811020,837,1527,458,85,,,,,,
260378,260378,UT,01:07:36 19-Aug-2024,Argos,A,43.954870,-59.803560,200,1049,38,69,,,,,,
260378,260378,UT,01:48:29 19-Aug-2024,Argos,A,43.955250,-59.803530,142,243,83,123,,,,,,
260378,260378,UT,02:00:50 19-Aug-2024,Argos,A,43.953630,-59.813370,549,3843,78,76,,,,,,
260378,260378,UT,10:56:14 19-Aug-2024,Argos,B,43.942480,-59.802050,3182,43781,231,151,,,,,,
260378,260378,UT,12:35:12 19-Aug-2024,Argos,A,43.953690,-59.806010,142,170,117,45,,,,,,
260378,260378,UT,13:24:36 19-Aug-2024,Argos,A,43.955300,-59.807390,134,243,73,69,,,,,,
260378,260378,UT,14:03:49 19-Aug-2024,Argos,1,43.950150,-59.783800,1264,22821,70,101,,,,,,
260378,260378,UT,15:04:35 19-Aug-2024,Argos,A,43.955280,-59.800240,561,1813,173,68,,,,,,
260378,260378,UT,15:51:16 19-Aug-2024,Argos,B,43.955940,-59.806310,600,2822,127,158,,,,,,
260378,260378,UT,16:03:16 19-Aug-2024,Argos,3,43.955680,-59.805580,171,355,82,131,,,,,,
260378,260378,UT,22:18:44 19-Aug-2024,Argos,A,43.953610,-59.811740,394,4431,35,77,,,,,,
260378,260378,UT,22:46:35 19-Aug-2024,Argos,3,43.952770,-59.802150,139,447,43,94,,,,,,
260378,260378,UT,23:50:29 19-Aug-2024,Argos,B,43.955170,-59.807060,724,4072,128,111,,,,,,
260378,260378,UT,23:56:29 19-Aug-2024,Argos,B,43.955270,-59.807190,794,2585,243,110,,,,,,
260378,260378,UT,12:09:47 20-Aug-2024,Argos,B,43.957160,-59.838950,2828,13151,608,98,,,,,,
260378,260378,UT,00:31:20 22-Aug-2024,Argos,A,43.955090,-59.810060,214,1122,40,93,,,,,,
260378,260378,UT,00:47:13 22-Aug-2024,Argos,A,43.953640,-59.812600,210,758,58,79,,,,,,
260378,260378,UT,00:15:28 23-Aug-2024,Argos,A,43.955550,-59.808100,160,367,69,51,,,,,,
260378,260378,UT,00:28:17 23-Aug-2024,Argos,B,43.955640,-59.808640,358,981,130,141,,,,,,
260378,260378,UT,14:18:27 23-Aug-2024,Argos,B,43.982350,-59.822750,3107,8874,1087,90,,,,,,
260378,260378,UT,23:53:43 23-Aug-2024,Argos,B,43.974160,-59.793410,1409,9360,212,27,,,,,,
260378,260378,UT,00:02:01 24-Aug-2024,Argos,3,43.954780,-59.808590,107,168,67,93,,,,,,
260378,260378,UT,00:07:11 24-Aug-2024,Argos,A,43.954270,-59.807300,152,275,84,117,,,,,,
260378,260378,UT,00:52:47 24-Aug-2024,Argos,B,43.955090,-59.808120,895,1334,600,85,,,,,,
260378,260378,UT,01:01:45 24-Aug-2024,Argos,B,43.955140,-59.807960,979,1427,670,87,,,,,,
260378,260378,UT,23:52:55 24-Aug-2024,Argos,B,43.945860,-59.807800,3941,10703,1451,59,,,,,,
260378,260378,UT,01:04:14 26-Aug-2024,Argos,A,43.956800,-59.806220,304,3031,30,86,,,,,,
260378,260378,UT,01:19:31 26-Aug-2024,Argos,B,43.956890,-59.806360,600,1126,319,87,,,,,,
260378,260378,UT,12:52:22 26-Aug-2024,Argos,B,43.940920,-59.834470,2932,6009,1430,118,,,,,,
260378,260378,UT,00:46:11 27-Aug-2024,Argos,B,43.951300,-59.836690,3030,216561,42,85,,,,,,
260378,260378,UT,01:06:32 27-Aug-2024,Argos,B,43.950850,-59.842450,3107,32665,295,84,,,,,,
260378,260378,UT,00:25:02 28-Aug-2024,Argos,3,43.954940,-59.808440,102,189,54,90,,,,,,
260378,260378,UT,00:52:46 28-Aug-2024,Argos,3,43.957300,-59.799240,172,926,31,79,,,,,,
260378,260378,UT,00:43:02 29-Aug-2024,Argos,A,43.953790,-59.812360,374,3362,41,77,,,,,,
260378,260378,UT,00:31:05 30-Aug-2024,Argos,3,43.954220,-59.808680,130,524,32,83,,,,,,
260378,260378,UT,01:20:52 30-Aug-2024,Argos,B,43.954260,-59.808900,956,1349,677,86,,,,,,
260378,260378,UT,00:18:04 31-Aug-2024,Argos,A,43.953720,-59.807830,133,239,73,99,,,,,,
260378,260378,UT,01:03:54 31-Aug-2024,Argos,A,43.953400,-59.812050,569,12448,26,79,,,,,,
260378,260378,UT,14:18:02 31-Aug-2024,Argos,B,43.950770,-59.836070,2883,12617,658,106,,,,,,
260378,260378,UT,00:04:37 01-Sep-2024,Argos,3,43.954980,-59.807220,134,437,41,92,,,,,,
260378,260378,UT,00:43:40 01-Sep-2024,Argos,A,43.954880,-59.808450,166,505,54,93,,,,,,
260378,260378,UT,01:01:46 01-Sep-2024,Argos,B,43.954950,-59.808890,597,866,411,88,,,,,,
260378,260378,UT,23:53:14 01-Sep-2024,Argos,A,43.954980,-59.807400,179,675,47,89,,,,,,
260378,260378,UT,00:22:32 02-Sep-2024,Argos,A,43.954990,-59.809150,122,146,101,112,,,,,,
260378,260378,UT,02:02:06 02-Sep-2024,Argos,B,43.958640,-59.809010,1260,2106,754,90,,,,,,
260378,260378,UT,14:17:57 02-Sep-2024,Argos,B,43.944330,-59.813350,2946,12213,710,97,,,,,,
260378,260378,UT,00:00:43 03-Sep-2024,Argos,A,43.955130,-59.808640,212,573,78,113,,,,,,
260378,260378,UT,01:19:02 03-Sep-2024,Argos,B,43.955810,-59.809200,1179,1688,823,84,,,,,,
260378,260378,UT,01:18:25 04-Sep-2024,Argos,B,43.954380,-59.808020,4078,12028,1382,67,,,,,,
260378,260378,UT,02:01:26 04-Sep-2024,Argos,B,43.957310,-59.804440,3281,7277,1479,74,,,,,,
260378,260378,UT,00:56:04 05-Sep-2024,Argos,B,43.953250,-59.786500,2398,60605,94,100,,,,,,
260378,260378,UT,00:56:48 05-Sep-2024,Argos,1,43.957470,-59.795250,721,7837,66,81,,,,,,
260378,260378,UT,00:40:07 06-Sep-2024,Argos,B,43.957260,-59.794930,7647,27263,2144,66,,,,,,
260378,260378,UT,00:46:09 06-Sep-2024,Argos,A,43.961200,-59.775060,1778,110095,28,77,,,,,,
260378,260378,UT,00:19:11 07-Sep-2024,Argos,A,43.953940,-59.808460,126,148,107,118,,,,,,
260378,260378,UT,00:33:19 07-Sep-2024,Argos,A,43.953860,-59.809620,178,880,36,87,,,,,,
260378,260378,UT,23:58:09 07-Sep-2024,Argos,B,43.973400,-59.811980,3832,13542,1084,66,,,,,,
260378,260378,UT,00:21:20 08-Sep-2024,Argos,B,43.947110,-59.825980,3326,160128,69,71,,,,,,
260378,260378,UT,00:05:41 09-Sep-2024,Argos,B,43.957130,-59.821940,4809,23999,963,89,,,,,,
260378,260378,UT,00:23:44 09-Sep-2024,Argos,B,43.955950,-59.813350,2819,8003,992,80,,,,,,
260378,260378,UT,00:56:34 10-Sep-2024,Argos,B,43.953280,-59.804020,4425,302123,64,78,,,,,,
260378,260378,UT,11:25:20 10-Sep-2024,Argos,B,43.946640,-59.813510,4695,32414,680,88,,,,,,
260378,260378,UT,00:32:35 11-Sep-2024,Argos,B,43.948970,-59.853020,4250,300578,60,80,,,,,,
260378,260378,UT,01:20:04 11-Sep-2024,Argos,B,43.953660,-59.822950,2457,11945,505,78,,,,,,
260378,260378,UT,12:51:25 11-Sep-2024,Argos,B,43.924080,-59.715730,3660,11655,1149,89,,,,,,
260378,260378,UT,00:01:00 12-Sep-2024,Argos,B,43.944460,-59.622970,5365,26329,1093,89,,,,,,
260378,260378,UT,00:15:56 12-Sep-2024,Argos,B,43.977450,-59.709260,4060,219530,75,76,,,,,,
260378,260378,UT,00:59:18 12-Sep-2024,Argos,B,43.967200,-59.748440,4086,36080,462,77,,,,,,
260378,260378,UT,02:01:26 12-Sep-2024,Argos,B,43.960970,-59.765200,3473,19083,632,82,,,,,,
260378,260378,UT,23:54:49 12-Sep-2024,Argos,B,43.940880,-59.814980,2235,44216,113,22,,,,,,
260378,260378,UT,00:55:31 13-Sep-2024,Argos,3,43.955180,-59.802980,149,877,25,80,,,,,,
260378,260378,UT,00:42:51 14-Sep-2024,Argos,1,43.950430,-59.831750,556,8842,35,80,,,,,,
260378,260378,UT,00:32:21 15-Sep-2024,Argos,3,43.954390,-59.809290,134,429,41,74,,,,,,
260378,260378,UT,00:54:07 15-Sep-2024,Argos,A,43.955070,-59.810400,464,7570,28,78,,,,,,
260378,260378,UT,12:51:13 15-Sep-2024,Argos,B,43.932800,-59.793150,2985,7527,1183,80,,,,,,
260378,260378,UT,23:58:26 15-Sep-2024,Argos,B,43.935140,-59.811280,1505,9197,246,24,,,,,,
260378,260378,UT,00:18:31 16-Sep-2024,Argos,3,43.954750,-59.807950,94,240,37,85,,,,,,
260378,260378,UT,00:33:32 16-Sep-2024,Argos,A,43.954230,-59.806230,128,244,67,103,,,,,,
260378,260378,UT,12:07:54 16-Sep-2024,Argos,B,43.937680,-59.831680,3236,4797,2182,109,,,,,,
260378,260378,UT,00:09:32 17-Sep-2024,Argos,3,43.955740,-59.807060,101,221,45,93,,,,,,
260378,260378,UT,00:09:33 17-Sep-2024,Argos,3,43.955750,-59.807990,79,186,33,91,,,,,,
260378,260378,UT,00:56:05 17-Sep-2024,Argos,B,43.955900,-59.807830,896,1329,604,84,,,,,,
260378,260378,UT,00:59:09 17-Sep-2024,Argos,B,43.955840,-59.807920,927,1366,628,85,,,,,,
260378,260378,UT,02:44:07 17-Sep-2024,Argos,B,43.956240,-59.806710,1659,2281,1205,88,,,,,,
260378,260378,UT,23:51:36 17-Sep-2024,Argos,A,43.955200,-59.797470,508,3993,64,82,,,,,,
260378,260378,UT,23:58:25 17-Sep-2024,Argos,3,43.954730,-59.806680,162,409,64,99,,,,,,
260378,260378,UT,00:45:34 18-Sep-2024,Argos,B,43.955130,-59.806420,925,1365,626,89,,,,,,
260378,260378,UT,00:16:19 19-Sep-2024,Argos,A,43.955780,-59.808250,137,553,34,85,,,,,,
260378,260378,UT,23:57:27 19-Sep-2024,Argos,B,43.964510,-59.797900,4170,9135,1903,111,,,,,,
260378,260378,UT,00:51:19 20-Sep-2024,Argos,A,43.954050,-59.811350,294,3213,26,79,,,,,,
260378,260378,UT,02:00:53 20-Sep-2024,Argos,B,43.954390,-59.811240,1106,1868,654,85,,,,,,
260378,260378,UT,12:07:43 20-Sep-2024,Argos,B,43.950900,-59.812250,2672,10695,667,96,,,,,,
260378,260378,UT,00:29:27 21-Sep-2024,Argos,3,43.955290,-59.809230,154,495,47,84,,,,,,
260378,260378,UT,00:58:42 21-Sep-2024,Argos,B,43.954550,-59.808750,627,10579,37,73,,,,,,
260378,260378,UT,00:08:26 22-Sep-2024,Argos,3,43.953800,-59.806140,118,195,71,107,,,,,,
260378,260378,UT,00:44:55 22-Sep-2024,Argos,2,43.953920,-59.812970,412,6273,27,78,,,,,,
260378,260378,UT,00:52:32 22-Sep-2024,Argos,B,43.953840,-59.812960,556,1374,225,80,,,,,,
260378,260378,UT,02:43:34 22-Sep-2024,Argos,B,43.953050,-59.818320,1483,2103,1046,81,,,,,,
260378,260378,UT,00:33:43 23-Sep-2024,Argos,A,43.954800,-59.809730,145,372,56,86,,,,,,
260378,260378,UT,23:51:16 23-Sep-2024,Argos,B,43.952430,-59.809840,3861,14483,1029,92,,,,,,
260378,260378,UT,00:22:02 24-Sep-2024,Argos,3,43.954860,-59.808690,101,193,53,83,,,,,,
260378,260378,UT,01:04:45 24-Sep-2024,Argos,B,43.954760,-59.799620,1287,1860,890,86,,,,,,
260378,260378,UT,00:09:58 25-Sep-2024,Argos,3,43.955590,-59.807640,111,202,60,98,,,,,,
260378,260378,UT,00:43:44 25-Sep-2024,Argos,3,43.955230,-59.809960,163,749,35,79,,,,,,
260378,260378,UT,01:01:03 25-Sep-2024,Argos,B,43.956090,-59.808290,446,1712,116,90,,,,,,
260378,260378,UT,02:43:46 25-Sep-2024,Argos,B,43.957590,-59.800120,1430,2121,964,92,,,,,,
260378,260378,UT,23:58:46 25-Sep-2024,Argos,B,43.957120,-59.803970,3889,9952,1519,54,,,,,,
260378,260378,UT,00:25:39 26-Sep-2024,Argos,A,43.956270,-59.805340,192,700,52,56,,,,,,
260378,260378,UT,12:50:35 26-Sep-2024,Argos,B,43.942420,-59.819000,2902,7573,1112,113,,,,,,
260378,260378,UT,00:06:10 27-Sep-2024,Argos,B,43.962630,-59.782620,2937,87218,98,73,,,,,,
260378,260378,UT,00:54:15 27-Sep-2024,Argos,B,43.957920,-59.798450,2365,10254,545,75,,,,,,
260378,260378,UT,01:02:57 29-Sep-2024,Argos,B,43.960650,-59.788270,4487,595617,33,73,,,,,,
260378,260378,UT,01:03:43 29-Sep-2024,Argos,B,43.965330,-59.777480,3192,164545,61,70,,,,,,
260378,260378,UT,00:40:11 30-Sep-2024,Argos,2,43.954840,-59.811570,299,1093,81,77,,,,,,
260378,260378,UT,00:46:14 30-Sep-2024,Argos,A,43.954220,-59.812150,329,2148,50,78,,,,,,
260378,260378,UT,00:22:25 01-Oct-2024,Argos,B,43.945900,-59.815380,1958,60943,62,43,,,,,,
260378,260378,UT,00:37:16 01-Oct-2024,Argos,B,43.946530,-59.814570,1889,8795,405,43,,,,,,
260378,260378,UT,14:16:07 01-Oct-2024,Argos,B,43.938170,-59.821510,3079,8320,1139,109,,,,,,
260378,260378,UT,00:00:37 02-Oct-2024,Argos,2,43.958430,-59.813120,372,852,162,104,,,,,,
260378,260378,UT,00:23:08 02-Oct-2024,Argos,3,43.954620,-59.809100,101,182,55,81,,,,,,
260378,260378,UT,00:10:19 03-Oct-2024,Argos,A,43.955180,-59.807850,152,195,117,32,,,,,,
260378,260378,UT,00:58:33 03-Oct-2024,Argos,B,43.954660,-59.807430,922,1366,621,85,,,,,,
260378,260378,UT,02:43:30 03-Oct-2024,Argos,B,43.955010,-59.808910,1656,2280,1202,88,,,,,,
260378,260378,UT,00:02:47 04-Oct-2024,Argos,B,43.957370,-59.826590,4550,5175,4000,56,,,,,,
260378,260378,UT,00:58:20 04-Oct-2024,Argos,2,43.957690,-59.796020,394,6111,25,78,,,,,,
260378,260378,UT,00:05:32 05-Oct-2024,Argos,B,43.969590,-59.570610,3931,12968,1191,87,,,,,,
260378,260378,UT,00:39:18 05-Oct-2024,Argos,3,43.954700,-59.809360,170,517,55,81,,,,,,
260378,260378,UT,02:43:06 05-Oct-2024,Argos,B,43.954690,-59.796920,1577,2200,1130,75,,,,,,
260378,260378,UT,00:17:43 06-Oct-2024,Argos,3,43.955200,-59.807260,138,380,50,99,,,,,,
260378,260378,UT,02:00:22 06-Oct-2024,Argos,B,43.955910,-59.799960,1224,2279,657,84,,,,,,
260378,260378,UT,13:33:12 06-Oct-2024,Argos,B,43.945500,-59.803730,2941,10520,822,89,,,,,,
260378,260378,UT,23:56:31 06-Oct-2024,Argos,A,43.958050,-59.810800,193,579,64,113,,,,,,
260378,260378,UT,00:59:54 07-Oct-2024,Argos,3,43.955680,-59.803400,156,643,38,81,,,,,,
260378,260378,UT,00:37:06 09-Oct-2024,Argos,B,43.955840,-59.808770,2240,81824,61,101,,,,,,
260378,260378,UT,00:55:53 09-Oct-2024,Argos,B,43.981240,-59.654910,4985,270067,92,81,,,,,,
260378,260378,UT,00:52:35 14-Oct-2024,Argos,B,43.945690,-59.834910,3606,123141,105,69,,,,,,
260378,260378,UT,00:31:58 15-Oct-2024,Argos,B,43.981290,-59.775640,7604,68029,850,71,,,,,,
260378,260378,UT,01:02:00 15-Oct-2024,Argos,B,43.985390,-59.753150,7634,60535,962,71,,,,,,
260378,260378,UT,00:49:21 19-Oct-2024,Argos,B,43.952050,-59.806560,2597,31211,216,38,,,,,,
260378,260378,UT,00:30:34 20-Oct-2024,Argos,B,43.963340,-59.819520,2532,78647,81,131,,,,,,
260378,260378,UT,00:52:54 24-Oct-2024,Argos,A,43.945680,-59.853290,741,23778,23,78,,,,,,
260378,260378,UT,00:27:11 25-Oct-2024,Argos,B,43.946070,-59.853780,3968,11119,1415,58,,,,,,
260378,260378,UT,00:39:12 25-Oct-2024,Argos,B,43.953620,-59.848390,2702,7259,1006,74,,,,,,
260378,260378,UT,00:30:18 27-Nov-2024,Argos,A,43.954650,-59.806100,0,0,0,90,,,,,,
260378,260378,UT,00:43:47 27-Nov-2024,Argos,A,43.955410,-59.807050,0,0,0,74,,,,,,
260378,260378,UT,00:21:40 28-Nov-2024,Argos,B,43.954480,-59.805420,1203,10713,135,16,,,,,,
260378,260378,UT,01:00:43 01-Dec-2024,Argos,A,43.958750,-59.790660,236,2551,21,79,,,,,,
260378,260378,UT,00:38:48 02-Dec-2024,Argos,B,43.952980,-59.788700,3745,22427,625,80,,,,,,
260378,260378,UT,00:18:32 03-Dec-2024,Argos,B,43.956240,-59.806620,1541,15164,156,166,,,,,,
260378,260378,UT,00:52:11 03-Dec-2024,Argos,A,43.954970,-59.809190,605,10766,34,77,,,,,,
260378,260378,UT,14:13:04 03-Dec-2024,Argos,B,43.964450,-59.816510,4619,13827,1543,107,,,,,,
260378,260378,UT,23:58:08 03-Dec-2024,Argos,B,43.955120,-59.801650,3636,11733,1126,81,,,,,,
260378,260378,UT,00:43:51 04-Dec-2024,Argos,B,43.956250,-59.809630,3160,211598,47,77,,,,,,
260378,260378,UT,11:20:53 04-Dec-2024,Argos,B,43.959900,-59.831030,3602,19144,677,95,,,,,,
260378,260378,UT,00:28:49 05-Dec-2024,Argos,B,43.957790,-59.806360,2083,64468,67,60,,,,,,
260378,260378,UT,00:50:59 16-Dec-2024,Argos,A,43.954590,-59.808980,173,1314,22,81,,,,,,
260378,260378,UT,00:31:18 21-Dec-2024,Argos,B,43.960010,-59.823260,1493,29675,75,104,,,,,,
260378,260378,UT,00:46:18 21-Dec-2024,Argos,B,43.959160,-59.816210,1000,7744,129,116,,,,,,
260378,260378,UT,00:18:32 22-Dec-2024,Argos,B,43.970690,-59.821340,1954,46765,81,132,,,,,,
260378,260378,UT,00:24:30 22-Dec-2024,Argos,B,43.958900,-59.809800,770,10398,57,116,,,,,,
260378,260378,UT,00:43:10 26-Dec-2024,Argos,B,43.954740,-59.803910,2116,66258,67,95,,,,,,
260378,260378,UT,00:56:06 02-Feb-2025,Argos,A,43.962930,-59.761750,0,0,0,79,,,,,,
260378,260378,UT,01:55:06 02-Feb-2025,Argos,B,43.961680,-59.764090,0,0,0,80,,,,,,
260378,260378,UT,00:35:43 03-Feb-2025,Argos,A,43.955560,-59.807680,152,436,52,62,,,,,,
260378,260378,UT,00:15:11 04-Feb-2025,Argos,A,43.954720,-59.806870,149,219,101,121,,,,,,
260378,260378,UT,01:11:36 04-Feb-2025,Argos,B,43.954670,-59.806850,1010,1482,688,90,,,,,,
260378,260378,UT,01:54:36 04-Feb-2025,Argos,B,43.954680,-59.807270,1298,1988,847,86,,,,,,
260378,260378,UT,14:10:27 04-Feb-2025,Argos,B,43.956120,-59.806900,2910,13114,645,101,,,,,,
260378,260378,UT,23:55:40 04-Feb-2025,Argos,B,43.953110,-59.813100,3348,8213,1364,76,,,,,,
260378,260378,UT,00:57:53 05-Feb-2025,Argos,B,43.955910,-59.811080,2653,163632,43,81,,,,,,
260378,260378,UT,00:44:28 06-Feb-2025,Argos,B,43.956760,-59.806670,974,4842,196,164,,,,,,
260378,260378,UT,00:31:36 07-Feb-2025,Argos,B,43.955640,-59.806200,3894,14434,1050,79,,,,,,
260378,260378,UT,00:51:12 07-Feb-2025,Argos,A,43.953580,-59.814350,648,15713,26,79,,,,,,
260378,260378,UT,00:20:20 08-Feb-2025,Argos,3,43.955270,-59.805920,120,283,50,97,,,,,,
260378,260378,UT,00:32:17 08-Feb-2025,Argos,3,43.955790,-59.808130,99,194,50,80,,,,,,
260378,260378,UT,00:12:00 09-Feb-2025,Argos,B,43.956270,-59.810550,1789,43884,72,93,,,,,,
260378,260378,UT,00:27:38 13-Feb-2025,Argos,B,43.958210,-59.802480,3079,147683,64,64,,,,,,
260378,260378,UT,00:57:00 13-Feb-2025,Argos,A,43.953720,-59.813110,306,2227,41,77,,,,,,
260378,260378,UT,00:45:40 14-Feb-2025,Argos,B,43.954650,-59.810360,2623,147356,46,83,,,,,,
260378,260378,UT,00:42:29 22-Feb-2025,Argos,B,43.958460,-59.810330,1148,7516,175,144,,,,,,
260378,260378,UT,00:22:10 23-Feb-2025,Argos,B,43.959360,-59.809970,3955,12021,1301,72,,,,,,
260378,260378,UT,00:40:44 27-Feb-2025,Argos,A,43.952860,-59.809360,90,174,45,71,,,,,,
260378,260378,UT,01:11:35 07-Mar-2025,Argos,B,43.951090,-59.837840,5099,476170,54,80,,,,,,
260378,260378,UT,00:53:19 08-Mar-2025,Argos,B,43.943580,-59.816550,1122,1558,808,147,,,,,,
260378,260378,UT,00:46:00 18-Mar-2025,Argos,B,43.958830,-59.834870,2221,55036,89,103,,,,,,
260378,260378,UT,02:36:17 18-Mar-2025,Argos,B,43.958870,-59.834190,2524,10243,621,104,,,,,,
260378,260378,UT,00:31:40 19-Mar-2025,Argos,B,43.960120,-59.835190,4292,14268,1291,80,,,,,,
260378,260378,UT,00:23:13 24-Mar-2025,Argos,B,43.959340,-59.782500,5458,453420,65,80,,,,,,
260378,260378,UT,00:39:47 28-Mar-2025,Argos,A,43.955440,-59.803520,89,229,34,83,,,,,,
260378,260378,UT,00:19:33 29-Mar-2025,Argos,B,43.961860,-59.811160,3855,12576,1181,60,,,,,,
260378,260378,UT,23:56:48 29-Mar-2025,Argos,B,43.952030,-59.811770,5068,18000,1426,81,,,,,,
260378,260378,UT,00:55:18 02-Apr-2025,Argos,A,43.956440,-59.804100,168,1204,23,70,,,,,,
260378,260378,UT,00:32:23 07-Apr-2025,Argos,B,43.958780,-59.816160,1947,61607,61,108,,,,,,
260378,260378,UT,01:10:04 09-Apr-2025,Argos,B,43.950470,-59.829460,6491,750960,56,78,,,,,,
260378,260378,UT,01:09:23 10-Apr-2025,Argos,B,43.953760,-59.830220,6439,70785,585,78,,,,,,
260378,260378,UT,13:25:13 10-Apr-2025,Argos,B,43.950460,-59.837090,6063,39859,922,91,,,,,,
260378,260378,UT,00:42:50 11-Apr-2025,Argos,B,43.954760,-59.846910,5826,42505,798,84,,,,,,
260378,260378,UT,00:49:39 11-Apr-2025,Argos,B,43.952960,-59.841810,5354,602293,47,84,,,,,,
260378,260378,UT,00:27:50 12-Apr-2025,Argos,B,43.960310,-59.795230,2287,91469,57,66,,,,,,
260378,260378,UT,00:32:17 12-Apr-2025,Argos,B,43.958530,-59.799320,1581,13881,180,65,,,,,,
260378,260378,UT,00:07:18 13-Apr-2025,Argos,B,43.955420,-59.809100,1296,9720,172,5,,,,,,
260378,260378,UT,00:18:39 13-Apr-2025,Argos,B,43.959160,-59.808490,430,2518,73,120,,,,,,
260378,260378,UT,00:46:28 16-Apr-2025,Argos,B,43.951820,-59.837160,4224,443754,40,82,,,,,,
260378,260378,UT,00:24:36 17-Apr-2025,Argos,B,43.948250,-59.838570,5668,42610,753,81,,,,,,
260378,260378,UT,00:30:40 20-Apr-2025,Argos,B,43.955840,-59.806580,2583,91512,72,121,,,,,,
260378,260378,UT,00:16:54 21-Apr-2025,Argos,B,43.954060,-59.805900,4603,12222,1733,91,,,,,,
260378,260378,UT,00:39:28 21-Apr-2025,Argos,A,43.955120,-59.809250,153,487,47,87,,,,,,
260378,260378,UT,00:21:40 22-Apr-2025,Argos,A,43.952680,-59.807670,137,156,119,52,,,,,,
260378,260378,UT,00:39:52 26-Apr-2025,Argos,B,43.947480,-59.835420,4233,367185,48,78,,,,,,
260378,260378,UT,00:54:54 26-Apr-2025,Argos,B,43.952320,-59.810780,398,647,244,174,,,,,,
260378,260378,UT,00:19:19 27-Apr-2025,Argos,B,43.949780,-59.805450,1495,22809,98,152,,,,,,
260378,260378,UT,00:42:28 27-Apr-2025,Argos,A,43.954970,-59.803340,125,360,43,89,,,,,,
260378,260378,UT,23:57:02 27-Apr-2025,Argos,B,43.955080,-59.803400,3814,14859,978,75,,,,,,
260378,260378,UT,00:31:27 28-Apr-2025,Argos,B,43.955500,-59.801570,3049,8254,1126,77,,,,,,
260378,260378,UT,00:34:17 01-May-2025,Argos,A,43.954550,-59.805290,87,238,31,90,,,,,,
260378,260378,UT,00:54:20 04-May-2025,Argos,B,43.960540,-59.807090,998,3960,251,179,,,,,,
260378,260378,UT,23:44:34 04-May-2025,Argos,B,43.971120,-59.797700,4053,10702,1534,89,,,,,,
260378,260378,UT,00:41:36 05-May-2025,Argos,A,43.957320,-59.807020,128,181,90,70,,,,,,
260378,260378,UT,00:52:08 05-May-2025,Argos,B,43.954850,-59.806920,332,3980,27,80,,,,,,
260378,260378,UT,11:58:00 05-May-2025,Argos,B,43.950740,-59.810730,2678,9960,720,95,,,,,,
260378,260378,UT,00:29:40 06-May-2025,Argos,B,43.953550,-59.802430,1786,47682,66,120,,,,,,
260378,260378,UT,00:31:54 06-May-2025,Argos,A,43.955990,-59.807420,163,652,40,92,,,,,,
260378,260378,UT,00:11:15 07-May-2025,Argos,A,43.955090,-59.805930,159,236,107,128,,,,,,
260378,260378,UT,00:15:47 07-May-2025,Argos,B,43.954940,-59.806120,331,445,245,97,,,,,,
260378,260378,UT,14:06:39 07-May-2025,Argos,B,43.947020,-59.809250,2894,14886,562,101,,,,,,
260378,260378,UT,23:50:27 07-May-2025,Argos,B,43.954150,-59.818140,3465,10571,1135,82,,,,,,
260378,260378,UT,01:08:45 09-May-2025,Argos,B,43.956010,-59.813230,4022,384234,42,88,,,,,,
260378,260378,UT,13:23:52 09-May-2025,Argos,B,43.950460,-59.812730,4314,16885,1102,73,,,,,,
260378,260378,UT,00:49:44 10-May-2025,Argos,3,43.955740,-59.807890,243,2207,26,80,,,,,,
260378,260378,UT,00:29:10 11-May-2025,Argos,B,43.948400,-59.815080,3783,17374,823,68,,,,,,
260378,260378,UT,00:08:18 12-May-2025,Argos,B,43.953020,-59.812260,5410,21854,1339,68,,,,,,
260378,260378,UT,00:54:08 12-May-2025,Argos,B,43.954440,-59.807030,1982,46763,84,107,,,,,,
260378,260378,UT,23:47:09 12-May-2025,Argos,B,43.981820,-59.721570,4474,10828,1848,83,,,,,,
260378,260378,UT,00:46:17 15-May-2025,Argos,A,43.955120,-59.812550,414,6171,27,81,,,,,,
260378,260378,UT,00:24:38 16-May-2025,Argos,B,43.977400,-59.766720,2090,67377,64,62,,,,,,
260378,260378,UT,00:04:09 17-May-2025,Argos,B,43.958560,-59.807010,1642,14537,185,176,,,,,,
260378,260378,UT,00:53:16 20-May-2025,Argos,B,43.958170,-59.805710,1519,12346,186,140,,,,,,
260378,260378,UT,00:22:08 21-May-2025,Argos,A,43.955400,-59.807520,122,138,107,73,,,,,,
260378,260378,UT,00:39:51 21-May-2025,Argos,B,43.955100,-59.806700,417,2003,86,48,,,,,,
260378,260378,UT,00:01:54 22-May-2025,Argos,B,43.973740,-59.825680,3849,12943,1144,63,,,,,,
260378,260378,UT,00:27:30 22-May-2025,Argos,A,43.954990,-59.807520,169,252,112,26,,,,,,
260378,260378,UT,11:14:21 22-May-2025,Argos,B,43.966370,-59.796240,2802,6176,1270,112,,,,,,
260378,260378,UT,01:50:06 23-May-2025,Argos,B,43.962230,-59.785840,3817,13622,1069,92,,,,,,
260378,260378,UT,00:38:17 25-May-2025,Argos,B,43.967780,-59.789520,2791,111765,69,58,,,,,,
260378,260378,UT,00:51:31 28-May-2025,Argos,B,43.975950,-59.760710,4817,431207,53,67,,,,,,
260378,260378,UT,11:56:34 28-May-2025,Argos,B,43.953710,-59.798010,3345,13849,807,99,,,,,,
260378,260378,UT,00:42:06 29-May-2025,Argos,B,43.949340,-59.803780,3721,8037,1722,70,,,,,,
260378,260378,UT,00:25:56 30-May-2025,Argos,B,43.954810,-59.806020,2579,72849,91,58,,,,,,
260378,260378,UT,00:37:12 30-May-2025,Argos,A,43.956610,-59.805340,124,254,60,85,,,,,,
260378,260378,UT,00:51:14 03-Jun-2025,Argos,B,43.943970,-59.863900,7155,0,42,78,,,,,,
260378,260378,UT,00:33:08 04-Jun-2025,Argos,A,43.955000,-59.806570,126,250,62,89,,,,,,
260378,260378,UT,01:06:29 04-Jun-2025,Argos,B,43.954870,-59.806470,788,1125,551,87,,,,,,
260378,260378,UT,00:12:09 05-Jun-2025,Argos,B,43.947830,-59.797860,1446,24312,86,108,,,,,,
260378,260378,UT,00:52:42 05-Jun-2025,Argos,B,43.954990,-59.808760,1090,24375,48,89,,,,,,
260378,260378,UT,14:05:19 05-Jun-2025,Argos,B,43.960790,-59.885270,3397,7834,1472,96,,,,,,
260378,260378,UT,00:38:16 06-Jun-2025,Argos,B,43.943760,-59.849960,4355,23001,824,88,,,,,,
260378,260378,UT,00:26:21 07-Jun-2025,Argos,B,43.933040,-59.857980,5724,26521,1235,79,,,,,,
260378,260378,UT,00:49:36 08-Jun-2025,Argos,A,43.953930,-59.811020,286,2012,40,75,,,,,,
260378,260378,UT,00:29:32 09-Jun-2025,Argos,B,43.946370,-59.831790,3768,16861,841,67,,,,,,
260378,260378,UT,00:51:06 13-Jun-2025,Argos,B,43.955310,-59.806730,1384,9341,204,160,,,,,,
260378,260378,UT,00:24:28 14-Jun-2025,Argos,B,43.952350,-59.806650,4052,11517,1425,85,,,,,,
260378,260378,UT,00:38:01 14-Jun-2025,Argos,B,43.952250,-59.808500,1708,31237,93,19,,,,,,
260378,260378,UT,11:12:48 14-Jun-2025,Argos,B,43.958320,-59.816140,2884,5928,1402,111,,,,,,
260378,260378,UT,00:03:30 15-Jun-2025,Argos,B,43.957660,-59.811780,3720,12875,1074,91,,,,,,
260378,260378,UT,23:45:19 15-Jun-2025,Argos,B,43.939070,-59.812770,5409,18315,1597,87,,,,,,
260378,260378,UT,00:42:45 18-Jun-2025,Argos,3,43.954730,-59.808230,165,687,39,79,,,,,,
260378,260378,UT,00:19:53 19-Jun-2025,Argos,B,43.969430,-59.805950,3974,12637,1249,94,,,,,,
260378,260378,UT,00:03:03 20-Jun-2025,Argos,B,43.973090,-59.814950,4678,9590,2281,53,,,,,,
260378,260378,UT,00:17:50 24-Jun-2025,Argos,B,43.963470,-59.803270,2926,81745,104,24,,,,,,
260378,260378,UT,23:58:25 24-Jun-2025,Argos,B,43.959410,-59.798350,4894,11070,2163,54,,,,,,
260378,260378,UT,00:36:42 28-Jun-2025,Argos,A,43.954240,-59.809160,93,213,40,100,,,,,,
260378,260378,UT,01:05:09 28-Jun-2025,Argos,B,43.954280,-59.809270,733,1024,523,89,,,,,,
260378,260378,UT,00:15:32 29-Jun-2025,Argos,3,43.954570,-59.807370,108,196,59,98,,,,,,
260378,260378,UT,00:50:16 29-Jun-2025,Argos,A,43.954950,-59.807970,125,168,93,80,,,,,,
260378,260378,UT,23:53:34 29-Jun-2025,Argos,B,43.960280,-59.815230,1652,34776,78,118,,,,,,
260378,260378,UT,00:41:43 30-Jun-2025,Argos,B,43.959150,-59.813670,1807,5472,596,114,,,,,,
260378,260378,UT,00:33:08 03-Jul-2025,Argos,A,43.955830,-59.805760,133,268,65,87,,,,,,
260378,260378,UT,00:12:06 04-Jul-2025,Argos,B,43.956700,-59.816790,1310,17991,95,114,,,,,,
260378,260378,UT,00:48:46 07-Jul-2025,Argos,A,43.954560,-59.808680,180,1638,19,81,,,,,,
260378,260378,UT,00:29:34 08-Jul-2025,Argos,A,43.954460,-59.806490,123,192,77,89,,,,,,
260378,260378,UT,00:37:54 08-Jul-2025,Argos,B,43.954480,-59.806520,411,575,293,88,,,,,,
260378,260378,UT,00:08:16 09-Jul-2025,Argos,B,43.957420,-59.813500,1598,30616,83,101,,,,,,
260378,260378,UT,01:47:49 09-Jul-2025,Argos,B,43.958270,-59.813090,2035,6158,672,100,,,,,,
260378,260378,UT,14:03:39 09-Jul-2025,Argos,B,43.947710,-59.814810,3323,17043,648,96,,,,,,
260378,260378,UT,19:38:44 10-Jul-2025,Argos,3,43.934120,-60.023950,189,1107,32,71,,,,,,
260378,260378,UT,01:06:00 11-Jul-2025,Argos,B,43.944490,-60.040890,1924,5810,637,78,,,,,,
260378,260378,UT,00:46:44 12-Jul-2025,Argos,B,43.953270,-60.117510,3382,291108,39,90,,,,,,
260378,260378,UT,00:34:37 16-Jul-2025,Argos,B,43.967970,-59.800200,2352,58579,94,32,,,,,,
260378,260378,UT,01:04:06 16-Jul-2025,Argos,B,43.964260,-59.802710,1887,5845,609,37,,,,,,
260378,260378,UT,13:19:56 16-Jul-2025,Argos,B,43.943310,-59.830420,3013,7540,1204,104,,,,,,
260378,260378,UT,18:54:01 16-Jul-2025,Argos,0,43.949860,-59.875860,2046,3540,1182,106,,,,,,
260378,260378,UT,20:24:18 16-Jul-2025,Argos,1,43.923100,-59.916640,1402,32716,60,79,,,,,,
260378,260378,UT,20:38:10 16-Jul-2025,Argos,1,43.942640,-59.831080,1092,1421,838,168,,,,,,
260378,260378,UT,22:08:13 16-Jul-2025,Argos,B,43.939940,-59.850160,6971,10356,4692,87,,,,,,
260378,260378,UT,22:21:11 16-Jul-2025,Argos,1,43.947400,-59.794740,750,7684,73,97,,,,,,
260378,260378,UT,22:43:11 16-Jul-2025,Argos,B,43.947650,-59.795980,2754,4180,1813,91,,,,,,
260378,260378,UT,22:59:37 16-Jul-2025,Argos,0,43.971870,-59.800920,2151,6025,768,177,,,,,,
260378,260378,UT,23:47:23 16-Jul-2025,Argos,2,43.944870,-59.805650,467,1171,186,64,,,,,,
260378,260378,UT,23:59:20 16-Jul-2025,Argos,1,43.952920,-59.800480,756,1023,558,73,,,,,,
260378,260378,UT,00:21:42 17-Jul-2025,Argos,0,44.000570,-59.818930,3230,4660,2238,50,,,,,,
260378,260378,UT,00:36:30 17-Jul-2025,Argos,0,43.903490,-60.003480,3830,23765,617,79,,,,,,
260378,260378,UT,01:50:34 17-Jul-2025,Argos,B,43.947610,-59.867280,59080,150245,23231,99,,,,,,
260378,260378,UT,01:57:59 17-Jul-2025,Argos,B,43.946430,-59.865740,57626,129863,25571,98,,,,,,
260378,260378,UT,02:18:43 17-Jul-2025,Argos,1,43.939340,-59.813270,541,1738,168,168,,,,,,
260378,260378,UT,03:23:57 17-Jul-2025,Argos,B,43.943300,-59.816790,1143,44428,29,78,,,,,,
260378,260378,UT,05:04:07 17-Jul-2025,Argos,0,43.932970,-59.817140,1743,9197,330,118,,,,,,
260378,260378,UT,07:57:36 17-Jul-2025,Argos,A,43.913750,-59.818320,850,5656,127,150,,,,,,
260378,260378,UT,08:40:35 17-Jul-2025,Argos,A,43.933190,-59.841500,483,3134,74,37,,,,,,
260378,260378,UT,09:34:47 17-Jul-2025,Argos,0,43.953220,-59.825930,2581,5173,1287,20,,,,,,
260378,260378,UT,10:14:32 17-Jul-2025,Argos,A,43.935200,-59.846150,1162,3689,365,146,,,,,,
260378,260378,UT,11:20:46 17-Jul-2025,Argos,B,43.932740,-59.858790,1630,2312,1148,94,,,,,,
260378,260378,UT,12:38:49 17-Jul-2025,Argos,1,43.923500,-59.986810,700,1002,489,20,,,,,,
260378,260378,UT,12:54:35 17-Jul-2025,Argos,3,43.928120,-60.001170,175,212,144,61,,,,,,
260378,260378,UT,13:42:08 17-Jul-2025,Argos,1,43.932880,-60.042090,608,2608,141,105,,,,,,
260378,260378,UT,14:25:40 17-Jul-2025,Argos,A,43.936680,-60.073570,2207,43253,112,101,,,,,,
260378,260378,UT,00:06:03 18-Jul-2025,Argos,B,43.940590,-60.477210,5164,9410,2834,98,,,,,,
260378,260378,UT,00:21:51 18-Jul-2025,Argos,0,43.957630,-59.968510,9942,23425,4219,80,,,,,,
260378,260378,UT,07:26:57 18-Jul-2025,Argos,B,43.958150,-59.998940,159016,928324,27238,7,,,,,,
260378,260378,UT,07:50:57 18-Jul-2025,Argos,A,43.940940,-59.985880,755,2906,195,116,,,,,,
260378,260378,UT,09:01:18 18-Jul-2025,Argos,2,43.936250,-59.909820,303,999,91,69,,,,,,
260378,260378,UT,09:33:48 18-Jul-2025,Argos,0,43.940380,-59.902510,3779,106729,133,100,,,,,,
260378,260378,UT,10:44:41 18-Jul-2025,Argos,A,43.953420,-59.873290,2628,9209,750,135,,,,,,
260378,260378,UT,11:13:26 18-Jul-2025,Argos,A,43.949640,-59.867430,825,2532,268,135,,,,,,
260378,260378,UT,12:25:49 18-Jul-2025,Argos,B,43.951710,-59.837850,1354,10087,181,104,,,,,,
260378,260378,UT,12:34:04 18-Jul-2025,Argos,B,43.939170,-59.822020,5598,33418,937,101,,,,,,
260378,260378,UT,13:20:03 18-Jul-2025,Argos,0,43.945330,-59.835390,1878,19933,176,101,,,,,,
260378,260378,UT,14:11:54 18-Jul-2025,Argos,2,43.964070,-59.809850,424,1628,110,109,,,,,,
260378,260378,UT,14:14:26 18-Jul-2025,Argos,B,43.960400,-59.812910,2000,23015,173,109,,,,,,
260378,260378,UT,14:41:46 18-Jul-2025,Argos,B,43.967790,-59.798230,1688,5055,563,111,,,,,,
260378,260378,UT,15:53:57 18-Jul-2025,Argos,B,43.979170,-59.781490,1950,3337,1138,102,,,,,,
260378,260378,UT,15:56:23 18-Jul-2025,Argos,B,43.976150,-59.743720,1072,5106,225,0,,,,,,
260378,260378,UT,16:23:39 18-Jul-2025,Argos,3,43.971200,-59.776320,155,1073,22,100,,,,,,
260378,260378,UT,00:00:00 19-Jul-2025,Argos,0,43.996510,-59.833730,9370,23326,3764,104,,,,,,
260378,260378,UT,00:46:33 19-Jul-2025,Argos,A,43.951920,-59.790300,10157,59003,1748,87,,,,,,
260378,260378,UT,01:39:34 19-Jul-2025,Argos,1,43.952240,-59.783140,509,1846,140,71,,,,,,
260378,260378,UT,01:53:11 19-Jul-2025,Argos,B,43.952270,-59.783140,1594,2284,1112,87,,,,,,
260378,260378,UT,05:15:54 19-Jul-2025,Argos,B,43.928580,-59.715670,4771,7393,3078,97,,,,,,
260378,260378,UT,08:33:06 19-Jul-2025,Argos,B,43.954090,-59.766850,2077,25995,165,73,,,,,,
260378,260378,UT,08:52:52 19-Jul-2025,Argos,A,43.936210,-59.817710,324,1012,103,169,,,,,,
260378,260378,UT,10:16:08 19-Jul-2025,Argos,B,43.935600,-59.799550,1196,1834,779,96,,,,,,
260378,260378,UT,10:28:49 19-Jul-2025,Argos,B,43.931060,-59.804400,1073,12710,90,99,,,,,,
260378,260378,UT,12:11:19 19-Jul-2025,Argos,1,43.924950,-59.842190,639,2091,195,130,,,,,,
260378,260378,UT,12:14:13 19-Jul-2025,Argos,B,43.922770,-59.791620,2644,14387,485,94,,,,,,
260378,260378,UT,13:11:27 19-Jul-2025,Argos,B,43.921610,-59.778470,1868,4292,812,105,,,,,,
260378,260378,UT,13:51:34 19-Jul-2025,Argos,1,43.936900,-59.775290,1152,15780,84,104,,,,,,
260378,260378,UT,13:53:18 19-Jul-2025,Argos,A,43.940130,-59.773640,3825,39242,372,80,,,,,,
260378,260378,UT,14:48:31 19-Jul-2025,Argos,B,43.953240,-59.726330,2576,9357,709,109,,,,,,
260378,260378,UT,23:40:32 19-Jul-2025,Argos,B,43.915890,-59.727770,2357,19787,280,118,,,,,,
260378,260378,UT,00:03:08 20-Jul-2025,Argos,B,43.938810,-59.754480,1513,4401,520,111,,,,,,
260378,260378,UT,00:28:19 20-Jul-2025,Argos,B,43.959780,-59.784490,867,9556,78,80,,,,,,
260378,260378,UT,01:26:43 20-Jul-2025,Argos,B,43.960610,-59.765970,1369,2864,654,83,,,,,,
260378,260378,UT,04:28:28 20-Jul-2025,Argos,B,43.949070,-59.725780,2075,5209,826,90,,,,,,
260378,260378,UT,08:04:51 20-Jul-2025,Argos,B,43.941890,-59.778770,2152,70293,65,110,,,,,,
260378,260378,UT,08:07:18 20-Jul-2025,Argos,3,43.950000,-59.801420,158,259,96,136,,,,,,
260378,260378,UT,09:41:56 20-Jul-2025,Argos,3,43.949030,-59.791130,180,1223,26,80,,,,,,
260378,260378,UT,09:51:16 20-Jul-2025,Argos,1,43.944490,-59.784300,1194,7586,188,118,,,,,,
260378,260378,UT,11:23:06 20-Jul-2025,Argos,B,43.946690,-59.801660,3238,11811,887,9,,,,,,
260378,260378,UT,11:26:56 20-Jul-2025,Argos,A,43.943520,-59.799920,417,1107,157,66,,,,,,
260378,260378,UT,11:53:01 20-Jul-2025,Argos,B,43.939830,-59.804410,1111,1573,784,94,,,,,,
260378,260378,UT,12:42:57 20-Jul-2025,Argos,B,43.935930,-59.805350,1194,5682,251,92,,,,,,
260378,260378,UT,13:30:28 20-Jul-2025,Argos,3,43.932110,-59.852720,146,465,45,105,,,,,,
260378,260378,UT,13:49:49 20-Jul-2025,Argos,A,43.928720,-59.860220,626,1581,247,114,,,,,,
260378,260378,UT,14:28:26 20-Jul-2025,Argos,B,43.927110,-59.870390,1337,2044,874,98,,,,,,
260378,260378,UT,15:12:09 20-Jul-2025,Argos,A,43.924180,-59.945200,363,891,147,71,,,,,,
260378,260378,UT,16:31:42 20-Jul-2025,Argos,1,43.915810,-59.948060,1420,18477,109,99,,,,,,
260378,260378,UT,00:09:48 21-Jul-2025,Argos,B,43.919210,-59.939750,11528,280052,474,97,,,,,,
260378,260378,UT,00:57:03 21-Jul-2025,Argos,2,43.926730,-60.008000,467,9567,22,79,,,,,,
260378,260378,UT,01:05:59 21-Jul-2025,Argos,B,43.925040,-60.024660,3501,8675,1413,80,,,,,,
260378,260378,UT,02:01:20 21-Jul-2025,Argos,B,43.924620,-60.060710,5881,9918,3486,86,,,,,,
260378,260378,UT,02:51:07 21-Jul-2025,Argos,B,43.920960,-60.083300,6739,10541,4308,85,,,,,,
260378,260378,UT,03:38:48 21-Jul-2025,Argos,B,43.916180,-60.093870,2041,3946,1055,86,,,,,,
260378,260378,UT,07:27:21 21-Jul-2025,Argos,B,43.880820,-60.179690,2742,5913,1271,78,,,,,,
260378,260378,UT,07:32:14 21-Jul-2025,Argos,B,43.916540,-60.013790,1069,1457,784,134,,,,,,
260378,260378,UT,09:05:42 21-Jul-2025,Argos,1,43.909550,-60.035370,1230,3607,419,34,,,,,,
260378,260378,UT,09:10:17 21-Jul-2025,Argos,0,43.918450,-60.026570,1780,12062,262,60,,,,,,
260378,260378,UT,10:49:01 21-Jul-2025,Argos,B,43.909140,-60.078570,4041,6381,2558,81,,,,,,
260378,260378,UT,10:49:24 21-Jul-2025,Argos,B,43.932120,-59.995300,2065,7434,573,107,,,,,,
260378,260378,UT,13:12:21 21-Jul-2025,Argos,3,43.927460,-60.003430,82,139,48,84,,,,,,
260378,260378,UT,13:34:51 21-Jul-2025,Argos,3,43.925640,-60.004440,225,1179,42,85,,,,,,
260378,260378,UT,14:05:14 21-Jul-2025,Argos,3,43.927100,-59.999250,104,304,35,100,,,,,,
260378,260378,UT,14:50:36 21-Jul-2025,Argos,2,43.927080,-60.005460,403,633,256,85,,,,,,
260378,260378,UT,15:16:06 21-Jul-2025,Argos,3,43.926390,-60.001730,202,951,42,115,,,,,,
260378,260378,UT,00:38:35 22-Jul-2025,Argos,A,43.954460,-59.812390,142,563,35,85,,,,,,
260378,260378,UT,13:19:36 22-Jul-2025,Argos,B,43.936210,-59.840390,4710,13681,1621,93,,,,,,
260378,260378,UT,13:46:53 22-Jul-2025,Argos,B,43.934460,-59.832440,2876,82686,100,94,,,,,,
260378,260378,UT,14:31:26 22-Jul-2025,Argos,2,43.926320,-59.999320,315,961,103,99,,,,,,
260378,260378,UT,14:56:11 22-Jul-2025,Argos,A,43.925560,-59.994360,643,1499,275,140,,,,,,
260378,260378,UT,15:04:26 22-Jul-2025,Argos,2,43.927810,-60.013670,298,2053,43,105,,,,,,
260378,260378,UT,16:12:41 22-Jul-2025,Argos,A,43.918180,-60.025180,874,2248,339,35,,,,,,
260378,260378,UT,16:38:37 22-Jul-2025,Argos,1,43.934040,-60.039020,1350,36136,50,100,,,,,,
260378,260378,UT,18:16:26 22-Jul-2025,Argos,B,43.915980,-60.015390,2594,6746,997,15,,,,,,
260378,260378,UT,19:41:19 22-Jul-2025,Argos,3,43.927760,-60.008680,140,248,79,89,,,,,,
260378,260378,UT,20:47:19 22-Jul-2025,Argos,B,43.922030,-60.008120,1214,2871,513,143,,,,,,
260378,260378,UT,21:20:19 22-Jul-2025,Argos,3,43.928520,-60.001750,131,160,106,78,,,,,,
260378,260378,UT,22:30:49 22-Jul-2025,Argos,0,43.927130,-60.007920,3117,120243,80,100,,,,,,
260378,260378,UT,00:09:03 23-Jul-2025,Argos,B,43.930900,-60.039780,5541,10984,2795,97,,,,,,
260378,260378,UT,00:18:48 23-Jul-2025,Argos,A,43.927350,-60.008260,202,921,44,93,,,,,,
260378,260378,UT,00:43:33 23-Jul-2025,Argos,A,43.929690,-60.005630,197,764,50,51,,,,,,
260378,260378,UT,01:57:03 23-Jul-2025,Argos,3,43.929900,-60.005810,151,249,91,42,,,,,,
260378,260378,UT,02:12:48 23-Jul-2025,Argos,B,43.928640,-60.005940,420,1275,138,105,,,,,,
260378,260378,UT,02:25:33 23-Jul-2025,Argos,B,43.931210,-60.005460,547,2196,136,106,,,,,,
260378,260378,UT,07:45:14 23-Jul-2025,Argos,B,43.933620,-60.042400,1463,2568,833,157,,,,,,
260378,260378,UT,08:07:27 23-Jul-2025,Argos,2,43.927300,-60.014050,297,462,190,135,,,,,,
260378,260378,UT,09:27:20 23-Jul-2025,Argos,2,43.930800,-60.021440,479,5269,43,97,,,,,,
260378,260378,UT,09:46:00 23-Jul-2025,Argos,2,43.928410,-60.006710,268,1094,65,73,,,,,,
260378,260378,UT,11:02:30 23-Jul-2025,Argos,B,43.929370,-60.015910,1449,14405,145,55,,,,,,
260378,260378,UT,12:37:23 23-Jul-2025,Argos,B,43.957800,-60.016110,2089,5539,787,87,,,,,,
260378,260378,UT,13:18:19 23-Jul-2025,Argos,2,43.947410,-60.030900,424,1617,111,126,,,,,,
260378,260378,UT,14:08:14 23-Jul-2025,Argos,0,43.933380,-60.021030,3046,11401,813,85,,,,,,
260378,260378,UT,14:51:03 23-Jul-2025,Argos,0,43.924440,-59.971630,1681,24074,117,98,,,,,,
260378,260378,UT,15:01:12 23-Jul-2025,Argos,B,43.922950,-59.970170,1673,3680,760,96,,,,,,
260378,260378,UT,15:53:00 23-Jul-2025,Argos,B,43.935740,-59.985700,1705,3599,807,32,,,,,,
260378,260378,UT,15:53:45 23-Jul-2025,Argos,3,43.927860,-60.006250,92,179,47,98,,,,,,
260378,260378,UT,17:32:37 23-Jul-2025,Argos,A,43.927750,-60.009870,178,567,55,122,,,,,,
260378,260378,UT,00:01:09 24-Jul-2025,Argos,B,43.943360,-60.039710,2467,3171,1919,71,,,,,,
260378,260378,UT,00:36:07 24-Jul-2025,Argos,B,43.934370,-60.044860,2492,4228,1468,76,,,,,,
260378,260378,UT,00:42:32 24-Jul-2025,Argos,A,43.924140,-59.978020,418,887,196,133,,,,,,
260378,260378,UT,01:24:33 24-Jul-2025,Argos,B,43.921150,-59.971830,784,1184,519,50,,,,,,
260378,260378,UT,01:39:18 24-Jul-2025,Argos,B,43.920670,-59.971240,917,1211,693,65,,,,,,
260378,260378,UT,02:10:08 24-Jul-2025,Argos,B,43.917640,-59.970980,1148,1470,896,84,,,,,,
260378,260378,UT,03:05:38 24-Jul-2025,Argos,1,43.930440,-60.007780,1280,8289,197,120,,,,,,
260378,260378,UT,03:19:15 24-Jul-2025,Argos,B,43.930490,-60.009530,1112,2240,551,113,,,,,,
260378,260378,UT,04:38:42 24-Jul-2025,Argos,B,43.926370,-60.017480,1172,2810,488,78,,,,,,
260378,260378,UT,07:32:28 24-Jul-2025,Argos,B,43.939940,-60.044670,1681,5063,558,73,,,,,,
260378,260378,UT,08:44:03 24-Jul-2025,Argos,B,43.932130,-60.000880,983,3469,278,37,,,,,,
260378,260378,UT,09:11:34 24-Jul-2025,Argos,B,43.927470,-60.005710,890,1034,765,177,,,,,,
260378,260378,UT,10:21:24 24-Jul-2025,Argos,A,43.921370,-60.010480,505,3455,73,82,,,,,,
260378,260378,UT,10:51:35 24-Jul-2025,Argos,B,43.953960,-60.004970,1775,4677,673,89,,,,,,
260378,260378,UT,12:12:18 24-Jul-2025,Argos,B,43.947960,-59.991330,1644,3417,790,86,,,,,,
260378,260378,UT,12:49:58 24-Jul-2025,Argos,2,43.938730,-60.008370,416,1831,94,119,,,,,,
260378,260378,UT,13:06:30 24-Jul-2025,Argos,B,43.928570,-60.015660,650,2052,205,112,,,,,,
260378,260378,UT,13:47:23 24-Jul-2025,Argos,1,43.929520,-60.014320,942,6805,130,97,,,,,,
260378,260378,UT,14:38:53 24-Jul-2025,Argos,B,43.928300,-60.015700,5673,8079,3982,90,,,,,,
260378,260378,UT,14:43:59 24-Jul-2025,Argos,A,43.931480,-59.996670,213,506,90,48,,,,,,
260378,260378,UT,15:11:52 24-Jul-2025,Argos,B,43.931610,-59.996230,751,1024,549,86,,,,,,
260378,260378,UT,15:31:22 24-Jul-2025,Argos,A,43.938400,-60.011370,370,937,145,45,,,,,,
260378,260378,UT,16:17:53 24-Jul-2025,Argos,B,43.939590,-60.016770,995,1369,722,81,,,,,,
260378,260378,UT,16:44:36 24-Jul-2025,Argos,A,43.896340,-59.983100,3851,6247,2373,174,,,,,,
260378,260378,UT,00:22:42 25-Jul-2025,Argos,B,43.981110,-59.935330,5609,96921,324,111,,,,,,
260378,260378,UT,00:45:31 25-Jul-2025,Argos,B,43.959790,-59.886130,4341,14129,1333,107,,,,,,
260378,260378,UT,01:13:01 25-Jul-2025,Argos,B,43.976140,-59.916370,998,2176,457,77,,,,,,
260378,260378,UT,02:21:44 25-Jul-2025,Argos,B,43.982090,-59.924230,1801,2887,1122,77,,,,,,
260378,260378,UT,02:56:42 25-Jul-2025,Argos,B,43.960050,-59.979350,2796,4298,1819,132,,,,,,
260378,260378,UT,03:56:40 25-Jul-2025,Argos,2,43.922620,-59.996650,479,2400,95,114,,,,,,
260378,260378,UT,07:03:42 25-Jul-2025,Argos,B,43.877960,-60.053570,2182,3150,1511,26,,,,,,
260378,260378,UT,07:59:50 25-Jul-2025,Argos,B,43.931430,-60.028130,2107,5696,779,100,,,,,,
260378,260378,UT,08:44:16 25-Jul-2025,Argos,1,43.924910,-60.003240,575,891,370,103,,,,,,
260378,260378,UT,09:40:36 25-Jul-2025,Argos,2,43.924980,-59.984340,373,4238,32,100,,,,,,
260378,260378,UT,10:16:52 25-Jul-2025,Argos,B,43.922530,-59.981220,873,12408,61,91,,,,,,
260378,260378,UT,11:19:00 25-Jul-2025,Argos,B,43.916100,-59.966080,916,1845,454,65,,,,,,
260378,260378,UT,12:41:10 25-Jul-2025,Argos,B,43.899160,-59.983600,891,6375,124,126,,,,,,
260378,260378,UT,13:30:50 25-Jul-2025,Argos,3,43.926810,-59.983980,153,485,48,79,,,,,,
260378,260378,UT,14:24:50 25-Jul-2025,Argos,A,43.929910,-59.987220,181,712,45,122,,,,,,
260378,260378,UT,15:09:50 25-Jul-2025,Argos,3,43.926420,-59.988150,118,127,108,51,,,,,,
260378,260378,UT,16:00:05 25-Jul-2025,Argos,3,43.928510,-59.983750,132,246,70,96,,,,,,
260378,260378,UT,00:02:42 26-Jul-2025,Argos,B,43.935490,-59.960890,3330,73635,150,84,,,,,,
260378,260378,UT,00:15:43 26-Jul-2025,Argos,B,43.935340,-59.959030,3110,24207,399,85,,,,,,
260378,260378,UT,00:54:17 26-Jul-2025,Argos,B,43.936430,-59.956800,2250,10177,497,84,,,,,,
260378,260378,UT,03:13:17 26-Jul-2025,Argos,3,43.925840,-59.952940,120,514,27,79,,,,,,
260378,260378,UT,04:47:58 26-Jul-2025,Argos,A,43.926950,-59.968530,1954,10876,351,94,,,,,,
260378,260378,UT,07:20:58 26-Jul-2025,Argos,B,43.927140,-59.968500,9121,17016,4889,88,,,,,,
260378,260378,UT,08:12:39 26-Jul-2025,Argos,A,43.922710,-59.982220,184,430,78,114,,,,,,
260378,260378,UT,09:02:14 26-Jul-2025,Argos,B,43.919350,-59.984110,692,7163,66,60,,,,,,
260378,260378,UT,09:46:30 26-Jul-2025,Argos,2,43.926400,-59.980180,418,1863,93,99,,,,,,
260378,260378,UT,10:40:25 26-Jul-2025,Argos,B,43.922650,-59.993620,1305,12897,132,139,,,,,,
260378,260378,UT,11:30:50 26-Jul-2025,Argos,B,43.923490,-59.999120,1801,2607,1244,111,,,,,,
260378,260378,UT,12:16:29 26-Jul-2025,Argos,B,43.930600,-60.003450,1033,4214,253,83,,,,,,
260378,260378,UT,12:25:23 26-Jul-2025,Argos,B,43.931260,-60.002350,1121,3637,345,83,,,,,,
260378,260378,UT,13:07:00 26-Jul-2025,Argos,A,43.928230,-60.027100,354,2907,43,98,,,,,,
260378,260378,UT,14:03:55 26-Jul-2025,Argos,B,43.929450,-60.042200,1065,1712,662,91,,,,,,
260378,260378,UT,14:16:37 26-Jul-2025,Argos,B,43.928380,-60.037280,1240,2285,672,89,,,,,,
260378,260378,UT,14:53:37 26-Jul-2025,Argos,A,43.939950,-60.008120,906,7019,116,123,,,,,,
260378,260378,UT,15:15:04 26-Jul-2025,Argos,B,43.939870,-60.008140,1453,2522,837,112,,,,,,
260378,260378,UT,16:29:53 26-Jul-2025,Argos,B,43.914620,-59.972170,2219,3635,1354,69,,,,,,
260378,260378,UT,16:55:13 26-Jul-2025,Argos,B,43.918960,-59.967770,3664,5862,2289,67,,,,,,
260378,260378,UT,18:29:56 26-Jul-2025,Argos,B,43.899490,-59.946810,3069,9006,1045,68,,,,,,
260378,260378,UT,18:36:11 26-Jul-2025,Argos,B,43.927640,-59.954540,4938,9457,2578,75,,,,,,
260378,260378,UT,20:13:38 26-Jul-2025,Argos,3,43.927370,-59.960700,103,378,27,72,,,,,,
260378,260378,UT,20:22:04 26-Jul-2025,Argos,B,43.927650,-59.959420,410,588,285,87,,,,,,
260378,260378,UT,00:31:34 27-Jul-2025,Argos,0,43.937840,-59.936790,7588,39008,1476,70,,,,,,
260378,260378,UT,01:36:04 27-Jul-2025,Argos,B,43.938600,-59.928500,39114,65174,23474,80,,,,,,
260378,260378,UT,02:15:04 27-Jul-2025,Argos,B,43.938710,-59.927360,24704,77011,7924,167,,,,,,
260378,260378,UT,02:24:04 27-Jul-2025,Argos,B,43.938670,-59.926190,987,1875,519,166,,,,,,
260378,260378,UT,04:07:34 27-Jul-2025,Argos,B,43.941080,-59.914510,1660,1954,1410,116,,,,,,
260378,260378,UT,11:34:19 27-Jul-2025,Argos,B,43.926890,-59.873580,1728,5937,503,76,,,,,,
260378,260378,UT,11:55:38 27-Jul-2025,Argos,B,43.946240,-59.859040,3062,4861,1928,79,,,,,,
260378,260378,UT,12:12:58 27-Jul-2025,Argos,A,43.882180,-59.872670,2185,11593,411,166,,,,,,
260378,260378,UT,12:49:12 27-Jul-2025,Argos,A,43.913900,-59.909380,680,4078,113,63,,,,,,
260378,260378,UT,13:35:13 27-Jul-2025,Argos,0,43.925370,-59.863290,13340,291567,610,98,,,,,,
260378,260378,UT,13:53:48 27-Jul-2025,Argos,1,43.930900,-59.881870,758,4720,121,97,,,,,,
260378,260378,UT,14:24:35 27-Jul-2025,Argos,1,43.933980,-59.849480,582,2019,167,97,,,,,,
260378,260378,UT,14:28:43 27-Jul-2025,Argos,B,43.935530,-59.878420,3897,5121,2964,75,,,,,,
260378,260378,UT,16:06:24 27-Jul-2025,Argos,3,43.938090,-59.852320,243,542,108,125,,,,,,
260378,260378,UT,16:09:47 27-Jul-2025,Argos,B,43.938680,-59.853660,427,513,355,164,,,,,,
260378,260378,UT,17:49:02 27-Jul-2025,Argos,1,43.946390,-59.859590,1106,6624,184,118,,,,,,
260378,260378,UT,00:08:52 28-Jul-2025,Argos,0,43.954110,-59.778570,2699,5264,1383,71,,,,,,
260378,260378,UT,01:00:45 28-Jul-2025,Argos,B,43.960250,-59.789610,22819,102833,5063,3,,,,,,
260378,260378,UT,01:21:16 28-Jul-2025,Argos,A,43.955460,-59.783440,761,13515,42,81,,,,,,
260378,260378,UT,01:50:19 28-Jul-2025,Argos,A,43.955520,-59.779630,405,1852,88,129,,,,,,
260378,260378,UT,03:03:07 28-Jul-2025,Argos,B,43.949590,-59.785890,1004,1995,505,106,,,,,,
260378,260378,UT,03:19:40 28-Jul-2025,Argos,1,43.946070,-59.779860,1111,1740,709,135,,,,,,
260378,260378,UT,04:58:39 28-Jul-2025,Argos,A,43.952480,-59.779600,617,3123,121,146,,,,,,
260378,260378,UT,07:11:39 28-Jul-2025,Argos,B,43.972790,-59.773780,1242,2869,537,95,,,,,,
260378,260378,UT,07:37:09 28-Jul-2025,Argos,B,43.972750,-59.780020,820,1989,337,33,,,,,,
260378,260378,UT,08:41:55 28-Jul-2025,Argos,2,43.958930,-59.776290,307,964,98,77,,,,,,
260378,260378,UT,09:17:55 28-Jul-2025,Argos,B,43.959040,-59.775580,1911,2877,1269,95,,,,,,
260378,260378,UT,10:25:48 28-Jul-2025,Argos,3,43.959770,-59.774770,191,326,111,55,,,,,,
260378,260378,UT,10:56:39 28-Jul-2025,Argos,B,43.958700,-59.775680,615,1077,350,124,,,,,,
260378,260378,UT,12:27:55 28-Jul-2025,Argos,B,43.958710,-59.777160,975,8359,113,33,,,,,,
260378,260378,UT,13:22:05 28-Jul-2025,Argos,A,43.951210,-59.813350,225,250,202,103,,,,,,
260378,260378,UT,13:44:14 28-Jul-2025,Argos,2,43.943090,-59.826570,290,487,172,85,,,,,,
260378,260378,UT,14:05:41 28-Jul-2025,Argos,2,43.934410,-59.815600,339,1931,59,100,,,,,,
260378,260378,UT,15:01:57 28-Jul-2025,Argos,B,43.921510,-59.839500,1255,3958,398,118,,,,,,
260378,260378,UT,15:19:19 28-Jul-2025,Argos,1,43.930220,-59.881180,1119,2712,461,38,,,,,,
260378,260378,UT,15:28:31 28-Jul-2025,Argos,1,43.936430,-59.888290,919,4471,188,111,,,,,,
260378,260378,UT,15:48:03 28-Jul-2025,Argos,2,43.944550,-59.927890,480,679,338,33,,,,,,
260378,260378,UT,00:14:35 29-Jul-2025,Argos,B,43.907290,-59.995540,2493,10207,609,83,,,,,,
260378,260378,UT,00:44:05 29-Jul-2025,Argos,B,43.926420,-59.909870,3145,20617,479,88,,,,,,
260378,260378,UT,04:06:39 29-Jul-2025,Argos,B,43.920630,-59.883640,2171,4915,958,66,,,,,,
260378,260378,UT,08:16:28 29-Jul-2025,Argos,A,43.938220,-59.842910,317,1613,62,120,,,,,,
260378,260378,UT,08:37:56 29-Jul-2025,Argos,1,43.928960,-59.845540,787,4678,132,59,,,,,,
260378,260378,UT,09:49:38 29-Jul-2025,Argos,1,43.938150,-59.825880,663,3972,110,87,,,,,,
260378,260378,UT,10:11:50 29-Jul-2025,Argos,2,43.936780,-59.838480,285,1156,70,82,,,,,,
260378,260378,UT,11:51:51 29-Jul-2025,Argos,B,43.938510,-59.834730,1954,7825,488,39,,,,,,
260378,260378,UT,12:05:56 29-Jul-2025,Argos,B,43.939800,-59.831840,620,2277,168,171,,,,,,
260378,260378,UT,13:02:29 29-Jul-2025,Argos,B,43.939600,-59.831530,796,3620,174,107,,,,,,
260378,260378,UT,13:26:43 29-Jul-2025,Argos,3,43.937380,-59.821830,163,336,78,80,,,,,,
260378,260378,UT,13:46:47 29-Jul-2025,Argos,1,43.938960,-59.844860,614,3527,107,88,,,,,,
260378,260378,UT,14:36:13 29-Jul-2025,Argos,0,43.932430,-59.887230,2530,5318,1203,11,,,,,,
260378,260378,UT,14:36:15 29-Jul-2025,Argos,2,43.922410,-59.849590,405,805,203,74,,,,,,
260378,260378,UT,15:14:02 29-Jul-2025,Argos,B,43.925960,-59.860340,1151,6556,202,129,,,,,,
260378,260378,UT,15:24:31 29-Jul-2025,Argos,3,43.933350,-59.860670,209,432,100,78,,,,,,
260378,260378,UT,16:15:50 29-Jul-2025,Argos,3,43.930040,-59.857550,236,777,71,97,,,,,,
260378,260378,UT,00:22:35 30-Jul-2025,Argos,1,43.932420,-59.857110,892,26260,30,81,,,,,,
260378,260378,UT,00:55:02 30-Jul-2025,Argos,B,43.931660,-59.863160,1017,2160,478,84,,,,,,
260378,260378,UT,01:17:38 30-Jul-2025,Argos,B,43.887770,-59.892710,2949,8237,1056,93,,,,,,
260378,260378,UT,02:37:34 30-Jul-2025,Argos,B,43.883390,-59.895140,8349,15236,4575,87,,,,,,
260378,260378,UT,02:57:05 30-Jul-2025,Argos,B,43.884760,-59.872970,8572,13887,5290,86,,,,,,
260378,260378,UT,03:29:48 30-Jul-2025,Argos,B,43.884100,-59.871650,6616,9947,4400,87,,,,,,
260378,260378,UT,05:11:13 30-Jul-2025,Argos,B,43.886380,-59.853990,2115,2858,1564,90,,,,,,
260378,260378,UT,07:43:46 30-Jul-2025,Argos,2,43.941190,-59.810120,336,787,143,30,,,,,,
260378,260378,UT,07:55:38 30-Jul-2025,Argos,A,43.946150,-59.806770,522,1706,159,21,,,,,,
260378,260378,UT,09:19:09 30-Jul-2025,Argos,0,43.939070,-59.801760,1925,20093,184,85,,,,,,
260378,260378,UT,09:33:15 30-Jul-2025,Argos,0,43.943450,-59.817190,2225,18720,264,99,,,,,,
260378,260378,UT,11:03:24 30-Jul-2025,Argos,B,43.948570,-59.801790,2637,4070,1708,136,,,,,,
260378,260378,UT,11:08:49 30-Jul-2025,Argos,B,43.946480,-59.801280,2304,3620,1466,126,,,,,,
260378,260378,UT,12:34:46 30-Jul-2025,Argos,A,43.929840,-59.799930,524,2537,108,2,,,,,,
260378,260378,UT,13:19:05 30-Jul-2025,Argos,1,43.946030,-59.830750,513,1180,223,134,,,,,,
260378,260378,UT,14:18:41 30-Jul-2025,Argos,A,43.939250,-59.831910,348,1149,105,129,,,,,,
260378,260378,UT,15:01:26 30-Jul-2025,Argos,A,43.940160,-59.828100,198,729,53,123,,,,,,
260378,260378,UT,15:29:41 30-Jul-2025,Argos,A,43.941260,-59.829400,168,267,105,29,,,,,,
260378,260378,UT,16:41:11 30-Jul-2025,Argos,B,43.942220,-59.834660,1146,1629,805,91,,,,,,
260378,260378,UT,17:07:56 30-Jul-2025,Argos,3,43.938580,-59.825510,238,553,102,109,,,,,,
260378,260378,UT,00:02:36 31-Jul-2025,Argos,A,43.948220,-59.826960,706,1664,299,33,,,,,,
260378,260378,UT,00:47:09 31-Jul-2025,Argos,0,43.977990,-59.800190,4801,11015,2092,90,,,,,,
260378,260378,UT,07:14:46 31-Jul-2025,Argos,A,43.930870,-59.852020,48721,212503,11170,120,,,,,,
260378,260378,UT,08:48:36 31-Jul-2025,Argos,1,43.942690,-59.807950,1177,4429,312,130,,,,,,
260378,260378,UT,08:58:01 31-Jul-2025,Argos,2,43.933750,-59.825190,486,2572,91,48,,,,,,
260378,260378,UT,10:29:45 31-Jul-2025,Argos,3,43.944230,-59.811960,106,177,63,118,,,,,,
260378,260378,UT,10:30:08 31-Jul-2025,Argos,2,43.943950,-59.812880,253,293,217,159,,,,,,
260378,260378,UT,12:13:06 31-Jul-2025,Argos,B,43.955580,-59.803340,2722,3770,1964,86,,,,,,
260378,260378,UT,13:00:29 31-Jul-2025,Argos,B,43.950400,-59.807570,2900,3920,2144,75,,,,,,
260378,260378,UT,13:02:27 31-Jul-2025,Argos,3,43.937530,-59.827090,129,260,63,136,,,,,,
260378,260378,UT,13:53:30 31-Jul-2025,Argos,1,43.932090,-59.852250,631,908,438,84,,,,,,
260378,260378,UT,14:45:20 31-Jul-2025,Argos,2,43.930420,-59.855160,414,3734,45,104,,,,,,
260378,260378,UT,14:49:05 31-Jul-2025,Argos,B,43.930760,-59.855350,487,1448,163,102,,,,,,
260378,260378,UT,16:22:05 31-Jul-2025,Argos,3,43.930710,-59.874410,161,763,34,102,,,,,,
260378,260378,UT,01:19:14 01-Aug-2025,Argos,B,43.944130,-59.938980,3425,5547,2114,68,,,,,,
260378,260378,UT,05:13:59 01-Aug-2025,Argos,B,43.973020,-59.912140,3389,5900,1945,96,,,,,,
260378,260378,UT,08:07:09 01-Aug-2025,Argos,0,43.932060,-59.883020,1829,7412,451,2,,,,,,
260378,260378,UT,08:21:00 01-Aug-2025,Argos,A,43.929610,-59.886400,1009,2166,470,148,,,,,,
260378,260378,UT,09:49:47 01-Aug-2025,Argos,3,43.927310,-59.881980,229,806,65,101,,,,,,
260378,260378,UT,09:54:39 01-Aug-2025,Argos,A,43.926140,-59.877290,611,1107,337,148,,,,,,
260378,260378,UT,11:29:04 01-Aug-2025,Argos,A,43.908540,-59.870580,2480,8826,696,150,,,,,,
260378,260378,UT,12:45:46 01-Aug-2025,Argos,1,43.926690,-59.896880,914,1907,437,170,,,,,,
260378,260378,UT,12:58:07 01-Aug-2025,Argos,B,43.923350,-59.879180,3410,5429,2141,76,,,,,,
260378,260378,UT,13:36:38 01-Aug-2025,Argos,B,43.924720,-59.878080,2751,5422,1395,88,,,,,,
260378,260378,UT,14:23:57 01-Aug-2025,Argos,0,43.916940,-59.896170,2003,4235,947,14,,,,,,
260378,260378,UT,14:41:25 01-Aug-2025,Argos,B,43.915930,-59.898250,2684,3082,2336,75,,,,,,
260378,260378,UT,15:34:04 01-Aug-2025,Argos,B,43.914360,-59.903360,2505,8136,771,82,,,,,,
260378,260378,UT,16:03:27 01-Aug-2025,Argos,B,43.912950,-59.905590,1100,2158,560,83,,,,,,
260378,260378,UT,17:18:28 01-Aug-2025,Argos,B,43.931090,-59.900990,1129,7986,159,97,,,,,,
260378,260378,UT,19:23:32 01-Aug-2025,Argos,3,43.930550,-59.864830,127,195,82,43,,,,,,
260378,260378,UT,00:12:53 02-Aug-2025,Argos,0,44.163210,-59.699360,40060,506424,3168,41,,,,,,
260378,260378,UT,00:20:07 02-Aug-2025,Argos,B,44.326120,-59.548970,28701,95531,8622,47,,,,,,
260378,260378,UT,00:58:12 02-Aug-2025,Argos,A,44.223760,-59.785340,18158,43245,7624,53,,,,,,
260378,260378,UT,01:53:56 02-Aug-2025,Argos,B,44.201230,-59.800080,86127,125486,59113,92,,,,,,
260378,260378,UT,02:50:28 02-Aug-2025,Argos,A,43.962750,-59.850460,3942,10655,1458,172,,,,,,
260378,260378,UT,04:31:06 02-Aug-2025,Argos,A,43.933280,-59.858610,4824,48925,475,90,,,,,,
260378,260378,UT,07:53:29 02-Aug-2025,Argos,B,43.694510,-59.916140,7691,10653,5551,83,,,,,,
260378,260378,UT,09:06:39 02-Aug-2025,Argos,B,43.961720,-59.799360,3272,44152,242,95,,,,,,
260378,260378,UT,09:33:36 02-Aug-2025,Argos,B,43.960500,-59.794510,2860,10021,816,94,,,,,,
260378,260378,UT,10:49:03 02-Aug-2025,Argos,B,43.957830,-59.779600,1908,9302,391,113,,,,,,
260378,260378,UT,11:08:04 02-Aug-2025,Argos,B,43.944800,-59.720980,2571,4660,1417,121,,,,,,
260378,260378,UT,12:23:18 02-Aug-2025,Argos,A,43.985480,-59.802220,1821,7565,438,151,,,,,,
260378,260378,UT,12:39:18 02-Aug-2025,Argos,A,43.960770,-59.783250,3140,8606,1145,157,,,,,,
260378,260378,UT,13:21:00 02-Aug-2025,Argos,B,43.985680,-59.780580,5515,10409,2922,116,,,,,,
260378,260378,UT,14:27:02 02-Aug-2025,Argos,B,44.002020,-59.787190,7546,11501,4950,106,,,,,,
260378,260378,UT,14:48:48 02-Aug-2025,Argos,2,43.958290,-59.777750,477,1062,214,138,,,,,,
260378,260378,UT,14:55:58 02-Aug-2025,Argos,B,43.958510,-59.777650,378,1169,122,157,,,,,,
260378,260378,UT,15:44:53 02-Aug-2025,Argos,B,43.972420,-59.783300,1013,1271,806,102,,,,,,
260378,260378,UT,16:32:53 02-Aug-2025,Argos,1,43.942730,-59.814740,846,14637,48,99,,,,,,
260378,260378,UT,18:07:34 02-Aug-2025,Argos,3,43.944070,-59.810610,242,703,82,68,,,,,,
260378,260378,UT,00:06:41 03-Aug-2025,Argos,2,43.941440,-59.815130,272,501,147,34,,,,,,
260378,260378,UT,00:39:05 03-Aug-2025,Argos,B,43.944760,-59.819710,821,10299,65,90,,,,,,
260378,260378,UT,08:25:16 03-Aug-2025,Argos,2,43.940770,-59.814010,414,1061,161,143,,,,,,
260378,260378,UT,08:58:21 03-Aug-2025,Argos,3,43.945370,-59.809210,132,425,41,85,,,,,,
260378,260378,UT,10:06:50 03-Aug-2025,Argos,B,43.945850,-59.811410,1492,2557,869,91,,,,,,
260378,260378,UT,10:31:35 03-Aug-2025,Argos,A,43.944740,-59.801470,349,1909,63,126,,,,,,
260378,260378,UT,11:43:10 03-Aug-2025,Argos,B,43.935960,-59.787670,1131,1781,718,65,,,,,,
260378,260378,UT,12:02:18 03-Aug-2025,Argos,B,43.939220,-59.812920,964,3888,239,117,,,,,,
260378,260378,UT,12:25:52 03-Aug-2025,Argos,A,43.928290,-59.802540,1195,4697,303,145,,,,,,
260378,260378,UT,12:54:31 03-Aug-2025,Argos,B,43.938380,-59.805050,1145,5714,229,107,,,,,,
260378,260378,UT,13:46:00 03-Aug-2025,Argos,B,43.940350,-59.805430,884,6521,119,120,,,,,,
260378,260378,UT,14:10:30 03-Aug-2025,Argos,B,43.951350,-59.813430,740,5662,96,100,,,,,,
260378,260378,UT,14:32:40 03-Aug-2025,Argos,B,43.951320,-59.812220,975,2379,399,99,,,,,,
260378,260378,UT,15:21:28 03-Aug-2025,Argos,2,43.944070,-59.807570,418,482,362,8,,,,,,
260378,260378,UT,15:44:59 03-Aug-2025,Argos,3,43.946640,-59.815140,111,208,59,95,,,,,,
260378,260378,UT,15:53:12 03-Aug-2025,Argos,A,43.942720,-59.810890,1292,6837,244,138,,,,,,
260378,260378,UT,17:23:34 03-Aug-2025,Argos,B,43.940280,-59.807390,778,2318,260,24,,,,,,
260378,260378,UT,18:03:15 03-Aug-2025,Argos,B,43.925660,-59.833610,3527,3830,3247,107,,,,,,
260378,260378,UT,19:36:16 03-Aug-2025,Argos,A,43.954910,-59.827260,3239,13717,764,98,,,,,,
260378,260378,UT,21:02:18 03-Aug-2025,Argos,1,43.956090,-59.786250,979,2779,344,159,,,,,,
260378,260378,UT,21:20:42 03-Aug-2025,Argos,A,43.953390,-59.784590,204,411,101,89,,,,,,
260378,260378,UT,22:38:19 03-Aug-2025,Argos,B,43.954110,-59.778310,845,2186,326,13,,,,,,
260378,260378,UT,22:48:58 03-Aug-2025,Argos,2,43.963650,-59.781970,251,1799,34,96,,,,,,
260378,260378,UT,23:27:26 03-Aug-2025,Argos,2,43.977480,-59.766210,262,382,179,108,,,,,,
260378,260378,UT,23:54:55 03-Aug-2025,Argos,3,43.991030,-59.752620,174,335,90,127,,,,,,
260378,260378,UT,00:20:15 04-Aug-2025,Argos,B,43.991940,-59.746980,501,10393,24,77,,,,,,
260378,260378,UT,00:27:00 04-Aug-2025,Argos,A,43.993120,-59.748200,217,531,88,68,,,,,,
260378,260378,UT,04:34:43 04-Aug-2025,Argos,B,44.066980,-59.724870,1864,3665,947,82,,,,,,
260378,260378,UT,07:47:31 04-Aug-2025,Argos,B,44.143860,-59.670740,2574,6424,1031,88,,,,,,
260378,260378,UT,08:24:03 04-Aug-2025,Argos,B,44.171170,-59.656600,2474,9353,654,90,,,,,,
260378,260378,UT,09:26:38 04-Aug-2025,Argos,A,44.190930,-59.481600,6644,239250,184,101,,,,,,
260378,260378,UT,11:46:39 04-Aug-2025,Argos,B,44.263320,-59.336240,9650,22661,4109,97,,,,,,
260378,260378,UT,12:11:38 04-Aug-2025,Argos,B,44.268230,-59.370940,6780,13863,3315,97,,,,,,
260378,260378,UT,14:09:04 04-Aug-2025,Argos,B,44.395150,-59.526560,4455,40818,486,39,,,,,,
260378,260378,UT,14:54:37 04-Aug-2025,Argos,B,44.423010,-59.512320,5225,14343,1903,43,,,,,,
260378,260378,UT,16:40:35 04-Aug-2025,Argos,B,44.459820,-59.501160,5891,9693,3579,52,,,,,,
260378,260378,UT,18:14:50 04-Aug-2025,Argos,B,44.392660,-59.554490,5709,8699,3746,25,,,,,,
260378,260378,UT,18:56:50 04-Aug-2025,Argos,B,44.322640,-59.591350,2091,3690,1184,110,,,,,,
260378,260378,UT,20:30:48 04-Aug-2025,Argos,B,44.263970,-59.594500,2097,3738,1176,89,,,,,,
260378,260378,UT,20:44:16 04-Aug-2025,Argos,B,44.083670,-59.742110,49949,103128,24191,90,,,,,,
260378,260378,UT,22:15:48 04-Aug-2025,Argos,B,44.326170,-59.192660,49416,137845,17715,112,,,,,,
260378,260378,UT,22:16:10 04-Aug-2025,Argos,B,44.317670,-59.182840,21518,345528,1340,99,,,,,,
260378,260378,UT,23:15:17 04-Aug-2025,Argos,B,44.349490,-59.085230,20564,48723,8679,98,,,,,,
260378,260378,UT,23:48:50 04-Aug-2025,Argos,B,44.036930,-59.353890,1984,30979,127,159,,,,,,
260378,260378,UT,00:01:11 05-Aug-2025,Argos,B,44.385570,-59.028680,1690,3437,831,92,,,,,,
260378,260378,UT,00:52:10 05-Aug-2025,Argos,B,44.246530,-59.439150,2002,7688,521,74,,,,,,
260378,260378,UT,01:22:18 05-Aug-2025,Argos,B,44.268360,-59.448390,3755,8681,1624,77,,,,,,
260378,260378,UT,02:12:41 05-Aug-2025,Argos,B,44.399360,-59.555370,10360,34999,3066,109,,,,,,
260378,260378,UT,02:35:21 05-Aug-2025,Argos,B,44.414960,-59.527120,8484,16367,4397,106,,,,,,
260378,260378,UT,03:03:08 05-Aug-2025,Argos,B,44.369830,-59.490840,15290,27375,8539,136,,,,,,
260378,260378,UT,03:45:49 05-Aug-2025,Argos,B,44.491310,-59.571290,3448,6103,1948,59,,,,,,
260378,260378,UT,05:25:58 05-Aug-2025,Argos,B,44.615380,-59.669600,4972,7699,3210,73,,,,,,
260378,260378,UT,07:48:42 05-Aug-2025,Argos,B,44.585120,-59.626060,15076,33472,6790,146,,,,,,
260378,260378,UT,08:37:41 05-Aug-2025,Argos,B,43.722920,-59.658190,4546,88101,234,40,,,,,,
260378,260378,UT,09:33:09 05-Aug-2025,Argos,Z,44.144760,-59.345830,1078,7211,161,57,,,,,,
260378,260378,UT,10:18:15 05-Aug-2025,Argos,A,44.221770,-59.187460,8177,74301,899,150,,,,,,
260378,260378,UT,13:00:04 05-Aug-2025,Argos,B,44.139070,-59.152530,10153,29793,3459,77,,,,,,
260378,260378,UT,13:54:36 05-Aug-2025,Argos,B,44.222150,-59.009230,2255,5496,925,25,,,,,,
260378,260378,UT,14:50:29 05-Aug-2025,Argos,B,44.270830,-58.941790,2876,3435,2407,74,,,,,,
260378,260378,UT,15:47:52 05-Aug-2025,Argos,B,44.300480,-58.889300,1928,2436,1524,83,,,,,,
260378,260378,UT,16:24:58 05-Aug-2025,Argos,B,44.289690,-58.902490,1817,2460,1342,82,,,,,,
260378,260378,UT,17:28:57 05-Aug-2025,Argos,B,44.257860,-58.929880,1520,15571,148,100,,,,,,
260378,260378,UT,18:19:43 05-Aug-2025,Argos,B,44.279500,-58.931520,1956,6267,610,99,,,,,,
260378,260378,UT,19:57:33 05-Aug-2025,Argos,A,44.284870,-59.128700,469,1634,134,33,,,,,,
260378,260378,UT,21:40:52 05-Aug-2025,Argos,B,44.304080,-59.166780,1977,2686,1454,88,,,,,,
260378,260378,UT,21:40:52 05-Aug-2025,Argos,B,44.344750,-59.165620,1259,2219,714,89,,,,,,
260378,260378,UT,22:47:36 05-Aug-2025,Argos,B,44.371340,-59.204610,1536,2941,802,83,,,,,,
260378,260378,UT,23:27:15 05-Aug-2025,Argos,A,44.661790,-59.107780,7953,37568,1683,177,,,,,,
260378,260378,UT,23:27:15 05-Aug-2025,Argos,B,44.377230,-59.207230,2008,3990,1010,93,,,,,,
260378,260378,UT,23:35:58 05-Aug-2025,Argos,A,44.517780,-59.250220,4502,15637,1296,122,,,,,,
260378,260378,UT,00:23:38 06-Aug-2025,Argos,A,44.004930,-59.730520,39944,140040,11393,77,,,,,,
260378,260378,UT,01:28:14 06-Aug-2025,Argos,B,43.999160,-59.721840,364862,511704,260158,84,,,,,,
260378,260378,UT,02:08:22 06-Aug-2025,Argos,B,44.078730,-59.700250,317999,478696,211248,89,,,,,,
260378,260378,UT,03:02:55 06-Aug-2025,Argos,B,44.280540,-59.753080,11459,151501,866,79,,,,,,
260378,260378,UT,04:44:53 06-Aug-2025,Argos,B,44.422030,-59.778390,16852,38835,7312,85,,,,,,
260378,260378,UT,07:22:56 06-Aug-2025,Argos,B,44.587900,-59.415190,20797,32374,13359,76,,,,,,
260378,260378,UT,08:04:38 06-Aug-2025,Argos,Z,44.345070,-59.492460,20888,38643,11290,80,,,,,,
260378,260378,UT,09:03:51 06-Aug-2025,Argos,B,44.681860,-59.375490,32142,60305,17131,22,,,,,,
260378,260378,UT,09:41:14 06-Aug-2025,Argos,B,43.160360,-59.370400,1349,1852,981,65,,,,,,
260378,260378,UT,11:18:37 06-Aug-2025,Argos,B,43.631210,-59.409020,7417,32532,1691,57,,,,,,
260378,260378,UT,12:41:11 06-Aug-2025,Argos,B,44.114930,-59.296310,5624,95240,332,68,,,,,,
260378,260378,UT,13:34:26 06-Aug-2025,Argos,B,44.200380,-59.200370,4739,11247,1996,89,,,,,,
260378,260378,UT,13:34:26 06-Aug-2025,Argos,B,44.223450,-59.190300,1022,2834,368,90,,,,,,
260378,260378,UT,14:21:50 06-Aug-2025,Argos,B,44.296190,-59.110100,1375,2687,703,91,,,,,,
260378,260378,UT,15:09:52 06-Aug-2025,Argos,B,44.365170,-59.026190,1658,2946,932,91,,,,,,
260378,260378,UT,15:16:07 06-Aug-2025,Argos,B,44.296000,-59.105300,1636,2635,1015,90,,,,,,
260378,260378,UT,15:16:07 06-Aug-2025,Argos,B,44.292290,-59.105510,1661,2936,939,88,,,,,,
260378,260378,UT,16:41:05 06-Aug-2025,Argos,B,43.967810,-59.405310,38000,79330,18202,121,,,,,,
260378,260378,UT,18:24:40 06-Aug-2025,Argos,B,44.028670,-59.404730,47029,86183,25663,109,,,,,,
260378,260378,UT,19:16:24 06-Aug-2025,Argos,B,44.161080,-59.498250,40472,98456,16636,88,,,,,,
260378,260378,UT,20:52:06 06-Aug-2025,Argos,B,44.242640,-59.529450,36175,69366,18864,89,,,,,,
260378,260378,UT,21:10:01 06-Aug-2025,Argos,B,44.167750,-59.452490,1930,5104,729,78,,,,,,
260378,260378,UT,22:28:35 06-Aug-2025,Argos,B,44.197820,-59.471030,2157,5654,822,78,,,,,,
260378,260378,UT,22:35:16 06-Aug-2025,Argos,B,44.183250,-59.333470,3205,4500,2281,137,,,,,,
260378,260378,UT,22:49:23 06-Aug-2025,Argos,B,44.295880,-59.468570,3091,11319,844,101,,,,,,
260378,260378,UT,00:08:07 07-Aug-2025,Argos,B,44.239500,-59.011690,3915,7740,1979,94,,,,,,
260378,260378,UT,00:30:34 07-Aug-2025,Argos,B,44.194000,-58.967200,3148,10311,961,81,,,,,,
260378,260378,UT,00:57:44 07-Aug-2025,Argos,B,44.190680,-58.966510,2555,99953,65,75,,,,,,
260378,260378,UT,01:45:26 07-Aug-2025,Argos,B,44.191350,-58.950570,830,6919,99,25,,,,,,
260378,260378,UT,02:19:22 07-Aug-2025,Argos,B,44.190910,-58.938340,1086,1644,717,44,,,,,,
260378,260378,UT,04:02:22 07-Aug-2025,Argos,B,44.194120,-58.903930,1777,2426,1301,71,,,,,,
260378,260378,UT,07:20:45 07-Aug-2025,Argos,B,44.162320,-58.870300,2588,5445,1230,90,,,,,,
260378,260378,UT,09:02:28 07-Aug-2025,Argos,B,44.155810,-58.913990,2965,5694,1544,86,,,,,,
260378,260378,UT,12:18:39 07-Aug-2025,Argos,B,44.122570,-58.999540,1982,36681,107,137,,,,,,
260378,260378,UT,13:57:56 07-Aug-2025,Argos,B,44.097510,-58.980040,2278,4611,1125,131,,,,,,
260378,260378,UT,14:47:58 07-Aug-2025,Argos,B,43.699320,-58.941550,21140,54931,8135,102,,,,,,
260378,260378,UT,15:41:57 07-Aug-2025,Argos,B,43.771000,-59.028330,17253,50496,5894,74,,,,,,
260378,260378,UT,16:01:10 07-Aug-2025,Argos,B,43.831790,-58.961650,7261,17950,2936,79,,,,,,
260378,260378,UT,17:39:19 07-Aug-2025,Argos,B,43.783110,-58.996000,10582,19194,5834,80,,,,,,
260378,260378,UT,18:32:06 07-Aug-2025,Argos,B,43.997470,-58.865770,7789,17637,3439,92,,,,,,
260378,260378,UT,20:09:40 07-Aug-2025,Argos,B,44.094720,-58.824910,5037,9438,2688,91,,,,,,
260378,260378,UT,20:34:53 07-Aug-2025,Argos,B,44.131740,-58.830880,4668,9043,2409,85,,,,,,
260378,260378,UT,22:18:20 07-Aug-2025,Argos,A,44.350800,-59.422780,9543,103270,881,108,,,,,,
260378,260378,UT,23:05:33 07-Aug-2025,Argos,B,44.379250,-59.440260,17814,30395,10440,97,,,,,,
260378,260378,UT,23:42:51 07-Aug-2025,Argos,0,44.496910,-59.035570,22767,36855,14063,62,,,,,,
260378,260378,UT,23:59:59 07-Aug-2025,Argos,B,44.208350,-58.828840,35697,213285,5974,69,,,,,,
260378,260378,UT,00:32:02 08-Aug-2025,Argos,B,44.207870,-58.829030,63845,104078,39163,79,,,,,,
260378,260378,UT,00:38:58 08-Aug-2025,Argos,0,44.051370,-59.176580,71454,252788,20197,78,,,,,,
260378,260378,UT,01:22:10 08-Aug-2025,Argos,A,44.481070,-59.218770,46178,221659,9620,110,,,,,,
260378,260378,UT,01:38:18 08-Aug-2025,Argos,B,44.479200,-59.212460,102706,160902,65559,98,,,,,,
260378,260378,UT,03:08:11 08-Aug-2025,Argos,B,44.497420,-58.706090,116820,131674,103640,127,,,,,,
260378,260378,UT,03:11:21 08-Aug-2025,Argos,A,44.238280,-59.098300,27316,90429,8251,118,,,,,,
260378,260378,UT,04:50:32 08-Aug-2025,Argos,B,44.241180,-58.763380,28951,259192,3233,166,,,,,,
260378,260378,UT,07:59:19 08-Aug-2025,Argos,B,44.289580,-58.387790,42548,53171,34046,64,,,,,,
260378,260378,UT,08:17:28 08-Aug-2025,Argos,B,44.264270,-58.341880,3378,7953,1434,71,,,,,,
260378,260378,UT,09:33:56 08-Aug-2025,Argos,B,44.272160,-58.201030,3499,9502,1288,75,,,,,,
260378,260378,UT,09:56:19 08-Aug-2025,Argos,B,44.202580,-58.609940,2811,13055,605,94,,,,,,
260378,260378,UT,11:15:21 08-Aug-2025,Argos,B,44.208620,-58.445380,2711,9831,747,100,,,,,,
260378,260378,UT,11:35:51 08-Aug-2025,Argos,B,44.213980,-58.273920,5666,30056,1068,91,,,,,,
260378,260378,UT,12:00:55 08-Aug-2025,Argos,B,43.960940,-58.909530,1572,35096,70,81,,,,,,
260378,260378,UT,13:10:47 08-Aug-2025,Argos,B,44.175630,-58.823130,10964,14332,8387,114,,,,,,
260378,260378,UT,13:38:10 08-Aug-2025,Argos,B,44.173640,-58.739330,12969,19093,8808,96,,,,,,
260378,260378,UT,15:17:24 08-Aug-2025,Argos,B,44.169990,-58.537220,11684,18690,7303,91,,,,,,
260378,260378,UT,15:17:24 08-Aug-2025,Argos,B,44.186200,-58.517690,11605,22234,6056,104,,,,,,
260378,260378,UT,16:55:14 08-Aug-2025,Argos,B,44.180350,-58.463410,3788,13234,1084,76,,,,,,
260378,260378,UT,19:31:44 08-Aug-2025,Argos,B,44.217210,-58.178900,4558,32048,648,84,,,,,,
260378,260378,UT,20:04:19 08-Aug-2025,Argos,B,44.213360,-58.261510,6928,82976,578,83,,,,,,
260378,260378,UT,21:13:11 08-Aug-2025,Argos,B,44.175840,-58.405920,10735,78949,1459,88,,,,,,
260378,260378,UT,21:46:54 08-Aug-2025,Argos,B,44.169230,-58.485310,2524,16762,379,7,,,,,,
260378,260378,UT,22:40:07 08-Aug-2025,Argos,B,44.158940,-58.508170,3606,4337,2998,30,,,,,,
260378,260378,UT,22:54:30 08-Aug-2025,Argos,B,44.156780,-58.514750,2375,2739,2058,42,,,,,,
260378,260378,UT,23:21:31 08-Aug-2025,Argos,B,44.151620,-58.499710,1231,17205,88,35,,,,,,
260378,260378,UT,23:27:59 08-Aug-2025,Argos,B,44.137500,-58.511260,417,3123,55,70,,,,,,
260378,260378,UT,00:21:04 09-Aug-2025,Argos,B,44.128960,-58.534920,1084,1663,706,83,,,,,,
260378,260378,UT,00:32:17 09-Aug-2025,Argos,0,44.155050,-59.047880,77232,195825,30459,60,,,,,,
260378,260378,UT,00:48:54 09-Aug-2025,Argos,B,44.149340,-59.042580,296485,417405,210595,86,,,,,,
260378,260378,UT,01:09:22 09-Aug-2025,Argos,B,44.155780,-59.034070,389693,545304,278487,89,,,,,,
260378,260378,UT,02:10:41 09-Aug-2025,Argos,B,44.131740,-58.984410,561316,771097,408606,84,,,,,,
260378,260378,UT,02:23:16 09-Aug-2025,Argos,B,44.136280,-58.924610,1369,1772,1056,85,,,,,,
260378,260378,UT,04:05:17 09-Aug-2025,Argos,A,44.252890,-58.353330,1170,4631,295,43,,,,,,
260378,260378,UT,07:23:57 09-Aug-2025,Argos,B,44.305980,-57.985600,8229,12834,5276,88,,,,,,
260378,260378,UT,09:01:01 09-Aug-2025,Argos,B,44.326510,-57.804490,7123,10975,4622,88,,,,,,
260378,260378,UT,09:22:31 09-Aug-2025,Argos,B,44.042480,-58.283130,9133,26437,3154,64,,,,,,
260378,260378,UT,10:41:24 09-Aug-2025,Argos,B,44.073010,-58.554770,25156,93126,6795,100,,,,,,
260378,260378,UT,10:52:07 09-Aug-2025,Argos,B,44.096740,-58.520450,7419,30281,1817,101,,,,,,
260378,260378,UT,13:23:03 09-Aug-2025,Argos,B,44.119060,-58.601770,5462,21858,1364,94,,,,,,
260378,260378,UT,14:28:42 09-Aug-2025,Argos,B,44.093600,-58.511040,7141,18949,2691,96,,,,,,
260378,260378,UT,14:59:59 09-Aug-2025,Argos,B,44.091700,-58.452550,2346,30886,178,176,,,,,,
260378,260378,UT,17:42:57 09-Aug-2025,Argos,B,44.026520,-58.351930,3613,4364,2991,178,,,,,,
260378,260378,UT,18:50:08 09-Aug-2025,Argos,B,44.357530,-58.682460,777,14456,41,83,,,,,,
260378,260378,UT,20:31:01 09-Aug-2025,Argos,B,44.202740,-58.530920,3859,90433,164,76,,,,,,
260378,260378,UT,21:12:35 09-Aug-2025,Argos,B,44.208100,-58.528610,6768,19911,2300,78,,,,,,
260378,260378,UT,22:11:00 09-Aug-2025,Argos,B,44.168790,-58.478930,11141,27322,4543,97,,,,,,
260378,260378,UT,22:56:18 09-Aug-2025,Argos,B,44.222280,-58.472150,7909,27578,2268,95,,,,,,
260378,260378,UT,23:04:42 09-Aug-2025,Argos,B,44.269790,-58.439530,2976,53124,166,109,,,,,,
260378,260378,UT,23:55:11 09-Aug-2025,Argos,B,44.261380,-58.388570,1808,5149,634,94,,,,,,
260378,260378,UT,00:18:54 10-Aug-2025,Argos,A,44.296510,-59.351550,76219,271005,21436,78,,,,,,
260378,260378,UT,00:32:37 10-Aug-2025,Argos,B,44.300260,-59.346680,330278,477261,228561,89,,,,,,
260378,260378,UT,00:40:38 10-Aug-2025,Argos,0,44.017290,-59.253870,14109,77155,2580,78,,,,,,
260378,260378,UT,01:38:06 10-Aug-2025,Argos,B,44.252440,-58.429930,15859,31139,8076,64,,,,,,
260378,260378,UT,02:25:34 10-Aug-2025,Argos,B,44.252420,-58.429930,71031,104591,48239,87,,,,,,
260378,260378,UT,03:19:47 10-Aug-2025,Argos,B,44.285540,-58.377740,69034,112239,42460,113,,,,,,
260378,260378,UT,05:00:44 10-Aug-2025,Argos,B,44.288070,-58.358620,10363,16521,6499,105,,,,,,
260378,260378,UT,06:57:42 10-Aug-2025,Argos,B,44.284070,-58.390240,13143,15876,10880,95,,,,,,
260378,260378,UT,08:28:38 10-Aug-2025,Argos,B,44.302590,-58.357410,11055,16868,7244,58,,,,,,
260378,260378,UT,08:34:33 10-Aug-2025,Argos,B,44.211580,-58.483230,1486,11721,188,139,,,,,,
260378,260378,UT,10:17:31 10-Aug-2025,Argos,B,44.222020,-58.466710,2014,3545,1144,129,,,,,,
260378,260378,UT,12:06:04 10-Aug-2025,Argos,B,44.216350,-58.449610,2376,3408,1656,97,,,,,,
260378,260378,UT,12:42:12 10-Aug-2025,Argos,A,44.421550,-59.010020,3517,48634,254,109,,,,,,
260378,260378,UT,12:55:55 10-Aug-2025,Argos,0,44.101640,-58.413650,12083,29019,5031,175,,,,,,
260378,260378,UT,13:54:07 10-Aug-2025,Argos,B,44.228540,-58.467440,78112,109010,55971,88,,,,,,
260378,260378,UT,14:39:08 10-Aug-2025,Argos,B,44.136810,-58.519290,55635,273764,11306,112,,,,,,
260378,260378,UT,15:21:52 10-Aug-2025,Argos,B,44.139830,-58.655810,4916,9459,2554,153,,,,,,
260378,260378,UT,16:19:52 10-Aug-2025,Argos,B,43.922270,-58.579970,23877,34510,16519,69,,,,,,
260378,260378,UT,16:58:01 10-Aug-2025,Argos,B,44.034720,-58.413020,21130,81404,5484,119,,,,,,
260378,260378,UT,18:12:35 10-Aug-2025,Argos,A,43.921150,-58.478370,10681,42213,2702,106,,,,,,
260378,260378,UT,19:49:11 10-Aug-2025,Argos,A,44.208200,-58.565360,3556,8645,1462,127,,,,,,
260378,260378,UT,20:45:45 10-Aug-2025,Argos,B,44.368250,-58.641240,17114,35378,8279,79,,,,,,
260378,260378,UT,21:28:46 10-Aug-2025,Argos,0,44.316340,-58.451740,18462,79615,4281,24,,,,,,
260378,260378,UT,22:18:47 10-Aug-2025,Argos,A,44.335340,-58.440890,28278,132584,6031,101,,,,,,
260378,260378,UT,22:48:39 10-Aug-2025,Argos,B,44.348070,-58.412630,31798,63112,16020,97,,,,,,
260378,260378,UT,23:40:39 10-Aug-2025,Argos,B,44.365600,-58.382430,40001,72712,22005,74,,,,,,
260378,260378,UT,00:00:22 11-Aug-2025,Argos,A,44.147340,-58.639250,5551,36572,842,55,,,,,,
260378,260378,UT,00:07:44 11-Aug-2025,Argos,A,44.466160,-58.542060,1104,1979,615,76,,,,,,
260378,260378,UT,00:18:57 11-Aug-2025,Argos,0,43.982510,-59.219390,44782,122713,16342,69,,,,,,
260378,260378,UT,01:48:09 11-Aug-2025,Argos,B,44.053510,-59.232620,460850,872187,243505,86,,,,,,
260378,260378,UT,02:03:03 11-Aug-2025,Argos,A,44.039370,-58.578690,4814,30159,768,31,,,,,,
260378,260378,UT,02:34:00 11-Aug-2025,Argos,B,44.069810,-58.578690,4323,10393,1798,8,,,,,,
260378,260378,UT,04:13:17 11-Aug-2025,Argos,B,44.154960,-58.589020,8708,9175,8263,58,,,,,,
260378,260378,UT,07:54:13 11-Aug-2025,Argos,B,44.415900,-58.686340,1254,3928,400,39,,,,,,
260378,260378,UT,08:01:21 11-Aug-2025,Argos,B,44.287700,-58.770410,1099,2275,530,47,,,,,,
260378,260378,UT,09:34:25 11-Aug-2025,Argos,A,44.433680,-58.989830,28794,368017,2252,107,,,,,,
260378,260378,UT,09:36:40 11-Aug-2025,Argos,B,44.384940,-58.798130,1784,2383,1336,73,,,,,,
260378,260378,UT,11:10:26 11-Aug-2025,Argos,A,44.325920,-58.243450,9168,61800,1360,68,,,,,,
260378,260378,UT,12:37:15 11-Aug-2025,Argos,B,44.462720,-58.377540,10052,94692,1067,33,,,,,,
260378,260378,UT,13:26:39 11-Aug-2025,Argos,A,44.422520,-58.418580,4524,11544,1772,100,,,,,,
260378,260378,UT,14:15:08 11-Aug-2025,Argos,0,44.280660,-58.252930,26775,237745,3015,79,,,,,,
260378,260378,UT,16:15:31 11-Aug-2025,Argos,A,44.166950,-58.572560,13463,92779,1953,76,,,,,,
260378,260378,UT,17:52:59 11-Aug-2025,Argos,A,44.052510,-58.465650,2153,7582,611,9,,,,,,
260378,260378,UT,19:12:10 11-Aug-2025,Argos,A,44.054650,-58.161350,3158,21554,462,117,,,,,,
260378,260378,UT,20:44:04 11-Aug-2025,Argos,0,44.268380,-58.389350,9678,70613,1326,79,,,,,,
260378,260378,UT,21:51:07 11-Aug-2025,Argos,B,44.248260,-58.541910,35372,97476,12835,159,,,,,,
260378,260378,UT,22:26:23 11-Aug-2025,Argos,A,44.213200,-57.916860,6251,87241,447,96,,,,,,
260378,260378,UT,22:27:08 11-Aug-2025,Argos,A,43.964440,-58.873640,5067,57909,443,54,,,,,,
260378,260378,UT,00:04:37 12-Aug-2025,Argos,0,43.930670,-59.111710,12455,18648,8318,75,,,,,,
260378,260378,UT,00:53:51 12-Aug-2025,Argos,B,43.905680,-59.137410,85686,139222,52736,82,,,,,,
260378,260378,UT,01:47:21 12-Aug-2025,Argos,B,44.081830,-58.986130,92638,623345,13767,87,,,,,,
260378,260378,UT,01:50:45 12-Aug-2025,Argos,B,44.154480,-58.356230,5065,41311,620,110,,,,,,
260378,260378,UT,03:24:52 12-Aug-2025,Argos,B,44.227860,-58.318610,9312,15925,5445,94,,,,,,
260378,260378,UT,05:05:50 12-Aug-2025,Argos,A,44.447200,-58.319280,3604,20526,632,27,,,,,,
260378,260378,UT,07:29:49 12-Aug-2025,Argos,B,44.572940,-58.269540,9875,14520,6715,79,,,,,,
260378,260378,UT,08:57:15 12-Aug-2025,Argos,B,44.388870,-58.335920,14223,17668,11449,49,,,,,,
260378,260378,UT,09:11:27 12-Aug-2025,Argos,B,44.215640,-58.306890,12621,505053,315,78,,,,,,
260378,260378,UT,10:27:09 12-Aug-2025,Argos,B,44.225770,-58.319900,13615,32616,5683,82,,,,,,
260378,260378,UT,10:45:49 12-Aug-2025,Argos,B,44.220130,-58.328240,10341,23797,4493,87,,,,,,
260378,260378,UT,13:15:45 12-Aug-2025,Argos,B,44.252960,-58.342370,10223,18249,5727,87,,,,,,
260378,260378,UT,14:03:39 12-Aug-2025,Argos,Z,43.663660,-58.585470,8869,534416,147,100,,,,,,
260378,260378,UT,15:33:59 12-Aug-2025,Argos,B,44.266870,-58.362350,3106,3998,2413,98,,,,,,
260378,260378,UT,15:33:59 12-Aug-2025,Argos,B,44.254550,-58.367740,3050,4270,2178,106,,,,,,
260378,260378,UT,17:09:08 12-Aug-2025,Argos,B,44.266570,-58.367020,2520,7629,832,87,,,,,,
260378,260378,UT,19:59:50 12-Aug-2025,Argos,A,44.132760,-58.468130,1807,10463,312,54,,,,,,
260378,260378,UT,21:22:28 12-Aug-2025,Argos,B,44.140680,-58.468510,5248,7372,3736,88,,,,,,
260378,260378,UT,21:44:13 12-Aug-2025,Argos,B,44.195450,-58.429800,4058,8299,1983,90,,,,,,
260378,260378,UT,22:05:31 12-Aug-2025,Argos,B,44.197050,-58.425650,3579,6738,1900,91,,,,,,
260378,260378,UT,22:57:38 12-Aug-2025,Argos,B,44.237660,-58.472970,1500,37883,59,72,,,,,,
260378,260378,UT,23:44:27 12-Aug-2025,Argos,A,44.104970,-58.282680,12322,41856,3627,124,,,,,,
260378,260378,UT,00:32:17 13-Aug-2025,Argos,B,44.319610,-58.314410,19879,318071,1242,86,,,,,,
260378,260378,UT,00:40:06 13-Aug-2025,Argos,B,44.318000,-58.308400,18322,70592,4755,86,,,,,,
260378,260378,UT,01:26:39 13-Aug-2025,Argos,B,44.324420,-58.329160,17707,33993,9223,90,,,,,,
260378,260378,UT,02:12:45 13-Aug-2025,Argos,B,44.359740,-58.341650,15372,25527,9256,87,,,,,,
260378,260378,UT,02:42:11 13-Aug-2025,Argos,B,44.308200,-58.449310,1201,16514,87,140,,,,,,
260378,260378,UT,03:05:35 13-Aug-2025,Argos,B,44.331000,-58.453010,1591,4429,571,140,,,,,,
260378,260378,UT,04:20:51 13-Aug-2025,Argos,A,44.378880,-58.270820,1005,4769,211,48,,,,,,
260378,260378,UT,08:09:06 13-Aug-2025,Argos,B,44.279180,-58.704490,17169,49253,5984,135,,,,,,
260378,260378,UT,08:36:19 13-Aug-2025,Argos,B,44.127550,-58.502130,13901,125707,1537,38,,,,,,
260378,260378,UT,09:50:37 13-Aug-2025,Argos,B,44.272110,-58.429260,4313,42792,434,101,,,,,,
260378,260378,UT,10:15:43 13-Aug-2025,Argos,B,44.264750,-58.408470,3508,8592,1432,96,,,,,,
260378,260378,UT,12:47:10 13-Aug-2025,Argos,B,44.365950,-58.352270,5152,10338,2567,76,,,,,,
260378,260378,UT,15:15:24 13-Aug-2025,Argos,A,44.088320,-58.727690,21691,159018,2958,111,,,,,,
260378,260378,UT,16:20:40 13-Aug-2025,Argos,B,44.070010,-58.737460,25614,57649,11380,104,,,,,,
260378,260378,UT,17:59:15 13-Aug-2025,Argos,B,44.069490,-58.670580,21705,35413,13302,109,,,,,,
260378,260378,UT,19:24:36 13-Aug-2025,Argos,B,44.207160,-58.617070,4103,23989,701,135,,,,,,
260378,260378,UT,20:45:02 13-Aug-2025,Argos,B,44.187970,-58.465770,4228,30406,587,22,,,,,,
260378,260378,UT,21:01:07 13-Aug-2025,Argos,B,44.247000,-58.429860,1178,10492,132,113,,,,,,
260378,260378,UT,22:30:10 13-Aug-2025,Argos,B,44.263780,-58.374490,996,5627,176,85,,,,,,
260378,260378,UT,23:22:07 13-Aug-2025,Argos,B,44.272300,-58.347040,1990,7430,533,89,,,,,,
260378,260378,UT,00:07:16 14-Aug-2025,Argos,B,44.249460,-58.387290,1739,6066,498,99,,,,,,
260378,260378,UT,00:12:51 14-Aug-2025,Argos,B,44.238100,-58.369160,2194,9800,491,91,,,,,,
260378,260378,UT,01:02:01 14-Aug-2025,Argos,A,44.212540,-58.539200,1125,14325,88,73,,,,,,
260378,260378,UT,01:55:23 14-Aug-2025,Argos,B,44.207290,-58.581960,3418,5500,2123,84,,,,,,
260378,260378,UT,02:40:13 14-Aug-2025,Argos,B,44.201890,-58.614160,3230,4834,2158,86,,,,,,
260378,260378,UT,03:32:16 14-Aug-2025,Argos,B,44.231530,-58.423550,6905,8636,5521,151,,,,,,
260378,260378,UT,05:13:33 14-Aug-2025,Argos,B,44.232460,-58.391040,9764,13434,7095,97,,,,,,
260378,260378,UT,07:26:47 14-Aug-2025,Argos,B,44.241960,-58.362660,8948,22957,3487,83,,,,,,
260378,260378,UT,08:06:24 14-Aug-2025,Argos,A,44.232410,-58.549780,7600,23069,2503,91,,,,,,
260378,260378,UT,09:07:28 14-Aug-2025,Argos,B,44.220770,-58.551410,47783,93049,24537,92,,,,,,
260378,260378,UT,09:44:04 14-Aug-2025,Argos,B,44.196520,-58.497720,23306,332205,1635,55,,,,,,
260378,260378,UT,10:47:23 14-Aug-2025,Argos,B,44.193590,-58.460600,2038,3449,1203,77,,,,,,
260378,260378,UT,13:18:32 14-Aug-2025,Argos,B,43.745540,-55.206750,786,19998,30,96,,,,,,
260378,260378,UT,14:56:50 14-Aug-2025,Argos,B,44.160380,-58.502600,967,11351,82,129,,,,,,
260378,260378,UT,15:32:46 14-Aug-2025,Argos,B,44.042670,-58.397700,9065,15182,5412,86,,,,,,
260378,260378,UT,17:13:22 14-Aug-2025,Argos,B,44.018510,-58.246870,17814,124594,2546,113,,,,,,
260378,260378,UT,18:45:59 14-Aug-2025,Argos,B,44.013020,-58.260950,1905,8585,422,83,,,,,,
260378,260378,UT,18:53:40 14-Aug-2025,Argos,B,44.019930,-58.267310,1467,5423,396,83,,,,,,
260378,260378,UT,20:12:12 14-Aug-2025,Argos,B,43.986740,-58.262780,1650,3093,880,82,,,,,,
260378,260378,UT,20:23:48 14-Aug-2025,Argos,A,44.180580,-58.593280,94279,0,7095,76,,,,,,
260378,260378,UT,21:56:05 14-Aug-2025,Argos,A,44.183900,-58.665670,9532,48299,1881,73,,,,,,
260378,260378,UT,22:01:02 14-Aug-2025,Argos,B,44.185320,-58.667690,588,1337,258,81,,,,,,
260378,260378,UT,23:02:18 14-Aug-2025,Argos,B,44.163210,-58.661990,1501,2337,963,84,,,,,,
260378,260378,UT,23:35:40 14-Aug-2025,Argos,0,44.268380,-58.230460,20013,122609,3266,86,,,,,,
260378,260378,UT,23:48:31 14-Aug-2025,Argos,A,44.213000,-58.416860,6958,24072,2011,44,,,,,,
260378,260378,UT,00:36:16 15-Aug-2025,Argos,0,43.957900,-59.629360,33596,267718,4215,77,,,,,,
260378,260378,UT,01:13:48 15-Aug-2025,Argos,B,43.941020,-59.595270,128934,185268,89728,85,,,,,,
260378,260378,UT,02:47:08 15-Aug-2025,Argos,B,43.722610,-59.171830,128024,0,5187,55,,,,,,
260378,260378,UT,04:27:29 15-Aug-2025,Argos,B,44.228700,-58.202690,1955,27948,136,82,,,,,,
260378,260378,UT,07:37:45 15-Aug-2025,Argos,B,44.237660,-58.223590,8532,12079,6026,76,,,,,,
260378,260378,UT,09:16:45 15-Aug-2025,Argos,B,44.176610,-58.231430,5315,57524,491,78,,,,,,
260378,260378,UT,10:04:00 15-Aug-2025,Argos,B,44.156390,-58.274960,1340,3323,540,87,,,,,,
260378,260378,UT,10:53:54 15-Aug-2025,Argos,B,44.150000,-58.282720,1479,3317,659,97,,,,,,
260378,260378,UT,12:05:01 15-Aug-2025,Argos,B,44.185350,-58.355600,1687,3517,808,87,,,,,,
260378,260378,UT,14:41:07 15-Aug-2025,Argos,B,44.188750,-58.424070,2532,4499,1425,81,,,,,,
260378,260378,UT,16:14:27 15-Aug-2025,Argos,B,43.968500,-58.618310,15227,54791,4231,94,,,,,,
260378,260378,UT,16:32:32 15-Aug-2025,Argos,B,44.313600,-58.483730,44453,699380,2825,99,,,,,,
260378,260378,UT,18:07:10 15-Aug-2025,Argos,B,44.251420,-58.544770,38039,95423,15163,102,,,,,,
260378,260378,UT,19:41:24 15-Aug-2025,Argos,B,44.213780,-58.634300,62650,203428,19294,82,,,,,,
260378,260378,UT,21:17:31 15-Aug-2025,Argos,B,44.257390,-58.494550,2505,74235,84,107,,,,,,
260378,260378,UT,21:20:55 15-Aug-2025,Argos,B,44.249020,-58.509660,2881,115592,71,42,,,,,,
260378,260378,UT,22:44:15 15-Aug-2025,Argos,B,44.202130,-58.570550,3978,11589,1365,41,,,,,,
260378,260378,UT,23:00:39 15-Aug-2025,Argos,B,44.269290,-58.488920,1310,52026,33,91,,,,,,
260378,260378,UT,23:38:03 15-Aug-2025,Argos,B,44.247740,-58.520750,1562,5040,484,91,,,,,,
260378,260378,UT,00:17:21 16-Aug-2025,Argos,0,44.058430,-58.990650,42220,105316,16925,76,,,,,,
260378,260378,UT,00:44:15 16-Aug-2025,Argos,B,44.164430,-58.687580,241670,317010,184235,104,,,,,,
260378,260378,UT,01:09:56 16-Aug-2025,Argos,B,44.325480,-58.708490,54764,223689,13407,86,,,,,,
260378,260378,UT,02:03:32 16-Aug-2025,Argos,B,44.142640,-58.276730,5968,98141,362,99,,,,,,
260378,260378,UT,02:03:55 16-Aug-2025,Argos,B,44.144780,-58.288820,32287,322215,3235,98,,,,,,
260378,260378,UT,03:43:52 16-Aug-2025,Argos,B,44.248000,-58.458140,7891,235437,264,65,,,,,,
260378,260378,UT,08:38:56 16-Aug-2025,Argos,B,44.345760,-58.603730,9992,15790,6323,84,,,,,,
260378,260378,UT,12:33:59 16-Aug-2025,Argos,B,44.279990,-58.659000,11739,24871,5540,80,,,,,,
260378,260378,UT,13:32:11 16-Aug-2025,Argos,B,44.225810,-58.475350,9823,20277,4758,88,,,,,,
260378,260378,UT,14:11:53 16-Aug-2025,Argos,A,44.494190,-58.063880,13996,78750,2487,61,,,,,,
260378,260378,UT,15:44:47 16-Aug-2025,Argos,B,44.588560,-58.452000,12278,86531,1742,7,,,,,,
260378,260378,UT,15:57:51 16-Aug-2025,Argos,B,44.555420,-58.458690,10543,21413,5190,7,,,,,,
260378,260378,UT,17:21:42 16-Aug-2025,Argos,B,44.673300,-58.400000,8373,10632,6593,38,,,,,,
260378,260378,UT,20:35:16 16-Aug-2025,Argos,B,44.427070,-58.450390,9114,103865,799,68,,,,,,
260378,260378,UT,20:53:02 16-Aug-2025,Argos,B,44.376770,-58.549910,8751,39575,1935,70,,,,,,
260378,260378,UT,22:14:38 16-Aug-2025,Argos,B,44.319460,-58.611790,10420,24880,4363,76,,,,,,
260378,260378,UT,22:29:16 16-Aug-2025,Argos,B,44.377210,-58.506840,1220,12290,121,117,,,,,,
260378,260378,UT,23:55:43 16-Aug-2025,Argos,A,44.134360,-59.340430,64462,335039,12402,65,,,,,,
260378,260378,UT,00:10:24 17-Aug-2025,Argos,B,44.149410,-59.324940,205190,299851,140412,85,,,,,,
260378,260378,UT,00:47:02 17-Aug-2025,Argos,B,44.178940,-58.402510,86675,147279,51008,109,,,,,,
260378,260378,UT,01:39:42 17-Aug-2025,Argos,B,44.240600,-58.493050,246288,0,20476,53,,,,,,
260378,260378,UT,02:54:21 17-Aug-2025,Argos,B,44.350690,-58.510260,4490,26495,760,88,,,,,,
260378,260378,UT,04:34:08 17-Aug-2025,Argos,1,44.442530,-58.515700,817,1908,349,1,,,,,,
260378,260378,UT,06:32:39 17-Aug-2025,Argos,B,44.523700,-58.544960,3770,5291,2685,84,,,,,,
260378,260378,UT,08:09:09 17-Aug-2025,Argos,B,44.439040,-58.573110,5695,8266,3924,140,,,,,,
260378,260378,UT,08:44:03 17-Aug-2025,Argos,B,44.264360,-58.590120,6932,64964,739,75,,,,,,
260378,260378,UT,09:49:34 17-Aug-2025,Argos,B,44.180050,-58.627010,9140,25137,3323,83,,,,,,
260378,260378,UT,10:19:22 17-Aug-2025,Argos,B,44.195020,-58.609350,9541,24598,3700,89,,,,,,
260378,260378,UT,13:52:35 17-Aug-2025,Argos,B,43.929390,-58.707770,12975,15336,10976,81,,,,,,
260378,260378,UT,15:03:19 17-Aug-2025,Argos,B,44.102730,-58.595540,3849,5100,2903,19,,,,,,
260378,260378,UT,15:38:13 17-Aug-2025,Argos,B,44.144790,-58.609090,3056,4013,2326,80,,,,,,
260378,260378,UT,16:36:51 17-Aug-2025,Argos,A,44.191850,-58.340160,1018,14448,71,99,,,,,,
260378,260378,UT,18:17:59 17-Aug-2025,Argos,B,44.203330,-58.213190,6127,14281,2628,95,,,,,,
260378,260378,UT,18:17:59 17-Aug-2025,Argos,B,44.206160,-58.215540,4013,11380,1414,91,,,,,,
260378,260378,UT,19:55:39 17-Aug-2025,Argos,A,44.434020,-58.682390,9001,26868,3015,152,,,,,,
260378,260378,UT,20:22:49 17-Aug-2025,Argos,B,44.436860,-58.698240,15580,19720,12308,116,,,,,,
260378,260378,UT,21:35:43 17-Aug-2025,Argos,A,44.336580,-58.673560,27237,101846,7283,100,,,,,,
260378,260378,UT,21:59:12 17-Aug-2025,Argos,A,44.176720,-58.648410,16717,108282,2580,90,,,,,,
260378,260378,UT,22:55:57 17-Aug-2025,Argos,B,44.175920,-58.643180,5309,7428,3794,89,,,,,,
260378,260378,UT,23:36:29 17-Aug-2025,Argos,0,43.609160,-59.613420,42894,96153,19134,43,,,,,,
260378,260378,UT,23:40:28 17-Aug-2025,Argos,B,44.347140,-58.585390,82850,188646,36386,162,,,,,,
260378,260378,UT,00:31:27 18-Aug-2025,Argos,B,44.243580,-58.563380,297925,508775,174457,86,,,,,,
260378,260378,UT,01:22:36 18-Aug-2025,Argos,B,44.056060,-58.506000,37136,304410,4530,85,,,,,,
260378,260378,UT,02:11:50 18-Aug-2025,Argos,B,43.992930,-58.524300,6547,15209,2818,81,,,,,,
260378,260378,UT,03:04:40 18-Aug-2025,Argos,B,43.914970,-58.534080,7914,12960,4832,81,,,,,,
260378,260378,UT,03:50:29 18-Aug-2025,Argos,B,43.960880,-58.622380,10673,237873,478,26,,,,,,
260378,260378,UT,05:30:05 18-Aug-2025,Argos,A,43.745600,-58.584160,4821,26593,873,7,,,,,,
260378,260378,UT,07:37:40 18-Aug-2025,Argos,B,43.787750,-58.592100,10183,12432,8340,78,,,,,,
260378,260378,UT,08:02:00 18-Aug-2025,Argos,B,44.207550,-58.485800,6514,10891,3896,81,,,,,,
260378,260378,UT,09:43:23 18-Aug-2025,Argos,B,44.086090,-58.522090,7434,10465,5280,82,,,,,,
260378,260378,UT,12:45:10 18-Aug-2025,Argos,B,44.190750,-58.492540,2837,4793,1679,71,,,,,,
260378,260378,UT,13:35:11 18-Aug-2025,Argos,B,44.198430,-58.488410,2882,4895,1696,75,,,,,,
260378,260378,UT,15:53:40 18-Aug-2025,Argos,B,44.310540,-58.473710,2492,61496,101,80,,,,,,
260378,260378,UT,17:29:38 18-Aug-2025,Argos,B,44.303800,-58.562010,2263,52428,97,61,,,,,,
260378,260378,UT,19:21:28 18-Aug-2025,Argos,B,44.295190,-58.594960,2170,4835,974,66,,,,,,
260378,260378,UT,20:57:35 18-Aug-2025,Argos,B,44.188380,-58.613780,2371,165339,34,79,,,,,,
260378,260378,UT,21:30:25 18-Aug-2025,Argos,B,44.202790,-58.552520,2295,7936,663,82,,,,,,
260378,260378,UT,22:30:03 18-Aug-2025,Argos,B,44.179900,-58.535330,2754,6562,1155,86,,,,,,
260378,260378,UT,23:02:35 18-Aug-2025,Argos,B,44.160710,-58.525360,2222,5058,976,86,,,,,,
260378,260378,UT,23:17:11 18-Aug-2025,Argos,B,44.162730,-58.502180,1292,17926,93,128,,,,,,
260378,260378,UT,00:08:47 19-Aug-2025,Argos,B,44.150640,-58.491020,1365,2873,648,114,,,,,,
260378,260378,UT,00:56:49 19-Aug-2025,Argos,B,44.137380,-58.479910,1635,2894,924,108,,,,,,
260378,260378,UT,01:25:06 19-Aug-2025,Argos,B,44.081450,-58.881710,8972,11286,7131,155,,,,,,
260378,260378,UT,02:37:21 19-Aug-2025,Argos,B,44.036410,-56.807860,2159,28735,162,71,,,,,,
260378,260378,UT,03:03:45 19-Aug-2025,Argos,B,43.808010,-58.629500,29634,81560,10766,17,,,,,,
260378,260378,UT,04:44:53 19-Aug-2025,Argos,A,44.199410,-58.347180,9017,38555,2109,69,,,,,,
260378,260378,UT,07:20:42 19-Aug-2025,Argos,B,44.305810,-58.222350,27976,43951,17807,90,,,,,,
260378,260378,UT,08:48:59 19-Aug-2025,Argos,A,44.125390,-58.242730,3906,42060,362,108,,,,,,
260378,260378,UT,08:57:06 19-Aug-2025,Argos,B,44.133050,-58.259160,4728,12253,1824,105,,,,,,
260378,260378,UT,10:28:50 19-Aug-2025,Argos,B,44.160930,-58.204660,7445,12439,4455,96,,,,,,
260378,260378,UT,10:37:13 19-Aug-2025,Argos,B,44.132790,-58.235780,5577,12079,2574,107,,,,,,
260378,260378,UT,11:34:23 19-Aug-2025,Argos,B,44.153360,-58.233520,1598,2677,954,101,,,,,,
260378,260378,UT,13:20:47 19-Aug-2025,Argos,B,44.166280,-58.284200,2221,3540,1392,86,,,,,,
260378,260378,UT,14:09:52 19-Aug-2025,Argos,B,44.192980,-58.316220,3005,5267,1713,64,,,,,,
260378,260378,UT,14:53:57 19-Aug-2025,Argos,B,44.156370,-58.405960,2323,2811,1920,116,,,,,,
260378,260378,UT,15:08:57 19-Aug-2025,Argos,B,44.157190,-58.413420,2224,2627,1882,118,,,,,,
260378,260378,UT,16:40:29 19-Aug-2025,Argos,B,44.163410,-58.481580,2406,3427,1689,101,,,,,,
260378,260378,UT,18:22:52 19-Aug-2025,Argos,B,44.180150,-58.537450,2504,4389,1428,108,,,,,,
260378,260378,UT,18:33:09 19-Aug-2025,Argos,B,44.161790,-58.559430,2483,4541,1357,92,,,,,,
260378,260378,UT,20:12:26 19-Aug-2025,Argos,B,44.142000,-58.573220,3610,15560,837,85,,,,,,
260378,260378,UT,20:58:29 19-Aug-2025,Argos,B,44.144170,-58.566190,3890,26533,570,89,,,,,,
260378,260378,UT,21:48:58 19-Aug-2025,Argos,B,44.137130,-58.582440,4064,24377,677,89,,,,,,
260378,260378,UT,22:35:50 19-Aug-2025,Argos,B,44.099580,-58.291520,6308,63154,630,74,,,,,,
260378,260378,UT,22:56:57 19-Aug-2025,Argos,B,44.042640,-58.408380,2904,16863,500,119,,,,,,
260378,260378,UT,23:43:57 19-Aug-2025,Argos,B,44.029010,-58.393480,6456,18646,2235,94,,,,,,
260378,260378,UT,00:16:26 20-Aug-2025,Argos,A,44.218090,-58.362120,2908,9398,899,105,,,,,,
260378,260378,UT,00:39:08 20-Aug-2025,Argos,0,43.957990,-59.826200,3331,13992,793,82,,,,,,
260378,260378,UT,01:26:24 20-Aug-2025,Argos,B,43.947200,-59.609590,111737,158357,78841,86,,,,,,
260378,260378,UT,02:16:48 20-Aug-2025,Argos,A,43.867880,-58.616530,147,265,81,94,,,,,,
260378,260378,UT,02:20:40 20-Aug-2025,Argos,0,44.066020,-58.521360,12053,53694,2705,108,,,,,,
260378,260378,UT,03:56:06 20-Aug-2025,Argos,B,44.060340,-58.530560,36351,613223,2154,119,,,,,,
260378,260378,UT,05:37:25 20-Aug-2025,Argos,B,43.954290,-58.282020,13748,14797,12772,58,,,,,,
260378,260378,UT,06:37:31 20-Aug-2025,Argos,B,43.937150,-58.275610,12776,14543,11223,79,,,,,,
260378,260378,UT,08:18:43 20-Aug-2025,Argos,B,43.934500,-58.300000,23689,28344,19797,87,,,,,,
260378,260378,UT,08:18:43 20-Aug-2025,Argos,B,44.082880,-58.424410,15916,35983,7040,89,,,,,,
260378,260378,UT,09:53:07 20-Aug-2025,Argos,B,44.117630,-58.391180,3581,58632,218,93,,,,,,
260378,260378,UT,11:36:39 20-Aug-2025,Argos,B,44.116940,-58.492850,2999,4246,2118,124,,,,,,
260378,260378,UT,12:57:08 20-Aug-2025,Argos,B,44.093910,-58.516330,3083,4201,2262,115,,,,,,
260378,260378,UT,13:40:23 20-Aug-2025,Argos,0,44.158820,-58.997770,30628,134631,6967,69,,,,,,
260378,260378,UT,14:29:13 20-Aug-2025,Argos,0,44.156970,-58.956300,15563,134986,1794,85,,,,,,
260378,260378,UT,15:28:27 20-Aug-2025,Argos,B,44.158550,-58.908260,47711,71528,31823,88,,,,,,
260378,260378,UT,16:00:48 20-Aug-2025,Argos,0,44.097420,-59.165510,25016,102045,6132,38,,,,,,
260378,260378,UT,16:11:42 20-Aug-2025,Argos,B,44.091470,-59.181880,40301,77018,21087,82,,,,,,
260378,260378,UT,17:39:19 20-Aug-2025,Argos,B,44.149370,-59.073100,90703,181877,45233,88,,,,,,
260378,260378,UT,19:31:02 20-Aug-2025,Argos,A,44.063040,-59.421330,934,4868,179,56,,,,,,
260378,260378,UT,21:10:43 20-Aug-2025,Argos,B,44.083690,-59.362350,3056,27933,334,158,,,,,,
260378,260378,UT,22:04:06 20-Aug-2025,Argos,B,44.095500,-59.496040,2333,11503,473,135,,,,,,
260378,260378,UT,22:40:19 20-Aug-2025,Argos,B,44.108050,-59.557480,2076,2836,1520,106,,,,,,
260378,260378,UT,23:24:51 20-Aug-2025,Argos,B,44.131600,-59.496120,2575,21884,303,159,,,,,,
260378,260378,UT,23:45:38 20-Aug-2025,Argos,B,44.118430,-59.490670,1222,8876,168,71,,,,,,
260378,260378,UT,00:14:48 21-Aug-2025,Argos,0,43.836100,-59.598010,19239,31260,11840,156,,,,,,
260378,260378,UT,01:04:30 21-Aug-2025,Argos,B,43.844020,-59.626160,120695,165901,87806,85,,,,,,
260378,260378,UT,01:30:12 21-Aug-2025,Argos,B,43.847410,-59.518600,83638,505616,13835,177,,,,,,
260378,260378,UT,01:54:40 21-Aug-2025,Argos,A,44.056960,-59.571090,1584,7705,325,122,,,,,,
260378,260378,UT,03:12:25 21-Aug-2025,Argos,2,44.040140,-59.646570,255,830,78,86,,,,,,
260378,260378,UT,04:49:37 21-Aug-2025,Argos,2,43.986950,-59.745640,268,502,142,135,,,,,,
260378,260378,UT,07:37:49 21-Aug-2025,Argos,B,43.988860,-59.877720,2801,4419,1774,92,,,,,,
260378,260378,UT,07:44:28 21-Aug-2025,Argos,1,43.973850,-59.759770,933,2713,320,126,,,,,,
260378,260378,UT,09:16:45 21-Aug-2025,Argos,1,43.956880,-59.760130,1080,32747,35,80,,,,,,
260378,260378,UT,09:16:47 21-Aug-2025,Argos,3,43.953350,-59.789040,221,1076,45,98,,,,,,
260378,260378,UT,10:55:20 21-Aug-2025,Argos,3,43.930160,-59.845130,195,227,167,156,,,,,,
260378,260378,UT,11:00:22 21-Aug-2025,Argos,1,43.925230,-59.847250,1216,1736,851,176,,,,,,
260378,260378,UT,13:49:57 22-Aug-2025,Argos,3,43.938860,-59.826720,220,1303,37,99,,,,,,
260378,260378,UT,15:35:42 22-Aug-2025,Argos,B,43.931640,-59.870430,2289,3482,1503,90,,,,,,
260378,260378,UT,16:08:42 22-Aug-2025,Argos,3,43.938920,-59.829860,154,446,53,77,,,,,,
260378,260378,UT,17:46:12 22-Aug-2025,Argos,B,43.933590,-59.830400,852,5789,125,21,,,,,,
260378,260378,UT,19:48:36 22-Aug-2025,Argos,3,43.936670,-59.833580,214,376,121,62,,,,,,
260378,260378,UT,21:03:22 22-Aug-2025,Argos,B,43.935060,-59.838910,2614,3764,1815,94,,,,,,
260378,260378,UT,21:26:53 22-Aug-2025,Argos,A,43.935290,-59.862750,118,217,63,100,,,,,,
260378,260378,UT,01:13:06 23-Aug-2025,Argos,B,43.933440,-59.883930,2033,2792,1480,87,,,,,,
260378,260378,UT,02:55:01 23-Aug-2025,Argos,B,43.913630,-60.036870,1950,16621,228,166,,,,,,
260378,260378,UT,03:21:14 23-Aug-2025,Argos,1,43.928370,-60.072500,556,4118,75,73,,,,,,
260378,260378,UT,07:54:35 23-Aug-2025,Argos,B,43.922720,-60.210370,4934,8499,2864,94,,,,,,
260378,260378,UT,08:21:31 23-Aug-2025,Argos,A,43.944320,-60.145950,1586,15984,157,86,,,,,,
260378,260378,UT,09:31:36 23-Aug-2025,Argos,0,43.954470,-60.149340,1662,41165,67,101,,,,,,
260378,260378,UT,09:54:49 23-Aug-2025,Argos,1,43.948430,-60.103610,566,1075,298,131,,,,,,
260378,260378,UT,11:10:42 23-Aug-2025,Argos,B,43.953380,-60.145580,3037,7223,1276,30,,,,,,
260378,260378,UT,12:40:32 23-Aug-2025,Argos,A,43.954010,-60.181040,845,6956,102,97,,,,,,
260378,260378,UT,13:29:34 23-Aug-2025,Argos,B,43.954370,-60.194440,1548,4299,557,96,,,,,,
260378,260378,UT,00:10:00 24-Aug-2025,Argos,B,43.938510,-60.139360,3415,4928,2365,75,,,,,,
260378,260378,UT,00:50:15 24-Aug-2025,Argos,0,43.870400,-60.382130,16361,905831,295,80,,,,,,
260378,260378,UT,02:33:30 24-Aug-2025,Argos,A,43.912210,-59.964440,3093,17263,554,147,,,,,,
260378,260378,UT,02:34:35 24-Aug-2025,Argos,2,43.926170,-59.970040,274,595,126,91,,,,,,
260378,260378,UT,04:14:20 24-Aug-2025,Argos,B,43.894530,-59.918900,2147,33595,137,47,,,,,,
260378,260378,UT,07:47:51 24-Aug-2025,Argos,A,43.957080,-59.794020,519,3116,86,122,,,,,,
260378,260378,UT,08:49:20 24-Aug-2025,Argos,3,43.949130,-59.789050,151,245,92,171,,,,,,
260378,260378,UT,09:25:56 24-Aug-2025,Argos,A,43.954610,-59.778660,374,6067,23,77,,,,,,
260378,260378,UT,10:30:09 24-Aug-2025,Argos,3,43.949310,-59.802380,222,239,205,121,,,,,,
260378,260378,UT,11:08:57 24-Aug-2025,Argos,A,43.945020,-59.790200,1281,4594,357,61,,,,,,
260378,260378,UT,12:18:48 24-Aug-2025,Argos,B,43.943590,-59.778960,1233,1936,784,78,,,,,,
260378,260378,UT,00:35:22 25-Aug-2025,Argos,B,43.980800,-59.797060,2918,13060,652,80,,,,,,
260378,260378,UT,08:07:19 25-Aug-2025,Argos,B,43.945930,-59.855250,2401,17849,322,101,,,,,,
260378,260378,UT,08:54:44 25-Aug-2025,Argos,B,43.939350,-59.840410,858,6725,109,58,,,,,,
260378,260378,UT,09:54:50 25-Aug-2025,Argos,B,43.933150,-59.831600,1321,2238,779,70,,,,,,
260378,260378,UT,10:36:51 25-Aug-2025,Argos,B,43.933530,-59.829410,1177,4898,282,69,,,,,,
260378,260378,UT,11:24:33 25-Aug-2025,Argos,B,43.925900,-59.827500,1051,2821,391,87,,,,,,
260378,260378,UT,12:00:15 25-Aug-2025,Argos,B,43.924360,-59.829160,1292,2636,633,85,,,,,,
260378,260378,UT,12:52:48 25-Aug-2025,Argos,B,43.945840,-59.854730,1278,5816,280,70,,,,,,
260378,260378,UT,13:40:25 25-Aug-2025,Argos,B,43.942620,-59.866630,1308,27641,61,107,,,,,,
260378,260378,UT,14:31:30 25-Aug-2025,Argos,B,43.930030,-59.828180,597,1561,228,45,,,,,,
260378,260378,UT,15:24:59 25-Aug-2025,Argos,B,43.926320,-59.823870,1156,1553,860,71,,,,,,
260378,260378,UT,15:28:16 25-Aug-2025,Argos,A,43.912260,-59.847670,781,3864,158,4,,,,,,
260378,260378,UT,16:10:56 25-Aug-2025,Argos,B,43.913460,-59.846920,1509,1658,1373,93,,,,,,
260378,260378,UT,17:06:48 25-Aug-2025,Argos,1,43.928000,-59.833760,538,1019,283,54,,,,,,
260378,260378,UT,18:46:28 25-Aug-2025,Argos,B,43.930150,-59.806800,3196,3893,2623,32,,,,,,
260378,260378,UT,19:21:16 25-Aug-2025,Argos,B,43.942040,-59.824810,3321,15673,703,76,,,,,,
260378,260378,UT,21:01:36 25-Aug-2025,Argos,A,43.937550,-59.824230,537,3385,85,117,,,,,,
260378,260378,UT,21:02:21 25-Aug-2025,Argos,3,43.939320,-59.821750,225,335,150,82,,,,,,
260378,260378,UT,22:38:20 25-Aug-2025,Argos,B,43.943980,-59.813850,2805,3818,2060,84,,,,,,
260378,260378,UT,22:48:15 25-Aug-2025,Argos,A,43.944430,-59.797730,910,5062,163,68,,,,,,
260378,260378,UT,00:10:37 26-Aug-2025,Argos,A,43.932700,-59.820320,470,1737,127,169,,,,,,
260378,260378,UT,01:03:05 26-Aug-2025,Argos,B,43.932090,-59.822280,1058,1270,881,85,,,,,,
260378,260378,UT,01:55:24 26-Aug-2025,Argos,B,43.933860,-59.815640,978,2533,377,175,,,,,,
260378,260378,UT,02:38:33 26-Aug-2025,Argos,A,43.925220,-59.835430,1529,19125,122,39,,,,,,
260378,260378,UT,04:22:57 26-Aug-2025,Argos,B,43.938140,-59.842950,2227,21931,226,91,,,,,,
260378,260378,UT,08:23:38 26-Aug-2025,Argos,A,43.934030,-59.815510,362,1607,81,25,,,,,,
260378,260378,UT,09:07:38 26-Aug-2025,Argos,3,43.945940,-59.812830,103,371,28,100,,,,,,
260378,260378,UT,10:00:01 26-Aug-2025,Argos,2,43.952080,-59.802760,366,1564,85,21,,,,,,
260378,260378,UT,10:47:22 26-Aug-2025,Argos,2,43.945070,-59.801480,269,327,219,134,,,,,,
260378,260378,UT,12:25:51 26-Aug-2025,Argos,A,43.943010,-59.811980,1782,14815,214,117,,,,,,
260378,260378,UT,13:18:04 26-Aug-2025,Argos,1,43.936960,-59.825590,819,4383,153,86,,,,,,
260378,260378,UT,14:07:10 26-Aug-2025,Argos,A,43.954270,-59.793640,1820,3216,1029,127,,,,,,
260378,260378,UT,14:40:53 26-Aug-2025,Argos,B,43.958480,-59.810580,2113,10614,420,174,,,,,,
260378,260378,UT,14:58:25 26-Aug-2025,Argos,A,43.956310,-59.807090,421,1654,107,24,,,,,,
260378,260378,UT,03:35:51 27-Aug-2025,Argos,B,43.949770,-59.783620,2652,64294,109,63,,,,,,
260378,260378,UT,07:52:31 27-Aug-2025,Argos,B,43.954510,-59.809190,1255,2808,560,148,,,,,,
260378,260378,UT,08:24:48 27-Aug-2025,Argos,B,43.958610,-59.797680,905,11858,69,131,,,,,,
260378,260378,UT,09:26:42 27-Aug-2025,Argos,B,43.958770,-59.794320,1062,8454,133,112,,,,,,
260378,260378,UT,10:05:56 27-Aug-2025,Argos,A,43.953670,-59.788260,184,911,37,121,,,,,,
260378,260378,UT,11:11:47 27-Aug-2025,Argos,B,43.954990,-59.784350,825,1288,527,16,,,,,,
260378,260378,UT,12:07:15 27-Aug-2025,Argos,B,43.954600,-59.780050,916,5510,152,23,,,,,,
260378,260378,UT,13:04:00 27-Aug-2025,Argos,B,43.954570,-59.776300,1379,1804,1054,39,,,,,,
260378,260378,UT,13:44:44 27-Aug-2025,Argos,3,43.940710,-59.825770,153,743,31,95,,,,,,
260378,260378,UT,14:35:32 27-Aug-2025,Argos,A,43.938140,-59.832580,620,3255,117,51,,,,,,
260378,260378,UT,15:24:39 27-Aug-2025,Argos,2,43.924690,-59.875980,326,588,180,75,,,,,,
260378,260378,UT,15:37:45 27-Aug-2025,Argos,2,43.922890,-59.882470,457,548,381,94,,,,,,
260378,260378,UT,01:16:14 28-Aug-2025,Argos,B,43.895630,-60.118020,20170,36873,11032,96,,,,,,
260378,260378,UT,02:46:55 28-Aug-2025,Argos,B,43.929340,-59.975480,49971,0,1022,82,,,,,,
260378,260378,UT,02:56:29 28-Aug-2025,Argos,B,43.911100,-59.812170,21397,111207,4116,59,,,,,,
260378,260378,UT,04:28:12 28-Aug-2025,Argos,B,43.917390,-59.791960,5338,25509,1117,24,,,,,,
260378,260378,UT,07:48:16 28-Aug-2025,Argos,B,43.938710,-59.726740,4667,6646,3277,96,,,,,,
260378,260378,UT,09:02:00 28-Aug-2025,Argos,B,43.958620,-59.777580,1841,24535,138,69,,,,,,
260378,260378,UT,09:24:25 28-Aug-2025,Argos,A,43.955540,-59.792880,410,4336,38,90,,,,,,
260378,260378,UT,10:39:54 28-Aug-2025,Argos,B,43.953880,-59.753300,850,1802,400,45,,,,,,
260378,260378,UT,11:01:49 28-Aug-2025,Argos,2,43.951250,-59.786770,380,539,268,45,,,,,,
260378,260378,UT,11:48:56 28-Aug-2025,Argos,B,43.954360,-59.780350,2461,2812,2153,70,,,,,,
260378,260378,UT,12:35:33 28-Aug-2025,Argos,B,43.956800,-59.771270,3450,4383,2715,82,,,,,,
260378,260378,UT,13:24:36 28-Aug-2025,Argos,B,43.951880,-59.764020,1170,11477,119,79,,,,,,
260378,260378,UT,14:15:02 28-Aug-2025,Argos,3,43.951390,-59.781800,140,293,66,93,,,,,,
260378,260378,UT,14:50:13 28-Aug-2025,Argos,A,43.955110,-59.797120,526,1427,193,29,,,,,,
260378,260378,UT,15:06:18 28-Aug-2025,Argos,1,43.941640,-59.789620,756,3033,188,90,,,,,,
260378,260378,UT,16:31:32 28-Aug-2025,Argos,2,43.935490,-59.876210,441,4556,42,100,,,,,,
260378,260378,UT,18:08:47 28-Aug-2025,Argos,A,43.931870,-59.850840,993,2347,420,21,,,,,,
260378,260378,UT,00:00:08 29-Aug-2025,Argos,A,43.930900,-59.862270,125,383,40,68,,,,,,
260378,260378,UT,00:27:08 29-Aug-2025,Argos,B,43.930530,-59.864440,712,1003,505,91,,,,,,
260378,260378,UT,00:46:44 29-Aug-2025,Argos,A,43.932690,-59.869600,3017,30138,302,82,,,,,,
260378,260378,UT,01:47:20 29-Aug-2025,Argos,B,43.934440,-59.869000,5575,10000,3108,87,,,,,,
260378,260378,UT,02:02:57 29-Aug-2025,Argos,B,43.933860,-59.865760,4181,7231,2417,83,,,,,,
260378,260378,UT,02:31:04 29-Aug-2025,Argos,A,43.936040,-59.838750,519,2575,104,28,,,,,,
260378,260378,UT,03:40:25 29-Aug-2025,Argos,2,43.938300,-59.824620,341,3014,38,85,,,,,,
260378,260378,UT,05:21:28 29-Aug-2025,Argos,A,43.941360,-59.829950,1493,3004,741,9,,,,,,
260378,260378,UT,06:49:05 29-Aug-2025,Argos,B,43.942480,-59.830020,1555,1713,1410,64,,,,,,
260378,260378,UT,08:27:53 29-Aug-2025,Argos,B,43.944850,-59.818310,1387,18523,103,177,,,,,,
260378,260378,UT,08:39:01 29-Aug-2025,Argos,A,43.938830,-59.818550,370,1186,115,78,,,,,,
260378,260378,UT,10:02:20 29-Aug-2025,Argos,A,43.941300,-59.817680,212,1277,35,103,,,,,,
260378,260378,UT,10:20:34 29-Aug-2025,Argos,2,43.943130,-59.816350,398,1405,112,95,,,,,,
260378,260378,UT,12:14:55 29-Aug-2025,Argos,B,43.948060,-59.811960,2237,6869,728,86,,,,,,
260378,260378,UT,13:06:11 29-Aug-2025,Argos,1,43.949930,-59.814390,562,1235,255,19,,,,,,
260378,260378,UT,13:53:39 29-Aug-2025,Argos,1,43.940380,-59.800100,574,1045,315,86,,,,,,
260378,260378,UT,14:43:01 29-Aug-2025,Argos,3,43.942050,-59.817520,80,159,39,101,,,,,,
260378,260378,UT,00:26:16 30-Aug-2025,Argos,A,43.946760,-59.796170,1527,8210,284,173,,,,,,
260378,260378,UT,02:16:19 30-Aug-2025,Argos,B,43.957490,-59.796390,1133,3270,392,92,,,,,,
260378,260378,UT,07:55:31 30-Aug-2025,Argos,B,43.958940,-59.795920,1574,5420,456,35,,,,,,
260378,260378,UT,08:05:04 30-Aug-2025,Argos,B,43.958140,-59.797050,760,1307,442,71,,,,,,
260378,260378,UT,09:29:01 30-Aug-2025,Argos,A,43.934870,-59.795310,497,860,287,30,,,,,,
260378,260378,UT,09:41:53 30-Aug-2025,Argos,B,43.945470,-59.789340,432,2606,71,100,,,,,,
260378,260378,UT,11:12:40 30-Aug-2025,Argos,B,43.938720,-59.793910,957,4468,205,126,,,,,,
260378,260378,UT,11:22:35 30-Aug-2025,Argos,B,43.942360,-59.797930,961,2468,373,122,,,,,,
260378,260378,UT,11:53:40 30-Aug-2025,Argos,B,43.938940,-59.798190,1164,1930,702,114,,,,,,
260378,260378,UT,12:44:59 30-Aug-2025,Argos,3,43.946920,-59.808750,222,252,194,173,,,,,,
260378,260378,UT,13:35:57 30-Aug-2025,Argos,1,43.953330,-59.819350,1090,20182,58,100,,,,,,
260378,260378,UT,14:22:50 30-Aug-2025,Argos,3,43.952740,-59.779270,192,671,54,104,,,,,,
260378,260378,UT,16:05:32 30-Aug-2025,Argos,B,43.970410,-59.732980,4414,6061,3214,96,,,,,,
260378,260378,UT,16:39:17 30-Aug-2025,Argos,1,43.943980,-59.750210,632,9921,40,101,,,,,,
260378,260378,UT,00:12:57 31-Aug-2025,Argos,2,43.981410,-59.760780,438,815,234,61,,,,,,
260378,260378,UT,00:56:05 31-Aug-2025,Argos,2,43.992610,-59.741370,466,1407,154,109,,,,,,
260378,260378,UT,03:50:45 31-Aug-2025,Argos,B,43.999180,-59.744290,3527,21350,582,15,,,,,,
260378,260378,UT,07:20:56 31-Aug-2025,Argos,A,43.942830,-59.767280,2468,9971,611,170,,,,,,
260378,260378,UT,07:28:10 31-Aug-2025,Argos,B,43.958070,-59.770020,1359,1584,1166,168,,,,,,
260378,260378,UT,08:58:22 31-Aug-2025,Argos,2,43.957730,-59.780300,326,1018,104,111,,,,,,
260378,260378,UT,09:00:41 31-Aug-2025,Argos,A,43.958960,-59.781020,455,1343,153,89,,,,,,
260378,260378,UT,10:39:13 31-Aug-2025,Argos,B,43.957150,-59.773400,1789,14233,224,130,,,,,,
260378,260378,UT,10:39:49 31-Aug-2025,Argos,A,43.956380,-59.772220,269,590,122,109,,,,,,
260378,260378,UT,12:22:22 31-Aug-2025,Argos,B,43.936590,-59.771180,1600,3956,646,88,,,,,,
260378,260378,UT,13:12:22 31-Aug-2025,Argos,A,43.948990,-59.803080,2161,5828,801,24,,,,,,
260378,260378,UT,14:04:28 31-Aug-2025,Argos,B,43.952370,-59.810790,1932,5637,662,102,,,,,,
260378,260378,UT,15:44:09 31-Aug-2025,Argos,3,43.961700,-59.786890,225,247,204,41,,,,,,
260378,260378,UT,15:52:45 31-Aug-2025,Argos,2,43.951870,-59.803840,274,552,135,86,,,,,,
260378,260378,UT,17:30:19 31-Aug-2025,Argos,A,43.946620,-59.793320,961,2593,356,66,,,,,,
260378,260378,UT,09:58:09 01-Sep-2025,Argos,3,43.948170,-59.797130,156,703,34,88,,,,,,
260378,260378,UT,10:08:16 01-Sep-2025,Argos,3,43.948840,-59.796670,104,166,64,85,,,,,,
260378,260378,UT,11:33:30 01-Sep-2025,Argos,B,43.944480,-59.797600,1686,3341,850,75,,,,,,
260378,260378,UT,12:09:59 01-Sep-2025,Argos,B,43.944520,-59.797720,2097,3510,1252,78,,,,,,
260378,260378,UT,13:40:49 01-Sep-2025,Argos,0,43.945680,-59.807730,4464,15461,1288,179,,,,,,
260378,260378,UT,14:36:01 01-Sep-2025,Argos,B,43.945540,-59.809950,4340,5131,3670,128,,,,,,
260378,260378,UT,15:03:29 01-Sep-2025,Argos,B,43.933070,-59.806270,2460,5651,1070,93,,,,,,
260378,260378,UT,15:24:36 01-Sep-2025,Argos,B,43.933350,-59.805350,873,2930,259,87,,,,,,
260378,260378,UT,16:48:51 01-Sep-2025,Argos,1,43.944220,-59.801600,764,4816,121,103,,,,,,
260378,260378,UT,18:22:33 01-Sep-2025,Argos,B,43.935280,-59.790040,3331,7446,1490,70,,,,,,
260378,260378,UT,19:36:04 01-Sep-2025,Argos,B,43.929330,-59.773440,1663,4384,631,54,,,,,,
260378,260378,UT,20:39:30 01-Sep-2025,Argos,1,43.931950,-59.808810,787,2378,260,13,,,,,,
260378,260378,UT,21:11:28 01-Sep-2025,Argos,A,43.947130,-59.800170,303,1412,65,64,,,,,,
260378,260378,UT,22:19:13 01-Sep-2025,Argos,B,43.950030,-59.803530,806,17170,37,106,,,,,,
260378,260378,UT,22:40:34 01-Sep-2025,Argos,B,43.951330,-59.815320,705,1189,417,114,,,,,,
260378,260378,UT,23:27:07 01-Sep-2025,Argos,2,43.946870,-59.803880,293,668,128,24,,,,,,
260378,260378,UT,00:02:44 02-Sep-2025,Argos,A,43.948740,-59.794290,1042,6387,170,62,,,,,,
260378,260378,UT,00:16:49 02-Sep-2025,Argos,2,43.953260,-59.796780,323,3867,26,76,,,,,,
260378,260378,UT,01:09:21 02-Sep-2025,Argos,2,43.963580,-59.767710,255,2973,21,75,,,,,,
260378,260378,UT,01:56:40 02-Sep-2025,Argos,B,43.967240,-59.755850,962,1400,660,85,,,,,,
260378,260378,UT,02:19:12 02-Sep-2025,Argos,A,43.961490,-59.771650,238,627,90,18,,,,,,
260378,260378,UT,02:48:11 02-Sep-2025,Argos,A,43.959680,-59.779820,486,1447,162,173,,,,,,
260378,260378,UT,03:57:52 02-Sep-2025,Argos,B,43.963930,-59.762430,1054,1796,618,89,,,,,,
260378,260378,UT,05:36:26 02-Sep-2025,Argos,B,43.962380,-59.771490,1835,3058,1100,87,,,,,,
260378,260378,UT,07:36:35 02-Sep-2025,Argos,B,43.963450,-59.731760,2252,5467,927,88,,,,,,
260378,260378,UT,08:00:00 02-Sep-2025,Argos,A,43.960180,-59.776410,798,2686,236,28,,,,,,
260378,260378,UT,09:15:05 02-Sep-2025,Argos,A,43.943040,-59.791750,667,3040,146,54,,,,,,
260378,260378,UT,09:40:53 02-Sep-2025,Argos,B,43.948020,-59.791070,885,13520,57,66,,,,,,
260378,260378,UT,10:52:39 02-Sep-2025,Argos,B,43.943290,-59.780040,937,3260,269,80,,,,,,
260378,260378,UT,11:18:12 02-Sep-2025,Argos,B,43.944500,-59.780780,1123,2605,484,85,,,,,,
260378,260378,UT,11:42:57 02-Sep-2025,Argos,A,43.944750,-59.769780,630,1276,310,167,,,,,,
260378,260378,UT,13:24:38 02-Sep-2025,Argos,3,43.956610,-59.780490,174,530,57,85,,,,,,
260378,260378,UT,14:17:08 02-Sep-2025,Argos,A,43.959220,-59.777320,263,629,109,136,,,,,,
260378,260378,UT,12:12:18 03-Sep-2025,Argos,B,43.906480,-59.641890,4001,8902,1798,71,,,,,,
260378,260378,UT,13:06:04 03-Sep-2025,Argos,A,43.954750,-59.802680,1602,15119,169,92,,,,,,
260378,260378,UT,13:50:04 03-Sep-2025,Argos,1,43.971330,-59.718550,1057,3363,331,72,,,,,,
260378,260378,UT,14:42:13 03-Sep-2025,Argos,2,43.957810,-59.781140,276,472,161,106,,,,,,
260378,260378,UT,15:12:13 03-Sep-2025,Argos,A,43.959340,-59.783150,635,1360,296,15,,,,,,
260378,260378,UT,16:55:43 03-Sep-2025,Argos,3,43.957390,-59.776510,188,914,38,106,,,,,,
260378,260378,UT,18:09:22 03-Sep-2025,Argos,B,43.965780,-59.787650,1385,2000,959,87,,,,,,
260378,260378,UT,19:46:22 03-Sep-2025,Argos,3,43.957080,-59.782640,98,251,38,75,,,,,,
260378,260378,UT,21:19:07 03-Sep-2025,Argos,B,43.956510,-59.787490,851,4432,163,52,,,,,,
260378,260378,UT,21:27:22 03-Sep-2025,Argos,B,43.958430,-59.785880,730,1678,317,61,,,,,,
260378,260378,UT,00:22:39 04-Sep-2025,Argos,0,43.977080,-59.862240,16867,69328,4103,78,,,,,,
260378,260378,UT,01:15:54 04-Sep-2025,Argos,B,43.949730,-59.854540,83501,0,5740,81,,,,,,
260378,260378,UT,02:27:28 04-Sep-2025,Argos,3,43.957960,-59.782310,179,297,107,133,,,,,,
260378,260378,UT,04:05:43 04-Sep-2025,Argos,A,43.959010,-59.774130,342,1312,89,49,,,,,,
260378,260378,UT,06:59:56 04-Sep-2025,Argos,B,43.954740,-59.737760,1746,2377,1283,77,,,,,,
260378,260378,UT,07:52:40 04-Sep-2025,Argos,B,43.956180,-59.744970,2095,5170,849,80,,,,,,
260378,260378,UT,08:36:03 04-Sep-2025,Argos,A,43.949060,-59.806540,371,1664,82,134,,,,,,
260378,260378,UT,09:30:48 04-Sep-2025,Argos,A,43.943570,-59.821950,2003,18269,219,100,,,,,,
260378,260378,UT,10:18:45 04-Sep-2025,Argos,B,43.932570,-59.820030,3184,15056,673,88,,,,,,
260378,260378,UT,11:10:57 04-Sep-2025,Argos,B,43.928290,-59.778510,1422,1661,1216,160,,,,,,
260378,260378,UT,12:40:45 04-Sep-2025,Argos,A,43.920860,-59.816480,590,2864,121,170,,,,,,
260378,260378,UT,13:31:07 04-Sep-2025,Argos,0,43.945490,-59.822180,7999,20694,3091,98,,,,,,
260378,260378,UT,14:26:57 04-Sep-2025,Argos,B,43.930200,-59.811880,7503,17220,3269,110,,,,,,
260378,260378,UT,14:26:57 04-Sep-2025,Argos,B,43.949590,-59.822950,3211,25339,406,98,,,,,,
260378,260378,UT,16:01:52 04-Sep-2025,Argos,1,43.934460,-59.826070,988,4976,196,70,,,,,,
260378,260378,UT,16:06:51 04-Sep-2025,Argos,3,43.943030,-59.809020,211,431,102,108,,,,,,
260378,260378,UT,17:47:45 04-Sep-2025,Argos,B,43.938570,-59.821250,3689,5852,2325,91,,,,,,
260378,260378,UT,19:08:56 04-Sep-2025,Argos,B,43.933260,-59.826300,3110,15680,616,91,,,,,,
260378,260378,UT,00:02:36 05-Sep-2025,Argos,B,43.930530,-59.831350,2492,4344,1429,98,,,,,,
260378,260378,UT,00:08:28 05-Sep-2025,Argos,0,44.047740,-59.757660,5124,8363,3138,106,,,,,,
260378,260378,UT,00:54:15 05-Sep-2025,Argos,B,44.025790,-59.740240,31726,55116,18262,69,,,,,,
260378,260378,UT,01:38:02 05-Sep-2025,Argos,B,44.002590,-59.782340,3440,21564,548,154,,,,,,
260378,260378,UT,01:45:21 05-Sep-2025,Argos,1,43.971000,-59.762000,601,1986,182,153,,,,,,
260378,260378,UT,03:20:24 05-Sep-2025,Argos,1,43.976730,-59.756160,768,3829,153,104,,,,,,
260378,260378,UT,04:56:47 05-Sep-2025,Argos,2,43.965300,-59.750490,429,2107,87,113,,,,,,
260378,260378,UT,08:04:06 05-Sep-2025,Argos,A,43.965780,-59.759760,527,2978,93,144,,,,,,
260378,260378,UT,08:50:51 05-Sep-2025,Argos,2,43.974650,-59.761820,312,684,142,13,,,,,,
260378,260378,UT,09:39:07 05-Sep-2025,Argos,0,43.972890,-59.768680,1837,7301,462,134,,,,,,
260378,260378,UT,10:29:56 05-Sep-2025,Argos,A,43.962410,-59.751870,514,2046,128,143,,,,,,
260378,260378,UT,12:23:40 05-Sep-2025,Argos,B,43.955400,-59.743670,1403,2157,912,91,,,,,,
260378,260378,UT,13:13:44 05-Sep-2025,Argos,3,43.968590,-59.764890,216,1279,36,90,,,,,,
260378,260378,UT,14:01:07 05-Sep-2025,Argos,0,43.960020,-59.722310,6644,181337,243,101,,,,,,
260378,260378,UT,15:19:52 05-Sep-2025,Argos,B,43.957280,-59.670210,17373,29914,10089,90,,,,,,
260378,260378,UT,15:46:07 05-Sep-2025,Argos,B,43.935520,-59.721940,11591,45119,2977,127,,,,,,
260378,260378,UT,23:48:17 05-Sep-2025,Argos,B,44.047340,-59.827940,2660,5782,1223,70,,,,,,
260378,260378,UT,00:42:47 06-Sep-2025,Argos,B,44.056390,-59.811470,4531,18185,1129,71,,,,,,
260378,260378,UT,00:56:53 06-Sep-2025,Argos,B,44.062640,-59.767140,3737,13810,1011,68,,,,,,
260378,260378,UT,01:23:04 06-Sep-2025,Argos,B,44.051570,-59.778510,3725,12979,1069,69,,,,,,
260378,260378,UT,02:31:47 06-Sep-2025,Argos,B,43.972080,-59.790960,2222,23478,210,78,,,,,,
260378,260378,UT,04:10:22 06-Sep-2025,Argos,A,43.973570,-59.756600,534,8857,32,102,,,,,,
260378,260378,UT,07:35:24 06-Sep-2025,Argos,B,43.957430,-59.749880,1378,4559,416,101,,,,,,
260378,260378,UT,08:10:40 06-Sep-2025,Argos,B,43.964330,-59.773270,1186,3432,409,66,,,,,,
260378,260378,UT,09:08:16 06-Sep-2025,Argos,1,43.978100,-59.742440,785,4724,130,65,,,,,,
260378,260378,UT,09:48:50 06-Sep-2025,Argos,3,43.970490,-59.756820,203,548,75,115,,,,,,
260378,260378,UT,10:52:32 06-Sep-2025,Argos,B,43.967770,-59.744520,1139,1471,881,174,,,,,,
260378,260378,UT,11:25:28 06-Sep-2025,Argos,B,43.966690,-59.744740,904,1488,549,69,,,,,,
260378,260378,UT,12:02:33 06-Sep-2025,Argos,B,43.965500,-59.743610,1615,2263,1152,89,,,,,,
260378,260378,UT,12:58:18 06-Sep-2025,Argos,B,43.961240,-59.761460,1529,1805,1295,71,,,,,,
260378,260378,UT,13:40:23 06-Sep-2025,Argos,A,43.993720,-59.803930,443,918,213,154,,,,,,
260378,260378,UT,14:33:03 06-Sep-2025,Argos,1,43.969520,-59.758340,1127,2948,430,136,,,,,,
260378,260378,UT,14:34:43 06-Sep-2025,Argos,A,43.969300,-59.759940,728,1248,424,132,,,,,,
260378,260378,UT,15:22:29 06-Sep-2025,Argos,B,43.964420,-59.779080,2829,6663,1200,65,,,,,,
260378,260378,UT,16:13:23 06-Sep-2025,Argos,1,43.967450,-59.769690,1001,2315,432,50,,,,,,
260378,260378,UT,08:41:41 07-Sep-2025,Argos,1,43.960060,-59.772230,752,1858,304,42,,,,,,
260378,260378,UT,09:06:08 07-Sep-2025,Argos,2,43.964410,-59.767420,262,578,118,6,,,,,,
260378,260378,UT,10:18:57 07-Sep-2025,Argos,A,43.962500,-59.770320,290,854,98,8,,,,,,
260378,260378,UT,10:45:41 07-Sep-2025,Argos,B,43.963630,-59.773000,570,2559,126,32,,,,,,
260378,260378,UT,12:28:35 07-Sep-2025,Argos,B,43.954230,-59.774260,958,15958,57,104,,,,,,
260378,260378,UT,13:16:02 07-Sep-2025,Argos,A,43.959950,-59.786050,327,1895,56,127,,,,,,
260378,260378,UT,14:08:09 07-Sep-2025,Argos,A,43.956230,-59.782140,111,240,51,108,,,,,,
260378,260378,UT,15:05:40 07-Sep-2025,Argos,A,43.955810,-59.784050,658,5139,84,100,,,,,,
260378,260378,UT,15:29:52 07-Sep-2025,Argos,A,43.961270,-59.793600,193,509,72,134,,,,,,
260378,260378,UT,17:10:26 07-Sep-2025,Argos,B,43.959440,-59.794280,969,7989,117,101,,,,,,
260378,260378,UT,18:41:23 07-Sep-2025,Argos,B,43.954870,-59.801710,1006,1536,658,37,,,,,,
260378,260378,UT,20:15:46 07-Sep-2025,Argos,1,43.952670,-59.799060,946,11746,76,77,,,,,,
260378,260378,UT,20:47:27 07-Sep-2025,Argos,2,43.963120,-59.763850,443,1010,194,130,,,,,,
260378,260378,UT,21:59:36 07-Sep-2025,Argos,3,43.985160,-59.736450,246,381,158,151,,,,,,
260378,260378,UT,22:31:45 07-Sep-2025,Argos,1,43.988930,-59.730720,535,7522,38,99,,,,,,
260378,260378,UT,23:02:18 07-Sep-2025,Argos,B,43.995510,-59.739580,553,2110,144,14,,,,,,
260378,260378,UT,00:40:20 08-Sep-2025,Argos,0,43.988690,-59.763570,5216,38407,708,76,,,,,,
260378,260378,UT,01:04:54 08-Sep-2025,Argos,B,43.987610,-59.763090,33209,47348,23292,87,,,,,,
260378,260378,UT,01:32:17 08-Sep-2025,Argos,B,43.988740,-59.762880,46163,64002,33295,88,,,,,,
260378,260378,UT,02:27:40 08-Sep-2025,Argos,B,43.997060,-59.772310,1021,2189,476,54,,,,,,
260378,260378,UT,02:38:36 08-Sep-2025,Argos,B,43.969270,-59.787930,690,7259,65,85,,,,,,
260378,260378,UT,04:21:24 08-Sep-2025,Argos,A,43.970710,-59.764020,132,374,46,69,,,,,,
260378,260378,UT,08:11:26 08-Sep-2025,Argos,B,43.986310,-59.750410,1852,2762,1241,69,,,,,,
260378,260378,UT,08:25:34 08-Sep-2025,Argos,1,43.976110,-59.762710,540,2998,97,179,,,,,,
260378,260378,UT,09:44:48 08-Sep-2025,Argos,2,43.968580,-59.761630,289,1633,51,85,,,,,,
260378,260378,UT,10:05:41 08-Sep-2025,Argos,B,43.967480,-59.762700,872,3567,212,118,,,,,,
260378,260378,UT,11:42:16 08-Sep-2025,Argos,B,43.978730,-59.780740,936,3131,279,45,,,,,,
260378,260378,UT,13:01:08 08-Sep-2025,Argos,A,43.946560,-59.801170,305,2340,39,80,,,,,,
260378,260378,UT,13:56:51 08-Sep-2025,Argos,B,43.941880,-59.806180,955,1870,487,85,,,,,,
260378,260378,UT,14:37:55 08-Sep-2025,Argos,0,43.947280,-59.802120,2174,9190,514,177,,,,,,
260378,260378,UT,00:26:45 09-Sep-2025,Argos,0,43.927460,-59.864810,5752,10375,3188,83,,,,,,
260378,260378,UT,01:16:40 09-Sep-2025,Argos,B,43.926800,-59.867480,65838,105074,41253,90,,,,,,
260378,260378,UT,01:58:40 09-Sep-2025,Argos,B,43.927220,-59.858320,79936,112707,56693,91,,,,,,
260378,260378,UT,02:03:10 09-Sep-2025,Argos,A,43.938970,-59.820930,328,671,160,136,,,,,,
260378,260378,UT,03:33:46 09-Sep-2025,Argos,3,43.941760,-59.824930,199,1090,36,84,,,,,,
260378,260378,UT,07:36:10 09-Sep-2025,Argos,B,43.943560,-59.829340,1462,3821,559,47,,,,,,
260378,260378,UT,07:44:09 09-Sep-2025,Argos,B,43.943980,-59.827490,885,1325,591,33,,,,,,
260378,260378,UT,09:14:27 09-Sep-2025,Argos,B,43.943560,-59.827290,1070,6767,169,81,,,,,,
260378,260378,UT,09:24:12 09-Sep-2025,Argos,B,43.946100,-59.819170,938,13695,64,91,,,,,,
260378,260378,UT,10:54:47 09-Sep-2025,Argos,B,43.943040,-59.825070,1195,3513,406,112,,,,,,
260378,260378,UT,11:03:28 09-Sep-2025,Argos,B,43.945530,-59.813000,1588,4278,589,87,,,,,,
260378,260378,UT,12:39:48 09-Sep-2025,Argos,B,43.942560,-59.829300,1194,2624,543,143,,,,,,
260378,260378,UT,21:36:40 10-Sep-2025,Argos,3,43.943250,-59.803720,209,355,123,69,,,,,,
260378,260378,UT,22:35:09 10-Sep-2025,Argos,2,43.953990,-59.779420,341,4263,27,101,,,,,,
260378,260378,UT,23:38:48 10-Sep-2025,Argos,2,43.962990,-59.770530,283,523,152,35,,,,,,
260378,260378,UT,00:10:33 11-Sep-2025,Argos,A,43.971610,-59.762890,585,2104,162,98,,,,,,
260378,260378,UT,00:39:46 11-Sep-2025,Argos,B,43.971630,-59.764250,936,1709,512,95,,,,,,
260378,260378,UT,01:25:20 11-Sep-2025,Argos,B,43.978100,-59.750770,913,11579,72,71,,,,,,
260378,260378,UT,02:03:16 11-Sep-2025,Argos,1,43.993540,-59.750590,837,2533,276,25,,,,,,
260378,260378,UT,03:05:06 11-Sep-2025,Argos,B,44.004870,-59.759840,1139,1876,690,0,,,,,,
260378,260378,UT,03:41:39 11-Sep-2025,Argos,2,43.990290,-59.753580,402,1723,93,104,,,,,,
260378,260378,UT,05:24:31 11-Sep-2025,Argos,B,43.997870,-59.742150,1489,2194,1010,95,,,,,,
260378,260378,UT,07:57:22 11-Sep-2025,Argos,A,43.983460,-59.736850,952,8850,102,112,,,,,,
260378,260378,UT,08:15:04 11-Sep-2025,Argos,3,43.987960,-59.744780,207,892,48,113,,,,,,
260378,260378,UT,09:40:12 11-Sep-2025,Argos,1,43.986320,-59.740140,504,7847,32,104,,,,,,
260378,260378,UT,09:49:18 11-Sep-2025,Argos,A,43.988370,-59.740460,170,990,29,92,,,,,,
260378,260378,UT,11:15:10 11-Sep-2025,Argos,B,43.989060,-59.734280,1242,1705,904,95,,,,,,
260378,260378,UT,11:58:07 11-Sep-2025,Argos,B,43.989790,-59.734370,1218,1628,911,135,,,,,,
260378,260378,UT,12:48:16 11-Sep-2025,Argos,B,43.992750,-59.732620,964,17323,53,64,,,,,,
260378,260378,UT,13:36:08 11-Sep-2025,Argos,1,43.987630,-59.751650,576,3829,86,88,,,,,,
260378,260378,UT,14:24:57 11-Sep-2025,Argos,B,43.990290,-59.747900,1477,3148,692,126,,,,,,
260378,260378,UT,15:17:26 11-Sep-2025,Argos,A,43.991360,-59.743010,428,1796,101,12,,,,,,
260378,260378,UT,17:24:14 11-Sep-2025,Argos,3,43.980000,-59.745320,133,288,61,106,,,,,,
260378,260378,UT,00:17:02 12-Sep-2025,Argos,B,43.965030,-59.735970,3752,152882,92,94,,,,,,
260378,260378,UT,01:00:35 12-Sep-2025,Argos,A,43.980950,-59.944760,120452,0,5140,75,,,,,,
260378,260378,UT,01:18:33 12-Sep-2025,Argos,B,43.964080,-59.736780,4047,15237,1075,93,,,,,,
260378,260378,UT,01:50:29 12-Sep-2025,Argos,B,43.964100,-59.737210,2262,7046,725,93,,,,,,
260378,260378,UT,02:41:57 12-Sep-2025,Argos,B,43.962340,-59.765640,1244,6881,224,148,,,,,,
260378,260378,UT,02:55:55 12-Sep-2025,Argos,A,43.965490,-59.767590,217,1205,38,66,,,,,,
260378,260378,UT,04:36:19 12-Sep-2025,Argos,B,43.963650,-59.784600,1276,2156,754,90,,,,,,
260378,260378,UT,07:19:03 12-Sep-2025,Argos,A,43.953360,-59.755470,922,2693,315,17,,,,,,
260378,260378,UT,07:40:37 12-Sep-2025,Argos,A,43.965330,-59.774230,999,3833,260,42,,,,,,
260378,260378,UT,09:03:55 12-Sep-2025,Argos,3,43.963410,-59.770920,118,503,27,80,,,,,,
260378,260378,UT,09:19:37 12-Sep-2025,Argos,A,43.961830,-59.771060,406,3206,51,77,,,,,,
260378,260378,UT,10:40:32 12-Sep-2025,Argos,A,43.964740,-59.769830,923,5501,154,100,,,,,,
260378,260378,UT,10:59:31 12-Sep-2025,Argos,B,43.964680,-59.770390,1043,2910,373,97,,,,,,
260378,260378,UT,12:25:52 12-Sep-2025,Argos,B,43.961560,-59.769740,1524,2669,869,87,,,,,,
260378,260378,UT,13:14:30 12-Sep-2025,Argos,1,43.960570,-59.766290,1074,2164,533,141,,,,,,
260378,260378,UT,14:07:38 12-Sep-2025,Argos,3,43.956890,-59.784760,250,495,126,111,,,,,,
260378,260378,UT,14:57:08 12-Sep-2025,Argos,2,43.953810,-59.788850,452,918,222,135,,,,,,
260378,260378,UT,15:00:08 12-Sep-2025,Argos,B,43.947870,-59.772910,880,1180,655,39,,,,,,
260378,260378,UT,00:40:23 13-Sep-2025,Argos,B,44.072930,-59.815740,10913,21593,5515,91,,,,,,
260378,260378,UT,09:55:35 13-Sep-2025,Argos,2,43.953920,-59.770810,459,2100,100,119,,,,,,
260378,260378,UT,10:30:15 13-Sep-2025,Argos,B,43.954410,-59.772510,1653,2487,1098,94,,,,,,
260378,260378,UT,12:11:07 13-Sep-2025,Argos,B,43.964420,-59.784240,1847,6369,535,82,,,,,,
260378,260378,UT,12:52:50 13-Sep-2025,Argos,3,43.961410,-59.771300,180,300,107,126,,,,,,
260378,260378,UT,13:43:27 13-Sep-2025,Argos,3,43.964130,-59.776620,177,802,39,102,,,,,,
260378,260378,UT,14:36:32 13-Sep-2025,Argos,1,43.960250,-59.763060,1140,6953,186,134,,,,,,
260378,260378,UT,15:29:59 13-Sep-2025,Argos,B,43.960580,-59.759170,2723,3886,1908,98,,,,,,
260378,260378,UT,15:53:14 13-Sep-2025,Argos,3,43.976950,-59.760480,94,171,51,89,,,,,,
260378,260378,UT,16:15:16 13-Sep-2025,Argos,A,43.966460,-59.759320,799,2425,262,66,,,,,,
260378,260378,UT,17:28:22 13-Sep-2025,Argos,B,43.978670,-59.740680,2264,8504,602,113,,,,,,
260378,260378,UT,19:31:59 13-Sep-2025,Argos,1,43.990280,-59.742640,661,1244,351,72,,,,,,
260378,260378,UT,21:04:27 13-Sep-2025,Argos,2,43.975720,-59.765490,319,1291,78,64,,,,,,
260378,260378,UT,21:08:09 13-Sep-2025,Argos,1,43.992710,-59.738810,580,2461,136,88,,,,,,
260378,260378,UT,22:38:00 13-Sep-2025,Argos,2,43.989690,-59.737030,459,860,244,71,,,,,,
260378,260378,UT,22:41:40 13-Sep-2025,Argos,B,43.989690,-59.739220,523,768,356,83,,,,,,
260378,260378,UT,00:18:58 14-Sep-2025,Argos,B,43.995920,-59.736490,1738,2637,1145,93,,,,,,
260378,260378,UT,00:21:06 14-Sep-2025,Argos,B,44.010660,-59.733970,879,14649,52,75,,,,,,
260378,260378,UT,02:00:40 14-Sep-2025,Argos,B,44.021060,-59.748550,1542,3023,786,76,,,,,,
260378,260378,UT,03:06:10 14-Sep-2025,Argos,B,44.064960,-59.700000,1175,10752,128,118,,,,,,
260378,260378,UT,04:41:40 14-Sep-2025,Argos,B,44.106350,-59.703510,2075,3747,1149,101,,,,,,
260378,260378,UT,07:33:03 14-Sep-2025,Argos,B,44.187050,-59.715980,2708,4883,1501,79,,,,,,
260378,260378,UT,08:17:24 14-Sep-2025,Argos,B,44.241970,-59.708860,2404,7442,776,73,,,,,,
260378,260378,UT,09:17:48 14-Sep-2025,Argos,B,44.277630,-59.711410,2061,5212,815,84,,,,,,
260378,260378,UT,09:53:05 14-Sep-2025,Argos,B,44.858790,-59.492790,2449,38634,155,35,,,,,,
260378,260378,UT,10:58:31 14-Sep-2025,Argos,B,44.756610,-59.544200,4481,11991,1674,39,,,,,,
260378,260378,UT,12:32:36 14-Sep-2025,Argos,A,44.228520,-59.725000,5738,9816,3354,73,,,,,,
260378,260378,UT,13:26:27 14-Sep-2025,Argos,B,44.045000,-60.037890,3575,9060,1410,63,,,,,,
260378,260378,UT,14:16:33 14-Sep-2025,Argos,B,44.228860,-59.723550,35011,53112,23078,99,,,,,,
260378,260378,UT,15:54:05 14-Sep-2025,Argos,B,44.234850,-59.732080,40456,57814,28308,92,,,,,,
260378,260378,UT,16:46:43 14-Sep-2025,Argos,B,44.245960,-59.842370,2604,8577,790,75,,,,,,
260378,260378,UT,18:49:46 14-Sep-2025,Argos,B,44.332640,-59.739260,2478,8190,749,88,,,,,,
260378,260378,UT,20:23:22 14-Sep-2025,Argos,B,44.318920,-59.741940,4639,13292,1619,69,,,,,,
260378,260378,UT,20:23:22 14-Sep-2025,Argos,B,44.309180,-59.718130,4675,15229,1434,65,,,,,,
260378,260378,UT,22:06:44 14-Sep-2025,Argos,B,44.412220,-59.266470,2975,57920,152,81,,,,,,
260378,260378,UT,22:06:44 14-Sep-2025,Argos,B,44.332490,-59.757460,2808,9866,799,87,,,,,,
260378,260378,UT,23:17:10 14-Sep-2025,Argos,B,44.295430,-59.631430,9388,14711,5990,109,,,,,,
260378,260378,UT,23:43:52 14-Sep-2025,Argos,B,44.236370,-59.630120,14957,63760,3508,102,,,,,,
260378,260378,UT,00:01:21 15-Sep-2025,Argos,B,44.211150,-59.613680,1578,5972,416,40,,,,,,
260378,260378,UT,00:55:51 15-Sep-2025,Argos,B,44.202140,-59.593450,1407,4274,463,98,,,,,,
260378,260378,UT,01:41:32 15-Sep-2025,Argos,B,44.257930,-59.601020,1412,2975,670,90,,,,,,
260378,260378,UT,02:19:43 15-Sep-2025,Argos,B,44.323540,-59.493310,2387,21050,270,143,,,,,,
260378,260378,UT,07:48:41 15-Sep-2025,Argos,B,44.645360,-59.133270,7575,10227,5610,69,,,,,,
260378,260378,UT,08:35:59 15-Sep-2025,Argos,B,44.499220,-59.119350,9456,88947,1005,93,,,,,,
260378,260378,UT,10:13:36 15-Sep-2025,Argos,B,44.495430,-59.540270,9633,51566,1799,0,,,,,,
260378,260378,UT,11:05:13 15-Sep-2025,Argos,B,44.434170,-59.574310,8519,8782,8264,15,,,,,,
260378,260378,UT,11:52:01 15-Sep-2025,Argos,B,44.369240,-59.612590,8363,11992,5832,94,,,,,,
260378,260378,UT,12:19:16 15-Sep-2025,Argos,B,44.377060,-59.597860,8833,16593,4701,71,,,,,,
260378,260378,UT,13:01:15 15-Sep-2025,Argos,B,44.340210,-59.630000,2204,3464,1401,69,,,,,,
260378,260378,UT,14:00:03 15-Sep-2025,Argos,B,44.345670,-59.621920,2296,3277,1608,78,,,,,,
260378,260378,UT,14:22:03 15-Sep-2025,Argos,B,44.332580,-59.636550,3026,5182,1766,54,,,,,,
260378,260378,UT,15:38:06 15-Sep-2025,Argos,B,44.347700,-59.624030,3079,4729,2004,61,,,,,,
260378,260378,UT,16:02:25 15-Sep-2025,Argos,B,44.337160,-59.628680,3259,5070,2095,49,,,,,,
260378,260378,UT,17:37:51 15-Sep-2025,Argos,B,44.352600,-59.613320,3214,4273,2417,63,,,,,,
260378,260378,UT,21:26:26 15-Sep-2025,Argos,B,44.363400,-59.387230,3271,10002,1069,157,,,,,,
260378,260378,UT,23:11:15 15-Sep-2025,Argos,B,44.249450,-59.472400,8857,38718,2025,124,,,,,,
260378,260378,UT,23:41:13 15-Sep-2025,Argos,B,44.319100,-59.596000,6240,23760,1639,135,,,,,,
260378,260378,UT,00:36:03 16-Sep-2025,Argos,B,44.321190,-59.629850,5893,9236,3760,126,,,,,,
260378,260378,UT,01:18:37 16-Sep-2025,Argos,B,44.307800,-59.642450,1931,2468,1510,106,,,,,,
260378,260378,UT,01:37:35 16-Sep-2025,Argos,B,44.313200,-59.639990,1793,2186,1470,83,,,,,,
260378,260378,UT,03:01:01 16-Sep-2025,Argos,B,44.324040,-59.630350,2099,2783,1582,96,,,,,,
260378,260378,UT,03:08:08 16-Sep-2025,Argos,B,44.345260,-59.624380,2294,3280,1604,71,,,,,,
260378,260378,UT,04:50:30 16-Sep-2025,Argos,B,44.349320,-59.646070,2340,4553,1202,78,,,,,,
260378,260378,UT,07:48:15 16-Sep-2025,Argos,B,44.333280,-59.672890,2784,6867,1129,75,,,,,,
260378,260378,UT,09:31:32 16-Sep-2025,Argos,B,44.413670,-59.555190,2099,7751,568,102,,,,,,
260378,260378,UT,10:28:58 16-Sep-2025,Argos,B,44.407700,-59.531080,2086,6493,670,96,,,,,,
260378,260378,UT,11:11:37 16-Sep-2025,Argos,B,44.399050,-59.517430,2090,5960,732,91,,,,,,
260378,260378,UT,13:36:10 16-Sep-2025,Argos,A,44.403110,-59.523180,345,1809,65,71,,,,,,
260378,260378,UT,15:14:11 16-Sep-2025,Argos,B,44.417380,-59.498090,1331,1898,933,94,,,,,,
260378,260378,UT,15:14:47 16-Sep-2025,Argos,B,44.185650,-59.654350,3302,5183,2103,75,,,,,,
260378,260378,UT,16:49:50 16-Sep-2025,Argos,B,44.173040,-59.557690,7500,18302,3073,120,,,,,,
260378,260378,UT,19:04:00 16-Sep-2025,Argos,B,44.419480,-59.759080,13831,94309,2028,69,,,,,,
260378,260378,UT,20:44:33 16-Sep-2025,Argos,B,44.567330,-59.431960,11207,46306,2712,143,,,,,,
260378,260378,UT,21:00:15 16-Sep-2025,Argos,B,44.537390,-59.409460,8277,16125,4248,138,,,,,,
260378,260378,UT,22:44:44 16-Sep-2025,Argos,A,44.434440,-59.071800,1023,9670,108,91,,,,,,
260378,260378,UT,23:16:28 16-Sep-2025,Argos,A,44.270810,-59.127310,3513,9053,1362,156,,,,,,
260378,260378,UT,00:26:07 17-Sep-2025,Argos,B,44.193130,-59.088680,24380,33773,17598,91,,,,,,
260378,260378,UT,00:54:17 17-Sep-2025,Argos,0,42.753880,-64.463740,105166,724088,15274,68,,,,,,
260378,260378,UT,02:25:17 17-Sep-2025,Argos,A,44.007060,-59.119580,17545,24781,12421,103,,,,,,
260378,260378,UT,02:38:11 17-Sep-2025,Argos,B,44.011160,-59.122020,54680,76391,39139,90,,,,,,
260378,260378,UT,04:07:09 17-Sep-2025,Argos,B,44.189450,-59.471980,58203,896609,3778,48,,,,,,
260378,260378,UT,06:45:29 17-Sep-2025,Argos,B,44.259870,-59.596310,16953,25229,11391,64,,,,,,
260378,260378,UT,08:25:59 17-Sep-2025,Argos,B,44.224520,-59.528040,62499,274576,14225,116,,,,,,
260378,260378,UT,08:47:37 17-Sep-2025,Argos,B,44.220380,-59.516700,14391,25788,8030,68,,,,,,
260378,260378,UT,10:04:36 17-Sep-2025,Argos,B,44.332860,-59.563730,2184,4822,988,86,,,,,,
260378,260378,UT,10:27:09 17-Sep-2025,Argos,B,44.265160,-59.224620,1646,18663,145,94,,,,,,
260378,260378,UT,13:13:32 17-Sep-2025,Argos,A,44.216330,-60.537120,20580,88056,4810,88,,,,,,
260378,260378,UT,14:05:36 17-Sep-2025,Argos,Z,44.394090,-60.386730,113462,184399,69814,99,,,,,,
260378,260378,UT,14:29:37 17-Sep-2025,Argos,B,44.246760,-60.535890,208472,309250,140535,90,,,,,,
260378,260378,UT,14:55:35 17-Sep-2025,Argos,B,44.367180,-59.127010,46602,641741,3384,107,,,,,,
260378,260378,UT,16:03:06 17-Sep-2025,Argos,B,44.222240,-59.011790,29072,51569,16388,82,,,,,,
260378,260378,UT,17:42:46 17-Sep-2025,Argos,B,44.135580,-59.055330,45780,62681,33436,91,,,,,,
260378,260378,UT,20:01:01 17-Sep-2025,Argos,B,44.445310,-59.211190,37931,276240,5208,91,,,,,,
260378,260378,UT,20:31:26 17-Sep-2025,Argos,B,44.434900,-59.222440,34372,134791,8765,91,,,,,,
260378,260378,UT,21:42:13 17-Sep-2025,Argos,B,44.393600,-59.189180,38463,115866,12768,87,,,,,,
260378,260378,UT,22:12:10 17-Sep-2025,Argos,0,44.335480,-59.461080,47877,169286,13540,47,,,,,,
260378,260378,UT,22:58:32 17-Sep-2025,Argos,B,44.298400,-59.733300,47341,59962,37376,39,,,,,,
260378,260378,UT,00:35:02 18-Sep-2025,Argos,0,44.028880,-59.479130,26567,237319,2974,80,,,,,,
260378,260378,UT,01:24:07 18-Sep-2025,Argos,B,43.974770,-59.518160,95907,187546,49044,84,,,,,,
260378,260378,UT,01:38:45 18-Sep-2025,Argos,B,44.015420,-59.381410,44920,301616,6690,143,,,,,,
260378,260378,UT,02:14:40 18-Sep-2025,Argos,B,43.973580,-59.393740,1156,11398,117,156,,,,,,
260378,260378,UT,03:19:42 18-Sep-2025,Argos,B,44.089540,-59.756440,7350,20783,2599,33,,,,,,
260378,260378,UT,05:02:07 18-Sep-2025,Argos,B,44.068770,-59.953880,11698,14970,9140,75,,,,,,
260378,260378,UT,07:53:21 18-Sep-2025,Argos,B,43.992490,-60.111090,10409,167510,646,87,,,,,,
260378,260378,UT,08:10:03 18-Sep-2025,Argos,B,44.005120,-59.726190,621,3453,111,56,,,,,,
260378,260378,UT,09:28:16 18-Sep-2025,Argos,2,43.975720,-59.757510,389,2763,54,82,,,,,,
260378,260378,UT,09:48:31 18-Sep-2025,Argos,1,43.980380,-59.772390,646,2831,147,102,,,,,,
260378,260378,UT,11:08:46 18-Sep-2025,Argos,B,43.964080,-59.759710,1503,3247,695,161,,,,,,
260378,260378,UT,11:26:01 18-Sep-2025,Argos,B,43.966520,-59.777020,905,1740,470,25,,,,,,
260378,260378,UT,12:49:03 18-Sep-2025,Argos,A,43.962600,-59.779630,430,1532,120,16,,,,,,
260378,260378,UT,13:46:47 18-Sep-2025,Argos,1,43.946800,-59.780260,935,5984,146,102,,,,,,
260378,260378,UT,14:30:35 18-Sep-2025,Argos,3,43.943330,-59.811490,159,1009,24,101,,,,,,
260378,260378,UT,00:18:40 19-Sep-2025,Argos,A,43.817570,-59.530130,711,1206,419,160,,,,,,
260378,260378,UT,01:04:24 19-Sep-2025,Argos,B,43.890250,-59.620240,12185,18600,7982,71,,,,,,
260378,260378,UT,01:58:13 19-Sep-2025,Argos,A,43.936260,-59.831330,5339,18096,1575,38,,,,,,
260378,260378,UT,02:34:50 19-Sep-2025,Argos,B,43.963720,-59.867910,2620,6296,1089,131,,,,,,
260378,260378,UT,04:13:04 19-Sep-2025,Argos,2,43.938070,-59.833480,320,804,127,71,,,,,,
260378,260378,UT,07:20:57 19-Sep-2025,Argos,B,43.975450,-59.985050,3266,8044,1325,106,,,,,,
260378,260378,UT,09:01:03 19-Sep-2025,Argos,A,43.921610,-59.864270,1206,13907,104,64,,,,,,
260378,260378,UT,09:04:56 19-Sep-2025,Argos,A,43.933540,-59.839370,382,801,181,35,,,,,,
260378,260378,UT,10:35:59 19-Sep-2025,Argos,A,43.930760,-59.840830,409,1316,127,161,,,,,,
260378,260378,UT,10:48:45 19-Sep-2025,Argos,1,43.932590,-59.835460,663,3719,118,105,,,,,,
260378,260378,UT,12:30:29 19-Sep-2025,Argos,3,43.925330,-59.902510,135,155,117,48,,,,,,
260378,260378,UT,13:19:14 19-Sep-2025,Argos,B,43.926180,-59.924440,768,1117,527,163,,,,,,
260378,260378,UT,14:09:20 19-Sep-2025,Argos,1,43.924760,-59.954100,626,4284,91,101,,,,,,
260378,260378,UT,15:54:55 19-Sep-2025,Argos,B,43.956590,-59.982510,9816,14792,6513,94,,,,,,
260378,260378,UT,16:15:55 19-Sep-2025,Argos,A,43.928560,-59.974690,105,220,50,92,,,,,,
260378,260378,UT,00:02:27 20-Sep-2025,Argos,B,44.139360,-60.067250,1780,57705,54,108,,,,,,
260378,260378,UT,00:24:05 20-Sep-2025,Argos,B,43.946880,-59.504620,1139,8541,151,89,,,,,,
260378,260378,UT,00:51:33 20-Sep-2025,Argos,B,43.936360,-59.580190,1152,3021,439,91,,,,,,
260378,260378,UT,01:33:47 20-Sep-2025,Argos,0,43.933990,-59.886340,1804,5723,568,171,,,,,,
260378,260378,UT,01:51:39 20-Sep-2025,Argos,B,43.939110,-59.927030,1787,8827,361,92,,,,,,
260378,260378,UT,03:29:00 20-Sep-2025,Argos,B,43.880500,-60.107710,3028,68099,134,78,,,,,,
260378,260378,UT,05:07:03 20-Sep-2025,Argos,A,43.941000,-59.846130,2350,10460,528,161,,,,,,
260378,260378,UT,06:47:58 20-Sep-2025,Argos,B,43.954260,-59.919000,9530,12334,7362,89,,,,,,
260378,260378,UT,08:21:12 20-Sep-2025,Argos,B,43.915580,-59.896720,5564,19273,1606,79,,,,,,
260378,260378,UT,08:21:12 20-Sep-2025,Argos,B,43.922100,-59.878690,3782,20573,695,84,,,,,,
260378,260378,UT,10:04:04 20-Sep-2025,Argos,A,43.942720,-59.862780,506,3263,78,70,,,,,,
260378,260378,UT,10:07:02 20-Sep-2025,Argos,B,43.945010,-59.828270,1553,4015,600,60,,,,,,
260378,260378,UT,12:11:22 20-Sep-2025,Argos,B,43.943330,-59.877210,5589,8661,3606,85,,,,,,
260378,260378,UT,13:02:10 20-Sep-2025,Argos,B,43.939630,-59.827150,1193,18642,76,65,,,,,,
260378,260378,UT,13:54:51 20-Sep-2025,Argos,B,43.950030,-59.824320,906,13379,61,95,,,,,,
260378,260378,UT,14:39:35 20-Sep-2025,Argos,B,43.951120,-59.827450,1319,3193,544,94,,,,,,
260378,260378,UT,15:31:07 20-Sep-2025,Argos,2,43.948030,-59.791290,330,474,228,82,,,,,,
260378,260378,UT,15:34:25 20-Sep-2025,Argos,B,43.948070,-59.791270,794,1109,568,89,,,,,,
260378,260378,UT,17:08:44 20-Sep-2025,Argos,2,43.924740,-59.854900,353,703,177,105,,,,,,
260378,260378,UT,01:14:26 21-Sep-2025,Argos,2,43.930850,-59.875400,322,362,286,46,,,,,,
260378,260378,UT,14:42:27 21-Sep-2025,Argos,B,43.950670,-60.005410,5449,11233,2642,78,,,,,,
260378,260378,UT,15:08:08 21-Sep-2025,Argos,0,43.933060,-59.841220,2035,12137,341,60,,,,,,
260378,260378,UT,16:23:44 21-Sep-2025,Argos,3,43.936750,-59.856090,233,1405,38,103,,,,,,
260378,260378,UT,17:59:36 21-Sep-2025,Argos,B,43.940760,-59.861050,1387,1956,982,100,,,,,,
260378,260378,UT,18:59:12 21-Sep-2025,Argos,A,43.967260,-59.810040,1896,9097,395,117,,,,,,
260378,260378,UT,20:31:28 21-Sep-2025,Argos,A,44.013710,-59.780600,2169,11602,405,121,,,,,,
260378,260378,UT,21:45:25 21-Sep-2025,Argos,2,43.990310,-59.752460,288,1157,71,77,,,,,,
260378,260378,UT,22:14:30 21-Sep-2025,Argos,B,43.993290,-59.743850,1136,1695,761,107,,,,,,
260378,260378,UT,22:31:30 21-Sep-2025,Argos,B,43.993040,-59.745980,1353,1956,935,100,,,,,,
260378,260378,UT,23:13:33 21-Sep-2025,Argos,B,43.997220,-59.732550,1240,1796,855,96,,,,,,
260378,260378,UT,23:23:24 21-Sep-2025,Argos,B,44.001800,-59.730260,1189,2467,573,99,,,,,,
260378,260378,UT,00:59:04 22-Sep-2025,Argos,B,44.011000,-59.705550,1698,3198,901,95,,,,,,
260378,260378,UT,01:54:11 22-Sep-2025,Argos,B,44.185620,-60.052590,21613,106254,4396,64,,,,,,
260378,260378,UT,02:37:37 22-Sep-2025,Argos,B,44.228190,-60.125390,24282,67781,8699,67,,,,,,
260378,260378,UT,03:38:06 22-Sep-2025,Argos,B,44.282930,-60.237300,27453,57503,13106,70,,,,,,
260378,260378,UT,05:11:23 22-Sep-2025,Argos,B,44.168510,-60.097190,36380,71751,18445,114,,,,,,
260378,260378,UT,07:21:43 22-Sep-2025,Argos,B,44.226220,-60.194940,4449,8238,2402,113,,,,,,
260378,260378,UT,08:39:14 22-Sep-2025,Argos,B,44.152460,-60.140610,3364,9892,1143,78,,,,,,
260378,260378,UT,08:55:53 22-Sep-2025,Argos,B,44.143840,-60.119670,3575,11175,1143,80,,,,,,
260378,260378,UT,10:13:57 22-Sep-2025,Argos,B,44.223160,-60.156530,4524,7391,2768,97,,,,,,
260378,260378,UT,10:45:27 22-Sep-2025,Argos,B,44.315750,-60.005270,6945,14215,3392,115,,,,,,
260378,260378,UT,12:17:48 22-Sep-2025,Argos,B,44.409780,-59.886530,6024,12737,2848,99,,,,,,
260378,260378,UT,14:57:00 22-Sep-2025,Argos,B,44.575340,-59.681600,6972,12916,3763,99,,,,,,
260378,260378,UT,15:33:01 22-Sep-2025,Argos,B,43.931150,-60.140180,2151,42473,108,49,,,,,,
260378,260378,UT,17:20:25 22-Sep-2025,Argos,B,44.844460,-58.487600,1811,31056,105,66,,,,,,
260378,260378,UT,18:53:22 22-Sep-2025,Argos,B,44.621180,-58.912510,6031,13352,2723,74,,,,,,
260378,260378,UT,19:55:44 22-Sep-2025,Argos,A,44.602560,-60.087500,2561,16240,403,103,,,,,,
260378,260378,UT,21:06:15 22-Sep-2025,Argos,B,44.595270,-60.070820,7864,11830,5226,92,,,,,,
260378,260378,UT,22:50:19 22-Sep-2025,Argos,B,44.639620,-59.964600,7402,12451,4400,111,,,,,,
260378,260378,UT,23:00:00 22-Sep-2025,Argos,B,44.619730,-59.952890,6416,14559,2827,106,,,,,,
260378,260378,UT,23:52:33 22-Sep-2025,Argos,B,44.615020,-59.914750,1923,3601,1027,103,,,,,,
260378,260378,UT,00:28:34 23-Sep-2025,Argos,B,44.616000,-59.894460,2031,3842,1073,105,,,,,,
260378,260378,UT,00:37:43 23-Sep-2025,Argos,B,44.592970,-59.879030,1866,4722,737,94,,,,,,
260378,260378,UT,01:13:37 23-Sep-2025,Argos,B,44.586610,-60.764820,23336,29996,18155,178,,,,,,
260378,260378,UT,01:23:04 23-Sep-2025,Argos,B,44.573180,-60.765450,24581,28982,20847,175,,,,,,
260378,260378,UT,02:21:11 23-Sep-2025,Argos,B,44.612640,-60.566970,23374,26746,20427,97,,,,,,
260378,260378,UT,02:47:14 23-Sep-2025,Argos,B,44.310950,-60.187820,6019,158811,228,57,,,,,,
260378,260378,UT,04:28:28 23-Sep-2025,Argos,B,44.417460,-59.757110,6373,56587,717,179,,,,,,
260378,260378,UT,06:51:18 23-Sep-2025,Argos,B,44.501240,-59.448120,7585,8116,7087,66,,,,,,
260378,260378,UT,08:02:05 23-Sep-2025,Argos,B,44.795890,-60.110660,1096,21761,55,105,,,,,,
260378,260378,UT,08:36:25 23-Sep-2025,Argos,B,44.793930,-60.102160,1213,3019,487,103,,,,,,
260378,260378,UT,09:38:13 23-Sep-2025,Argos,B,44.746290,-59.419180,20866,313125,1390,78,,,,,,
260378,260378,UT,10:06:18 23-Sep-2025,Argos,B,44.717310,-59.747490,6414,27334,1504,3,,,,,,
260378,260378,UT,11:16:42 23-Sep-2025,Argos,B,44.662820,-59.582850,16882,55841,5103,55,,,,,,
260378,260378,UT,12:55:44 23-Sep-2025,Argos,B,44.752570,-59.420760,16147,28847,9038,64,,,,,,
260378,260378,UT,14:26:14 23-Sep-2025,Argos,B,44.878920,-59.737000,17338,131659,2283,32,,,,,,
260378,260378,UT,14:49:09 23-Sep-2025,Argos,B,44.861490,-59.744460,13815,40954,4659,35,,,,,,
260378,260378,UT,16:33:42 23-Sep-2025,Argos,B,45.097120,-59.679070,6811,27921,1661,104,,,,,,
260378,260378,UT,18:03:31 23-Sep-2025,Argos,B,45.215730,-59.643510,3277,6295,1705,101,,,,,,
260378,260378,UT,19:19:16 23-Sep-2025,Argos,B,45.308580,-59.607410,3926,6679,2308,98,,,,,,
260378,260378,UT,20:42:16 23-Sep-2025,Argos,B,45.066140,-59.647510,6574,9776,4420,68,,,,,,
260378,260378,UT,20:51:59 23-Sep-2025,Argos,B,45.071770,-59.560800,5511,112830,269,87,,,,,,
260378,260378,UT,22:19:16 23-Sep-2025,Argos,B,45.048180,-59.545590,6627,29451,1491,87,,,,,,
260378,260378,UT,22:36:57 23-Sep-2025,Argos,B,45.057910,-59.545360,3072,15080,625,86,,,,,,
260378,260378,UT,23:57:34 23-Sep-2025,Argos,B,45.073120,-59.511790,2326,7297,741,90,,,,,,
260378,260378,UT,00:15:11 24-Sep-2025,Argos,0,44.024830,-59.877540,12216,32061,4654,79,,,,,,
260378,260378,UT,01:54:06 24-Sep-2025,Argos,Z,44.259500,-60.030040,167355,266719,105008,83,,,,,,
260378,260378,UT,02:02:05 24-Sep-2025,Argos,B,45.208400,-59.933130,83637,0,3699,92,,,,,,
260378,260378,UT,03:42:57 24-Sep-2025,Argos,B,45.199550,-59.311250,46526,113996,18989,12,,,,,,
260378,260378,UT,07:16:09 24-Sep-2025,Argos,B,45.272230,-58.022220,127539,204036,79721,83,,,,,,
260378,260378,UT,07:56:56 24-Sep-2025,Argos,B,45.317960,-57.773470,4350,9483,1995,85,,,,,,
260378,260378,UT,09:02:05 24-Sep-2025,Argos,Z,45.308820,-58.684240,7047,23714,2093,100,,,,,,
260378,260378,UT,09:36:42 24-Sep-2025,Argos,Z,45.355220,-58.828870,5130,12048,2184,71,,,,,,
260378,260378,UT,10:36:19 24-Sep-2025,Argos,B,45.244320,-59.379240,163,248,106,98,,,,,,
260378,260378,UT,14:05:52 24-Sep-2025,Argos,B,45.241860,-59.381570,1984,2824,1394,90,,,,,,
260378,260378,UT,17:25:21 24-Sep-2025,Argos,B,45.180210,-60.103550,47754,84032,27138,88,,,,,,
260378,260378,UT,19:01:44 24-Sep-2025,Argos,B,45.195410,-59.848950,104051,250958,43140,83,,,,,,
260378,260378,UT,20:09:37 24-Sep-2025,Argos,B,45.273840,-60.162790,115267,423826,31349,88,,,,,,
260378,260378,UT,21:57:04 24-Sep-2025,Argos,B,45.289200,-59.882200,13633,52023,3572,88,,,,,,
260378,260378,UT,22:16:04 24-Sep-2025,Argos,B,45.290130,-59.496480,8006,15135,4235,77,,,,,,
260378,260378,UT,23:02:33 24-Sep-2025,Argos,B,45.320270,-59.412910,6496,10079,4186,83,,,,,,
260378,260378,UT,23:25:26 24-Sep-2025,Argos,B,45.289630,-59.198180,4213,22103,803,102,,,,,,
260378,260378,UT,23:54:41 24-Sep-2025,Argos,Z,48.716740,-40.211200,2438,10460,568,101,,,,,,
260378,260378,UT,00:45:29 25-Sep-2025,Argos,B,45.427440,-59.232230,3614,18889,691,39,,,,,,
260378,260378,UT,01:21:44 25-Sep-2025,Argos,B,45.462000,-59.206310,3716,5065,2725,54,,,,,,
260378,260378,UT,01:28:43 25-Sep-2025,Argos,A,45.437390,-59.205680,176,1030,30,92,,,,,,
260378,260378,UT,03:00:22 25-Sep-2025,Argos,B,45.483620,-59.121240,956,36963,24,84,,,,,,
260378,260378,UT,03:16:55 25-Sep-2025,Argos,B,45.476970,-59.169450,2125,15966,282,84,,,,,,
260378,260378,UT,04:36:26 25-Sep-2025,Argos,B,45.501300,-59.161270,1029,2836,373,13,,,,,,
260378,260378,UT,07:25:42 25-Sep-2025,Argos,B,45.672400,-59.050270,2732,3639,2050,11,,,,,,
260378,260378,UT,08:16:41 25-Sep-2025,Argos,B,45.534720,-59.136510,2156,5563,835,87,,,,,,
260378,260378,UT,09:06:40 25-Sep-2025,Argos,B,45.540700,-59.320500,3446,60891,195,68,,,,,,
260378,260378,UT,09:56:59 25-Sep-2025,Argos,B,45.580420,-59.318280,2994,28971,309,100,,,,,,
260378,260378,UT,11:29:21 25-Sep-2025,Argos,B,45.616330,-59.340470,3558,6116,2069,98,,,,,,
260378,260378,UT,12:11:56 25-Sep-2025,Argos,B,45.781510,-59.541330,8983,26358,3061,77,,,,,,
260378,260378,UT,12:59:15 25-Sep-2025,Argos,B,45.703360,-59.497800,11092,27479,4477,77,,,,,,
260378,260378,UT,13:54:18 25-Sep-2025,Argos,B,45.588710,-59.369370,17099,34242,8537,89,,,,,,
260378,260378,UT,14:58:39 25-Sep-2025,Argos,B,45.510340,-59.315280,15466,34623,6908,85,,,,,,
260378,260378,UT,15:25:08 25-Sep-2025,Argos,A,45.226710,-59.309150,6948,38864,1242,32,,,,,,
260378,260378,UT,16:35:04 25-Sep-2025,Argos,B,45.111410,-59.284730,16578,21511,12775,72,,,,,,
260378,260378,UT,19:31:08 25-Sep-2025,Argos,B,45.348620,-59.387700,13871,29985,6416,78,,,,,,
260378,260378,UT,21:14:08 25-Sep-2025,Argos,B,45.383430,-59.366390,13460,33719,5372,74,,,,,,
260378,260378,UT,21:14:08 25-Sep-2025,Argos,B,45.270550,-59.379640,19049,32970,11005,48,,,,,,
260378,260378,UT,22:49:55 25-Sep-2025,Argos,B,45.228470,-59.329410,3167,4138,2423,9,,,,,,
260378,260378,UT,22:55:02 25-Sep-2025,Argos,A,45.513260,-59.167460,2620,17207,399,86,,,,,,
260378,260378,UT,23:29:23 25-Sep-2025,Argos,A,45.541710,-59.296010,17168,54419,5416,51,,,,,,
260378,260378,UT,00:25:59 26-Sep-2025,Argos,B,45.442000,-59.253990,50058,746273,3357,78,,,,,,
260378,260378,UT,00:34:29 26-Sep-2025,Argos,B,45.466260,-59.015630,10833,26377,4449,72,,,,,,
260378,260378,UT,01:07:33 26-Sep-2025,Argos,A,45.460370,-59.185330,2135,13724,332,86,,,,,,
260378,260378,UT,02:58:20 26-Sep-2025,Argos,B,45.415680,-59.336570,10191,15082,6885,94,,,,,,
260378,260378,UT,03:50:11 26-Sep-2025,Argos,B,45.424540,-59.429970,7219,15863,3285,77,,,,,,
260378,260378,UT,05:28:59 26-Sep-2025,Argos,B,45.408940,-59.544240,13763,47011,4029,77,,,,,,
260378,260378,UT,07:34:11 26-Sep-2025,Argos,B,45.470530,-59.292580,4352,38391,493,161,,,,,,
260378,260378,UT,08:32:05 26-Sep-2025,Argos,B,45.489330,-59.331230,4944,6702,3646,142,,,,,,
260378,260378,UT,09:12:00 26-Sep-2025,Argos,B,45.476970,-59.359750,2487,31694,195,91,,,,,,
260378,260378,UT,11:47:48 26-Sep-2025,Argos,B,45.478170,-59.460850,1942,4001,942,90,,,,,,
260378,260378,UT,13:30:09 26-Sep-2025,Argos,B,45.635410,-59.445530,2725,50701,146,81,,,,,,
260378,260378,UT,14:13:53 26-Sep-2025,Argos,B,45.655910,-59.459120,3663,13407,1000,82,,,,,,
260378,260378,UT,15:05:59 26-Sep-2025,Argos,B,45.693890,-59.418480,3772,9150,1555,85,,,,,,
260378,260378,UT,16:47:55 26-Sep-2025,Argos,B,45.717230,-59.407800,3812,6548,2218,97,,,,,,
260378,260378,UT,17:35:53 26-Sep-2025,Argos,B,45.742640,-59.287710,8855,11627,6743,144,,,,,,
260378,260378,UT,18:52:22 26-Sep-2025,Argos,B,45.408230,-59.186160,6618,35716,1226,86,,,,,,
260378,260378,UT,20:28:14 26-Sep-2025,Argos,B,45.421830,-58.601400,5424,12669,2322,133,,,,,,
260378,260378,UT,20:41:13 26-Sep-2025,Argos,B,45.465590,-58.614910,3817,6723,2167,128,,,,,,
260378,260378,UT,22:21:12 26-Sep-2025,Argos,B,45.462760,-58.424410,3881,39302,383,97,,,,,,
260378,260378,UT,23:13:36 26-Sep-2025,Argos,B,45.474550,-58.416190,4095,12922,1297,92,,,,,,
260378,260378,UT,00:01:54 27-Sep-2025,Argos,B,45.455990,-58.446600,4706,10932,2025,94,,,,,,
260378,260378,UT,01:26:04 27-Sep-2025,Argos,B,45.501910,-58.673530,6085,18882,1960,93,,,,,,
260378,260378,UT,02:38:07 27-Sep-2025,Argos,B,45.524330,-58.909540,9362,18099,4842,95,,,,,,
260378,260378,UT,03:05:28 27-Sep-2025,Argos,B,45.480830,-59.219490,5303,26517,1060,142,,,,,,
260378,260378,UT,08:00:50 27-Sep-2025,Argos,B,45.432340,-59.408240,8403,18385,3840,99,,,,,,
260378,260378,UT,09:47:04 27-Sep-2025,Argos,B,45.398200,-59.432300,3470,6893,1747,97,,,,,,
260378,260378,UT,13:10:46 27-Sep-2025,Argos,B,45.447880,-59.297450,3394,9375,1228,111,,,,,,
260378,260378,UT,14:45:44 27-Sep-2025,Argos,B,45.418910,-59.195100,4146,8423,2040,100,,,,,,
260378,260378,UT,15:06:07 27-Sep-2025,Argos,B,45.312340,-58.922060,3844,6835,2161,68,,,,,,
260378,260378,UT,16:40:43 27-Sep-2025,Argos,B,45.292150,-58.925860,3404,6872,1685,75,,,,,,
260378,260378,UT,18:23:10 27-Sep-2025,Argos,B,45.308350,-58.857870,2804,5245,1498,96,,,,,,
260378,260378,UT,19:46:05 27-Sep-2025,Argos,B,45.280700,-58.679660,2311,29943,178,25,,,,,,
260378,260378,UT,20:13:29 27-Sep-2025,Argos,B,45.284510,-58.652920,2157,4055,1147,31,,,,,,
260378,260378,UT,21:25:33 27-Sep-2025,Argos,B,45.279980,-58.602100,1416,17053,117,151,,,,,,
260378,260378,UT,21:55:24 27-Sep-2025,Argos,B,45.279340,-58.601880,550,10242,29,84,,,,,,
260378,260378,UT,22:56:06 27-Sep-2025,Argos,B,45.271660,-58.524290,1670,4702,593,83,,,,,,
260378,260378,UT,23:27:18 27-Sep-2025,Argos,B,45.086840,-58.159910,20849,64097,6781,76,,,,,,
260378,260378,UT,00:28:46 28-Sep-2025,Argos,0,43.874530,-59.378490,45491,154914,13358,78,,,,,,
260378,260378,UT,02:23:04 28-Sep-2025,Argos,B,43.793260,-59.168780,814420,0,612372,85,,,,,,
260378,260378,UT,07:32:32 28-Sep-2025,Argos,B,45.961310,-49.632730,0,0,550203,73,,,,,,
260378,260378,UT,07:51:22 28-Sep-2025,Argos,B,45.791600,-58.827530,738,14451,37,90,,,,,,
260378,260378,UT,09:05:30 28-Sep-2025,Argos,B,45.787950,-58.827830,672675,0,352508,90,,,,,,
260378,260378,UT,09:26:58 28-Sep-2025,Argos,B,45.168970,-59.030260,44589,171206,11612,100,,,,,,
260378,260378,UT,11:11:33 28-Sep-2025,Argos,B,45.258450,-59.053130,54902,135287,22280,97,,,,,,
260378,260378,UT,12:48:58 28-Sep-2025,Argos,B,45.373090,-59.015250,34032,218093,5310,68,,,,,,
260378,260378,UT,13:41:19 28-Sep-2025,Argos,B,45.463480,-58.911680,2793,8818,884,69,,,,,,
260378,260378,UT,14:19:44 28-Sep-2025,Argos,B,45.094860,-58.979870,7016,15945,3086,165,,,,,,
260378,260378,UT,14:28:16 28-Sep-2025,Argos,B,45.663060,-58.943160,8582,271352,271,113,,,,,,
260378,260378,UT,15:56:55 28-Sep-2025,Argos,B,45.542720,-58.824660,49335,117883,20647,110,,,,,,
260378,260378,UT,17:37:45 28-Sep-2025,Argos,B,45.479800,-58.635510,53755,116589,24784,119,,,,,,
260378,260378,UT,19:04:14 28-Sep-2025,Argos,B,45.418140,-58.568450,44847,139892,14376,108,,,,,,
260378,260378,UT,20:45:20 28-Sep-2025,Argos,B,45.395880,-58.545320,2426,7513,783,97,,,,,,
260378,260378,UT,21:17:42 28-Sep-2025,Argos,B,45.365860,-58.504080,1998,7461,534,84,,,,,,
260378,260378,UT,22:27:29 28-Sep-2025,Argos,B,45.338090,-58.446870,2365,6353,880,89,,,,,,
260378,260378,UT,22:58:09 28-Sep-2025,Argos,B,45.388000,-58.441100,5304,195380,144,79,,,,,,
260378,260378,UT,00:12:18 29-Sep-2025,Argos,A,43.902230,-60.605940,347471,0,63215,72,,,,,,
260378,260378,UT,01:00:15 29-Sep-2025,Argos,B,43.868500,-60.560300,0,0,0,85,,,,,,
260378,260378,UT,01:31:55 29-Sep-2025,Argos,Z,43.926110,-60.477270,0,0,0,88,,,,,,
260378,260378,UT,01:52:01 29-Sep-2025,Argos,Z,44.302790,-60.496290,0,0,0,93,,,,,,
260378,260378,UT,03:14:12 29-Sep-2025,Argos,B,43.914970,-60.621280,0,0,0,77,,,,,,
260378,260378,UT,04:50:39 29-Sep-2025,Argos,B,44.754220,-58.028780,247,546,111,95,,,,,,
260378,260378,UT,06:59:46 29-Sep-2025,Argos,B,44.781120,-58.045160,0,0,0,85,,,,,,
260378,260378,UT,08:40:35 29-Sep-2025,Argos,B,44.958030,-58.272840,5181,9571,2804,75,,,,,,
260378,260378,UT,08:50:47 29-Sep-2025,Argos,Z,45.297900,-58.176360,4359,13696,1387,85,,,,,,
260378,260378,UT,10:16:14 29-Sep-2025,Argos,B,44.985880,-58.265030,6213,10120,3814,78,,,,,,
260378,260378,UT,10:28:51 29-Sep-2025,Argos,B,45.390340,-58.572610,10840,29474,3986,87,,,,,,
260378,260378,UT,12:21:54 29-Sep-2025,Argos,B,45.479580,-58.515700,12528,22566,6955,91,,,,,,
260378,260378,UT,13:16:52 29-Sep-2025,Argos,B,45.507410,-58.522920,14161,37599,5333,111,,,,,,
260378,260378,UT,14:08:34 29-Sep-2025,Argos,B,45.557990,-58.547230,14337,30608,6715,110,,,,,,
260378,260378,UT,16:55:16 29-Sep-2025,Argos,B,45.552870,-58.532710,3351,5960,1883,108,,,,,,
260378,260378,UT,18:22:54 29-Sep-2025,Argos,B,45.489560,-58.521540,2820,7633,1042,85,,,,,,
260378,260378,UT,20:02:51 29-Sep-2025,Argos,B,45.393190,-58.499840,2241,108970,46,69,,,,,,
260378,260378,UT,21:45:08 29-Sep-2025,Argos,B,45.399370,-58.480500,2538,8130,792,72,,,,,,
260378,260378,UT,22:14:08 29-Sep-2025,Argos,B,45.423850,-58.402980,1874,3176,1105,73,,,,,,
260378,260378,UT,22:31:23 29-Sep-2025,Argos,A,45.470010,-58.120720,25154,240765,2627,92,,,,,,
260378,260378,UT,23:04:01 29-Sep-2025,Argos,B,45.471940,-58.142730,28017,76337,10282,89,,,,,,
260378,260378,UT,23:45:05 29-Sep-2025,Argos,0,45.379660,-58.409660,6464,25396,1645,75,,,,,,
260378,260378,UT,00:05:21 30-Sep-2025,Argos,B,45.381030,-58.407160,22760,32985,15704,90,,,,,,
260378,260378,UT,00:40:05 30-Sep-2025,Argos,B,45.364550,-58.385570,27007,325355,2241,46,,,,,,
260378,260378,UT,01:26:29 30-Sep-2025,Argos,A,45.361740,-58.252500,564,2519,126,100,,,,,,
260378,260378,UT,04:05:56 30-Sep-2025,Argos,B,45.305910,-58.367230,4196,48009,366,6,,,,,,
260378,260378,UT,08:07:42 30-Sep-2025,Argos,B,45.240730,-58.317900,1943,31307,120,169,,,,,,
260378,260378,UT,08:07:42 30-Sep-2025,Argos,B,45.302510,-58.347090,1603,20256,126,178,,,,,,
260378,260378,UT,09:48:33 30-Sep-2025,Argos,B,45.435790,-58.286390,3999,54341,294,136,,,,,,
260378,260378,UT,09:52:40 30-Sep-2025,Argos,B,45.329080,-58.351030,2024,2579,1588,167,,,,,,
260378,260378,UT,11:20:15 30-Sep-2025,Argos,B,45.454330,-58.284530,5255,9352,2952,129,,,,,,
260378,260378,UT,11:30:05 30-Sep-2025,Argos,B,45.447140,-58.290040,3674,7293,1850,127,,,,,,
260378,260378,UT,13:41:21 30-Sep-2025,Argos,B,45.489050,-58.285630,2319,3589,1498,111,,,,,,
260378,260378,UT,14:28:27 30-Sep-2025,Argos,Z,45.188660,-58.664720,15354,30001,7857,173,,,,,,
260378,260378,UT,15:20:49 30-Sep-2025,Argos,B,45.313670,-58.523630,22047,376807,1290,58,,,,,,
260378,260378,UT,16:09:58 30-Sep-2025,Argos,B,45.380260,-58.523320,5833,179646,189,76,,,,,,
260378,260378,UT,17:45:24 30-Sep-2025,Argos,B,45.397630,-58.274510,5947,65026,543,43,,,,,,
260378,260378,UT,19:25:49 30-Sep-2025,Argos,B,45.439310,-58.245760,6220,10614,3645,55,,,,,,
260378,260378,UT,21:03:50 30-Sep-2025,Argos,A,41.197480,-78.053730,725,7023,74,113,,,,,,
260378,260378,UT,21:54:57 30-Sep-2025,Argos,B,45.369870,-58.443360,713,6661,76,96,,,,,,
260378,260378,UT,23:27:57 30-Sep-2025,Argos,A,45.296050,-58.263000,480,1519,151,164,,,,,,
260378,260378,UT,23:34:46 30-Sep-2025,Argos,A,51.796390,-92.235020,457,1364,153,8,,,,,,
260378,260378,UT,01:05:31 01-Oct-2025,Argos,0,45.415340,-58.268860,5913,39602,882,82,,,,,,
260378,260378,UT,02:53:30 01-Oct-2025,Argos,B,45.317880,-58.073390,31482,58020,17081,68,,,,,,
260378,260378,UT,04:58:23 01-Oct-2025,Argos,B,45.332490,-57.987720,43712,73097,26139,78,,,,,,
260378,260378,UT,07:28:58 01-Oct-2025,Argos,B,45.329020,-57.878100,31407,63477,15539,92,,,,,,
260378,260378,UT,09:07:46 01-Oct-2025,Argos,B,45.332250,-57.973940,38325,121124,12126,97,,,,,,
260378,260378,UT,09:21:52 01-Oct-2025,Argos,B,45.318550,-58.081310,3247,10099,1044,104,,,,,,
260378,260378,UT,10:52:30 01-Oct-2025,Argos,B,45.375720,-58.170290,2801,6420,1222,95,,,,,,
260378,260378,UT,11:42:38 01-Oct-2025,Argos,B,45.389450,-58.195750,2570,7098,930,79,,,,,,
260378,260378,UT,12:33:44 01-Oct-2025,Argos,B,45.399990,-58.200120,2721,6662,1111,78,,,,,,
260378,260378,UT,13:25:43 01-Oct-2025,Argos,B,45.372090,-58.259050,2341,5760,951,100,,,,,,
260378,260378,UT,15:07:09 01-Oct-2025,Argos,B,45.372870,-58.291820,2599,5436,1242,99,,,,,,
260378,260378,UT,15:22:40 01-Oct-2025,Argos,B,45.425100,-58.437390,1655,11954,229,46,,,,,,
260378,260378,UT,17:05:33 01-Oct-2025,Argos,B,45.429880,-58.472730,1807,2745,1188,58,,,,,,
260378,260378,UT,20:16:27 01-Oct-2025,Argos,B,45.521860,-58.539750,4382,24059,798,79,,,,,,
260378,260378,UT,21:27:47 01-Oct-2025,Argos,B,45.503670,-58.648700,4410,29426,660,97,,,,,,
260378,260378,UT,22:03:01 01-Oct-2025,Argos,B,44.997280,-57.830350,1450,29369,71,119,,,,,,
260378,260378,UT,23:05:19 01-Oct-2025,Argos,B,45.115590,-58.157980,4045,31503,519,171,,,,,,
260378,260378,UT,23:09:14 01-Oct-2025,Argos,B,45.161400,-58.171180,2531,7118,900,171,,,,,,
260378,260378,UT,00:03:11 02-Oct-2025,Argos,B,45.187660,-58.246100,5476,5926,5059,138,,,,,,
260378,260378,UT,00:47:24 02-Oct-2025,Argos,B,43.983660,-61.352210,416,2336,73,89,,,,,,
260378,260378,UT,02:32:35 02-Oct-2025,Argos,B,45.247980,-58.143780,255,1586,41,63,,,,,,
260378,260378,UT,04:13:23 02-Oct-2025,Argos,B,45.232470,-58.143470,1243,2351,656,88,,,,,,
260378,260378,UT,08:28:39 02-Oct-2025,Argos,B,45.200020,-58.167040,2341,3799,1442,98,,,,,,
260378,260378,UT,08:43:39 02-Oct-2025,Argos,B,45.219780,-58.171690,1906,6491,559,89,,,,,,
260378,260378,UT,09:57:49 02-Oct-2025,Argos,B,45.220440,-58.178410,2182,5935,801,88,,,,,,
260378,260378,UT,10:20:12 02-Oct-2025,Argos,B,45.227460,-58.189470,2225,5697,868,86,,,,,,
260378,260378,UT,11:41:53 02-Oct-2025,Argos,B,45.221270,-58.177740,2478,6482,947,88,,,,,,
260378,260378,UT,13:53:46 02-Oct-2025,Argos,B,45.215540,-58.208140,2792,5536,1408,90,,,,,,
260378,260378,UT,14:36:59 02-Oct-2025,Argos,B,45.232710,-58.262940,3255,5829,1818,81,,,,,,
260378,260378,UT,14:51:19 02-Oct-2025,Argos,B,45.205180,-58.280180,2726,4131,1799,100,,,,,,
260378,260378,UT,16:15:07 02-Oct-2025,Argos,B,45.249260,-58.533070,2989,12455,717,149,,,,,,
260378,260378,UT,16:26:09 02-Oct-2025,Argos,B,45.242410,-58.541980,2795,4884,1599,143,,,,,,
260378,260378,UT,17:51:17 02-Oct-2025,Argos,B,45.257200,-58.618310,5054,7042,3626,113,,,,,,
260378,260378,UT,19:42:56 02-Oct-2025,Argos,B,45.259390,-58.619280,4779,6750,3384,98,,,,,,
260378,260378,UT,21:22:37 02-Oct-2025,Argos,B,45.268660,-58.550390,3791,7079,2029,99,,,,,,
260378,260378,UT,22:36:07 02-Oct-2025,Argos,B,45.199450,-58.527240,3677,32138,420,76,,,,,,
260378,260378,UT,22:45:54 02-Oct-2025,Argos,B,45.188910,-58.554650,3640,21875,605,76,,,,,,
260378,260378,UT,23:35:25 02-Oct-2025,Argos,B,45.278950,-58.348680,9475,32062,2799,88,,,,,,
260378,260378,UT,00:28:32 03-Oct-2025,Argos,A,44.862970,-57.615790,0,0,39600,80,,,,,,
260378,260378,UT,01:20:01 03-Oct-2025,Argos,B,46.432210,-49.372750,0,0,0,85,,,,,,
260378,260378,UT,01:50:07 03-Oct-2025,Argos,A,45.004630,-58.312970,10166,20923,4939,48,,,,,,
260378,260378,UT,02:15:35 03-Oct-2025,Argos,B,45.004480,-58.313280,45105,62880,32354,87,,,,,,
260378,260378,UT,03:28:30 03-Oct-2025,Argos,B,45.021100,-58.332950,36268,226363,5810,59,,,,,,
260378,260378,UT,05:09:51 03-Oct-2025,Argos,B,45.027110,-58.342980,1593,2569,988,76,,,,,,
260378,260378,UT,07:42:14 03-Oct-2025,Argos,B,45.027360,-58.374180,1362,13915,133,161,,,,,,
260378,260378,UT,08:09:09 03-Oct-2025,Argos,B,45.013530,-58.368450,533,5990,47,68,,,,,,
260378,260378,UT,09:25:06 03-Oct-2025,Argos,B,45.013680,-58.380330,922,42515,20,98,,,,,,
260378,260378,UT,09:50:57 03-Oct-2025,Argos,B,45.015340,-58.382120,1100,3398,355,93,,,,,,
260378,260378,UT,11:00:28 03-Oct-2025,Argos,A,44.856740,-58.382420,3226,10060,1034,172,,,,,,
260378,260378,UT,11:51:35 03-Oct-2025,Argos,B,44.826080,-58.390370,9908,12842,7643,88,,,,,,
260378,260378,UT,12:37:54 03-Oct-2025,Argos,B,44.844020,-58.287250,5709,60130,542,141,,,,,,
260378,260378,UT,13:32:40 03-Oct-2025,Argos,B,44.814730,-58.388590,12294,14122,10701,13,,,,,,
260378,260378,UT,14:26:14 03-Oct-2025,Argos,B,44.864240,-58.241340,3747,5767,2434,106,,,,,,
260378,260378,UT,15:28:55 03-Oct-2025,Argos,B,44.814770,-58.397650,5501,41122,735,132,,,,,,
260378,260378,UT,17:09:25 03-Oct-2025,Argos,B,44.790070,-58.434550,9569,18546,4936,118,,,,,,
260378,260378,UT,18:46:30 03-Oct-2025,Argos,B,44.790520,-58.534210,11221,16318,7716,110,,,,,,
260378,260378,UT,18:57:38 03-Oct-2025,Argos,B,44.890580,-58.411080,1356,15472,118,153,,,,,,
260378,260378,UT,20:22:04 03-Oct-2025,Argos,B,45.110950,-58.768270,16147,25520,10216,37,,,,,,
260378,260378,UT,20:30:21 03-Oct-2025,Argos,A,44.952160,-58.439050,2885,25094,331,86,,,,,,
260378,260378,UT,22:00:13 03-Oct-2025,Argos,A,44.845160,-58.497710,3280,8450,1273,43,,,,,,
260378,260378,UT,22:13:33 03-Oct-2025,Argos,B,44.852730,-58.516120,4535,6257,3286,73,,,,,,
260378,260378,UT,23:19:55 03-Oct-2025,Argos,B,44.864490,-58.604150,7368,14110,3846,84,,,,,,
260378,260378,UT,23:38:14 03-Oct-2025,Argos,B,44.990020,-58.682990,1409,31653,62,79,,,,,,
260378,260378,UT,00:09:12 04-Oct-2025,Argos,0,44.729540,-59.873000,113671,176503,73205,23,,,,,,
260378,260378,UT,00:54:50 04-Oct-2025,Argos,B,44.968710,-58.414730,81678,237235,28120,111,,,,,,
260378,260378,UT,01:45:52 04-Oct-2025,Argos,B,44.979510,-58.451020,698,4997,97,29,,,,,,
260378,260378,UT,02:44:16 04-Oct-2025,Argos,B,44.982660,-58.462260,1225,1650,909,54,,,,,,
260378,260378,UT,04:20:10 04-Oct-2025,Argos,B,45.023520,-58.329670,2153,13898,333,135,,,,,,
260378,260378,UT,07:40:32 04-Oct-2025,Argos,B,45.057400,-58.278230,5435,7859,3758,103,,,,,,
260378,260378,UT,08:38:46 04-Oct-2025,Argos,B,44.853220,-58.435180,11992,183173,785,96,,,,,,
260378,260378,UT,09:15:19 04-Oct-2025,Argos,B,44.833060,-58.389300,13047,32749,5197,114,,,,,,
260378,260378,UT,10:19:09 04-Oct-2025,Argos,B,44.857220,-58.452110,2850,14857,546,54,,,,,,
260378,260378,UT,11:54:50 04-Oct-2025,Argos,B,44.813220,-58.491460,4196,6237,2822,73,,,,,,
260378,260378,UT,12:19:54 04-Oct-2025,Argos,B,44.802800,-58.498570,4464,6359,3132,71,,,,,,
260378,260378,UT,13:18:36 04-Oct-2025,Argos,B,44.790930,-58.526980,4022,10288,1571,42,,,,,,
260378,260378,UT,14:05:15 04-Oct-2025,Argos,B,44.947210,-58.425170,3652,68753,194,100,,,,,,
260378,260378,UT,16:22:25 04-Oct-2025,Argos,B,44.924400,-58.398060,6069,24390,1510,98,,,,,,
260378,260378,UT,18:15:42 04-Oct-2025,Argos,B,44.926100,-58.333610,7084,19991,2510,92,,,,,,
260378,260378,UT,19:55:05 04-Oct-2025,Argos,B,44.778610,-58.773370,2476,12742,481,162,,,,,,
260378,260378,UT,21:27:41 04-Oct-2025,Argos,B,44.768850,-58.874170,2519,4025,1576,84,,,,,,
260378,260378,UT,21:36:21 04-Oct-2025,Argos,B,44.640320,-58.770710,9546,38907,2342,81,,,,,,
260378,260378,UT,22:59:04 04-Oct-2025,Argos,A,44.748140,-58.311830,8903,93088,851,94,,,,,,
260378,260378,UT,23:03:14 04-Oct-2025,Argos,B,44.761470,-58.349290,6039,65126,559,81,,,,,,
260378,260378,UT,23:43:33 04-Oct-2025,Argos,B,44.954610,-58.428720,14578,62412,3404,89,,,,,,
260378,260378,UT,00:42:27 05-Oct-2025,Argos,B,45.044840,-58.427140,15428,31958,7447,90,,,,,,
260378,260378,UT,01:24:37 05-Oct-2025,Argos,B,45.008920,-58.360320,13642,68492,2717,71,,,,,,
260378,260378,UT,01:56:00 05-Oct-2025,Argos,B,44.691200,-58.648550,747,1475,378,57,,,,,,
260378,260378,UT,03:07:56 05-Oct-2025,Argos,B,44.688680,-58.648530,3513,5163,2389,89,,,,,,
260378,260378,UT,03:40:48 05-Oct-2025,Argos,B,44.688320,-58.648530,1377,2037,931,88,,,,,,
260378,260378,UT,05:13:50 05-Oct-2025,Argos,B,44.677310,-58.648070,1778,3006,1051,89,,,,,,
260378,260378,UT,07:11:17 05-Oct-2025,Argos,B,44.672570,-58.699000,2162,2966,1575,88,,,,,,
260378,260378,UT,08:01:17 05-Oct-2025,Argos,B,44.620440,-58.696800,2011,4131,979,85,,,,,,
260378,260378,UT,08:48:47 05-Oct-2025,Argos,B,44.477460,-58.954100,4945,61581,397,98,,,,,,
260378,260378,UT,09:39:48 05-Oct-2025,Argos,0,44.428700,-58.926020,29168,190422,4467,123,,,,,,
260378,260378,UT,10:28:31 05-Oct-2025,Argos,B,44.316280,-58.979440,4170,10857,1601,47,,,,,,
260378,260378,UT,11:17:45 05-Oct-2025,Argos,B,44.401840,-58.817560,8264,10265,6652,169,,,,,,
260378,260378,UT,12:05:26 05-Oct-2025,Argos,B,44.369400,-58.818560,10582,13436,8334,29,,,,,,
260378,260378,UT,13:46:37 05-Oct-2025,Argos,B,44.454560,-58.731090,9263,36603,2344,113,,,,,,
260378,260378,UT,15:18:56 05-Oct-2025,Argos,B,44.438060,-58.754100,6185,11847,3229,109,,,,,,
260378,260378,UT,15:36:51 05-Oct-2025,Argos,B,44.551190,-59.223260,4480,7532,2664,25,,,,,,
260378,260378,UT,17:12:33 05-Oct-2025,Argos,B,44.550880,-59.300790,9698,13763,6832,87,,,,,,
260378,260378,UT,18:53:59 05-Oct-2025,Argos,B,44.511390,-59.304990,8297,12652,5440,89,,,,,,
260378,260378,UT,19:13:27 05-Oct-2025,Argos,A,44.386330,-59.490510,4376,14864,1288,13,,,,,,
260378,260378,UT,20:45:42 05-Oct-2025,Argos,B,44.353150,-59.616010,8681,10130,7438,81,,,,,,
260378,260378,UT,20:59:25 05-Oct-2025,Argos,A,44.380640,-59.629610,1062,5168,218,68,,,,,,
260378,260378,UT,22:38:48 05-Oct-2025,Argos,B,44.351490,-59.742220,1121,16480,76,100,,,,,,
260378,260378,UT,23:24:24 05-Oct-2025,Argos,0,44.249980,-59.490730,22646,154271,3324,119,,,,,,
260378,260378,UT,00:15:51 06-Oct-2025,Argos,A,44.198830,-59.634060,22652,166044,3090,89,,,,,,
260378,260378,UT,00:15:51 06-Oct-2025,Argos,B,44.152610,-59.341280,26879,37587,19220,59,,,,,,
260378,260378,UT,01:00:19 06-Oct-2025,Argos,B,44.157460,-59.650520,23133,950133,563,82,,,,,,
260378,260378,UT,02:48:26 06-Oct-2025,Argos,B,44.079620,-59.679030,33539,67778,16596,88,,,,,,
260378,260378,UT,02:48:26 06-Oct-2025,Argos,B,44.094250,-59.688730,32186,78959,13119,86,,,,,,
260378,260378,UT,04:27:37 06-Oct-2025,Argos,B,44.044840,-59.710110,2906,4970,1699,50,,,,,,
260378,260378,UT,07:17:17 06-Oct-2025,Argos,B,43.960130,-59.741690,2779,8022,962,81,,,,,,
260378,260378,UT,08:14:26 06-Oct-2025,Argos,3,43.982730,-59.742730,144,363,57,52,,,,,,
260378,260378,UT,08:57:11 06-Oct-2025,Argos,3,43.987150,-59.740330,218,419,113,97,,,,,,
260378,260378,UT,09:54:11 06-Oct-2025,Argos,3,43.988030,-59.748080,86,195,37,87,,,,,,
260378,260378,UT,10:36:11 06-Oct-2025,Argos,3,43.987280,-59.746180,95,117,76,87,,,,,,
260378,260378,UT,11:40:16 06-Oct-2025,Argos,B,43.975930,-59.753830,1082,1556,752,88,,,,,,
260378,260378,UT,12:32:26 06-Oct-2025,Argos,B,43.967030,-59.754810,1530,2242,1043,75,,,,,,
260378,260378,UT,13:57:28 07-Oct-2025,Argos,B,43.758460,-59.865500,3505,60558,202,24,,,,,,
260378,260378,UT,14:36:40 07-Oct-2025,Argos,1,43.930550,-59.821080,804,2907,222,102,,,,,,
260378,260378,UT,19:29:42 07-Oct-2025,Argos,3,43.929180,-59.868170,178,288,110,73,,,,,,
260378,260378,UT,21:08:05 07-Oct-2025,Argos,2,43.932230,-59.859500,368,633,213,128,,,,,,
260378,260378,UT,21:37:42 07-Oct-2025,Argos,3,43.931750,-59.868290,103,195,54,85,,,,,,
260378,260378,UT,22:48:12 07-Oct-2025,Argos,B,43.932580,-59.873220,869,2696,280,85,,,,,,
260378,260378,UT,23:09:57 07-Oct-2025,Argos,2,43.930820,-59.863300,324,2497,42,110,,,,,,
260378,260378,UT,00:24:18 08-Oct-2025,Argos,B,43.976200,-59.873570,1122,1967,639,91,,,,,,
260378,260378,UT,12:37:28 08-Oct-2025,Argos,1,43.926110,-59.888290,517,662,402,67,,,,,,
260378,260378,UT,13:29:33 08-Oct-2025,Argos,B,44.106540,-59.789290,3824,16958,862,32,,,,,,
260378,260378,UT,14:16:03 08-Oct-2025,Argos,0,43.925870,-59.867290,5211,77482,350,105,,,,,,
260378,260378,UT,15:59:33 08-Oct-2025,Argos,A,43.894940,-59.901910,4557,11934,1740,22,,,,,,
260378,260378,UT,16:38:18 08-Oct-2025,Argos,1,43.929080,-59.895070,1352,25893,70,100,,,,,,
260378,260378,UT,18:50:33 08-Oct-2025,Argos,B,43.899370,-59.954880,5487,8132,3701,80,,,,,,
260378,260378,UT,20:27:02 08-Oct-2025,Argos,A,43.922550,-59.921580,1991,28886,137,77,,,,,,
260378,260378,UT,21:02:09 08-Oct-2025,Argos,B,43.916210,-59.938760,907,1572,522,28,,,,,,
260378,260378,UT,22:24:42 08-Oct-2025,Argos,B,43.911670,-59.959220,1463,2042,1047,78,,,,,,
260378,260378,UT,22:43:58 08-Oct-2025,Argos,A,43.925160,-59.985740,229,2150,24,97,,,,,,
260378,260378,UT,00:05:14 09-Oct-2025,Argos,B,44.008570,-59.883760,2323,14655,368,124,,,,,,
260378,260378,UT,00:19:06 09-Oct-2025,Argos,B,44.005750,-59.874060,1701,7590,381,67,,,,,,
260378,260378,UT,01:00:00 09-Oct-2025,Argos,B,44.015220,-59.897390,777,13549,44,63,,,,,,
260378,260378,UT,01:40:08 09-Oct-2025,Argos,A,43.935400,-60.057510,970,6489,145,97,,,,,,
260378,260378,UT,02:10:40 09-Oct-2025,Argos,B,43.924100,-60.095490,2267,8258,622,33,,,,,,
260378,260378,UT,03:48:26 09-Oct-2025,Argos,B,43.944970,-60.096220,980,11680,82,80,,,,,,
260378,260378,UT,05:29:29 09-Oct-2025,Argos,B,43.927920,-60.095430,3324,4344,2542,52,,,,,,
260378,260378,UT,08:18:50 09-Oct-2025,Argos,B,43.898470,-60.194740,4308,27956,663,63,,,,,,
260378,260378,UT,08:33:35 09-Oct-2025,Argos,B,43.935420,-60.126430,1023,5449,191,64,,,,,,
260378,260378,UT,10:01:04 09-Oct-2025,Argos,B,43.924490,-60.145930,958,7368,124,68,,,,,,
260378,260378,UT,10:11:35 09-Oct-2025,Argos,3,43.945530,-60.105000,219,621,77,68,,,,,,
260378,260378,UT,11:39:56 09-Oct-2025,Argos,B,43.930930,-60.149300,1777,2680,1177,90,,,,,,
260378,260378,UT,11:48:54 09-Oct-2025,Argos,B,43.942820,-60.117960,2073,5266,815,85,,,,,,
260378,260378,UT,12:18:18 09-Oct-2025,Argos,2,43.943360,-60.083880,400,1507,106,33,,,,,,
260378,260378,UT,13:09:18 09-Oct-2025,Argos,3,43.944380,-60.094530,116,521,25,91,,,,,,
260378,260378,UT,13:58:03 09-Oct-2025,Argos,3,43.944300,-60.094930,207,2091,20,99,,,,,,
260378,260378,UT,15:41:33 09-Oct-2025,Argos,B,43.945230,-60.084220,958,3057,300,150,,,,,,
260378,260378,UT,15:54:18 09-Oct-2025,Argos,A,43.944580,-60.100580,203,945,43,78,,,,,,
260378,260378,UT,00:34:33 10-Oct-2025,Argos,A,43.956860,-60.132480,750,17389,32,83,,,,,,
260378,260378,UT,01:23:05 10-Oct-2025,Argos,1,43.963770,-60.149590,518,1926,139,77,,,,,,
260378,260378,UT,01:28:06 10-Oct-2025,Argos,B,43.963700,-60.149260,1178,1748,793,86,,,,,,
260378,260378,UT,03:04:56 10-Oct-2025,Argos,B,43.961250,-60.167350,3995,5953,2680,90,,,,,,
260378,260378,UT,03:05:32 10-Oct-2025,Argos,A,43.945800,-60.063870,143,754,27,72,,,,,,
260378,260378,UT,04:43:49 10-Oct-2025,Argos,1,43.935450,-59.957730,527,575,482,97,,,,,,
260378,260378,UT,07:50:44 10-Oct-2025,Argos,B,43.927920,-59.917620,7040,10333,4795,74,,,,,,
260378,260378,UT,09:26:44 10-Oct-2025,Argos,3,43.936180,-59.918630,222,1187,41,75,,,,,,
260378,260378,UT,09:28:44 10-Oct-2025,Argos,2,43.937010,-59.914390,426,4446,40,100,,,,,,
260378,260378,UT,15:59:26 11-Oct-2025,Argos,1,43.942250,-59.850500,525,1355,203,100,,,,,,
260378,260378,UT,16:38:49 11-Oct-2025,Argos,B,43.942140,-59.846290,5584,7860,3966,92,,,,,,
260378,260378,UT,17:36:30 11-Oct-2025,Argos,A,43.949420,-59.844180,512,4186,62,98,,,,,,
260378,260378,UT,18:28:23 11-Oct-2025,Argos,B,43.956870,-59.844340,890,2412,328,77,,,,,,
260378,260378,UT,20:04:30 11-Oct-2025,Argos,2,43.968420,-59.819250,386,3347,44,103,,,,,,
260378,260378,UT,21:08:57 11-Oct-2025,Argos,A,43.965590,-59.795740,765,5307,110,80,,,,,,
260378,260378,UT,21:40:42 11-Oct-2025,Argos,A,43.983860,-59.753310,348,679,178,18,,,,,,
260378,260378,UT,22:46:48 11-Oct-2025,Argos,B,43.999430,-59.714860,1175,11071,124,111,,,,,,
260378,260378,UT,23:07:20 11-Oct-2025,Argos,B,44.001910,-59.721090,1136,2504,514,107,,,,,,
260378,260378,UT,00:27:22 12-Oct-2025,Argos,B,44.137050,-59.443620,10310,21468,4950,119,,,,,,
260378,260378,UT,00:37:05 12-Oct-2025,Argos,A,44.386160,-59.884720,16579,26218,10483,172,,,,,,
260378,260378,UT,04:53:05 12-Oct-2025,Argos,B,44.228400,-59.339910,29112,174105,4867,69,,,,,,
260378,260378,UT,08:11:51 12-Oct-2025,Argos,B,44.181210,-59.230440,34241,52453,22351,89,,,,,,
260378,260378,UT,09:51:10 12-Oct-2025,Argos,B,44.169920,-59.306900,14410,20242,10258,92,,,,,,
260378,260378,UT,10:02:39 12-Oct-2025,Argos,B,44.312290,-59.530600,4674,70578,309,105,,,,,,
260378,260378,UT,11:23:35 12-Oct-2025,Argos,B,44.310690,-59.433920,6017,15302,2365,100,,,,,,
260378,260378,UT,12:06:39 12-Oct-2025,Argos,B,44.329520,-59.724190,12136,25947,5676,92,,,,,,
260378,260378,UT,13:50:38 12-Oct-2025,Argos,B,44.364990,-59.808630,8513,25616,2828,108,,,,,,
260378,260378,UT,14:33:39 12-Oct-2025,Argos,B,44.387600,-59.861990,10359,28329,3787,103,,,,,,
260378,260378,UT,15:14:43 12-Oct-2025,Argos,Z,44.262490,-59.922270,8126,15756,4191,145,,,,,,
260378,260378,UT,15:34:16 12-Oct-2025,Argos,B,44.095040,-59.841580,3414,8172,1426,149,,,,,,
260378,260378,UT,16:20:06 12-Oct-2025,Argos,B,44.303390,-59.242920,1519,35868,64,97,,,,,,
260378,260378,UT,16:54:38 12-Oct-2025,Argos,B,44.322550,-59.315240,1984,45871,85,107,,,,,,
260378,260378,UT,18:30:39 12-Oct-2025,Argos,B,44.331100,-59.526630,4157,8562,2018,109,,,,,,
260378,260378,UT,19:24:29 12-Oct-2025,Argos,B,44.446600,-59.794350,3670,32943,408,71,,,,,,
260378,260378,UT,20:34:01 12-Oct-2025,Argos,B,44.507190,-59.963930,2809,16293,484,178,,,,,,
260378,260378,UT,21:04:10 12-Oct-2025,Argos,A,44.457990,-60.157040,14240,254398,797,68,,,,,,
260378,260378,UT,22:14:49 12-Oct-2025,Argos,A,44.612720,-59.983490,5242,8895,3089,145,,,,,,
260378,260378,UT,22:39:26 12-Oct-2025,Argos,B,44.609250,-59.983330,7640,10495,5561,93,,,,,,
260378,260378,UT,23:35:12 12-Oct-2025,Argos,B,44.613210,-60.026850,13848,35625,5382,102,,,,,,
260378,260378,UT,23:48:24 12-Oct-2025,Argos,B,44.599370,-60.018320,10420,27266,3982,95,,,,,,
260378,260378,UT,00:21:21 13-Oct-2025,Argos,B,44.590730,-60.048510,1911,6218,587,97,,,,,,
260378,260378,UT,02:07:55 13-Oct-2025,Argos,B,44.589230,-60.117050,4068,10627,1556,92,,,,,,
260378,260378,UT,02:27:42 13-Oct-2025,Argos,B,44.573160,-60.051810,3248,6958,1516,77,,,,,,
260378,260378,UT,04:06:17 13-Oct-2025,Argos,B,44.613960,-60.133440,2596,5509,1222,94,,,,,,
260378,260378,UT,07:22:36 13-Oct-2025,Argos,B,44.644090,-60.245550,3885,15592,968,86,,,,,,
260378,260378,UT,07:54:52 13-Oct-2025,Argos,B,44.633500,-60.112590,6696,21141,2120,71,,,,,,
260378,260378,UT,09:02:12 13-Oct-2025,Argos,B,44.638410,-60.082600,6810,20491,2263,66,,,,,,
260378,260378,UT,09:34:36 13-Oct-2025,Argos,B,44.629990,-60.078070,5027,122894,205,83,,,,,,
260378,260378,UT,10:38:41 13-Oct-2025,Argos,B,44.630660,-60.031580,1906,5893,616,84,,,,,,
260378,260378,UT,12:32:20 13-Oct-2025,Argos,B,44.632320,-60.010230,2119,3949,1137,80,,,,,,
260378,260378,UT,14:19:47 13-Oct-2025,Argos,B,44.645750,-59.951400,2620,5435,1262,92,,,,,,
260378,260378,UT,14:29:11 13-Oct-2025,Argos,B,44.646260,-59.971680,3066,7688,1222,92,,,,,,
260378,260378,UT,15:56:53 13-Oct-2025,Argos,B,44.652490,-59.881430,2836,5210,1543,97,,,,,,
260378,260378,UT,16:10:58 13-Oct-2025,Argos,B,44.742420,-59.520870,3909,10286,1485,112,,,,,,
260378,260378,UT,17:45:07 13-Oct-2025,Argos,B,44.713860,-59.397500,6468,12774,3274,110,,,,,,
260378,260378,UT,18:38:33 13-Oct-2025,Argos,A,44.992940,-59.698060,1150,14597,90,86,,,,,,
260378,260378,UT,20:18:27 13-Oct-2025,Argos,B,44.954360,-59.684700,2799,6466,1211,83,,,,,,
260378,260378,UT,21:43:56 13-Oct-2025,Argos,B,44.896820,-59.718450,2477,5637,1088,94,,,,,,
260378,260378,UT,21:59:35 13-Oct-2025,Argos,B,44.837920,-59.536230,3072,6043,1561,58,,,,,,
260378,260378,UT,22:24:08 13-Oct-2025,Argos,B,44.830830,-59.558600,3937,5904,2624,64,,,,,,
260378,260378,UT,23:19:35 13-Oct-2025,Argos,B,44.849600,-59.531550,2642,15395,453,101,,,,,,
260378,260378,UT,23:19:57 13-Oct-2025,Argos,B,44.816330,-59.559330,5668,7666,4190,73,,,,,,
260378,260378,UT,00:00:51 14-Oct-2025,Argos,A,44.988680,-60.052190,10680,61637,1850,81,,,,,,
260378,260378,UT,00:56:59 14-Oct-2025,Argos,B,45.004300,-60.040650,48544,73081,32245,91,,,,,,
260378,260378,UT,01:41:39 14-Oct-2025,Argos,B,45.065680,-59.605440,9011,128113,633,84,,,,,,
260378,260378,UT,01:41:39 14-Oct-2025,Argos,B,45.056100,-59.698280,9428,112603,789,84,,,,,,
260378,260378,UT,03:20:26 14-Oct-2025,Argos,B,45.045060,-59.722760,37179,80108,17255,127,,,,,,
260378,260378,UT,07:25:49 14-Oct-2025,Argos,B,45.035870,-59.739350,54481,67290,44109,90,,,,,,
260378,260378,UT,08:19:08 14-Oct-2025,Argos,B,45.045860,-59.744380,2873,4317,1912,55,,,,,,
260378,260378,UT,09:02:27 14-Oct-2025,Argos,B,45.105880,-59.786520,3114,7989,1213,61,,,,,,
260378,260378,UT,10:01:30 14-Oct-2025,Argos,B,45.218310,-59.675010,2742,43574,172,92,,,,,,
260378,260378,UT,12:11:21 14-Oct-2025,Argos,B,45.315460,-59.542240,3676,6560,2060,85,,,,,,
260378,260378,UT,14:03:07 14-Oct-2025,Argos,B,45.603690,-59.244120,47159,76913,28914,92,,,,,,
260378,260378,UT,14:43:22 14-Oct-2025,Argos,B,45.538630,-59.068120,49959,937586,2662,61,,,,,,
260378,260378,UT,15:32:06 14-Oct-2025,Argos,B,45.036040,-59.294870,6978,94352,516,152,,,,,,
260378,260378,UT,16:57:43 14-Oct-2025,Argos,B,45.038780,-59.291240,43640,69580,27370,141,,,,,,
260378,260378,UT,17:58:39 14-Oct-2025,Argos,B,45.194860,-59.337810,9248,13010,6573,114,,,,,,
260378,260378,UT,18:36:56 14-Oct-2025,Argos,B,45.309310,-59.316540,6551,11906,3604,107,,,,,,
260378,260378,UT,19:41:38 14-Oct-2025,Argos,B,45.443090,-59.339700,2715,4515,1632,100,,,,,,
260378,260378,UT,21:10:30 14-Oct-2025,Argos,A,45.628970,-59.361240,914,5372,155,153,,,,,,
260378,260378,UT,21:13:49 14-Oct-2025,Argos,B,45.582110,-59.337360,1218,1663,891,139,,,,,,
260378,260378,UT,22:43:50 14-Oct-2025,Argos,A,45.568370,-59.085040,3240,18404,570,66,,,,,,
260378,260378,UT,23:37:42 14-Oct-2025,Argos,B,45.636500,-59.065180,4273,14325,1274,76,,,,,,
260378,260378,UT,00:25:54 15-Oct-2025,Argos,B,45.661830,-59.128780,4421,7990,2445,84,,,,,,
260378,260378,UT,00:37:30 15-Oct-2025,Argos,B,45.643780,-59.167130,2188,3661,1307,90,,,,,,
260378,260378,UT,02:33:07 15-Oct-2025,Argos,B,45.534330,-59.044060,4828,40283,578,72,,,,,,
260378,260378,UT,04:07:24 15-Oct-2025,Argos,B,45.564090,-59.053780,6253,12570,3110,76,,,,,,
260378,260378,UT,06:53:52 15-Oct-2025,Argos,B,45.614750,-58.969780,8455,13818,5172,74,,,,,,
260378,260378,UT,07:37:18 15-Oct-2025,Argos,B,45.513430,-58.917610,10910,30885,3853,45,,,,,,
260378,260378,UT,08:23:42 15-Oct-2025,Argos,B,45.427450,-58.934440,7172,16598,3098,52,,,,,,
260378,260378,UT,10:09:22 15-Oct-2025,Argos,B,45.359560,-58.791190,3565,17407,730,31,,,,,,
260378,260378,UT,11:00:10 15-Oct-2025,Argos,B,45.319030,-58.760200,1764,2416,1288,82,,,,,,
260378,260378,UT,13:35:27 15-Oct-2025,Argos,B,45.392620,-58.756770,2403,5340,1081,89,,,,,,
260378,260378,UT,14:28:03 15-Oct-2025,Argos,B,45.391120,-58.785940,3968,8169,1927,107,,,,,,
260378,260378,UT,14:35:00 15-Oct-2025,Argos,B,45.391270,-58.787960,4075,7296,2276,119,,,,,,
260378,260378,UT,15:16:46 15-Oct-2025,Argos,B,45.382280,-58.785310,4333,7715,2433,118,,,,,,
260378,260378,UT,16:15:17 15-Oct-2025,Argos,B,45.372330,-58.806090,1424,7786,260,9,,,,,,
260378,260378,UT,17:53:27 15-Oct-2025,Argos,0,45.382110,-58.835270,9509,35204,2568,35,,,,,,
260378,260378,UT,18:56:06 15-Oct-2025,Argos,A,45.347460,-58.848420,6058,29435,1246,41,,,,,,
260378,260378,UT,20:34:25 15-Oct-2025,Argos,B,45.425510,-58.865260,2964,42566,206,82,,,,,,
260378,260378,UT,20:37:43 15-Oct-2025,Argos,B,45.429460,-58.829280,871,1233,614,165,,,,,,
260378,260378,UT,22:16:53 15-Oct-2025,Argos,B,45.340830,-58.693480,12052,23967,6060,66,,,,,,
260378,260378,UT,22:19:27 15-Oct-2025,Argos,A,45.444390,-59.015180,1948,33135,114,94,,,,,,
260378,260378,UT,23:57:28 15-Oct-2025,Argos,A,45.495780,-58.719810,5806,29557,1140,49,,,,,,
260378,260378,UT,00:13:09 16-Oct-2025,Argos,A,45.408230,-58.847380,4462,79507,250,78,,,,,,
260378,260378,UT,00:54:26 16-Oct-2025,Argos,0,42.894290,-67.385290,26202,96655,7103,70,,,,,,
260378,260378,UT,01:48:22 16-Oct-2025,Argos,A,44.733060,-58.522140,20389,40633,10231,81,,,,,,
260378,260378,UT,02:40:52 16-Oct-2025,Argos,B,44.753940,-58.512810,87774,89183,86386,107,,,,,,
260378,260378,UT,03:29:13 16-Oct-2025,Argos,A,44.629420,-62.263660,295986,0,15749,81,,,,,,
260378,260378,UT,08:38:04 16-Oct-2025,Argos,A,45.226750,-58.810810,353077,0,62285,3,,,,,,
260378,260378,UT,09:41:42 16-Oct-2025,Argos,B,45.221300,-58.866460,19841,20755,18967,78,,,,,,
260378,260378,UT,10:14:17 16-Oct-2025,Argos,B,45.232450,-58.814530,23089,49354,10801,81,,,,,,
260378,260378,UT,11:33:09 16-Oct-2025,Argos,B,45.244270,-58.940750,21082,44434,10002,76,,,,,,
260378,260378,UT,13:13:36 16-Oct-2025,Argos,B,45.333500,-58.921790,1658,23235,118,105,,,,,,
260378,260378,UT,14:04:34 16-Oct-2025,Argos,B,45.340230,-58.923880,1508,3761,604,104,,,,,,
260378,260378,UT,15:00:59 16-Oct-2025,Argos,B,45.330710,-58.891750,1734,3217,934,101,,,,,,
260378,260378,UT,15:32:40 16-Oct-2025,Argos,B,45.340420,-58.865750,1992,3827,1037,112,,,,,,
260378,260378,UT,17:05:58 16-Oct-2025,Argos,B,45.361270,-58.847920,1896,26422,136,114,,,,,,
260378,260378,UT,19:53:48 16-Oct-2025,Argos,B,45.464680,-58.882760,2607,7828,868,94,,,,,,
260378,260378,UT,21:32:45 16-Oct-2025,Argos,B,45.493420,-58.878990,3074,6960,1358,93,,,,,,
260378,260378,UT,21:48:54 16-Oct-2025,Argos,B,45.471260,-58.748420,1452,15834,133,151,,,,,,
260378,260378,UT,23:24:21 16-Oct-2025,Argos,B,45.492790,-58.739440,966,13418,69,62,,,,,,
260378,260378,UT,23:54:16 16-Oct-2025,Argos,B,45.483070,-58.748310,1429,4577,446,67,,,,,,
260378,260378,UT,00:35:53 17-Oct-2025,Argos,A,43.688340,-60.678160,12044,128634,1127,84,,,,,,
260378,260378,UT,02:15:42 17-Oct-2025,Argos,B,44.704170,-58.480840,5352,10101,2835,98,,,,,,
260378,260378,UT,02:43:10 17-Oct-2025,Argos,A,45.225980,-58.726900,9728,21050,4495,178,,,,,,
260378,260378,UT,07:28:10 17-Oct-2025,Argos,B,45.233270,-58.738760,119054,176178,80451,71,,,,,,
260378,260378,UT,07:57:23 17-Oct-2025,Argos,B,45.331040,-58.785880,75946,179087,32206,70,,,,,,
260378,260378,UT,09:01:05 17-Oct-2025,Argos,B,45.365360,-58.764980,67343,143723,31554,76,,,,,,
260378,260378,UT,09:39:02 17-Oct-2025,Argos,B,45.423650,-58.718390,2401,6210,927,88,,,,,,
260378,260378,UT,10:47:08 17-Oct-2025,Argos,B,45.477290,-58.673710,2499,7071,883,95,,,,,,
260378,260378,UT,11:13:09 17-Oct-2025,Argos,B,45.485340,-58.661780,2510,5090,1237,111,,,,,,
260378,260378,UT,12:05:28 17-Oct-2025,Argos,B,45.498320,-58.614550,2081,2858,1515,84,,,,,,
260378,260378,UT,13:48:06 17-Oct-2025,Argos,B,45.493760,-58.623060,2017,4445,915,98,,,,,,
260378,260378,UT,14:30:13 17-Oct-2025,Argos,B,45.499230,-58.549690,973,4403,214,14,,,,,,
260378,260378,UT,16:22:31 17-Oct-2025,Argos,B,45.449290,-58.590840,1344,5545,325,154,,,,,,
260378,260378,UT,17:59:33 17-Oct-2025,Argos,A,45.378130,-58.708000,1397,5929,328,40,,,,,,
260378,260378,UT,19:15:39 17-Oct-2025,Argos,B,45.552820,-58.626260,4232,71024,252,101,,,,,,
260378,260378,UT,20:52:34 17-Oct-2025,Argos,B,45.600330,-58.546570,4759,36212,625,9,,,,,,
260378,260378,UT,21:15:28 17-Oct-2025,Argos,A,45.652790,-58.520460,352,896,138,2,,,,,,
260378,260378,UT,22:40:21 17-Oct-2025,Argos,B,45.677910,-58.456130,2256,3224,1578,85,,,,,,
260378,260378,UT,22:53:46 17-Oct-2025,Argos,A,45.479200,-58.486650,365,1426,93,107,,,,,,
260378,260378,UT,23:33:09 17-Oct-2025,Argos,B,45.459480,-58.493990,2014,9862,411,84,,,,,,
260378,260378,UT,00:15:30 18-Oct-2025,Argos,A,45.476510,-58.516270,570,1413,229,19,,,,,,
260378,260378,UT,00:35:00 18-Oct-2025,Argos,B,45.521010,-58.444970,9373,11838,7419,105,,,,,,
260378,260378,UT,01:09:09 18-Oct-2025,Argos,B,45.643920,-58.486320,16469,77668,3492,78,,,,,,
260378,260378,UT,01:57:42 18-Oct-2025,Argos,A,45.567450,-58.411940,1303,5208,325,67,,,,,,
260378,260378,UT,01:58:22 18-Oct-2025,Argos,B,45.512910,-58.507930,7352,16226,3331,76,,,,,,
260378,260378,UT,03:35:52 18-Oct-2025,Argos,B,45.553210,-58.557070,57562,249668,13271,12,,,,,,
260378,260378,UT,05:12:49 18-Oct-2025,Argos,B,45.587840,-58.552910,65395,78611,54399,65,,,,,,
260378,260378,UT,06:53:20 18-Oct-2025,Argos,B,45.612900,-58.549260,3582,4315,2973,24,,,,,,
260378,260378,UT,07:14:24 18-Oct-2025,Argos,B,45.554150,-58.552190,2063,3658,1163,66,,,,,,
260378,260378,UT,08:35:56 18-Oct-2025,Argos,B,45.573410,-58.528590,2184,4842,984,61,,,,,,
260378,260378,UT,08:54:20 18-Oct-2025,Argos,A,45.298750,-58.530310,3465,13328,900,170,,,,,,
260378,260378,UT,10:10:57 18-Oct-2025,Argos,B,45.374910,-58.557970,8787,12069,6397,81,,,,,,
260378,260378,UT,10:38:06 18-Oct-2025,Argos,B,45.474840,-58.557830,7953,13433,4708,61,,,,,,
260378,260378,UT,11:43:38 18-Oct-2025,Argos,B,45.507560,-58.559560,8175,11680,5722,64,,,,,,
260378,260378,UT,13:27:00 18-Oct-2025,Argos,B,45.518860,-58.575530,1843,4488,756,105,,,,,,
260378,260378,UT,14:13:44 18-Oct-2025,Argos,B,45.534300,-58.579480,2203,5335,909,102,,,,,,
260378,260378,UT,15:05:51 18-Oct-2025,Argos,B,45.525680,-58.572530,2348,5094,1082,99,,,,,,
260378,260378,UT,15:35:08 18-Oct-2025,Argos,B,45.446400,-58.553190,1366,10436,178,93,,,,,,
260378,260378,UT,17:18:14 18-Oct-2025,Argos,B,45.544860,-58.521660,3940,43532,356,99,,,,,,
260378,260378,UT,18:34:20 18-Oct-2025,Argos,B,45.577260,-58.466180,2593,5545,1212,91,,,,,,
260378,260378,UT,20:11:00 18-Oct-2025,Argos,B,45.487530,-58.434050,3812,11910,1219,85,,,,,,
260378,260378,UT,20:47:07 18-Oct-2025,Argos,B,45.468620,-58.435660,3343,12419,899,82,,,,,,
260378,260378,UT,21:50:16 18-Oct-2025,Argos,A,45.309240,-58.534490,1870,6039,578,149,,,,,,
260378,260378,UT,22:24:07 18-Oct-2025,Argos,A,45.434950,-58.612950,6519,169244,251,99,,,,,,
260378,260378,UT,23:09:20 18-Oct-2025,Argos,B,45.457750,-58.656960,22212,41397,11918,94,,,,,,
260378,260378,UT,23:53:52 18-Oct-2025,Argos,B,45.457130,-58.649660,11238,87851,1437,4,,,,,,
260378,260378,UT,00:01:04 19-Oct-2025,Argos,B,45.451330,-58.655260,1043,2368,459,16,,,,,,
260378,260378,UT,01:12:52 19-Oct-2025,Argos,B,45.466320,-58.692890,1369,1839,1019,71,,,,,,
260378,260378,UT,01:37:08 19-Oct-2025,Argos,B,45.413530,-58.610760,1142,25653,50,58,,,,,,
260378,260378,UT,02:49:21 19-Oct-2025,Argos,B,45.449120,-58.621790,1084,11380,103,16,,,,,,
260378,260378,UT,04:25:27 19-Oct-2025,Argos,A,45.530570,-58.911060,5394,69747,417,109,,,,,,
260378,260378,UT,07:57:42 19-Oct-2025,Argos,B,45.683060,-59.146940,29011,44958,18720,96,,,,,,
260378,260378,UT,09:39:21 19-Oct-2025,Argos,B,45.590700,-58.943000,21432,32048,14332,73,,,,,,
260378,260378,UT,11:28:10 19-Oct-2025,Argos,B,45.565830,-58.959560,25029,54738,11444,103,,,,,,
260378,260378,UT,12:09:41 19-Oct-2025,Argos,B,45.459330,-58.765170,6763,8099,5647,76,,,,,,
260378,260378,UT,13:56:48 19-Oct-2025,Argos,B,45.466930,-58.783830,3374,5538,2055,74,,,,,,
260378,260378,UT,14:43:26 19-Oct-2025,Argos,B,45.482160,-58.733360,7053,9501,5235,79,,,,,,
260378,260378,UT,16:35:21 19-Oct-2025,Argos,B,45.816260,-58.562600,20541,54878,7688,102,,,,,,
260378,260378,UT,21:06:41 19-Oct-2025,Argos,B,45.476660,-58.412140,25442,333971,1938,90,,,,,,
260378,260378,UT,21:55:07 19-Oct-2025,Argos,B,45.494660,-58.301020,11555,34190,3905,109,,,,,,
260378,260378,UT,22:50:38 19-Oct-2025,Argos,B,45.493480,-58.213070,9990,20083,4968,99,,,,,,
260378,260378,UT,23:31:02 19-Oct-2025,Argos,B,45.457970,-58.193600,1883,4576,775,90,,,,,,
260378,260378,UT,23:36:33 19-Oct-2025,Argos,A,45.395380,-58.775940,1489,11768,188,95,,,,,,
260378,260378,UT,00:26:33 20-Oct-2025,Argos,B,45.424810,-58.653910,2397,11705,490,117,,,,,,
260378,260378,UT,01:13:41 20-Oct-2025,Argos,B,45.431570,-58.573000,3075,5419,1744,108,,,,,,
260378,260378,UT,02:05:12 20-Oct-2025,Argos,B,45.429400,-58.474900,1420,2355,856,93,,,,,,
260378,260378,UT,03:00:41 20-Oct-2025,Argos,B,45.421800,-58.461090,2438,6075,978,81,,,,,,
260378,260378,UT,03:44:11 20-Oct-2025,Argos,A,45.293980,-58.653780,1066,1698,668,153,,,,,,
260378,260378,UT,05:21:00 20-Oct-2025,Argos,B,45.222760,-58.674570,6547,9888,4334,89,,,,,,
260378,260378,UT,07:28:07 20-Oct-2025,Argos,B,45.329620,-59.041670,10513,34021,3248,56,,,,,,
260378,260378,UT,09:05:26 20-Oct-2025,Argos,B,45.493610,-58.632870,19950,28783,13827,171,,,,,,
260378,260378,UT,09:13:18 20-Oct-2025,Argos,B,45.411330,-58.639730,6083,59317,623,84,,,,,,
260378,260378,UT,10:51:18 20-Oct-2025,Argos,B,45.296170,-58.545370,4357,7757,2447,42,,,,,,
260378,260378,UT,10:51:18 20-Oct-2025,Argos,B,45.416960,-58.526670,2109,5912,752,16,,,,,,
260378,260378,UT,13:32:19 20-Oct-2025,Argos,B,45.331200,-58.748950,4784,15657,1461,155,,,,,,
260378,260378,UT,14:21:35 20-Oct-2025,Argos,B,45.342840,-58.767420,7888,9041,6881,114,,,,,,
260378,260378,UT,15:12:02 20-Oct-2025,Argos,B,45.280610,-58.624170,4864,14868,1590,54,,,,,,
260378,260378,UT,15:46:47 20-Oct-2025,Argos,B,45.266760,-58.599910,7941,14341,4396,62,,,,,,
260378,260378,UT,16:50:49 20-Oct-2025,Argos,B,45.246500,-58.553240,10539,16228,6843,72,,,,,,
260378,260378,UT,17:24:22 20-Oct-2025,Argos,A,45.407520,-58.571950,2302,10322,513,143,,,,,,
260378,260378,UT,18:49:56 20-Oct-2025,Argos,A,45.317740,-58.605880,2777,13205,584,148,,,,,,
260378,260378,UT,20:27:24 20-Oct-2025,Argos,B,45.373680,-58.658140,7347,19268,2801,15,,,,,,
260378,260378,UT,21:17:41 20-Oct-2025,Argos,A,45.456520,-58.726240,566,1907,167,117,,,,,,
260378,260378,UT,22:06:05 20-Oct-2025,Argos,A,45.345150,-58.687930,5983,26410,1355,140,,,,,,
260378,260378,UT,22:34:43 20-Oct-2025,Argos,B,45.514860,-58.736570,4365,6047,3150,89,,,,,,
260378,260378,UT,22:52:56 20-Oct-2025,Argos,A,45.392820,-58.611470,646,4632,90,89,,,,,,
260378,260378,UT,23:12:36 20-Oct-2025,Argos,A,45.340370,-58.685560,3314,11128,987,29,,,,,,
260378,260378,UT,00:04:51 21-Oct-2025,Argos,A,45.364750,-58.763580,3359,52344,215,76,,,,,,
260378,260378,UT,00:35:30 21-Oct-2025,Argos,B,45.318730,-58.724180,9084,17237,4787,78,,,,,,
260378,260378,UT,00:51:48 21-Oct-2025,Argos,0,45.424750,-58.564640,6008,124878,289,80,,,,,,
260378,260378,UT,01:23:40 21-Oct-2025,Argos,B,45.412390,-58.566440,10467,17009,6440,84,,,,,,
260378,260378,UT,01:50:04 21-Oct-2025,Argos,B,45.398340,-58.567600,10868,17510,6745,88,,,,,,
260378,260378,UT,02:57:36 21-Oct-2025,Argos,A,45.442730,-58.782840,3013,18047,503,111,,,,,,
260378,260378,UT,04:35:38 21-Oct-2025,Argos,B,45.407970,-58.864450,9460,16340,5476,89,,,,,,
260378,260378,UT,07:02:54 21-Oct-2025,Argos,B,45.129150,-58.841670,12227,35822,4173,78,,,,,,
260378,260378,UT,08:35:59 21-Oct-2025,Argos,B,45.077630,-58.885660,22934,47441,11086,81,,,,,,
260378,260378,UT,08:38:53 21-Oct-2025,Argos,B,45.311490,-58.470360,10460,234029,467,113,,,,,,
260378,260378,UT,10:10:43 21-Oct-2025,Argos,A,45.481530,-58.602780,1239,4004,383,58,,,,,,
260378,260378,UT,10:13:45 21-Oct-2025,Argos,A,45.367010,-58.712870,3139,6042,1630,140,,,,,,
260378,260378,UT,11:49:04 21-Oct-2025,Argos,B,45.427060,-58.701910,45610,67768,30696,94,,,,,,
260378,260378,UT,12:21:16 21-Oct-2025,Argos,B,45.426620,-58.692430,36357,49993,26439,93,,,,,,
260378,260378,UT,13:09:45 21-Oct-2025,Argos,A,45.527920,-58.473070,2476,20829,294,58,,,,,,
260378,260378,UT,14:02:52 21-Oct-2025,Argos,B,45.331990,-58.641930,10843,45579,2579,111,,,,,,
260378,260378,UT,14:52:16 21-Oct-2025,Argos,B,45.331330,-58.640900,13626,28543,6504,101,,,,,,
260378,260378,UT,16:29:19 21-Oct-2025,Argos,B,45.157180,-58.547820,22658,52891,9706,81,,,,,,
260378,260378,UT,16:38:38 21-Oct-2025,Argos,B,45.288520,-58.374950,9768,69909,1364,116,,,,,,
260378,260378,UT,18:17:24 21-Oct-2025,Argos,B,45.208570,-58.349340,13622,23949,7747,106,,,,,,
260378,260378,UT,19:44:30 21-Oct-2025,Argos,B,45.242320,-58.742090,6039,40204,907,10,,,,,,
260378,260378,UT,20:42:50 21-Oct-2025,Argos,B,45.227270,-58.812730,4574,8289,2523,85,,,,,,
260378,260378,UT,21:27:53 21-Oct-2025,Argos,B,45.311800,-58.922710,4019,92406,174,74,,,,,,
260378,260378,UT,22:09:47 21-Oct-2025,Argos,B,45.309290,-58.904900,3741,9264,1510,75,,,,,,
260378,260378,UT,22:26:02 21-Oct-2025,Argos,A,45.449670,-58.945280,44671,0,578,101,,,,,,
260378,260378,UT,22:59:13 21-Oct-2025,Argos,B,45.297850,-58.475760,24736,96850,6317,90,,,,,,
260378,260378,UT,23:47:08 21-Oct-2025,Argos,B,45.466030,-58.511540,28199,288882,2752,84,,,,,,
260378,260378,UT,00:01:49 22-Oct-2025,Argos,B,45.458230,-58.574640,19108,71182,5129,85,,,,,,
260378,260378,UT,00:29:39 22-Oct-2025,Argos,A,42.854270,-65.156510,246363,0,28501,73,,,,,,
260378,260378,UT,01:28:56 22-Oct-2025,Argos,B,46.811040,-44.862370,0,0,757731,88,,,,,,
260378,260378,UT,02:14:07 22-Oct-2025,Argos,Z,46.853280,-44.907970,0,0,0,88,,,,,,
260378,260378,UT,03:49:44 22-Oct-2025,Argos,A,40.993130,-70.500680,230016,0,43766,113,,,,,,
260378,260378,UT,07:48:14 22-Oct-2025,Argos,B,41.215170,-70.683920,832267,0,573220,86,,,,,,
260378,260378,UT,08:06:01 22-Oct-2025,Argos,A,44.530010,-58.963520,53311,173833,16349,50,,,,,,
260378,260378,UT,09:31:06 22-Oct-2025,Argos,Z,45.434850,-58.666410,264617,0,42557,98,,,,,,
260378,260378,UT,09:50:12 22-Oct-2025,Argos,B,44.522380,-58.975580,409521,571893,293249,89,,,,,,
260378,260378,UT,11:03:07 22-Oct-2025,Argos,B,44.569050,-58.805140,356871,465650,273503,98,,,,,,
260378,260378,UT,12:53:05 22-Oct-2025,Argos,B,44.782420,-58.692020,346469,565945,212106,94,,,,,,
260378,260378,UT,13:41:44 22-Oct-2025,Argos,A,45.072250,-58.492730,3907,12299,1241,146,,,,,,
260378,260378,UT,14:26:42 22-Oct-2025,Argos,A,47.728640,-58.278950,64840,83122,50578,130,,,,,,
260378,260378,UT,15:53:15 22-Oct-2025,Argos,A,46.455220,-59.010610,52846,112307,24867,128,,,,,,
260378,260378,UT,16:12:14 22-Oct-2025,Argos,B,46.442790,-59.015200,175708,254757,121186,94,,,,,,
260378,260378,UT,19:01:51 22-Oct-2025,Argos,Z,46.054140,-59.148730,500527,825350,303540,92,,,,,,
260378,260378,UT,20:14:18 22-Oct-2025,Argos,B,46.383810,-59.003210,415111,694426,248143,88,,,,,,
260378,260378,UT,20:45:00 22-Oct-2025,Argos,B,42.555440,-66.961260,838,12538,56,91,,,,,,
260378,260378,UT,21:56:54 22-Oct-2025,Argos,0,45.322550,-58.881100,19095,153686,2372,81,,,,,,
260378,260378,UT,22:40:46 22-Oct-2025,Argos,B,45.322450,-58.880560,48170,72174,32149,87,,,,,,
260378,260378,UT,23:24:44 22-Oct-2025,Argos,A,45.458510,-58.772390,6623,37629,1165,15,,,,,,
260378,260378,UT,23:35:02 22-Oct-2025,Argos,B,45.454890,-58.778830,5007,25194,994,173,,,,,,
260378,260378,UT,00:15:09 23-Oct-2025,Argos,0,45.321670,-58.798490,16744,74213,3777,113,,,,,,
260378,260378,UT,01:04:08 23-Oct-2025,Argos,B,45.329050,-58.783990,38162,746292,1951,92,,,,,,
260378,260378,UT,01:29:17 23-Oct-2025,Argos,B,45.211950,-58.875460,14988,66114,3397,96,,,,,,
260378,260378,UT,01:57:50 23-Oct-2025,Argos,B,45.234910,-58.888730,13134,91985,1875,77,,,,,,
260378,260378,UT,03:06:07 23-Oct-2025,Argos,B,45.309410,-58.832050,2854,72326,112,89,,,,,,
260378,260378,UT,04:43:52 23-Oct-2025,Argos,A,45.414360,-58.820940,1483,5659,388,24,,,,,,
260378,260378,UT,07:37:26 23-Oct-2025,Argos,B,45.259290,-58.758620,8401,32208,2191,82,,,,,,
260378,260378,UT,08:48:27 23-Oct-2025,Argos,B,45.309270,-58.703180,8517,23444,3093,88,,,,,,
260378,260378,UT,09:17:05 23-Oct-2025,Argos,B,45.313610,-58.702690,14184,42403,4744,93,,,,,,
260378,260378,UT,10:26:01 23-Oct-2025,Argos,B,45.348220,-58.773020,1970,14169,274,51,,,,,,
260378,260378,UT,10:54:03 23-Oct-2025,Argos,B,45.359600,-58.683650,4548,7503,2756,29,,,,,,
260378,260378,UT,12:24:54 23-Oct-2025,Argos,B,45.391040,-58.683050,6679,8773,5084,74,,,,,,
260378,260378,UT,13:19:13 23-Oct-2025,Argos,B,45.368630,-58.734860,6809,25130,1844,148,,,,,,
260378,260378,UT,15:04:13 23-Oct-2025,Argos,B,45.398860,-58.775650,1869,2352,1484,120,,,,,,
260378,260378,UT,15:47:01 23-Oct-2025,Argos,B,45.406770,-58.796910,1911,1989,1836,113,,,,,,
260378,260378,UT,16:48:14 23-Oct-2025,Argos,B,45.411600,-58.814030,2373,3217,1750,107,,,,,,
260378,260378,UT,18:23:14 23-Oct-2025,Argos,B,45.390770,-58.805670,2285,5308,983,84,,,,,,
260378,260378,UT,18:23:14 23-Oct-2025,Argos,B,45.375750,-58.802820,2241,7579,662,93,,,,,,
260378,260378,UT,19:59:39 23-Oct-2025,Argos,B,45.378400,-58.839900,2336,6224,876,99,,,,,,
260378,260378,UT,21:19:34 23-Oct-2025,Argos,B,45.267010,-58.771340,7537,55308,1027,85,,,,,,
260378,260378,UT,21:39:47 23-Oct-2025,Argos,B,45.360690,-58.395050,6670,21685,2051,103,,,,,,
260378,260378,UT,22:14:50 23-Oct-2025,Argos,B,45.345860,-58.394610,6592,12426,3497,102,,,,,,
260378,260378,UT,23:05:39 23-Oct-2025,Argos,B,45.269730,-58.496730,6484,98268,427,128,,,,,,
260378,260378,UT,23:05:39 23-Oct-2025,Argos,B,45.396220,-58.658290,484,600,390,117,,,,,,
260378,260378,UT,23:48:48 23-Oct-2025,Argos,A,45.489430,-58.548200,6899,126507,376,49,,,,,,
260378,260378,UT,00:40:18 24-Oct-2025,Argos,B,45.457150,-58.587170,13078,20185,8472,66,,,,,,
260378,260378,UT,00:48:22 24-Oct-2025,Argos,B,45.403010,-58.603200,8989,22980,3516,86,,,,,,
260378,260378,UT,01:40:47 24-Oct-2025,Argos,B,45.391930,-58.588550,9377,18328,4797,84,,,,,,
260378,260378,UT,02:20:06 24-Oct-2025,Argos,0,45.387870,-58.644760,10916,45672,2609,147,,,,,,
260378,260378,UT,04:00:49 24-Oct-2025,Argos,0,45.416550,-58.618840,4971,35911,688,66,,,,,,
260378,260378,UT,05:40:10 24-Oct-2025,Argos,B,45.416190,-58.628830,24791,36811,16695,92,,,,,,
260378,260378,UT,07:06:24 24-Oct-2025,Argos,B,45.234990,-58.604750,16762,79008,3556,84,,,,,,
260378,260378,UT,08:05:56 24-Oct-2025,Argos,A,45.491830,-58.619810,4808,23841,969,135,,,,,,
260378,260378,UT,08:38:23 24-Oct-2025,Argos,B,45.515030,-58.623130,15145,21405,10715,103,,,,,,
260378,260378,UT,09:47:40 24-Oct-2025,Argos,0,45.409590,-58.538040,10061,82692,1224,109,,,,,,
260378,260378,UT,10:21:43 24-Oct-2025,Argos,B,45.420960,-58.445340,19217,33115,11152,168,,,,,,
260378,260378,UT,11:25:06 24-Oct-2025,Argos,B,45.456870,-58.287570,6160,13156,2883,144,,,,,,
260378,260378,UT,12:08:54 24-Oct-2025,Argos,A,45.431450,-58.829870,2782,36003,215,89,,,,,,
260378,260378,UT,13:03:25 24-Oct-2025,Argos,B,45.440480,-58.827100,6040,13041,2797,92,,,,,,
260378,260378,UT,13:45:55 24-Oct-2025,Argos,A,45.477000,-58.548260,1539,7015,337,122,,,,,,
260378,260378,UT,14:20:40 24-Oct-2025,Argos,B,45.479540,-58.490210,5059,7742,3305,100,,,,,,
260378,260378,UT,15:27:51 24-Oct-2025,Argos,B,45.341920,-58.379160,4911,16751,1439,88,,,,,,
260378,260378,UT,16:00:29 24-Oct-2025,Argos,0,45.433530,-58.555480,9586,21799,4215,17,,,,,,
260378,260378,UT,17:39:29 24-Oct-2025,Argos,B,45.497480,-58.442290,40167,107317,15034,149,,,,,,
260378,260378,UT,19:20:21 24-Oct-2025,Argos,B,45.532660,-58.457910,5223,48981,556,179,,,,,,
260378,260378,UT,20:49:08 24-Oct-2025,Argos,B,45.391530,-58.580630,10009,24165,4145,115,,,,,,
260378,260378,UT,20:57:32 24-Oct-2025,Argos,A,45.470740,-58.658660,4082,30821,540,81,,,,,,
260378,260378,UT,00:05:36 25-Oct-2025,Argos,B,45.440970,-58.743870,4941,7095,3441,91,,,,,,
260378,260378,UT,00:27:24 25-Oct-2025,Argos,B,45.474910,-58.744100,2193,37997,126,89,,,,,,
260378,260378,UT,01:12:35 25-Oct-2025,Argos,A,45.505680,-58.433450,1342,9828,183,64,,,,,,
260378,260378,UT,01:35:23 25-Oct-2025,Argos,B,45.429630,-58.591920,11349,15826,8137,104,,,,,,
260378,260378,UT,03:09:31 25-Oct-2025,Argos,B,45.438320,-58.424410,22794,32157,16157,92,,,,,,
260378,260378,UT,04:52:54 25-Oct-2025,Argos,A,45.331090,-58.600780,2938,12941,666,179,,,,,,
260378,260378,UT,07:25:42 25-Oct-2025,Argos,B,45.367050,-58.481360,9940,15228,6487,91,,,,,,
260378,260378,UT,09:05:14 25-Oct-2025,Argos,0,45.480950,-58.610150,26848,120601,5976,56,,,,,,
260378,260378,UT,09:49:41 25-Oct-2025,Argos,B,45.538440,-58.471970,26432,93759,7451,142,,,,,,
260378,260378,UT,10:44:59 25-Oct-2025,Argos,B,45.564480,-58.409020,42367,62511,28714,95,,,,,,
260378,260378,UT,13:23:02 25-Oct-2025,Argos,B,45.463630,-58.089500,21928,39770,12089,77,,,,,,
260378,260378,UT,14:19:51 25-Oct-2025,Argos,B,45.353400,-58.367940,23070,106621,4991,116,,,,,,
260378,260378,UT,15:03:17 25-Oct-2025,Argos,B,45.336240,-58.367710,21357,54257,8406,115,,,,,,
260378,260378,UT,15:18:01 25-Oct-2025,Argos,B,45.684260,-58.657340,10443,58523,1863,96,,,,,,
260378,260378,UT,16:51:13 25-Oct-2025,Argos,B,45.559660,-58.809940,17520,193398,1587,111,,,,,,
260378,260378,UT,18:36:05 25-Oct-2025,Argos,B,45.506580,-58.851180,17382,39316,7684,107,,,,,,
260378,260378,UT,20:17:23 25-Oct-2025,Argos,B,45.430520,-58.882250,5150,139729,189,79,,,,,,
260378,260378,UT,20:17:45 25-Oct-2025,Argos,B,45.431170,-58.876800,2728,102186,72,79,,,,,,
260378,260378,UT,21:54:55 25-Oct-2025,Argos,B,45.361940,-58.861260,2932,12438,691,78,,,,,,
260378,260378,UT,22:00:53 25-Oct-2025,Argos,A,45.739190,-58.316910,13341,74411,2391,27,,,,,,
260378,260378,UT,23:13:55 25-Oct-2025,Argos,A,45.473150,-58.554600,8395,24454,2881,143,,,,,,
260378,260378,UT,23:38:02 25-Oct-2025,Argos,A,45.420640,-58.421280,1803,6684,486,172,,,,,,
260378,260378,UT,00:06:15 26-Oct-2025,Argos,A,45.467880,-58.552840,814,11203,59,83,,,,,,
260378,260378,UT,00:49:21 26-Oct-2025,Argos,0,45.444780,-58.357140,40065,139349,11519,90,,,,,,
260378,260378,UT,00:49:57 26-Oct-2025,Argos,B,45.449010,-58.342710,111186,0,10558,75,,,,,,
260378,260378,UT,02:29:40 26-Oct-2025,Argos,B,45.417780,-58.349550,80507,0,3957,76,,,,,,
260378,260378,UT,02:30:22 26-Oct-2025,Argos,A,45.294570,-58.294980,743,2550,216,147,,,,,,
260378,260378,UT,04:06:50 26-Oct-2025,Argos,B,45.342120,-58.452440,20549,233841,1805,29,,,,,,
260378,260378,UT,05:45:55 26-Oct-2025,Argos,B,45.296480,-58.437930,42965,76504,24129,30,,,,,,
260378,260378,UT,07:38:12 26-Oct-2025,Argos,B,45.283680,-58.461130,5764,8750,3796,20,,,,,,
260378,260378,UT,08:25:26 26-Oct-2025,Argos,B,45.506520,-58.389810,3328,6396,1731,94,,,,,,
260378,260378,UT,09:16:16 26-Oct-2025,Argos,A,45.416210,-58.732150,38205,639132,2283,71,,,,,,
260378,260378,UT,10:02:36 26-Oct-2025,Argos,B,45.610010,-58.385850,18488,172969,1976,117,,,,,,
260378,260378,UT,10:58:11 26-Oct-2025,Argos,B,45.633670,-58.290890,25109,45314,13913,99,,,,,,
260378,260378,UT,13:05:50 26-Oct-2025,Argos,B,45.566970,-58.242140,16508,30779,8853,84,,,,,,
260378,260378,UT,14:04:23 26-Oct-2025,Argos,B,45.608420,-58.173340,28442,93006,8697,62,,,,,,
260378,260378,UT,14:43:00 26-Oct-2025,Argos,A,45.438660,-58.215100,8400,10369,6804,22,,,,,,
260378,260378,UT,19:34:35 26-Oct-2025,Argos,B,45.427200,-58.192170,32369,0,797,57,,,,,,
260378,260378,UT,21:16:54 26-Oct-2025,Argos,B,45.437130,-58.152160,1340,17688,101,18,,,,,,
260378,260378,UT,21:25:30 26-Oct-2025,Argos,B,45.520720,-58.116340,414,2215,77,136,,,,,,
260378,260378,UT,23:11:28 26-Oct-2025,Argos,A,45.429700,-58.071630,628,2738,144,138,,,,,,
260378,260378,UT,23:44:34 26-Oct-2025,Argos,B,45.491140,-58.025400,2536,23988,268,109,,,,,,
260378,260378,UT,00:32:20 27-Oct-2025,Argos,B,47.681340,-41.320150,1565,20536,119,83,,,,,,
260378,260378,UT,02:13:14 27-Oct-2025,Argos,B,45.463320,-57.961500,2717,50432,146,89,,,,,,
260378,260378,UT,07:09:25 27-Oct-2025,Argos,B,45.273520,-58.151620,9388,53202,1656,101,,,,,,
260378,260378,UT,08:46:52 27-Oct-2025,Argos,0,45.424730,-58.128280,3442,10474,1131,57,,,,,,
260378,260378,UT,09:21:40 27-Oct-2025,Argos,0,45.440540,-58.118300,13089,197181,868,99,,,,,,
260378,260378,UT,10:24:58 27-Oct-2025,Argos,B,45.457510,-58.117050,58826,122140,28331,92,,,,,,
260378,260378,UT,11:00:26 27-Oct-2025,Argos,B,45.446830,-58.118740,59973,122957,29251,85,,,,,,
260378,260378,UT,12:52:40 27-Oct-2025,Argos,B,45.465710,-58.106000,75694,122553,46751,84,,,,,,
260378,260378,UT,13:35:46 27-Oct-2025,Argos,B,43.351240,-56.792550,6641,65715,671,171,,,,,,
260378,260378,UT,14:30:33 27-Oct-2025,Argos,Z,45.812200,-64.665540,51017,83739,31081,77,,,,,,
260378,260378,UT,16:09:18 27-Oct-2025,Argos,B,46.390750,-64.015070,4237,8785,2043,67,,,,,,
260378,260378,UT,16:59:30 27-Oct-2025,Argos,Z,45.401090,-57.426250,2845,4755,1701,112,,,,,,
260378,260378,UT,20:33:17 27-Oct-2025,Argos,A,45.535900,-58.218310,10526,36277,3053,150,,,,,,
260378,260378,UT,20:55:47 27-Oct-2025,Argos,A,45.596580,-58.206340,3413,9551,1219,164,,,,,,
260378,260378,UT,22:14:20 27-Oct-2025,Argos,B,45.701930,-58.228940,4807,25775,896,0,,,,,,
260378,260378,UT,22:29:10 27-Oct-2025,Argos,A,45.454310,-58.132030,14476,57777,3627,171,,,,,,
260378,260378,UT,22:34:29 27-Oct-2025,Argos,0,45.458750,-58.108150,6163,65410,580,104,,,,,,
260378,260378,UT,23:31:16 27-Oct-2025,Argos,B,45.420300,-58.023150,17915,26135,12279,64,,,,,,
260378,260378,UT,00:09:43 28-Oct-2025,Argos,A,45.555550,-58.038080,4640,29237,736,62,,,,,,
260378,260378,UT,00:11:20 28-Oct-2025,Argos,0,45.490480,-58.152720,4940,10216,2389,125,,,,,,
260378,260378,UT,00:58:47 28-Oct-2025,Argos,B,45.581650,-58.228990,22416,31811,15795,88,,,,,,
260378,260378,UT,01:11:02 28-Oct-2025,Argos,B,45.607990,-58.258720,25347,36011,17841,92,,,,,,
260378,260378,UT,01:50:49 28-Oct-2025,Argos,B,45.575070,-58.242150,1035,4510,237,102,,,,,,
260378,260378,UT,02:38:20 28-Oct-2025,Argos,A,45.437120,-58.160270,10307,38451,2762,95,,,,,,
260378,260378,UT,04:14:38 28-Oct-2025,Argos,A,45.388790,-58.188760,5735,12004,2740,151,,,,,,
260378,260378,UT,08:12:20 28-Oct-2025,Argos,B,45.382530,-58.263680,1466,34812,61,44,,,,,,
260378,260378,UT,08:44:42 28-Oct-2025,Argos,B,45.415640,-58.230400,2042,6873,606,46,,,,,,
260378,260378,UT,09:55:32 28-Oct-2025,Argos,B,45.500230,-58.240410,29587,49796,17579,94,,,,,,
260378,260378,UT,10:16:43 28-Oct-2025,Argos,B,45.488880,-58.250660,24529,52209,11524,104,,,,,,
260378,260378,UT,11:37:55 28-Oct-2025,Argos,B,45.534420,-58.234130,31352,43613,22538,98,,,,,,
260378,260378,UT,11:57:31 28-Oct-2025,Argos,B,45.526500,-58.227490,2725,4162,1783,13,,,,,,
260378,260378,UT,12:29:56 28-Oct-2025,Argos,B,45.539660,-58.227450,2874,4164,1983,13,,,,,,
260378,260378,UT,14:08:39 28-Oct-2025,Argos,B,45.560580,-58.219970,1583,40895,61,101,,,,,,
260378,260378,UT,15:48:13 28-Oct-2025,Argos,B,45.594190,-58.035860,4346,9567,1974,136,,,,,,
260378,260378,UT,16:16:46 28-Oct-2025,Argos,A,45.733690,-58.237600,2210,5173,944,179,,,,,,
260378,260378,UT,17:52:40 28-Oct-2025,Argos,B,45.651100,-58.063490,3092,36710,260,57,,,,,,
260378,260378,UT,19:49:26 28-Oct-2025,Argos,B,45.647190,-57.964150,4332,7010,2676,73,,,,,,
260378,260378,UT,21:36:17 28-Oct-2025,Argos,B,45.474590,-57.932370,3462,28668,418,93,,,,,,
260378,260378,UT,22:01:45 28-Oct-2025,Argos,A,45.610400,-58.214160,479,2708,84,101,,,,,,
260378,260378,UT,23:05:11 28-Oct-2025,Argos,B,45.583130,-58.169860,4724,8134,2743,87,,,,,,
260378,260378,UT,23:40:48 28-Oct-2025,Argos,0,45.540820,-58.217750,8150,34938,1901,56,,,,,,
260378,260378,UT,23:44:43 28-Oct-2025,Argos,A,45.544850,-58.222110,4514,22588,901,60,,,,,,
260378,260378,UT,00:45:10 29-Oct-2025,Argos,B,45.525980,-58.224900,976,1761,540,81,,,,,,
260378,260378,UT,01:30:59 29-Oct-2025,Argos,A,45.606310,-58.079490,867,5688,132,72,,,,,,
260378,260378,UT,01:52:05 29-Oct-2025,Argos,B,45.607000,-58.081140,1721,2613,1133,83,,,,,,
260378,260378,UT,03:11:35 29-Oct-2025,Argos,B,45.621110,-57.947890,5247,6989,3939,115,,,,,,
260378,260378,UT,03:28:51 29-Oct-2025,Argos,0,45.621830,-58.081830,17662,62362,5002,52,,,,,,
260378,260378,UT,05:06:05 29-Oct-2025,Argos,B,45.622940,-57.992570,23481,41469,13295,127,,,,,,
260378,260378,UT,07:44:28 29-Oct-2025,Argos,A,45.422330,-58.066250,2533,13603,471,153,,,,,,
260378,260378,UT,07:56:01 29-Oct-2025,Argos,B,45.446820,-58.078050,4268,6183,2945,141,,,,,,
260378,260378,UT,09:19:15 29-Oct-2025,Argos,B,45.602720,-58.153760,6853,26782,1753,73,,,,,,
260378,260378,UT,09:36:21 29-Oct-2025,Argos,A,45.522650,-58.021180,5499,57903,522,89,,,,,,
260378,260378,UT,11:15:52 29-Oct-2025,Argos,B,45.548530,-58.020600,18453,31476,10817,93,,,,,,
260378,260378,UT,12:06:30 29-Oct-2025,Argos,B,45.563850,-58.019210,15833,25703,9753,91,,,,,,
260378,260378,UT,12:59:38 29-Oct-2025,Argos,B,45.555490,-58.008000,13586,27975,6598,88,,,,,,
260378,260378,UT,14:38:54 29-Oct-2025,Argos,B,45.571280,-58.038910,2051,3032,1387,82,,,,,,
260378,260378,UT,15:30:03 29-Oct-2025,Argos,B,45.568170,-58.097620,2873,3206,2573,85,,,,,,
260378,260378,UT,15:30:25 29-Oct-2025,Argos,B,45.591370,-58.255650,2855,12098,673,34,,,,,,
260378,260378,UT,17:12:20 29-Oct-2025,Argos,B,45.594340,-58.306940,3960,5161,3038,52,,,,,,
260378,260378,UT,19:08:30 29-Oct-2025,Argos,B,45.605260,-58.360810,2749,11441,660,88,,,,,,
260378,260378,UT,20:49:49 29-Oct-2025,Argos,B,45.462920,-58.290910,3907,67535,226,88,,,,,,
260378,260378,UT,21:31:51 29-Oct-2025,Argos,B,45.437440,-58.290210,3392,16012,718,87,,,,,,
260378,260378,UT,23:11:56 29-Oct-2025,Argos,0,45.352770,-58.352420,13303,53668,3297,168,,,,,,
260378,260378,UT,23:30:47 29-Oct-2025,Argos,B,45.330810,-58.439070,13211,19493,8952,153,,,,,,
260378,260378,UT,00:26:13 30-Oct-2025,Argos,B,45.353390,-58.473960,9062,100523,816,78,,,,,,
260378,260378,UT,01:07:48 30-Oct-2025,Argos,B,45.341520,-58.466030,9419,19487,4552,80,,,,,,
260378,260378,UT,01:08:12 30-Oct-2025,Argos,0,45.413510,-58.375350,11317,43355,2953,41,,,,,,
260378,260378,UT,02:04:55 30-Oct-2025,Argos,B,45.408580,-58.365830,29048,42536,19836,84,,,,,,
260378,260378,UT,02:44:26 30-Oct-2025,Argos,0,45.387430,-58.465470,7576,52105,1101,97,,,,,,
260378,260378,UT,04:22:45 30-Oct-2025,Argos,B,45.328380,-58.483870,22593,282072,1809,40,,,,,,
260378,260378,UT,07:11:07 30-Oct-2025,Argos,B,45.264510,-58.608300,39669,61305,25668,68,,,,,,
260378,260378,UT,07:17:09 30-Oct-2025,Argos,B,45.381100,-58.419790,3387,14901,769,73,,,,,,
260378,260378,UT,08:47:54 30-Oct-2025,Argos,A,45.440070,-58.630930,1194,4414,322,112,,,,,,
260378,260378,UT,08:56:50 30-Oct-2025,Argos,B,45.391340,-58.577170,1308,9911,172,69,,,,,,
260378,260378,UT,10:30:27 30-Oct-2025,Argos,B,45.388610,-58.690340,4334,7612,2467,87,,,,,,
260378,260378,UT,10:34:15 30-Oct-2025,Argos,B,45.392620,-58.588860,1513,9456,242,24,,,,,,
260378,260378,UT,11:43:29 30-Oct-2025,Argos,B,45.382660,-58.667410,1325,1717,1022,68,,,,,,
260378,260378,UT,12:38:21 30-Oct-2025,Argos,B,45.378180,-58.843870,1507,12443,182,114,,,,,,
260378,260378,UT,13:21:25 30-Oct-2025,Argos,0,45.315080,-58.653610,21169,78988,5673,22,,,,,,
260378,260378,UT,14:17:22 30-Oct-2025,Argos,B,45.285080,-58.637730,42066,53117,33314,88,,,,,,
260378,260378,UT,15:01:16 30-Oct-2025,Argos,A,45.322390,-58.683390,10035,14553,6918,71,,,,,,
260378,260378,UT,16:22:26 30-Oct-2025,Argos,A,45.387980,-58.772550,12746,152536,1065,108,,,,,,
260378,260378,UT,18:29:46 30-Oct-2025,Argos,B,45.400140,-58.807990,10102,16525,6175,90,,,,,,
260378,260378,UT,20:09:43 30-Oct-2025,Argos,B,45.382290,-58.728680,6077,22692,1627,4,,,,,,
260378,260378,UT,20:57:56 30-Oct-2025,Argos,B,45.321100,-58.739410,1558,2045,1186,54,,,,,,
260378,260378,UT,21:45:02 30-Oct-2025,Argos,B,45.285580,-58.735150,1707,2831,1029,69,,,,,,
260378,260378,UT,22:36:52 30-Oct-2025,Argos,A,45.380390,-58.839470,4724,20269,1101,141,,,,,,
260378,260378,UT,23:08:53 30-Oct-2025,Argos,A,45.341930,-58.875330,2129,12831,353,106,,,,,,
260378,260378,UT,00:00:52 31-Oct-2025,Argos,B,45.336630,-58.908820,4119,6499,2609,96,,,,,,
260378,260378,UT,00:18:52 31-Oct-2025,Argos,B,45.314400,-58.588130,7840,10091,6090,166,,,,,,
260378,260378,UT,00:43:33 31-Oct-2025,Argos,0,45.280040,-58.559540,18930,666808,537,79,,,,,,
260378,260378,UT,01:41:14 31-Oct-2025,Argos,B,45.354590,-58.594010,18414,62038,5465,85,,,,,,
260378,260378,UT,01:56:38 31-Oct-2025,Argos,A,45.324410,-58.898140,2395,10718,535,141,,,,,,
260378,260378,UT,02:29:34 31-Oct-2025,Argos,B,45.325280,-58.912200,2613,4178,1633,103,,,,,,
260378,260378,UT,03:33:08 31-Oct-2025,Argos,B,45.175990,-58.857550,3397,180293,64,85,,,,,,
260378,260378,UT,05:18:31 31-Oct-2025,Argos,B,45.124510,-58.864800,7680,15623,3775,90,,,,,,
260378,260378,UT,08:16:15 31-Oct-2025,Argos,B,45.136280,-58.849020,9757,19756,4818,104,,,,,,
260378,260378,UT,08:20:06 31-Oct-2025,Argos,A,45.053820,-58.818340,526,2143,129,144,,,,,,
260378,260378,UT,09:51:22 31-Oct-2025,Argos,B,45.147140,-58.866010,1881,45054,78,82,,,,,,
260378,260378,UT,09:54:30 31-Oct-2025,Argos,A,44.917990,-58.954890,1591,6170,410,179,,,,,,
260378,260378,UT,11:28:17 31-Oct-2025,Argos,B,45.103540,-59.006810,56604,76993,41614,95,,,,,,
260378,260378,UT,13:04:19 31-Oct-2025,Argos,B,45.016000,-59.188800,26375,87510,7949,141,,,,,,
260378,260378,UT,13:58:50 31-Oct-2025,Argos,B,45.008570,-59.213060,6656,11404,3884,132,,,,,,
260378,260378,UT,14:40:39 31-Oct-2025,Argos,B,44.955590,-59.370840,6567,18533,2327,125,,,,,,
260378,260378,UT,15:33:08 31-Oct-2025,Argos,B,44.888520,-59.400390,7549,12858,4431,118,,,,,,
260378,260378,UT,16:21:43 31-Oct-2025,Argos,B,44.835010,-59.366530,8475,12044,5963,121,,,,,,
260378,260378,UT,17:16:29 31-Oct-2025,Argos,B,44.900290,-59.320900,7287,15652,3392,82,,,,,,
260378,260378,UT,19:30:09 31-Oct-2025,Argos,A,44.803790,-59.226920,2435,23585,251,91,,,,,,
260378,260378,UT,21:07:15 31-Oct-2025,Argos,B,44.763340,-59.153080,2266,18199,282,163,,,,,,
260378,260378,UT,22:07:57 31-Oct-2025,Argos,A,44.752120,-59.440460,3026,16997,538,74,,,,,,
260378,260378,UT,22:53:03 31-Oct-2025,Argos,B,44.732710,-59.489390,12715,19041,8490,83,,,,,,
260378,260378,UT,23:43:00 31-Oct-2025,Argos,B,44.739610,-59.479920,8150,17505,3794,118,,,,,,
260378,260378,UT,00:29:26 01-Nov-2025,Argos,A,44.928240,-57.947430,29916,239536,3736,76,,,,,,
260378,260378,UT,01:25:09 01-Nov-2025,Argos,B,44.862830,-57.967630,172260,272160,109029,91,,,,,,
260378,260378,UT,02:13:40 01-Nov-2025,Argos,B,44.807150,-57.990100,168141,248977,113549,90,,,,,,
260378,260378,UT,02:47:44 01-Nov-2025,Argos,B,44.860240,-58.020340,5502,62127,487,86,,,,,,
260378,260378,UT,04:29:47 01-Nov-2025,Argos,B,44.818910,-58.077550,8169,20668,3228,88,,,,,,
260378,260378,UT,07:35:59 01-Nov-2025,Argos,B,44.948690,-58.862070,23195,91367,5888,81,,,,,,
260378,260378,UT,07:46:30 01-Nov-2025,Argos,B,44.872130,-59.262760,11651,61509,2206,0,,,,,,
260378,260378,UT,09:15:27 01-Nov-2025,Argos,B,44.862210,-59.406030,1964,5919,651,114,,,,,,
260378,260378,UT,09:21:39 01-Nov-2025,Argos,0,44.691990,-59.202850,13868,203010,947,87,,,,,,
260378,260378,UT,10:48:21 01-Nov-2025,Argos,B,44.691600,-59.334840,33042,49100,22235,97,,,,,,
260378,260378,UT,11:07:39 01-Nov-2025,Argos,B,44.688990,-59.355260,48297,178171,13092,101,,,,,,
260378,260378,UT,12:39:56 01-Nov-2025,Argos,A,44.842440,-59.400280,5240,25982,1056,1,,,,,,
260378,260378,UT,13:40:20 01-Nov-2025,Argos,B,44.660500,-59.510850,1258,1328,1191,97,,,,,,
260378,260378,UT,14:24:27 01-Nov-2025,Argos,B,44.657840,-59.499840,2932,10803,795,98,,,,,,
260378,260378,UT,16:03:21 01-Nov-2025,Argos,B,44.661900,-59.492230,18391,55968,6042,97,,,,,,
260378,260378,UT,16:32:22 01-Nov-2025,Argos,B,44.628640,-59.520120,3213,187669,55,99,,,,,,
260378,260378,UT,18:08:54 01-Nov-2025,Argos,A,44.622290,-59.497590,777,4968,121,67,,,,,,
260378,260378,UT,18:47:46 01-Nov-2025,Argos,A,44.569170,-59.522030,1402,4736,415,6,,,,,,
260378,260378,UT,20:24:35 01-Nov-2025,Argos,B,44.573320,-59.603490,4255,59772,302,79,,,,,,
260378,260378,UT,21:41:29 01-Nov-2025,Argos,0,44.485580,-59.596650,2105,5832,759,78,,,,,,
260378,260378,UT,22:05:21 01-Nov-2025,Argos,B,44.486590,-59.596760,6830,23371,1996,0,,,,,,
260378,260378,UT,23:13:35 01-Nov-2025,Argos,B,44.420690,-59.624350,935,5164,169,101,,,,,,
260378,260378,UT,23:20:32 01-Nov-2025,Argos,B,44.425770,-59.549940,1508,17970,126,111,,,,,,
260378,260378,UT,00:07:48 02-Nov-2025,Argos,B,44.429580,-59.549590,1674,3876,722,99,,,,,,
260378,260378,UT,00:53:52 02-Nov-2025,Argos,B,44.411490,-59.571300,2628,5882,1173,87,,,,,,
260378,260378,UT,01:48:42 02-Nov-2025,Argos,B,44.378740,-59.597170,2015,5661,717,90,,,,,,
260378,260378,UT,02:02:52 02-Nov-2025,Argos,B,44.380200,-59.594000,1946,4732,800,86,,,,,,
260378,260378,UT,03:42:52 02-Nov-2025,Argos,A,44.380070,-59.612060,828,3337,205,43,,,,,,
260378,260378,UT,07:19:22 02-Nov-2025,Argos,B,44.039410,-59.642860,11943,34517,4132,76,,,,,,
260378,260378,UT,08:30:55 02-Nov-2025,Argos,A,44.213900,-59.785470,2356,7581,732,144,,,,,,
260378,260378,UT,08:54:57 02-Nov-2025,Argos,B,44.191090,-59.771150,5369,7896,3649,86,,,,,,
260378,260378,UT,10:10:02 02-Nov-2025,Argos,B,44.153940,-59.834130,7682,18780,3141,91,,,,,,
260378,260378,UT,10:36:01 02-Nov-2025,Argos,B,44.075330,-59.680260,5240,18654,1472,75,,,,,,
260378,260378,UT,12:22:30 02-Nov-2025,Argos,B,44.085120,-59.888690,6593,63610,683,47,,,,,,
260378,260378,UT,13:16:09 02-Nov-2025,Argos,B,44.086410,-59.948190,6288,11784,3355,55,,,,,,
260378,260378,UT,14:06:39 02-Nov-2025,Argos,0,43.988920,-60.033350,10709,882204,130,100,,,,,,
260378,260378,UT,14:56:47 02-Nov-2025,Argos,B,43.925710,-59.883780,3472,17681,681,12,,,,,,
260378,260378,UT,15:39:51 02-Nov-2025,Argos,2,43.928640,-59.812880,375,650,216,59,,,,,,
260378,260378,UT,15:46:02 02-Nov-2025,Argos,3,43.946210,-59.828170,127,165,97,92,,,,,,
260378,260378,UT,17:23:21 02-Nov-2025,Argos,3,43.949270,-59.827030,130,247,68,83,,,,,,
260378,260378,UT,09:26:57 04-Nov-2025,Argos,A,43.950460,-59.812610,567,2264,141,116,,,,,,
260378,260378,UT,10:24:50 04-Nov-2025,Argos,1,43.951630,-59.819510,510,3074,84,58,,,,,,
260378,260378,UT,11:11:13 04-Nov-2025,Argos,B,43.944440,-59.814200,1040,1564,691,84,,,,,,
260378,260378,UT,12:34:41 04-Nov-2025,Argos,B,43.948430,-59.817470,1491,2427,915,84,,,,,,
260378,260378,UT,13:20:54 04-Nov-2025,Argos,1,43.963130,-59.784940,872,1496,508,74,,,,,,
260378,260378,UT,14:16:35 04-Nov-2025,Argos,B,43.956810,-59.788220,3839,42856,343,140,,,,,,
260378,260378,UT,14:57:10 04-Nov-2025,Argos,B,43.958350,-59.780490,922,4112,206,129,,,,,,
260378,260378,UT,15:52:40 04-Nov-2025,Argos,3,43.956960,-59.800850,129,230,71,117,,,,,,
260378,260378,UT,17:28:40 04-Nov-2025,Argos,B,43.961520,-59.791720,955,6003,152,118,,,,,,
260378,260378,UT,20:01:13 04-Nov-2025,Argos,2,43.954510,-59.807730,362,1002,130,77,,,,,,
260378,260378,UT,21:43:07 04-Nov-2025,Argos,B,43.952140,-59.810930,5408,7628,3834,97,,,,,,
260378,260378,UT,21:43:07 04-Nov-2025,Argos,B,43.964240,-59.796630,4266,7032,2587,109,,,,,,
260378,260378,UT,00:42:58 05-Nov-2025,Argos,B,44.173190,-59.850180,10191,64567,1608,87,,,,,,
260378,260378,UT,02:29:22 05-Nov-2025,Argos,B,44.046010,-59.584410,17381,90064,3354,76,,,,,,
260378,260378,UT,03:03:00 05-Nov-2025,Argos,B,44.134070,-59.758810,4537,57920,355,62,,,,,,
260378,260378,UT,04:41:08 05-Nov-2025,Argos,B,44.136930,-59.761850,10907,16853,7058,77,,,,,,
260378,260378,UT,07:23:27 05-Nov-2025,Argos,B,44.138880,-59.770360,19298,26214,14206,81,,,,,,
260378,260378,UT,08:06:15 05-Nov-2025,Argos,B,44.140570,-59.771660,12435,26154,5912,79,,,,,,
260378,260378,UT,10:36:48 05-Nov-2025,Argos,B,44.184490,-59.677540,2432,12142,486,107,,,,,,
260378,260378,UT,11:23:42 05-Nov-2025,Argos,B,44.169270,-59.603700,2364,3602,1551,166,,,,,,
260378,260378,UT,13:56:05 05-Nov-2025,Argos,B,44.124800,-59.544080,3253,5673,1865,111,,,,,,
260378,260378,UT,14:43:40 05-Nov-2025,Argos,B,44.153190,-59.615010,3557,46266,273,109,,,,,,
260378,260378,UT,15:08:43 05-Nov-2025,Argos,B,44.157800,-59.633710,3332,14194,782,109,,,,,,
260378,260378,UT,16:43:18 05-Nov-2025,Argos,B,44.166160,-59.639270,3956,8658,1807,106,,,,,,
260378,260378,UT,19:22:00 05-Nov-2025,Argos,B,44.093290,-59.645190,2394,24612,232,83,,,,,,
260378,260378,UT,20:54:23 05-Nov-2025,Argos,B,44.083050,-59.662680,3000,8153,1103,84,,,,,,
260378,260378,UT,22:47:18 05-Nov-2025,Argos,B,44.110930,-59.625180,2950,9362,929,99,,,,,,
260378,260378,UT,22:47:18 05-Nov-2025,Argos,B,44.082920,-59.684500,3531,7719,1615,81,,,,,,
260378,260378,UT,23:37:19 05-Nov-2025,Argos,B,44.090560,-59.680390,1507,21620,105,136,,,,,,
260378,260378,UT,00:22:49 06-Nov-2025,Argos,B,44.092330,-59.684250,1751,4222,725,131,,,,,,
260378,260378,UT,00:22:49 06-Nov-2025,Argos,B,44.096830,-59.682190,1707,4352,669,129,,,,,,
260378,260378,UT,02:08:44 06-Nov-2025,Argos,B,44.096460,-59.691440,2172,3842,1227,123,,,,,,
260378,260378,UT,02:18:45 06-Nov-2025,Argos,B,44.108050,-59.707500,1266,18545,86,25,,,,,,
260378,260378,UT,03:53:40 06-Nov-2025,Argos,B,44.109770,-59.713840,1791,2378,1348,37,,,,,,
260378,260378,UT,06:49:57 06-Nov-2025,Argos,B,44.117110,-59.730800,2423,3334,1761,63,,,,,,
260378,260378,UT,08:28:59 06-Nov-2025,Argos,A,44.030160,-59.760490,356,2702,47,86,,,,,,
260378,260378,UT,09:02:38 06-Nov-2025,Argos,A,44.007920,-59.745420,286,709,114,31,,,,,,
260378,260378,UT,10:01:53 06-Nov-2025,Argos,3,43.976700,-59.754950,117,225,60,87,,,,,,
260378,260378,UT,10:42:21 06-Nov-2025,Argos,A,43.937000,-59.771940,373,822,168,32,,,,,,
260378,260378,UT,12:35:51 06-Nov-2025,Argos,2,43.959350,-59.790610,343,983,119,122,,,,,,
260378,260378,UT,13:35:51 06-Nov-2025,Argos,B,43.948010,-59.795980,1094,1979,605,98,,,,,,
260378,260378,UT,14:16:21 06-Nov-2025,Argos,1,43.955450,-59.803070,1034,4081,261,91,,,,,,
260378,260378,UT,00:07:42 07-Nov-2025,Argos,A,43.920190,-59.767050,2056,7852,538,10,,,,,,
260378,260378,UT,01:02:00 07-Nov-2025,Argos,B,43.921060,-59.769290,1107,1471,833,90,,,,,,
260378,260378,UT,01:38:40 07-Nov-2025,Argos,B,43.926840,-59.755920,1310,1632,1051,93,,,,,,
260378,260378,UT,01:39:27 07-Nov-2025,Argos,A,43.951430,-59.697470,419,2171,81,135,,,,,,
260378,260378,UT,04:47:43 07-Nov-2025,Argos,B,43.945230,-59.699970,1842,2548,1331,85,,,,,,
260378,260378,UT,07:53:40 07-Nov-2025,Argos,B,43.927410,-59.703130,2444,3890,1534,93,,,,,,
260378,260378,UT,08:24:33 07-Nov-2025,Argos,1,43.925840,-59.849580,1132,4104,312,75,,,,,,
260378,260378,UT,09:31:30 07-Nov-2025,Argos,3,43.933700,-59.849660,135,752,24,84,,,,,,
260378,260378,UT,10:01:30 07-Nov-2025,Argos,3,43.933270,-59.853900,92,181,46,104,,,,,,
260378,260378,UT,11:13:30 07-Nov-2025,Argos,B,43.929700,-59.906890,1135,1675,768,89,,,,,,
260378,260378,UT,11:40:30 07-Nov-2025,Argos,B,43.921850,-59.909750,2257,8410,605,89,,,,,,
260378,260378,UT,13:15:00 07-Nov-2025,Argos,B,43.941150,-59.985430,2537,9623,668,87,,,,,,
260378,260378,UT,13:55:30 07-Nov-2025,Argos,1,43.934300,-59.858810,582,7739,43,100,,,,,,
260378,260378,UT,15:38:15 07-Nov-2025,Argos,B,43.939970,-59.852270,2043,11135,374,91,,,,,,
260378,260378,UT,22:12:04 08-Nov-2025,Argos,A,43.923250,-59.812260,1719,8243,358,147,,,,,,
260378,260378,UT,23:27:30 08-Nov-2025,Argos,B,43.939160,-59.816210,1096,2229,538,69,,,,,,
260378,260378,UT,00:57:47 09-Nov-2025,Argos,A,43.996310,-59.709040,2072,9015,476,106,,,,,,
260378,260378,UT,01:46:23 09-Nov-2025,Argos,B,44.001560,-59.680810,2473,5642,1083,77,,,,,,
260378,260378,UT,03:22:55 09-Nov-2025,Argos,A,44.030780,-59.457170,11050,34780,3510,111,,,,,,
260378,260378,UT,08:30:06 09-Nov-2025,Argos,B,44.193420,-59.161160,32689,77332,13817,90,,,,,,
260378,260378,UT,08:43:17 09-Nov-2025,Argos,B,44.174430,-59.176970,21944,64396,7477,94,,,,,,
260378,260378,UT,10:15:32 09-Nov-2025,Argos,B,44.130210,-59.361070,1894,4195,855,112,,,,,,
260378,260378,UT,10:15:32 09-Nov-2025,Argos,B,44.173400,-59.179350,19161,44051,8334,101,,,,,,
260378,260378,UT,14:09:56 09-Nov-2025,Argos,B,44.126040,-59.402390,2202,8777,552,130,,,,,,
260378,260378,UT,14:59:08 09-Nov-2025,Argos,B,44.275380,-59.484390,3748,9815,1431,115,,,,,,
260378,260378,UT,17:03:49 09-Nov-2025,Argos,B,44.447740,-59.491800,2589,35228,190,96,,,,,,
260378,260378,UT,19:54:17 09-Nov-2025,Argos,A,44.474640,-59.549600,1445,8469,246,129,,,,,,
260378,260378,UT,20:44:01 09-Nov-2025,Argos,B,44.515480,-59.560210,4543,6717,3072,104,,,,,,
260378,260378,UT,21:28:24 09-Nov-2025,Argos,B,44.547550,-59.569090,5015,5558,4524,128,,,,,,
260378,260378,UT,22:20:16 09-Nov-2025,Argos,A,44.589280,-59.641240,484,4393,53,109,,,,,,
260378,260378,UT,23:00:22 09-Nov-2025,Argos,0,44.554840,-59.566450,7492,28291,1983,128,,,,,,
260378,260378,UT,00:00:44 10-Nov-2025,Argos,B,44.574700,-59.605250,11359,74154,1739,164,,,,,,
260378,260378,UT,00:04:46 10-Nov-2025,Argos,B,44.580160,-59.558050,20494,28646,14661,94,,,,,,
260378,260378,UT,00:47:38 10-Nov-2025,Argos,B,44.567600,-59.552360,1264,26457,60,91,,,,,,
260378,260378,UT,02:21:15 10-Nov-2025,Argos,0,44.592170,-59.573120,3990,18810,846,46,,,,,,
260378,260378,UT,04:11:45 10-Nov-2025,Argos,1,44.589040,-59.567490,944,4321,206,97,,,,,,
260378,260378,UT,07:58:35 10-Nov-2025,Argos,B,44.639580,-59.550040,13597,22730,8132,96,,,,,,
260378,260378,UT,08:01:54 10-Nov-2025,Argos,B,44.681180,-59.529270,7819,194090,315,102,,,,,,
260378,260378,UT,09:34:40 10-Nov-2025,Argos,B,44.695390,-59.532210,1831,5493,610,98,,,,,,
260378,260378,UT,09:35:13 10-Nov-2025,Argos,A,44.824700,-59.539150,5885,13238,2615,16,,,,,,
260378,260378,UT,11:15:20 10-Nov-2025,Argos,B,44.816140,-59.545730,17507,25531,12005,92,,,,,,
260378,260378,UT,12:10:22 10-Nov-2025,Argos,B,44.814740,-59.547620,16502,18869,14432,86,,,,,,
260378,260378,UT,13:50:52 10-Nov-2025,Argos,B,44.704240,-59.595470,4772,41189,552,116,,,,,,
260378,260378,UT,14:40:30 10-Nov-2025,Argos,B,44.827150,-59.643420,6228,93337,415,102,,,,,,
260378,260378,UT,16:10:16 10-Nov-2025,Argos,B,44.877490,-59.672970,6332,14381,2787,99,,,,,,
260378,260378,UT,17:54:56 10-Nov-2025,Argos,B,44.884320,-59.749870,7756,18343,3279,102,,,,,,
260378,260378,UT,19:12:22 10-Nov-2025,Argos,B,44.679620,-59.573090,1244,6224,248,115,,,,,,
260378,260378,UT,21:48:55 10-Nov-2025,Argos,1,44.659950,-59.450060,1164,4116,329,124,,,,,,
260378,260378,UT,22:39:46 10-Nov-2025,Argos,B,44.640380,-59.428610,4410,6351,3061,91,,,,,,
260378,260378,UT,23:27:10 10-Nov-2025,Argos,B,44.607080,-59.420570,4666,8491,2564,104,,,,,,
260378,260378,UT,23:37:57 10-Nov-2025,Argos,A,44.643190,-59.486070,787,3369,183,154,,,,,,
260378,260378,UT,00:16:14 11-Nov-2025,Argos,A,44.562010,-59.513970,1301,6065,278,44,,,,,,
260378,260378,UT,01:16:06 11-Nov-2025,Argos,B,44.513340,-59.518930,7540,11030,5154,79,,,,,,
260378,260378,UT,01:51:48 11-Nov-2025,Argos,B,44.537120,-59.494680,4757,14952,1513,97,,,,,,
260378,260378,UT,02:04:55 11-Nov-2025,Argos,B,44.557330,-59.528310,4798,19492,1180,79,,,,,,
260378,260378,UT,03:23:06 11-Nov-2025,Argos,B,44.579570,-59.542320,15879,32517,7754,81,,,,,,
260378,260378,UT,05:08:05 11-Nov-2025,Argos,B,44.568550,-59.549240,12523,136241,1151,29,,,,,,
260378,260378,UT,07:28:22 11-Nov-2025,Argos,B,44.570590,-59.533540,1396,13791,141,152,,,,,,
260378,260378,UT,08:54:11 11-Nov-2025,Argos,2,44.535300,-59.531650,434,1918,98,105,,,,,,
260378,260378,UT,09:01:39 11-Nov-2025,Argos,0,44.540150,-59.575600,1599,13307,192,77,,,,,,
260378,260378,UT,10:36:38 11-Nov-2025,Argos,B,44.522580,-59.577690,13258,19672,8935,87,,,,,,
260378,260378,UT,10:44:24 11-Nov-2025,Argos,B,44.526440,-59.571110,8607,78739,940,22,,,,,,
260378,260378,UT,12:32:29 11-Nov-2025,Argos,A,44.405500,-59.610870,2525,14664,434,1,,,,,,
260378,260378,UT,13:32:27 11-Nov-2025,Argos,B,44.397170,-59.562860,5071,10688,2405,94,,,,,,
260378,260378,UT,14:16:44 11-Nov-2025,Argos,B,44.383490,-59.616860,5233,7007,3908,99,,,,,,
260378,260378,UT,15:30:40 11-Nov-2025,Argos,A,44.372730,-59.648930,448,2010,99,47,,,,,,
260378,260378,UT,15:56:48 11-Nov-2025,Argos,B,44.373860,-59.647710,1058,1459,766,79,,,,,,
260378,260378,UT,18:31:48 11-Nov-2025,Argos,B,44.384230,-59.665000,1848,4864,702,110,,,,,,
260378,260378,UT,20:08:11 11-Nov-2025,Argos,B,44.440630,-59.746600,3070,38042,247,63,,,,,,
260378,260378,UT,21:15:46 11-Nov-2025,Argos,B,44.463740,-59.752110,3095,6848,1398,79,,,,,,
260378,260378,UT,21:48:21 11-Nov-2025,Argos,B,44.483660,-59.695910,1856,12451,276,9,,,,,,
260378,260378,UT,22:54:17 11-Nov-2025,Argos,A,44.504790,-59.753050,553,7763,39,77,,,,,,
260378,260378,UT,23:18:03 11-Nov-2025,Argos,B,44.522870,-59.727310,899,2242,360,108,,,,,,
260378,260378,UT,23:57:02 11-Nov-2025,Argos,B,44.531050,-59.707600,2003,3126,1282,101,,,,,,
260378,260378,UT,00:35:25 12-Nov-2025,Argos,B,44.543130,-59.703770,1292,2048,814,102,,,,,,
260378,260378,UT,00:56:45 12-Nov-2025,Argos,B,44.543460,-59.706280,1223,2718,550,88,,,,,,
260378,260378,UT,01:45:06 12-Nov-2025,Argos,B,44.545770,-59.707680,1474,2478,876,84,,,,,,
260378,260378,UT,02:43:48 12-Nov-2025,Argos,B,44.538530,-59.725030,979,10604,90,100,,,,,,
260378,260378,UT,03:24:11 12-Nov-2025,Argos,B,44.544420,-59.734020,1200,2707,531,100,,,,,,
260378,260378,UT,04:23:19 12-Nov-2025,Argos,0,44.560550,-59.730630,4223,16490,1081,56,,,,,,
260378,260378,UT,07:00:44 12-Nov-2025,Argos,B,44.593140,-59.745320,30064,40190,22488,83,,,,,,
260378,260378,UT,08:17:31 12-Nov-2025,Argos,B,44.707070,-59.725420,19516,100312,3796,101,,,,,,
260378,260378,UT,09:51:48 12-Nov-2025,Argos,B,44.635700,-59.608750,6209,90818,424,78,,,,,,
260378,260378,UT,12:14:40 12-Nov-2025,Argos,B,44.832510,-59.692370,5489,11012,2736,86,,,,,,
260378,260378,UT,13:50:13 12-Nov-2025,Argos,B,44.758810,-60.109660,13220,20360,8583,114,,,,,,
260378,260378,UT,14:43:46 12-Nov-2025,Argos,B,44.562110,-59.954030,15341,22581,10421,100,,,,,,
260378,260378,UT,15:33:44 12-Nov-2025,Argos,B,44.560430,-59.968290,16418,20177,13358,115,,,,,,
260378,260378,UT,18:01:02 12-Nov-2025,Argos,B,44.576600,-59.986300,20442,42692,9788,95,,,,,,
260378,260378,UT,19:27:59 12-Nov-2025,Argos,0,44.599200,-59.854810,19544,135161,2825,145,,,,,,
260378,260378,UT,21:00:35 12-Nov-2025,Argos,B,44.609510,-59.839890,29088,37756,22409,110,,,,,,
260378,260378,UT,22:25:01 12-Nov-2025,Argos,A,44.621350,-59.881600,2003,12480,321,115,,,,,,
260378,260378,UT,23:00:34 12-Nov-2025,Argos,B,44.547350,-59.763520,4312,8648,2149,79,,,,,,
260378,260378,UT,23:37:46 12-Nov-2025,Argos,0,44.549840,-59.812590,6768,29409,1557,136,,,,,,
260378,260378,UT,00:06:48 13-Nov-2025,Argos,B,44.584990,-59.787770,9708,17969,5244,108,,,,,,
260378,260378,UT,00:37:17 13-Nov-2025,Argos,B,44.562170,-59.771140,11274,22071,5759,94,,,,,,
260378,260378,UT,01:56:16 13-Nov-2025,Argos,B,44.533350,-59.781270,6148,57744,654,23,,,,,,
260378,260378,UT,03:03:05 13-Nov-2025,Argos,B,44.512730,-59.763680,1821,2992,1108,31,,,,,,
260378,260378,UT,03:35:28 13-Nov-2025,Argos,A,44.545800,-59.761120,810,9922,66,88,,,,,,
260378,260378,UT,05:17:08 13-Nov-2025,Argos,B,44.506610,-59.712930,2372,5876,957,74,,,,,,
260378,260378,UT,08:02:29 13-Nov-2025,Argos,A,44.520390,-59.902820,756,3260,175,52,,,,,,
260378,260378,UT,09:12:07 13-Nov-2025,Argos,A,44.558500,-59.912090,304,1818,50,89,,,,,,
260378,260378,UT,10:50:39 13-Nov-2025,Argos,B,44.563630,-59.925770,1508,2450,928,93,,,,,,
260378,260378,UT,13:39:59 13-Nov-2025,Argos,B,44.558130,-59.908340,2214,3193,1535,94,,,,,,
260378,260378,UT,14:36:08 13-Nov-2025,Argos,B,44.559690,-59.903610,2409,3227,1797,94,,,,,,
260378,260378,UT,15:10:50 13-Nov-2025,Argos,B,44.555340,-59.894680,2338,3049,1793,75,,,,,,
260378,260378,UT,15:33:51 13-Nov-2025,Argos,B,44.439980,-59.869600,4526,16286,1257,73,,,,,,
260378,260378,UT,17:18:29 13-Nov-2025,Argos,B,44.580300,-59.647060,5211,49759,545,107,,,,,,
260378,260378,UT,18:42:24 13-Nov-2025,Argos,B,44.619030,-59.597180,4895,11009,2176,100,,,,,,
260378,260378,UT,18:52:46 13-Nov-2025,Argos,B,44.606580,-59.626080,4929,11496,2113,104,,,,,,
260378,260378,UT,20:19:51 13-Nov-2025,Argos,B,44.639100,-59.586890,4353,7987,2372,103,,,,,,
260378,260378,UT,21:51:55 13-Nov-2025,Argos,B,44.770720,-59.779590,12157,131014,1128,159,,,,,,
260378,260378,UT,22:05:42 13-Nov-2025,Argos,B,44.566700,-59.684500,6443,8451,4911,179,,,,,,
260378,260378,UT,23:23:38 13-Nov-2025,Argos,B,44.555760,-59.681990,9416,24308,3647,74,,,,,,
260378,260378,UT,23:32:25 13-Nov-2025,Argos,B,44.578240,-59.656070,1421,2582,782,14,,,,,,
260378,260378,UT,00:18:59 14-Nov-2025,Argos,B,44.602040,-59.657240,1630,2034,1306,75,,,,,,
260378,260378,UT,00:57:56 14-Nov-2025,Argos,B,44.611430,-59.657990,974,9669,98,77,,,,,,
260378,260378,UT,02:47:15 14-Nov-2025,Argos,B,44.649030,-59.678160,1666,3132,885,85,,,,,,
260378,260378,UT,04:29:58 14-Nov-2025,Argos,B,44.660500,-59.653310,2163,46870,99,24,,,,,,
260378,260378,UT,07:34:05 14-Nov-2025,Argos,A,44.492580,-59.678310,1276,7544,215,140,,,,,,
260378,260378,UT,08:28:43 14-Nov-2025,Argos,A,44.508610,-59.686690,477,2687,84,120,,,,,,
260378,260378,UT,09:08:00 14-Nov-2025,Argos,A,44.472410,-59.679450,805,3599,180,57,,,,,,
260378,260378,UT,10:06:38 14-Nov-2025,Argos,B,44.475370,-59.670470,1064,1487,761,89,,,,,,
260378,260378,UT,10:48:34 14-Nov-2025,Argos,B,44.507960,-59.656480,1292,5318,314,99,,,,,,
260378,260378,UT,12:29:43 14-Nov-2025,Argos,B,44.499750,-59.608340,2989,6073,1470,86,,,,,,
260378,260378,UT,13:16:48 14-Nov-2025,Argos,B,44.461530,-59.602750,2103,17937,246,76,,,,,,
260378,260378,UT,14:14:24 14-Nov-2025,Argos,B,44.452220,-59.594430,1860,4452,776,75,,,,,,
260378,260378,UT,14:52:57 14-Nov-2025,Argos,B,44.449990,-59.575990,1975,3241,1202,77,,,,,,
260378,260378,UT,14:53:42 14-Nov-2025,Argos,A,44.395140,-59.763080,1748,5071,602,96,,,,,,
260378,260378,UT,16:31:55 14-Nov-2025,Argos,B,44.401540,-59.777910,5124,75512,347,94,,,,,,
260378,260378,UT,16:32:18 14-Nov-2025,Argos,B,44.400820,-59.774610,4180,52769,331,94,,,,,,
260378,260378,UT,18:11:54 14-Nov-2025,Argos,B,44.336470,-59.776510,1651,3541,769,90,,,,,,
260378,260378,UT,19:39:42 14-Nov-2025,Argos,B,44.337070,-59.766460,2294,9352,562,96,,,,,,
260378,260378,UT,21:21:00 14-Nov-2025,Argos,B,44.260880,-59.778160,2812,8599,919,95,,,,,,
260378,260378,UT,21:21:00 14-Nov-2025,Argos,B,44.212590,-59.742570,2648,9665,725,82,,,,,,
260378,260378,UT,22:57:45 14-Nov-2025,Argos,B,44.167220,-59.734380,2336,5622,970,85,,,,,,
260378,260378,UT,23:05:54 14-Nov-2025,Argos,0,44.169430,-59.687610,1905,8363,433,150,,,,,,
260378,260378,UT,23:52:00 14-Nov-2025,Argos,B,44.143280,-59.669140,4429,6704,2925,104,,,,,,
260378,260378,UT,00:37:07 15-Nov-2025,Argos,B,44.109200,-59.650750,2905,26528,318,80,,,,,,
260378,260378,UT,01:33:05 15-Nov-2025,Argos,B,44.078710,-59.645280,1362,3015,615,80,,,,,,
260378,260378,UT,02:06:55 15-Nov-2025,Argos,B,44.042620,-59.640760,1331,6416,276,92,,,,,,
260378,260378,UT,02:23:40 15-Nov-2025,Argos,B,44.029190,-59.657130,1537,4169,566,93,,,,,,
260378,260378,UT,05:20:19 15-Nov-2025,Argos,B,43.909230,-59.654610,1578,4363,571,118,,,,,,
260378,260378,UT,07:47:18 15-Nov-2025,Argos,A,43.972490,-59.764320,726,2407,219,46,,,,,,
260378,260378,UT,08:39:48 15-Nov-2025,Argos,3,43.980130,-59.758340,130,198,84,83,,,,,,
260378,260378,UT,09:27:03 15-Nov-2025,Argos,2,43.980070,-59.749110,250,3476,18,100,,,,,,
260378,260378,UT,10:18:48 15-Nov-2025,Argos,A,43.981940,-59.751600,253,790,80,53,,,,,,
260378,260378,UT,11:06:03 15-Nov-2025,Argos,B,43.976220,-59.753950,686,1516,310,19,,,,,,
260378,260378,UT,12:53:18 15-Nov-2025,Argos,2,43.985710,-59.768130,261,504,134,46,,,,,,
260378,260378,UT,19:59:13 16-Nov-2025,Argos,B,43.962490,-59.797380,1781,33739,94,61,,,,,,
260378,260378,UT,20:17:32 16-Nov-2025,Argos,B,43.991080,-59.743050,1327,4738,371,66,,,,,,
260378,260378,UT,21:36:29 16-Nov-2025,Argos,B,43.992820,-59.745910,1732,3835,781,72,,,,,,
260378,260378,UT,21:59:42 16-Nov-2025,Argos,A,44.022090,-59.712540,187,1367,25,95,,,,,,
260378,260378,UT,23:19:04 16-Nov-2025,Argos,B,44.019800,-59.715040,1218,1689,878,89,,,,,,
260378,260378,UT,23:36:13 16-Nov-2025,Argos,A,44.044040,-59.686710,980,15377,62,98,,,,,,
260378,260378,UT,23:52:31 16-Nov-2025,Argos,1,44.039710,-59.674890,682,2290,202,73,,,,,,
260378,260378,UT,00:50:21 17-Nov-2025,Argos,B,44.038140,-59.676980,4254,5921,3056,88,,,,,,
260378,260378,UT,01:33:15 17-Nov-2025,Argos,B,44.037750,-59.677320,4593,6371,3310,88,,,,,,
260378,260378,UT,02:12:23 17-Nov-2025,Argos,A,44.020850,-59.710230,477,1822,124,133,,,,,,
260378,260378,UT,03:50:21 17-Nov-2025,Argos,3,43.982550,-59.752960,103,323,32,82,,,,,,
260378,260378,UT,07:36:06 17-Nov-2025,Argos,A,43.980140,-59.760300,313,454,214,163,,,,,,
260378,260378,UT,08:01:36 17-Nov-2025,Argos,A,43.977710,-59.746590,256,593,110,138,,,,,,
260378,260378,UT,09:09:06 17-Nov-2025,Argos,1,43.976770,-59.757740,976,11318,84,78,,,,,,
260378,260378,UT,09:42:47 17-Nov-2025,Argos,1,43.994620,-59.776600,829,8257,83,110,,,,,,
260378,260378,UT,10:54:40 17-Nov-2025,Argos,B,44.002260,-59.765140,2129,3834,1182,132,,,,,,
260378,260378,UT,11:18:44 17-Nov-2025,Argos,B,43.987740,-59.759610,1983,4803,818,109,,,,,,
260378,260378,UT,12:12:16 17-Nov-2025,Argos,1,43.983200,-59.762330,822,1292,523,12,,,,,,
260378,260378,UT,00:29:01 18-Nov-2025,Argos,B,43.979180,-59.740890,9737,49353,1920,24,,,,,,
260378,260378,UT,00:39:44 18-Nov-2025,Argos,B,43.971780,-59.750250,7828,22624,2708,23,,,,,,
260378,260378,UT,01:19:06 18-Nov-2025,Argos,B,44.037090,-59.725660,1991,2284,1734,67,,,,,,
260378,260378,UT,01:29:11 18-Nov-2025,Argos,B,44.034630,-59.729170,1398,1529,1277,96,,,,,,
260378,260378,UT,03:01:16 18-Nov-2025,Argos,B,44.100050,-59.754950,2691,5685,1273,75,,,,,,
260378,260378,UT,03:01:16 18-Nov-2025,Argos,B,44.150110,-59.721850,3992,11009,1447,99,,,,,,
260378,260378,UT,08:46:00 18-Nov-2025,Argos,B,44.165270,-60.002470,5375,9102,3174,54,,,,,,
260378,260378,UT,09:00:52 18-Nov-2025,Argos,B,44.177640,-60.126180,1337,13754,129,146,,,,,,
260378,260378,UT,10:18:07 18-Nov-2025,Argos,B,44.234130,-60.149690,1697,2513,1145,132,,,,,,
260378,260378,UT,10:43:14 18-Nov-2025,Argos,B,44.343150,-60.158580,1171,7753,176,114,,,,,,
260378,260378,UT,12:53:32 18-Nov-2025,Argos,B,44.427980,-60.201930,1852,3031,1131,108,,,,,,
260378,260378,UT,13:34:12 18-Nov-2025,Argos,B,44.361000,-60.183750,3816,6877,2117,123,,,,,,
260378,260378,UT,14:23:21 18-Nov-2025,Argos,A,44.422310,-60.315030,1165,8610,157,76,,,,,,
260378,260378,UT,15:05:57 18-Nov-2025,Argos,B,44.446090,-60.353130,2840,4584,1758,83,,,,,,
260378,260378,UT,15:15:50 18-Nov-2025,Argos,B,44.466880,-60.351080,1563,4533,538,100,,,,,,
260378,260378,UT,16:44:08 18-Nov-2025,Argos,A,44.430440,-60.375870,826,14772,46,103,,,,,,
260378,260378,UT,18:22:21 18-Nov-2025,Argos,B,44.457170,-60.452910,3883,5826,2588,99,,,,,,
260378,260378,UT,18:35:31 18-Nov-2025,Argos,B,44.467120,-60.487040,1782,12680,250,163,,,,,,
260378,260378,UT,20:17:36 18-Nov-2025,Argos,B,44.500960,-60.568560,1430,1841,1109,77,,,,,,
260378,260378,UT,20:53:55 18-Nov-2025,Argos,B,44.526550,-60.594640,2334,9570,569,81,,,,,,
260378,260378,UT,21:55:37 18-Nov-2025,Argos,A,44.571840,-60.560790,920,4679,180,141,,,,,,
260378,260378,UT,22:34:29 18-Nov-2025,Argos,B,44.578630,-60.581900,992,16527,59,100,,,,,,
260378,260378,UT,23:12:46 18-Nov-2025,Argos,A,44.581600,-60.512380,947,3517,255,25,,,,,,
260378,260378,UT,00:10:05 19-Nov-2025,Argos,B,44.598340,-60.503950,3433,4371,2695,91,,,,,,
260378,260378,UT,00:10:05 19-Nov-2025,Argos,B,44.597770,-60.504420,1427,6814,299,118,,,,,,
260378,260378,UT,00:54:15 19-Nov-2025,Argos,0,44.590930,-60.497940,8390,92566,760,81,,,,,,
260378,260378,UT,01:48:52 19-Nov-2025,Argos,B,44.569690,-60.488100,7003,25734,1905,79,,,,,,
260378,260378,UT,02:40:02 19-Nov-2025,Argos,B,44.589810,-60.490960,3229,16550,629,74,,,,,,
260378,260378,UT,03:58:53 19-Nov-2025,Argos,B,44.597570,-60.498570,1358,9419,195,1,,,,,,
260378,260378,UT,05:38:37 19-Nov-2025,Argos,B,44.604000,-60.493490,1615,1720,1516,97,,,,,,
260378,260378,UT,08:10:40 19-Nov-2025,Argos,B,44.620010,-60.487820,2246,3015,1672,84,,,,,,
260378,260378,UT,08:22:29 19-Nov-2025,Argos,B,44.619860,-60.499150,1160,7690,175,70,,,,,,
260378,260378,UT,09:49:18 19-Nov-2025,Argos,A,44.676050,-60.476810,710,2822,178,18,,,,,,
260378,260378,UT,11:29:49 19-Nov-2025,Argos,B,44.700210,-60.463600,3526,4911,2531,85,,,,,,
260378,260378,UT,12:29:25 19-Nov-2025,Argos,B,44.732250,-60.450600,2791,5118,1522,91,,,,,,
260378,260378,UT,13:09:07 19-Nov-2025,Argos,0,44.709540,-60.424330,4160,13246,1306,42,,,,,,
260378,260378,UT,14:03:25 19-Nov-2025,Argos,0,44.797540,-60.319720,2061,9638,440,85,,,,,,
260378,260378,UT,14:50:06 19-Nov-2025,Argos,A,44.742860,-60.352960,4194,32206,546,104,,,,,,
260378,260378,UT,15:47:19 19-Nov-2025,Argos,B,44.746560,-60.331930,8769,15739,4885,99,,,,,,
260378,260378,UT,15:58:48 19-Nov-2025,Argos,B,44.776700,-60.303970,4518,148204,137,109,,,,,,
260378,260378,UT,17:35:49 19-Nov-2025,Argos,B,44.722010,-60.413770,6729,26005,1741,120,,,,,,
260378,260378,UT,22:00:55 19-Nov-2025,Argos,B,44.701730,-60.466850,4947,31154,785,137,,,,,,
260378,260378,UT,22:56:47 19-Nov-2025,Argos,B,44.717730,-60.493010,3895,5366,2826,99,,,,,,
260378,260378,UT,23:39:28 19-Nov-2025,Argos,B,44.657440,-60.582230,7484,47952,1168,77,,,,,,
260378,260378,UT,23:46:51 19-Nov-2025,Argos,B,44.684410,-60.589160,989,22283,43,72,,,,,,
260378,260378,UT,00:30:54 20-Nov-2025,Argos,A,44.716220,-60.503940,5956,153805,230,64,,,,,,
260378,260378,UT,02:15:03 20-Nov-2025,Argos,A,44.689850,-60.547200,2450,13743,436,50,,,,,,
260378,260378,UT,03:14:45 20-Nov-2025,Argos,B,44.686780,-60.547340,893,21671,36,92,,,,,,
260378,260378,UT,04:50:32 20-Nov-2025,Argos,A,44.662550,-60.538110,339,1179,97,156,,,,,,
260378,260378,UT,07:41:22 20-Nov-2025,Argos,B,44.630170,-60.576520,1192,11722,121,140,,,,,,
260378,260378,UT,09:14:52 20-Nov-2025,Argos,0,44.691460,-60.681760,13795,273079,696,74,,,,,,
260378,260378,UT,10:55:39 20-Nov-2025,Argos,A,44.661140,-60.622570,3880,15149,993,170,,,,,,
260378,260378,UT,12:46:09 20-Nov-2025,Argos,A,44.851670,-60.586500,1926,6207,597,179,,,,,,
260378,260378,UT,13:54:17 20-Nov-2025,Argos,B,44.885130,-60.583670,9426,12094,7346,90,,,,,,
260378,260378,UT,14:24:47 20-Nov-2025,Argos,B,44.864920,-60.528420,4742,18309,1228,49,,,,,,
260378,260378,UT,15:14:24 20-Nov-2025,Argos,B,44.848940,-60.509010,1505,3009,752,75,,,,,,
260378,260378,UT,16:08:08 20-Nov-2025,Argos,B,44.669380,-60.624830,10215,35016,2979,95,,,,,,
260378,260378,UT,16:51:36 20-Nov-2025,Argos,B,44.678930,-60.542460,9668,68073,1373,112,,,,,,
260378,260378,UT,18:27:41 20-Nov-2025,Argos,B,44.619950,-60.523390,6517,19962,2127,113,,,,,,
260378,260378,UT,21:26:28 20-Nov-2025,Argos,B,44.600180,-60.570150,5348,69492,411,175,,,,,,
260378,260378,UT,22:33:26 20-Nov-2025,Argos,A,44.663570,-60.557500,1087,4086,288,159,,,,,,
260378,260378,UT,23:06:49 20-Nov-2025,Argos,1,44.684560,-60.566670,573,4512,72,92,,,,,,
260378,260378,UT,23:26:33 20-Nov-2025,Argos,2,44.689670,-60.562280,312,774,125,82,,,,,,
260378,260378,UT,00:08:34 21-Nov-2025,Argos,3,44.682520,-60.568930,159,322,78,93,,,,,,
260378,260378,UT,00:48:19 21-Nov-2025,Argos,B,44.687490,-60.584680,1454,1637,1290,84,,,,,,
260378,260378,UT,01:10:23 21-Nov-2025,Argos,B,44.685570,-60.585210,1543,2175,1094,81,,,,,,
260378,260378,UT,01:54:09 21-Nov-2025,Argos,1,44.686170,-60.562710,546,3268,91,59,,,,,,
260378,260378,UT,02:28:21 21-Nov-2025,Argos,2,44.687040,-60.558040,281,783,100,129,,,,,,
260378,260378,UT,04:05:45 21-Nov-2025,Argos,B,44.693540,-60.542720,897,11977,67,137,,,,,,
260378,260378,UT,07:08:49 21-Nov-2025,Argos,B,44.709790,-60.605440,4219,6524,2728,176,,,,,,
260378,260378,UT,08:42:59 21-Nov-2025,Argos,A,44.759920,-60.569690,529,4541,61,76,,,,,,
260378,260378,UT,10:30:19 21-Nov-2025,Argos,B,44.738770,-60.549550,1055,7851,141,82,,,,,,
260378,260378,UT,12:26:08 21-Nov-2025,Argos,B,44.752770,-60.592740,1255,9902,159,13,,,,,,
260378,260378,UT,14:09:07 21-Nov-2025,Argos,B,44.764750,-60.592420,1594,1762,1442,84,,,,,,
260378,260378,UT,15:47:22 21-Nov-2025,Argos,B,44.774510,-60.595130,2047,2435,1720,77,,,,,,
260378,260378,UT,17:50:02 21-Nov-2025,Argos,B,44.778080,-60.588940,2427,3149,1871,63,,,,,,
260378,260378,UT,20:53:12 21-Nov-2025,Argos,1,44.686540,-60.574820,649,2711,155,134,,,,,,
260378,260378,UT,22:34:34 21-Nov-2025,Argos,1,44.678140,-60.571320,1143,4165,313,90,,,,,,
260378,260378,UT,23:09:00 21-Nov-2025,Argos,A,44.675810,-60.559120,511,1644,158,151,,,,,,
260378,260378,UT,23:53:13 21-Nov-2025,Argos,A,44.663980,-60.554640,286,1215,67,124,,,,,,
260378,260378,UT,00:16:39 22-Nov-2025,Argos,A,44.657400,-60.540020,379,1235,116,165,,,,,,
260378,260378,UT,00:51:50 22-Nov-2025,Argos,B,44.651140,-60.536120,576,5039,65,69,,,,,,
260378,260378,UT,01:30:15 22-Nov-2025,Argos,3,44.650830,-60.531270,125,481,32,89,,,,,,
260378,260378,UT,01:42:07 22-Nov-2025,Argos,1,44.650840,-60.524440,571,1430,228,172,,,,,,
260378,260378,UT,03:21:18 22-Nov-2025,Argos,1,44.646950,-60.528590,685,8573,54,75,,,,,,
260378,260378,UT,04:58:28 22-Nov-2025,Argos,B,44.642470,-60.517520,1608,14236,181,138,,,,,,
260378,260378,UT,08:17:55 22-Nov-2025,Argos,B,44.667760,-60.496180,1552,38790,62,114,,,,,,
260378,260378,UT,09:51:37 22-Nov-2025,Argos,A,44.748430,-60.548100,273,1345,55,100,,,,,,
260378,260378,UT,12:09:11 22-Nov-2025,Argos,B,44.791460,-60.706650,6139,7047,5347,176,,,,,,
260378,260378,UT,13:10:38 22-Nov-2025,Argos,A,44.927170,-60.666290,8107,45428,1446,116,,,,,,
260378,260378,UT,13:46:44 22-Nov-2025,Argos,B,44.798140,-60.501480,9170,31442,2674,90,,,,,,
260378,260378,UT,14:47:19 22-Nov-2025,Argos,B,44.766820,-60.426130,10953,22771,5268,94,,,,,,
260378,260378,UT,15:23:07 22-Nov-2025,Argos,B,44.799500,-60.636210,10952,22762,5269,19,,,,,,
260378,260378,UT,16:58:06 22-Nov-2025,Argos,A,44.823290,-60.695620,8367,45292,1545,123,,,,,,
260378,260378,UT,18:36:06 22-Nov-2025,Argos,B,44.829350,-60.758220,5991,10078,3561,114,,,,,,
260378,260378,UT,20:24:02 22-Nov-2025,Argos,B,44.784670,-60.603920,6686,12933,3456,83,,,,,,
260378,260378,UT,21:59:39 22-Nov-2025,Argos,B,44.772750,-60.622820,6148,11497,3287,85,,,,,,
260378,260378,UT,00:25:47 23-Nov-2025,Argos,1,44.683300,-60.524750,1162,39963,33,78,,,,,,
260378,260378,UT,01:10:47 23-Nov-2025,Argos,2,44.681570,-60.534200,355,1491,84,93,,,,,,
260378,260378,UT,02:34:31 23-Nov-2025,Argos,2,44.684080,-60.533560,499,1383,179,68,,,,,,
260378,260378,UT,02:55:36 23-Nov-2025,Argos,0,44.685320,-60.542000,4030,8849,1835,26,,,,,,
260378,260378,UT,04:13:53 23-Nov-2025,Argos,2,44.689320,-60.557470,456,795,261,178,,,,,,
260378,260378,UT,07:47:38 23-Nov-2025,Argos,B,44.680920,-60.588290,4650,6439,3357,74,,,,,,
260378,260378,UT,09:21:20 23-Nov-2025,Argos,B,44.669060,-60.591230,3370,12561,904,66,,,,,,
260378,260378,UT,11:00:14 23-Nov-2025,Argos,A,44.693740,-60.566730,389,1241,121,175,,,,,,
260378,260378,UT,12:42:51 23-Nov-2025,Argos,B,44.710560,-60.581350,1383,1908,1002,84,,,,,,
260378,260378,UT,13:35:41 23-Nov-2025,Argos,B,44.717030,-60.591560,1657,2277,1205,81,,,,,,
260378,260378,UT,15:07:37 23-Nov-2025,Argos,A,44.751930,-60.552370,666,4219,105,75,,,,,,
260378,260378,UT,16:20:21 23-Nov-2025,Argos,B,44.763850,-60.545870,1344,2292,788,82,,,,,,
260378,260378,UT,17:49:42 23-Nov-2025,Argos,B,44.775530,-60.541210,1904,2697,1343,81,,,,,,
260378,260378,UT,18:26:05 23-Nov-2025,Argos,B,44.779340,-60.539570,1981,3148,1246,88,,,,,,
260378,260378,UT,20:03:31 23-Nov-2025,Argos,B,44.781760,-60.534240,2518,3563,1779,82,,,,,,
260378,260378,UT,21:32:21 23-Nov-2025,Argos,A,44.702070,-60.635310,608,3634,101,112,,,,,,
260378,260378,UT,21:48:26 23-Nov-2025,Argos,B,44.699350,-60.639880,1444,2304,904,99,,,,,,
260378,260378,UT,23:09:43 23-Nov-2025,Argos,2,44.682990,-60.604850,410,4069,41,110,,,,,,
260378,260378,UT,23:11:47 23-Nov-2025,Argos,B,44.676880,-60.615650,2043,3500,1192,41,,,,,,
260378,260378,UT,00:06:42 24-Nov-2025,Argos,B,44.666740,-60.622070,1955,2598,1470,59,,,,,,
260378,260378,UT,00:48:58 24-Nov-2025,Argos,B,44.666760,-60.579360,215,2575,17,77,,,,,,
260378,260378,UT,00:48:58 24-Nov-2025,Argos,1,44.666310,-60.581630,592,15853,22,77,,,,,,
260378,260378,UT,01:47:09 24-Nov-2025,Argos,B,44.656660,-60.571320,1066,1606,706,85,,,,,,
260378,260378,UT,01:49:57 24-Nov-2025,Argos,B,44.658030,-60.569460,830,5282,130,160,,,,,,
260378,260378,UT,02:29:55 24-Nov-2025,Argos,A,44.669810,-60.546250,477,2472,91,133,,,,,,
260378,260378,UT,03:27:16 24-Nov-2025,Argos,B,44.672060,-60.530960,1018,1691,612,92,,,,,,
260378,260378,UT,05:04:49 24-Nov-2025,Argos,B,44.671280,-60.510640,1782,2935,1082,90,,,,,,
260378,260378,UT,07:16:17 24-Nov-2025,Argos,B,44.704940,-60.485380,1930,35336,105,94,,,,,,
260378,260378,UT,08:14:39 24-Nov-2025,Argos,B,44.723840,-60.531430,1961,39421,97,75,,,,,,
260378,260378,UT,08:47:56 24-Nov-2025,Argos,A,44.744260,-60.571410,183,720,46,66,,,,,,
260378,260378,UT,09:51:56 24-Nov-2025,Argos,1,44.747110,-60.536200,1025,5939,176,98,,,,,,
260378,260378,UT,10:35:36 24-Nov-2025,Argos,B,44.740720,-60.543510,7719,19778,3012,93,,,,,,
260378,260378,UT,11:29:20 24-Nov-2025,Argos,1,44.815190,-60.570580,615,1303,289,60,,,,,,
260378,260378,UT,12:20:14 24-Nov-2025,Argos,B,44.841400,-60.584930,2182,3066,1553,86,,,,,,
260378,260378,UT,13:06:31 24-Nov-2025,Argos,0,44.786650,-60.631280,2527,8467,754,54,,,,,,
260378,260378,UT,14:07:32 24-Nov-2025,Argos,A,44.833050,-60.630020,8317,91636,754,103,,,,,,
260378,260378,UT,00:20:52 25-Nov-2025,Argos,1,44.688240,-60.549120,641,2732,150,14,,,,,,
260378,260378,UT,00:28:51 25-Nov-2025,Argos,0,43.801360,-60.570160,112138,271681,46285,67,,,,,,
260378,260378,UT,01:06:10 25-Nov-2025,Argos,Z,43.975440,-60.388130,760873,0,516909,101,,,,,,
260378,260378,UT,01:27:19 25-Nov-2025,Argos,Z,44.499090,-60.528910,774960,0,222894,88,,,,,,
260378,260378,UT,02:08:44 25-Nov-2025,Argos,3,44.675730,-60.543340,169,337,84,103,,,,,,
260378,260378,UT,02:41:27 25-Nov-2025,Argos,2,44.662650,-60.526920,461,2078,102,46,,,,,,
260378,260378,UT,07:30:21 25-Nov-2025,Argos,B,44.652030,-60.486880,3807,6530,2218,87,,,,,,
260378,260378,UT,08:18:12 25-Nov-2025,Argos,A,44.717050,-60.522490,2104,26917,164,47,,,,,,
260378,260378,UT,09:10:32 25-Nov-2025,Argos,A,44.735940,-60.535980,340,2061,56,78,,,,,,
260378,260378,UT,09:59:05 25-Nov-2025,Argos,3,44.763200,-60.530440,132,584,29,90,,,,,,
260378,260378,UT,10:47:44 25-Nov-2025,Argos,B,44.765520,-60.499000,1989,5280,749,67,,,,,,
260378,260378,UT,12:03:10 25-Nov-2025,Argos,B,44.786700,-60.489490,3578,5747,2228,72,,,,,,
260378,260378,UT,12:42:10 25-Nov-2025,Argos,A,44.837870,-60.577610,1596,9102,280,121,,,,,,
260378,260378,UT,13:46:05 25-Nov-2025,Argos,B,44.814170,-60.530050,2558,4999,1309,104,,,,,,
260378,260378,UT,14:25:48 25-Nov-2025,Argos,B,44.823860,-60.528200,1843,3267,1039,97,,,,,,
260378,260378,UT,16:08:04 25-Nov-2025,Argos,B,44.869090,-60.659440,2835,6144,1307,120,,,,,,
260378,260378,UT,16:19:59 25-Nov-2025,Argos,B,44.865330,-60.655380,3961,12371,1267,123,,,,,,
260378,260378,UT,17:57:53 25-Nov-2025,Argos,B,44.867990,-60.640820,2731,5035,1481,127,,,,,,
260378,260378,UT,18:45:22 25-Nov-2025,Argos,B,44.809870,-60.587860,1358,2695,684,178,,,,,,
260378,260378,UT,20:21:39 25-Nov-2025,Argos,B,44.732300,-60.580880,1091,7352,161,82,,,,,,
260378,260378,UT,20:30:14 25-Nov-2025,Argos,B,44.728770,-60.601590,779,2132,284,78,,,,,,
260378,260378,UT,22:04:06 25-Nov-2025,Argos,B,44.711370,-60.621170,1444,2667,781,89,,,,,,
260378,260378,UT,22:07:03 25-Nov-2025,Argos,B,44.706160,-60.618140,1026,30983,34,112,,,,,,
260378,260378,UT,00:10:55 26-Nov-2025,Argos,Z,45.564600,-52.652930,935,12657,69,61,,,,,,
260378,260378,UT,00:10:55 26-Nov-2025,Argos,0,44.263140,-59.903690,202721,803407,51152,89,,,,,,
260378,260378,UT,01:06:34 26-Nov-2025,Argos,B,44.670630,-60.528040,110857,223212,55056,87,,,,,,
260378,260378,UT,01:54:16 26-Nov-2025,Argos,A,44.640430,-60.531810,503,4655,54,95,,,,,,
260378,260378,UT,01:57:55 26-Nov-2025,Argos,2,44.641380,-60.517080,251,287,218,79,,,,,,
260378,260378,UT,03:37:26 26-Nov-2025,Argos,1,44.637500,-60.508010,1241,25751,59,80,,,,,,
260378,260378,UT,05:15:03 26-Nov-2025,Argos,2,44.638060,-60.545230,494,1924,126,9,,,,,,
260378,260378,UT,07:48:38 26-Nov-2025,Argos,B,44.628960,-60.599690,1183,10424,134,0,,,,,,
260378,260378,UT,08:30:05 26-Nov-2025,Argos,0,44.696150,-60.603170,2119,12284,365,59,,,,,,
260378,260378,UT,09:30:47 26-Nov-2025,Argos,B,44.720300,-60.612650,6342,9347,4302,86,,,,,,
260378,260378,UT,10:07:11 26-Nov-2025,Argos,B,44.739380,-60.610610,2857,22368,364,54,,,,,,
260378,260378,UT,11:07:32 26-Nov-2025,Argos,B,44.775950,-60.578070,2462,3397,1783,123,,,,,,
260378,260378,UT,11:42:51 26-Nov-2025,Argos,B,44.782980,-60.578110,2353,3394,1630,110,,,,,,
260378,260378,UT,12:24:59 26-Nov-2025,Argos,B,44.805290,-60.588710,4454,5052,3926,71,,,,,,
260378,260378,UT,13:21:57 26-Nov-2025,Argos,A,44.774590,-60.686290,8969,69100,1164,70,,,,,,
260378,260378,UT,14:02:41 26-Nov-2025,Argos,0,44.848420,-60.699120,9269,38966,2204,105,,,,,,
260378,260378,UT,15:39:32 26-Nov-2025,Argos,B,44.820170,-60.668110,7913,79429,788,73,,,,,,
260378,260378,UT,15:51:25 26-Nov-2025,Argos,A,44.861300,-60.592290,2616,7636,896,89,,,,,,
260378,260378,UT,17:20:01 26-Nov-2025,Argos,B,44.838110,-60.589310,4228,18725,954,87,,,,,,
260378,260378,UT,18:05:59 26-Nov-2025,Argos,B,44.786880,-60.763510,10067,18889,5365,114,,,,,,
260378,260378,UT,00:48:37 27-Nov-2025,Argos,B,44.635500,-60.691660,15675,46051,5335,87,,,,,,
260378,260378,UT,00:54:49 27-Nov-2025,Argos,B,44.619810,-60.830920,48951,568981,4211,89,,,,,,
260378,260378,UT,01:27:08 27-Nov-2025,Argos,1,44.605050,-60.556330,600,3146,114,79,,,,,,
260378,260378,UT,02:50:49 27-Nov-2025,Argos,2,44.614520,-60.552950,408,1751,94,87,,,,,,
260378,260378,UT,03:11:41 27-Nov-2025,Argos,B,44.614430,-60.552950,2050,2982,1409,89,,,,,,
260378,260378,UT,04:28:14 27-Nov-2025,Argos,1,44.620480,-60.540690,870,3510,215,139,,,,,,
260378,260378,UT,07:18:48 27-Nov-2025,Argos,A,44.611140,-60.529540,1307,8965,190,109,,,,,,
260378,260378,UT,07:45:06 27-Nov-2025,Argos,A,44.617180,-60.571650,519,1626,165,21,,,,,,
260378,260378,UT,08:51:37 27-Nov-2025,Argos,A,44.654380,-60.592550,892,22731,35,64,,,,,,
260378,260378,UT,09:28:14 27-Nov-2025,Argos,1,44.658550,-60.610470,521,7832,34,91,,,,,,
260378,260378,UT,10:33:04 27-Nov-2025,Argos,B,44.674040,-60.659340,775,5326,112,16,,,,,,
260378,260378,UT,11:02:39 27-Nov-2025,Argos,B,44.671420,-60.652920,728,1491,355,89,,,,,,
260378,260378,UT,12:07:58 27-Nov-2025,Argos,B,44.686310,-60.681440,1315,2245,770,89,,,,,,
260378,260378,UT,13:01:47 27-Nov-2025,Argos,B,44.819630,-60.832530,9322,19029,4566,73,,,,,,
260378,260378,UT,13:47:51 27-Nov-2025,Argos,B,44.828950,-60.762860,22760,45582,11364,129,,,,,,
260378,260378,UT,14:39:49 27-Nov-2025,Argos,A,44.878930,-60.565240,2023,11158,366,62,,,,,,
260378,260378,UT,14:51:56 27-Nov-2025,Argos,B,44.879130,-60.565290,3500,5976,2049,73,,,,,,
260378,260378,UT,15:21:25 27-Nov-2025,Argos,A,44.876150,-60.572870,338,2403,47,84,,,,,,
260378,260378,UT,16:31:19 27-Nov-2025,Argos,B,44.896340,-60.515810,1026,2327,452,96,,,,,,
260378,260378,UT,19:00:29 27-Nov-2025,Argos,B,45.003990,-60.634430,2655,8341,845,50,,,,,,
260378,260378,UT,20:42:06 27-Nov-2025,Argos,B,44.922280,-60.623010,5999,191014,188,82,,,,,,
260378,260378,UT,21:04:22 27-Nov-2025,Argos,B,44.901780,-60.732300,3034,7587,1213,101,,,,,,
260378,260378,UT,22:22:45 27-Nov-2025,Argos,B,44.921050,-60.707870,4112,7229,2338,97,,,,,,
260378,260378,UT,22:40:56 27-Nov-2025,Argos,0,44.868930,-60.616290,13558,31018,5926,40,,,,,,
260378,260378,UT,22:50:22 27-Nov-2025,Argos,B,44.860160,-60.785040,9968,17125,5801,99,,,,,,
260378,260378,UT,00:23:15 28-Nov-2025,Argos,A,44.915050,-60.760970,4070,10195,1624,88,,,,,,
260378,260378,UT,00:23:38 28-Nov-2025,Argos,B,44.912370,-60.768620,4105,10449,1612,88,,,,,,
260378,260378,UT,01:13:30 28-Nov-2025,Argos,B,44.875850,-60.741420,3892,8041,1883,97,,,,,,
260378,260378,UT,02:01:10 28-Nov-2025,Argos,B,44.880310,-60.731620,3623,6878,1908,94,,,,,,
260378,260378,UT,02:54:46 28-Nov-2025,Argos,B,44.886600,-60.719040,2530,4443,1440,90,,,,,,
260378,260378,UT,03:43:15 28-Nov-2025,Argos,A,44.690890,-60.558270,3499,17988,680,53,,,,,,
260378,260378,UT,05:24:47 28-Nov-2025,Argos,B,44.658450,-60.477090,7576,18167,3159,72,,,,,,
260378,260378,UT,06:45:55 28-Nov-2025,Argos,B,44.658670,-60.478890,8704,14458,5239,74,,,,,,
260378,260378,UT,08:23:13 28-Nov-2025,Argos,0,44.607100,-60.519450,1519,7985,289,46,,,,,,
260378,260378,UT,08:43:07 28-Nov-2025,Argos,B,44.597530,-60.506210,1889,6173,577,97,,,,,,
260378,260378,UT,09:59:38 28-Nov-2025,Argos,A,44.601260,-60.555570,943,11396,78,119,,,,,,
260378,260378,UT,10:25:01 28-Nov-2025,Argos,B,44.606950,-60.556470,1177,5489,252,119,,,,,,
260378,260378,UT,12:39:17 28-Nov-2025,Argos,B,44.627680,-60.575140,2886,10986,758,81,,,,,,
260378,260378,UT,13:27:56 28-Nov-2025,Argos,B,44.611720,-60.585470,2220,4308,1143,89,,,,,,
260378,260378,UT,14:20:46 28-Nov-2025,Argos,B,44.602230,-60.594080,4106,6481,2601,97,,,,,,
260378,260378,UT,15:09:00 28-Nov-2025,Argos,A,44.749360,-60.642740,6279,56898,692,99,,,,,,
260378,260378,UT,15:41:26 28-Nov-2025,Argos,B,44.738050,-60.566850,4839,15590,1501,85,,,,,,
260378,260378,UT,17:28:04 28-Nov-2025,Argos,A,44.810070,-60.531190,5972,49560,719,86,,,,,,
260378,260378,UT,18:20:24 28-Nov-2025,Argos,B,44.802710,-60.803170,7054,8726,5701,75,,,,,,
260378,260378,UT,18:59:10 28-Nov-2025,Argos,B,44.806260,-60.856360,7428,10061,5483,91,,,,,,
260378,260378,UT,20:00:04 28-Nov-2025,Argos,B,44.721080,-60.910820,9404,107534,822,94,,,,,,
260378,260378,UT,20:33:47 28-Nov-2025,Argos,B,44.709350,-60.860970,3413,4699,2478,93,,,,,,
260378,260378,UT,21:41:35 28-Nov-2025,Argos,B,44.685940,-60.883850,4521,15932,1282,94,,,,,,
260378,260378,UT,22:08:40 28-Nov-2025,Argos,B,44.655210,-60.848370,10869,26932,4386,90,,,,,,
260378,260378,UT,23:06:49 28-Nov-2025,Argos,A,44.674130,-60.718110,4007,23089,695,141,,,,,,
260378,260378,UT,23:53:22 28-Nov-2025,Argos,1,44.644380,-60.692220,1365,5283,352,21,,,,,,
260378,260378,UT,00:03:23 29-Nov-2025,Argos,A,44.651360,-60.689680,855,2576,283,25,,,,,,
260378,260378,UT,00:46:17 29-Nov-2025,Argos,A,44.640120,-60.679440,615,1573,240,50,,,,,,
260378,260378,UT,01:21:17 29-Nov-2025,Argos,B,44.612180,-60.687740,2392,3569,1603,100,,,,,,
260378,260378,UT,01:44:16 29-Nov-2025,Argos,B,44.606780,-60.688500,3031,5170,1777,109,,,,,,
260378,260378,UT,02:26:22 29-Nov-2025,Argos,A,44.609230,-60.647200,913,5134,162,155,,,,,,
260378,260378,UT,02:55:45 29-Nov-2025,Argos,2,44.627910,-60.655090,373,2404,57,63,,,,,,
260378,260378,UT,07:55:06 29-Nov-2025,Argos,A,44.623990,-60.658510,515,2043,130,123,,,,,,
260378,260378,UT,08:01:18 29-Nov-2025,Argos,B,44.621880,-60.654610,434,1059,177,30,,,,,,
260378,260378,UT,09:28:08 29-Nov-2025,Argos,B,44.614430,-60.629270,918,38851,21,81,,,,,,
260378,260378,UT,09:45:40 29-Nov-2025,Argos,0,44.610950,-60.671300,2199,57827,83,106,,,,,,
260378,260378,UT,11:12:44 29-Nov-2025,Argos,B,44.611330,-60.658420,1238,1823,839,44,,,,,,
260378,260378,UT,11:21:31 29-Nov-2025,Argos,0,44.612040,-60.718940,1610,6285,412,9,,,,,,
260378,260378,UT,13:01:42 29-Nov-2025,Argos,1,44.662420,-60.749880,766,1564,374,11,,,,,,
260378,260378,UT,13:58:50 29-Nov-2025,Argos,0,44.727220,-60.752130,1998,7508,531,77,,,,,,
260378,260378,UT,14:39:09 29-Nov-2025,Argos,0,44.742040,-60.764520,1516,8639,266,109,,,,,,
260378,260378,UT,14:59:57 29-Nov-2025,Argos,A,44.724820,-60.772660,3184,8881,1141,28,,,,,,
260378,260378,UT,16:39:58 29-Nov-2025,Argos,B,44.753490,-60.781600,6789,11927,3864,95,,,,,,
260378,260378,UT,18:20:48 29-Nov-2025,Argos,B,44.782990,-60.781980,8192,11728,5722,111,,,,,,
260378,260378,UT,00:22:58 30-Nov-2025,Argos,0,44.336310,-58.429510,193480,0,31757,80,,,,,,
260378,260378,UT,01:00:15 30-Nov-2025,Argos,B,44.618490,-60.682680,0,0,70249,116,,,,,,
260378,260378,UT,01:21:44 30-Nov-2025,Argos,A,44.653710,-60.731510,479606,0,27176,95,,,,,,
260378,260378,UT,02:07:32 30-Nov-2025,Argos,A,44.646460,-60.672140,346,1035,115,16,,,,,,
260378,260378,UT,02:09:07 30-Nov-2025,Argos,A,44.643560,-60.671600,284,973,82,58,,,,,,
260378,260378,UT,03:50:43 30-Nov-2025,Argos,2,44.628410,-60.663360,380,1415,102,103,,,,,,
260378,260378,UT,05:30:25 30-Nov-2025,Argos,0,44.610930,-60.682750,2416,6572,887,159,,,,,,
260378,260378,UT,08:55:51 30-Nov-2025,Argos,1,44.636890,-60.676790,537,765,376,50,,,,,,
260378,260378,UT,09:00:02 30-Nov-2025,Argos,2,44.621630,-60.671960,344,741,159,131,,,,,,
260378,260378,UT,10:36:02 30-Nov-2025,Argos,A,44.629850,-60.678270,411,1308,129,133,,,,,,
260378,260378,UT,10:40:29 30-Nov-2025,Argos,A,44.644090,-60.689730,226,541,94,53,,,,,,
260378,260378,UT,12:39:25 30-Nov-2025,Argos,A,44.599540,-60.762100,554,1600,192,19,,,,,,
260378,260378,UT,13:40:16 30-Nov-2025,Argos,B,44.609470,-60.759040,1228,12534,120,108,,,,,,
260378,260378,UT,00:04:26 01-Dec-2025,Argos,A,44.649250,-60.669000,886,7692,102,134,,,,,,
260378,260378,UT,01:05:39 01-Dec-2025,Argos,B,44.641010,-60.664680,1138,1857,697,99,,,,,,
260378,260378,UT,01:28:30 01-Dec-2025,Argos,A,44.651090,-60.665660,713,3118,163,149,,,,,,
260378,260378,UT,01:47:18 01-Dec-2025,Argos,B,44.631070,-60.647670,466,3730,58,52,,,,,,
260378,260378,UT,03:04:15 01-Dec-2025,Argos,1,44.614420,-60.640150,840,6839,103,78,,,,,,
260378,260378,UT,04:45:25 01-Dec-2025,Argos,3,44.609430,-60.595820,158,242,102,78,,,,,,
260378,260378,UT,06:50:58 01-Dec-2025,Argos,B,44.602450,-60.575200,1089,2884,410,120,,,,,,
260378,260378,UT,08:18:27 01-Dec-2025,Argos,2,44.602750,-60.581030,420,482,365,95,,,,,,
260378,260378,UT,08:30:44 01-Dec-2025,Argos,1,44.601590,-60.586110,809,3175,205,111,,,,,,
260378,260378,UT,09:58:23 01-Dec-2025,Argos,1,44.613220,-60.590870,913,4703,177,92,,,,,,
260378,260378,UT,10:08:37 01-Dec-2025,Argos,1,44.614730,-60.594000,990,8858,110,81,,,,,,
260378,260378,UT,11:35:58 01-Dec-2025,Argos,B,44.633950,-60.610780,2699,5345,1362,68,,,,,,
260378,260378,UT,12:23:22 01-Dec-2025,Argos,B,44.635360,-60.599940,2126,3622,1247,41,,,,,,
260378,260378,UT,13:21:34 01-Dec-2025,Argos,B,44.612090,-60.601690,1629,2653,1000,90,,,,,,
260378,260378,UT,13:58:31 01-Dec-2025,Argos,0,44.602580,-60.566550,1645,17607,153,96,,,,,,
260378,260378,UT,15:04:00 01-Dec-2025,Argos,B,44.600940,-60.564150,3121,8423,1156,111,,,,,,
260378,260378,UT,15:06:15 01-Dec-2025,Argos,A,44.614000,-60.612310,377,1280,111,173,,,,,,
260378,260378,UT,00:39:53 02-Dec-2025,Argos,A,44.540820,-60.659640,834,4228,164,128,,,,,,
260378,260378,UT,01:25:41 02-Dec-2025,Argos,B,44.524550,-60.635240,706,5637,88,34,,,,,,
260378,260378,UT,02:21:44 02-Dec-2025,Argos,1,44.566380,-60.607790,911,2021,410,152,,,,,,
260378,260378,UT,03:07:26 02-Dec-2025,Argos,B,44.571240,-60.594410,2955,4153,2102,91,,,,,,
260378,260378,UT,03:56:06 02-Dec-2025,Argos,B,44.595360,-60.574140,2222,71238,69,99,,,,,,
260378,260378,UT,05:36:13 02-Dec-2025,Argos,B,44.615490,-60.540120,1664,3523,785,95,,,,,,
260378,260378,UT,07:56:35 02-Dec-2025,Argos,A,44.596650,-60.564320,488,2224,107,161,,,,,,
260378,260378,UT,09:33:46 02-Dec-2025,Argos,2,44.600550,-60.556790,275,965,78,92,,,,,,
260378,260378,UT,11:15:02 02-Dec-2025,Argos,A,44.619430,-60.489360,1159,5166,259,23,,,,,,
260378,260378,UT,11:58:05 02-Dec-2025,Argos,A,44.624280,-60.467210,783,3309,185,140,,,,,,
260378,260378,UT,12:58:04 02-Dec-2025,Argos,3,44.597430,-60.407980,204,1269,32,103,,,,,,
260378,260378,UT,00:19:36 03-Dec-2025,Argos,0,44.629030,-60.597850,16693,76310,3651,71,,,,,,
260378,260378,UT,01:03:06 03-Dec-2025,Argos,B,44.601900,-60.540610,727,9418,56,84,,,,,,
260378,260378,UT,01:03:06 03-Dec-2025,Argos,1,44.601400,-60.554480,673,11179,40,86,,,,,,
260378,260378,UT,01:36:31 03-Dec-2025,Argos,B,44.592930,-60.588750,2622,25248,272,111,,,,,,
260378,260378,UT,02:44:33 03-Dec-2025,Argos,B,44.573290,-60.556090,2169,12547,374,167,,,,,,
260378,260378,UT,03:13:35 03-Dec-2025,Argos,1,44.598860,-60.586040,540,5157,56,82,,,,,,
260378,260378,UT,04:53:45 03-Dec-2025,Argos,B,44.608670,-60.575580,1970,6641,584,74,,,,,,
260378,260378,UT,07:24:53 03-Dec-2025,Argos,B,44.610020,-60.594170,2736,5044,1483,32,,,,,,
260378,260378,UT,09:01:19 03-Dec-2025,Argos,B,44.588370,-60.586270,1836,20007,168,14,,,,,,
260378,260378,UT,10:42:21 03-Dec-2025,Argos,B,44.614380,-60.591760,1910,38074,95,34,,,,,,
260378,260378,UT,13:17:24 03-Dec-2025,Argos,B,44.617240,-60.580410,2336,3880,1406,52,,,,,,
260378,260378,UT,14:15:24 03-Dec-2025,Argos,B,44.618770,-60.579870,2008,19887,202,14,,,,,,
260378,260378,UT,15:00:24 03-Dec-2025,Argos,B,44.663590,-60.564790,707,4988,100,86,,,,,,
260378,260378,UT,15:12:26 03-Dec-2025,Argos,B,44.659800,-60.571030,1257,4003,394,91,,,,,,
260378,260378,UT,16:53:24 03-Dec-2025,Argos,B,44.683520,-60.542210,1629,4999,530,45,,,,,,
260378,260378,UT,18:33:01 03-Dec-2025,Argos,B,44.682820,-60.541630,1659,2445,1125,74,,,,,,
260378,260378,UT,21:13:50 03-Dec-2025,Argos,0,44.614660,-60.644870,2479,9528,645,161,,,,,,
260378,260378,UT,00:05:14 04-Dec-2025,Argos,B,44.622610,-60.667650,5186,69235,388,86,,,,,,
260378,260378,UT,00:32:40 04-Dec-2025,Argos,B,44.623810,-60.667950,5366,18524,1554,86,,,,,,
260378,260378,UT,00:40:24 04-Dec-2025,Argos,A,44.628010,-60.602760,1234,1515,1004,34,,,,,,
260378,260378,UT,02:27:16 04-Dec-2025,Argos,A,44.643270,-60.648110,660,5465,79,74,,,,,,
260378,260378,UT,02:31:04 04-Dec-2025,Argos,A,44.642810,-60.631290,1707,19017,153,85,,,,,,
260378,260378,UT,04:07:33 04-Dec-2025,Argos,2,44.645730,-60.634970,394,1407,110,67,,,,,,
260378,260378,UT,05:45:46 04-Dec-2025,Argos,B,44.648980,-60.650290,3521,5291,2342,91,,,,,,
260378,260378,UT,06:54:55 04-Dec-2025,Argos,B,44.650700,-60.656700,3858,5712,2605,92,,,,,,
260378,260378,UT,08:32:06 04-Dec-2025,Argos,B,44.629460,-60.641760,1349,10351,175,58,,,,,,
260378,260378,UT,10:15:57 04-Dec-2025,Argos,B,44.641140,-60.637090,1208,8748,166,94,,,,,,
260378,260378,UT,12:56:23 04-Dec-2025,Argos,2,44.651320,-60.651260,279,475,163,63,,,,,,
260378,260378,UT,14:05:29 04-Dec-2025,Argos,B,44.653550,-60.656550,2269,3190,1613,89,,,,,,
260378,260378,UT,14:39:20 04-Dec-2025,Argos,A,44.652210,-60.553400,426,915,198,145,,,,,,
260378,260378,UT,16:07:49 04-Dec-2025,Argos,B,44.620400,-60.541190,1423,16881,119,125,,,,,,
260378,260378,UT,00:18:38 05-Dec-2025,Argos,A,44.579960,-60.515790,477,2843,80,40,,,,,,
260378,260378,UT,01:20:16 05-Dec-2025,Argos,B,44.571180,-60.491980,1168,1609,847,73,,,,,,
260378,260378,UT,01:43:13 05-Dec-2025,Argos,B,44.571880,-60.494410,1585,2720,923,95,,,,,,
260378,260378,UT,02:03:33 05-Dec-2025,Argos,A,44.581360,-60.482640,498,2927,84,28,,,,,,
260378,260378,UT,03:22:55 05-Dec-2025,Argos,A,44.578740,-60.490690,740,16754,32,90,,,,,,
260378,260378,UT,04:58:40 05-Dec-2025,Argos,B,44.567550,-60.469700,946,8045,111,155,,,,,,
260378,260378,UT,08:02:53 05-Dec-2025,Argos,A,44.588300,-60.493220,405,1762,93,144,,,,,,
260378,260378,UT,09:37:54 05-Dec-2025,Argos,A,44.591760,-60.492710,315,724,137,147,,,,,,
260378,260378,UT,11:20:16 05-Dec-2025,Argos,B,44.587260,-60.478440,1367,2036,918,91,,,,,,
260378,260378,UT,11:56:24 05-Dec-2025,Argos,B,44.574790,-60.473610,1492,2926,760,85,,,,,,
260378,260378,UT,12:37:40 05-Dec-2025,Argos,1,44.538790,-60.418640,1176,4699,294,10,,,,,,
260378,260378,UT,13:37:16 05-Dec-2025,Argos,0,44.528160,-60.376940,2746,69137,109,102,,,,,,
260378,260378,UT,14:20:05 05-Dec-2025,Argos,A,44.530040,-60.408530,3410,97306,119,111,,,,,,
260378,260378,UT,15:20:17 05-Dec-2025,Argos,B,44.533490,-60.431070,9414,25215,3514,108,,,,,,
260378,260378,UT,15:23:40 05-Dec-2025,Argos,0,44.507560,-60.420380,1520,5744,402,54,,,,,,
260378,260378,UT,16:02:41 05-Dec-2025,Argos,B,44.496990,-60.407390,5979,8666,4124,87,,,,,,
260378,260378,UT,17:02:18 05-Dec-2025,Argos,2,44.468930,-60.382640,313,1527,64,106,,,,,,
260378,260378,UT,18:40:11 05-Dec-2025,Argos,B,44.436530,-60.348410,2577,3857,1721,94,,,,,,
260378,260378,UT,00:59:49 06-Dec-2025,Argos,B,44.461530,-60.495930,2999,43415,207,9,,,,,,
260378,260378,UT,01:07:27 06-Dec-2025,Argos,B,44.472100,-60.492950,2612,11665,584,5,,,,,,
260378,260378,UT,01:39:19 06-Dec-2025,Argos,A,44.492720,-60.482890,295,1823,47,105,,,,,,
260378,260378,UT,02:33:49 06-Dec-2025,Argos,A,44.500260,-60.470800,226,1112,46,53,,,,,,
260378,260378,UT,04:15:05 06-Dec-2025,Argos,B,44.506540,-60.448680,1275,2122,766,95,,,,,,
260378,260378,UT,07:29:52 06-Dec-2025,Argos,B,44.499570,-60.444420,2231,3468,1435,81,,,,,,
260378,260378,UT,09:08:12 06-Dec-2025,Argos,B,44.496070,-60.374900,2048,58339,71,72,,,,,,
260378,260378,UT,12:17:38 06-Dec-2025,Argos,B,44.452270,-60.447650,3067,8784,1070,111,,,,,,
260378,260378,UT,13:17:50 06-Dec-2025,Argos,B,44.485810,-60.393200,3304,55087,198,112,,,,,,
260378,260378,UT,13:59:45 06-Dec-2025,Argos,B,44.462510,-60.363760,1625,30262,87,107,,,,,,
260378,260378,UT,14:38:05 06-Dec-2025,Argos,B,44.451230,-60.323740,1100,1749,691,93,,,,,,
260378,260378,UT,15:41:57 06-Dec-2025,Argos,B,44.452660,-60.321990,2080,5523,783,106,,,,,,
260378,260378,UT,16:13:19 06-Dec-2025,Argos,A,44.401760,-60.176800,2755,25712,295,86,,,,,,
260378,260378,UT,17:54:46 06-Dec-2025,Argos,B,44.340270,-60.121370,3102,6054,1589,171,,,,,,
260378,260378,UT,21:16:49 06-Dec-2025,Argos,B,44.184750,-59.949030,2713,14030,524,107,,,,,,
260378,260378,UT,22:55:25 06-Dec-2025,Argos,B,44.147940,-59.945380,1974,120688,32,98,,,,,,
260378,260378,UT,23:06:00 06-Dec-2025,Argos,B,44.159020,-60.012790,2194,20431,235,98,,,,,,
260378,260378,UT,23:45:26 06-Dec-2025,Argos,B,44.127480,-59.975050,2008,18554,217,92,,,,,,
260378,260378,UT,00:35:27 07-Dec-2025,Argos,B,44.095610,-59.933510,2187,8689,550,92,,,,,,
260378,260378,UT,00:40:49 07-Dec-2025,Argos,B,44.104340,-59.945030,1964,51826,74,86,,,,,,
260378,260378,UT,01:20:19 07-Dec-2025,Argos,B,44.078310,-59.919370,2026,135476,30,86,,,,,,
260378,260378,UT,01:52:05 07-Dec-2025,Argos,A,44.036900,-60.068460,2879,23388,354,109,,,,,,
260378,260378,UT,03:27:58 07-Dec-2025,Argos,0,43.962600,-60.114230,1507,25805,88,76,,,,,,
260378,260378,UT,08:38:07 07-Dec-2025,Argos,2,43.955780,-60.122250,310,610,157,101,,,,,,
260378,260378,UT,10:14:52 07-Dec-2025,Argos,3,43.955410,-60.113280,249,293,211,37,,,,,,
260378,260378,UT,18:00:17 08-Dec-2025,Argos,B,43.971410,-60.054820,2493,17324,358,82,,,,,,
260378,260378,UT,21:56:47 08-Dec-2025,Argos,0,44.020620,-60.251900,2993,22077,405,71,,,,,,
260378,260378,UT,23:03:55 08-Dec-2025,Argos,B,44.010230,-60.283940,6729,13151,3442,104,,,,,,
260378,260378,UT,23:37:01 08-Dec-2025,Argos,A,44.019300,-60.327240,376,2002,70,54,,,,,,
260378,260378,UT,23:56:30 08-Dec-2025,Argos,B,44.020700,-60.326360,625,1094,356,83,,,,,,
260378,260378,UT,00:41:24 09-Dec-2025,Argos,B,44.017280,-60.363050,909,10527,78,73,,,,,,
260378,260378,UT,01:57:38 09-Dec-2025,Argos,B,44.014240,-60.417360,1438,2877,718,73,,,,,,
260378,260378,UT,02:17:55 09-Dec-2025,Argos,A,44.041430,-60.407280,485,2906,81,126,,,,,,
260378,260378,UT,03:34:47 09-Dec-2025,Argos,B,44.047770,-60.465790,879,13126,58,83,,,,,,
260378,260378,UT,05:18:25 09-Dec-2025,Argos,B,44.043950,-60.475590,2032,5212,792,87,,,,,,
260378,260378,UT,07:32:16 09-Dec-2025,Argos,B,44.054950,-60.547160,2843,7157,1129,84,,,,,,
260378,260378,UT,09:13:47 09-Dec-2025,Argos,A,44.108180,-60.682970,228,896,57,93,,,,,,
260378,260378,UT,10:51:24 09-Dec-2025,Argos,B,44.120520,-60.765680,1407,2169,912,86,,,,,,
260378,260378,UT,12:12:14 09-Dec-2025,Argos,B,44.186890,-60.685520,4597,6739,3135,95,,,,,,
260378,260378,UT,12:57:38 09-Dec-2025,Argos,B,44.198150,-60.732330,4226,9672,1846,8,,,,,,
260378,260378,UT,13:53:52 09-Dec-2025,Argos,B,44.178350,-60.779250,1390,5120,377,116,,,,,,
260378,260378,UT,14:31:23 09-Dec-2025,Argos,1,44.172010,-60.607590,1237,6669,229,95,,,,,,
260378,260378,UT,15:38:07 09-Dec-2025,Argos,1,44.166500,-60.640470,1395,4757,409,38,,,,,,
260378,260378,UT,16:13:19 09-Dec-2025,Argos,B,44.194280,-60.662080,3023,16380,557,54,,,,,,
260378,260378,UT,17:15:05 09-Dec-2025,Argos,A,44.187860,-60.623600,932,8940,97,96,,,,,,
260378,260378,UT,18:55:45 09-Dec-2025,Argos,B,44.174930,-60.587810,2449,4079,1469,92,,,,,,
260378,260378,UT,21:27:44 09-Dec-2025,Argos,1,44.154500,-60.647830,793,2700,232,29,,,,,,
260378,260378,UT,00:17:20 10-Dec-2025,Argos,0,44.178690,-60.643040,1814,3313,992,156,,,,,,
260378,260378,UT,00:39:29 10-Dec-2025,Argos,B,44.155630,-60.629440,4278,8882,2059,78,,,,,,
260378,260378,UT,01:15:01 10-Dec-2025,Argos,B,44.154730,-60.626530,6883,10833,4372,83,,,,,,
260378,260378,UT,01:16:35 10-Dec-2025,Argos,B,44.154620,-60.626000,7015,10997,4474,84,,,,,,
260378,260378,UT,02:00:36 10-Dec-2025,Argos,2,44.182970,-60.625480,311,803,120,51,,,,,,
260378,260378,UT,02:53:24 10-Dec-2025,Argos,B,44.187760,-60.623970,3448,61785,192,68,,,,,,
260378,260378,UT,04:28:19 10-Dec-2025,Argos,A,44.177960,-60.626310,118,223,62,106,,,,,,
260378,260378,UT,08:40:24 10-Dec-2025,Argos,1,44.182890,-60.639200,598,1994,179,86,,,,,,
260378,260378,UT,10:18:29 10-Dec-2025,Argos,1,44.188370,-60.651180,690,3725,127,38,,,,,,
260378,260378,UT,13:35:18 10-Dec-2025,Argos,B,44.181670,-60.654560,1664,34555,80,101,,,,,,
260378,260378,UT,15:17:26 10-Dec-2025,Argos,B,44.177780,-60.664450,2030,5217,789,99,,,,,,
260378,260378,UT,16:31:25 10-Dec-2025,Argos,1,44.188810,-60.666920,535,5424,52,107,,,,,,
260378,260378,UT,18:08:40 10-Dec-2025,Argos,B,44.162650,-60.610690,958,9621,95,48,,,,,,
260378,260378,UT,00:58:09 11-Dec-2025,Argos,2,44.160120,-60.637960,290,1499,56,47,,,,,,
260378,260378,UT,02:07:24 11-Dec-2025,Argos,B,44.141090,-60.629360,888,2613,302,79,,,,,,
260378,260378,UT,03:40:22 11-Dec-2025,Argos,0,44.171240,-60.602840,3091,34012,280,90,,,,,,
260378,260378,UT,05:21:38 11-Dec-2025,Argos,0,44.155630,-60.616890,2490,6621,936,165,,,,,,
260378,260378,UT,08:10:55 11-Dec-2025,Argos,B,44.144350,-60.608210,2639,41539,167,127,,,,,,
260378,260378,UT,09:47:43 11-Dec-2025,Argos,B,44.174970,-60.633600,1075,13006,88,84,,,,,,
260378,260378,UT,11:29:05 11-Dec-2025,Argos,B,44.182320,-60.634470,1665,3537,783,89,,,,,,
260378,260378,UT,12:20:11 11-Dec-2025,Argos,B,44.187500,-60.630640,1826,3878,859,95,,,,,,
260378,260378,UT,13:15:21 11-Dec-2025,Argos,B,44.203680,-60.671420,868,3411,220,40,,,,,,
260378,260378,UT,13:55:48 11-Dec-2025,Argos,B,44.205260,-60.682250,654,5780,73,102,,,,,,
260378,260378,UT,00:37:03 12-Dec-2025,Argos,1,44.171630,-60.635450,1458,13681,155,75,,,,,,
260378,260378,UT,01:17:08 12-Dec-2025,Argos,1,44.185240,-60.641360,1367,2427,770,48,,,,,,
260378,260378,UT,02:56:22 12-Dec-2025,Argos,1,44.157890,-60.644170,783,3046,201,50,,,,,,
260378,260378,UT,02:59:57 12-Dec-2025,Argos,B,44.159840,-60.641600,1230,1713,882,74,,,,,,
260378,260378,UT,04:35:22 12-Dec-2025,Argos,2,44.151870,-60.643300,352,1198,103,123,,,,,,
260378,260378,UT,07:38:26 12-Dec-2025,Argos,A,44.146200,-60.689900,1629,4601,576,157,,,,,,
260378,260378,UT,09:18:33 12-Dec-2025,Argos,A,44.174180,-60.618920,3458,75510,158,80,,,,,,
260378,260378,UT,10:52:49 12-Dec-2025,Argos,B,44.180720,-60.612570,11840,21593,6491,83,,,,,,
260378,260378,UT,11:51:28 12-Dec-2025,Argos,B,44.186000,-60.609900,9564,16900,5412,76,,,,,,
260378,260378,UT,13:32:29 12-Dec-2025,Argos,0,44.187660,-60.643620,2091,5310,823,17,,,,,,
260378,260378,UT,14:35:20 12-Dec-2025,Argos,B,44.189370,-60.647540,7240,11124,4712,95,,,,,,
260378,260378,UT,15:02:06 12-Dec-2025,Argos,B,44.188130,-60.646450,7676,11349,5191,95,,,,,,
260378,260378,UT,15:10:14 12-Dec-2025,Argos,0,44.175890,-60.626250,2533,14862,431,59,,,,,,
260378,260378,UT,00:18:26 13-Dec-2025,Argos,A,44.173130,-60.769140,1855,29444,116,81,,,,,,
260378,260378,UT,00:43:06 13-Dec-2025,Argos,B,44.190470,-60.773320,2854,5790,1406,85,,,,,,
260378,260378,UT,00:57:30 13-Dec-2025,Argos,A,44.188330,-60.775800,3734,37944,367,78,,,,,,
260378,260378,UT,02:02:40 13-Dec-2025,Argos,B,44.192300,-60.780880,6643,11823,3732,85,,,,,,
260378,260378,UT,02:39:02 13-Dec-2025,Argos,A,44.221190,-60.732290,3350,29178,384,48,,,,,,
260378,260378,UT,03:51:09 13-Dec-2025,Argos,1,44.208400,-60.754000,914,4137,202,60,,,,,,
260378,260378,UT,05:29:47 13-Dec-2025,Argos,B,44.223530,-60.773260,3291,19711,549,7,,,,,,
260378,260378,UT,08:47:28 13-Dec-2025,Argos,B,44.245840,-60.767090,1416,31077,64,110,,,,,,
260378,260378,UT,10:19:35 13-Dec-2025,Argos,B,44.255520,-60.763040,1488,52980,41,95,,,,,,
260378,260378,UT,13:10:34 13-Dec-2025,Argos,A,44.272240,-60.842900,651,3713,114,29,,,,,,
260378,260378,UT,14:15:58 13-Dec-2025,Argos,B,44.282120,-60.845510,781,12143,50,114,,,,,,
260378,260378,UT,14:55:20 13-Dec-2025,Argos,B,44.284830,-60.851020,1154,2658,501,111,,,,,,
260378,260378,UT,15:55:06 13-Dec-2025,Argos,B,44.273430,-60.837250,984,23837,40,70,,,,,,
260378,260378,UT,16:34:35 13-Dec-2025,Argos,B,44.294600,-60.861410,1788,2854,1120,106,,,,,,
260378,260378,UT,17:31:22 13-Dec-2025,Argos,1,44.255640,-60.871130,707,2857,174,83,,,,,,
260378,260378,UT,00:11:54 14-Dec-2025,Argos,B,44.202130,-60.972530,4413,20029,972,88,,,,,,
260378,260378,UT,00:32:51 14-Dec-2025,Argos,2,44.192320,-60.876020,277,2670,28,63,,,,,,
260378,260378,UT,01:28:09 14-Dec-2025,Argos,B,44.188740,-60.892870,1034,1512,706,81,,,,,,
260378,260378,UT,01:35:58 14-Dec-2025,Argos,B,44.190000,-60.886800,1282,2407,683,80,,,,,,
260378,260378,UT,02:16:03 14-Dec-2025,Argos,A,44.181050,-60.906300,532,2645,107,4,,,,,,
260378,260378,UT,03:07:37 14-Dec-2025,Argos,1,44.180810,-60.908960,1081,3577,326,136,,,,,,
260378,260378,UT,04:45:06 14-Dec-2025,Argos,A,44.151650,-60.908720,767,3663,160,2,,,,,,
260378,260378,UT,08:15:16 14-Dec-2025,Argos,B,44.180460,-60.914640,1535,7311,322,105,,,,,,
260378,260378,UT,09:53:18 14-Dec-2025,Argos,B,44.176080,-60.917930,1147,4593,286,151,,,,,,
260378,260378,UT,11:36:26 14-Dec-2025,Argos,B,44.173230,-60.933280,1606,1894,1362,117,,,,,,
260378,260378,UT,12:52:05 14-Dec-2025,Argos,0,44.184040,-60.957200,1818,6842,483,57,,,,,,
260378,260378,UT,13:53:15 14-Dec-2025,Argos,0,44.193210,-60.932350,2916,35042,242,108,,,,,,
260378,260378,UT,14:32:29 14-Dec-2025,Argos,1,44.188120,-60.924100,914,3257,256,123,,,,,,
260378,260378,UT,15:03:27 14-Dec-2025,Argos,B,44.189070,-60.917980,2088,10609,410,145,,,,,,
260378,260378,UT,16:12:46 14-Dec-2025,Argos,B,44.184840,-60.908580,961,1625,568,74,,,,,,
260378,260378,UT,16:47:18 14-Dec-2025,Argos,0,44.191120,-60.898390,5411,54964,532,112,,,,,,
260378,260378,UT,18:23:57 14-Dec-2025,Argos,B,44.205810,-60.925180,5886,10248,3381,42,,,,,,
260378,260378,UT,00:12:05 15-Dec-2025,Argos,2,44.223210,-60.931930,253,847,75,38,,,,,,
260378,260378,UT,01:16:04 15-Dec-2025,Argos,B,44.187450,-60.940890,778,3920,154,94,,,,,,
260378,260378,UT,01:58:03 15-Dec-2025,Argos,B,44.183450,-60.941850,1153,2558,519,92,,,,,,
260378,260378,UT,02:20:12 15-Dec-2025,Argos,B,44.200830,-60.917840,2071,5771,743,131,,,,,,
260378,260378,UT,03:56:59 15-Dec-2025,Argos,2,44.191800,-60.917920,252,1205,52,87,,,,,,
260378,260378,UT,05:38:08 15-Dec-2025,Argos,B,44.193120,-60.917240,1470,2094,1032,52,,,,,,
260378,260378,UT,07:45:16 15-Dec-2025,Argos,2,44.193000,-60.920940,355,1418,89,133,,,,,,
260378,260378,UT,09:23:13 15-Dec-2025,Argos,A,44.224480,-60.931860,972,23206,40,78,,,,,,
260378,260378,UT,10:58:23 15-Dec-2025,Argos,0,44.246050,-60.908230,1957,10397,368,25,,,,,,
260378,260378,UT,12:34:33 15-Dec-2025,Argos,B,44.251840,-60.905080,4065,5998,2755,89,,,,,,
260378,260378,UT,13:30:34 15-Dec-2025,Argos,A,44.258360,-60.885530,799,7292,87,89,,,,,,
260378,260378,UT,14:09:52 15-Dec-2025,Argos,B,44.247050,-60.888330,979,20032,47,95,,,,,,
260378,260378,UT,15:51:52 15-Dec-2025,Argos,B,44.233660,-60.853130,1095,5420,221,71,,,,,,
260378,260378,UT,16:03:12 15-Dec-2025,Argos,B,44.273390,-60.816110,920,28097,30,82,,,,,,
260378,260378,UT,17:39:15 15-Dec-2025,Argos,B,44.266890,-60.903200,1387,6303,305,2,,,,,,
260378,260378,UT,00:00:17 16-Dec-2025,Argos,B,44.232920,-60.947470,2907,4629,1824,64,,,,,,
260378,260378,UT,00:47:40 16-Dec-2025,Argos,A,44.286340,-60.907730,6697,49214,911,74,,,,,,
260378,260378,UT,00:54:46 16-Dec-2025,Argos,A,44.211970,-60.929330,296,1340,65,71,,,,,,
260378,260378,UT,01:33:33 16-Dec-2025,Argos,B,44.219870,-60.886760,1847,2282,1494,55,,,,,,
260378,260378,UT,01:33:58 16-Dec-2025,Argos,A,44.240320,-60.914330,1330,4514,392,151,,,,,,
260378,260378,UT,03:13:09 16-Dec-2025,Argos,3,44.207720,-60.911050,186,460,74,87,,,,,,
260378,260378,UT,04:50:59 16-Dec-2025,Argos,A,44.209290,-60.928260,674,2831,160,136,,,,,,
260378,260378,UT,07:10:24 16-Dec-2025,Argos,B,44.218190,-60.913270,1587,2300,1094,87,,,,,,
260378,260378,UT,08:46:36 16-Dec-2025,Argos,B,44.202250,-60.917480,1551,9071,265,91,,,,,,
260378,260378,UT,10:27:51 16-Dec-2025,Argos,B,44.186430,-60.935370,1344,8769,206,102,,,,,,
260378,260378,UT,12:13:24 16-Dec-2025,Argos,B,44.180870,-60.933870,1755,3897,790,92,,,,,,
260378,260378,UT,13:12:44 16-Dec-2025,Argos,B,44.184090,-60.929870,1848,4970,687,97,,,,,,
260378,260378,UT,13:48:18 16-Dec-2025,Argos,0,44.168590,-60.858980,4284,33905,541,119,,,,,,
260378,260378,UT,14:51:33 16-Dec-2025,Argos,B,44.156490,-60.821060,8924,13718,5805,103,,,,,,
260378,260378,UT,15:30:19 16-Dec-2025,Argos,0,44.161340,-60.829220,1983,7950,494,32,,,,,,
260378,260378,UT,00:17:31 17-Dec-2025,Argos,B,44.183880,-60.815960,6935,128197,375,46,,,,,,
260378,260378,UT,00:34:00 17-Dec-2025,Argos,1,44.098260,-60.914370,716,3816,134,77,,,,,,
260378,260378,UT,01:15:00 17-Dec-2025,Argos,0,44.078520,-60.935280,1698,9660,298,64,,,,,,
260378,260378,UT,03:01:38 17-Dec-2025,Argos,B,44.096420,-60.944010,6635,14142,3112,84,,,,,,
260378,260378,UT,08:19:09 17-Dec-2025,Argos,B,44.061100,-60.938500,11508,22408,5910,66,,,,,,
260378,260378,UT,09:55:19 17-Dec-2025,Argos,A,44.053040,-60.877630,1762,30287,102,78,,,,,,
260378,260378,UT,13:27:26 17-Dec-2025,Argos,A,44.024560,-60.938590,455,1999,103,151,,,,,,
260378,260378,UT,14:33:53 17-Dec-2025,Argos,B,44.016070,-60.936530,1145,1601,818,96,,,,,,
260378,260378,UT,15:12:10 17-Dec-2025,Argos,1,44.025440,-60.976340,1211,5663,258,133,,,,,,
260378,260378,UT,16:14:19 17-Dec-2025,Argos,B,44.034880,-60.958930,4175,5758,3027,104,,,,,,
260378,260378,UT,17:46:48 17-Dec-2025,Argos,A,44.060900,-60.986180,1982,5728,686,10,,,,,,
260378,260378,UT,00:09:45 18-Dec-2025,Argos,A,44.135290,-60.897770,275,2633,28,72,,,,,,
260378,260378,UT,00:54:10 18-Dec-2025,Argos,A,44.139290,-60.888190,1162,11243,120,84,,,,,,
260378,260378,UT,02:38:45 18-Dec-2025,Argos,B,44.149010,-60.891720,2185,5418,881,64,,,,,,
260378,260378,UT,03:19:53 18-Dec-2025,Argos,A,44.140880,-60.892290,194,419,89,56,,,,,,
260378,260378,UT,04:59:16 18-Dec-2025,Argos,B,44.146720,-60.918220,945,1577,565,21,,,,,,
260378,260378,UT,07:45:53 18-Dec-2025,Argos,2,44.138860,-60.893810,258,459,145,150,,,,,,
260378,260378,UT,09:27:26 18-Dec-2025,Argos,B,44.143200,-60.895260,1310,2040,840,86,,,,,,
260378,260378,UT,11:07:08 18-Dec-2025,Argos,B,44.139000,-60.881230,1372,3587,524,55,,,,,,
260378,260378,UT,13:09:32 18-Dec-2025,Argos,0,44.172700,-60.849540,2761,9071,840,23,,,,,,
260378,260378,UT,14:15:36 18-Dec-2025,Argos,B,44.175150,-60.841980,6315,14490,2752,84,,,,,,
260378,260378,UT,14:47:37 18-Dec-2025,Argos,A,44.173800,-60.790100,353,2141,58,81,,,,,,
260378,260378,UT,15:20:47 18-Dec-2025,Argos,B,44.150610,-60.811950,1126,9311,136,125,,,,,,
260378,260378,UT,16:32:37 18-Dec-2025,Argos,B,44.137660,-60.797440,2055,3106,1359,106,,,,,,
260378,260378,UT,00:00:19 19-Dec-2025,Argos,B,44.065410,-60.720960,5685,7736,4177,92,,,,,,
260378,260378,UT,00:29:29 19-Dec-2025,Argos,A,44.202210,-60.899050,672,3761,120,43,,,,,,
260378,260378,UT,01:31:35 19-Dec-2025,Argos,B,44.176020,-60.887640,1239,3308,464,76,,,,,,
260378,260378,UT,02:33:43 19-Dec-2025,Argos,B,44.183490,-60.917690,1682,6966,406,49,,,,,,
260378,260378,UT,04:12:11 19-Dec-2025,Argos,B,44.234440,-60.872110,1913,15108,242,101,,,,,,
260378,260378,UT,07:16:57 19-Dec-2025,Argos,B,44.277040,-60.826350,3635,11722,1127,106,,,,,,
260378,260378,UT,08:57:05 19-Dec-2025,Argos,1,44.265470,-60.860520,1473,7536,287,123,,,,,,
260378,260378,UT,10:36:55 19-Dec-2025,Argos,B,44.268010,-60.860100,3379,4969,2297,101,,,,,,
260378,260378,UT,12:46:23 19-Dec-2025,Argos,B,44.277820,-60.818020,2358,38462,144,135,,,,,,
260378,260378,UT,13:53:10 19-Dec-2025,Argos,B,44.279570,-60.809620,1747,3446,885,127,,,,,,
260378,260378,UT,14:30:00 19-Dec-2025,Argos,B,44.264840,-60.819550,1577,48072,51,124,,,,,,
260378,260378,UT,14:37:10 19-Dec-2025,Argos,B,44.300300,-60.869870,1204,3590,403,124,,,,,,
260378,260378,UT,16:09:53 19-Dec-2025,Argos,B,44.307690,-60.861010,1614,2413,1079,111,,,,,,
260378,260378,UT,16:15:42 19-Dec-2025,Argos,B,44.283160,-60.875150,836,3715,188,156,,,,,,
260378,260378,UT,17:53:27 19-Dec-2025,Argos,B,44.292900,-60.860530,1548,1856,1290,128,,,,,,
260378,260378,UT,21:02:01 19-Dec-2025,Argos,B,44.237350,-60.896850,1912,6980,523,123,,,,,,
260378,260378,UT,00:15:49 20-Dec-2025,Argos,2,44.234550,-60.910160,407,1026,161,62,,,,,,
260378,260378,UT,00:23:35 20-Dec-2025,Argos,A,44.237920,-60.905230,835,1370,509,162,,,,,,
260378,260378,UT,01:10:54 20-Dec-2025,Argos,B,44.237190,-60.903850,3138,4151,2372,89,,,,,,
260378,260378,UT,01:48:49 20-Dec-2025,Argos,0,44.244860,-60.913180,1976,5873,664,14,,,,,,
260378,260378,UT,01:49:12 20-Dec-2025,Argos,B,44.249340,-60.911390,529,1448,193,152,,,,,,
260378,260378,UT,03:27:05 20-Dec-2025,Argos,0,44.264400,-60.897010,1894,5848,613,54,,,,,,
260378,260378,UT,05:04:49 20-Dec-2025,Argos,B,44.266080,-60.899860,1380,3699,514,110,,,,,,
260378,260378,UT,08:16:20 20-Dec-2025,Argos,A,44.263470,-60.824270,287,1812,45,60,,,,,,
260378,260378,UT,09:55:35 20-Dec-2025,Argos,B,44.236020,-60.808290,988,33196,29,84,,,,,,
260378,260378,UT,12:24:19 20-Dec-2025,Argos,A,44.199800,-60.740110,622,4841,79,115,,,,,,
260378,260378,UT,13:30:49 20-Dec-2025,Argos,B,44.158130,-60.721770,1155,13308,100,93,,,,,,
260378,260378,UT,14:09:11 20-Dec-2025,Argos,B,44.142590,-60.747960,1065,21634,52,103,,,,,,
260378,260378,UT,15:28:34 20-Dec-2025,Argos,A,44.086980,-60.667080,853,4421,164,178,,,,,,
260378,260378,UT,15:51:53 20-Dec-2025,Argos,B,44.103330,-60.660190,1760,3443,899,137,,,,,,
260378,260378,UT,17:07:15 20-Dec-2025,Argos,1,44.076440,-60.685850,549,4168,72,81,,,,,,
260378,260378,UT,18:48:24 20-Dec-2025,Argos,B,44.048030,-60.662080,2363,3554,1570,91,,,,,,
260378,260378,UT,00:00:17 21-Dec-2025,Argos,B,43.974770,-60.618910,4222,5173,3444,100,,,,,,
260378,260378,UT,00:52:37 21-Dec-2025,Argos,A,44.000180,-60.692060,236,1642,33,71,,,,,,
260378,260378,UT,01:06:37 21-Dec-2025,Argos,B,44.005100,-60.688350,1374,2182,864,87,,,,,,
260378,260378,UT,01:31:42 21-Dec-2025,Argos,B,43.995060,-60.691790,1887,2626,1355,85,,,,,,
260378,260378,UT,03:15:57 21-Dec-2025,Argos,B,43.970800,-60.700630,3821,4492,3250,90,,,,,,
260378,260378,UT,04:18:55 21-Dec-2025,Argos,A,44.044200,-60.697500,492,3467,69,93,,,,,,
260378,260378,UT,07:49:25 21-Dec-2025,Argos,B,44.078080,-60.719030,2170,5886,799,40,,,,,,
260378,260378,UT,09:26:49 21-Dec-2025,Argos,A,44.027280,-60.728580,3452,23833,500,58,,,,,,
260378,260378,UT,11:12:50 21-Dec-2025,Argos,B,44.034140,-60.721760,6531,11291,3778,72,,,,,,
260378,260378,UT,12:09:55 21-Dec-2025,Argos,B,44.040780,-60.658300,2759,7808,974,46,,,,,,
260378,260378,UT,13:04:48 21-Dec-2025,Argos,2,44.054200,-60.639660,499,1707,146,124,,,,,,
260378,260378,UT,13:48:12 21-Dec-2025,Argos,A,44.047660,-60.624100,425,3037,59,82,,,,,,
260378,260378,UT,14:42:30 21-Dec-2025,Argos,B,44.047120,-60.571300,708,2620,191,3,,,,,,
260378,260378,UT,15:24:10 21-Dec-2025,Argos,1,44.046150,-60.530510,948,1577,569,118,,,,,,
260378,260378,UT,16:22:55 21-Dec-2025,Argos,2,44.040620,-60.474760,288,629,132,85,,,,,,
260378,260378,UT,18:00:46 21-Dec-2025,Argos,A,44.045960,-60.378680,698,4594,105,79,,,,,,
260378,260378,UT,00:31:47 22-Dec-2025,Argos,B,43.978690,-60.102030,1804,69526,46,87,,,,,,
260378,260378,UT,01:11:32 22-Dec-2025,Argos,3,43.975060,-60.163470,185,716,47,83,,,,,,
260378,260378,UT,01:57:17 22-Dec-2025,Argos,B,43.962050,-60.158990,850,3394,212,150,,,,,,
260378,260378,UT,03:34:47 22-Dec-2025,Argos,A,43.970400,-60.173150,398,3483,45,81,,,,,,
260378,260378,UT,10:40:38 22-Dec-2025,Argos,B,43.893660,-59.993640,2521,4309,1474,103,,,,,,
260378,260378,UT,11:45:18 22-Dec-2025,Argos,B,43.942160,-60.156360,6639,47295,931,96,,,,,,
260378,260378,UT,12:46:09 22-Dec-2025,Argos,B,43.937430,-60.112800,6245,36443,1070,95,,,,,,
260378,260378,UT,13:25:41 22-Dec-2025,Argos,A,43.921550,-60.031600,661,4742,92,137,,,,,,
260378,260378,UT,08:27:22 23-Dec-2025,Argos,A,43.911620,-59.989980,2257,11010,462,170,,,,,,
260378,260378,UT,09:59:27 23-Dec-2025,Argos,B,43.910650,-59.990820,4861,72678,325,122,,,,,,
260378,260378,UT,13:03:28 23-Dec-2025,Argos,2,43.894280,-59.988510,380,1905,75,148,,,,,,
260378,260378,UT,14:07:50 23-Dec-2025,Argos,B,43.884890,-59.968020,1039,1684,640,105,,,,,,
260378,260378,UT,14:45:32 23-Dec-2025,Argos,B,43.884470,-59.966360,1543,3005,792,103,,,,,,
260378,260378,UT,16:28:01 23-Dec-2025,Argos,B,43.892140,-59.998650,1895,2642,1359,27,,,,,,
260378,260378,UT,16:30:32 23-Dec-2025,Argos,A,43.875990,-60.030610,1027,3341,315,81,,,,,,
260378,260378,UT,18:08:12 23-Dec-2025,Argos,B,43.870240,-60.013280,3574,5486,2327,96,,,,,,
260378,260378,UT,20:32:20 23-Dec-2025,Argos,B,43.863540,-59.995150,3847,5129,2886,91,,,,,,
260378,260378,UT,22:17:55 23-Dec-2025,Argos,1,43.888060,-59.985820,702,8411,58,88,,,,,,
260378,260378,UT,22:51:26 23-Dec-2025,Argos,B,43.888410,-59.980790,1390,2251,858,88,,,,,,
260378,260378,UT,23:52:06 23-Dec-2025,Argos,B,43.888970,-60.002030,2118,3509,1278,78,,,,,,
260378,260378,UT,23:55:10 23-Dec-2025,Argos,2,43.890370,-60.015220,321,1202,85,19,,,,,,
260378,260378,UT,00:33:39 24-Dec-2025,Argos,B,43.885270,-60.017960,609,6605,56,104,,,,,,
260378,260378,UT,01:27:19 24-Dec-2025,Argos,B,43.877230,-60.011580,967,1975,473,80,,,,,,
260378,260378,UT,02:03:13 24-Dec-2025,Argos,A,43.878230,-60.013940,387,2145,69,48,,,,,,
260378,260378,UT,02:11:46 24-Dec-2025,Argos,A,43.872770,-60.019780,642,907,454,179,,,,,,
260378,260378,UT,03:45:17 24-Dec-2025,Argos,A,43.882880,-60.017920,431,5511,33,81,,,,,,
260378,260378,UT,05:21:23 24-Dec-2025,Argos,A,43.893620,-60.005390,1872,3953,886,155,,,,,,
260378,260378,UT,07:54:33 24-Dec-2025,Argos,3,43.888470,-59.982160,248,977,62,111,,,,,,
260378,260378,UT,09:30:52 24-Dec-2025,Argos,1,43.887530,-60.003220,540,1623,179,51,,,,,,
260378,260378,UT,11:10:23 24-Dec-2025,Argos,A,43.866660,-59.997990,874,4242,180,8,,,,,,
260378,260378,UT,12:08:32 24-Dec-2025,Argos,B,43.870870,-59.995470,2186,2734,1747,91,,,,,,
260378,260378,UT,12:46:01 24-Dec-2025,Argos,A,43.870950,-59.957010,488,3114,76,62,,,,,,
260378,260378,UT,13:44:39 24-Dec-2025,Argos,B,43.869150,-59.941320,953,3069,296,155,,,,,,
260378,260378,UT,14:21:28 24-Dec-2025,Argos,A,43.875660,-59.955650,255,2270,28,93,,,,,,
260378,260378,UT,15:47:28 24-Dec-2025,Argos,0,43.876810,-59.964160,2332,14596,372,57,,,,,,
260378,260378,UT,16:05:30 24-Dec-2025,Argos,B,43.858230,-59.938440,1683,3938,719,85,,,,,,
260378,260378,UT,17:22:07 24-Dec-2025,Argos,B,43.872610,-59.957460,4659,27100,801,105,,,,,,
260378,260378,UT,19:02:11 24-Dec-2025,Argos,B,43.870780,-59.953740,1890,3605,990,99,,,,,,
260378,260378,UT,00:11:22 25-Dec-2025,Argos,A,43.908670,-59.853290,625,3317,117,166,,,,,,
260378,260378,UT,01:00:25 25-Dec-2025,Argos,B,43.923820,-59.855820,1399,1849,1058,74,,,,,,
260378,260378,UT,01:08:29 25-Dec-2025,Argos,B,43.922000,-59.857320,1220,1770,840,78,,,,,,
260378,260378,UT,01:21:40 25-Dec-2025,Argos,B,43.924530,-59.852510,1195,1835,777,169,,,,,,
260378,260378,UT,01:47:52 25-Dec-2025,Argos,2,43.928360,-59.852890,252,588,108,122,,,,,,
260378,260378,UT,02:55:06 25-Dec-2025,Argos,3,43.933930,-59.837420,195,473,80,71,,,,,,
260378,260378,UT,04:35:28 25-Dec-2025,Argos,3,43.937340,-59.834300,154,281,84,132,,,,,,
260378,260378,UT,08:58:43 25-Dec-2025,Argos,3,43.935540,-59.838990,105,260,42,68,,,,,,
260378,260378,UT,00:48:17 26-Dec-2025,Argos,3,43.937210,-59.839550,162,418,62,88,,,,,,
260378,260378,UT,01:28:02 26-Dec-2025,Argos,3,43.936220,-59.840570,120,256,56,84,,,,,,
260378,260378,UT,02:12:17 26-Dec-2025,Argos,A,43.937600,-59.840140,422,835,213,155,,,,,,
260378,260378,UT,03:50:47 26-Dec-2025,Argos,A,43.936500,-59.851680,113,305,41,97,,,,,,
260378,260378,UT,14:29:02 27-Dec-2025,Argos,A,43.913480,-59.774580,1619,35940,72,101,,,,,,
260378,260378,UT,15:02:22 27-Dec-2025,Argos,A,43.917320,-59.818710,416,1756,98,49,,,,,,
260378,260378,UT,15:08:29 27-Dec-2025,Argos,B,43.919860,-59.829970,1692,2994,955,55,,,,,,
260378,260378,UT,16:46:32 27-Dec-2025,Argos,B,43.905870,-59.830660,3461,7721,1551,2,,,,,,
260378,260378,UT,18:21:56 27-Dec-2025,Argos,B,43.890670,-59.852580,1054,2804,396,92,,,,,,
260378,260378,UT,21:49:28 27-Dec-2025,Argos,2,43.915870,-59.860090,358,907,140,118,,,,,,
260378,260378,UT,23:05:15 27-Dec-2025,Argos,2,43.926440,-59.898820,490,626,384,129,,,,,,
260378,260378,UT,23:27:56 27-Dec-2025,Argos,3,43.928920,-59.910620,134,172,103,121,,,,,,
260378,260378,UT,00:13:31 28-Dec-2025,Argos,1,43.925230,-59.936860,573,3703,88,87,,,,,,
260378,260378,UT,00:50:38 28-Dec-2025,Argos,1,43.922330,-59.919100,873,11610,65,73,,,,,,
260378,260378,UT,01:46:25 28-Dec-2025,Argos,B,43.919050,-59.922180,1951,3037,1253,81,,,,,,
260378,260378,UT,02:19:51 28-Dec-2025,Argos,2,43.929670,-59.891320,272,381,194,90,,,,,,
260378,260378,UT,02:27:03 28-Dec-2025,Argos,2,43.932300,-59.870520,477,591,385,173,,,,,,
260378,260378,UT,03:58:33 28-Dec-2025,Argos,3,43.933840,-59.884580,81,164,39,82,,,,,,
260378,260378,UT,07:28:33 28-Dec-2025,Argos,B,43.943750,-59.865680,1824,2730,1219,76,,,,,,
260378,260378,UT,09:03:03 28-Dec-2025,Argos,1,43.935610,-59.868350,549,1565,192,74,,,,,,
260378,260378,UT,01:01:02 06-Jan-2026,Argos,0,43.924350,-59.936360,2137,25254,180,78,,,,,,
260378,260378,UT,02:06:17 06-Jan-2026,Argos,2,43.939850,-59.882420,442,952,205,109,,,,,,
260378,260378,UT,02:43:47 06-Jan-2026,Argos,B,43.943990,-59.876470,1378,4419,429,43,,,,,,
260378,260378,UT,03:43:47 06-Jan-2026,Argos,3,43.933420,-59.886520,168,572,49,72,,,,,,
260378,260378,UT,07:40:47 06-Jan-2026,Argos,A,43.930830,-59.883990,603,2326,156,119,,,,,,
260378,260378,UT,09:16:47 06-Jan-2026,Argos,1,43.933100,-59.888920,524,8839,31,79,,,,,,
260378,260378,UT,22:40:04 10-Jan-2026,Argos,A,43.958840,-59.782550,102,407,25,96,,,,,,
260378,260378,UT,23:20:34 10-Jan-2026,Argos,B,43.958830,-59.782370,642,2062,199,108,,,,,,
260378,260378,UT,00:58:04 11-Jan-2026,Argos,1,43.960920,-59.775420,617,7665,49,78,,,,,,
260378,260378,UT,02:04:04 19-Jan-2026,Argos,B,43.906380,-59.810130,2360,19793,281,28,,,,,,
260378,260378,UT,03:45:19 19-Jan-2026,Argos,A,43.960290,-59.781060,510,10421,25,81,,,,,,
260378,260378,UT,09:00:19 19-Jan-2026,Argos,3,43.959960,-59.782810,114,518,25,82,,,,,,
260378,260378,UT,00:07:50 27-Jan-2026,Argos,A,43.960110,-59.781490,308,1066,89,49,,,,,,
260378,260378,UT,00:28:50 27-Jan-2026,Argos,3,43.960780,-59.782150,166,897,30,69,,,,,,
260378,260378,UT,02:08:20 27-Jan-2026,Argos,3,43.960970,-59.784240,164,258,103,12,,,,,,
260378,260378,UT,02:36:20 27-Jan-2026,Argos,3,43.960690,-59.782860,100,207,48,97,,,,,,
260378,260378,UT,04:12:20 27-Jan-2026,Argos,3,43.960040,-59.782550,77,149,40,94,,,,,,
260378,260378,UT,08:08:20 27-Jan-2026,Argos,A,43.959290,-59.783550,188,351,100,22,,,,,,
260378,260378,UT,09:43:50 27-Jan-2026,Argos,3,43.959870,-59.783250,85,243,29,89,,,,,,
