DeployID,Ptt,Instr,RecordType,MsgCount,Duplicates,Corrupt,AvgInterval,MinInterval,Date,Satellite,LocationQuality,Latitude,Longitude,Latitude2,Longitude2,IQ,Duration,Frequency,Power
260378,260378,UT,DS,3,0,3,60,60,16:05:28 28-Jan-2024,MC,A,54.8197,-118.8425,43.9622,-60.0336,,,401677745,-126
260378,260378,UT,DS,1,0,1,,,16:05:29 28-Jan-2024,O3,,,,,,,,401650000,-125
260378,260378,UT,DS,10,1,1,,,15:09:34 09-Feb-2024,O3,3,43.9570,-60.0819,43.9570,-60.0819,50,,401677697,-129
260378,260378,UT,DS,8,2,0,,,15:12:11 09-Feb-2024,MC,2,43.9492,-60.0815,,,56,,401677693,-117
260378,260378,UT,DS,6,0,0,131,97,15:43:27 09-Feb-2024,NN,2,43.9682,-60.0804,43.9682,-60.0804,58,,401677696,-120
260378,260378,UT,DS,3,0,0,146,141,15:48:57 09-Feb-2024,NP,A,43.9655,-60.0760,43.9655,-60.0760,6,,401677695,-133
260378,260378,UT,DS,4,0,0,112,72,16:48:34 09-Feb-2024,O3,0,44.0022,-60.0791,,,48,,401677701,-118
260378,260378,UT,DS,4,0,0,140,114,21:20:52 09-Feb-2024,NK,1,44.1098,-60.1055,44.1098,-60.1055,58,,401677697,-132
260378,260378,UT,DS,4,0,0,123,45,21:33:51 09-Feb-2024,A1,3,44.1194,-60.1106,44.1194,-60.1106,56,,401677701,-129
260378,260378,UT,DS,10,1,1,,,21:41:07 09-Feb-2024,CS,3,44.1211,-60.1036,44.1211,-60.1036,56,,401677702,-124
260378,260378,UT,DS,3,0,0,227,210,22:14:33 09-Feb-2024,SR,A,44.1342,-60.1217,44.1342,-60.1217,8,,401677702,-122
260378,260378,UT,DS,1,0,0,,,22:19:28 09-Feb-2024,NP,B,44.1341,-60.1219,44.1341,-60.1219,6,,401677702,-135
260378,260378,UT,DS,6,1,0,,,23:02:32 09-Feb-2024,NK,2,44.1361,-60.1512,44.1361,-60.1512,58,,401677701,-120
260378,260378,UT,DS,4,0,0,127,56,23:05:52 09-Feb-2024,A1,3,44.1328,-60.1496,44.1328,-60.1496,58,,401677701,-127
260378,260378,UT,DS,4,0,0,115,59,23:18:14 09-Feb-2024,MC,2,44.1288,-60.1567,44.1288,-60.1567,56,,401677707,-122
260378,260378,UT,DS,6,0,0,102,56,23:51:56 09-Feb-2024,SR,3,44.1320,-60.1716,44.1320,-60.1716,56,,401677702,-127
260378,260378,UT,DS,3,0,0,146,135,23:51:18 09-Feb-2024,NN,A,44.1326,-60.1624,44.1326,-60.1624,8,,401677703,-135
260378,260378,UT,DS,6,0,0,111,55,23:53:05 09-Feb-2024,NP,3,44.1315,-60.1768,44.1315,-60.1768,56,,401677702,-126
260378,260378,UT,DS,5,0,1,120,45,00:10:26 10-Feb-2024,MB,3,44.1281,-60.1889,44.1281,-60.1889,56,,401677701,-126
260378,260378,UT,DS,4,0,0,132,74,00:39:55 10-Feb-2024,NK,1,44.1300,-60.2094,44.1300,-60.2094,56,,401677704,-132
260378,260378,UT,DS,12,2,1,,,00:54:32 10-Feb-2024,MC,1,44.1278,-60.2230,44.1278,-60.2230,56,,401677701,-114
260378,260378,UT,DS,8,0,1,102,48,01:31:19 10-Feb-2024,NN,3,44.1233,-60.2447,44.1233,-60.2447,58,,401677702,-125
260378,260378,UT,DS,6,0,0,118,67,01:34:36 10-Feb-2024,NP,3,44.1263,-60.2466,44.1263,-60.2466,56,,401677700,-127
260378,260378,UT,DS,2,0,1,159,159,01:45:46 10-Feb-2024,MB,B,44.1277,-60.2513,44.1277,-60.2513,6,,401677702,-129
260378,260378,UT,DS,5,0,1,113,73,02:25:05 10-Feb-2024,O3,2,44.1161,-60.2798,44.1161,-60.2798,58,,401677704,-128
260378,260378,UT,DS,3,0,0,127,115,02:39:33 10-Feb-2024,MC,A,44.1160,-60.2929,44.1160,-60.2929,8,,401677702,-126
260378,260378,UT,DS,5,0,0,153,89,11:17:20 10-Feb-2024,NK,2,44.1340,-60.6429,44.1340,-60.6429,56,,401677708,-125
260378,260378,UT,DS,2,0,0,89,89,11:10:57 10-Feb-2024,SR,B,44.1372,-60.6611,44.1372,-60.6611,8,,401677706,-131
260378,260378,UT,DS,3,0,1,188,184,11:23:35 10-Feb-2024,CS,A,44.1360,-60.6466,44.1360,-60.6466,6,,401677707,-130
260378,260378,UT,DS,8,1,0,,,12:14:32 10-Feb-2024,NP,3,44.1318,-60.6808,44.1318,-60.6808,58,,401677712,-127
260378,260378,UT,DS,6,1,0,,,12:53:13 10-Feb-2024,NK,2,44.1169,-60.6538,44.1169,-60.6538,58,,401677713,-125
260378,260378,UT,DS,6,0,0,146,123,13:11:36 10-Feb-2024,MC,3,44.1068,-60.6530,44.1068,-60.6530,56,,401677720,-133
260378,260378,UT,DS,3,0,0,168,144,13:56:56 10-Feb-2024,NN,A,44.1005,-60.6470,44.1005,-60.6470,6,,401677709,-125
260378,260378,UT,DS,6,1,0,,,13:53:45 10-Feb-2024,NP,2,44.0991,-60.6350,44.0991,-60.6350,58,,401677712,-118
260378,260378,UT,DS,6,0,0,126,51,14:00:07 10-Feb-2024,MB,0,44.0961,-60.6524,44.0961,-60.6524,56,,401677710,-128
260378,260378,UT,DS,1,0,1,,,14:33:40 10-Feb-2024,NK,B,44.0937,-60.6600,44.0937,-60.6600,8,,401677708,-137
260378,260378,UT,DS,7,1,1,,,14:52:18 10-Feb-2024,MC,2,44.0834,-60.6253,44.0834,-60.6253,46,,401677715,-116
260378,260378,UT,DS,5,0,1,196,93,15:28:24 10-Feb-2024,NN,1,44.0930,-60.6246,44.0930,-60.6246,58,,401677717,-124
260378,260378,UT,DS,4,0,1,118,45,15:36:22 10-Feb-2024,NP,0,44.0833,-60.6207,44.0833,-60.6207,46,,401677714,-130
260378,260378,UT,DS,1,0,0,,,15:46:34 10-Feb-2024,MB,B,44.0831,-60.6210,44.0831,-60.6210,6,,401677715,-135
260378,260378,UT,DS,6,0,1,60,45,16:05:30 10-Feb-2024,O3,2,44.0765,-60.6086,44.0765,-60.6086,46,,401677714,-120
260378,260378,UT,DS,1,0,0,,,16:38:19 10-Feb-2024,MC,B,44.0782,-60.6133,44.0782,-60.6133,8,,401677705,-132
260378,260378,UT,DS,2,0,0,189,189,21:04:22 10-Feb-2024,CS,B,44.0072,-60.6704,44.0072,-60.6704,8,,401677705,-129
260378,260378,UT,DS,3,0,0,208,204,21:44:21 10-Feb-2024,SR,A,44.0431,-60.7781,44.0431,-60.7781,8,,401677708,-126
260378,260378,UT,DS,1,0,0,,,22:04:05 10-Feb-2024,NP,B,44.0479,-60.7980,44.0479,-60.7980,6,,401677709,-138
260378,260378,UT,DS,4,0,0,179,159,22:36:53 10-Feb-2024,NK,1,44.0583,-60.8137,44.0583,-60.8137,58,,401677708,-121
260378,260378,UT,DS,2,0,0,159,159,22:39:53 10-Feb-2024,CS,B,44.0579,-60.8112,44.0579,-60.8112,6,,401677708,-132
260378,260378,UT,DS,3,0,1,175,153,22:44:00 10-Feb-2024,A1,A,44.0603,-60.8118,44.0603,-60.8118,8,,401677709,-127
260378,260378,UT,DS,1,0,0,,,23:02:08 10-Feb-2024,MC,B,44.0584,-60.8449,44.0584,-60.8449,8,,401677706,-124
260378,260378,UT,DS,3,0,0,148,130,23:19:55 10-Feb-2024,SR,A,44.0651,-60.8281,44.0651,-60.8281,6,,401677707,-121
260378,260378,UT,DS,1,0,0,,,23:40:28 10-Feb-2024,NN,B,44.0705,-60.8489,44.0705,-60.8489,6,,401677709,-140
260378,260378,UT,DS,3,0,0,224,221,23:44:24 10-Feb-2024,MB,A,44.0712,-60.8429,44.0712,-60.8429,,,401677712,-132
260378,260378,UT,DS,3,0,0,224,221,23:44:24 10-Feb-2024,NP,A,44.0743,-60.8481,44.0743,-60.8481,6,,401677712,-122
260378,260378,UT,DS,3,0,0,252,235,00:12:44 11-Feb-2024,NK,A,44.0743,-60.8547,44.0743,-60.8547,6,,401677712,-133
260378,260378,UT,DS,4,0,0,188,47,00:35:28 11-Feb-2024,MC,2,44.0737,-60.8699,44.0737,-60.8699,56,,401677710,-114
260378,260378,UT,DS,5,0,0,130,93,01:21:17 11-Feb-2024,NN,3,44.0709,-60.8752,44.0709,-60.8752,58,,401677709,-121
260378,260378,UT,DS,3,0,1,129,99,01:24:56 11-Feb-2024,MB,A,44.4194,-60.0257,40.9969,-78.1810,46,,401677710,-130
260378,260378,UT,DS,2,0,0,159,159,01:25:56 11-Feb-2024,NP,B,44.0626,-60.7331,44.0626,-60.7331,6,,401677730,-124
260378,260378,UT,DS,2,0,0,183,183,01:41:07 11-Feb-2024,O3,B,44.0182,-60.7905,44.0182,-60.7905,6,,401677747,-135
260378,260378,UT,DS,4,0,1,129,96,02:19:09 11-Feb-2024,MC,1,44.0551,-60.9229,44.0551,-60.9229,48,,401677710,-125
260378,260378,UT,DS,2,0,0,203,203,02:56:17 11-Feb-2024,NN,B,44.0489,-60.9514,44.0489,-60.9514,8,,401677707,-132
260378,260378,UT,DS,2,0,0,224,224,12:04:55 11-Feb-2024,NP,B,44.0044,-61.2419,44.0044,-61.2419,8,,401677727,-134
260378,260378,UT,DS,4,0,0,194,107,12:31:12 11-Feb-2024,NK,1,43.9888,-61.2794,43.9888,-61.2794,56,,401677715,-124
260378,260378,UT,DS,3,0,0,67,58,13:00:17 11-Feb-2024,MC,A,43.9920,-61.3057,43.9920,-61.3057,6,,401677713,-124
260378,260378,UT,DS,1,0,0,,,13:39:47 11-Feb-2024,NN,B,43.9933,-61.3283,43.9933,-61.3283,8,,401677721,-130
260378,260378,UT,DS,8,0,0,116,46,13:39:47 11-Feb-2024,NP,0,43.9766,-61.2150,,,40,,401677719,-122
260378,260378,UT,DS,5,1,0,,,13:43:33 11-Feb-2024,MB,2,43.9967,-61.2846,43.9967,-61.2846,56,,401677722,-126
260378,260378,UT,DS,1,0,0,,,14:05:16 11-Feb-2024,NK,B,43.9975,-61.2844,,,6,,401677720,-131
260378,260378,UT,DS,5,0,0,121,58,14:31:20 11-Feb-2024,MC,2,43.9913,-61.2737,43.9913,-61.2737,58,,401677718,-116
260378,260378,UT,DS,8,0,0,100,45,15:24:52 11-Feb-2024,NN,1,43.9847,-61.2616,43.9829,-61.2558,56,,401677717,-120
260378,260378,UT,DS,8,1,0,,,15:17:19 11-Feb-2024,O3,2,43.9835,-61.2699,43.9835,-61.2699,58,,401677718,-131
260378,260378,UT,DS,4,0,3,185,94,15:19:18 11-Feb-2024,MB,3,43.9939,-61.2627,43.9939,-61.2627,56,,401677720,-133
260378,260378,UT,DS,7,0,0,73,45,15:24:59 11-Feb-2024,NP,2,43.9849,-61.2628,43.9849,-61.2628,56,,401677719,-129
260378,260378,UT,DS,4,0,1,85,61,16:14:57 11-Feb-2024,MC,0,43.9916,-61.2412,,,58,,401677726,-127
260378,260378,UT,DS,7,0,0,74,45,16:57:47 11-Feb-2024,O3,3,43.9672,-61.2677,,,56,,401677717,-118
260378,260378,UT,DS,5,0,0,64,45,16:56:57 11-Feb-2024,NN,1,43.9678,-61.2467,43.9678,-61.2467,58,,401677721,-128
260378,260378,UT,DS,3,0,1,270,255,21:05:04 11-Feb-2024,SR,A,43.9324,-61.3255,43.9324,-61.3255,8,,401677718,-133
260378,260378,UT,DS,3,0,0,141,95,21:56:00 11-Feb-2024,CS,A,43.9309,-61.3274,43.9309,-61.3274,8,,401677724,-126
260378,260378,UT,DS,2,0,0,451,451,22:07:40 11-Feb-2024,NK,B,43.9143,-61.3523,43.9143,-61.3523,8,,401677723,-130
260378,260378,UT,DS,5,0,0,69,46,22:26:24 11-Feb-2024,A1,1,43.9511,-61.3623,43.9511,-61.3623,56,,401677718,-116
260378,260378,UT,DS,1,0,0,,,22:39:33 11-Feb-2024,MC,B,43.9486,-61.3631,43.9486,-61.3631,6,,401677718,-133
260378,260378,UT,DS,6,0,0,80,52,22:54:03 11-Feb-2024,SR,3,43.9577,-61.3768,43.9577,-61.3768,56,,401677716,-118
260378,260378,UT,DS,2,0,0,357,357,23:25:53 11-Feb-2024,MB,B,43.9573,-61.3774,43.9573,-61.3774,8,,401677721,-129
260378,260378,UT,DS,1,0,0,,,23:28:29 11-Feb-2024,NN,B,43.9559,-61.3763,43.9559,-61.3763,6,,401677721,-137
260378,260378,UT,DS,5,1,1,,,23:29:25 11-Feb-2024,NP,2,43.9586,-61.3830,43.9586,-61.3830,56,,401677719,-130
260378,260378,UT,DS,3,0,0,218,210,23:50:55 11-Feb-2024,NK,A,43.9616,-61.3802,43.9616,-61.3802,6,,401677719,-125
260378,260378,UT,DS,1,0,0,,,23:54:35 11-Feb-2024,A1,B,43.9542,-61.3848,43.9542,-61.3848,6,,401677719,-133
260378,260378,UT,DS,4,0,1,170,138,00:14:54 12-Feb-2024,MC,3,43.9607,-61.3889,43.9607,-61.3889,66,,401677717,-118
260378,260378,UT,DS,1,0,0,,,01:07:11 12-Feb-2024,MB,B,43.9616,-61.3882,43.9616,-61.3882,8,,401677719,-125
260378,260378,UT,DS,2,0,0,178,178,01:08:40 12-Feb-2024,NN,B,43.9524,-61.4214,43.9524,-61.4214,8,,401677722,-125
260378,260378,UT,DS,2,0,0,389,389,01:13:13 12-Feb-2024,NP,B,43.9554,-61.4224,43.9554,-61.4224,6,,401677716,-137
260378,260378,UT,DS,2,0,1,400,400,01:58:18 12-Feb-2024,MC,B,43.9489,-61.4335,43.9489,-61.4335,8,,401677715,-121
260378,260378,UT,DS,2,0,0,203,203,02:35:09 12-Feb-2024,O3,B,43.9437,-61.4392,43.9437,-61.4392,8,,401677717,-123
260378,260378,UT,DS,4,0,0,182,130,02:48:48 12-Feb-2024,NN,3,43.9419,-61.4370,43.9419,-61.4370,66,,401677717,-128
260378,260378,UT,DS,1,0,0,,,12:09:38 12-Feb-2024,NK,B,43.8419,-61.5464,43.8419,-61.5464,8,,401677714,-133
260378,260378,UT,DS,2,0,0,195,195,12:32:00 12-Feb-2024,MC,B,43.9244,-61.4912,43.9244,-61.4912,6,,401677702,-130
260378,260378,UT,DS,4,0,1,162,50,13:21:18 12-Feb-2024,MB,2,43.9542,-61.5255,43.9542,-61.5255,57,,401677707,-131
260378,260378,UT,DS,1,0,1,,,13:26:28 12-Feb-2024,NN,B,43.9544,-61.5274,43.9544,-61.5274,6,,401677718,-137
260378,260378,UT,DS,4,0,0,224,144,13:30:11 12-Feb-2024,NP,1,43.9586,-61.5416,43.9586,-61.5416,56,,401677718,-121
260378,260378,UT,DS,1,0,0,,,13:40:12 12-Feb-2024,NK,B,43.9592,-61.5448,43.9592,-61.5448,6,,401677714,-130
260378,260378,UT,DS,6,0,0,113,47,14:13:11 12-Feb-2024,MC,0,43.9407,-61.4491,43.9407,-61.4491,47,,401677723,-114
260378,260378,UT,DS,2,0,0,155,155,14:57:23 12-Feb-2024,MB,B,43.9114,-61.4685,43.9114,-61.4685,7,,401677733,-131
260378,260378,UT,DS,4,0,0,160,53,15:09:38 12-Feb-2024,NN,1,43.9561,-61.4878,43.9561,-61.4878,56,,401677720,-119
260378,260378,UT,DS,4,0,0,179,138,15:12:32 12-Feb-2024,NP,2,43.9746,-61.5274,43.9746,-61.5274,56,,401677722,-132
260378,260378,UT,DS,3,0,0,121,45,15:54:05 12-Feb-2024,MC,A,43.9459,-61.5271,43.9459,-61.5271,8,,401677713,-123
260378,260378,UT,DS,3,0,0,235,167,16:13:44 12-Feb-2024,O3,A,43.9667,-61.5224,43.9667,-61.5224,6,,401677719,-120
260378,260378,UT,DS,3,0,0,185,97,16:49:58 12-Feb-2024,NN,A,43.9524,-61.5174,43.9524,-61.5174,8,,401677715,-129
260378,260378,UT,DS,3,0,0,167,55,21:48:42 12-Feb-2024,NK,A,43.9205,-61.6961,43.9205,-61.6961,8,,401677710,-132
260378,260378,UT,DS,2,0,0,195,195,22:01:39 12-Feb-2024,A1,B,43.8858,-61.6627,43.8858,-61.6627,8,,401677698,-131
260378,260378,UT,DS,8,3,0,,,22:15:54 12-Feb-2024,SR,2,43.9151,-61.6607,43.9151,-61.6607,56,,401677716,-120
260378,260378,UT,DS,2,0,0,127,127,23:21:24 12-Feb-2024,NP,B,43.9132,-61.6914,43.9132,-61.6914,8,,401677710,-129
260378,260378,UT,DS,2,0,0,391,391,23:25:43 12-Feb-2024,NK,B,43.9038,-61.6910,43.9038,-61.6910,6,,401677715,-124
260378,260378,UT,DS,2,0,0,272,272,23:38:52 12-Feb-2024,A1,B,43.8872,-61.7004,43.8872,-61.7004,6,,401677712,-131
260378,260378,UT,DS,8,2,1,,,23:57:41 12-Feb-2024,SR,2,43.8849,-61.7153,43.8849,-61.7153,56,,401677714,-127
260378,260378,UT,DS,6,0,1,77,60,23:59:48 12-Feb-2024,MC,3,43.8889,-61.7254,43.8889,-61.7254,56,,401677716,-120
260378,260378,UT,DS,3,0,2,137,77,00:47:50 13-Feb-2024,MB,A,43.8809,-61.7578,43.8809,-61.7578,8,,401677718,-126
260378,260378,UT,DS,3,0,1,285,80,00:53:39 13-Feb-2024,NN,A,43.8839,-61.7523,43.8839,-61.7523,6,,401677719,-129
260378,260378,UT,DS,6,0,1,91,45,00:59:53 13-Feb-2024,NP,2,43.8833,-61.7394,43.8833,-61.7394,56,,401677719,-120
260378,260378,UT,DS,1,0,0,,,01:07:30 13-Feb-2024,NK,B,43.8812,-61.7412,43.8812,-61.7412,6,,401677719,-131
260378,260378,UT,DS,5,0,0,139,95,01:36:52 13-Feb-2024,MC,3,43.8767,-61.7483,43.8767,-61.7483,58,,401677719,-120
260378,260378,UT,DS,2,0,1,131,131,01:48:19 13-Feb-2024,O3,B,43.8720,-61.7550,43.8720,-61.7550,6,,401677719,-135
260378,260378,UT,DS,5,0,0,104,57,02:34:29 13-Feb-2024,NN,3,43.8672,-61.7637,43.8672,-61.7637,58,,401677718,-120
260378,260378,UT,DS,2,0,0,167,167,12:57:20 13-Feb-2024,MB,B,43.8189,-61.9326,43.8189,-61.9326,8,,401677722,-127
260378,260378,UT,DS,3,0,0,160,124,13:20:48 13-Feb-2024,NK,A,43.8175,-61.9109,43.8175,-61.9109,6,,401677720,-130
260378,260378,UT,DS,2,0,0,371,371,13:21:13 13-Feb-2024,NP,B,43.8214,-61.9144,43.8214,-61.9144,6,,401677722,-122
260378,260378,UT,DS,5,0,0,168,58,13:50:09 13-Feb-2024,MC,2,43.8229,-61.9154,43.8229,-61.9154,56,,401677722,-116
260378,260378,UT,DS,3,0,0,179,175,14:39:19 13-Feb-2024,MB,A,43.8249,-61.9325,43.8249,-61.9325,8,,401677726,-131
260378,260378,UT,DS,3,0,0,184,79,14:56:48 13-Feb-2024,NN,A,43.8235,-61.9500,43.8235,-61.9500,6,,401677723,-119
260378,260378,UT,DS,3,0,0,241,79,14:58:38 13-Feb-2024,NP,A,43.8098,-61.9391,43.8098,-61.9391,6,,401677719,-134
260378,260378,UT,DS,9,2,0,,,15:28:30 13-Feb-2024,O3,2,43.8141,-61.9468,43.8141,-61.9468,56,,401677724,-128
260378,260378,UT,DS,6,0,0,101,45,15:30:19 13-Feb-2024,MC,2,43.8033,-61.9170,43.8033,-61.9170,57,,401677727,-119
260378,260378,UT,DS,7,1,2,,,16:35:01 13-Feb-2024,NN,3,43.8067,-61.9393,43.8067,-61.9393,58,,401677726,-126
260378,260378,UT,DS,1,0,0,,,17:00:42 13-Feb-2024,O3,B,43.8035,-61.9412,43.8035,-61.9412,6,,401677725,-137
260378,260378,UT,DS,4,0,0,90,45,21:41:19 13-Feb-2024,A1,2,43.7248,-61.9560,,,58,,401677718,-132
260378,260378,UT,DS,10,3,2,,,21:46:02 13-Feb-2024,SR,2,43.7237,-61.9519,,,46,,401677718,-122
260378,260378,UT,DS,5,0,0,99,64,22:16:15 13-Feb-2024,CS,2,43.7141,-61.9532,43.7141,-61.9532,58,,401677719,-132
260378,260378,UT,DS,5,0,0,203,45,22:58:20 13-Feb-2024,NK,0,43.7086,-61.9541,43.7086,-61.9541,58,,401677719,-119
260378,260378,UT,DS,3,0,0,221,213,23:06:46 13-Feb-2024,NP,A,43.7115,-61.9502,43.7115,-61.9502,6,,401677718,-125
260378,260378,UT,DS,3,0,0,207,202,23:12:21 13-Feb-2024,A1,A,43.7064,-61.9480,43.7064,-61.9480,6,,401677718,-131
260378,260378,UT,DS,5,0,0,132,80,23:24:12 13-Feb-2024,SR,2,43.7092,-61.9504,43.7092,-61.9504,56,,401677721,-122
260378,260378,UT,DS,3,0,1,159,150,00:28:06 14-Feb-2024,MB,A,43.6973,-61.9202,43.6973,-61.9202,8,,401677719,-127
260378,260378,UT,DS,3,0,1,94,81,00:39:20 14-Feb-2024,NK,A,43.6989,-61.9052,43.6989,-61.9052,6,,401677719,-125
260378,260378,UT,DS,5,0,1,95,66,00:41:50 14-Feb-2024,NN,1,43.6970,-61.9322,43.6970,-61.9322,56,,401677717,-125
260378,260378,UT,DS,7,0,1,106,52,00:45:38 14-Feb-2024,NP,1,43.7022,-61.9102,43.7022,-61.9102,56,,401677716,-121
260378,260378,UT,DS,10,3,2,,,01:15:49 14-Feb-2024,MC,3,43.7016,-61.9257,43.7016,-61.9257,58,,401677719,-114
260378,260378,UT,DS,2,0,0,45,45,12:01:26 14-Feb-2024,CS,B,43.6516,-61.9522,43.6516,-61.9522,8,,401677710,-128
260378,260378,UT,DS,4,0,0,190,57,13:05:44 14-Feb-2024,NP,1,43.7401,-61.9967,43.7401,-61.9967,47,,401677735,-125
260378,260378,UT,DS,4,0,0,207,100,13:31:43 14-Feb-2024,MC,0,43.7226,-62.0190,43.7226,-62.0190,46,,401677732,-116
260378,260378,UT,DS,1,0,1,,,14:28:52 14-Feb-2024,MB,B,43.7411,-62.0332,43.7411,-62.0332,8,,401677722,-133
260378,260378,UT,DS,6,0,1,105,45,14:42:16 14-Feb-2024,NN,1,43.7213,-61.9985,43.7213,-61.9985,46,,401677736,-124
260378,260378,UT,DS,2,0,1,45,45,14:42:18 14-Feb-2024,O3,B,43.7214,-61.9983,43.7214,-61.9983,,,401677735,-130
260378,260378,UT,DS,6,0,1,107,49,14:48:53 14-Feb-2024,NP,1,43.7409,-61.9689,43.7409,-61.9689,46,,401677736,-121
260378,260378,UT,DS,4,0,0,118,45,15:11:42 14-Feb-2024,MC,2,43.7182,-61.9680,43.7182,-61.9680,56,,401677733,-121
260378,260378,UT,DS,2,0,0,45,45,16:23:13 14-Feb-2024,O3,B,43.7180,-61.9628,43.7180,-61.9628,,,401677740,-121
260378,260378,UT,DS,4,0,0,130,45,16:23:13 14-Feb-2024,NN,2,43.7045,-61.9648,43.7045,-61.9648,58,,401677731,-123
260378,260378,UT,DS,1,0,0,,,16:29:23 14-Feb-2024,NP,B,43.7062,-61.9652,43.7062,-61.9652,6,,401677735,-136
260378,260378,UT,DS,3,0,0,92,45,21:39:03 14-Feb-2024,CS,A,43.6550,-61.9491,43.6550,-61.9491,8,,401677718,-129
260378,260378,UT,DS,3,0,0,146,106,22:32:21 14-Feb-2024,NK,A,43.6307,-61.9768,43.6307,-61.9768,8,,401677719,-123
260378,260378,UT,DS,3,0,0,197,184,22:51:43 14-Feb-2024,A1,A,43.6323,-61.9731,43.6323,-61.9731,8,,401677718,-125
260378,260378,UT,DS,6,0,0,91,45,22:55:11 14-Feb-2024,SR,2,43.6324,-61.9787,43.6324,-61.9787,56,,401677718,-119
260378,260378,UT,DS,4,0,0,159,90,22:54:56 14-Feb-2024,NP,2,43.6329,-61.9932,43.6329,-61.9932,58,,401677717,-131
260378,260378,UT,DS,7,0,1,82,45,23:15:05 14-Feb-2024,MC,1,43.6322,-61.9734,43.6322,-61.9734,46,,401677720,-122
260378,260378,UT,DS,2,0,0,81,81,00:15:14 15-Feb-2024,NK,B,43.6325,-61.9909,43.6325,-61.9909,8,,401677714,-126
260378,260378,UT,DS,2,0,0,91,91,00:23:21 15-Feb-2024,A1,B,43.6363,-61.9957,43.6363,-61.9957,8,,401677720,-134
260378,260378,UT,DS,2,0,0,93,93,00:29:14 15-Feb-2024,NN,B,43.6309,-61.9925,43.6309,-61.9925,6,,401677719,-128
260378,260378,UT,DS,2,0,1,93,93,00:30:01 15-Feb-2024,SR,B,43.6305,-61.9936,43.6305,-61.9936,6,,401677713,-137
260378,260378,UT,DS,2,0,1,657,657,00:30:49 15-Feb-2024,NP,B,43.6164,-62.0126,43.6164,-62.0126,6,,401677718,-121
260378,260378,UT,DS,2,0,0,274,274,00:55:46 15-Feb-2024,MC,B,43.6284,-62.0146,43.6284,-62.0146,6,,401677725,-115
260378,260378,UT,DS,3,0,1,121,108,01:42:49 15-Feb-2024,MB,A,43.6277,-62.0624,43.6277,-62.0624,8,,401677706,-127
260378,260378,UT,DS,1,0,0,,,01:54:46 15-Feb-2024,O3,B,43.6279,-62.0641,43.6279,-62.0641,6,,401677705,-132
260378,260378,UT,DS,7,0,1,106,45,02:08:10 15-Feb-2024,NN,1,43.6256,-62.0593,43.6256,-62.0593,56,,401677716,-122
260378,260378,UT,DS,1,0,1,,,02:16:00 15-Feb-2024,NP,B,43.6209,-62.0586,43.6209,-62.0586,6,,401677713,-136
260378,260378,UT,DS,2,0,1,247,247,12:27:01 15-Feb-2024,NK,B,43.5645,-61.9554,43.5645,-61.9554,8,,401677720,-122
260378,260378,UT,DS,1,0,0,,,13:01:52 15-Feb-2024,NP,B,43.5592,-61.9652,43.5592,-61.9652,7,,401677703,-135
260378,260378,UT,DS,2,0,1,349,349,13:12:20 15-Feb-2024,MC,B,43.5625,-61.9635,43.5625,-61.9635,6,,401677740,-118
260378,260378,UT,DS,1,0,0,,,14:04:25 15-Feb-2024,NK,B,43.5662,-61.9618,43.5662,-61.9618,,,401677732,-135
260378,260378,UT,DS,1,0,0,,,14:04:25 15-Feb-2024,MB,B,43.5636,-61.9693,43.5636,-61.9693,8,,401677733,-126
260378,260378,UT,DS,1,0,0,,,14:30:24 15-Feb-2024,NN,B,43.5673,-61.9557,43.5673,-61.9557,6,,401677732,-133
260378,260378,UT,DS,1,0,0,,,14:35:47 15-Feb-2024,NP,B,43.5676,-61.9547,43.5676,-61.9547,6,,401677732,-126
260378,260378,UT,DS,3,0,1,179,45,14:51:23 15-Feb-2024,MC,A,43.5500,-61.9524,43.5500,-61.9524,6,,401677727,-120
260378,260378,UT,DS,2,0,0,299,299,15:36:32 15-Feb-2024,O3,B,43.5512,-61.9554,43.5512,-61.9554,8,,401677725,-127
260378,260378,UT,DS,4,0,0,146,67,16:12:03 15-Feb-2024,NN,3,43.5642,-61.9278,43.5642,-61.9278,58,,401677729,-122
260378,260378,UT,DS,1,0,1,,,16:34:02 15-Feb-2024,MC,B,43.5670,-61.9256,43.5670,-61.9256,6,,401677727,-131
260378,260378,UT,DS,4,0,0,105,45,22:08:12 15-Feb-2024,NK,3,43.5115,-61.9873,43.5115,-61.9873,58,,401677720,-123
260378,260378,UT,DS,3,0,0,174,92,22:24:33 15-Feb-2024,SR,A,43.5072,-61.9942,43.5072,-61.9942,8,,401677717,-124
260378,260378,UT,DS,3,0,0,163,46,22:27:56 15-Feb-2024,A1,A,43.5146,-61.9915,43.5146,-61.9915,6,,401677721,-120
260378,260378,UT,DS,3,0,0,143,45,22:32:56 15-Feb-2024,CS,A,43.5231,-61.9767,43.5231,-61.9767,6,,401677719,-130
260378,260378,UT,DS,2,0,0,411,411,22:43:14 15-Feb-2024,NP,B,43.5152,-61.9886,43.5152,-61.9886,6,,401677718,-137
260378,260378,UT,DS,2,0,0,217,217,22:56:21 15-Feb-2024,MC,B,43.5145,-62.0048,43.5145,-62.0048,6,,401677714,-132
260378,260378,UT,DS,2,0,2,177,177,00:05:52 16-Feb-2024,SR,B,43.4902,-62.0160,43.4902,-62.0160,8,,401677717,-131
260378,260378,UT,DS,2,0,0,193,193,00:17:25 16-Feb-2024,NN,B,43.4882,-62.0027,43.4882,-62.0027,6,,401677729,-133
260378,260378,UT,DS,4,0,0,134,71,00:21:58 16-Feb-2024,NP,2,43.5034,-62.0224,43.5034,-62.0224,56,,401677721,-120
260378,260378,UT,DS,5,1,0,,,00:31:44 16-Feb-2024,MC,1,43.5119,-62.0196,43.5119,-62.0196,56,,401677723,-115
260378,260378,UT,DS,8,0,3,100,45,01:21:31 16-Feb-2024,MB,2,43.5128,-62.0330,43.5128,-62.0330,58,,401677720,-126
260378,260378,UT,DS,3,0,0,68,62,12:01:23 16-Feb-2024,NK,A,43.5022,-61.9608,43.5022,-61.9608,8,,401677728,-121
260378,260378,UT,DS,4,0,1,162,83,12:42:17 16-Feb-2024,NP,0,43.5171,-61.9911,43.5171,-61.9911,48,,401677739,-129
260378,260378,UT,DS,3,0,0,186,83,12:49:43 16-Feb-2024,MC,A,43.5225,-62.0108,43.5225,-62.0108,6,,401677734,-120
260378,260378,UT,DS,1,0,0,,,13:44:12 16-Feb-2024,MB,B,43.5218,-62.0120,43.5218,-62.0120,8,,401677726,-130
260378,260378,UT,DS,2,0,0,145,145,14:25:18 16-Feb-2024,NP,B,43.5302,-62.0066,43.5302,-62.0066,8,,401677733,-129
260378,260378,UT,DS,1,0,0,,,15:58:13 16-Feb-2024,NN,B,43.5166,-62.0224,43.5166,-62.0224,8,,401677744,-125
260378,260378,UT,DS,2,0,0,153,153,16:29:56 16-Feb-2024,O3,B,43.4793,-62.0210,43.4793,-62.0210,8,,401677736,-118
260378,260378,UT,DS,2,0,0,105,105,21:40:40 16-Feb-2024,NK,B,43.3604,-62.1016,43.3604,-62.1016,8,,401677739,-125
260378,260378,UT,DS,4,0,1,134,45,21:49:49 16-Feb-2024,CS,0,43.4059,-62.0557,43.4059,-62.0557,46,,401677724,-126
260378,260378,UT,DS,2,0,0,74,74,21:52:41 16-Feb-2024,SR,B,43.3923,-62.0440,43.3923,-62.0440,6,,401677714,-122
260378,260378,UT,DS,5,0,0,110,56,22:07:52 16-Feb-2024,A1,2,43.3898,-62.0199,43.3898,-62.0199,56,,401677724,-127
260378,260378,UT,DS,1,0,0,,,22:40:06 16-Feb-2024,MC,B,43.3751,-62.0259,43.3751,-62.0259,8,,401677726,-132
260378,260378,UT,DS,6,0,1,135,69,23:23:23 16-Feb-2024,NK,2,43.3570,-62.0181,43.3570,-62.0181,58,,401677718,-123
260378,260378,UT,DS,5,0,1,140,69,23:31:52 16-Feb-2024,SR,2,43.3508,-62.0182,43.3508,-62.0182,56,,401677718,-130
260378,260378,UT,DS,1,0,0,,,23:28:54 16-Feb-2024,MB,B,43.3601,-62.0300,43.3601,-62.0300,8,,401677716,-133
260378,260378,UT,DS,1,0,0,,,23:39:42 16-Feb-2024,A1,B,43.3472,-62.0188,43.3472,-62.0188,6,,401677717,-129
260378,260378,UT,DS,5,0,0,123,80,00:07:15 17-Feb-2024,NP,2,43.3301,-62.0154,43.3301,-62.0154,56,,401677718,-132
260378,260378,UT,DS,4,0,0,152,142,00:13:01 17-Feb-2024,MC,3,43.3304,-62.0162,43.3304,-62.0162,66,,401677719,-118
260378,260378,UT,DS,2,0,1,148,148,01:02:16 17-Feb-2024,NK,B,43.3177,-62.0177,43.3177,-62.0177,6,,401677722,-131
260378,260378,UT,DS,4,0,1,132,48,01:01:02 17-Feb-2024,MB,1,43.3191,-62.0130,43.3191,-62.0130,58,,401677720,-125
260378,260378,UT,DS,6,1,0,,,01:43:35 17-Feb-2024,NN,2,43.3095,-62.0242,43.3095,-62.0242,58,,401677719,-118
260378,260378,UT,DS,6,0,1,138,45,01:57:20 17-Feb-2024,NP,1,43.3075,-62.0035,43.3075,-62.0035,56,,401677720,-125
260378,260378,UT,DS,6,1,1,,,01:54:04 17-Feb-2024,MC,2,43.3129,-62.0112,43.3129,-62.0112,56,,401677719,-116
260378,260378,UT,DS,3,0,0,45,45,02:00:16 17-Feb-2024,O3,A,43.3062,-62.0080,43.3062,-62.0080,6,,401677721,-132
260378,260378,UT,DS,3,0,0,182,181,12:32:39 17-Feb-2024,NP,A,43.1980,-62.0722,43.1980,-62.0722,,,401677720,-133
260378,260378,UT,DS,1,0,0,,,12:32:39 17-Feb-2024,MC,B,43.1549,-62.0866,43.1549,-62.0866,8,,401677700,-129
260378,260378,UT,DS,5,0,0,87,46,13:14:47 17-Feb-2024,NK,1,43.1942,-62.0839,43.1942,-62.0839,58,,401677726,-128
260378,260378,UT,DS,2,0,0,46,46,13:16:47 17-Feb-2024,MB,B,43.1938,-62.0733,43.1938,-62.0733,8,,401677725,-130
260378,260378,UT,DS,3,0,0,159,148,14:06:00 17-Feb-2024,NN,A,43.1695,-62.0867,43.1695,-62.0867,8,,401677726,-130
260378,260378,UT,DS,4,0,0,245,171,14:09:54 17-Feb-2024,NP,3,43.1716,-62.0790,43.1716,-62.0790,56,,401677723,-125
260378,260378,UT,DS,3,0,0,171,171,14:08:29 17-Feb-2024,MC,A,43.1721,-62.0817,43.1721,-62.0817,6,,401677722,-114
260378,260378,UT,DS,1,0,0,,,15:02:36 17-Feb-2024,MB,B,43.1570,-62.0835,43.1570,-62.0835,8,,401677730,-130
260378,260378,UT,DS,1,0,0,,,15:45:51 17-Feb-2024,O3,B,43.1522,-62.0822,43.1522,-62.0822,8,,401677728,-127
260378,260378,UT,DS,2,0,0,366,366,15:45:51 17-Feb-2024,NN,B,43.1523,-62.0722,43.1523,-62.0722,8,,401677728,-129
260378,260378,UT,DS,1,0,0,,,15:51:57 17-Feb-2024,MC,B,43.1540,-62.0712,43.1540,-62.0712,6,,401677735,-126
260378,260378,UT,DS,1,0,0,,,15:57:02 17-Feb-2024,NP,B,43.1547,-62.0712,43.1547,-62.0712,6,,401677734,-139
260378,260378,UT,DS,2,0,0,159,159,21:44:31 17-Feb-2024,A1,B,43.0980,-62.2231,43.0980,-62.2231,8,,401677763,-137
260378,260378,UT,DS,1,0,1,,,22:24:05 17-Feb-2024,NP,B,43.0667,-62.2429,43.0667,-62.2429,8,,401677728,-140
260378,260378,UT,DS,1,0,0,,,23:01:41 17-Feb-2024,NK,B,43.0470,-62.2529,43.0470,-62.2529,,,401677726,-128
260378,260378,UT,DS,1,0,0,,,23:01:41 17-Feb-2024,SR,B,43.0488,-62.2523,43.0488,-62.2523,8,,401677733,-127
260378,260378,UT,DS,1,0,0,,,23:13:20 17-Feb-2024,A1,B,43.0515,-62.2502,43.0515,-62.2502,6,,401677735,-140
260378,260378,UT,DS,3,0,0,223,223,23:51:39 17-Feb-2024,MC,A,43.0314,-62.3306,43.0314,-62.3306,8,,401677722,-124
260378,260378,UT,DS,3,0,0,312,169,23:55:23 17-Feb-2024,NP,A,43.0317,-62.3262,43.0317,-62.3262,8,,401677725,-127
260378,260378,UT,DS,1,0,0,,,23:59:07 17-Feb-2024,NN,B,43.0272,-62.3310,43.0272,-62.3310,6,,401677726,-140
260378,260378,UT,DS,3,0,0,188,180,00:34:54 18-Feb-2024,NK,A,43.0325,-62.3396,43.0325,-62.3396,8,,401677726,-130
260378,260378,UT,DS,3,0,0,188,180,00:38:00 18-Feb-2024,SR,A,43.0331,-62.3390,43.0331,-62.3390,6,,401677724,-133
260378,260378,UT,DS,2,0,0,310,310,00:41:11 18-Feb-2024,MB,B,43.0295,-62.3428,43.0295,-62.3428,6,,401677722,-129
260378,260378,UT,DS,5,0,0,194,161,01:31:16 18-Feb-2024,MC,3,43.0265,-62.3563,43.0265,-62.3563,58,,401677719,-118
260378,260378,UT,DS,3,0,0,176,161,01:34:32 18-Feb-2024,NN,A,43.0226,-62.3627,43.0226,-62.3627,6,,401677724,-124
260378,260378,UT,DS,3,0,0,189,182,01:39:05 18-Feb-2024,NP,A,43.0242,-62.3569,43.0242,-62.3569,6,,401677724,-126
260378,260378,UT,DS,4,0,0,111,50,02:54:12 18-Feb-2024,O3,3,43.0227,-62.3865,43.0227,-62.3865,58,,401677722,-124
260378,260378,UT,DS,3,0,0,173,127,11:10:07 18-Feb-2024,NK,A,43.0062,-62.3717,43.0062,-62.3717,8,,401677730,-125
260378,260378,UT,DS,2,0,0,71,71,12:09:06 18-Feb-2024,MC,B,42.9987,-62.3920,42.9987,-62.3920,8,,401677724,-131
260378,260378,UT,DS,3,0,0,97,64,12:20:34 18-Feb-2024,NP,A,42.9921,-62.4122,42.9921,-62.4122,6,,401677718,-126
260378,260378,UT,DS,3,0,1,152,109,12:47:34 18-Feb-2024,NK,A,42.9931,-62.3915,42.9931,-62.3915,6,,401677732,-128
260378,260378,UT,DS,1,0,0,,,12:56:58 18-Feb-2024,MB,B,42.9870,-62.3911,42.9870,-62.3911,6,,401677733,-132
260378,260378,UT,DS,4,0,0,140,45,13:49:41 18-Feb-2024,MC,1,42.9852,-62.4106,42.9852,-62.4106,48,,401677718,-121
260378,260378,UT,DS,3,0,0,187,167,13:53:26 18-Feb-2024,NN,A,42.9883,-62.4069,42.9883,-62.4069,6,,401677729,-127
260378,260378,UT,DS,3,0,0,250,237,13:56:41 18-Feb-2024,NP,A,42.9880,-62.4061,42.9880,-62.4061,6,,401677728,-132
260378,260378,UT,DS,3,0,0,228,171,14:35:09 18-Feb-2024,MB,A,42.9815,-62.4082,42.9815,-62.4082,8,,401677728,-128
260378,260378,UT,DS,1,0,0,,,14:54:44 18-Feb-2024,O3,B,42.9801,-62.4064,42.9801,-62.4064,6,,401677729,-129
260378,260378,UT,DS,3,0,0,278,272,15:29:47 18-Feb-2024,NN,A,42.9705,-62.4161,42.9705,-62.4161,,,401677728,-131
260378,260378,UT,DS,2,0,0,272,272,15:29:47 18-Feb-2024,MC,B,42.9802,-62.4129,42.9802,-62.4129,8,,401677734,-121
260378,260378,UT,DS,1,0,0,,,15:43:36 18-Feb-2024,NP,B,42.9778,-62.4056,42.9778,-62.4056,6,,401677734,-131
260378,260378,UT,DS,5,0,0,151,94,16:36:38 18-Feb-2024,O3,1,42.9597,-62.4670,42.9597,-62.4670,58,,401677728,-119
260378,260378,UT,DS,2,0,0,310,310,22:08:50 18-Feb-2024,CS,B,42.9036,-62.5043,42.9036,-62.5043,8,,401677711,-133
260378,260378,UT,DS,4,0,0,183,170,22:26:25 18-Feb-2024,SR,1,42.8725,-62.5074,42.8725,-62.5074,58,,401677721,-120
260378,260378,UT,DS,1,0,0,,,22:32:39 18-Feb-2024,NK,B,42.8702,-62.5050,42.8702,-62.5050,6,,401677710,-125
260378,260378,UT,DS,1,0,0,,,22:57:39 18-Feb-2024,A1,B,42.8653,-62.5111,42.8653,-62.5111,7,,401677730,-127
260378,260378,UT,DS,5,1,0,,,23:31:13 18-Feb-2024,MC,2,42.8380,-62.4752,42.8380,-62.4752,58,,401677720,-121
260378,260378,UT,DS,6,0,0,121,73,23:43:07 18-Feb-2024,NP,3,42.8384,-62.4797,42.8384,-62.4797,56,,401677718,-135
260378,260378,UT,DS,2,0,0,155,155,00:06:04 19-Feb-2024,SR,B,42.8385,-62.5132,42.8385,-62.5132,6,,401677723,-136
260378,260378,UT,DS,3,0,0,179,132,00:17:50 19-Feb-2024,MB,A,42.8230,-62.4775,42.8230,-62.4775,6,,401677719,-127
260378,260378,UT,DS,1,0,1,,,00:28:25 19-Feb-2024,A1,B,42.8197,-62.4769,42.8197,-62.4769,6,,401677722,-139
260378,260378,UT,DS,6,2,0,,,01:08:28 19-Feb-2024,MC,3,42.8036,-62.4348,42.8036,-62.4348,58,,401677726,-113
260378,260378,UT,DS,3,0,0,160,78,01:21:58 19-Feb-2024,NN,A,42.8025,-62.4687,42.8025,-62.4687,6,,401677722,-125
260378,260378,UT,DS,4,0,1,228,137,01:23:05 19-Feb-2024,NP,1,42.7970,-62.4487,42.7970,-62.4487,56,,401677723,-140
260378,260378,UT,DS,2,0,1,135,135,02:00:47 19-Feb-2024,MB,B,42.7877,-62.4360,42.7877,-62.4360,8,,401677725,-129
260378,260378,UT,DS,2,0,0,281,281,02:11:11 19-Feb-2024,O3,B,42.7840,-62.4342,42.7840,-62.4342,6,,401677729,-130
260378,260378,UT,DS,1,0,0,,,11:06:23 19-Feb-2024,A1,B,42.7005,-62.2447,42.7005,-62.2447,8,,401677758,-135
260378,260378,UT,DS,1,0,0,,,11:26:11 19-Feb-2024,SR,B,42.7170,-62.3048,42.7170,-62.3048,6,,401677753,-138
260378,260378,UT,DS,2,0,1,136,136,11:53:23 19-Feb-2024,CS,B,42.7417,-62.3594,42.7417,-62.3594,6,,401677737,-135
260378,260378,UT,DS,2,0,0,239,239,12:08:50 19-Feb-2024,NP,B,42.7218,-62.2691,42.7218,-62.2691,8,,401677733,-129
260378,260378,UT,DS,4,0,0,221,190,12:25:21 19-Feb-2024,NK,2,42.6958,-62.2818,42.6958,-62.2818,56,,401677726,-121
260378,260378,UT,DS,6,0,0,161,134,13:24:57 19-Feb-2024,MC,2,42.6707,-62.2477,42.6707,-62.2477,48,,401677726,-113
260378,260378,UT,DS,2,0,0,181,181,13:38:26 19-Feb-2024,NN,B,42.6659,-62.2409,42.6659,-62.2409,6,,401677731,-130
260378,260378,UT,DS,4,0,0,175,166,13:44:22 19-Feb-2024,NP,0,42.6651,-62.2555,42.6651,-62.2555,56,,401677723,-120
260378,260378,UT,DS,2,0,0,215,215,14:03:20 19-Feb-2024,NK,B,42.6580,-62.2532,42.6580,-62.2532,6,,401677719,-130
260378,260378,UT,DS,3,0,0,180,167,14:16:42 19-Feb-2024,MB,A,42.6588,-62.2453,42.6588,-62.2453,6,,401677720,-127
260378,260378,UT,DS,3,0,0,128,104,15:10:53 19-Feb-2024,MC,A,42.6195,-62.2018,42.6195,-62.2018,8,,401677721,-121
260378,260378,UT,DS,4,0,0,225,198,15:23:21 19-Feb-2024,NN,0,42.6303,-62.1853,42.6303,-62.1853,46,,401677735,-121
260378,260378,UT,DS,2,0,0,439,439,15:26:39 19-Feb-2024,NP,B,42.6178,-62.1989,42.6178,-62.1989,6,,401677730,-132
260378,260378,UT,DS,6,0,1,123,104,15:50:35 19-Feb-2024,O3,1,42.6265,-62.1779,42.6265,-62.1779,46,,401677735,-120
260378,260378,UT,DS,1,0,0,,,21:34:29 19-Feb-2024,CS,B,42.4806,-62.0574,42.4806,-62.0574,8,,401677730,-132
260378,260378,UT,DS,8,0,1,92,46,21:59:02 19-Feb-2024,SR,3,42.5372,-62.1955,42.5372,-62.1955,56,,401677734,-119
260378,260378,UT,DS,1,0,0,,,21:57:38 19-Feb-2024,NP,B,42.5039,-62.1085,42.5039,-62.1085,6,,401677761,-138
260378,260378,UT,DS,9,2,0,,,22:03:34 19-Feb-2024,NK,3,42.5399,-62.1951,42.5399,-62.1951,56,,401677735,-124
260378,260378,UT,DS,6,1,0,,,22:32:34 19-Feb-2024,A1,3,42.5411,-62.1998,42.5411,-62.1998,56,,401677738,-120
260378,260378,UT,DS,2,0,0,61,61,00:03:11 20-Feb-2024,MB,B,42.5555,-62.1929,42.5555,-62.1929,8,,401677729,-130
260378,260378,UT,DS,2,0,0,157,157,00:06:49 20-Feb-2024,A1,B,42.5535,-62.1830,42.5535,-62.1830,6,,401677730,-135
260378,260378,UT,DS,5,0,0,154,119,00:50:38 20-Feb-2024,MC,1,42.5741,-62.1283,42.5741,-62.1283,58,,401677730,-113
260378,260378,UT,DS,4,0,0,175,57,01:09:13 20-Feb-2024,NN,1,42.5727,-62.1049,42.5727,-62.1049,56,,401677731,-124
260378,260378,UT,DS,4,1,1,,,01:10:31 20-Feb-2024,NP,0,42.5777,-62.0980,42.5777,-62.0980,46,,401677732,-123
260378,260378,UT,DS,1,0,0,,,01:25:04 20-Feb-2024,O3,B,42.5783,-62.0985,42.5783,-62.0985,6,,401677744,-142
260378,260378,UT,DS,2,0,0,154,154,01:39:12 20-Feb-2024,MB,B,42.5808,-62.0962,42.5808,-62.0962,6,,401677725,-130
260378,260378,UT,DS,3,0,0,206,206,02:33:18 20-Feb-2024,MC,A,42.5893,-62.0836,42.5893,-62.0836,8,,401677728,-121
260378,260378,UT,DS,3,0,0,210,204,02:48:21 20-Feb-2024,NN,A,42.5982,-62.0767,42.5982,-62.0767,6,,401677724,-122
260378,260378,UT,DS,5,0,0,121,64,13:06:31 20-Feb-2024,MC,3,42.7175,-61.8779,42.7175,-61.8779,58,,401677719,-121
260378,260378,UT,DS,2,0,1,297,297,13:32:01 20-Feb-2024,NN,B,42.7263,-61.8870,42.7263,-61.8870,6,,401677721,-131
260378,260378,UT,DS,5,0,0,158,121,13:33:29 20-Feb-2024,NP,2,42.7130,-61.9032,42.7130,-61.9032,56,,401677715,-121
260378,260378,UT,DS,1,0,0,,,13:34:30 20-Feb-2024,NK,B,42.7151,-61.9042,42.7151,-61.9042,6,,401677717,-128
260378,260378,UT,DS,4,0,0,195,177,13:53:21 20-Feb-2024,MB,0,42.7303,-61.8942,42.7303,-61.8942,46,,401677715,-128
260378,260378,UT,DS,8,2,0,,,14:47:38 20-Feb-2024,MC,1,42.7438,-61.8379,42.7438,-61.8379,47,,401677728,-115
260378,260378,UT,DS,2,0,0,131,131,15:02:53 20-Feb-2024,O3,B,42.7699,-61.8176,42.7699,-61.8176,6,,401677723,-131
260378,260378,UT,DS,3,0,0,235,220,15:10:12 20-Feb-2024,NN,A,42.7469,-61.8691,42.7469,-61.8691,6,,401677716,-124
260378,260378,UT,DS,2,0,0,290,290,15:14:23 20-Feb-2024,NP,B,42.7548,-61.8322,42.7548,-61.8322,6,,401677732,-131
260378,260378,UT,DS,1,0,1,,,16:27:20 20-Feb-2024,MC,B,42.7643,-61.7898,42.7643,-61.7898,8,,401677734,-136
260378,260378,UT,DS,3,0,0,159,80,16:41:16 20-Feb-2024,O3,A,42.7405,-61.7714,42.7405,-61.7714,6,,401677719,-118
260378,260378,UT,DS,1,0,0,,,16:55:38 20-Feb-2024,NN,B,42.7641,-61.7987,42.7641,-61.7987,6,,401677714,-137
260378,260378,UT,DS,2,0,0,174,174,21:38:22 20-Feb-2024,NK,B,42.7931,-61.6454,42.7931,-61.6454,8,,401677707,-127
260378,260378,UT,DS,3,0,1,231,226,22:11:15 20-Feb-2024,A1,A,42.7676,-61.6377,42.7676,-61.6377,7,,401677725,-123
260378,260378,UT,DS,1,0,0,,,22:57:48 20-Feb-2024,MC,B,42.7719,-61.6044,42.7719,-61.6044,8,,401677723,-132
260378,260378,UT,DS,4,0,0,198,169,23:04:50 20-Feb-2024,SR,3,42.7740,-61.6144,42.7740,-61.6144,56,,401677719,-125
260378,260378,UT,DS,3,0,0,295,226,23:20:47 20-Feb-2024,NK,A,42.7726,-61.6184,42.7726,-61.6184,6,,401677719,-120
260378,260378,UT,DS,3,0,1,248,132,23:20:00 20-Feb-2024,NP,A,42.7680,-61.6213,42.7680,-61.6213,6,,401677720,-127
260378,260378,UT,DS,3,0,1,107,50,23:42:46 20-Feb-2024,A1,A,42.7635,-61.6301,42.7635,-61.6301,6,,401677713,-128
260378,260378,UT,DS,1,0,1,,,23:41:24 20-Feb-2024,MB,B,42.7695,-61.6063,42.7695,-61.6063,6,,401677718,-129
260378,260378,UT,DS,4,0,0,172,147,00:31:29 21-Feb-2024,MC,2,42.7647,-61.5954,42.7647,-61.5954,58,,401677713,-119
260378,260378,UT,DS,4,0,0,170,114,00:54:19 21-Feb-2024,NN,3,42.7682,-61.5835,42.7682,-61.5835,56,,401677714,-126
260378,260378,UT,DS,1,0,0,,,00:58:42 21-Feb-2024,NK,B,42.7685,-61.5808,,,6,,401677715,-137
260378,260378,UT,DS,5,0,0,163,101,01:00:18 21-Feb-2024,NP,2,42.7665,-61.5792,42.7665,-61.5792,56,,401677717,-122
260378,260378,UT,DS,1,0,0,,,01:21:12 21-Feb-2024,MB,B,42.7683,-61.5645,42.7683,-61.5645,6,,401677718,-125
260378,260378,UT,DS,3,0,0,280,267,02:09:40 21-Feb-2024,MC,A,42.7705,-61.5574,42.7705,-61.5574,8,,401677722,-129
260378,260378,UT,DS,2,0,0,267,267,02:16:46 21-Feb-2024,O3,B,42.7709,-61.5535,42.7709,-61.5535,6,,401677717,-127
260378,260378,UT,DS,5,1,0,,,02:33:13 21-Feb-2024,NN,2,42.7703,-61.5621,42.7703,-61.5621,56,,401677717,-120
260378,260378,UT,DS,6,1,0,,,12:43:57 21-Feb-2024,MC,1,42.7844,-61.3056,42.7844,-61.3056,48,,401677714,-134
260378,260378,UT,DS,4,0,0,83,47,13:09:43 21-Feb-2024,NK,2,42.7994,-61.2809,42.7994,-61.2809,56,,401677727,-125
260378,260378,UT,DS,2,0,0,200,200,13:14:10 21-Feb-2024,NN,B,42.8003,-61.2653,42.8003,-61.2653,6,,401677725,-135
260378,260378,UT,DS,4,0,0,225,152,13:19:15 21-Feb-2024,NP,0,42.8087,-61.3184,42.8087,-61.3184,46,,401677726,-124
260378,260378,UT,DS,3,0,1,169,117,13:35:13 21-Feb-2024,MB,A,42.8029,-61.2559,42.8029,-61.2559,6,,401677735,-124
260378,260378,UT,DS,12,1,1,,,14:23:57 21-Feb-2024,MC,2,42.8013,-61.2316,42.8013,-61.2316,58,,401677749,-116
260378,260378,UT,DS,8,2,0,,,14:56:44 21-Feb-2024,NN,2,42.8026,-61.2066,42.8026,-61.2066,58,,401677750,-120
260378,260378,UT,DS,9,2,0,,,15:00:02 21-Feb-2024,NP,2,42.8028,-61.1937,42.8028,-61.1937,56,,401677750,-126
260378,260378,UT,DS,4,0,2,98,46,15:13:36 21-Feb-2024,MB,1,42.8134,-61.1726,42.8134,-61.1726,56,,401677754,-132
260378,260378,UT,DS,5,0,0,117,93,15:57:40 21-Feb-2024,O3,3,42.8087,-61.1460,42.8087,-61.1460,58,,401677739,-122
260378,260378,UT,DS,1,0,0,,,16:07:17 21-Feb-2024,MC,B,42.8212,-61.1429,42.8212,-61.1429,8,,401677737,-131
260378,260378,UT,DS,1,0,0,,,21:49:32 21-Feb-2024,CS,B,42.8421,-60.9999,42.8421,-60.9999,8,,401677719,-132
260378,260378,UT,DS,1,0,0,,,21:49:32 21-Feb-2024,A1,B,42.8331,-60.9980,42.8331,-60.9980,8,,401677743,-141
260378,260378,UT,DS,4,0,0,195,95,22:31:55 21-Feb-2024,SR,0,42.8668,-61.2089,42.8668,-61.2089,48,,401677723,-121
260378,260378,UT,DS,1,0,1,,,22:34:32 21-Feb-2024,MC,B,42.8276,-61.0091,42.8276,-61.0091,8,,401677717,-130
260378,260378,UT,DS,3,0,0,333,307,23:00:18 21-Feb-2024,NK,A,42.8228,-61.0417,42.8228,-61.0417,6,,401677718,-123
260378,260378,UT,DS,5,0,2,149,47,23:08:23 21-Feb-2024,NP,1,42.8291,-61.0046,42.8291,-61.0046,46,,401677717,-124
260378,260378,UT,DS,6,1,0,,,23:18:18 21-Feb-2024,A1,3,42.8329,-61.0036,42.8329,-61.0036,56,,401677719,-127
260378,260378,UT,DS,3,0,1,46,45,23:24:33 21-Feb-2024,MB,A,42.8330,-60.9980,42.8330,-60.9980,6,,401677718,-133
260378,260378,UT,DS,3,0,1,251,239,00:14:45 22-Feb-2024,MC,A,42.8381,-61.0207,42.8344,-60.9715,6,,401677718,-118
260378,260378,UT,DS,2,0,0,263,263,00:12:34 22-Feb-2024,SR,B,42.8505,-61.0102,42.8505,-61.0102,8,,401677722,-131
260378,260378,UT,DS,2,0,0,182,182,00:33:43 22-Feb-2024,NK,B,42.8399,-61.0122,42.8399,-61.0122,6,,401677722,-129
260378,260378,UT,DS,3,0,0,207,206,00:42:23 22-Feb-2024,NN,A,42.8493,-60.9964,,,6,,401677720,-127
260378,260378,UT,DS,2,0,0,214,214,00:51:04 22-Feb-2024,NP,B,42.8495,-60.9842,,,6,,401677722,-122
260378,260378,UT,DS,1,0,0,,,01:00:11 22-Feb-2024,MB,B,42.8499,-60.9821,,,6,,401677723,-128
260378,260378,UT,DS,1,0,0,,,01:32:53 22-Feb-2024,O3,B,42.8492,-60.9586,42.8492,-60.9586,8,,401677726,-140
260378,260378,UT,DS,1,0,0,,,01:50:30 22-Feb-2024,MC,B,42.8490,-60.9572,42.8490,-60.9572,6,,401677722,-124
260378,260378,UT,DS,3,0,1,190,172,02:29:51 22-Feb-2024,NN,A,42.8758,-60.9284,42.8758,-60.9284,8,,401677717,-122
260378,260378,UT,DS,5,0,0,136,45,12:24:07 22-Feb-2024,MC,2,42.9652,-60.6799,42.9652,-60.6799,58,,401677717,-121
260378,260378,UT,DS,3,0,0,161,112,12:45:29 22-Feb-2024,NK,A,42.9930,-60.6745,42.9930,-60.6745,6,,401677720,-121
260378,260378,UT,DS,2,0,0,300,300,13:07:08 22-Feb-2024,NP,B,42.9916,-60.6686,42.9916,-60.6686,,,401677726,-120
260378,260378,UT,DS,1,0,0,,,13:07:08 22-Feb-2024,NN,B,42.9923,-60.6741,42.9923,-60.6741,6,,401677720,-137
260378,260378,UT,DS,3,0,0,282,273,14:10:39 22-Feb-2024,MC,A,42.9851,-60.6000,42.9851,-60.6000,8,,401677727,-113
260378,260378,UT,DS,2,0,0,370,370,14:44:24 22-Feb-2024,NN,B,43.0023,-60.6401,43.0023,-60.6401,8,,401677717,-122
260378,260378,UT,DS,3,0,0,167,47,14:49:47 22-Feb-2024,NP,A,43.0174,-60.5975,43.0174,-60.5975,6,,401677743,-126
260378,260378,UT,DS,1,0,0,,,14:55:20 22-Feb-2024,MB,B,43.0177,-60.5959,43.0177,-60.5959,6,,401677747,-133
260378,260378,UT,DS,2,0,0,283,283,15:10:29 22-Feb-2024,O3,,,,,,,,401650000,
260378,260378,UT,DS,2,0,0,290,290,15:44:39 22-Feb-2024,MC,B,43.0144,-60.5823,43.0144,-60.5823,8,,401677738,-125
260378,260378,UT,DS,2,0,0,296,296,16:26:08 22-Feb-2024,NN,B,43.0259,-60.6022,43.0259,-60.6022,8,,401677732,-128
260378,260378,UT,DS,1,0,0,,,16:54:09 22-Feb-2024,O3,,,,,,,,401650000,
260378,260378,UT,DS,2,0,0,306,306,21:59:05 22-Feb-2024,SR,B,43.0703,-60.5945,43.0703,-60.5945,8,,401677723,-124
260378,260378,UT,DS,1,0,0,,,22:14:02 22-Feb-2024,MC,B,43.0699,-60.5818,43.0699,-60.5818,6,,401677713,-133
260378,260378,UT,DS,7,1,1,,,22:27:09 22-Feb-2024,NK,1,43.0737,-60.5520,43.0737,-60.5520,46,,401677721,-121
260378,260378,UT,DS,5,0,0,118,90,22:56:54 22-Feb-2024,A1,3,43.0886,-60.5280,43.0886,-60.5280,56,,401677718,-120
260378,260378,UT,DS,4,0,0,124,90,22:57:42 22-Feb-2024,NP,3,43.0887,-60.5271,43.0887,-60.5271,56,,401677718,-132
260378,260378,UT,DS,1,0,0,,,23:00:30 22-Feb-2024,MB,B,43.0888,-60.5264,43.0888,-60.5264,6,,401677717,-133
260378,260378,UT,DS,5,0,1,87,46,23:41:43 22-Feb-2024,SR,1,43.0885,-60.4963,43.0885,-60.4963,58,,401677719,-122
260378,260378,UT,DS,8,1,1,,,23:47:17 22-Feb-2024,MC,3,43.0962,-60.4945,43.0962,-60.4945,56,,401677718,-122
260378,260378,UT,DS,3,0,0,169,121,00:34:13 23-Feb-2024,NN,A,43.0859,-60.4620,43.0859,-60.4620,8,,401677716,-133
260378,260378,UT,DS,6,0,0,123,68,00:37:03 23-Feb-2024,NP,1,43.0950,-60.4611,43.0950,-60.4611,56,,401677719,-121
260378,260378,UT,DS,3,0,0,200,153,00:38:04 23-Feb-2024,MB,A,43.0894,-60.4849,43.0894,-60.4849,6,,401677720,-125
260378,260378,UT,DS,5,0,1,118,45,01:30:21 23-Feb-2024,MC,2,43.0910,-60.4737,43.0910,-60.4737,58,,401677722,-118
260378,260378,UT,DS,7,1,0,,,02:10:04 23-Feb-2024,NN,2,43.1077,-60.4507,43.1077,-60.4507,58,,401677718,-120
260378,260378,UT,DS,2,0,1,88,88,02:18:44 23-Feb-2024,MB,B,43.1094,-60.4464,43.1094,-60.4464,6,,401677720,-133
260378,260378,UT,DS,3,0,0,166,104,02:23:51 23-Feb-2024,NP,A,43.1170,-60.4478,43.1170,-60.4478,6,,401677716,-129
260378,260378,UT,DS,3,0,0,184,140,02:21:57 23-Feb-2024,O3,,,,,,,,401650000,
260378,260378,UT,DS,1,0,0,,,12:09:52 23-Feb-2024,MC,B,43.1320,-60.2216,43.1320,-60.2216,8,,401677755,-133
260378,260378,UT,DS,1,0,0,,,12:23:21 23-Feb-2024,NK,B,43.1259,-60.3646,43.1259,-60.3646,6,,401677731,-121
260378,260378,UT,DS,2,0,0,263,263,12:57:37 23-Feb-2024,NP,B,43.0883,-60.4874,43.0883,-60.4874,8,,401677712,-133
260378,260378,UT,DS,3,0,0,269,261,13:42:29 23-Feb-2024,MC,A,43.1262,-60.5311,43.1262,-60.5311,6,,401677730,-120
260378,260378,UT,DS,3,0,0,295,293,14:28:14 23-Feb-2024,NN,A,43.1281,-60.5260,43.1281,-60.5260,8,,401677736,-127
260378,260378,UT,DS,2,0,0,293,293,14:33:11 23-Feb-2024,MB,B,43.1265,-60.5314,43.1265,-60.5314,6,,401677724,-128
260378,260378,UT,DS,2,0,1,294,294,14:38:05 23-Feb-2024,NP,B,43.1256,-60.5314,43.1256,-60.5314,6,,401677723,-127
260378,260378,UT,DS,3,0,0,186,74,15:23:35 23-Feb-2024,MC,A,43.1288,-60.5007,43.1288,-60.5007,8,,401677732,-124
260378,260378,UT,DS,2,0,1,270,270,16:06:59 23-Feb-2024,O3,B,43.1299,-60.5024,43.1299,-60.5024,8,,401677725,-124
260378,260378,UT,DS,2,0,0,599,599,16:09:14 23-Feb-2024,NN,B,43.1264,-60.4879,43.1264,-60.4879,8,,401677724,-135
260378,260378,UT,DS,2,0,0,46,46,21:34:56 23-Feb-2024,SR,B,43.1392,-60.5408,43.1392,-60.5408,8,,401677705,-132
260378,260378,UT,DS,2,0,0,265,265,22:00:01 23-Feb-2024,NK,B,43.0845,-60.3710,43.0845,-60.3710,6,,401677713,-124
260378,260378,UT,DS,5,0,0,91,45,22:36:45 23-Feb-2024,A1,2,43.0746,-60.3356,43.0746,-60.3356,57,,401677720,-117
260378,260378,UT,DS,4,0,0,199,163,22:45:05 23-Feb-2024,NP,2,43.0748,-60.3491,43.0748,-60.3491,56,,401677719,-127
260378,260378,UT,DS,2,0,0,230,230,23:12:30 23-Feb-2024,SR,B,43.0603,-60.3157,43.0603,-60.3157,6,,401677719,-132
260378,260378,UT,DS,2,0,0,299,299,23:30:39 23-Feb-2024,MC,B,43.0531,-60.3186,43.0531,-60.3186,6,,401677727,-123
260378,260378,UT,DS,4,0,0,99,59,23:49:34 23-Feb-2024,NK,0,43.0618,-60.2887,43.0618,-60.2887,56,,401677719,-125
260378,260378,UT,DS,1,0,0,,,00:09:02 24-Feb-2024,A1,B,43.0393,-60.2927,43.0393,-60.2927,6,,401677727,-135
260378,260378,UT,DS,5,0,2,143,45,00:15:27 24-Feb-2024,MB,1,43.0574,-60.3522,43.0574,-60.3522,56,,401677721,-125
260378,260378,UT,DS,6,1,1,,,00:17:04 24-Feb-2024,NN,2,43.0561,-60.3438,43.0561,-60.3438,56,,401677721,-129
260378,260378,UT,DS,7,0,4,135,45,00:21:27 24-Feb-2024,NP,1,43.0662,-60.3451,43.0662,-60.3451,56,,401677719,-124
260378,260378,UT,DS,1,0,0,,,00:48:09 24-Feb-2024,SR,B,43.0510,-60.3088,43.0510,-60.3088,6,,401677729,-137
260378,260378,UT,DS,4,0,0,192,148,01:07:14 24-Feb-2024,MC,3,43.0725,-60.3231,43.0725,-60.3231,66,,401677720,-114
260378,260378,UT,DS,1,0,0,,,02:13:15 24-Feb-2024,NP,B,43.0526,-60.2489,43.0526,-60.2489,8,,401677717,-132
260378,260378,UT,DS,1,0,0,,,11:46:33 24-Feb-2024,MC,B,43.0838,-60.2890,43.0838,-60.2890,8,,401677711,-132
260378,260378,UT,DS,2,0,0,236,236,11:56:32 24-Feb-2024,NK,B,43.1699,-60.3137,43.1699,-60.3137,6,,401677733,-117
260378,260378,UT,DS,1,0,0,,,12:33:10 24-Feb-2024,MB,B,43.0863,-60.3370,43.0863,-60.3370,6,,401677725,-131
260378,260378,UT,DS,2,0,0,268,268,12:42:59 24-Feb-2024,NP,B,43.1425,-60.3962,43.1425,-60.3962,6,,401677757,-124
260378,260378,UT,DS,3,0,0,168,45,13:25:28 24-Feb-2024,MC,A,43.1362,-60.1897,43.1362,-60.1897,8,,401677734,-115
260378,260378,UT,DS,1,0,0,,,13:31:05 24-Feb-2024,NK,B,43.1362,-60.1898,43.1362,-60.1898,6,,401677735,-131
260378,260378,UT,DS,2,0,1,258,258,14:13:30 24-Feb-2024,MB,B,43.1318,-60.1553,43.1318,-60.1553,8,,401677729,-130
260378,260378,UT,DS,2,0,0,288,288,14:20:12 24-Feb-2024,NN,B,43.1271,-60.1593,43.1271,-60.1593,6,,401677727,-124
260378,260378,UT,DS,2,0,0,276,276,14:27:20 24-Feb-2024,NP,B,43.1299,-60.1671,43.1299,-60.1671,6,,401677729,-125
260378,260378,UT,DS,2,0,0,326,326,15:05:18 24-Feb-2024,MC,B,43.1285,-60.1430,43.1285,-60.1430,8,,401677727,-122
260378,260378,UT,DS,2,0,0,255,255,15:22:00 24-Feb-2024,O3,B,43.1359,-60.1464,43.1359,-60.1464,6,,401677726,-128
260378,260378,UT,DS,2,0,0,321,321,16:04:26 24-Feb-2024,NN,B,43.1366,-60.1172,43.1366,-60.1172,8,,401677730,-127
260378,260378,UT,DS,2,0,0,317,317,16:56:09 24-Feb-2024,O3,B,43.1370,-60.1253,43.1370,-60.1253,8,,401677733,-122
260378,260378,UT,DS,2,0,0,300,300,21:37:40 24-Feb-2024,NK,B,43.1728,-60.0075,43.1728,-60.0075,8,,401677734,-127
260378,260378,UT,DS,3,0,0,174,96,22:13:44 24-Feb-2024,A1,A,43.1656,-60.0686,43.1656,-60.0686,8,,401677725,-118
260378,260378,UT,DS,2,0,2,98,98,22:34:30 24-Feb-2024,NP,B,43.1638,-60.0568,43.1638,-60.0568,6,,401677725,-135
260378,260378,UT,DS,3,0,0,173,65,22:40:59 24-Feb-2024,SR,A,43.1660,-60.0573,43.1660,-60.0573,6,,401677725,-122
260378,260378,UT,DS,5,1,0,,,23:07:02 24-Feb-2024,MC,2,43.1637,-60.0443,43.1637,-60.0443,56,,401677720,-125
260378,260378,UT,DS,6,0,0,124,46,23:15:03 24-Feb-2024,NK,2,43.1553,-60.0485,43.1553,-60.0485,56,,401677721,-125
260378,260378,UT,DS,3,0,0,102,99,23:47:17 24-Feb-2024,A1,A,43.1584,-60.0274,43.1584,-60.0274,8,,401677728,-133
260378,260378,UT,DS,4,0,1,210,189,23:59:52 24-Feb-2024,MB,3,43.1427,-60.0228,43.1427,-60.0228,56,,401677722,-129
260378,260378,UT,DS,2,0,0,245,245,00:07:33 25-Feb-2024,NN,B,43.1462,-60.0168,43.1462,-60.0168,6,,401677720,-135
260378,260378,UT,DS,2,0,0,243,243,00:11:39 25-Feb-2024,NP,B,43.1394,-60.0094,43.1394,-60.0094,6,,401677723,-124
260378,260378,UT,DS,1,0,0,,,00:19:37 25-Feb-2024,SR,B,43.1388,-60.0073,43.1388,-60.0073,6,,401677727,-133
260378,260378,UT,DS,2,0,0,215,215,00:46:29 25-Feb-2024,MC,B,43.1287,-59.9998,43.1287,-59.9998,6,,401677722,-121
260378,260378,UT,DS,2,0,1,221,221,00:53:49 25-Feb-2024,NK,B,43.1255,-60.0158,43.1255,-60.0158,6,,401677719,-137
260378,260378,UT,DS,1,0,0,,,01:34:20 25-Feb-2024,MB,B,43.1419,-59.9962,43.1419,-59.9962,8,,401677718,-130
260378,260378,UT,DS,2,0,0,209,209,01:42:01 25-Feb-2024,NN,B,43.1040,-59.9978,43.1040,-59.9978,6,,401677722,-135
260378,260378,UT,DS,3,0,1,196,184,01:54:19 25-Feb-2024,NP,A,43.0990,-59.9920,43.0990,-59.9920,6,,401677712,-133
260378,260378,UT,DS,3,0,0,223,218,02:28:52 25-Feb-2024,MC,A,43.0889,-59.9812,43.0889,-59.9812,8,,401677723,-125
260378,260378,UT,DS,3,0,0,223,218,02:32:37 25-Feb-2024,O3,A,43.0902,-59.9678,43.0902,-59.9678,6,,401677720,-123
260378,260378,UT,DS,6,0,0,104,45,12:30:41 25-Feb-2024,NP,1,42.9849,-59.9414,42.9849,-59.9414,58,,401677740,-126
260378,260378,UT,DS,2,0,0,350,350,13:05:16 25-Feb-2024,MC,B,42.9818,-59.9356,42.9818,-59.9356,8,,401677740,-121
260378,260378,UT,DS,2,0,0,372,372,13:49:14 25-Feb-2024,MB,B,42.9973,-59.9120,42.9973,-59.9120,8,,401677745,-134
260378,260378,UT,DS,3,0,0,160,46,14:12:14 25-Feb-2024,NP,A,43.0007,-59.9259,43.0007,-59.9259,6,,401677745,-122
260378,260378,UT,DS,2,0,0,46,46,14:12:14 25-Feb-2024,NN,B,43.0233,-59.9266,43.0233,-59.9266,,,401677748,-128
260378,260378,UT,DS,1,0,0,,,14:33:28 25-Feb-2024,O3,B,43.0013,-59.9204,43.0013,-59.9204,6,,401677740,-134
260378,260378,UT,DS,2,0,1,45,45,14:50:15 25-Feb-2024,MC,B,43.0323,-59.9058,43.0323,-59.9058,6,,401677754,-121
260378,260378,UT,DS,1,0,0,,,15:46:11 25-Feb-2024,NN,B,43.0338,-59.8852,43.0338,-59.8852,8,,401677747,-135
260378,260378,UT,DS,1,0,0,,,15:57:02 25-Feb-2024,NP,B,43.0329,-59.8884,43.0329,-59.8884,6,,401677751,-140
260378,260378,UT,DS,4,0,0,231,45,16:15:12 25-Feb-2024,O3,1,43.0243,-59.9336,43.0243,-59.9336,56,,401677745,-121
260378,260378,UT,DS,1,0,0,,,16:25:19 25-Feb-2024,MC,B,43.0329,-59.8863,43.0329,-59.8863,6,,401677750,-133
260378,260378,UT,DS,3,0,0,239,231,21:52:30 25-Feb-2024,A1,A,43.0857,-59.8311,43.0857,-59.8311,8,,401677723,-132
260378,260378,UT,DS,3,0,0,243,235,22:07:30 25-Feb-2024,SR,A,43.0789,-59.8234,43.0789,-59.8234,6,,401677719,-120
260378,260378,UT,DS,5,0,1,111,45,22:23:01 25-Feb-2024,NP,1,43.0946,-59.7937,43.0946,-59.7937,56,,401677716,-136
260378,260378,UT,DS,7,0,1,102,47,22:49:50 25-Feb-2024,NK,1,43.0954,-59.8025,43.0954,-59.8025,56,,401677717,-121
260378,260378,UT,DS,4,0,1,124,70,22:48:14 25-Feb-2024,MC,0,43.1059,-59.8122,43.1059,-59.8122,56,,401677712,-127
260378,260378,UT,DS,4,0,0,150,125,23:21:14 25-Feb-2024,A1,3,43.1190,-59.8018,,,57,,401677720,-130
260378,260378,UT,DS,1,0,0,,,23:39:59 25-Feb-2024,MB,B,43.1190,-59.8016,,,6,,401677720,-129
260378,260378,UT,DS,3,0,0,224,211,23:47:07 25-Feb-2024,SR,A,43.1288,-59.7943,43.1288,-59.7943,6,,401677720,-127
260378,260378,UT,DS,4,0,1,179,165,23:58:07 25-Feb-2024,NP,3,43.1361,-59.8024,43.1361,-59.8024,50,,401677718,-125
260378,260378,UT,DS,1,0,0,,,23:58:07 25-Feb-2024,NN,B,43.1303,-59.7900,43.1303,-59.7900,6,,401677720,-140
260378,260378,UT,DS,6,0,0,137,79,00:25:22 26-Feb-2024,MC,2,43.1508,-59.8066,43.1508,-59.8066,56,,401677716,-119
260378,260378,UT,DS,3,0,0,130,79,00:29:00 26-Feb-2024,NK,A,43.1533,-59.7972,43.1533,-59.7972,6,,401677721,-128
260378,260378,UT,DS,1,0,0,,,01:21:37 26-Feb-2024,MB,B,43.1551,-59.7758,43.1551,-59.7758,8,,401677722,-130
260378,260378,UT,DS,6,0,0,111,62,01:36:53 26-Feb-2024,NN,3,43.1669,-59.7637,43.1669,-59.7637,56,,401677718,-120
260378,260378,UT,DS,5,0,0,128,50,01:41:14 26-Feb-2024,NP,2,43.1716,-59.7550,43.1716,-59.7550,56,,401677719,-127
260378,260378,UT,DS,4,0,0,127,50,01:48:00 26-Feb-2024,O3,3,43.1730,-59.7567,43.1730,-59.7567,66,,401677717,-130
260378,260378,UT,DS,7,1,0,,,02:07:35 26-Feb-2024,MC,3,43.1909,-59.7508,43.1909,-59.7508,56,,401677717,-118
260378,260378,UT,DS,1,0,0,,,12:28:22 26-Feb-2024,NP,B,43.1988,-59.7376,43.1988,-59.7376,8,,401677710,-132
260378,260378,UT,DS,4,0,0,185,90,12:45:59 26-Feb-2024,NK,1,43.2716,-59.6970,43.2716,-59.6970,56,,401677729,-127
260378,260378,UT,DS,1,0,0,,,12:48:34 26-Feb-2024,MC,B,43.2718,-59.6978,43.2718,-59.6978,6,,401677732,-123
260378,260378,UT,DS,3,0,0,170,159,13:32:08 26-Feb-2024,MB,A,43.2773,-59.7500,43.2773,-59.7500,8,,401677725,-127
260378,260378,UT,DS,6,0,1,137,91,13:51:17 26-Feb-2024,NN,3,43.2805,-59.7659,43.2805,-59.7659,56,,401677726,-133
260378,260378,UT,DS,5,0,1,143,49,14:01:00 26-Feb-2024,NP,1,43.2761,-59.7724,43.2761,-59.7724,56,,401677725,-119
260378,260378,UT,DS,4,0,1,147,114,14:24:29 26-Feb-2024,MC,3,43.2794,-59.7969,43.2794,-59.7969,56,,401677723,-114
260378,260378,UT,DS,1,0,0,,,15:17:08 26-Feb-2024,MB,B,43.2863,-59.8048,43.2863,-59.8048,8,,401677725,-132
260378,260378,UT,DS,3,0,0,209,184,15:27:45 26-Feb-2024,O3,A,43.2983,-59.8402,43.2983,-59.8402,6,,401677723,-132
260378,260378,UT,DS,4,0,1,148,125,15:37:02 26-Feb-2024,NN,2,43.2971,-59.8371,43.2971,-59.8371,56,,401677725,-124
260378,260378,UT,DS,2,0,0,125,125,15:43:26 26-Feb-2024,NP,B,43.2902,-59.8279,43.2902,-59.8279,6,,401677729,-133
260378,260378,UT,DS,4,0,0,78,66,16:04:02 26-Feb-2024,MC,0,43.2952,-59.8730,43.2952,-59.8730,56,,401677721,-126
260378,260378,UT,DS,1,0,0,,,21:37:56 26-Feb-2024,SR,B,43.2866,-59.8792,43.2866,-59.8792,8,,401677725,-129
260378,260378,UT,DS,3,0,0,167,64,21:41:18 26-Feb-2024,CS,A,43.3724,-60.0490,43.3724,-60.0490,6,,401677722,-125
260378,260378,UT,DS,3,0,0,250,243,22:26:27 26-Feb-2024,NK,A,43.3624,-60.0849,43.3624,-60.0849,8,,401677723,-129
260378,260378,UT,DS,1,0,0,,,22:30:35 26-Feb-2024,MC,B,43.3782,-60.0564,43.3782,-60.0564,8,,401677722,-130
260378,260378,UT,DS,4,0,0,155,112,23:01:05 26-Feb-2024,A1,3,43.3771,-60.1055,43.3771,-60.1055,58,,401677721,-125
260378,260378,UT,DS,4,0,0,195,182,23:15:15 26-Feb-2024,SR,1,43.3860,-60.1103,43.3860,-60.1103,46,,401677722,-121
260378,260378,UT,DS,2,0,1,181,181,23:42:42 26-Feb-2024,NN,B,43.3853,-60.1135,43.3853,-60.1135,6,,401677729,-137
260378,260378,UT,DS,5,1,0,,,23:45:43 26-Feb-2024,NP,2,43.3957,-60.1318,43.3957,-60.1318,56,,401677721,-128
260378,260378,UT,DS,4,0,1,170,145,00:00:44 27-Feb-2024,NK,2,43.4019,-60.1409,43.4019,-60.1409,56,,401677718,-124
260378,260378,UT,DS,4,0,0,163,131,00:09:15 27-Feb-2024,MC,3,43.4060,-60.1481,43.4060,-60.1481,66,,401677721,-118
260378,260378,UT,DS,1,0,0,,,00:54:25 27-Feb-2024,SR,B,43.4117,-60.1752,43.4117,-60.1752,8,,401677716,-137
260378,260378,UT,DS,5,0,0,118,88,00:55:10 27-Feb-2024,MB,1,43.4340,-60.1576,43.4340,-60.1576,56,,401677720,-125
260378,260378,UT,DS,1,0,0,,,01:04:16 27-Feb-2024,O3,B,43.4353,-60.1623,43.4353,-60.1623,6,,401677724,-141
260378,260378,UT,DS,3,0,0,118,90,01:22:38 27-Feb-2024,NN,A,43.4422,-60.1953,43.4422,-60.1953,6,,401677722,-125
260378,260378,UT,DS,5,0,0,171,132,01:27:50 27-Feb-2024,NP,3,43.4496,-60.1928,43.4496,-60.1928,56,,401677720,-124
260378,260378,UT,DS,5,1,0,,,01:46:34 27-Feb-2024,MC,3,43.4580,-60.1975,43.4580,-60.1975,56,,401677720,-114
260378,260378,UT,DS,5,0,0,92,77,02:37:58 27-Feb-2024,O3,3,43.4909,-60.2164,43.4909,-60.2164,58,,401677719,-127
260378,260378,UT,DS,2,0,0,226,226,11:25:52 27-Feb-2024,CS,B,43.6680,-60.2486,43.6680,-60.2486,,,401677762,-136
260378,260378,UT,DS,4,0,1,171,71,12:07:48 27-Feb-2024,NP,0,43.5743,-60.2033,43.5743,-60.2033,48,,401677730,-132
260378,260378,UT,DS,3,0,0,214,58,12:19:38 27-Feb-2024,NK,A,43.5745,-60.1900,43.5745,-60.1900,6,,401677731,-125
260378,260378,UT,DS,3,0,0,167,58,12:21:51 27-Feb-2024,MC,A,43.5727,-60.1982,43.5727,-60.1982,6,,401677734,-124
260378,260378,UT,DS,2,0,1,274,274,13:09:52 27-Feb-2024,MB,B,43.5915,-60.2025,43.5915,-60.2025,8,,401677741,-130
260378,260378,UT,DS,1,0,0,,,13:39:51 27-Feb-2024,NN,B,43.5946,-60.2042,43.5946,-60.2042,6,,401677737,-137
260378,260378,UT,DS,6,1,0,,,13:46:52 27-Feb-2024,NP,0,43.5656,-60.1203,43.5656,-60.1203,48,,401677722,-138
260378,260378,UT,DS,2,0,1,282,282,13:58:07 27-Feb-2024,NK,B,43.5653,-60.1153,43.5653,-60.1153,6,,401677737,-133
260378,260378,UT,DS,3,0,0,266,170,13:59:37 27-Feb-2024,MC,A,43.5675,-60.1172,43.5675,-60.1172,6,,401677729,-116
260378,260378,UT,DS,1,0,0,,,14:45:28 27-Feb-2024,O3,B,43.5671,-60.0960,43.5671,-60.0960,8,,401677728,-136
260378,260378,UT,DS,2,0,0,95,95,15:24:12 27-Feb-2024,NN,B,43.5597,-60.0770,43.5597,-60.0770,8,,401677730,-119
260378,260378,UT,DS,2,0,0,52,52,15:34:46 27-Feb-2024,NP,B,43.5629,-60.0364,43.5629,-60.0364,6,,401677733,-132
260378,260378,UT,DS,1,0,1,,,15:45:31 27-Feb-2024,MC,B,43.5632,-60.0381,43.5632,-60.0381,6,,401677736,-125
260378,260378,UT,DS,3,0,0,249,244,16:20:19 27-Feb-2024,O3,A,43.5768,-60.0613,43.5768,-60.0613,8,,401677728,-123
260378,260378,UT,DS,1,0,0,,,17:00:57 27-Feb-2024,NN,B,43.5806,-60.0567,43.5806,-60.0567,8,,401677727,-137
260378,260378,UT,DS,2,0,0,453,453,22:01:42 27-Feb-2024,NK,B,43.5821,-60.1539,43.5821,-60.1539,6,,401677747,-121
260378,260378,UT,DS,1,0,0,,,22:01:32 27-Feb-2024,NP,B,43.6143,-60.1057,43.6143,-60.1057,8,,401677770,-137
260378,260378,UT,DS,3,0,0,245,239,22:40:44 27-Feb-2024,A1,A,43.6453,-60.2916,43.6453,-60.2916,8,,401677726,-119
260378,260378,UT,DS,1,0,0,,,22:40:40 27-Feb-2024,CS,B,43.5863,-60.1534,43.5863,-60.1534,8,,401677740,-132
260378,260378,UT,DS,2,0,0,225,225,22:48:36 27-Feb-2024,SR,B,43.6452,-60.2918,43.6452,-60.2918,6,,401677718,-121
260378,260378,UT,DS,4,0,0,185,171,23:39:20 27-Feb-2024,NK,3,43.6574,-60.3524,43.6574,-60.3524,56,,401677725,-123
260378,260378,UT,DS,3,0,1,180,171,23:36:17 27-Feb-2024,NP,A,43.6613,-60.3564,43.6613,-60.3564,8,,401677726,-125
260378,260378,UT,DS,3,0,0,211,198,23:47:55 27-Feb-2024,MC,A,43.6661,-60.3692,43.6661,-60.3692,6,,401677724,-124
260378,260378,UT,DS,1,0,0,,,00:11:31 28-Feb-2024,A1,B,43.6673,-60.3683,43.6673,-60.3683,6,,401677723,-139
260378,260378,UT,DS,5,0,1,108,49,00:22:52 28-Feb-2024,SR,2,43.6775,-60.3829,43.6775,-60.3829,56,,401677727,-133
260378,260378,UT,DS,2,0,0,184,184,00:33:29 28-Feb-2024,MB,B,43.6808,-60.3829,43.6808,-60.3829,6,,401677729,-127
260378,260378,UT,DS,2,0,0,405,405,01:11:50 28-Feb-2024,NN,B,43.7001,-60.4165,43.7001,-60.4165,8,,401677727,-128
260378,260378,UT,DS,1,0,1,,,01:15:13 28-Feb-2024,NP,B,43.7013,-60.4208,43.7013,-60.4208,6,,401677728,-135
260378,260378,UT,DS,5,0,1,111,45,01:31:43 28-Feb-2024,MC,3,43.6911,-60.4025,43.6911,-60.4025,56,,401677738,-116
260378,260378,UT,DS,2,0,0,272,272,01:57:04 28-Feb-2024,O3,B,43.6928,-60.4031,43.6928,-60.4031,6,,401677743,-129
260378,260378,UT,DS,4,0,0,178,90,02:50:05 28-Feb-2024,NN,2,43.7020,-60.3926,43.7020,-60.3926,58,,401677734,-125
260378,260378,UT,DS,1,0,1,,,12:50:38 28-Feb-2024,MB,B,43.7923,-60.7884,43.7923,-60.7884,8,,401677762,-133
260378,260378,UT,DS,2,0,0,206,206,13:28:23 28-Feb-2024,NK,B,43.8041,-60.4669,52.5425,-103.2720,6,,401677728,-125
260378,260378,UT,DS,4,0,1,214,196,13:36:21 28-Feb-2024,NP,1,43.8073,-60.4693,43.8073,-60.4693,56,,401677725,-135
260378,260378,UT,DS,4,0,0,218,209,13:39:37 28-Feb-2024,MC,3,43.8111,-60.4776,43.8111,-60.4776,56,,401677728,-114
260378,260378,UT,DS,1,0,0,,,14:35:00 28-Feb-2024,MB,B,43.8291,-60.4364,43.8291,-60.4364,8,,401677737,-130
260378,260378,UT,DS,4,0,0,236,210,15:13:31 28-Feb-2024,NN,0,43.8141,-60.5011,43.8141,-60.5011,58,,401677729,-121
260378,260378,UT,DS,1,0,0,,,15:19:15 28-Feb-2024,NP,B,43.8434,-60.4127,43.8434,-60.4127,6,,401677754,-131
260378,260378,UT,DS,2,0,0,228,228,15:37:36 28-Feb-2024,O3,B,43.8351,-60.4106,43.8351,-60.4106,6,,401677749,-123
260378,260378,UT,DS,1,0,0,,,16:56:48 28-Feb-2024,NN,B,43.8584,-60.3677,43.8584,-60.3677,8,,401677741,-137
260378,260378,UT,DS,1,0,0,,,21:35:50 28-Feb-2024,NK,B,43.9435,-60.2136,43.9435,-60.2136,8,,401677740,-133
260378,260378,UT,DS,2,0,0,314,314,21:56:20 28-Feb-2024,CS,B,43.8115,-60.4637,43.8115,-60.4637,6,,401677734,-132
260378,260378,UT,DS,3,0,0,278,258,22:13:15 28-Feb-2024,SR,A,43.8235,-60.5318,42.2755,-52.6551,58,,401677728,-119
260378,260378,UT,DS,2,0,1,320,320,22:20:40 28-Feb-2024,A1,B,43.8242,-60.5319,42.3370,-52.6098,6,,401677728,-117
260378,260378,UT,DS,8,1,0,,,23:12:54 28-Feb-2024,NK,2,43.8327,-60.5055,43.8327,-60.5055,58,,401677728,-121
260378,260378,UT,DS,2,0,0,358,358,23:31:20 28-Feb-2024,NP,B,43.8304,-60.5238,43.8304,-60.5238,6,,401677730,-130
260378,260378,UT,DS,1,0,0,,,23:25:22 28-Feb-2024,MC,B,43.8250,-60.5317,42.4224,-52.6089,8,,401677732,-128
260378,260378,UT,DS,10,1,1,,,23:52:11 28-Feb-2024,SR,2,43.8428,-60.5218,43.8428,-60.5218,56,,401677731,-127
260378,260378,UT,DS,4,1,0,,,23:50:02 28-Feb-2024,A1,2,43.8436,-60.5118,43.8436,-60.5118,56,,401677735,-129
260378,260378,UT,DS,9,3,0,,,00:12:31 29-Feb-2024,MB,3,43.8441,-60.5306,43.8441,-60.5306,56,,401677728,-125
260378,260378,UT,DS,2,0,0,243,243,00:56:06 29-Feb-2024,NK,B,43.8551,-60.5294,43.8551,-60.5294,,,401677731,-130
260378,260378,UT,DS,2,0,0,480,480,00:56:06 29-Feb-2024,NN,B,43.8507,-60.5228,43.8507,-60.5228,8,,401677732,-127
260378,260378,UT,DS,2,0,0,247,247,01:07:28 29-Feb-2024,MC,B,43.8510,-60.5350,43.8510,-60.5350,6,,401677732,-114
260378,260378,UT,DS,2,0,0,247,247,01:09:32 29-Feb-2024,NP,B,43.8513,-60.5360,43.8513,-60.5360,6,,401677733,-124
260378,260378,UT,DS,1,0,0,,,01:50:37 29-Feb-2024,MB,B,43.8518,-60.5341,43.8518,-60.5341,8,,401677727,-133
260378,260378,UT,DS,1,0,1,,,11:45:12 29-Feb-2024,CS,B,43.8664,-60.5366,43.8664,-60.5366,,,401677730,-139
260378,260378,UT,DS,1,0,1,,,11:45:12 29-Feb-2024,NP,B,43.8699,-60.5247,43.8699,-60.5247,8,,401677725,-135
260378,260378,UT,DS,4,0,0,178,165,13:07:33 29-Feb-2024,NK,3,43.8517,-60.6281,43.8517,-60.6281,58,,401677728,-127
260378,260378,UT,DS,1,0,0,,,13:15:54 29-Feb-2024,NN,B,43.8514,-60.6308,43.8514,-60.6308,6,,401677724,-135
260378,260378,UT,DS,4,0,0,182,177,13:23:22 29-Feb-2024,NP,1,43.8562,-60.6486,43.8562,-60.6486,40,,401677723,-136
260378,260378,UT,DS,3,0,0,180,177,13:23:22 29-Feb-2024,MC,A,43.8584,-60.6374,43.8584,-60.6374,6,,401677725,-121
260378,260378,UT,DS,2,0,0,231,231,14:11:37 29-Feb-2024,MB,B,43.8517,-60.6530,43.8517,-60.6530,8,,401677731,-123
260378,260378,UT,DS,5,0,1,186,46,15:04:52 29-Feb-2024,NN,1,43.8342,-60.6605,43.8342,-60.6605,46,,401677728,-124
260378,260378,UT,DS,4,0,0,68,46,15:04:01 29-Feb-2024,MC,2,43.8309,-60.6522,43.8309,-60.6522,58,,401677734,-120
260378,260378,UT,DS,3,0,0,200,61,15:05:17 29-Feb-2024,NP,A,43.8326,-60.6497,43.8326,-60.6497,6,,401677728,-131
260378,260378,UT,DS,1,0,1,,,15:50:49 29-Feb-2024,MB,B,43.8165,-60.6548,43.8165,-60.6548,8,,401677729,-133
260378,260378,UT,DS,3,0,0,235,234,16:30:00 29-Feb-2024,O3,A,43.8153,-60.6715,43.8153,-60.6715,8,,401677726,-121
260378,260378,UT,DS,2,0,0,46,46,16:38:05 29-Feb-2024,NN,B,43.8209,-60.6757,43.8209,-60.6757,6,,401677730,-129
260378,260378,UT,DS,1,0,1,,,16:41:55 29-Feb-2024,MC,B,43.8210,-60.6750,43.8210,-60.6750,6,,401677730,-135
260378,260378,UT,DS,1,0,0,,,21:43:14 29-Feb-2024,SR,B,43.8268,-60.7195,43.8268,-60.7195,8,,401677722,-127
260378,260378,UT,DS,1,0,0,,,21:55:21 29-Feb-2024,A1,B,43.8500,-60.7584,43.8500,-60.7584,6,,401677710,-133
260378,260378,UT,DS,3,0,0,179,110,22:48:25 29-Feb-2024,NK,A,43.8541,-60.9174,43.8541,-60.9174,7,,401677725,-123
260378,260378,UT,DS,1,0,0,,,23:07:44 29-Feb-2024,MC,B,43.8542,-60.9176,43.8542,-60.9176,6,,401677727,-127
260378,260378,UT,DS,2,0,0,213,213,23:16:53 29-Feb-2024,NP,B,43.8775,-60.9050,43.8775,-60.9050,6,,401677715,-132
260378,260378,UT,DS,4,0,0,164,143,23:26:52 29-Feb-2024,SR,2,43.8652,-60.8798,43.8652,-60.8798,40,,401677722,-122
260378,260378,UT,DS,4,0,1,142,139,23:26:50 29-Feb-2024,A1,2,43.8651,-60.8810,43.8651,-60.8810,56,,401677725,-127
260378,260378,UT,DS,1,0,1,,,23:51:56 29-Feb-2024,MB,B,43.8652,-60.9026,43.8652,-60.9026,6,,401677726,-133
260378,260378,UT,DS,4,0,0,206,185,00:24:18 01-Mar-2024,NK,1,43.8607,-60.9127,43.8607,-60.9127,48,,401677723,-140
260378,260378,UT,DS,4,0,1,218,197,00:42:26 01-Mar-2024,MC,1,43.8649,-60.9229,43.8649,-60.9229,56,,401677725,-114
260378,260378,UT,DS,1,0,0,,,00:46:14 01-Mar-2024,NN,B,43.8628,-60.9252,43.8628,-60.9252,6,,401677725,-133
260378,260378,UT,DS,4,0,1,223,154,00:51:27 01-Mar-2024,NP,0,43.8665,-60.9295,43.8665,-60.9295,46,,401677723,-121
260378,260378,UT,DS,2,0,1,544,544,01:30:57 01-Mar-2024,MB,B,43.8697,-60.9600,43.8697,-60.9600,8,,401677724,-127
260378,260378,UT,DS,1,0,0,,,01:59:04 01-Mar-2024,O3,B,43.8661,-60.9572,43.8661,-60.9572,6,,401677724,-138
260378,260378,UT,DS,12,2,0,,,02:32:13 01-Mar-2024,NN,3,43.8605,-60.9560,43.8605,-60.9560,56,,401677726,-120
260378,260378,UT,DS,9,0,2,64,45,02:25:28 01-Mar-2024,MC,2,43.8591,-60.9581,43.8591,-60.9581,56,,401677724,-121
260378,260378,UT,DS,5,1,0,,,02:34:02 01-Mar-2024,NP,2,43.8604,-60.9553,43.8604,-60.9553,56,,401677724,-130
260378,260378,UT,DS,1,0,1,,,11:35:32 01-Mar-2024,NP,B,43.8529,-61.4561,43.8529,-61.4561,8,,401677741,-139
260378,260378,UT,DS,2,0,0,173,173,12:42:12 01-Mar-2024,NK,B,43.8442,-61.1110,43.8442,-61.1110,8,,401677750,-122
260378,260378,UT,DS,3,0,0,188,158,13:02:10 01-Mar-2024,MC,A,43.8122,-61.0852,43.8122,-61.0852,8,,401677734,-119
260378,260378,UT,DS,2,0,0,227,227,13:20:33 01-Mar-2024,NP,B,43.8085,-61.0891,43.8085,-61.0891,6,,401677730,-125
260378,260378,UT,DS,3,0,0,204,191,13:48:56 01-Mar-2024,MB,A,43.8108,-61.1113,43.8108,-61.1113,6,,401677727,-123
260378,260378,UT,DS,3,0,0,193,190,14:45:50 01-Mar-2024,NN,A,43.8028,-61.1106,43.8028,-61.1106,6,,401677730,-121
260378,260378,UT,DS,3,0,1,193,190,14:42:36 01-Mar-2024,MC,A,43.8069,-61.1035,43.8069,-61.1035,8,,401677733,-121
260378,260378,UT,DS,1,0,0,,,14:56:05 01-Mar-2024,NP,B,43.8066,-61.1037,43.8066,-61.1037,6,,401677736,-137
260378,260378,UT,DS,3,0,0,210,184,15:44:48 01-Mar-2024,O3,A,43.7980,-61.1115,43.7980,-61.1115,8,,401677729,-124
260378,260378,UT,DS,2,0,0,209,209,16:22:01 01-Mar-2024,MC,B,43.8027,-61.1075,43.8027,-61.1075,8,,401677738,-130
260378,260378,UT,DS,3,0,0,226,221,16:27:26 01-Mar-2024,NN,A,43.8167,-61.1059,43.8167,-61.1059,6,,401677736,-125
260378,260378,UT,DS,1,0,0,,,21:36:04 01-Mar-2024,A1,B,43.7776,-61.0726,43.7776,-61.0726,8,,401677755,-137
260378,260378,UT,DS,3,0,1,243,241,22:15:11 01-Mar-2024,CS,A,43.7626,-61.1610,43.7626,-61.1610,8,,401677728,-136
260378,260378,UT,DS,2,0,0,252,252,22:19:15 01-Mar-2024,NK,B,43.7718,-61.1180,43.7718,-61.1180,8,,401677720,-127
260378,260378,UT,DS,4,0,0,179,156,22:51:45 01-Mar-2024,SR,2,43.7505,-61.1737,43.7505,-61.1737,58,,401677731,-120
260378,260378,UT,DS,3,0,0,255,245,22:59:05 01-Mar-2024,NP,A,43.7487,-61.1769,43.7487,-61.1769,6,,401677731,-131
260378,260378,UT,DS,1,0,0,,,23:07:36 01-Mar-2024,A1,B,43.7497,-61.1776,43.7497,-61.1776,6,,401677731,-122
260378,260378,UT,DS,2,0,0,100,100,23:37:59 01-Mar-2024,MB,B,43.7455,-61.2050,43.7455,-61.2050,8,,401677726,-130
260378,260378,UT,DS,2,0,1,266,266,00:03:16 02-Mar-2024,NK,B,43.7481,-61.1908,43.7481,-61.1908,6,,401677732,-127
260378,260378,UT,DS,2,0,0,237,237,00:27:19 02-Mar-2024,MC,B,43.7475,-61.1821,43.7475,-61.1821,8,,401677731,-118
260378,260378,UT,DS,1,0,0,,,00:29:18 02-Mar-2024,SR,B,43.7487,-61.1829,43.7487,-61.1829,6,,401677731,-133
260378,260378,UT,DS,3,0,0,307,246,00:36:49 02-Mar-2024,NP,A,43.7473,-61.1655,43.7473,-61.1655,6,,401677730,-124
260378,260378,UT,DS,1,0,0,,,00:36:49 02-Mar-2024,NN,B,43.7427,-61.1806,43.7427,-61.1806,,,401677735,-135
260378,260378,UT,DS,1,0,0,,,01:11:46 02-Mar-2024,MB,B,43.7395,-61.1790,43.7395,-61.1790,8,,401677734,-129
260378,260378,UT,DS,3,0,0,277,61,02:03:58 02-Mar-2024,MC,A,43.7535,-61.2192,43.7535,-61.2192,8,,401677730,-122
260378,260378,UT,DS,5,0,1,139,45,02:13:07 02-Mar-2024,NN,0,43.7512,-61.2283,43.7512,-61.2283,56,,401677729,-121
260378,260378,UT,DS,8,1,0,,,02:21:15 02-Mar-2024,NP,2,43.7410,-61.2252,43.7410,-61.2252,56,,401677731,-130
260378,260378,UT,DS,1,0,0,,,11:59:59 02-Mar-2024,CS,B,43.7481,-61.4981,43.7481,-61.4981,8,,401677702,-139
260378,260378,UT,DS,2,0,0,268,268,12:14:04 02-Mar-2024,NK,B,43.7685,-61.4878,43.7685,-61.4878,6,,401677715,-124
260378,260378,UT,DS,2,0,0,211,211,12:41:44 02-Mar-2024,MC,B,43.7111,-61.1753,43.7111,-61.1753,6,,401677733,-122
260378,260378,UT,DS,3,0,1,194,193,12:57:08 02-Mar-2024,NP,A,43.7172,-61.1661,43.7172,-61.1661,6,,401677731,-130
260378,260378,UT,DS,1,0,0,,,13:35:43 02-Mar-2024,MB,B,43.7132,-61.1866,43.7132,-61.1866,8,,401677732,-128
260378,260378,UT,DS,1,0,0,,,13:55:19 02-Mar-2024,NK,B,43.7158,-61.1755,43.7158,-61.1755,6,,401677730,-140
260378,260378,UT,DS,4,0,1,173,161,14:18:16 02-Mar-2024,MC,2,43.7205,-61.1660,43.7205,-61.1660,56,,401677733,-119
260378,260378,UT,DS,2,0,0,214,214,14:36:50 02-Mar-2024,NN,B,43.7252,-61.1629,43.7252,-61.1629,6,,401677732,-127
260378,260378,UT,DS,1,0,0,,,14:40:24 02-Mar-2024,NP,B,43.7259,-61.1667,43.7259,-61.1667,6,,401677729,-134
260378,260378,UT,DS,2,0,0,226,226,15:59:25 02-Mar-2024,MC,B,43.7099,-61.1976,43.7099,-61.1976,8,,401677722,-128
260378,260378,UT,DS,2,0,1,197,197,16:13:15 02-Mar-2024,NN,B,43.7225,-61.1386,43.7225,-61.1386,6,,401677740,-129
260378,260378,UT,DS,3,0,0,217,196,16:37:11 02-Mar-2024,O3,A,43.7167,-61.1859,43.7167,-61.1859,6,,401677732,-117
260378,260378,UT,DS,2,0,0,252,252,21:36:13 02-Mar-2024,CS,B,43.7071,-61.1735,43.7071,-61.1735,8,,401677731,-126
260378,260378,UT,DS,3,0,0,220,201,21:53:02 02-Mar-2024,NK,A,43.7048,-61.1740,43.7048,-61.1740,6,,401677746,-132
260378,260378,UT,DS,3,0,0,215,208,22:17:41 02-Mar-2024,SR,A,43.7054,-61.1783,43.7054,-61.1783,6,,401677729,-118
260378,260378,UT,DS,1,0,0,,,22:29:03 02-Mar-2024,MC,B,43.7053,-61.1762,43.7053,-61.1762,6,,401677730,-133
260378,260378,UT,DS,4,0,0,159,59,22:44:40 02-Mar-2024,A1,1,43.7112,-61.1699,43.7112,-61.1699,46,,401677730,-125
260378,260378,UT,DS,8,1,0,,,22:48:36 02-Mar-2024,NP,2,43.7045,-61.1591,43.7045,-61.1591,56,,401677731,-130
260378,260378,UT,DS,5,0,0,146,45,23:35:26 02-Mar-2024,NK,3,43.7122,-61.1532,43.7122,-61.1532,58,,401677729,-119
260378,260378,UT,DS,2,0,0,202,202,00:00:28 03-Mar-2024,SR,B,43.7109,-61.1617,43.7109,-61.1617,6,,401677727,-129
260378,260378,UT,DS,2,0,0,204,204,00:05:45 03-Mar-2024,MC,B,43.7106,-61.1599,43.7106,-61.1599,6,,401677729,-119
260378,260378,UT,DS,1,0,0,,,00:24:35 03-Mar-2024,NN,B,43.7126,-61.1656,43.7126,-61.1656,6,,401677727,-133
260378,260378,UT,DS,6,1,1,,,00:24:35 03-Mar-2024,NP,1,43.7080,-61.1788,43.7080,-61.1788,50,,401677728,-123
260378,260378,UT,DS,3,0,1,122,89,00:54:38 03-Mar-2024,MB,A,43.7104,-61.1665,43.7104,-61.1665,8,,401677728,-122
260378,260378,UT,DS,6,1,0,,,01:48:48 03-Mar-2024,MC,1,43.7196,-61.1703,43.7196,-61.1703,58,,401677731,-114
260378,260378,UT,DS,5,0,0,84,48,02:01:21 03-Mar-2024,NN,1,43.7142,-61.1685,43.7142,-61.1685,56,,401677731,-125
260378,260378,UT,DS,3,0,0,197,187,02:09:20 03-Mar-2024,NP,A,43.7177,-61.1608,43.7177,-61.1608,6,,401677731,-136
260378,260378,UT,DS,2,0,0,208,208,02:11:04 03-Mar-2024,O3,B,43.7198,-61.1600,43.7198,-61.1600,6,,401677729,-128
260378,260378,UT,DS,2,0,0,221,221,12:18:28 03-Mar-2024,MC,B,43.7626,-61.1872,43.7626,-61.1872,8,,401677737,-127
260378,260378,UT,DS,2,0,0,209,209,12:53:59 03-Mar-2024,NP,B,43.7429,-61.1731,43.7429,-61.1731,8,,401677730,-122
260378,260378,UT,DS,2,0,1,197,197,13:11:39 03-Mar-2024,MB,B,43.7407,-61.1698,43.7407,-61.1698,6,,401677733,-135
260378,260378,UT,DS,1,0,0,,,13:30:11 03-Mar-2024,NK,B,43.7400,-61.1712,43.7400,-61.1712,6,,401677738,-132
260378,260378,UT,DS,3,0,0,297,203,13:57:18 03-Mar-2024,MC,A,43.7288,-61.2093,43.7288,-61.2093,8,,401677731,-115
260378,260378,UT,DS,7,1,1,,,14:19:54 03-Mar-2024,NN,2,43.7223,-61.1967,43.7223,-61.1967,56,,401677730,-123
260378,260378,UT,DS,9,2,1,,,14:26:15 03-Mar-2024,NP,3,43.7253,-61.1923,43.7253,-61.1923,56,,401677732,-121
260378,260378,UT,DS,2,0,0,195,195,14:51:32 03-Mar-2024,MB,B,43.7281,-61.1936,43.7281,-61.1936,6,,401677732,-132
260378,260378,UT,DS,2,0,0,208,208,15:38:49 03-Mar-2024,MC,B,43.7274,-61.2086,43.7274,-61.2086,8,,401677724,-120
260378,260378,UT,DS,1,0,0,,,15:55:28 03-Mar-2024,O3,B,43.7274,-61.2089,43.7274,-61.2089,6,,401677726,-132
260378,260378,UT,DS,3,0,1,220,216,16:01:03 03-Mar-2024,NN,A,43.7265,-61.1798,43.7265,-61.1798,6,,401677730,-125
260378,260378,UT,DS,3,0,1,229,227,21:47:06 03-Mar-2024,SR,A,43.7379,-61.2422,43.7379,-61.2422,8,,401677728,-122
260378,260378,UT,DS,2,0,0,245,245,22:19:50 03-Mar-2024,A1,B,43.7350,-61.2525,43.7350,-61.2525,8,,401677729,-122
260378,260378,UT,DS,1,0,0,,,22:33:50 03-Mar-2024,CS,B,43.7333,-61.2526,43.7333,-61.2526,6,,401677725,-136
260378,260378,UT,DS,2,0,0,220,220,22:37:44 03-Mar-2024,NP,B,43.7344,-61.2444,43.7344,-61.2444,6,,401677725,-132
260378,260378,UT,DS,3,0,1,183,172,23:13:59 03-Mar-2024,NK,A,43.7264,-61.2366,43.7264,-61.2366,8,,401677730,-120
260378,260378,UT,DS,4,0,0,191,174,23:27:58 03-Mar-2024,SR,3,43.7256,-61.2322,43.7256,-61.2322,56,,401677728,-129
260378,260378,UT,DS,5,0,0,105,45,23:42:26 03-Mar-2024,MC,3,43.7248,-61.2385,43.7248,-61.2385,56,,401677729,-124
260378,260378,UT,DS,1,0,0,,,23:56:43 03-Mar-2024,A1,B,43.7255,-61.2379,43.7255,-61.2379,6,,401677725,-138
260378,260378,UT,DS,2,0,0,203,203,00:08:24 04-Mar-2024,NN,B,43.7233,-61.2445,43.7233,-61.2445,6,,401677730,-130
260378,260378,UT,DS,4,0,0,238,236,00:11:47 04-Mar-2024,NP,2,43.7250,-61.2536,43.7250,-61.2536,56,,401677728,-121
260378,260378,UT,DS,2,0,0,220,220,00:35:59 04-Mar-2024,MB,B,43.7255,-61.2545,43.7255,-61.2545,6,,401677729,-131
260378,260378,UT,DS,1,0,0,,,01:28:05 04-Mar-2024,O3,B,43.7332,-61.2554,43.7332,-61.2554,,,401677729,-138
260378,260378,UT,DS,2,0,0,232,232,01:28:05 04-Mar-2024,MC,B,43.7332,-61.2560,43.7332,-61.2560,8,,401677729,-117
260378,260378,UT,DS,3,0,0,197,162,01:47:53 04-Mar-2024,NN,A,43.7335,-61.2638,43.7335,-61.2638,6,,401677728,-123
260378,260378,UT,DS,1,0,0,,,02:03:01 04-Mar-2024,NP,B,43.7335,-61.2651,43.7335,-61.2651,6,,401677730,-132
260378,260378,UT,DS,1,0,0,,,03:00:46 04-Mar-2024,O3,B,43.7326,-61.2710,43.7326,-61.2710,8,,401677730,-123
260378,260378,UT,DS,1,0,0,,,12:17:25 04-Mar-2024,CS,B,43.7391,-61.2644,43.7391,-61.2644,8,,401677726,-140
260378,260378,UT,DS,3,0,0,122,46,12:39:54 04-Mar-2024,NP,A,43.7237,-61.2590,43.7237,-61.2590,8,,401677720,-131
260378,260378,UT,DS,2,0,0,45,45,13:02:35 04-Mar-2024,NK,B,43.7321,-61.2413,43.7321,-61.2413,6,,401677715,-120
260378,260378,UT,DS,1,0,0,,,13:45:21 04-Mar-2024,MC,B,43.7311,-61.2431,43.7311,-61.2431,8,,401677718,-124
260378,260378,UT,DS,3,0,0,276,186,14:05:04 04-Mar-2024,NN,A,43.7272,-61.1810,,,6,,401677731,-127
260378,260378,UT,DS,4,0,0,187,182,14:15:50 04-Mar-2024,NP,1,43.7244,-61.1648,,,46,,401677730,-125
260378,260378,UT,DS,1,0,0,,,14:27:02 04-Mar-2024,MB,B,43.7244,-61.1646,,,6,,401677728,-132
260378,260378,UT,DS,3,0,0,101,45,15:05:57 04-Mar-2024,O3,A,43.7322,-61.1818,43.7322,-61.1818,7,,401677736,-131
260378,260378,UT,DS,2,0,0,187,187,15:17:06 04-Mar-2024,MC,B,43.7225,-61.1695,43.7225,-61.1695,8,,401677732,-120
260378,260378,UT,DS,3,0,0,212,200,15:45:11 04-Mar-2024,NN,A,43.7225,-61.1642,43.7225,-61.1642,6,,401677733,-119
260378,260378,UT,DS,3,0,0,174,158,15:56:53 04-Mar-2024,NP,A,43.7264,-61.1775,43.7264,-61.1775,6,,401677732,-136
260378,260378,UT,DS,2,0,0,197,197,16:44:03 04-Mar-2024,O3,B,43.7128,-61.1770,43.7128,-61.1770,8,,401677724,-123
260378,260378,UT,DS,3,0,0,147,91,21:52:42 04-Mar-2024,CS,A,43.7165,-61.2579,43.7165,-61.2579,8,,401677725,-128
260378,260378,UT,DS,3,0,0,239,45,21:57:00 04-Mar-2024,A1,A,43.6971,-61.2517,,,8,,401677728,-134
260378,260378,UT,DS,4,0,0,133,117,22:24:31 04-Mar-2024,NP,0,43.7042,-61.2686,43.7042,-61.2686,46,,401677727,-136
260378,260378,UT,DS,10,3,0,,,22:45:24 04-Mar-2024,NK,3,43.7070,-61.2887,43.7070,-61.2887,56,,401677726,-119
260378,260378,UT,DS,10,2,0,,,22:56:09 04-Mar-2024,SR,3,43.7103,-61.2733,43.7103,-61.2733,58,,401677727,-117
260378,260378,UT,DS,9,1,0,,,00:01:36 05-Mar-2024,NP,2,43.7037,-61.3128,43.7037,-61.3128,58,,401677726,-122
260378,260378,UT,DS,7,0,2,45,45,00:13:27 05-Mar-2024,MB,2,43.7057,-61.3136,43.7057,-61.3136,56,,401677726,-124
260378,260378,UT,DS,1,0,0,,,00:35:53 05-Mar-2024,SR,B,43.7048,-61.3197,,,6,,401677730,-136
260378,260378,UT,DS,5,0,0,122,112,01:02:34 05-Mar-2024,MC,1,43.7182,-61.2989,,,56,,401677728,-112
260378,260378,UT,DS,1,0,0,,,01:35:09 05-Mar-2024,NN,B,43.7167,-61.3082,,,8,,401677726,-129
260378,260378,UT,DS,6,1,0,,,01:51:06 05-Mar-2024,NP,2,43.7197,-61.3458,,,56,,401677729,-127
260378,260378,UT,DS,3,0,0,95,47,01:52:01 05-Mar-2024,MB,A,43.7217,-61.3394,,,6,,401677728,-131
260378,260378,UT,DS,1,0,1,,,02:16:56 05-Mar-2024,O3,B,43.7218,-61.3395,43.7218,-61.3395,6,,401677729,-134
260378,260378,UT,DS,2,0,0,264,264,12:23:58 05-Mar-2024,NP,B,43.7346,-61.4078,43.7346,-61.4078,8,,401677726,-135
260378,260378,UT,DS,3,0,0,211,207,12:38:41 05-Mar-2024,NK,A,43.7579,-61.4054,43.7579,-61.4054,6,,401677733,-123
260378,260378,UT,DS,4,0,1,140,45,13:15:37 05-Mar-2024,MC,2,43.7540,-61.4044,43.7540,-61.4044,58,,401677732,-133
260378,260378,UT,DS,3,0,0,189,177,14:01:46 05-Mar-2024,NN,A,43.7492,-61.4108,43.7492,-61.4108,8,,401677732,-126
260378,260378,UT,DS,3,0,0,172,172,14:01:46 05-Mar-2024,NP,A,43.7533,-61.4063,43.7533,-61.4063,,,401677734,-122
260378,260378,UT,DS,1,0,0,,,14:07:31 05-Mar-2024,MB,B,43.7533,-61.4061,43.7533,-61.4061,6,,401677734,-125
260378,260378,UT,DS,1,0,0,,,15:02:06 05-Mar-2024,MC,B,43.7574,-61.4144,43.7574,-61.4144,8,,401677739,-118
260378,260378,UT,DS,2,0,0,170,170,15:38:58 05-Mar-2024,NN,B,43.7590,-61.4146,43.7590,-61.4146,8,,401677739,-123
260378,260378,UT,DS,2,0,0,367,367,15:59:07 05-Mar-2024,O3,B,43.7577,-61.4135,43.7577,-61.4135,6,,401677736,-126
260378,260378,UT,DS,3,0,0,269,262,22:20:47 05-Mar-2024,NK,A,43.7418,-61.4821,43.7418,-61.4821,8,,401677734,-125
260378,260378,UT,DS,3,0,0,248,220,22:25:19 05-Mar-2024,SR,A,43.7482,-61.5021,43.7482,-61.5021,8,,401677733,-122
260378,260378,UT,DS,1,0,0,,,23:09:49 05-Mar-2024,A1,B,43.7523,-61.5116,43.7523,-61.5116,8,,401677732,-135
260378,260378,UT,DS,2,0,0,316,316,23:51:06 05-Mar-2024,NP,B,43.7448,-61.4870,43.7448,-61.4870,8,,401677729,-129
260378,260378,UT,DS,1,0,0,,,23:56:23 05-Mar-2024,NK,B,43.7445,-61.4874,43.7445,-61.4874,6,,401677726,-135
260378,260378,UT,DS,1,0,1,,,00:06:45 06-Mar-2024,SR,B,43.7439,-61.4872,43.7439,-61.4872,6,,401677736,-138
260378,260378,UT,DS,2,0,0,46,46,00:46:38 06-Mar-2024,MC,B,43.7371,-61.4986,43.7371,-61.4986,8,,401677732,-121
260378,260378,UT,DS,1,0,0,,,01:25:14 06-Mar-2024,NN,B,43.7352,-61.4996,43.7352,-61.4996,8,,401677731,-126
260378,260378,UT,DS,5,0,2,131,45,01:30:23 06-Mar-2024,NP,3,43.7275,-61.4968,43.7275,-61.4968,56,,401677735,-129
260378,260378,UT,DS,2,0,1,233,233,01:30:46 06-Mar-2024,MB,B,43.7281,-61.4962,43.7281,-61.4962,6,,401677735,-132
260378,260378,UT,DS,1,0,0,,,01:34:38 06-Mar-2024,O3,B,43.7318,-61.4928,43.7318,-61.4928,6,,401677735,-134
260378,260378,UT,DS,1,0,0,,,02:27:59 06-Mar-2024,MC,B,43.7287,-61.4975,43.7287,-61.4975,8,,401677733,-125
260378,260378,UT,DS,3,0,0,225,194,12:19:06 06-Mar-2024,NK,A,43.7936,-61.4509,43.7936,-61.4509,6,,401677730,-122
260378,260378,UT,DS,3,0,1,225,194,12:11:36 06-Mar-2024,NP,A,43.7878,-61.4529,43.7878,-61.4529,8,,401677721,-133
260378,260378,UT,DS,3,0,1,284,211,12:54:50 06-Mar-2024,MC,A,43.7966,-61.4577,43.7966,-61.4577,8,,401677732,-120
260378,260378,UT,DS,1,0,0,,,13:44:55 06-Mar-2024,NN,B,43.7991,-61.4615,43.7991,-61.4615,8,,401677728,-137
260378,260378,UT,DS,1,0,0,,,13:52:37 06-Mar-2024,MB,B,43.8100,-61.4307,43.8100,-61.4307,,,401677735,-128
260378,260378,UT,DS,2,0,0,402,402,13:52:37 06-Mar-2024,NP,B,43.8087,-61.4310,43.8087,-61.4310,6,,401677733,-126
260378,260378,UT,DS,2,0,0,201,201,14:36:44 06-Mar-2024,MC,B,43.8165,-61.4335,43.8165,-61.4335,8,,401677735,-118
260378,260378,UT,DS,2,0,0,195,195,15:13:15 06-Mar-2024,O3,B,43.8228,-61.4626,43.8228,-61.4626,8,,401677734,-133
260378,260378,UT,DS,5,0,0,164,45,15:28:33 06-Mar-2024,NN,1,43.8180,-61.4462,43.8180,-61.4462,56,,401677732,-123
260378,260378,UT,DS,2,0,0,245,245,15:34:19 06-Mar-2024,NP,B,43.8294,-61.4499,,,6,,401677738,-134
260378,260378,UT,DS,1,0,0,,,16:19:03 06-Mar-2024,MC,B,43.8342,-61.4523,43.8342,-61.4523,8,,401677736,-131
260378,260378,UT,DS,4,0,0,152,46,16:54:24 06-Mar-2024,O3,2,43.8368,-61.4606,43.8368,-61.4606,58,,401677732,-120
260378,260378,UT,DS,2,0,0,192,192,21:50:23 06-Mar-2024,SR,B,43.8543,-61.4966,43.8543,-61.4966,8,,401677737,-130
260378,260378,UT,DS,2,0,0,202,202,22:47:37 06-Mar-2024,A1,B,43.8515,-61.4679,43.8515,-61.4679,6,,401677733,-128
260378,260378,UT,DS,1,0,0,,,22:45:56 06-Mar-2024,MC,B,43.8505,-61.4737,43.8505,-61.4737,8,,401677732,-132
260378,260378,UT,DS,1,0,1,,,23:33:34 06-Mar-2024,NK,B,43.8557,-61.4704,43.8557,-61.4704,8,,401677734,-130
260378,260378,UT,DS,2,0,1,178,178,23:41:28 06-Mar-2024,NP,B,43.8568,-61.4755,43.8568,-61.4755,6,,401677730,-123
260378,260378,UT,DS,2,0,0,209,209,00:23:06 07-Mar-2024,MC,B,43.8483,-61.4845,43.8483,-61.4845,8,,401677731,-120
260378,260378,UT,DS,1,0,0,,,01:22:13 07-Mar-2024,NP,B,43.8461,-61.4884,43.8461,-61.4884,8,,401677727,-124
260378,260378,UT,DS,2,0,0,255,255,02:51:19 07-Mar-2024,NN,B,43.8521,-61.4940,43.8521,-61.4940,8,,401677731,-124
260378,260378,UT,DS,1,0,0,,,12:40:35 07-Mar-2024,MC,B,43.8792,-61.5428,43.8792,-61.5428,8,,401677724,-131
260378,260378,UT,DS,2,0,1,334,334,13:25:20 07-Mar-2024,MB,B,43.8829,-61.5416,43.8829,-61.5416,8,,401677728,-129
260378,260378,UT,DS,1,0,1,,,13:30:53 07-Mar-2024,NN,B,43.8834,-61.5430,43.8834,-61.5430,6,,401677728,-133
260378,260378,UT,DS,1,0,1,,,14:14:34 07-Mar-2024,MC,B,43.8726,-61.5386,43.8726,-61.5386,8,,401677731,-129
260378,260378,UT,DS,3,0,0,187,182,15:16:38 07-Mar-2024,NN,A,43.8830,-61.5078,43.8830,-61.5078,8,,401677732,-124
260378,260378,UT,DS,2,0,1,186,186,15:55:53 07-Mar-2024,MC,B,43.8799,-61.5014,43.8799,-61.5014,8,,401677723,-129
260378,260378,UT,DS,3,0,1,194,186,16:08:40 07-Mar-2024,O3,A,43.8852,-61.4949,43.8852,-61.4949,6,,401677734,-122
260378,260378,UT,DS,2,0,0,384,384,16:51:19 07-Mar-2024,NN,B,43.8865,-61.4875,43.8865,-61.4875,8,,401677732,-131
260378,260378,UT,DS,3,0,0,194,182,22:25:00 07-Mar-2024,A1,A,43.8885,-61.4804,,,8,,401677735,-122
260378,260378,UT,DS,9,2,1,,,23:00:32 07-Mar-2024,SR,2,43.8852,-61.4723,43.8852,-61.4723,48,,401677734,-118
260378,260378,UT,DS,3,0,0,69,45,23:09:27 07-Mar-2024,MB,A,43.8838,-61.4660,43.8838,-61.4660,6,,401677734,-131
260378,260378,UT,DS,3,0,1,207,174,00:02:59 08-Mar-2024,MC,A,43.8890,-61.4536,43.8890,-61.4536,8,,401677732,-119
260378,260378,UT,DS,1,0,0,,,00:38:39 08-Mar-2024,SR,B,43.8884,-61.4493,43.8884,-61.4493,7,,401677742,-137
260378,260378,UT,DS,4,0,0,111,46,00:50:55 08-Mar-2024,MB,0,43.8780,-61.4616,43.8780,-61.4616,46,,401677734,-122
260378,260378,UT,DS,7,0,0,115,45,00:55:06 08-Mar-2024,NN,1,43.8780,-61.4639,,,46,,401677732,-124
260378,260378,UT,DS,3,0,1,323,211,01:07:44 08-Mar-2024,NP,A,43.8866,-61.4525,,,6,,401677732,-129
260378,260378,UT,DS,1,0,0,,,01:38:41 08-Mar-2024,O3,B,43.8868,-61.4478,43.8868,-61.4478,8,,401677732,-136
260378,260378,UT,DS,2,0,0,208,208,01:40:25 08-Mar-2024,MC,B,43.8844,-61.4494,43.8844,-61.4494,6,,401677735,-113
260378,260378,UT,DS,1,0,0,,,02:44:07 08-Mar-2024,NN,B,43.8835,-61.4508,43.8835,-61.4508,8,,401677731,-129
260378,260378,UT,DS,3,0,0,103,45,12:16:14 08-Mar-2024,MC,A,43.8722,-61.4234,43.8722,-61.4234,8,,401677737,-128
260378,260378,UT,DS,4,0,0,193,175,13:00:58 08-Mar-2024,NK,3,43.8740,-61.4140,43.8740,-61.4140,58,,401677732,-120
260378,260378,UT,DS,2,0,0,183,183,13:02:36 08-Mar-2024,MB,B,43.8819,-61.4191,43.8819,-61.4191,8,,401677738,-129
260378,260378,UT,DS,1,0,0,,,13:17:10 08-Mar-2024,NN,B,43.8830,-61.4198,43.8830,-61.4198,6,,401677738,-129
260378,260378,UT,DS,6,0,0,91,45,13:26:57 08-Mar-2024,NP,2,43.8871,-61.4229,43.8871,-61.4229,66,,401677733,-120
260378,260378,UT,DS,4,0,0,137,45,13:52:42 08-Mar-2024,MC,0,43.8764,-61.3533,43.8764,-61.3533,46,,401677730,-112
260378,260378,UT,DS,2,0,0,187,187,14:43:32 08-Mar-2024,MB,B,43.8917,-61.3500,43.8917,-61.3500,8,,401677739,-130
260378,260378,UT,DS,2,0,0,203,203,15:00:50 08-Mar-2024,NN,B,43.8947,-61.3529,43.8947,-61.3529,6,,401677731,-123
260378,260378,UT,DS,2,0,0,190,190,15:08:50 08-Mar-2024,NP,B,43.9025,-61.3590,43.9025,-61.3590,6,,401677735,-129
260378,260378,UT,DS,6,0,1,56,46,15:22:29 08-Mar-2024,O3,1,43.9065,-61.3890,43.9065,-61.3890,56,,401677733,-125
260378,260378,UT,DS,4,0,2,213,45,15:32:48 08-Mar-2024,MC,1,43.8947,-61.3608,43.8947,-61.3608,46,,401677733,-124
260378,260378,UT,DS,4,0,1,159,149,16:42:22 08-Mar-2024,NN,1,43.8858,-61.3724,43.8858,-61.3724,58,,401677734,-129
260378,260378,UT,DS,3,0,0,168,145,16:57:43 08-Mar-2024,O3,A,43.8893,-61.3843,43.8893,-61.3843,6,,401677732,-119
260378,260378,UT,DS,2,0,0,186,186,22:26:20 08-Mar-2024,CS,B,43.8946,-61.4176,43.8946,-61.4176,8,,401677739,-133
260378,260378,UT,DS,4,0,1,182,172,22:27:54 08-Mar-2024,SR,2,43.9169,-61.4526,43.9169,-61.4526,68,,401677730,-123
260378,260378,UT,DS,3,0,0,199,190,22:43:06 08-Mar-2024,NK,A,43.9134,-61.4106,43.9134,-61.4106,6,,401677730,-120
260378,260378,UT,DS,2,0,0,214,214,23:18:53 08-Mar-2024,NP,B,43.9096,-61.4107,43.9096,-61.4107,8,,401677729,-133
260378,260378,UT,DS,2,0,0,231,231,23:36:24 08-Mar-2024,A1,B,43.9080,-61.4303,43.9080,-61.4303,6,,401677727,-133
260378,260378,UT,DS,2,0,0,185,185,23:38:19 08-Mar-2024,MC,B,43.9226,-61.4338,43.9226,-61.4338,6,,401677724,-127
260378,260378,UT,DS,3,0,1,205,201,00:08:07 09-Mar-2024,SR,A,43.9005,-61.4312,43.9005,-61.4312,6,,401677726,-130
260378,260378,UT,DS,5,0,0,128,45,00:20:31 09-Mar-2024,NK,2,43.9166,-61.4460,43.9166,-61.4460,56,,401677737,-129
260378,260378,UT,DS,5,0,1,115,45,00:26:56 09-Mar-2024,MB,2,43.9175,-61.4437,43.9175,-61.4437,56,,401677729,-126
260378,260378,UT,DS,8,2,0,,,00:44:54 09-Mar-2024,NN,2,43.9159,-61.4431,43.9159,-61.4431,56,,401677729,-126
260378,260378,UT,DS,7,0,1,83,45,00:51:38 09-Mar-2024,NP,2,43.9155,-61.4595,43.9155,-61.4595,56,,401677728,-123
260378,260378,UT,DS,9,2,0,,,01:19:10 09-Mar-2024,MC,3,43.9063,-61.4675,43.9063,-61.4675,56,,401677728,-113
260378,260378,UT,DS,1,0,0,,,11:55:17 09-Mar-2024,MC,B,43.9254,-61.4993,43.9254,-61.4993,8,,401677721,-128
260378,260378,UT,DS,1,0,0,,,12:09:18 09-Mar-2024,CS,B,43.9214,-61.5525,43.9214,-61.5525,6,,401677742,-136
260378,260378,UT,DS,4,0,0,200,197,12:37:28 09-Mar-2024,NK,2,43.9129,-61.5887,43.9129,-61.5887,56,,401677730,-119
260378,260378,UT,DS,1,0,0,,,12:42:26 09-Mar-2024,MB,B,43.9211,-61.5721,43.9211,-61.5721,8,,401677718,-133
260378,260378,UT,DS,4,0,0,209,207,13:13:43 09-Mar-2024,NP,2,43.9119,-61.5783,43.9119,-61.5783,58,,401677723,-137
260378,260378,UT,DS,3,0,1,211,187,13:34:44 09-Mar-2024,MC,A,43.9199,-61.5843,43.9199,-61.5843,6,,401677728,-127
260378,260378,UT,DS,2,0,1,208,208,14:14:16 09-Mar-2024,NK,B,43.9171,-61.5951,43.9171,-61.5951,8,,401677730,-135
260378,260378,UT,DS,3,0,1,245,245,14:21:23 09-Mar-2024,MB,A,43.9377,-61.6003,43.9377,-61.6003,6,,401677730,-124
260378,260378,UT,DS,2,0,0,216,216,14:43:07 09-Mar-2024,NN,B,43.9332,-61.6156,43.9332,-61.6156,6,,401677732,-127
260378,260378,UT,DS,3,0,1,218,214,14:57:31 09-Mar-2024,NP,A,43.9337,-61.6026,43.9337,-61.6026,6,,401677734,-132
260378,260378,UT,DS,3,0,0,147,72,15:12:13 09-Mar-2024,MC,A,43.9195,-61.6030,43.9195,-61.6030,6,,401677734,-131
260378,260378,UT,DS,3,0,0,231,230,16:12:01 09-Mar-2024,O3,A,43.9426,-61.6220,43.9426,-61.6220,8,,401677741,-122
260378,260378,UT,DS,4,0,0,233,222,16:23:05 09-Mar-2024,NN,3,43.9307,-61.6135,43.9307,-61.6135,56,,401677735,-128
260378,260378,UT,DS,2,0,0,221,221,21:38:41 09-Mar-2024,A1,B,43.9752,-61.7006,43.9752,-61.7006,8,,401677761,-130
260378,260378,UT,DS,3,0,0,213,94,21:48:44 09-Mar-2024,CS,A,43.9268,-61.6539,43.9268,-61.6539,6,,401677734,-132
260378,260378,UT,DS,10,3,3,,,21:58:32 09-Mar-2024,SR,3,43.9328,-61.6553,43.9328,-61.6553,56,,401677735,-120
260378,260378,UT,DS,2,0,0,261,261,22:18:48 09-Mar-2024,NK,B,43.9343,-61.6545,43.9343,-61.6545,6,,401677734,-124
260378,260378,UT,DS,2,0,0,458,458,23:02:47 09-Mar-2024,NP,B,43.9496,-61.6477,43.9496,-61.6477,8,,401677734,-131
260378,260378,UT,DS,2,0,0,269,269,23:10:25 09-Mar-2024,A1,B,43.9313,-61.6297,43.9313,-61.6297,6,,401677733,-130
260378,260378,UT,DS,5,0,2,86,46,23:21:59 09-Mar-2024,MC,1,43.9276,-61.6223,43.9276,-61.6223,56,,401677739,-122
260378,260378,UT,DS,5,0,1,120,63,23:37:40 09-Mar-2024,SR,2,43.9440,-61.6218,43.9440,-61.6218,56,,401677734,-125
260378,260378,UT,DS,1,0,0,,,23:52:26 09-Mar-2024,NK,B,43.9435,-61.6213,43.9435,-61.6213,6,,401677731,-135
260378,260378,UT,DS,2,0,0,315,315,00:09:19 10-Mar-2024,MB,B,43.9440,-61.6260,43.9440,-61.6260,6,,401677731,-129
260378,260378,UT,DS,2,0,0,88,88,00:36:46 10-Mar-2024,NN,B,43.9431,-61.6423,43.9431,-61.6423,6,,401677732,-129
260378,260378,UT,DS,4,0,1,142,130,00:43:07 10-Mar-2024,NP,1,43.9444,-61.6203,43.9444,-61.6203,56,,401677737,-125
260378,260378,UT,DS,5,1,0,,,00:57:43 10-Mar-2024,MC,0,43.9431,-61.6231,43.9431,-61.6231,56,,401677738,-113
260378,260378,UT,DS,2,0,0,45,45,01:47:00 10-Mar-2024,O3,B,43.9217,-61.6085,43.9217,-61.6085,,,401677739,-130
260378,260378,UT,DS,2,0,0,45,45,01:47:00 10-Mar-2024,MB,B,43.9166,-61.6405,43.9166,-61.6405,8,,401677732,-126
260378,260378,UT,DS,9,1,1,,,02:10:43 10-Mar-2024,NN,1,43.9366,-61.5954,43.9366,-61.5954,56,,401677734,-121
260378,260378,UT,DS,3,0,0,76,45,02:25:11 10-Mar-2024,NP,A,43.9310,-61.6125,43.9310,-61.6125,6,,401677735,-133
260378,260378,UT,DS,1,0,0,,,02:43:49 10-Mar-2024,MC,B,43.9289,-61.6201,43.9289,-61.6201,6,,401677734,-130
260378,260378,UT,DS,2,0,1,494,494,12:12:03 10-Mar-2024,NK,B,44.0025,-61.7776,44.0025,-61.7776,8,,401677733,-123
260378,260378,UT,DS,3,0,0,191,86,13:03:50 10-Mar-2024,NP,A,43.9689,-61.6094,43.9689,-61.6094,8,,401677734,-131
260378,260378,UT,DS,6,2,0,,,13:14:33 10-Mar-2024,MC,2,43.9905,-61.6130,43.9905,-61.6130,56,,401677736,-119
260378,260378,UT,DS,2,0,0,163,163,13:45:48 10-Mar-2024,NK,B,44.0084,-61.5884,44.0084,-61.5884,8,,401677727,-130
260378,260378,UT,DS,10,2,1,,,13:59:36 10-Mar-2024,MB,1,44.0073,-61.6102,44.0073,-61.6102,56,,401677736,-128
260378,260378,UT,DS,4,0,1,164,60,14:30:14 10-Mar-2024,NN,1,44.0351,-61.6029,44.0351,-61.6029,48,,401677740,-127
260378,260378,UT,DS,3,0,0,94,65,14:45:13 10-Mar-2024,NP,A,44.0407,-61.5975,44.0407,-61.5975,6,,401677740,-121
260378,260378,UT,DS,4,0,0,166,50,14:53:14 10-Mar-2024,MC,2,44.0297,-61.5693,44.0297,-61.5693,56,,401677737,-115
260378,260378,UT,DS,3,0,0,269,257,15:28:32 10-Mar-2024,O3,A,44.0225,-61.5612,44.0225,-61.5612,7,,401677745,-134
260378,260378,UT,DS,2,0,0,573,573,16:12:21 10-Mar-2024,NN,B,44.0232,-61.5382,44.0232,-61.5382,8,,401677741,-126
260378,260378,UT,DS,2,0,0,92,92,21:52:00 10-Mar-2024,NK,B,44.0547,-61.4268,44.0547,-61.4268,8,,401677740,-124
260378,260378,UT,DS,4,0,1,214,67,22:48:34 10-Mar-2024,NP,0,44.0470,-61.4273,44.0470,-61.4273,40,,401677741,-128
260378,260378,UT,DS,3,0,0,176,67,22:48:34 10-Mar-2024,A1,A,44.0252,-61.4131,44.0252,-61.4131,8,,401677735,-127
260378,260378,UT,DS,4,0,0,191,49,23:06:35 10-Mar-2024,SR,2,44.0595,-61.4556,44.0595,-61.4556,56,,401677743,-121
260378,260378,UT,DS,2,0,0,347,347,22:59:16 10-Mar-2024,MC,B,44.0988,-61.3947,44.0988,-61.3947,6,,401677741,-129
260378,260378,UT,DS,1,0,0,,,23:30:42 10-Mar-2024,NK,B,44.0543,-61.4487,44.0543,-61.4487,6,,401677725,-122
260378,260378,UT,DS,1,0,0,,,23:49:19 10-Mar-2024,MB,B,44.0552,-61.4464,44.0552,-61.4464,6,,401677724,-135
260378,260378,UT,DS,4,0,0,148,74,00:21:11 11-Mar-2024,NN,0,44.0492,-61.4042,44.0492,-61.4042,47,,401677734,-131
260378,260378,UT,DS,4,0,0,232,77,00:28:38 11-Mar-2024,NP,0,44.0355,-61.3926,44.0355,-61.3926,46,,401677732,-119
260378,260378,UT,DS,4,0,0,206,78,00:35:11 11-Mar-2024,MC,0,44.0354,-61.3819,44.0354,-61.3819,46,,401677738,-111
260378,260378,UT,DS,3,0,1,201,88,01:28:06 11-Mar-2024,MB,A,44.0262,-61.3841,44.0262,-61.3841,8,,401677743,-129
260378,260378,UT,DS,4,0,0,152,62,01:59:45 11-Mar-2024,NN,0,44.0185,-61.4126,44.0185,-61.4126,58,,401677736,-123
260378,260378,UT,DS,1,0,0,,,02:16:23 11-Mar-2024,NP,B,44.0194,-61.4119,,,6,,401677747,-134
260378,260378,UT,DS,1,0,0,,,02:21:10 11-Mar-2024,MC,B,44.0172,-61.4143,,,6,,401677743,-127
260378,260378,UT,DS,3,0,0,157,45,02:39:37 11-Mar-2024,O3,A,44.0022,-61.3438,44.0022,-61.3438,6,,401677752,-123
260378,260378,UT,DS,1,0,0,,,12:54:03 11-Mar-2024,NP,B,43.9914,-61.4654,43.9914,-61.4654,8,,401677732,-125
260378,260378,UT,DS,2,0,0,227,227,12:54:03 11-Mar-2024,MC,B,44.0017,-61.1684,44.0017,-61.1684,,,401677751,-126
260378,260378,UT,DS,3,0,1,199,199,13:23:52 11-Mar-2024,NK,A,43.9677,-61.1604,43.9677,-61.1604,6,,401677728,-133
260378,260378,UT,DS,2,0,0,212,212,14:18:40 11-Mar-2024,NN,B,43.9717,-61.1686,,,8,,401677740,-128
260378,260378,UT,DS,2,0,0,226,226,14:30:14 11-Mar-2024,NP,B,43.9734,-61.1535,43.9734,-61.1535,6,,401677728,-128
260378,260378,UT,DS,1,0,0,,,14:34:00 11-Mar-2024,MC,B,43.9732,-61.1536,43.9732,-61.1536,6,,401677728,-119
260378,260378,UT,DS,1,0,0,,,16:03:47 11-Mar-2024,NN,B,43.9688,-61.1693,43.9688,-61.1693,8,,401677724,-126
260378,260378,UT,DS,1,0,1,,,16:14:43 11-Mar-2024,MC,B,43.9703,-61.1619,43.9703,-61.1619,6,,401677728,-131
260378,260378,UT,DS,2,0,0,229,229,16:20:42 11-Mar-2024,O3,B,43.9704,-61.1567,43.9704,-61.1567,6,,401677734,-128
260378,260378,UT,DS,2,0,0,267,267,22:28:52 11-Mar-2024,A1,B,43.8845,-61.1710,43.8845,-61.1710,8,,401677718,-124
260378,260378,UT,DS,4,0,0,158,68,22:37:52 11-Mar-2024,SR,1,43.9190,-61.0500,43.9190,-61.0500,50,,401677730,-119
260378,260378,UT,DS,3,0,0,234,223,22:37:52 11-Mar-2024,NP,A,43.9208,-61.0484,43.9208,-61.0484,6,,401677731,-132
260378,260378,UT,DS,1,0,0,,,22:41:58 11-Mar-2024,MC,B,43.9225,-61.0672,43.9225,-61.0672,6,,401677727,-133
260378,260378,UT,DS,3,0,0,169,153,23:04:05 11-Mar-2024,NK,A,43.9143,-61.0446,43.9143,-61.0446,6,,401677729,-120
260378,260378,UT,DS,1,0,0,,,23:32:18 11-Mar-2024,MB,B,43.9181,-61.0699,43.9181,-61.0699,8,,401677723,-132
260378,260378,UT,DS,2,0,0,49,49,00:08:48 12-Mar-2024,NN,B,43.9055,-61.0335,43.9055,-61.0335,7,,401677736,-133
260378,260378,UT,DS,1,0,0,,,00:13:58 12-Mar-2024,SR,B,43.9095,-61.0308,43.9095,-61.0308,6,,401677728,-131
260378,260378,UT,DS,3,0,1,174,143,00:23:09 12-Mar-2024,NP,A,43.9171,-61.0442,43.9171,-61.0442,6,,401677731,-126
260378,260378,UT,DS,2,0,0,143,143,00:21:58 12-Mar-2024,MC,B,43.9167,-61.0341,43.9167,-61.0341,6,,401677732,-127
260378,260378,UT,DS,1,0,0,,,01:09:27 12-Mar-2024,MB,B,43.9126,-61.0325,43.9126,-61.0325,8,,401677740,-125
260378,260378,UT,DS,1,0,0,,,01:49:23 12-Mar-2024,NN,B,43.9068,-61.0245,43.9068,-61.0245,8,,401677736,-121
260378,260378,UT,DS,1,0,0,,,01:53:51 12-Mar-2024,O3,B,43.9098,-61.0292,43.9098,-61.0292,6,,401677734,-140
260378,260378,UT,DS,3,0,0,246,243,01:58:16 12-Mar-2024,MC,A,43.9105,-61.0025,43.9105,-61.0025,6,,401677734,-119
260378,260378,UT,DS,3,0,0,246,243,02:04:25 12-Mar-2024,NP,A,43.9127,-60.9956,43.9127,-60.9956,6,,401677734,-132
260378,260378,UT,DS,3,0,0,200,196,12:30:53 12-Mar-2024,MC,A,43.8483,-60.9111,43.8483,-60.9111,8,,401677725,-119
260378,260378,UT,DS,3,0,0,192,191,12:37:33 12-Mar-2024,NP,A,43.8408,-60.9079,43.8408,-60.9079,6,,401677733,-124
260378,260378,UT,DS,1,0,0,,,12:57:32 12-Mar-2024,NK,B,43.8380,-60.9038,43.8380,-60.9038,6,,401677731,-123
260378,260378,UT,DS,2,0,0,174,174,13:21:15 12-Mar-2024,MB,B,43.8431,-60.8896,43.8431,-60.8896,8,,401677730,-130
260378,260378,UT,DS,4,0,0,200,190,14:05:37 12-Mar-2024,NN,3,43.8363,-60.8993,43.8363,-60.8993,58,,401677731,-125
260378,260378,UT,DS,3,0,0,309,219,14:11:59 12-Mar-2024,MC,A,43.8406,-60.8923,43.8406,-60.8923,6,,401677734,-115
260378,260378,UT,DS,3,0,1,179,173,14:19:25 12-Mar-2024,NP,A,43.8355,-60.8844,43.8355,-60.8844,6,,401677735,-127
260378,260378,UT,DS,3,0,1,211,211,15:01:01 12-Mar-2024,MB,A,43.8356,-60.8883,43.8356,-60.8883,8,,401677735,-130
260378,260378,UT,DS,5,0,0,122,45,15:34:21 12-Mar-2024,O3,3,43.8295,-60.8862,43.8295,-60.8862,58,,401677733,-129
260378,260378,UT,DS,4,0,0,218,202,15:46:17 12-Mar-2024,NN,3,43.8367,-60.8828,43.8367,-60.8828,56,,401677734,-127
260378,260378,UT,DS,2,0,0,202,202,15:53:51 12-Mar-2024,MC,B,43.8350,-60.8832,43.8350,-60.8832,6,,401677736,-123
260378,260378,UT,DS,2,0,1,213,213,16:00:54 12-Mar-2024,NP,B,43.8364,-60.8830,43.8364,-60.8830,6,,401677736,-135
260378,260378,UT,DS,1,0,0,,,22:06:48 12-Mar-2024,SR,B,43.7955,-60.8537,43.7955,-60.8537,8,,401677736,-123
260378,260378,UT,DS,2,0,0,195,195,22:08:25 12-Mar-2024,A1,B,43.8160,-60.8663,43.8160,-60.8663,6,,401677738,-122
260378,260378,UT,DS,2,0,0,250,250,22:29:32 12-Mar-2024,NP,B,43.8115,-60.8639,43.8115,-60.8639,6,,401677748,-134
260378,260378,UT,DS,3,0,0,227,210,22:33:41 12-Mar-2024,NK,A,43.8300,-60.9213,43.8300,-60.9213,6,,401677732,-140
260378,260378,UT,DS,3,0,1,68,46,23:06:02 12-Mar-2024,MB,A,43.8215,-60.8904,43.8215,-60.8904,7,,401677737,-132
260378,260378,UT,DS,6,0,1,45,45,23:39:30 12-Mar-2024,SR,1,43.8355,-60.9191,43.8355,-60.9191,46,,401677740,-125
260378,260378,UT,DS,5,0,1,56,45,23:39:16 12-Mar-2024,A1,2,43.8314,-60.9206,43.8314,-60.9206,58,,401677731,-128
260378,260378,UT,DS,1,0,1,,,00:01:35 13-Mar-2024,MC,B,43.8278,-60.8843,43.8278,-60.8843,6,,401677747,-118
260378,260378,UT,DS,1,0,1,,,00:01:35 13-Mar-2024,NN,B,43.8274,-60.8813,43.8274,-60.8813,,,401677743,-135
260378,260378,UT,DS,10,3,0,,,00:10:12 13-Mar-2024,NP,3,43.8309,-60.9124,43.8309,-60.9124,56,,401677733,-122
260378,260378,UT,DS,5,1,0,,,00:17:09 13-Mar-2024,NK,3,43.8309,-60.9071,43.8309,-60.9071,56,,401677734,-128
260378,260378,UT,DS,2,0,0,458,458,00:43:23 13-Mar-2024,MB,B,43.8319,-60.9204,,,6,,401677732,-128
260378,260378,UT,DS,1,0,0,,,01:11:20 13-Mar-2024,O3,B,43.8304,-60.9130,43.8304,-60.9130,6,,401677732,-136
260378,260378,UT,DS,4,0,0,171,91,01:37:10 13-Mar-2024,NN,1,43.8270,-60.9071,43.8270,-60.9071,56,,401677731,-120
260378,260378,UT,DS,5,0,1,128,45,01:37:10 13-Mar-2024,MC,2,43.8194,-60.9209,43.8194,-60.9209,50,,401677734,-121
260378,260378,UT,DS,3,0,0,226,207,01:46:58 13-Mar-2024,NP,A,43.8236,-60.9272,43.8236,-60.9272,6,,401677731,-129
260378,260378,UT,DS,1,0,0,,,11:05:52 13-Mar-2024,SR,B,43.7455,-60.8035,43.7455,-60.8035,8,,401677698,-131
260378,260378,UT,DS,2,0,1,149,149,11:10:38 13-Mar-2024,CS,B,43.6804,-60.8592,43.6804,-60.8592,6,,401677714,-129
260378,260378,UT,DS,2,0,0,217,217,12:12:06 13-Mar-2024,MC,B,43.7284,-61.0437,43.7284,-61.0437,6,,401677740,-125
260378,260378,UT,DS,3,0,0,219,208,12:27:15 13-Mar-2024,NP,A,43.7086,-61.0297,43.7086,-61.0297,6,,401677735,-132
260378,260378,UT,DS,4,0,0,198,162,12:32:49 13-Mar-2024,NK,2,43.7136,-61.0258,43.7136,-61.0258,56,,401677734,-122
260378,260378,UT,DS,1,0,0,,,12:58:58 13-Mar-2024,MB,B,43.7145,-61.0501,43.7145,-61.0501,8,,401677738,-131
260378,260378,UT,DS,3,0,0,227,224,13:53:07 13-Mar-2024,MC,A,43.7092,-61.0707,43.7092,-61.0707,8,,401677733,-115
260378,260378,UT,DS,4,0,0,221,210,13:53:07 13-Mar-2024,NN,1,43.7067,-61.0596,43.7067,-61.0596,40,,401677735,-137
260378,260378,UT,DS,3,0,0,199,198,14:07:40 13-Mar-2024,NP,A,43.7026,-61.0465,43.7026,-61.0465,6,,401677734,-126
260378,260378,UT,DS,1,0,0,,,14:10:57 13-Mar-2024,NK,B,43.7026,-61.0460,43.7026,-61.0460,6,,401677734,-137
260378,260378,UT,DS,2,0,0,445,445,14:38:36 13-Mar-2024,MB,B,43.7035,-61.0480,43.7035,-61.0480,6,,401677734,-126
260378,260378,UT,DS,3,0,0,235,230,15:31:39 13-Mar-2024,MC,A,43.7094,-61.0558,43.7094,-61.0558,8,,401677728,-129
260378,260378,UT,DS,4,0,0,221,199,15:46:33 13-Mar-2024,NN,2,43.7046,-61.0421,43.7046,-61.0421,56,,401677734,-121
260378,260378,UT,DS,2,0,0,222,222,15:50:01 13-Mar-2024,NP,B,43.7103,-61.0631,43.7103,-61.0631,6,,401677734,-134
260378,260378,UT,DS,3,0,0,213,213,16:29:47 13-Mar-2024,O3,A,43.7149,-61.1016,43.7149,-61.1016,8,,401677734,-122
260378,260378,UT,DS,1,0,0,,,21:35:26 13-Mar-2024,SR,B,43.7558,-61.2763,,,8,,401677725,-125
260378,260378,UT,DS,4,0,0,118,45,21:42:24 13-Mar-2024,A1,1,43.7291,-61.1762,43.7291,-61.1762,46,,401677736,-129
260378,260378,UT,DS,3,0,0,177,174,22:14:31 13-Mar-2024,NK,A,43.7279,-61.1814,43.7279,-61.1814,8,,401677731,-125
260378,260378,UT,DS,2,0,0,195,195,22:22:39 13-Mar-2024,CS,B,43.7289,-61.1846,43.7289,-61.1846,6,,401677730,-134
260378,260378,UT,DS,2,0,0,218,218,23:12:25 13-Mar-2024,SR,B,43.7382,-61.1913,43.7382,-61.1913,8,,401677739,-123
260378,260378,UT,DS,2,0,0,209,209,23:14:14 13-Mar-2024,A1,B,43.7334,-61.1876,43.7334,-61.1876,6,,401677733,-128
260378,260378,UT,DS,3,0,0,165,148,23:36:46 13-Mar-2024,MC,A,43.7296,-61.1947,43.7296,-61.1947,6,,401677733,-126
260378,260378,UT,DS,2,0,0,409,409,23:55:57 13-Mar-2024,NK,B,43.7371,-61.1913,43.7371,-61.1913,6,,401677734,-122
260378,260378,UT,DS,2,0,0,218,218,23:52:33 13-Mar-2024,NP,B,43.7357,-61.2031,43.7357,-61.2031,6,,401677733,-130
260378,260378,UT,DS,1,0,0,,,00:27:22 14-Mar-2024,MB,B,43.7386,-61.2124,43.7386,-61.2124,8,,401677729,-123
260378,260378,UT,DS,1,0,0,,,00:49:06 14-Mar-2024,SR,B,43.7396,-61.2147,43.7396,-61.2147,6,,401677731,-136
260378,260378,UT,DS,3,0,0,216,215,01:14:55 14-Mar-2024,MC,A,43.7446,-61.1991,43.7446,-61.1991,6,,401677734,-110
260378,260378,UT,DS,2,0,0,444,444,01:22:08 14-Mar-2024,NN,B,43.7433,-61.2171,43.7433,-61.2171,6,,401677733,-129
260378,260378,UT,DS,2,0,0,220,220,01:36:38 14-Mar-2024,NP,B,43.7413,-61.2052,43.7413,-61.2052,6,,401677736,-124
260378,260378,UT,DS,3,0,0,209,190,02:02:16 14-Mar-2024,O3,A,43.7453,-61.2125,43.7453,-61.2125,6,,401677734,-129
260378,260378,UT,DS,1,0,0,,,02:59:29 14-Mar-2024,MC,B,43.7511,-61.2285,43.7511,-61.2285,8,,401677735,-126
260378,260378,UT,DS,2,0,1,206,206,12:09:37 14-Mar-2024,NK,B,43.7679,-61.3859,43.7679,-61.3859,8,,401677737,-125
260378,260378,UT,DS,2,0,0,383,383,12:14:49 14-Mar-2024,NP,B,43.7694,-61.3922,43.7694,-61.3922,6,,401677744,-131
260378,260378,UT,DS,1,0,0,,,12:37:13 14-Mar-2024,MB,B,43.7908,-61.3878,43.7908,-61.3878,6,,401677741,-133
260378,260378,UT,DS,4,0,0,187,184,13:28:03 14-Mar-2024,MC,2,43.7595,-61.3890,43.7595,-61.3890,58,,401677736,-114
260378,260378,UT,DS,2,0,0,312,312,14:00:42 14-Mar-2024,NP,B,43.7627,-61.3925,43.7627,-61.3925,8,,401677736,-121
260378,260378,UT,DS,1,0,0,,,14:23:31 14-Mar-2024,MB,B,43.7611,-61.3965,43.7611,-61.3965,6,,401677738,-131
260378,260378,UT,DS,2,0,1,174,174,15:15:19 14-Mar-2024,MC,B,43.7630,-61.3918,43.7630,-61.3918,8,,401677729,-120
260378,260378,UT,DS,3,0,0,121,46,15:29:13 14-Mar-2024,NN,A,43.7593,-61.3881,43.7593,-61.3881,6,,401677740,-121
260378,260378,UT,DS,4,0,0,172,153,15:43:32 14-Mar-2024,O3,3,43.7558,-61.3975,43.7558,-61.3975,56,,401677737,-127
260378,260378,UT,DS,2,0,0,176,176,15:40:45 14-Mar-2024,NP,B,43.7596,-61.3889,43.7596,-61.3889,6,,401677738,-137
260378,260378,UT,DS,1,0,0,,,21:46:24 14-Mar-2024,CS,B,43.7412,-61.4273,43.7412,-61.4273,,,401677735,-140
260378,260378,UT,DS,2,0,0,188,188,21:46:24 14-Mar-2024,NK,B,43.7470,-61.3963,43.7470,-61.3963,8,,401677731,-130
260378,260378,UT,DS,3,0,0,201,84,22:37:51 14-Mar-2024,SR,A,43.7385,-61.4020,43.7385,-61.4020,8,,401677732,-125
260378,260378,UT,DS,2,0,0,193,193,22:53:38 14-Mar-2024,A1,B,43.7424,-61.4092,43.7424,-61.4092,6,,401677734,-126
260378,260378,UT,DS,1,0,0,,,23:19:22 14-Mar-2024,MC,B,43.7453,-61.4174,43.7453,-61.4174,6,,401677738,-129
260378,260378,UT,DS,2,0,1,200,200,23:29:49 14-Mar-2024,NK,B,43.7512,-61.4355,43.7512,-61.4355,6,,401677733,-129
260378,260378,UT,DS,1,0,0,,,00:57:39 15-Mar-2024,MC,B,43.7492,-61.4351,43.7492,-61.4351,8,,401677731,-120
260378,260378,UT,DS,1,0,0,,,01:25:32 15-Mar-2024,NP,B,43.7491,-61.4370,43.7491,-61.4370,6,,401677742,-128
260378,260378,UT,DS,1,0,0,,,02:40:04 15-Mar-2024,MC,B,43.7486,-61.4345,,,8,,401677757,-127
260378,260378,UT,DS,3,0,0,191,72,02:50:15 15-Mar-2024,NN,A,43.7895,-61.3485,,,6,,401677733,-124
260378,260378,UT,DS,5,0,0,136,72,02:54:57 15-Mar-2024,O3,3,43.7920,-61.3516,43.7920,-61.3516,56,,401677732,-128
260378,260378,UT,DS,2,0,0,308,308,13:10:08 15-Mar-2024,MC,B,43.7512,-61.3474,43.7512,-61.3474,8,,401677747,-129
260378,260378,UT,DS,1,0,0,,,13:31:43 15-Mar-2024,NN,B,43.7506,-61.3478,43.7506,-61.3478,6,,401677751,-135
260378,260378,UT,DS,3,0,0,118,117,13:45:08 15-Mar-2024,NP,A,43.7195,-61.3104,43.7195,-61.3104,6,,401677732,-121
260378,260378,UT,DS,1,0,1,,,14:04:16 15-Mar-2024,MB,B,43.7194,-61.3096,43.7194,-61.3096,6,,401677731,-133
260378,260378,UT,DS,2,0,0,164,164,14:51:06 15-Mar-2024,MC,B,43.7202,-61.3086,43.7202,-61.3086,8,,401677727,-126
260378,260378,UT,DS,1,0,0,,,14:59:13 15-Mar-2024,O3,B,43.7198,-61.3066,43.7198,-61.3066,6,,401677733,-135
260378,260378,UT,DS,1,0,0,,,15:13:32 15-Mar-2024,NN,B,43.7199,-61.3065,,,6,,401677732,-121
260378,260378,UT,DS,2,0,0,186,186,16:36:35 15-Mar-2024,O3,B,43.7237,-61.3018,,,8,,401677730,-122
260378,260378,UT,DS,2,0,0,174,174,16:54:59 15-Mar-2024,NN,B,43.7183,-61.2839,,,6,,401677730,-129
260378,260378,UT,DS,1,0,0,,,22:30:58 15-Mar-2024,A1,B,43.7184,-61.2837,43.7184,-61.2837,8,,401677730,-119
260378,260378,UT,DS,1,0,0,,,22:40:00 15-Mar-2024,CS,B,43.7192,-61.2803,43.7192,-61.2803,6,,401677735,-138
260378,260378,UT,DS,5,0,0,164,153,23:01:56 15-Mar-2024,NK,1,43.7235,-61.2834,43.7235,-61.2834,56,,401677733,-117
260378,260378,UT,DS,2,0,0,153,153,22:56:30 15-Mar-2024,MC,B,43.7210,-61.3152,43.7210,-61.3152,6,,401677728,-127
260378,260378,UT,DS,3,0,1,168,155,23:28:31 15-Mar-2024,NP,A,43.7164,-61.2883,43.7164,-61.2883,8,,401677731,-126
260378,260378,UT,DS,3,0,0,45,45,23:47:18 15-Mar-2024,SR,A,43.7197,-61.2880,43.7197,-61.2880,6,,401677734,-128
260378,260378,UT,DS,2,0,1,45,45,23:47:40 15-Mar-2024,MB,B,43.7186,-61.2889,43.7186,-61.2889,6,,401677734,-133
260378,260378,UT,DS,2,0,1,113,113,00:05:17 16-Mar-2024,A1,B,43.7184,-61.2892,43.7184,-61.2892,6,,401677739,-135
260378,260378,UT,DS,2,0,0,45,45,00:31:26 16-Mar-2024,MC,B,43.7111,-61.2925,43.7111,-61.2925,6,,401677736,-128
260378,260378,UT,DS,3,0,1,244,125,00:56:22 16-Mar-2024,NN,A,43.7249,-61.3117,43.7249,-61.3117,6,,401677736,-128
260378,260378,UT,DS,6,1,0,,,01:11:27 16-Mar-2024,NP,3,43.7342,-61.2978,43.7342,-61.2978,56,,401677741,-122
260378,260378,UT,DS,2,0,2,551,551,01:20:44 16-Mar-2024,MB,B,43.7350,-61.2970,43.7350,-61.2970,6,,401677737,-131
260378,260378,UT,DS,1,0,1,,,02:13:25 16-Mar-2024,O3,B,43.7341,-61.2831,43.7341,-61.2831,8,,401677743,-137
260378,260378,UT,DS,1,0,0,,,02:13:25 16-Mar-2024,MC,B,43.7349,-61.2897,43.7349,-61.2897,,,401677740,-127
260378,260378,UT,DS,1,0,0,,,11:55:30 16-Mar-2024,NP,B,43.7118,-61.1391,43.7118,-61.1391,8,,401677739,-140
260378,260378,UT,DS,4,0,1,134,45,12:48:55 16-Mar-2024,MC,1,43.7185,-61.2808,43.7185,-61.2808,58,,401677730,-133
260378,260378,UT,DS,3,0,1,196,45,12:54:48 16-Mar-2024,NK,A,43.7195,-61.2785,43.7195,-61.2785,6,,401677731,-123
260378,260378,UT,DS,2,0,0,108,108,13:23:03 16-Mar-2024,NN,B,43.7097,-61.2752,43.7097,-61.2752,6,,401677727,-135
260378,260378,UT,DS,4,0,0,181,171,13:29:42 16-Mar-2024,NP,3,43.7243,-61.2873,43.7243,-61.2873,56,,401677734,-122
260378,260378,UT,DS,4,0,0,151,45,14:30:07 16-Mar-2024,MC,2,43.7153,-61.2822,43.7153,-61.2822,58,,401677731,-116
260378,260378,UT,DS,2,0,1,183,183,15:01:18 16-Mar-2024,NN,B,43.7230,-61.2930,43.7230,-61.2930,8,,401677735,-128
260378,260378,UT,DS,4,0,2,140,70,15:12:42 16-Mar-2024,NP,3,43.7209,-61.2782,43.7209,-61.2782,56,,401677735,-130
260378,260378,UT,DS,5,0,1,130,45,15:52:43 16-Mar-2024,O3,3,43.7241,-61.2882,43.7241,-61.2882,58,,401677734,-125
260378,260378,UT,DS,3,0,0,58,46,16:40:31 16-Mar-2024,NN,A,43.7138,-61.2854,43.7138,-61.2854,8,,401677741,-129
260378,260378,UT,DS,3,0,0,172,168,21:37:07 16-Mar-2024,SR,A,43.7090,-61.3309,43.7090,-61.3309,8,,401677733,-126
260378,260378,UT,DS,2,0,0,346,346,21:59:27 16-Mar-2024,CS,B,43.7058,-61.3227,43.7058,-61.3227,6,,401677733,-135
260378,260378,UT,DS,1,0,0,,,22:07:48 16-Mar-2024,A1,B,43.7084,-61.3345,43.7084,-61.3345,8,,401677731,-133
260378,260378,UT,DS,2,0,0,357,357,22:39:15 16-Mar-2024,NK,B,43.7119,-61.3352,43.7119,-61.3352,8,,401677731,-120
260378,260378,UT,DS,3,0,0,223,108,23:17:09 16-Mar-2024,SR,A,43.7086,-61.3103,43.7086,-61.3103,8,,401677732,-129
260378,260378,UT,DS,1,0,0,,,23:18:26 16-Mar-2024,NP,B,43.7085,-61.3100,43.7085,-61.3100,6,,401677728,-131
260378,260378,UT,DS,2,0,0,45,45,23:41:14 16-Mar-2024,A1,B,43.7041,-61.3030,43.7041,-61.3030,6,,401677731,-129
260378,260378,UT,DS,4,0,1,146,103,00:11:51 17-Mar-2024,MC,3,43.7042,-61.3060,43.7042,-61.3060,58,,401677728,-117
260378,260378,UT,DS,2,0,0,126,126,00:18:06 17-Mar-2024,NK,B,43.7040,-61.3042,,,6,,401677729,-129
260378,260378,UT,DS,1,0,0,,,00:53:34 17-Mar-2024,NN,B,43.7037,-61.3032,,,8,,401677734,-131
260378,260378,UT,DS,5,0,1,123,45,01:00:37 17-Mar-2024,NP,3,43.7050,-61.2988,,,56,,401677733,-119
260378,260378,UT,DS,3,0,1,142,135,01:06:19 17-Mar-2024,MB,A,43.7071,-61.2996,,,6,,401677734,-129
260378,260378,UT,DS,1,0,0,,,11:41:07 17-Mar-2024,CS,B,43.7268,-61.2407,43.7268,-61.2407,8,,401677727,-139
260378,260378,UT,DS,1,0,1,,,11:41:07 17-Mar-2024,NP,B,43.7385,-61.2557,43.7385,-61.2557,8,,401677721,-138
260378,260378,UT,DS,1,0,1,,,12:30:10 17-Mar-2024,NK,B,43.7357,-61.2829,,,8,,401677721,-135
260378,260378,UT,DS,3,0,2,292,204,13:14:27 17-Mar-2024,NP,A,43.7455,-61.2779,43.7455,-61.2779,7,,401677736,-131
260378,260378,UT,DS,2,0,0,47,47,14:13:19 17-Mar-2024,MC,B,43.7537,-61.2738,,,8,,401677727,-114
260378,260378,UT,DS,2,0,1,178,178,14:50:05 17-Mar-2024,NN,B,43.7636,-61.2922,43.7636,-61.2922,8,,401677728,-124
260378,260378,UT,DS,1,0,0,,,14:58:18 17-Mar-2024,NP,B,43.7632,-61.2928,43.7632,-61.2928,6,,401677730,-133
260378,260378,UT,DS,4,0,0,149,110,16:26:57 17-Mar-2024,NN,2,43.7921,-61.2793,43.7921,-61.2793,58,,401677736,-124
260378,260378,UT,DS,3,0,0,171,167,16:46:27 17-Mar-2024,O3,A,43.7957,-61.2659,43.7957,-61.2659,6,,401677737,-118
260378,260378,UT,DS,2,0,0,181,181,21:46:45 17-Mar-2024,A1,B,43.8057,-61.2485,43.8057,-61.2485,8,,401677740,-128
260378,260378,UT,DS,3,0,0,188,176,22:11:48 17-Mar-2024,NK,A,43.7848,-61.2529,43.7848,-61.2529,6,,401677732,-124
260378,260378,UT,DS,4,0,0,188,175,22:44:29 17-Mar-2024,SR,2,43.7843,-61.2468,43.7843,-61.2468,58,,401677735,-118
260378,260378,UT,DS,1,0,0,,,23:06:49 17-Mar-2024,NP,B,43.7839,-61.2446,43.7839,-61.2446,6,,401677734,-130
260378,260378,UT,DS,2,0,0,72,72,23:18:18 17-Mar-2024,A1,B,43.7863,-61.2446,43.7863,-61.2446,6,,401677730,-125
260378,260378,UT,DS,6,1,1,,,23:56:33 17-Mar-2024,NK,3,43.7913,-61.2296,43.7913,-61.2296,56,,401677735,-124
260378,260378,UT,DS,5,0,0,74,46,23:51:37 17-Mar-2024,MC,1,43.7982,-61.2265,43.7982,-61.2265,48,,401677735,-125
260378,260378,UT,DS,3,0,0,63,45,00:24:07 18-Mar-2024,SR,A,43.7805,-61.2469,43.7805,-61.2469,6,,401677734,-133
260378,260378,UT,DS,1,0,0,,,00:38:47 18-Mar-2024,NN,B,43.7788,-61.2530,43.7788,-61.2530,6,,401677742,-130
260378,260378,UT,DS,3,0,0,205,204,00:45:33 18-Mar-2024,NP,A,43.7891,-61.2522,43.7891,-61.2522,6,,401677734,-118
260378,260378,UT,DS,1,0,1,,,00:45:33 18-Mar-2024,MB,B,43.7805,-61.2525,43.7805,-61.2525,,,401677740,-129
260378,260378,UT,DS,3,0,0,246,184,01:32:48 18-Mar-2024,MC,A,43.7978,-61.2425,43.7978,-61.2425,8,,401677735,-120
260378,260378,UT,DS,2,0,1,123,123,02:15:05 18-Mar-2024,O3,B,43.8077,-61.2560,43.8077,-61.2560,6,,401677732,-130
260378,260378,UT,DS,2,0,1,123,123,02:14:04 18-Mar-2024,NN,B,43.8098,-61.2405,43.8098,-61.2405,8,,401677733,-121
260378,260378,UT,DS,3,0,0,201,196,12:06:10 18-Mar-2024,NK,A,43.7751,-61.0714,43.7751,-61.0714,8,,401677733,-120
260378,260378,UT,DS,1,0,0,,,12:11:06 18-Mar-2024,MC,B,43.8168,-61.2365,43.8168,-61.2365,6,,401677761,-126
260378,260378,UT,DS,2,0,1,193,193,12:55:07 18-Mar-2024,MB,B,43.7961,-61.1864,43.7961,-61.1864,8,,401677750,-133
260378,260378,UT,DS,3,0,0,204,197,13:04:46 18-Mar-2024,NP,A,43.7871,-61.1365,43.7871,-61.1365,6,,401677734,-122
260378,260378,UT,DS,1,0,0,,,13:41:40 18-Mar-2024,NK,B,43.7852,-61.1252,43.7852,-61.1252,8,,401677734,-132
260378,260378,UT,DS,4,0,0,132,45,13:49:12 18-Mar-2024,MC,2,43.7890,-61.1500,,,56,,401677735,-115
260378,260378,UT,DS,4,0,0,140,46,14:32:15 18-Mar-2024,NN,2,43.7833,-61.1346,43.7833,-61.1346,58,,401677738,-130
260378,260378,UT,DS,2,0,0,370,370,14:35:40 18-Mar-2024,MB,B,43.7853,-61.1360,43.7853,-61.1360,6,,401677735,-126
260378,260378,UT,DS,4,0,1,196,184,14:48:04 18-Mar-2024,NP,3,43.7855,-61.1349,43.7855,-61.1349,56,,401677733,-125
260378,260378,UT,DS,2,0,1,206,206,15:34:40 18-Mar-2024,MC,B,43.7923,-61.1183,43.7923,-61.1183,8,,401677734,-125
260378,260378,UT,DS,3,0,0,226,224,16:00:52 18-Mar-2024,O3,A,43.7913,-61.1277,43.7913,-61.1277,6,,401677735,-123
260378,260378,UT,DS,1,0,0,,,16:22:38 18-Mar-2024,NN,B,43.7909,-61.1225,43.7909,-61.1225,6,,401677735,-133
260378,260378,UT,DS,2,0,0,145,145,21:44:17 18-Mar-2024,NK,B,43.8024,-61.1679,43.8024,-61.1679,8,,401677729,-133
260378,260378,UT,DS,2,0,0,190,190,22:12:08 18-Mar-2024,SR,B,43.7694,-61.1882,43.7694,-61.1882,6,,401677734,-123
260378,260378,UT,DS,3,0,1,213,213,22:17:16 18-Mar-2024,CS,A,43.7729,-61.1852,43.7729,-61.1852,6,,401677732,-134
260378,260378,UT,DS,2,0,0,217,217,22:57:15 18-Mar-2024,NP,B,43.7706,-61.1817,43.7706,-61.1817,8,,401677737,-137
260378,260378,UT,DS,1,0,0,,,22:57:15 18-Mar-2024,A1,B,43.7721,-61.1811,43.7721,-61.1811,8,,401677735,-132
260378,260378,UT,DS,3,0,0,207,203,23:25:12 18-Mar-2024,NK,A,43.7720,-61.2071,,,6,,401677734,-119
260378,260378,UT,DS,2,0,1,446,446,23:39:43 18-Mar-2024,MC,B,43.7626,-61.2102,,,8,,401677737,-125
260378,260378,UT,DS,1,0,0,,,00:25:26 19-Mar-2024,MB,B,43.7608,-61.2169,,,8,,401677740,-129
260378,260378,UT,DS,1,0,0,,,00:35:52 19-Mar-2024,NP,B,43.7640,-61.2152,,,6,,401677744,-123
260378,260378,UT,DS,1,0,1,,,01:06:22 19-Mar-2024,NK,B,43.7632,-61.2212,43.7632,-61.2212,8,,401677738,-135
260378,260378,UT,DS,3,0,0,189,181,01:13:00 19-Mar-2024,MC,A,43.7728,-61.2339,43.7728,-61.2339,6,,401677740,-120
260378,260378,UT,DS,2,0,0,357,357,02:06:31 19-Mar-2024,NN,B,43.7765,-61.2357,43.7765,-61.2357,8,,401677735,-124
260378,260378,UT,DS,2,0,0,189,189,02:15:37 19-Mar-2024,NP,B,43.7757,-61.2401,43.7757,-61.2401,6,,401677736,-136
260378,260378,UT,DS,3,0,1,197,177,12:56:42 19-Mar-2024,NP,A,43.7710,-61.2918,43.7710,-61.2918,8,,401677732,-128
260378,260378,UT,DS,1,0,0,,,13:16:55 19-Mar-2024,NK,B,43.7713,-61.2913,43.7713,-61.2913,6,,401677731,-127
260378,260378,UT,DS,3,0,1,176,164,13:29:11 19-Mar-2024,MC,A,43.7721,-61.2802,43.7721,-61.2802,8,,401677737,-119
260378,260378,UT,DS,2,0,0,199,199,14:15:31 19-Mar-2024,MB,B,43.7651,-61.2828,43.7651,-61.2828,8,,401677736,-132
260378,260378,UT,DS,3,0,0,242,137,14:21:26 19-Mar-2024,NN,A,43.7884,-61.3135,43.7884,-61.3135,6,,401677731,-132
260378,260378,UT,DS,2,0,1,320,320,14:37:09 19-Mar-2024,NP,B,43.7619,-61.2966,43.7619,-61.2966,6,,401677750,-132
260378,260378,UT,DS,4,0,0,158,137,15:07:54 19-Mar-2024,MC,2,43.7679,-61.3059,43.7679,-61.3059,58,,401677736,-116
260378,260378,UT,DS,2,0,0,309,309,15:10:40 19-Mar-2024,O3,B,43.7680,-61.3064,43.7680,-61.3064,6,,401677731,-132
260378,260378,UT,DS,3,0,1,303,213,15:59:50 19-Mar-2024,NN,A,43.7751,-61.3308,43.7751,-61.3308,8,,401677736,-133
260378,260378,UT,DS,3,0,0,297,212,16:51:16 19-Mar-2024,O3,A,43.7768,-61.3437,43.7768,-61.3437,8,,401677736,-132
260378,260378,UT,DS,3,0,0,161,158,21:36:50 19-Mar-2024,CS,A,43.7811,-61.3844,43.7811,-61.3844,8,,401677733,-123
260378,260378,UT,DS,4,0,0,166,160,21:40:54 19-Mar-2024,SR,3,43.7793,-61.3941,43.7793,-61.3941,58,,401677736,-122
260378,260378,UT,DS,3,0,1,186,184,22:32:43 19-Mar-2024,A1,A,43.7765,-61.4231,43.7765,-61.4231,8,,401677733,-121
260378,260378,UT,DS,2,0,0,215,215,22:45:17 19-Mar-2024,NP,B,43.7777,-61.4290,43.7777,-61.4290,6,,401677726,-131
260378,260378,UT,DS,8,2,0,,,23:02:06 19-Mar-2024,NK,1,43.7750,-61.3956,43.7750,-61.3956,56,,401677735,-121
260378,260378,UT,DS,1,0,0,,,23:12:21 19-Mar-2024,MC,B,43.7791,-61.4354,43.7791,-61.4354,6,,401677734,-133
260378,260378,UT,DS,6,1,0,,,23:24:46 19-Mar-2024,SR,3,43.7638,-61.3969,43.7638,-61.3969,56,,401677735,-122
260378,260378,UT,DS,3,1,0,,,00:01:48 20-Mar-2024,MB,A,43.7655,-61.3984,43.7655,-61.3984,8,,401677733,-129
260378,260378,UT,DS,3,0,1,101,48,00:06:35 20-Mar-2024,A1,A,43.7654,-61.3869,43.7654,-61.3869,6,,401677736,-136
260378,260378,UT,DS,7,2,1,,,00:10:05 20-Mar-2024,NN,2,43.7637,-61.3923,43.7637,-61.3923,56,,401677734,-130
260378,260378,UT,DS,13,3,0,,,00:18:12 20-Mar-2024,NP,1,43.7619,-61.3990,43.7619,-61.3990,56,,401677733,-124
260378,260378,UT,DS,1,0,1,,,00:40:26 20-Mar-2024,NK,B,43.7620,-61.3989,43.7620,-61.3989,6,,401677734,-137
260378,260378,UT,DS,12,3,0,,,00:52:30 20-Mar-2024,MC,1,43.7574,-61.3971,43.7574,-61.3971,58,,401677735,-114
260378,260378,UT,DS,2,0,0,158,158,01:00:55 20-Mar-2024,SR,B,43.7611,-61.4067,43.7611,-61.4067,6,,401677734,-137
260378,260378,UT,DS,1,0,1,,,12:15:11 20-Mar-2024,MB,B,43.7303,-61.5029,43.7303,-61.5029,8,,401677742,-133
260378,260378,UT,DS,7,1,0,,,12:40:12 20-Mar-2024,NP,3,43.7796,-61.3782,,,56,,401677744,-133
260378,260378,UT,DS,3,0,0,208,194,12:54:49 20-Mar-2024,NK,A,43.7852,-61.3749,43.7852,-61.3749,6,,401677738,-122
260378,260378,UT,DS,3,0,0,155,138,13:04:49 20-Mar-2024,MC,A,43.7851,-61.4026,43.7851,-61.4026,6,,401677741,-124
260378,260378,UT,DS,1,0,1,,,13:56:33 20-Mar-2024,MB,B,43.7846,-61.4102,43.7846,-61.4102,8,,401677737,-130
260378,260378,UT,DS,3,0,0,254,177,14:10:07 20-Mar-2024,NN,A,43.7822,-61.3960,43.7822,-61.3960,6,,401677740,-130
260378,260378,UT,DS,3,0,0,208,198,14:21:38 20-Mar-2024,NP,A,43.7719,-61.4006,43.7719,-61.4006,6,,401677735,-125
260378,260378,UT,DS,3,0,0,203,197,14:45:37 20-Mar-2024,MC,A,43.7622,-61.4083,43.7622,-61.4083,6,,401677734,-119
260378,260378,UT,DS,4,0,0,93,45,15:52:10 20-Mar-2024,NN,1,43.7427,-61.3930,43.7427,-61.3930,48,,401677742,-123
260378,260378,UT,DS,1,0,0,,,16:04:20 20-Mar-2024,O3,B,43.7431,-61.3933,43.7431,-61.3933,6,,401677733,-137
260378,260378,UT,DS,1,0,0,,,16:27:11 20-Mar-2024,MC,B,43.7401,-61.3962,43.7401,-61.3962,6,,401677742,-131
260378,260378,UT,DS,3,0,0,182,175,22:09:51 20-Mar-2024,A1,A,43.7910,-61.4576,43.7910,-61.4576,8,,401677732,-129
260378,260378,UT,DS,1,0,0,,,22:33:23 20-Mar-2024,NP,B,43.7908,-61.4602,43.7908,-61.4602,6,,401677738,-132
260378,260378,UT,DS,2,0,0,197,197,22:35:02 20-Mar-2024,NK,B,43.7890,-61.4639,43.7890,-61.4639,6,,401677738,-127
260378,260378,UT,DS,2,0,0,197,197,22:35:02 20-Mar-2024,CS,B,43.7915,-61.4603,43.7915,-61.4603,6,,401677737,-131
260378,260378,UT,DS,2,0,0,201,201,22:50:32 20-Mar-2024,SR,B,43.7967,-61.4634,43.7967,-61.4634,6,,401677728,-124
260378,260378,UT,DS,1,0,0,,,22:55:07 20-Mar-2024,MC,B,43.7978,-61.4637,43.7978,-61.4637,6,,401677736,-130
260378,260378,UT,DS,1,0,0,,,23:44:00 20-Mar-2024,A1,B,43.8007,-61.4643,43.8007,-61.4643,8,,401677728,-139
260378,260378,UT,DS,2,0,0,201,201,00:09:01 21-Mar-2024,NP,B,43.8042,-61.4620,43.8042,-61.4620,6,,401677734,-122
260378,260378,UT,DS,3,0,0,181,179,00:30:49 21-Mar-2024,MC,A,43.8034,-61.4598,43.8034,-61.4598,,,401677735,-116
260378,260378,UT,DS,1,0,0,,,00:30:49 21-Mar-2024,SR,B,43.8044,-61.4621,43.8044,-61.4621,6,,401677733,-130
260378,260378,UT,DS,1,0,0,,,01:19:51 21-Mar-2024,MB,B,43.8028,-61.4618,43.8028,-61.4618,8,,401677731,-130
260378,260378,UT,DS,2,0,0,246,246,01:34:53 21-Mar-2024,NN,B,43.8035,-61.4599,43.8035,-61.4599,6,,401677734,-129
260378,260378,UT,DS,2,0,0,45,45,01:38:58 21-Mar-2024,O3,B,43.8034,-61.4605,43.8034,-61.4605,6,,401677735,-131
260378,260378,UT,DS,2,0,0,45,45,01:55:28 21-Mar-2024,NP,B,43.8162,-61.4555,43.8162,-61.4555,6,,401677732,-127
260378,260378,UT,DS,2,0,0,172,172,02:13:11 21-Mar-2024,MC,B,43.8187,-61.4356,43.8187,-61.4356,6,,401677730,-121
260378,260378,UT,DS,2,0,0,179,179,12:25:33 21-Mar-2024,NK,B,43.8408,-61.4602,43.8408,-61.4602,8,,401677733,-120
260378,260378,UT,DS,3,0,0,200,189,12:27:02 21-Mar-2024,NP,A,43.8348,-61.4493,43.8348,-61.4493,8,,401677734,-132
260378,260378,UT,DS,3,0,0,175,167,12:45:45 21-Mar-2024,MC,A,43.8295,-61.4376,43.8295,-61.4376,6,,401677739,-119
260378,260378,UT,DS,3,0,1,167,162,13:34:57 21-Mar-2024,MB,A,43.8248,-61.4322,43.8248,-61.4322,8,,401677736,-128
260378,260378,UT,DS,4,0,0,182,177,14:04:17 21-Mar-2024,NN,3,43.8205,-61.4205,43.8205,-61.4205,50,,401677736,-129
260378,260378,UT,DS,1,0,0,,,14:04:17 21-Mar-2024,NK,B,43.8249,-61.4318,43.8249,-61.4318,6,,401677734,-137
260378,260378,UT,DS,2,0,0,194,194,14:15:14 21-Mar-2024,NP,B,43.8203,-61.4190,43.8203,-61.4190,6,,401677739,-121
260378,260378,UT,DS,2,0,0,369,369,14:28:18 21-Mar-2024,MC,B,43.8190,-61.4206,43.8190,-61.4206,6,,401677738,-121
260378,260378,UT,DS,3,0,0,177,175,15:17:39 21-Mar-2024,O3,A,43.8113,-61.4210,43.8113,-61.4210,8,,401677739,-126
260378,260378,UT,DS,3,0,0,188,181,15:40:05 21-Mar-2024,NN,A,43.7992,-61.4121,43.7992,-61.4121,6,,401677734,-124
260378,260378,UT,DS,1,0,0,,,15:50:45 21-Mar-2024,NP,B,43.7982,-61.4115,43.7982,-61.4115,6,,401677734,-135
260378,260378,UT,DS,8,2,0,,,16:08:44 21-Mar-2024,MC,0,43.7707,-61.4091,43.7707,-61.4091,46,,401677743,-122
260378,260378,UT,DS,4,0,0,120,45,21:47:40 21-Mar-2024,A1,2,43.8039,-61.3851,43.8039,-61.3851,48,,401677736,-127
260378,260378,UT,DS,4,0,0,121,45,21:53:47 21-Mar-2024,CS,0,43.8098,-61.3871,43.8098,-61.3871,46,,401677730,-131
260378,260378,UT,DS,3,0,0,95,45,22:13:04 21-Mar-2024,NK,A,43.8011,-61.3844,43.8011,-61.3844,6,,401677733,-125
260378,260378,UT,DS,6,1,1,,,22:19:56 21-Mar-2024,SR,2,43.8046,-61.4003,43.8046,-61.4003,56,,401677735,-118
260378,260378,UT,DS,1,0,0,,,22:35:08 21-Mar-2024,MC,B,43.8043,-61.4001,43.8043,-61.4001,6,,401677729,-132
260378,260378,UT,DS,2,0,0,309,309,23:19:45 21-Mar-2024,A1,B,43.8041,-61.3689,43.8041,-61.3689,7,,401677740,-134
260378,260378,UT,DS,1,0,1,,,00:00:30 22-Mar-2024,SR,B,43.8007,-61.3626,43.8007,-61.3626,7,,401677750,-132
260378,260378,UT,DS,2,0,1,165,165,00:01:53 22-Mar-2024,NP,B,43.7820,-61.3579,43.7820,-61.3579,6,,401677735,-122
260378,260378,UT,DS,6,1,1,,,00:07:25 22-Mar-2024,MC,3,43.7792,-61.3601,43.7792,-61.3601,56,,401677734,-116
260378,260378,UT,DS,2,0,0,251,251,00:56:53 22-Mar-2024,MB,B,43.7677,-61.3490,43.7677,-61.3490,8,,401677734,-125
260378,260378,UT,DS,4,0,0,113,46,01:22:51 22-Mar-2024,NN,1,43.7666,-61.3391,43.7666,-61.3391,56,,401677734,-129
260378,260378,UT,DS,1,0,1,,,11:38:14 22-Mar-2024,CS,B,43.7454,-61.2254,43.7454,-61.2254,8,,401677720,-136
260378,260378,UT,DS,4,0,0,223,163,12:01:58 22-Mar-2024,NK,0,43.8306,-61.5642,43.8306,-61.5642,56,,401677735,-124
260378,260378,UT,DS,4,0,0,129,45,12:18:10 22-Mar-2024,NP,2,43.7709,-61.3028,43.7709,-61.3028,56,,401677729,-128
260378,260378,UT,DS,2,0,2,412,412,12:26:23 22-Mar-2024,MC,B,43.7704,-61.3012,43.7704,-61.3012,6,,401677731,-132
260378,260378,UT,DS,2,0,1,45,45,13:20:48 22-Mar-2024,MB,B,43.7398,-61.3135,43.7398,-61.3135,8,,401677729,-133
260378,260378,UT,DS,3,0,0,186,176,13:42:39 22-Mar-2024,NN,A,43.7693,-61.3111,43.7693,-61.3111,6,,401677734,-129
260378,260378,UT,DS,4,0,2,188,185,13:57:21 22-Mar-2024,NP,1,43.7684,-61.3138,43.7684,-61.3138,56,,401677734,-124
260378,260378,UT,DS,4,0,1,191,187,14:05:15 22-Mar-2024,MC,0,43.7669,-61.3158,43.7669,-61.3158,46,,401677734,-115
260378,260378,UT,DS,1,0,1,,,14:52:40 22-Mar-2024,MB,B,43.7567,-61.3145,43.7567,-61.3145,8,,401677737,-130
260378,260378,UT,DS,3,0,0,276,192,15:21:57 22-Mar-2024,NN,A,43.7627,-61.3288,43.7627,-61.3288,6,,401677732,-123
260378,260378,UT,DS,4,0,1,140,45,15:38:08 22-Mar-2024,NP,2,43.7678,-61.3506,43.7678,-61.3506,56,,401677733,-133
260378,260378,UT,DS,2,0,0,174,174,15:51:11 22-Mar-2024,MC,B,43.7795,-61.3297,43.7795,-61.3297,6,,401677742,-128
260378,260378,UT,DS,4,0,0,166,148,16:12:24 22-Mar-2024,O3,3,43.7617,-61.3533,43.7617,-61.3533,56,,401677736,-120
260378,260378,UT,DS,2,0,1,361,361,21:42:06 22-Mar-2024,NK,B,43.7562,-61.3585,43.7562,-61.3585,8,,401677727,-133
260378,260378,UT,DS,3,0,0,178,167,21:48:01 22-Mar-2024,SR,A,43.7322,-61.3855,43.7322,-61.3855,6,,401677731,-119
260378,260378,UT,DS,5,0,0,127,106,22:56:34 22-Mar-2024,A1,2,43.7265,-61.3788,43.7265,-61.3788,48,,401677733,-130
260378,260378,UT,DS,5,2,0,,,23:29:21 22-Mar-2024,SR,3,43.7182,-61.3737,43.7182,-61.3737,68,,401677734,-121
260378,260378,UT,DS,2,0,0,232,232,23:27:58 22-Mar-2024,NK,B,43.7296,-61.3748,43.7296,-61.3748,8,,401677733,-133
260378,260378,UT,DS,1,0,0,,,00:31:31 23-Mar-2024,A1,B,43.7063,-61.3733,43.7063,-61.3733,8,,401677743,-138
260378,260378,UT,DS,2,0,2,268,268,00:38:42 23-Mar-2024,MB,B,43.7229,-61.3475,43.7229,-61.3475,6,,401677741,-132
260378,260378,UT,DS,3,0,1,46,45,01:03:56 23-Mar-2024,NK,A,43.7341,-61.3670,43.7341,-61.3670,8,,401677725,-133
260378,260378,UT,DS,1,0,0,,,01:03:57 23-Mar-2024,SR,B,43.7227,-61.3599,,,,,401677740,-138
260378,260378,UT,DS,3,0,0,77,55,01:14:24 23-Mar-2024,NN,A,43.6952,-61.3539,,,6,,401677740,-127
260378,260378,UT,DS,1,0,0,,,01:29:18 23-Mar-2024,NP,B,43.6953,-61.3535,43.6953,-61.3535,6,,401677739,-121
260378,260378,UT,DS,1,0,0,,,02:58:05 23-Mar-2024,NN,B,43.6769,-61.3497,43.6769,-61.3497,8,,401677739,-125
260378,260378,UT,DS,1,0,0,,,12:05:44 23-Mar-2024,MC,B,43.6609,-61.3925,43.6609,-61.3925,,,401677726,-126
260378,260378,UT,DS,2,0,1,332,332,12:05:44 23-Mar-2024,NP,B,43.6853,-61.3779,43.6853,-61.3779,8,,401677713,-129
260378,260378,UT,DS,2,0,1,191,191,13:17:01 23-Mar-2024,NK,B,43.6586,-61.3835,43.6586,-61.3835,8,,401677739,-133
260378,260378,UT,DS,2,0,0,161,161,13:32:28 23-Mar-2024,NN,B,43.6596,-61.3834,43.6596,-61.3834,6,,401677730,-129
260378,260378,UT,DS,3,0,0,251,172,13:44:25 23-Mar-2024,NP,A,43.6386,-61.3764,43.6386,-61.3764,6,,401677734,-124
260378,260378,UT,DS,2,0,0,172,172,13:44:25 23-Mar-2024,MC,B,43.6328,-61.3692,43.6328,-61.3692,,,401677731,-114
260378,260378,UT,DS,2,0,1,200,200,14:40:04 23-Mar-2024,MB,B,43.6256,-61.3579,43.6256,-61.3579,8,,401677735,-127
260378,260378,UT,DS,1,0,1,,,16:57:14 23-Mar-2024,NN,B,43.6096,-61.3556,43.6096,-61.3556,8,,401677720,-133
260378,260378,UT,DS,1,0,0,,,22:11:08 23-Mar-2024,CS,B,43.6724,-61.3406,43.6724,-61.3406,8,,401677753,-132
260378,260378,UT,DS,4,0,0,182,177,22:36:07 23-Mar-2024,A1,0,43.6956,-61.2371,43.6956,-61.2371,56,,401677734,-121
260378,260378,UT,DS,3,0,0,181,178,22:54:53 23-Mar-2024,SR,A,43.7196,-61.3227,43.7196,-61.3227,6,,401677735,-118
260378,260378,UT,DS,3,0,0,172,159,22:56:17 23-Mar-2024,NK,A,43.7231,-61.3216,43.7231,-61.3216,6,,401677730,-122
260378,260378,UT,DS,3,0,1,291,192,23:29:24 23-Mar-2024,NP,A,43.7311,-61.3255,43.7311,-61.3255,8,,401677732,-125
260378,260378,UT,DS,2,0,0,192,192,23:29:24 23-Mar-2024,MC,B,43.7312,-61.3145,43.7312,-61.3145,,,401677732,-121
260378,260378,UT,DS,3,0,1,198,189,00:16:05 24-Mar-2024,MB,A,43.7245,-61.3066,43.7245,-61.3066,8,,401677736,-131
260378,260378,UT,DS,1,0,0,,,00:38:07 24-Mar-2024,NK,B,43.7243,-61.3066,43.7243,-61.3066,6,,401677733,-132
260378,260378,UT,DS,3,0,0,297,203,01:03:41 24-Mar-2024,NN,A,43.7211,-61.3156,43.7211,-61.3156,8,,401677734,-129
260378,260378,UT,DS,1,0,0,,,01:03:41 24-Mar-2024,O3,B,43.7248,-61.3054,43.7248,-61.3054,,,401677735,-139
260378,260378,UT,DS,4,0,0,186,169,01:08:28 24-Mar-2024,MC,1,43.7305,-61.2884,43.7305,-61.2884,56,,401677734,-118
260378,260378,UT,DS,3,0,0,205,203,01:12:59 24-Mar-2024,NP,A,43.7272,-61.2975,43.7272,-61.2975,6,,401677735,-120
260378,260378,UT,DS,3,0,0,197,184,02:42:03 24-Mar-2024,O3,A,43.7353,-61.2960,43.7353,-61.2960,6,,401677733,-123
260378,260378,UT,DS,4,0,0,131,48,02:38:41 24-Mar-2024,NN,3,43.7344,-61.2870,43.7344,-61.2870,58,,401677734,-133
260378,260378,UT,DS,2,0,0,204,204,02:51:39 24-Mar-2024,MC,B,43.7368,-61.2982,43.7368,-61.2982,6,,401677736,-123
260378,260378,UT,DS,1,0,0,,,02:58:29 24-Mar-2024,NP,B,43.7369,-61.2978,43.7369,-61.2978,6,,401677733,-137
260378,260378,UT,DS,1,0,0,,,12:37:26 24-Mar-2024,MB,B,43.7479,-61.2567,43.7479,-61.2567,8,,401677735,-133
260378,260378,UT,DS,3,0,1,274,179,12:50:47 24-Mar-2024,NK,A,43.7473,-61.2475,43.7473,-61.2475,6,,401677736,-123
260378,260378,UT,DS,2,0,0,192,192,13:19:45 24-Mar-2024,NN,B,43.7439,-61.2636,43.7439,-61.2636,6,,401677739,-135
260378,260378,UT,DS,4,0,0,196,181,13:22:56 24-Mar-2024,MC,3,43.7416,-61.2584,43.7416,-61.2584,66,,401677738,-123
260378,260378,UT,DS,3,0,1,275,169,13:32:45 24-Mar-2024,NP,A,43.7407,-61.2756,43.7407,-61.2756,6,,401677737,-120
260378,260378,UT,DS,3,0,0,138,45,14:11:56 24-Mar-2024,MB,A,43.7294,-61.2640,43.7294,-61.2640,8,,401677736,-127
260378,260378,UT,DS,1,0,1,,,14:29:35 24-Mar-2024,NK,B,43.7282,-61.2617,43.7282,-61.2617,6,,401677737,-137
260378,260378,UT,DS,4,0,1,149,45,15:06:32 24-Mar-2024,NN,3,43.7113,-61.2691,43.7113,-61.2691,58,,401677735,-120
260378,260378,UT,DS,1,0,0,,,15:09:05 24-Mar-2024,MC,B,43.7103,-61.2683,43.7103,-61.2683,6,,401677734,-116
260378,260378,UT,DS,3,0,1,202,179,15:14:49 24-Mar-2024,NP,A,43.6983,-61.2624,43.6983,-61.2624,6,,401677736,-129
260378,260378,UT,DS,1,0,1,,,15:54:43 24-Mar-2024,MB,B,43.6903,-61.2599,43.6903,-61.2599,8,,401677735,-135
260378,260378,UT,DS,3,0,0,211,184,16:22:32 24-Mar-2024,O3,A,43.7142,-61.2899,43.7142,-61.2899,6,,401677736,-119
260378,260378,UT,DS,4,0,0,171,158,16:39:57 24-Mar-2024,NN,3,43.7077,-61.2982,43.7077,-61.2982,56,,401677734,-127
260378,260378,UT,DS,1,0,0,,,16:45:26 24-Mar-2024,MC,B,43.7076,-61.2989,43.7076,-61.2989,6,,401677736,-133
260378,260378,UT,DS,1,0,0,,,21:34:03 24-Mar-2024,CS,B,43.7081,-61.2968,43.7081,-61.2968,8,,401677739,-134
260378,260378,UT,DS,2,0,0,202,202,22:14:14 24-Mar-2024,A1,B,43.7263,-61.2903,43.7263,-61.2903,8,,401677729,-128
260378,260378,UT,DS,7,0,0,97,50,22:27:18 24-Mar-2024,SR,1,43.7371,-61.2923,43.7371,-61.2923,56,,401677735,-119
260378,260378,UT,DS,6,0,1,86,45,22:30:40 24-Mar-2024,NK,3,43.7347,-61.2693,43.7347,-61.2693,56,,401677737,-124
260378,260378,UT,DS,7,0,1,88,45,23:09:05 24-Mar-2024,MC,3,43.7217,-61.2714,43.7217,-61.2714,58,,401677738,-123
260378,260378,UT,DS,17,5,0,,,23:17:59 24-Mar-2024,NP,2,43.7260,-61.2696,43.7260,-61.2696,46,,401677740,-129
260378,260378,UT,DS,5,0,0,81,48,00:04:22 25-Mar-2024,SR,2,43.7167,-61.2546,43.7167,-61.2546,56,,401677737,-131
260378,260378,UT,DS,2,0,0,90,90,00:02:21 25-Mar-2024,MB,B,43.7178,-61.2610,43.7178,-61.2610,8,,401677736,-127
260378,260378,UT,DS,3,0,0,180,180,00:15:48 25-Mar-2024,NK,A,43.7290,-61.2618,,,6,,401677734,-126
260378,260378,UT,DS,5,0,0,182,45,00:45:23 25-Mar-2024,MC,1,43.7161,-61.2405,,,56,,401677746,-116
260378,260378,UT,DS,3,0,0,206,45,00:45:23 25-Mar-2024,NN,A,43.7131,-61.2521,,,,,401677746,-129
260378,260378,UT,DS,4,0,0,82,56,01:00:34 25-Mar-2024,NP,0,43.7102,-61.2319,,,46,,401677746,-122
260378,260378,UT,DS,3,0,0,112,45,12:26:30 25-Mar-2024,NK,A,43.6459,-61.4392,43.6459,-61.4392,8,,401677733,-122
260378,260378,UT,DS,5,0,0,117,45,13:02:49 25-Mar-2024,MC,2,43.6437,-61.4441,43.6437,-61.4441,50,,401677733,-119
260378,260378,UT,DS,2,0,0,115,115,13:08:45 25-Mar-2024,NN,B,43.6430,-61.4395,43.6430,-61.4395,6,,401677734,-130
260378,260378,UT,DS,5,0,0,143,45,13:19:56 25-Mar-2024,NP,2,43.6450,-61.4393,43.6450,-61.4393,56,,401677735,-125
260378,260378,UT,DS,6,1,1,,,13:51:08 25-Mar-2024,MB,1,43.6421,-61.4371,43.6421,-61.4371,58,,401677734,-126
260378,260378,UT,DS,2,0,1,142,142,14:00:59 25-Mar-2024,NK,B,43.6399,-61.4374,43.6399,-61.4374,6,,401677732,-135
260378,260378,UT,DS,9,1,1,,,14:42:13 25-Mar-2024,MC,3,43.6356,-61.4270,43.6356,-61.4270,58,,401677737,-119
260378,260378,UT,DS,5,1,0,,,14:45:15 25-Mar-2024,NN,1,43.6385,-61.4357,43.6385,-61.4357,56,,401677737,-133
260378,260378,UT,DS,13,1,3,,,15:01:58 25-Mar-2024,NP,2,43.6409,-61.4335,43.6409,-61.4335,56,,401677738,-126
260378,260378,UT,DS,5,0,0,150,45,15:35:21 25-Mar-2024,O3,2,43.6368,-61.4413,43.6368,-61.4413,58,,401677736,-126
260378,260378,UT,DS,3,0,1,219,209,21:53:24 25-Mar-2024,SR,A,43.6441,-61.4511,43.6441,-61.4511,6,,401677735,-119
260378,260378,UT,DS,2,0,1,229,229,21:51:36 25-Mar-2024,A1,B,43.6346,-61.4680,43.6346,-61.4680,8,,401677729,-127
260378,260378,UT,DS,3,0,0,231,231,22:05:00 25-Mar-2024,NK,A,43.6415,-61.4375,43.6415,-61.4375,6,,401677738,-124
260378,260378,UT,DS,1,0,0,,,22:29:03 25-Mar-2024,CS,B,43.6426,-61.4527,43.6426,-61.4527,8,,401677739,-131
260378,260378,UT,DS,2,0,0,225,225,23:07:39 25-Mar-2024,NP,B,43.6489,-61.4548,43.6489,-61.4548,8,,401677738,-130
260378,260378,UT,DS,1,0,0,,,23:22:17 25-Mar-2024,A1,B,43.6502,-61.4523,43.6502,-61.4523,6,,401677732,-129
260378,260378,UT,DS,2,0,0,391,391,23:32:13 25-Mar-2024,SR,B,43.6477,-61.4343,43.6477,-61.4343,6,,401677737,-126
260378,260378,UT,DS,1,0,1,,,23:35:28 25-Mar-2024,MB,B,43.6473,-61.4339,43.6473,-61.4339,6,,401677735,-132
260378,260378,UT,DS,3,0,0,133,45,23:48:13 25-Mar-2024,NK,A,43.6518,-61.4307,43.6518,-61.4307,6,,401677733,-126
260378,260378,UT,DS,4,0,0,200,197,00:24:50 26-Mar-2024,MC,1,43.6524,-61.4329,43.6524,-61.4329,58,,401677735,-114
260378,260378,UT,DS,3,0,0,186,184,00:34:51 26-Mar-2024,NN,A,43.6476,-61.4437,43.6476,-61.4437,6,,401677732,-131
260378,260378,UT,DS,3,0,0,224,224,00:48:01 26-Mar-2024,NP,A,43.6458,-61.4386,43.6458,-61.4386,6,,401677737,-121
260378,260378,UT,DS,1,0,0,,,01:17:10 26-Mar-2024,MB,B,43.6459,-61.4378,43.6459,-61.4378,6,,401677736,-130
260378,260378,UT,DS,1,0,0,,,02:09:10 26-Mar-2024,MC,B,43.6475,-61.4410,43.6475,-61.4410,8,,401677737,-118
260378,260378,UT,DS,4,0,0,228,45,02:14:50 26-Mar-2024,NN,0,43.6385,-61.4813,43.6385,-61.4813,46,,401677737,-120
260378,260378,UT,DS,2,0,0,192,192,02:31:35 26-Mar-2024,NP,B,43.6428,-61.4339,43.6428,-61.4339,6,,401677740,-132
260378,260378,UT,DS,3,0,0,119,45,02:47:42 26-Mar-2024,O3,A,43.6436,-61.4395,43.6436,-61.4395,6,,401677739,-125
260378,260378,UT,DS,5,0,0,107,45,12:43:52 26-Mar-2024,MC,2,43.7501,-61.2431,43.7501,-61.2431,58,,401677733,-119
260378,260378,UT,DS,3,0,0,264,179,13:05:03 26-Mar-2024,NP,A,43.7563,-61.2201,43.7563,-61.2201,6,,401677735,-127
260378,260378,UT,DS,3,0,0,307,204,13:28:46 26-Mar-2024,MB,A,43.7494,-61.2207,43.7494,-61.2207,6,,401677733,-133
260378,260378,UT,DS,2,0,1,196,196,13:35:44 26-Mar-2024,NK,B,43.7497,-61.2180,43.7497,-61.2180,6,,401677729,-130
260378,260378,UT,DS,3,0,0,173,160,14:23:45 26-Mar-2024,MC,A,43.7455,-61.1621,43.7455,-61.1621,8,,401677726,-113
260378,260378,UT,DS,3,0,1,181,178,14:32:35 26-Mar-2024,NN,A,43.7519,-61.1746,43.7519,-61.1746,6,,401677733,-124
260378,260378,UT,DS,2,0,1,205,205,14:51:57 26-Mar-2024,NP,B,43.7515,-61.1679,43.7515,-61.1679,6,,401677734,-124
260378,260378,UT,DS,1,0,0,,,16:04:46 26-Mar-2024,MC,B,43.7539,-61.1399,43.7539,-61.1399,8,,401677733,-122
260378,260378,UT,DS,5,0,0,111,45,16:18:06 26-Mar-2024,NN,3,43.7633,-61.1399,43.7633,-61.1399,56,,401677733,-121
260378,260378,UT,DS,4,0,0,193,181,16:30:30 26-Mar-2024,O3,1,43.7622,-61.1193,43.7622,-61.1193,56,,401677732,-122
260378,260378,UT,DS,2,0,1,232,232,21:41:57 26-Mar-2024,NK,B,43.7240,-61.0972,43.7240,-61.0972,8,,401677759,-128
260378,260378,UT,DS,3,0,1,228,220,21:47:38 26-Mar-2024,CS,A,43.7557,-61.1654,43.7557,-61.1654,6,,401677733,-129
260378,260378,UT,DS,3,0,0,188,184,22:56:28 26-Mar-2024,NP,A,43.7590,-61.1670,43.7590,-61.1670,8,,401677736,-131
260378,260378,UT,DS,3,0,0,188,184,22:59:35 26-Mar-2024,SR,A,43.7614,-61.1734,43.7614,-61.1734,6,,401677737,-120
260378,260378,UT,DS,2,0,0,193,193,23:01:08 26-Mar-2024,A1,B,43.7612,-61.1728,43.7612,-61.1728,6,,401677736,-125
260378,260378,UT,DS,3,0,0,205,195,23:19:57 26-Mar-2024,NK,A,43.7578,-61.1627,43.7578,-61.1627,6,,401677737,-127
260378,260378,UT,DS,3,0,0,215,209,00:09:57 27-Mar-2024,MC,A,43.7573,-61.1825,43.7573,-61.1825,8,,401677734,-120
260378,260378,UT,DS,2,0,0,200,200,00:27:04 27-Mar-2024,NN,B,43.7593,-61.1819,43.7593,-61.1819,6,,401677734,-132
260378,260378,UT,DS,5,0,0,168,45,00:35:44 27-Mar-2024,NP,0,43.7589,-61.1647,43.7589,-61.1647,56,,401677737,-121
260378,260378,UT,DS,2,0,0,192,192,00:39:55 27-Mar-2024,SR,B,43.7588,-61.1679,43.7588,-61.1679,6,,401677737,-134
260378,260378,UT,DS,2,0,0,604,604,00:52:06 27-Mar-2024,MB,B,43.7587,-61.1685,43.7587,-61.1685,6,,401677735,-127
260378,260378,UT,DS,1,0,0,,,00:58:46 27-Mar-2024,NK,B,43.7701,-61.1613,43.7701,-61.1613,6,,401677734,-135
260378,260378,UT,DS,2,0,0,229,229,01:46:39 27-Mar-2024,MC,B,43.7624,-61.1672,,,8,,401677739,-127
260378,260378,UT,DS,2,0,0,185,185,02:02:13 27-Mar-2024,O3,B,43.7621,-61.1710,,,,,401677737,-128
260378,260378,UT,DS,3,0,0,200,185,02:02:13 27-Mar-2024,NN,A,43.7603,-61.1781,43.7603,-61.1781,6,,401677736,-120
260378,260378,UT,DS,4,0,1,134,45,02:18:22 27-Mar-2024,NP,0,43.7631,-61.1767,,,46,,401677737,-138
260378,260378,UT,DS,2,0,0,402,402,12:21:50 27-Mar-2024,MC,B,43.7367,-61.3538,43.7367,-61.3538,8,,401677738,-128
260378,260378,UT,DS,4,0,0,189,165,12:56:17 27-Mar-2024,NP,3,43.7134,-61.3722,43.7134,-61.3722,58,,401677734,-122
260378,260378,UT,DS,1,0,0,,,13:12:58 27-Mar-2024,NK,B,43.7105,-61.3741,43.7105,-61.3741,,,401677737,-131
260378,260378,UT,DS,1,0,0,,,13:12:58 27-Mar-2024,MB,B,43.7083,-61.3761,43.7083,-61.3761,6,,401677735,-129
260378,260378,UT,DS,4,0,0,145,45,14:03:19 27-Mar-2024,MC,1,43.6955,-61.4200,43.6955,-61.4200,58,,401677734,-116
260378,260378,UT,DS,3,0,0,184,183,14:23:33 27-Mar-2024,NN,A,43.6865,-61.3914,43.6865,-61.3914,6,,401677742,-124
260378,260378,UT,DS,4,0,0,139,45,14:34:39 27-Mar-2024,NP,3,43.6722,-61.3999,43.6722,-61.3999,56,,401677732,-127
260378,260378,UT,DS,3,0,0,307,287,14:49:58 27-Mar-2024,MB,A,43.6710,-61.4001,43.6710,-61.4001,6,,401677735,-131
260378,260378,UT,DS,2,0,0,173,173,15:42:56 27-Mar-2024,MC,B,43.6565,-61.4198,43.6565,-61.4198,8,,401677725,-122
260378,260378,UT,DS,3,0,0,189,173,15:42:57 27-Mar-2024,O3,,,,,,,,401650000,
260378,260378,UT,DS,1,0,0,,,16:05:01 27-Mar-2024,NN,B,43.6607,-61.4101,43.6607,-61.4101,6,,401677726,-126
260378,260378,UT,DS,1,0,0,,,16:20:46 27-Mar-2024,NP,B,43.6548,-61.4172,43.6548,-61.4172,6,,401677731,-135
260378,260378,UT,DS,5,0,0,179,45,22:30:08 27-Mar-2024,SR,0,43.6765,-61.3936,43.6765,-61.3936,58,,401677733,-126
260378,260378,UT,DS,5,0,0,106,45,22:38:54 27-Mar-2024,A1,0,43.6668,-61.3475,43.6668,-61.3475,46,,401677734,-123
260378,260378,UT,DS,3,0,1,222,209,22:42:43 27-Mar-2024,NP,A,43.6664,-61.3222,43.6664,-61.3222,6,,401677735,-134
260378,260378,UT,DS,4,0,0,176,166,22:54:30 27-Mar-2024,NK,1,43.6669,-61.3228,43.6669,-61.3228,56,,401677734,-123
260378,260378,UT,DS,4,0,0,162,45,23:44:10 27-Mar-2024,MC,1,43.6619,-61.3271,43.6619,-61.3271,48,,401677735,-118
260378,260378,UT,DS,1,0,0,,,00:10:27 28-Mar-2024,A1,B,43.6623,-61.3262,43.6623,-61.3262,6,,401677731,-137
260378,260378,UT,DS,2,0,0,205,205,00:10:27 28-Mar-2024,NN,B,43.6613,-61.3234,43.6613,-61.3234,,,401677735,-132
260378,260378,UT,DS,1,0,0,,,00:10:27 28-Mar-2024,SR,B,43.6622,-61.3266,43.6622,-61.3266,6,,401677732,-133
260378,260378,UT,DS,4,0,0,149,45,00:22:42 28-Mar-2024,NP,1,43.6616,-61.3201,43.6616,-61.3201,46,,401677733,-121
260378,260378,UT,DS,2,0,0,48,48,00:36:08 28-Mar-2024,NK,B,43.6616,-61.3203,43.6616,-61.3203,6,,401677733,-132
260378,260378,UT,DS,2,0,0,48,48,00:36:32 28-Mar-2024,MB,B,43.6534,-61.3191,43.6534,-61.3191,6,,401677738,-130
260378,260378,UT,DS,2,0,1,55,55,01:29:39 28-Mar-2024,MC,B,43.6504,-61.3289,43.6504,-61.3289,8,,401677746,-113
260378,260378,UT,DS,1,0,0,,,12:02:15 28-Mar-2024,MC,B,43.5874,-61.4687,43.5874,-61.4687,8,,401677735,-132
260378,260378,UT,DS,9,1,0,,,12:47:49 28-Mar-2024,NK,3,43.6322,-61.3042,43.6322,-61.3042,56,,401677744,-121
260378,260378,UT,DS,10,1,0,,,12:43:30 28-Mar-2024,NP,2,43.6345,-61.3082,43.6345,-61.3082,58,,401677744,-125
260378,260378,UT,DS,5,0,1,45,45,12:48:27 28-Mar-2024,MB,1,43.6356,-61.3092,43.6356,-61.3092,56,,401677748,-129
260378,260378,UT,DS,4,0,0,209,207,13:38:25 28-Mar-2024,MC,3,43.6475,-61.3295,43.6475,-61.3295,58,,401677733,-122
260378,260378,UT,DS,4,0,0,202,197,14:11:29 28-Mar-2024,NN,1,43.6362,-61.3471,43.6362,-61.3471,58,,401677730,-124
260378,260378,UT,DS,6,1,1,,,14:24:18 28-Mar-2024,NP,3,43.6332,-61.3353,43.6332,-61.3353,56,,401677734,-126
260378,260378,UT,DS,1,0,0,,,14:25:39 28-Mar-2024,NK,B,43.6303,-61.3382,43.6303,-61.3382,6,,401677735,-137
260378,260378,UT,DS,2,0,0,187,187,14:36:26 28-Mar-2024,MB,B,43.6316,-61.3423,43.6316,-61.3423,6,,401677735,-133
260378,260378,UT,DS,1,0,0,,,14:59:49 28-Mar-2024,O3,B,43.6305,-61.3422,43.6305,-61.3422,6,,401677734,-136
260378,260378,UT,DS,5,0,0,152,45,15:18:54 28-Mar-2024,MC,1,43.6283,-61.3337,43.6283,-61.3337,48,,401677735,-127
260378,260378,UT,DS,4,0,0,114,45,21:57:04 28-Mar-2024,SR,1,43.6305,-61.3593,43.6305,-61.3593,58,,401677737,-124
260378,260378,UT,DS,4,0,1,146,58,22:15:42 28-Mar-2024,A1,1,43.6319,-61.3707,43.6319,-61.3707,46,,401677733,-123
260378,260378,UT,DS,2,0,0,204,204,22:32:39 28-Mar-2024,NK,B,43.6266,-61.3663,43.6266,-61.3663,6,,401677731,-119
260378,260378,UT,DS,4,0,0,156,46,22:32:39 28-Mar-2024,NP,0,43.6313,-61.3532,43.6313,-61.3532,46,,401677732,-135
260378,260378,UT,DS,2,0,0,223,223,23:26:38 28-Mar-2024,MC,B,43.6283,-61.3611,43.6283,-61.3611,8,,401677730,-121
260378,260378,UT,DS,3,0,0,172,100,23:37:38 28-Mar-2024,SR,A,43.6175,-61.3669,43.6175,-61.3669,6,,401677730,-129
260378,260378,UT,DS,2,0,0,206,206,23:46:52 28-Mar-2024,A1,B,43.6159,-61.3545,43.6159,-61.3545,6,,401677728,-131
260378,260378,UT,DS,2,0,0,196,196,00:00:01 29-Mar-2024,NN,B,43.6266,-61.3532,43.6266,-61.3532,6,,401677735,-135
260378,260378,UT,DS,1,0,0,,,00:18:07 29-Mar-2024,MB,B,43.6229,-61.3489,43.6229,-61.3489,,,401677741,-130
260378,260378,UT,DS,1,0,0,,,00:18:07 29-Mar-2024,NP,B,43.6222,-61.3491,43.6222,-61.3491,6,,401677738,-129
260378,260378,UT,DS,4,0,0,189,45,01:02:55 29-Mar-2024,MC,1,43.6364,-61.3402,43.6364,-61.3402,58,,401677737,-113
260378,260378,UT,DS,3,0,0,130,45,01:40:54 29-Mar-2024,NN,A,43.6393,-61.3384,43.6393,-61.3384,8,,401677734,-122
260378,260378,UT,DS,1,0,0,,,01:54:53 29-Mar-2024,MB,B,43.6393,-61.3383,43.6393,-61.3383,6,,401677734,-132
260378,260378,UT,DS,3,0,0,197,182,01:58:15 29-Mar-2024,NP,A,43.6382,-61.3318,43.6382,-61.3318,6,,401677735,-127
260378,260378,UT,DS,2,0,0,194,194,02:10:35 29-Mar-2024,O3,B,43.6366,-61.3354,43.6366,-61.3354,6,,401677737,-127
260378,260378,UT,DS,2,0,0,227,227,02:46:57 29-Mar-2024,MC,B,43.6393,-61.3402,,,8,,401677737,-126
260378,260378,UT,DS,4,0,0,136,45,12:21:39 29-Mar-2024,NK,1,43.6315,-61.3099,,,48,,401677734,-120
260378,260378,UT,DS,7,1,0,,,12:29:31 29-Mar-2024,NP,2,43.6354,-61.3101,43.6354,-61.3101,,,401677742,-136
260378,260378,UT,DS,1,0,0,,,12:29:31 29-Mar-2024,MB,B,43.6565,-61.3324,43.6565,-61.3324,8,,401677747,-133
260378,260378,UT,DS,6,1,0,,,13:18:30 29-Mar-2024,MC,3,43.6331,-61.3138,43.6331,-61.3138,58,,401677736,-116
260378,260378,UT,DS,6,2,0,,,13:57:52 29-Mar-2024,NN,2,43.6315,-61.3121,43.6315,-61.3121,58,,401677737,-126
260378,260378,UT,DS,4,1,0,,,13:59:23 29-Mar-2024,NK,A,43.6304,-61.3105,43.6304,-61.3105,6,,401677734,-129
260378,260378,UT,DS,6,1,1,,,14:11:55 29-Mar-2024,NP,2,43.6303,-61.2972,43.6303,-61.2972,56,,401677741,-120
260378,260378,UT,DS,4,0,1,85,45,14:08:48 29-Mar-2024,MB,1,43.6320,-61.2981,43.6320,-61.2981,56,,401677741,-122
260378,260378,UT,DS,5,0,1,158,45,15:00:01 29-Mar-2024,MC,3,43.6327,-61.3087,,,58,,401677736,-114
260378,260378,UT,DS,3,0,1,118,45,15:43:44 29-Mar-2024,NN,A,43.6165,-61.3142,43.6165,-61.3142,8,,401677723,-120
260378,260378,UT,DS,4,0,2,192,175,15:51:58 29-Mar-2024,O3,3,43.6354,-61.3067,43.6354,-61.3067,56,,401677737,-120
260378,260378,UT,DS,2,0,0,175,175,15:55:11 29-Mar-2024,NP,B,43.6359,-61.3091,43.6359,-61.3091,6,,401677728,-132
260378,260378,UT,DS,2,0,1,186,186,16:40:55 29-Mar-2024,MC,B,43.6179,-61.3289,43.6179,-61.3289,8,,401677730,-129
260378,260378,UT,DS,3,0,1,147,45,21:51:33 29-Mar-2024,A1,A,43.6488,-61.3193,43.6488,-61.3193,8,,401677738,-131
260378,260378,UT,DS,2,0,0,472,472,22:04:08 29-Mar-2024,NK,B,43.6484,-61.3208,43.6484,-61.3208,6,,401677735,-127
260378,260378,UT,DS,1,0,1,,,22:22:09 29-Mar-2024,NP,B,43.6484,-61.3205,43.6484,-61.3205,6,,401677736,-137
260378,260378,UT,DS,2,0,0,45,45,23:06:21 29-Mar-2024,MC,B,43.6427,-61.2976,43.6427,-61.2976,8,,401677741,-125
260378,260378,UT,DS,3,0,0,102,45,23:07:45 29-Mar-2024,SR,A,43.6571,-61.3438,43.6571,-61.3438,6,,401677742,-125
260378,260378,UT,DS,2,0,1,45,45,23:27:46 29-Mar-2024,A1,B,43.6432,-61.3450,43.6432,-61.3450,6,,401677735,-131
260378,260378,UT,DS,2,0,1,192,192,23:46:03 29-Mar-2024,NN,B,43.6431,-61.3401,43.6431,-61.3401,6,,401677738,-133
260378,260378,UT,DS,1,0,0,,,23:49:16 29-Mar-2024,NK,B,43.6427,-61.3392,43.6427,-61.3392,6,,401677738,-133
260378,260378,UT,DS,2,0,0,45,45,23:53:21 29-Mar-2024,MB,B,43.6283,-61.3345,43.6283,-61.3345,6,,401677744,-129
260378,260378,UT,DS,4,0,0,211,203,23:56:28 29-Mar-2024,NP,2,43.6497,-61.3345,43.6497,-61.3345,58,,401677736,-122
260378,260378,UT,DS,5,0,1,103,49,00:44:13 30-Mar-2024,MC,1,43.6495,-61.3553,43.6495,-61.3553,58,,401677741,-115
260378,260378,UT,DS,3,0,1,237,179,01:26:01 30-Mar-2024,NN,A,43.6589,-61.3440,43.6589,-61.3440,8,,401677745,-125
260378,260378,UT,DS,2,0,1,59,59,01:31:56 30-Mar-2024,MB,B,43.6540,-61.3574,43.6540,-61.3574,6,,401677738,-129
260378,260378,UT,DS,3,0,0,98,45,12:24:02 30-Mar-2024,NP,A,43.6618,-61.2747,43.6618,-61.2747,8,,401677743,-127
260378,260378,UT,DS,2,0,0,183,183,13:05:37 30-Mar-2024,MC,B,43.6673,-61.2812,43.6673,-61.2812,8,,401677746,-121
260378,260378,UT,DS,3,0,0,185,182,13:34:31 30-Mar-2024,NK,A,43.6619,-61.3166,43.6619,-61.3166,6,,401677736,-128
260378,260378,UT,DS,3,0,0,181,158,13:45:33 30-Mar-2024,NN,A,43.6480,-61.2939,43.6480,-61.2939,8,,401677734,-127
260378,260378,UT,DS,7,1,1,,,13:46:52 30-Mar-2024,MB,1,43.6545,-61.3033,43.6545,-61.3033,46,,401677738,-129
260378,260378,UT,DS,7,0,3,90,45,13:58:54 30-Mar-2024,NP,1,43.6544,-61.3040,43.6544,-61.3040,46,,401677737,-120
260378,260378,UT,DS,5,0,1,137,45,14:39:54 30-Mar-2024,MC,2,43.6566,-61.3060,43.6566,-61.3060,58,,401677738,-117
260378,260378,UT,DS,3,0,2,121,45,15:03:27 30-Mar-2024,O3,A,43.6897,-61.3016,43.6897,-61.3016,6,,401677741,-134
260378,260378,UT,DS,2,0,0,93,93,16:20:57 30-Mar-2024,MC,B,43.6511,-61.2826,43.6511,-61.2826,8,,401677747,-132
260378,260378,UT,DS,3,0,1,105,45,21:26:03 30-Mar-2024,A1,A,43.6727,-61.3804,43.6727,-61.3804,8,,401677756,-134
260378,260378,UT,DS,3,0,1,252,208,21:35:17 30-Mar-2024,NK,A,43.6599,-61.3110,43.6599,-61.3110,8,,401677743,-130
260378,260378,UT,DS,1,0,0,,,22:09:04 30-Mar-2024,NP,B,43.6557,-61.3126,43.6557,-61.3126,8,,401677737,-136
260378,260378,UT,DS,1,0,0,,,22:20:19 30-Mar-2024,CS,B,43.6577,-61.3118,43.6577,-61.3118,6,,401677737,-132
260378,260378,UT,DS,5,1,0,,,00:14:05 31-Mar-2024,SR,2,43.6565,-61.3161,43.6565,-61.3161,58,,401677733,-129
260378,260378,UT,DS,6,2,0,,,00:21:17 31-Mar-2024,MC,3,43.6661,-61.3118,43.6661,-61.3118,56,,401677736,-119
260378,260378,UT,DS,2,0,1,45,45,00:58:50 31-Mar-2024,NK,B,43.6624,-61.3317,43.6624,-61.3317,8,,401677739,-133
260378,260378,UT,DS,1,0,0,,,02:09:23 31-Mar-2024,MC,B,43.6622,-61.3403,43.6622,-61.3403,8,,401677749,-125
260378,260378,UT,DS,1,0,0,,,11:36:27 31-Mar-2024,NK,B,43.6427,-61.4001,43.6427,-61.4001,8,,401677727,-128
260378,260378,UT,DS,1,0,0,,,12:03:52 31-Mar-2024,CS,B,43.6733,-61.3262,43.6733,-61.3262,8,,401677743,-137
260378,260378,UT,DS,3,0,0,189,179,12:06:47 31-Mar-2024,NP,A,43.6485,-61.3027,43.6485,-61.3027,6,,401677737,-138
260378,260378,UT,DS,4,0,0,171,157,12:39:33 31-Mar-2024,MC,3,43.6496,-61.2990,43.6496,-61.2990,58,,401677741,-124
260378,260378,UT,DS,1,0,0,,,13:08:53 31-Mar-2024,NK,B,43.6498,-61.2992,43.6498,-61.2992,6,,401677742,-125
260378,260378,UT,DS,2,0,0,386,386,13:28:18 31-Mar-2024,MB,B,43.6588,-61.3290,43.6588,-61.3290,8,,401677734,-129
260378,260378,UT,DS,2,0,0,183,183,13:34:44 31-Mar-2024,NN,B,43.6579,-61.3252,43.6579,-61.3252,6,,401677738,-133
260378,260378,UT,DS,3,0,0,199,190,13:50:22 31-Mar-2024,NP,A,43.6370,-61.3299,43.6370,-61.3299,6,,401677738,-124
260378,260378,UT,DS,2,0,0,195,195,14:18:44 31-Mar-2024,MC,B,43.6291,-61.3400,43.6291,-61.3400,6,,401677737,-119
260378,260378,UT,DS,5,0,0,153,45,15:16:40 31-Mar-2024,NN,0,43.6367,-61.3916,,,56,,401677736,-122
260378,260378,UT,DS,2,0,0,204,204,15:11:13 31-Mar-2024,MB,B,43.6227,-61.3682,43.6227,-61.3682,8,,401677733,-131
260378,260378,UT,DS,2,0,0,213,213,15:30:03 31-Mar-2024,NP,B,43.6384,-61.3916,43.6384,-61.3916,6,,401677733,-131
260378,260378,UT,DS,4,0,0,214,206,15:58:58 31-Mar-2024,O3,2,43.6397,-61.3615,43.6397,-61.3615,56,,401677736,-121
260378,260378,UT,DS,2,0,0,228,228,16:00:37 31-Mar-2024,MC,B,43.6383,-61.3568,43.6383,-61.3568,6,,401677732,-129
260378,260378,UT,DS,2,0,0,213,213,16:54:21 31-Mar-2024,NN,B,43.6485,-61.3410,,,8,,401677735,-129
260378,260378,UT,DS,3,0,0,286,154,21:42:23 31-Mar-2024,CS,A,43.6563,-61.3111,43.6563,-61.3111,8,,401677737,-129
260378,260378,UT,DS,4,0,0,183,172,22:02:41 31-Mar-2024,SR,2,43.6622,-61.3133,43.6622,-61.3133,56,,401677738,-122
260378,260378,UT,DS,1,0,0,,,21:58:06 31-Mar-2024,NP,B,43.6573,-61.3139,43.6573,-61.3139,6,,401677738,-137
260378,260378,UT,DS,1,0,0,,,22:26:57 31-Mar-2024,MC,B,43.6622,-61.3132,43.6622,-61.3132,6,,401677736,-133
260378,260378,UT,DS,2,0,0,182,182,22:38:05 31-Mar-2024,A1,B,43.6639,-61.3168,43.6639,-61.3168,6,,401677735,-118
260378,260378,UT,DS,4,0,0,194,191,22:50:35 31-Mar-2024,NK,0,43.6578,-61.3246,43.6578,-61.3246,56,,401677737,-121
260378,260378,UT,DS,1,0,0,,,23:43:47 31-Mar-2024,NP,B,43.6604,-61.3285,43.6604,-61.3285,,,401677733,-137
260378,260378,UT,DS,1,0,0,,,23:43:47 31-Mar-2024,SR,B,43.6615,-61.3326,43.6615,-61.3326,8,,401677733,-129
260378,260378,UT,DS,2,0,0,45,45,00:04:58 01-Apr-2024,MC,B,43.6575,-61.3159,43.6575,-61.3159,6,,401677741,-121
260378,260378,UT,DS,2,0,1,176,176,00:53:23 01-Apr-2024,MB,B,43.6596,-61.3231,43.6596,-61.3231,8,,401677738,-121
260378,260378,UT,DS,2,0,0,455,455,01:02:40 01-Apr-2024,NN,B,43.6691,-61.2987,43.6691,-61.2987,6,,401677739,-131
260378,260378,UT,DS,2,0,1,152,152,01:23:03 01-Apr-2024,NP,B,43.6613,-61.3088,43.6613,-61.3088,6,,401677738,-136
260378,260378,UT,DS,4,0,1,158,50,01:45:24 01-Apr-2024,MC,2,43.6633,-61.2939,43.6633,-61.2939,56,,401677736,-124
260378,260378,UT,DS,2,0,1,165,165,12:49:23 01-Apr-2024,NK,B,43.6821,-61.3852,43.6821,-61.3852,8,,401677744,-128
260378,260378,UT,DS,2,0,0,405,405,13:19:49 01-Apr-2024,NN,B,43.6881,-61.3141,43.6881,-61.3141,8,,401677741,-129
260378,260378,UT,DS,4,0,0,220,151,13:32:59 01-Apr-2024,NP,1,43.6822,-61.3019,43.6822,-61.3019,56,,401677739,-123
260378,260378,UT,DS,3,0,0,174,174,14:01:44 01-Apr-2024,MC,A,43.6814,-61.2790,43.6814,-61.2790,6,,401677740,-118
260378,260378,UT,DS,5,0,0,102,45,14:46:38 01-Apr-2024,MB,1,43.6830,-61.2919,43.6830,-61.2919,48,,401677738,-130
260378,260378,UT,DS,6,0,0,128,46,15:02:25 01-Apr-2024,NN,1,43.6853,-61.3038,43.6853,-61.3038,56,,401677738,-120
260378,260378,UT,DS,1,0,1,,,15:14:35 01-Apr-2024,O3,B,43.6852,-61.3037,43.6852,-61.3037,6,,401677737,-128
260378,260378,UT,DS,3,0,1,271,213,15:14:35 01-Apr-2024,NP,A,43.6833,-61.2845,43.6833,-61.2845,,,401677736,-130
260378,260378,UT,DS,4,0,0,46,45,15:39:58 01-Apr-2024,MC,0,43.6855,-61.2797,43.6855,-61.2797,56,,401677757,-121
260378,260378,UT,DS,12,4,0,,,22:16:21 01-Apr-2024,A1,3,43.6790,-61.2975,43.6790,-61.2975,58,,401677739,-121
260378,260378,UT,DS,5,1,0,,,22:19:44 01-Apr-2024,NK,2,43.6773,-61.3036,43.6773,-61.3036,56,,401677740,-137
260378,260378,UT,DS,2,0,1,45,45,22:39:04 01-Apr-2024,CS,B,43.6874,-61.3002,43.6874,-61.3002,6,,401677738,-137
260378,260378,UT,DS,4,1,0,,,23:10:08 01-Apr-2024,SR,3,43.6706,-61.2891,43.6706,-61.2891,56,,401677755,-130
260378,260378,UT,DS,5,0,2,133,89,23:22:48 01-Apr-2024,NP,3,43.6751,-61.3056,43.6751,-61.3056,56,,401677758,-128
260378,260378,UT,DS,4,1,0,,,23:43:03 01-Apr-2024,MC,1,43.6772,-61.2867,43.6772,-61.2867,56,,401677750,-119
260378,260378,UT,DS,3,0,1,120,93,23:48:38 01-Apr-2024,A1,A,43.6683,-61.3087,43.6683,-61.3087,6,,401677740,-132
260378,260378,UT,DS,1,0,1,,,00:03:12 02-Apr-2024,NK,B,43.6661,-61.3094,43.6661,-61.3094,6,,401677737,-128
260378,260378,UT,DS,6,0,1,114,45,00:28:39 02-Apr-2024,MB,3,43.6807,-61.3132,43.6807,-61.3132,58,,401677734,-124
260378,260378,UT,DS,8,2,0,,,00:47:11 02-Apr-2024,NN,2,43.6819,-61.3141,43.6819,-61.3141,56,,401677734,-124
260378,260378,UT,DS,5,1,0,,,00:50:41 02-Apr-2024,SR,2,43.6812,-61.3137,43.6812,-61.3137,56,,401677735,-134
260378,260378,UT,DS,2,0,0,45,45,01:01:55 02-Apr-2024,NP,B,43.6800,-61.3103,43.6800,-61.3103,6,,401677735,-131
260378,260378,UT,DS,1,0,1,,,01:27:02 02-Apr-2024,MC,B,43.6803,-61.3099,43.6803,-61.3099,6,,401677736,-118
260378,260378,UT,DS,4,0,0,126,45,11:42:00 02-Apr-2024,NP,1,43.7227,-61.3157,43.7227,-61.3157,58,,401677732,-134
260378,260378,UT,DS,1,0,1,,,12:02:20 02-Apr-2024,MC,B,43.7225,-61.3164,43.7225,-61.3164,6,,401677742,-132
260378,260378,UT,DS,1,0,1,,,12:19:55 02-Apr-2024,CS,B,43.7227,-61.3161,43.7227,-61.3161,6,,401677737,-141
260378,260378,UT,DS,1,0,0,,,12:24:55 02-Apr-2024,NK,B,43.7226,-61.3168,43.7226,-61.3168,6,,401677734,-133
260378,260378,UT,DS,1,0,1,,,12:44:49 02-Apr-2024,MB,B,43.7227,-61.3153,43.7227,-61.3153,6,,401677741,-132
260378,260378,UT,DS,1,0,0,,,13:09:17 02-Apr-2024,NN,B,43.7223,-61.3159,43.7223,-61.3159,6,,401677743,-137
260378,260378,UT,DS,7,1,0,,,13:20:34 02-Apr-2024,NP,1,43.7171,-61.3250,43.7171,-61.3250,56,,401677737,-119
260378,260378,UT,DS,6,0,0,139,45,13:34:44 02-Apr-2024,MC,2,43.7166,-61.3225,43.7166,-61.3225,56,,401677739,-113
260378,260378,UT,DS,1,0,0,,,13:57:03 02-Apr-2024,NK,B,43.7169,-61.3217,43.7169,-61.3217,6,,401677734,-135
260378,260378,UT,DS,3,0,0,191,186,14:26:51 02-Apr-2024,MB,A,43.7073,-61.3137,43.7073,-61.3137,,,401677737,-124
260378,260378,UT,DS,1,0,0,,,14:26:51 02-Apr-2024,O3,B,43.7160,-61.3215,43.7160,-61.3215,8,,401677742,-136
260378,260378,UT,DS,8,0,0,97,45,14:45:09 02-Apr-2024,NN,2,43.7098,-61.3232,43.7098,-61.3232,56,,401677740,-127
260378,260378,UT,DS,4,0,0,155,45,15:04:39 02-Apr-2024,NP,1,43.7113,-61.3231,43.7113,-61.3231,46,,401677740,-123
260378,260378,UT,DS,4,0,1,113,45,15:15:17 02-Apr-2024,MC,0,43.7059,-61.3200,43.7059,-61.3200,46,,401677738,-116
260378,260378,UT,DS,1,0,0,,,16:05:24 02-Apr-2024,O3,B,43.7008,-61.3200,43.7008,-61.3200,7,,401677752,-124
260378,260378,UT,DS,2,0,0,194,194,21:53:44 02-Apr-2024,A1,B,43.7203,-61.3124,,,8,,401677737,-130
260378,260378,UT,DS,3,0,1,233,203,21:59:04 02-Apr-2024,CS,A,43.7202,-61.3140,,,6,,401677733,-130
260378,260378,UT,DS,2,0,0,263,263,22:00:55 02-Apr-2024,NK,B,43.7201,-61.3148,,,6,,401677733,-124
260378,260378,UT,DS,3,0,0,290,202,22:38:24 02-Apr-2024,SR,A,43.7177,-61.3283,,,8,,401677734,-121
260378,260378,UT,DS,2,0,0,383,383,23:10:36 02-Apr-2024,NP,B,43.7185,-61.3194,43.7185,-61.3194,8,,401677734,-133
260378,260378,UT,DS,3,0,0,135,45,23:23:27 02-Apr-2024,MC,A,43.7337,-61.3248,43.7337,-61.3248,6,,401677726,-120
260378,260378,UT,DS,4,0,0,148,45,23:26:13 02-Apr-2024,A1,2,43.7170,-61.3100,43.7170,-61.3100,56,,401677735,-127
260378,260378,UT,DS,4,0,1,134,45,23:37:09 02-Apr-2024,NK,1,43.7177,-61.3100,43.7177,-61.3100,46,,401677735,-121
260378,260378,UT,DS,3,0,0,110,45,00:13:37 03-Apr-2024,MB,A,43.7168,-61.3060,43.7168,-61.3060,8,,401677737,-128
260378,260378,UT,DS,4,0,2,126,45,00:19:28 03-Apr-2024,SR,0,43.7189,-61.3094,43.7189,-61.3094,46,,401677735,-129
260378,260378,UT,DS,2,0,0,509,509,00:33:48 03-Apr-2024,NN,B,43.7196,-61.2988,43.7196,-61.2988,6,,401677736,-129
260378,260378,UT,DS,2,0,0,198,198,00:56:54 03-Apr-2024,NP,B,43.7150,-61.2984,43.7150,-61.2984,6,,401677734,-125
260378,260378,UT,DS,4,0,0,195,45,01:00:12 03-Apr-2024,MC,0,43.7178,-61.3196,43.7178,-61.3196,56,,401677734,-114
260378,260378,UT,DS,2,0,1,180,180,01:40:23 03-Apr-2024,O3,B,43.7214,-61.3015,43.7214,-61.3015,8,,401677735,-131
260378,260378,UT,DS,3,0,1,221,201,01:50:22 03-Apr-2024,MB,A,43.7175,-61.3066,43.7175,-61.3066,6,,401677735,-132
260378,260378,UT,DS,3,0,1,197,152,02:17:24 03-Apr-2024,NN,A,43.7165,-61.3021,43.7165,-61.3021,6,,401677733,-128
260378,260378,UT,DS,2,0,0,182,182,02:46:24 03-Apr-2024,MC,B,43.7169,-61.2961,43.7169,-61.2961,6,,401677736,-127
260378,260378,UT,DS,1,0,0,,,12:27:33 03-Apr-2024,MB,B,43.7192,-61.2015,43.7192,-61.2015,8,,401677740,-134
260378,260378,UT,DS,7,1,0,,,13:07:51 03-Apr-2024,NP,1,43.7001,-61.2421,43.7001,-61.2421,48,,401677735,-120
260378,260378,UT,DS,5,0,0,167,147,13:14:37 03-Apr-2024,MC,3,43.6984,-61.2315,43.6984,-61.2315,56,,401677737,-132
260378,260378,UT,DS,2,0,0,493,493,13:28:46 03-Apr-2024,NK,B,43.6988,-61.2357,43.6988,-61.2357,6,,401677734,-130
260378,260378,UT,DS,3,0,1,255,173,14:02:50 03-Apr-2024,MB,A,43.7094,-61.2404,43.7094,-61.2404,8,,401677737,-134
260378,260378,UT,DS,3,0,0,376,348,14:33:44 03-Apr-2024,NN,A,43.7110,-61.2287,43.7110,-61.2287,8,,401677737,-129
260378,260378,UT,DS,4,0,0,185,45,14:49:12 03-Apr-2024,NP,3,43.7093,-61.2288,43.7093,-61.2288,66,,401677736,-126
260378,260378,UT,DS,7,1,0,,,14:55:34 03-Apr-2024,MC,3,43.7110,-61.2284,43.7110,-61.2284,56,,401677736,-116
260378,260378,UT,DS,4,0,0,96,45,16:18:19 03-Apr-2024,NN,0,43.7160,-61.2192,43.7160,-61.2192,48,,401677742,-127
260378,260378,UT,DS,3,0,0,79,45,16:57:33 03-Apr-2024,O3,A,43.7253,-61.2489,43.7253,-61.2489,8,,401677735,-124
260378,260378,UT,DS,3,0,0,216,189,21:35:00 03-Apr-2024,NK,A,43.7100,-61.2178,43.7100,-61.2178,8,,401677721,-129
260378,260378,UT,DS,4,0,0,123,45,22:07:32 03-Apr-2024,SR,2,43.7123,-61.2218,43.7123,-61.2218,58,,401677734,-121
260378,260378,UT,DS,2,0,1,45,45,22:59:53 03-Apr-2024,NP,B,43.7188,-61.2037,43.7188,-61.2037,,,401677729,-133
260378,260378,UT,DS,2,0,2,45,45,22:59:53 03-Apr-2024,A1,B,43.7185,-61.2024,43.7185,-61.2024,8,,401677735,-136
260378,260378,UT,DS,2,1,0,,,23:18:14 03-Apr-2024,NK,B,43.7032,-61.2060,43.7032,-61.2060,6,,401677735,-126
260378,260378,UT,DS,1,0,0,,,23:43:17 03-Apr-2024,SR,B,43.7210,-61.2050,43.7210,-61.2050,7,,401677740,-133
260378,260378,UT,DS,3,0,0,167,152,00:23:39 04-Apr-2024,NN,A,43.6894,-61.2183,43.6894,-61.2183,8,,401677739,-132
260378,260378,UT,DS,4,0,1,219,45,00:38:10 04-Apr-2024,MC,1,43.7041,-61.2305,43.7041,-61.2305,40,,401677733,-120
260378,260378,UT,DS,3,0,0,122,45,00:38:10 04-Apr-2024,NP,A,43.7044,-61.2236,43.7044,-61.2236,6,,401677731,-124
260378,260378,UT,DS,1,0,0,,,00:57:18 04-Apr-2024,NK,B,43.7095,-61.2055,43.7095,-61.2055,8,,401677728,-132
260378,260378,UT,DS,4,0,2,99,45,11:03:12 04-Apr-2024,CS,0,43.7317,-61.1611,43.7317,-61.1611,48,,401677736,-124
260378,260378,UT,DS,3,0,0,96,46,11:05:42 04-Apr-2024,SR,A,43.7566,-61.1580,43.7566,-61.1580,8,,401677717,-126
260378,260378,UT,DS,2,0,0,363,363,11:26:16 04-Apr-2024,NK,B,43.7328,-61.1513,43.7328,-61.1513,6,,401677736,-124
260378,260378,UT,DS,4,0,0,196,191,12:54:54 04-Apr-2024,MC,2,43.7333,-61.0758,43.7333,-61.0758,58,,401677735,-120
260378,260378,UT,DS,4,0,0,216,194,12:58:05 04-Apr-2024,NP,2,43.7331,-61.0766,43.7331,-61.0766,56,,401677744,-127
260378,260378,UT,DS,3,0,0,125,45,13:07:14 04-Apr-2024,NK,A,43.7327,-61.0708,43.7327,-61.0708,6,,401677735,-124
260378,260378,UT,DS,2,0,0,384,384,13:46:37 04-Apr-2024,MB,B,43.7268,-61.0626,43.7268,-61.0626,8,,401677738,-122
260378,260378,UT,DS,2,0,0,188,188,14:26:14 04-Apr-2024,NN,B,43.7178,-61.0252,43.7178,-61.0252,8,,401677742,-123
260378,260378,UT,DS,3,0,0,185,180,14:38:20 04-Apr-2024,MC,A,43.7112,-61.0365,43.7112,-61.0365,6,,401677741,-117
260378,260378,UT,DS,3,0,0,185,180,14:39:50 04-Apr-2024,NP,A,43.7107,-61.0233,43.7107,-61.0233,6,,401677735,-128
260378,260378,UT,DS,5,0,0,115,45,16:04:34 04-Apr-2024,NN,1,43.7004,-61.0062,43.7004,-61.0062,48,,401677742,-122
260378,260378,UT,DS,5,1,0,,,16:13:56 04-Apr-2024,O3,3,43.7060,-61.0075,43.7060,-61.0075,56,,401677736,-119
260378,260378,UT,DS,1,0,0,,,16:19:22 04-Apr-2024,MC,B,43.7055,-61.0050,43.7055,-61.0050,6,,401677733,-131
260378,260378,UT,DS,4,0,0,121,46,21:38:47 04-Apr-2024,SR,1,43.6734,-61.0132,43.6734,-61.0132,48,,401677731,-124
260378,260378,UT,DS,4,0,0,111,45,22:15:58 04-Apr-2024,CS,3,43.6805,-61.0126,,,58,,401677730,-129
260378,260378,UT,DS,5,0,1,99,45,22:42:21 04-Apr-2024,A1,1,43.6729,-61.0081,43.6729,-61.0081,46,,401677735,-119
260378,260378,UT,DS,2,0,0,328,328,22:42:10 04-Apr-2024,MC,B,43.6786,-61.0156,43.6786,-61.0156,6,,401677730,-129
260378,260378,UT,DS,6,0,0,116,45,22:49:45 04-Apr-2024,NK,1,43.6708,-61.0082,43.6708,-61.0082,56,,401677734,-120
260378,260378,UT,DS,6,0,1,86,45,22:48:00 04-Apr-2024,NP,2,43.6685,-61.0020,43.6685,-61.0020,56,,401677735,-130
260378,260378,UT,DS,6,0,0,123,45,23:17:46 04-Apr-2024,SR,3,43.6679,-60.9965,43.6679,-60.9965,66,,401677736,-124
260378,260378,UT,DS,1,0,0,,,23:35:24 04-Apr-2024,MB,B,43.6692,-60.9967,43.6692,-60.9967,6,,401677735,-135
260378,260378,UT,DS,3,0,0,192,189,00:11:11 05-Apr-2024,NN,A,43.6748,-61.0003,43.6748,-61.0003,8,,401677733,-133
260378,260378,UT,DS,2,0,0,45,45,00:14:49 05-Apr-2024,A1,B,43.6684,-61.0041,43.6684,-61.0041,6,,401677736,-133
260378,260378,UT,DS,6,1,0,,,00:17:35 05-Apr-2024,MC,1,43.6667,-60.9972,43.6667,-60.9972,46,,401677735,-113
260378,260378,UT,DS,6,1,0,,,00:26:43 05-Apr-2024,NP,1,43.6681,-60.9850,43.6681,-60.9850,56,,401677737,-121
260378,260378,UT,DS,2,0,0,45,45,00:32:12 05-Apr-2024,NK,B,43.6679,-60.9809,43.6679,-60.9809,6,,401677733,-133
260378,260378,UT,DS,4,0,0,124,46,01:09:34 05-Apr-2024,MB,3,43.6696,-60.9955,43.6696,-60.9955,58,,401677740,-124
260378,260378,UT,DS,1,0,0,,,02:08:45 05-Apr-2024,NP,B,43.6707,-60.9986,43.6707,-60.9986,,,401677742,-135
260378,260378,UT,DS,1,0,0,,,02:08:45 05-Apr-2024,MC,B,43.6696,-60.9955,43.6696,-60.9955,8,,401677733,-130
260378,260378,UT,DS,3,0,2,105,45,11:58:24 05-Apr-2024,CS,A,43.6765,-61.0858,43.6765,-61.0858,8,,401677720,-130
260378,260378,UT,DS,4,0,0,179,45,12:40:12 05-Apr-2024,NK,2,43.6988,-61.0359,43.6988,-61.0359,56,,401677736,-123
260378,260378,UT,DS,3,0,0,99,45,12:37:19 05-Apr-2024,MC,A,43.7235,-61.0507,43.7235,-61.0507,6,,401677735,-129
260378,260378,UT,DS,2,0,0,169,169,12:45:55 05-Apr-2024,NP,B,43.6906,-61.0344,43.6906,-61.0344,6,,401677721,-122
260378,260378,UT,DS,1,0,0,,,13:32:18 05-Apr-2024,MB,B,43.6817,-60.9717,43.6817,-60.9717,6,,401677741,-133
260378,260378,UT,DS,1,0,0,,,14:13:05 05-Apr-2024,NN,B,43.6903,-60.9832,43.6903,-60.9832,8,,401677729,-124
260378,260378,UT,DS,3,0,1,184,45,14:17:40 05-Apr-2024,MC,A,43.7040,-61.0142,43.7040,-61.0142,6,,401677738,-116
260378,260378,UT,DS,1,0,0,,,14:34:28 05-Apr-2024,NP,B,43.7041,-61.0136,43.7041,-61.0136,6,,401677738,-133
260378,260378,UT,DS,1,0,0,,,15:08:02 05-Apr-2024,MB,B,43.7073,-61.0192,43.7073,-61.0192,8,,401677739,-133
260378,260378,UT,DS,1,0,0,,,15:31:00 05-Apr-2024,O3,B,43.7081,-61.0202,43.7081,-61.0202,6,,401677738,-133
260378,260378,UT,DS,2,0,0,164,164,15:56:23 05-Apr-2024,NN,B,43.7105,-61.0082,43.7105,-61.0082,6,,401677744,-125
260378,260378,UT,DS,2,0,0,163,163,15:58:29 05-Apr-2024,MC,B,43.7130,-61.0112,43.7130,-61.0112,6,,401677738,-127
260378,260378,UT,DS,1,0,0,,,22:16:18 05-Apr-2024,A1,B,43.7071,-61.0064,43.7071,-61.0064,8,,401677742,-131
260378,260378,UT,DS,2,0,1,45,45,22:25:29 05-Apr-2024,NK,B,43.7103,-61.0087,,,6,,401677717,-125
260378,260378,UT,DS,1,0,0,,,22:25:07 05-Apr-2024,MC,B,43.7041,-60.9972,43.7041,-60.9972,8,,401677728,-131
260378,260378,UT,DS,1,0,0,,,22:40:26 05-Apr-2024,NP,B,43.7150,-61.0159,43.7150,-61.0159,6,,401677722,-136
260378,260378,UT,DS,3,1,0,,,22:47:32 05-Apr-2024,SR,A,43.6771,-60.9782,43.6771,-60.9782,6,,401677734,-121
260378,260378,UT,DS,1,0,1,,,23:08:17 05-Apr-2024,MB,B,43.6785,-60.9788,43.6785,-60.9788,6,,401677735,-133
260378,260378,UT,DS,4,1,1,,,23:59:35 05-Apr-2024,NK,1,43.6800,-60.9816,43.6800,-60.9816,47,,401677750,-131
260378,260378,UT,DS,1,0,0,,,00:01:50 06-Apr-2024,NN,B,43.6809,-60.9851,,,6,,401677751,-135
260378,260378,UT,DS,2,1,0,,,00:01:50 06-Apr-2024,MC,B,43.6654,-61.0003,,,,,401677757,-119
260378,260378,UT,DS,1,0,1,,,00:22:09 06-Apr-2024,NP,B,43.6665,-61.0024,43.6665,-61.0024,6,,401677759,-135
260378,260378,UT,DS,1,0,0,,,00:25:09 06-Apr-2024,SR,B,43.6655,-61.0012,43.6655,-61.0012,6,,401677762,-137
260378,260378,UT,DS,3,0,1,89,89,00:49:14 06-Apr-2024,MB,A,43.6660,-60.9794,43.6660,-60.9794,6,,401677765,-127
260378,260378,UT,DS,4,0,0,226,68,01:40:27 06-Apr-2024,NN,0,43.6588,-60.9834,43.6588,-60.9834,46,,401677734,-126
260378,260378,UT,DS,2,0,0,479,479,01:39:13 06-Apr-2024,MC,B,43.6659,-61.0066,43.6659,-61.0066,8,,401677731,-120
260378,260378,UT,DS,1,0,0,,,01:57:02 06-Apr-2024,NP,B,43.6585,-60.9833,43.6585,-60.9833,6,,401677730,-132
260378,260378,UT,DS,2,0,1,209,209,02:40:43 06-Apr-2024,O3,B,43.6649,-60.9886,43.6649,-60.9886,8,,401677733,-136
260378,260378,UT,DS,1,0,0,,,12:14:18 06-Apr-2024,MC,B,43.7078,-61.1052,43.7078,-61.1052,8,,401677734,-132
260378,260378,UT,DS,4,0,0,176,45,12:31:50 06-Apr-2024,NP,3,43.7538,-61.0086,,,56,,401677733,-125
260378,260378,UT,DS,2,0,0,371,371,13:58:34 06-Apr-2024,MC,B,43.7786,-61.0212,43.7786,-61.0212,8,,401677733,-111
260378,260378,UT,DS,1,0,0,,,14:04:45 06-Apr-2024,NN,B,43.7785,-61.0149,43.7785,-61.0149,6,,401677733,-129
260378,260378,UT,DS,1,0,0,,,14:15:54 06-Apr-2024,NP,B,43.7796,-61.0157,43.7796,-61.0157,6,,401677730,-126
260378,260378,UT,DS,2,0,0,383,383,14:43:24 06-Apr-2024,MB,B,43.7747,-60.9960,43.7747,-60.9960,6,,401677731,-132
260378,260378,UT,DS,2,0,1,191,191,15:44:57 06-Apr-2024,NN,B,43.7836,-61.0080,43.7836,-61.0080,8,,401677737,-124
260378,260378,UT,DS,2,0,0,45,45,15:55:27 06-Apr-2024,NP,B,43.7869,-61.0082,43.7869,-61.0082,6,,401677734,-136
260378,260378,UT,DS,1,0,0,,,16:18:49 06-Apr-2024,O3,B,43.7856,-61.0053,43.7856,-61.0053,6,,401677739,-131
260378,260378,UT,DS,3,0,0,262,183,21:56:07 06-Apr-2024,NK,A,43.7903,-60.9830,43.7903,-60.9830,6,,401677737,-126
260378,260378,UT,DS,2,0,0,183,183,21:53:42 06-Apr-2024,A1,B,43.8010,-60.9979,43.8010,-60.9979,8,,401677738,-128
260378,260378,UT,DS,4,0,0,182,181,22:14:21 06-Apr-2024,SR,1,43.7964,-60.9947,43.7964,-60.9947,46,,401677734,-122
260378,260378,UT,DS,1,0,0,,,22:25:16 06-Apr-2024,NP,B,43.7980,-60.9971,43.7980,-60.9971,6,,401677736,-133
260378,260378,UT,DS,1,0,0,,,22:31:34 06-Apr-2024,CS,B,43.7972,-60.9963,43.7972,-60.9963,6,,401677733,-138
260378,260378,UT,DS,3,0,0,163,156,23:27:51 06-Apr-2024,A1,A,43.8120,-60.9728,43.8120,-60.9728,8,,401677722,-126
260378,260378,UT,DS,4,0,0,198,56,23:40:13 06-Apr-2024,NK,1,43.8191,-60.9586,43.8191,-60.9586,46,,401677734,-123
260378,260378,UT,DS,5,0,0,105,56,23:39:50 06-Apr-2024,MC,3,43.8207,-60.9594,43.8207,-60.9594,56,,401677734,-119
260378,260378,UT,DS,2,0,0,280,280,23:46:51 06-Apr-2024,NN,B,43.8209,-60.9626,43.8209,-60.9626,6,,401677734,-137
260378,260378,UT,DS,4,0,0,148,80,23:52:46 06-Apr-2024,SR,1,43.8236,-60.9598,43.8236,-60.9598,56,,401677735,-126
260378,260378,UT,DS,7,0,0,135,51,23:59:21 06-Apr-2024,NP,2,43.8313,-60.9500,43.8313,-60.9500,56,,401677735,-138
260378,260378,UT,DS,4,0,0,124,87,00:27:43 07-Apr-2024,MB,1,43.8388,-60.9473,43.8388,-60.9473,56,,401677732,-125
260378,260378,UT,DS,4,0,1,223,199,01:17:50 07-Apr-2024,MC,2,43.8545,-60.9272,43.8545,-60.9272,58,,401677736,-129
260378,260378,UT,DS,2,0,1,185,185,01:32:20 07-Apr-2024,NN,B,43.8573,-60.9253,43.8573,-60.9253,6,,401677737,-132
260378,260378,UT,DS,3,0,1,208,207,01:42:38 07-Apr-2024,NP,A,43.8555,-60.9154,43.8555,-60.9154,6,,401677737,-128
260378,260378,UT,DS,2,0,0,209,209,01:54:38 07-Apr-2024,O3,B,43.8563,-60.9298,43.8563,-60.9298,6,,401677737,-131
260378,260378,UT,DS,4,0,0,122,45,12:21:00 07-Apr-2024,NP,1,43.9212,-60.8896,,,48,,401677736,-127
260378,260378,UT,DS,1,0,1,,,12:44:53 07-Apr-2024,MB,B,43.9253,-60.8869,43.9253,-60.8869,6,,401677736,-133
260378,260378,UT,DS,4,0,0,81,45,13:27:43 07-Apr-2024,NK,0,43.9204,-60.8900,43.9204,-60.8900,48,,401677734,-126
260378,260378,UT,DS,4,0,1,127,46,13:37:40 07-Apr-2024,MC,3,43.9287,-60.8903,43.9287,-60.8903,56,,401677740,-113
260378,260378,UT,DS,2,0,0,229,229,13:47:10 07-Apr-2024,NN,B,43.9302,-60.8758,43.9302,-60.8758,6,,401677741,-133
260378,260378,UT,DS,4,0,0,182,143,14:00:36 07-Apr-2024,NP,3,43.9247,-60.8808,43.9247,-60.8808,66,,401677736,-120
260378,260378,UT,DS,4,0,0,141,46,14:23:11 07-Apr-2024,MB,2,43.9295,-60.8786,43.9295,-60.8786,56,,401677737,-125
260378,260378,UT,DS,7,1,0,,,15:12:41 07-Apr-2024,MC,2,43.9295,-60.8674,43.9295,-60.8674,58,,401677737,-129
260378,260378,UT,DS,5,1,0,,,15:24:00 07-Apr-2024,NN,2,43.9243,-60.8765,43.9243,-60.8765,56,,401677735,-119
260378,260378,UT,DS,3,0,0,187,45,15:36:17 07-Apr-2024,O3,A,43.9236,-60.8848,43.9236,-60.8848,6,,401677733,-132
260378,260378,UT,DS,3,0,0,85,45,15:44:51 07-Apr-2024,NP,A,43.9314,-60.8860,43.9314,-60.8860,6,,401677740,-133
260378,260378,UT,DS,1,0,0,,,21:33:05 07-Apr-2024,A1,B,43.9365,-60.8706,43.9365,-60.8706,8,,401677751,-131
260378,260378,UT,DS,2,0,0,206,206,21:34:49 07-Apr-2024,NK,B,43.9127,-60.8569,43.9127,-60.8569,8,,401677745,-129
260378,260378,UT,DS,4,0,0,133,45,21:46:24 07-Apr-2024,SR,1,43.9199,-60.9048,43.9199,-60.9048,46,,401677738,-122
260378,260378,UT,DS,4,0,0,156,45,21:53:35 07-Apr-2024,CS,1,43.9171,-60.9027,43.9171,-60.9027,46,,401677737,-126
260378,260378,UT,DS,2,0,0,45,45,22:14:06 07-Apr-2024,NP,B,43.9322,-60.8873,43.9322,-60.8873,6,,401677731,-138
260378,260378,UT,DS,3,0,0,104,94,23:06:27 07-Apr-2024,A1,A,43.9142,-60.8861,43.9142,-60.8861,8,,401677736,-123
260378,260378,UT,DS,4,0,0,133,115,23:09:32 07-Apr-2024,NK,2,43.9170,-60.8844,43.9170,-60.8844,56,,401677733,-119
260378,260378,UT,DS,1,0,0,,,23:22:28 07-Apr-2024,SR,B,43.9129,-60.8857,43.9129,-60.8857,6,,401677739,-130
260378,260378,UT,DS,1,0,0,,,23:39:36 07-Apr-2024,NN,B,43.9133,-60.8862,43.9133,-60.8862,6,,401677739,-135
260378,260378,UT,DS,2,0,0,239,239,00:11:40 08-Apr-2024,MB,B,43.9166,-60.8908,43.9166,-60.8908,8,,401677740,-124
260378,260378,UT,DS,1,0,0,,,00:55:36 08-Apr-2024,NK,B,43.9158,-60.8922,43.9158,-60.8922,8,,401677737,-131
260378,260378,UT,DS,4,1,0,,,00:57:27 08-Apr-2024,MC,0,43.8993,-60.9233,43.8993,-60.9233,56,,401677739,-111
260378,260378,UT,DS,1,0,0,,,01:00:59 08-Apr-2024,SR,B,43.8994,-60.9228,43.8994,-60.9228,6,,401677734,-138
260378,260378,UT,DS,1,0,0,,,01:12:33 08-Apr-2024,NN,B,43.8998,-60.9215,43.8998,-60.9215,6,,401677740,-133
260378,260378,UT,DS,1,0,0,,,02:54:22 08-Apr-2024,NN,B,43.8983,-60.9210,43.8983,-60.9210,8,,401677735,-129
260378,260378,UT,DS,1,0,0,,,11:35:54 08-Apr-2024,CS,B,43.8866,-60.9297,43.8866,-60.9297,8,,401677738,-139
260378,260378,UT,DS,6,1,0,,,12:08:41 08-Apr-2024,NP,1,43.8680,-60.9134,43.8680,-60.9134,48,,401677737,-127
260378,260378,UT,DS,1,0,0,,,12:23:11 08-Apr-2024,MB,B,43.8676,-60.9135,43.8676,-60.9135,6,,401677738,-135
260378,260378,UT,DS,4,0,1,151,121,13:02:16 08-Apr-2024,NK,2,43.8675,-60.8934,43.8675,-60.8934,58,,401677738,-123
260378,260378,UT,DS,5,0,0,90,45,13:15:09 08-Apr-2024,MC,3,43.8625,-60.8969,43.8625,-60.8969,58,,401677736,-116
260378,260378,UT,DS,6,1,0,,,13:31:39 08-Apr-2024,NN,1,43.8577,-60.9048,43.8577,-60.9048,46,,401677737,-129
260378,260378,UT,DS,6,1,1,,,13:48:28 08-Apr-2024,NP,1,43.8652,-60.8994,43.8652,-60.8994,56,,401677740,-122
260378,260378,UT,DS,7,2,0,,,13:58:51 08-Apr-2024,MB,0,43.8473,-60.8187,43.8473,-60.8187,46,,401677739,-128
260378,260378,UT,DS,4,0,0,106,45,14:48:23 08-Apr-2024,O3,0,43.8688,-60.8838,43.8688,-60.8838,48,,401677725,-130
260378,260378,UT,DS,6,1,0,,,14:52:32 08-Apr-2024,MC,2,43.8579,-60.8751,43.8579,-60.8751,56,,401677739,-117
260378,260378,UT,DS,4,0,0,167,145,15:12:24 08-Apr-2024,NN,1,43.8574,-60.8759,43.8574,-60.8759,56,,401677739,-121
260378,260378,UT,DS,3,0,0,169,167,15:29:33 08-Apr-2024,NP,A,43.8643,-60.8630,43.8643,-60.8630,6,,401677736,-135
260378,260378,UT,DS,1,0,0,,,15:44:08 08-Apr-2024,MB,B,43.8623,-60.8628,43.8623,-60.8628,6,,401677743,-135
260378,260378,UT,DS,1,0,0,,,22:02:38 08-Apr-2024,NP,B,43.8247,-60.8505,43.8247,-60.8505,8,,401677738,-135
260378,260378,UT,DS,3,0,0,265,172,22:41:59 08-Apr-2024,A1,A,43.8986,-60.7525,43.8986,-60.7525,8,,401677733,-123
260378,260378,UT,DS,4,0,0,236,175,22:47:38 08-Apr-2024,NK,1,43.8965,-60.7495,43.8965,-60.7495,56,,401677733,-117
260378,260378,UT,DS,4,0,0,176,175,22:55:46 08-Apr-2024,SR,3,43.8957,-60.7415,,,66,,401677733,-118
260378,260378,UT,DS,3,0,0,184,175,22:58:38 08-Apr-2024,MC,A,43.9003,-60.7432,43.9003,-60.7432,6,,401677731,-122
260378,260378,UT,DS,1,0,0,,,23:44:49 08-Apr-2024,NP,B,43.9139,-60.7161,43.9139,-60.7161,8,,401677736,-130
260378,260378,UT,DS,1,0,1,,,23:54:06 08-Apr-2024,MB,B,43.9165,-60.7106,43.9165,-60.7106,6,,401677737,-135
260378,260378,UT,DS,1,0,0,,,00:25:37 09-Apr-2024,NK,B,43.9220,-60.6948,43.9220,-60.6948,8,,401677731,-130
260378,260378,UT,DS,4,1,1,,,00:45:01 09-Apr-2024,MC,1,43.9124,-60.6933,43.9124,-60.6933,56,,401677738,-113
260378,260378,UT,DS,2,0,0,487,487,01:18:16 09-Apr-2024,NP,B,43.9186,-60.6568,43.9186,-60.6568,8,,401677728,-133
260378,260378,UT,DS,1,0,0,,,01:26:22 09-Apr-2024,MB,B,43.9201,-60.6506,43.9201,-60.6506,6,,401677731,-130
260378,260378,UT,DS,3,0,0,237,130,02:03:17 09-Apr-2024,O3,A,43.9296,-60.6271,43.9296,-60.6271,8,,401677731,-128
260378,260378,UT,DS,2,0,1,183,183,02:43:10 09-Apr-2024,NN,B,43.9306,-60.6074,43.9306,-60.6074,8,,401677728,-120
260378,260378,UT,DS,1,0,1,,,11:05:00 09-Apr-2024,NK,B,44.0032,-60.3122,44.0032,-60.3122,8,,401677773,-140
260378,260378,UT,DS,5,0,2,127,45,11:56:53 09-Apr-2024,NP,1,43.8798,-60.5070,43.8798,-60.5070,48,,401677738,-136
260378,260378,UT,DS,2,0,1,345,345,12:37:29 09-Apr-2024,NK,B,43.8855,-60.5036,43.8855,-60.5036,8,,401677737,-125
260378,260378,UT,DS,4,0,0,162,157,12:51:17 09-Apr-2024,MC,3,43.8822,-60.4888,43.8822,-60.4888,58,,401677738,-126
260378,260378,UT,DS,2,0,0,153,153,13:21:37 09-Apr-2024,NN,B,43.8871,-60.4770,43.8871,-60.4770,8,,401677740,-130
260378,260378,UT,DS,5,0,0,168,158,13:37:52 09-Apr-2024,NP,1,43.8894,-60.4734,43.8894,-60.4734,56,,401677740,-124
260378,260378,UT,DS,2,0,0,339,339,13:40:45 09-Apr-2024,MB,B,43.8887,-60.4753,43.8887,-60.4753,6,,401677739,-130
260378,260378,UT,DS,1,0,0,,,14:14:32 09-Apr-2024,NK,B,43.8922,-60.4589,43.8922,-60.4589,8,,401677742,-137
260378,260378,UT,DS,5,0,0,167,150,14:31:11 09-Apr-2024,MC,3,43.8873,-60.4520,43.8873,-60.4520,56,,401677742,-113
260378,260378,UT,DS,5,0,1,202,151,14:58:19 09-Apr-2024,NN,0,43.8841,-60.4437,43.8841,-60.4437,46,,401677742,-121
260378,260378,UT,DS,2,0,0,160,160,15:20:24 09-Apr-2024,NP,B,43.8844,-60.4494,43.8844,-60.4494,,,401677736,-127
260378,260378,UT,DS,2,0,0,498,498,15:20:24 09-Apr-2024,MB,B,43.8850,-60.4459,43.8850,-60.4459,6,,401677738,-135
260378,260378,UT,DS,3,0,0,173,171,15:42:48 09-Apr-2024,O3,A,43.8801,-60.4461,43.8801,-60.4461,6,,401677733,-131
260378,260378,UT,DS,2,0,0,165,165,16:13:24 09-Apr-2024,MC,B,43.8800,-60.4458,43.8800,-60.4458,8,,401677734,-132
260378,260378,UT,DS,3,0,0,186,172,16:44:53 09-Apr-2024,NN,A,43.9141,-60.4255,43.9141,-60.4255,8,,401677740,-127
260378,260378,UT,DS,3,0,0,163,160,22:09:53 09-Apr-2024,CS,A,43.9024,-60.3247,43.9024,-60.3247,8,,401677730,-128
260378,260378,UT,DS,4,0,0,175,168,22:19:50 09-Apr-2024,SR,1,43.9030,-60.3503,43.9030,-60.3503,56,,401677732,-122
260378,260378,UT,DS,1,0,0,,,22:15:30 09-Apr-2024,NK,B,44.0130,-60.2885,44.0130,-60.2885,8,,401677715,-130
260378,260378,UT,DS,2,0,0,176,176,22:22:47 09-Apr-2024,A1,B,43.9051,-60.3459,43.9051,-60.3459,6,,401677732,-133
260378,260378,UT,DS,1,0,0,,,23:30:35 09-Apr-2024,NP,B,43.9160,-60.3323,43.9160,-60.3323,,,401677734,-130
260378,260378,UT,DS,1,0,0,,,23:30:35 09-Apr-2024,MB,B,43.9267,-60.3179,43.9267,-60.3179,8,,401677734,-133
260378,260378,UT,DS,1,0,0,,,23:52:29 09-Apr-2024,A1,B,43.9045,-60.3413,43.9045,-60.3413,6,,401677742,-133
260378,260378,UT,DS,1,0,1,,,00:02:00 10-Apr-2024,NK,B,43.8993,-60.3478,43.8993,-60.3478,6,,401677732,-131
260378,260378,UT,DS,1,0,1,,,00:02:00 10-Apr-2024,SR,B,43.8997,-60.3465,43.8997,-60.3465,,,401677742,-137
260378,260378,UT,DS,2,0,0,163,163,00:21:54 10-Apr-2024,MC,B,43.9137,-60.3241,43.9137,-60.3241,6,,401677737,-131
260378,260378,UT,DS,1,0,1,,,00:48:11 10-Apr-2024,NN,B,43.9098,-60.3304,43.9098,-60.3304,6,,401677729,-133
260378,260378,UT,DS,1,0,0,,,01:09:34 10-Apr-2024,NP,B,43.9071,-60.3312,43.9071,-60.3312,6,,401677723,-128
260378,260378,UT,DS,2,0,0,186,186,02:00:13 10-Apr-2024,MC,B,43.9045,-60.3609,43.9045,-60.3609,8,,401677729,-121
260378,260378,UT,DS,2,0,0,548,548,02:28:48 10-Apr-2024,NN,B,43.9020,-60.3605,43.9020,-60.3605,6,,401677735,-126
260378,260378,UT,DS,2,0,0,187,187,02:52:26 10-Apr-2024,O3,B,43.8926,-60.3625,43.8926,-60.3625,6,,401677737,-128
260378,260378,UT,DS,5,0,0,163,127,12:12:57 10-Apr-2024,NK,2,43.8631,-60.3945,43.8631,-60.3945,58,,401677735,-120
260378,260378,UT,DS,6,1,0,,,12:30:01 10-Apr-2024,MC,,,,,,,,401650000,
260378,260378,UT,DS,3,0,1,177,171,13:07:36 10-Apr-2024,NN,A,43.8905,-60.4316,43.8905,-60.4316,8,,401677744,-133
260378,260378,UT,DS,1,0,1,,,13:19:05 10-Apr-2024,MB,B,43.8903,-60.4316,43.8903,-60.4316,6,,401677741,-134
260378,260378,UT,DS,2,0,0,210,210,13:24:17 10-Apr-2024,NP,B,43.8679,-60.4277,43.8679,-60.4277,6,,401677738,-124
260378,260378,UT,DS,2,0,0,161,161,13:51:31 10-Apr-2024,NK,B,43.8594,-60.4265,43.8594,-60.4265,6,,401677727,-131
260378,260378,UT,DS,3,0,0,113,46,14:11:00 10-Apr-2024,MC,,,,,,,,401650000,
260378,260378,UT,DS,5,0,0,167,164,14:45:49 10-Apr-2024,NN,3,43.8614,-60.3862,43.8614,-60.3862,58,,401677737,-122
260378,260378,UT,DS,3,0,0,172,170,14:55:33 10-Apr-2024,O3,A,43.8638,-60.3914,43.8638,-60.3914,6,,401677734,-132
260378,260378,UT,DS,2,0,0,153,153,15:03:35 10-Apr-2024,MB,B,43.8629,-60.3928,43.8629,-60.3928,6,,401677739,-130
260378,260378,UT,DS,3,0,1,203,45,15:06:09 10-Apr-2024,NP,A,43.8619,-60.3811,43.8619,-60.3811,6,,401677741,-129
260378,260378,UT,DS,3,0,1,178,45,15:52:42 10-Apr-2024,MC,,,,,,,,401650000,
260378,260378,UT,DS,3,0,0,170,168,16:34:21 10-Apr-2024,O3,A,43.8535,-60.3633,43.8535,-60.3633,8,,401677737,-119
260378,260378,UT,DS,1,0,0,,,16:34:23 10-Apr-2024,NN,B,43.8550,-60.3710,43.8550,-60.3710,,,401677744,-132
260378,260378,UT,DS,1,0,0,,,21:34:31 10-Apr-2024,CS,B,43.8500,-60.3123,43.8500,-60.3123,8,,401677724,-137
260378,260378,UT,DS,5,0,1,137,45,21:47:55 10-Apr-2024,SR,2,43.8534,-60.4122,43.8534,-60.4122,56,,401677735,-119
260378,260378,UT,DS,3,0,0,270,175,21:53:39 10-Apr-2024,NK,A,43.8473,-60.4003,43.8473,-60.4003,6,,401677734,-124
260378,260378,UT,DS,3,0,0,182,182,21:55:38 10-Apr-2024,A1,A,43.8507,-60.4085,43.8507,-60.4085,6,,401677733,-126
260378,260378,UT,DS,5,0,0,188,182,23:11:52 10-Apr-2024,NP,3,43.8471,-60.4050,43.8471,-60.4050,68,,401677732,-128
260378,260378,UT,DS,5,0,1,149,47,23:28:55 10-Apr-2024,SR,3,43.8492,-60.4024,43.8492,-60.4024,66,,401677733,-127
260378,260378,UT,DS,3,0,0,177,160,23:29:50 10-Apr-2024,A1,A,43.8492,-60.4039,43.8492,-60.4039,6,,401677732,-131
260378,260378,UT,DS,1,0,0,,,23:39:16 10-Apr-2024,NK,B,43.8491,-60.4022,43.8491,-60.4022,6,,401677733,-129
260378,260378,UT,DS,3,0,0,177,153,23:52:52 10-Apr-2024,MC,,,,,,,,401650000,
260378,260378,UT,DS,2,0,0,231,231,00:36:41 11-Apr-2024,NN,B,43.8559,-60.3979,43.8559,-60.3979,8,,401677734,-133
260378,260378,UT,DS,4,0,1,131,57,00:48:33 11-Apr-2024,MB,2,43.8526,-60.4099,43.8526,-60.4099,56,,401677738,-129
260378,260378,UT,DS,8,1,0,,,00:54:32 11-Apr-2024,NP,2,43.8599,-60.4046,43.8599,-60.4046,56,,401677737,-123
260378,260378,UT,DS,1,0,1,,,02:13:39 11-Apr-2024,NN,B,43.8618,-60.3945,43.8618,-60.3945,8,,401677730,-135
260378,260378,UT,DS,1,0,0,,,11:37:09 11-Apr-2024,NP,B,43.8594,-60.3994,43.8594,-60.3994,8,,401677730,-140
260378,260378,UT,DS,2,0,0,462,462,11:47:11 11-Apr-2024,NK,B,43.8607,-60.3881,43.8607,-60.3881,6,,401677734,-127
260378,260378,UT,DS,1,0,0,,,12:16:46 11-Apr-2024,MC,B,43.8612,-60.3677,43.8612,-60.3677,8,,401677736,-131
260378,260378,UT,DS,2,0,0,45,45,13:16:32 11-Apr-2024,NP,B,43.8517,-60.3962,43.8517,-60.3962,8,,401677732,-118
260378,260378,UT,DS,6,0,0,115,45,13:50:21 11-Apr-2024,MC,3,43.8554,-60.3983,43.8554,-60.3983,58,,401677736,-115
260378,260378,UT,DS,3,0,0,242,162,14:34:29 11-Apr-2024,NN,A,43.8478,-60.3928,43.8478,-60.3928,8,,401677736,-135
260378,260378,UT,DS,3,0,0,267,164,14:39:49 11-Apr-2024,MB,A,43.8533,-60.4001,43.8533,-60.4001,6,,401677735,-127
260378,260378,UT,DS,3,0,0,165,160,14:54:47 11-Apr-2024,NP,A,43.8513,-60.3981,43.8513,-60.3981,6,,401677733,-126
260378,260378,UT,DS,4,0,0,164,159,15:31:13 11-Apr-2024,MC,1,43.8587,-60.3850,43.8587,-60.3850,58,,401677736,-121
260378,260378,UT,DS,3,0,0,184,176,15:50:49 11-Apr-2024,O3,A,43.8594,-60.3740,43.8594,-60.3740,6,,401677735,-125
260378,260378,UT,DS,2,0,0,491,491,16:17:52 11-Apr-2024,NN,B,43.8594,-60.3789,43.8594,-60.3789,6,,401677736,-133
260378,260378,UT,DS,1,0,0,,,21:34:43 11-Apr-2024,NK,B,43.8692,-60.3531,43.8692,-60.3531,8,,401677738,-135
260378,260378,UT,DS,2,0,0,45,45,21:35:06 11-Apr-2024,A1,B,43.8452,-60.3555,43.8452,-60.3555,8,,401677738,-130
260378,260378,UT,DS,2,0,0,185,185,22:27:30 11-Apr-2024,CS,B,43.8481,-60.3860,43.8481,-60.3860,8,,401677736,-135
260378,260378,UT,DS,2,0,0,190,190,22:56:30 11-Apr-2024,SR,B,43.8508,-60.3870,43.8508,-60.3870,6,,401677732,-121
260378,260378,UT,DS,3,0,0,193,190,23:01:11 11-Apr-2024,NP,A,43.8560,-60.3860,43.8560,-60.3860,6,,401677733,-126
260378,260378,UT,DS,3,0,0,284,177,23:09:41 11-Apr-2024,NK,A,43.8534,-60.3845,43.8534,-60.3845,6,,401677733,-127
260378,260378,UT,DS,2,0,0,197,197,23:06:00 11-Apr-2024,A1,B,43.8524,-60.3814,43.8524,-60.3814,6,,401677734,-133
260378,260378,UT,DS,3,0,0,194,191,23:35:50 11-Apr-2024,MC,A,43.8537,-60.3923,43.8537,-60.3923,6,,401677733,-119
260378,260378,UT,DS,3,0,0,174,165,00:24:19 12-Apr-2024,NN,A,43.8549,-60.3887,43.8549,-60.3887,8,,401677731,-128
260378,260378,UT,DS,3,0,0,174,165,00:27:05 12-Apr-2024,MB,A,43.8523,-60.3910,43.8523,-60.3910,6,,401677732,-129
260378,260378,UT,DS,4,0,1,121,45,00:43:35 12-Apr-2024,NP,2,43.8489,-60.3982,43.8489,-60.3982,56,,401677733,-121
260378,260378,UT,DS,1,0,0,,,00:49:37 12-Apr-2024,NK,B,43.8490,-60.3981,43.8490,-60.3981,6,,401677734,-133
260378,260378,UT,DS,3,0,0,287,196,01:15:47 12-Apr-2024,MC,A,43.8520,-60.3871,43.8520,-60.3871,6,,401677732,-114
260378,260378,UT,DS,1,0,0,,,01:23:43 12-Apr-2024,O3,B,43.8520,-60.3872,43.8520,-60.3872,6,,401677733,-138
260378,260378,UT,DS,4,0,0,185,181,02:06:21 12-Apr-2024,NN,0,43.8601,-60.3349,43.8601,-60.3349,48,,401677734,-121
260378,260378,UT,DS,2,0,0,178,178,02:23:51 12-Apr-2024,NP,B,43.8510,-60.3963,43.8510,-60.3963,8,,401677733,-135
260378,260378,UT,DS,2,0,1,45,45,12:07:58 12-Apr-2024,CS,B,43.8791,-60.2235,43.8791,-60.2235,8,,401677765,-137
260378,260378,UT,DS,2,0,1,221,221,12:36:47 12-Apr-2024,MB,B,43.8724,-60.3037,43.8724,-60.3037,6,,401677707,-131
260378,260378,UT,DS,3,0,0,273,183,13:02:00 12-Apr-2024,NK,A,43.8717,-60.3652,43.8717,-60.3652,6,,401677735,-123
260378,260378,UT,DS,7,1,1,,,12:59:28 12-Apr-2024,NP,2,43.8753,-60.3647,43.8753,-60.3647,56,,401677735,-120
260378,260378,UT,DS,6,0,1,133,45,13:29:41 12-Apr-2024,MC,2,43.8792,-60.3770,43.8792,-60.3770,46,,401677731,-114
260378,260378,UT,DS,3,1,0,,,14:17:06 12-Apr-2024,MB,A,43.8680,-60.3657,43.8680,-60.3657,8,,401677734,-127
260378,260378,UT,DS,4,0,0,121,46,14:28:35 12-Apr-2024,NN,1,43.8749,-60.3865,43.8749,-60.3865,46,,401677734,-122
260378,260378,UT,DS,7,1,0,,,14:42:08 12-Apr-2024,NP,3,43.8697,-60.3847,43.8697,-60.3847,56,,401677733,-129
260378,260378,UT,DS,4,0,0,89,65,15:04:12 12-Apr-2024,O3,1,43.8725,-60.4132,43.8725,-60.4132,56,,401677730,-130
260378,260378,UT,DS,3,0,1,180,162,15:12:39 12-Apr-2024,MC,A,43.8569,-60.4090,43.8569,-60.4090,6,,401677732,-120
260378,260378,UT,DS,4,0,1,178,78,16:13:32 12-Apr-2024,NN,3,43.8460,-60.4493,43.8460,-60.4493,58,,401677735,-129
260378,260378,UT,DS,4,0,0,191,184,16:44:54 12-Apr-2024,O3,1,43.8416,-60.4732,43.8416,-60.4732,58,,401677735,-120
260378,260378,UT,DS,3,0,0,188,145,21:44:43 12-Apr-2024,CS,A,43.8162,-60.5867,43.8162,-60.5867,8,,401677743,-125
260378,260378,UT,DS,3,0,0,188,179,22:25:46 12-Apr-2024,SR,A,43.8342,-60.7004,43.8342,-60.7004,8,,401677742,-118
260378,260378,UT,DS,4,0,0,188,182,22:44:10 12-Apr-2024,NK,1,43.8207,-60.6266,43.8207,-60.6266,46,,401677737,-119
260378,260378,UT,DS,3,0,0,184,182,22:42:35 12-Apr-2024,A1,A,43.8265,-60.6208,43.8265,-60.6208,6,,401677738,-120
260378,260378,UT,DS,3,0,0,192,186,22:48:55 12-Apr-2024,NP,A,43.8282,-60.6149,43.8282,-60.6149,6,,401677738,-130
260378,260378,UT,DS,3,0,0,205,194,23:14:10 12-Apr-2024,MC,A,43.8305,-60.6050,43.8305,-60.6050,6,,401677737,-126
260378,260378,UT,DS,2,0,1,284,284,00:02:08 13-Apr-2024,SR,B,43.8394,-60.6342,43.8394,-60.6342,8,,401677738,-136
260378,260378,UT,DS,2,0,0,358,358,00:05:01 13-Apr-2024,MB,B,43.8403,-60.6243,43.8403,-60.6243,6,,401677734,-129
260378,260378,UT,DS,5,0,0,134,59,00:30:12 13-Apr-2024,NP,1,43.8494,-60.6020,43.8494,-60.6020,56,,401677737,-120
260378,260378,UT,DS,6,1,0,,,00:51:16 13-Apr-2024,MC,0,43.8527,-60.6109,43.8527,-60.6109,56,,401677732,-113
260378,260378,UT,DS,4,1,1,,,01:49:39 13-Apr-2024,NN,1,43.8554,-60.7111,43.8554,-60.7111,58,,401677732,-120
260378,260378,UT,DS,3,0,0,164,161,02:11:39 13-Apr-2024,NP,A,43.8823,-60.6858,43.8823,-60.6858,6,,401677724,-129
260378,260378,UT,DS,1,0,0,,,02:19:58 13-Apr-2024,O3,B,43.8820,-60.6942,43.8820,-60.6942,6,,401677735,-135
260378,260378,UT,DS,4,0,0,144,130,02:35:35 13-Apr-2024,MC,1,43.8717,-60.7198,43.8717,-60.7198,56,,401677732,-125
260378,260378,UT,DS,4,1,0,,,12:36:13 13-Apr-2024,NK,2,43.8305,-60.7948,43.8305,-60.7948,58,,401677731,-119
260378,260378,UT,DS,5,0,0,163,144,12:46:17 13-Apr-2024,NP,2,43.8378,-60.8016,43.8378,-60.8016,58,,401677734,-126
260378,260378,UT,DS,6,0,0,111,45,13:08:25 13-Apr-2024,MC,2,43.8367,-60.8088,43.8367,-60.8088,56,,401677738,-122
260378,260378,UT,DS,4,0,0,175,158,13:58:54 13-Apr-2024,MB,0,43.8357,-60.8065,43.8357,-60.8065,58,,401677737,-122
260378,260378,UT,DS,4,0,0,180,157,14:10:24 13-Apr-2024,NN,2,43.8398,-60.8203,43.8398,-60.8203,56,,401677740,-129
260378,260378,UT,DS,1,0,0,,,14:13:01 13-Apr-2024,NK,B,43.8402,-60.8203,43.8402,-60.8203,6,,401677739,-133
260378,260378,UT,DS,4,0,0,74,45,14:29:40 13-Apr-2024,NP,2,43.8374,-60.8197,43.8374,-60.8197,56,,401677737,-120
260378,260378,UT,DS,4,0,0,174,167,14:48:58 13-Apr-2024,MC,3,43.8373,-60.8232,43.8373,-60.8232,56,,401677738,-115
260378,260378,UT,DS,4,0,0,172,160,15:54:06 13-Apr-2024,NN,3,43.8283,-60.8363,43.8283,-60.8363,58,,401677738,-120
260378,260378,UT,DS,4,0,0,176,160,15:59:49 13-Apr-2024,O3,2,43.8297,-60.8468,43.8297,-60.8468,56,,401677739,-120
260378,260378,UT,DS,2,0,0,200,200,16:10:03 13-Apr-2024,NP,B,43.8274,-60.8444,43.8274,-60.8444,6,,401677737,-138
260378,260378,UT,DS,2,0,0,353,353,21:53:11 13-Apr-2024,SR,B,43.8401,-60.9081,43.8401,-60.9081,8,,401677751,-123
260378,260378,UT,DS,5,1,1,,,22:17:58 13-Apr-2024,NK,2,43.8040,-60.8989,43.8040,-60.8989,56,,401677736,-127
260378,260378,UT,DS,5,1,0,,,22:20:33 13-Apr-2024,A1,2,43.7953,-60.8964,43.7953,-60.8964,56,,401677739,-123
260378,260378,UT,DS,3,0,1,104,45,22:39:07 13-Apr-2024,NP,A,43.7914,-60.8923,43.7914,-60.8923,6,,401677740,-135
260378,260378,UT,DS,2,0,1,95,95,22:58:27 13-Apr-2024,MC,B,43.7825,-60.9055,43.7825,-60.9055,6,,401677750,-130
260378,260378,UT,DS,2,0,0,246,246,00:00:00 14-Apr-2024,NN,B,43.7834,-60.9171,43.7834,-60.9171,,,401677751,-137
260378,260378,UT,DS,2,0,0,246,246,00:00:00 14-Apr-2024,NK,B,43.8221,-60.9294,43.8221,-60.9294,8,,401677759,-127
260378,260378,UT,DS,6,0,1,98,45,00:14:42 14-Apr-2024,NP,1,43.8164,-60.9419,43.8164,-60.9419,46,,401677740,-119
260378,260378,UT,DS,11,1,3,,,00:31:06 14-Apr-2024,MC,3,43.8247,-60.9335,43.8247,-60.9335,56,,401677741,-117
260378,260378,UT,DS,6,1,0,,,12:33:59 14-Apr-2024,NP,2,43.8150,-60.8863,43.8150,-60.8863,50,,401677736,-131
260378,260378,UT,DS,5,0,0,85,45,12:47:38 14-Apr-2024,MC,1,43.8215,-60.8919,43.8215,-60.8919,56,,401677740,-120
260378,260378,UT,DS,3,0,1,243,45,13:37:16 14-Apr-2024,MB,A,43.7967,-60.8783,43.7967,-60.8783,8,,401677737,-132
260378,260378,UT,DS,1,0,0,,,13:47:47 14-Apr-2024,NK,B,43.7950,-60.8792,43.7950,-60.8792,6,,401677741,-127
260378,260378,UT,DS,6,1,0,,,13:59:24 14-Apr-2024,NN,3,43.8239,-60.8967,43.8239,-60.8967,56,,401677739,-128
260378,260378,UT,DS,6,1,0,,,14:14:09 14-Apr-2024,NP,2,43.8331,-60.8968,43.8331,-60.8968,56,,401677742,-122
260378,260378,UT,DS,5,0,0,130,45,14:27:43 14-Apr-2024,MC,2,43.8263,-60.8824,43.8263,-60.8824,56,,401677740,-111
260378,260378,UT,DS,2,0,0,254,254,15:15:43 14-Apr-2024,O3,B,43.8226,-60.8901,43.8226,-60.8901,8,,401677739,-130
260378,260378,UT,DS,4,0,1,194,46,15:41:21 14-Apr-2024,NN,3,43.8196,-60.9043,43.8196,-60.9043,56,,401677736,-128
260378,260378,UT,DS,3,0,0,89,45,15:59:06 14-Apr-2024,NP,A,43.8065,-60.9020,43.8065,-60.9020,6,,401677733,-137
260378,260378,UT,DS,1,0,0,,,16:13:25 14-Apr-2024,MC,B,43.8069,-60.9024,43.8069,-60.9024,6,,401677732,-126
260378,260378,UT,DS,3,0,0,98,45,22:07:09 14-Apr-2024,CS,A,43.8019,-60.9205,43.8019,-60.9205,8,,401677741,-129
260378,260378,UT,DS,2,0,0,360,360,22:24:43 14-Apr-2024,NP,B,43.8020,-60.8902,43.8020,-60.8902,6,,401677738,-135
260378,260378,UT,DS,2,0,0,180,180,22:36:46 14-Apr-2024,MC,B,43.8000,-60.8913,43.8000,-60.8913,6,,401677742,-129
260378,260378,UT,DS,3,0,0,183,178,23:06:31 14-Apr-2024,SR,A,43.8092,-60.8963,43.8092,-60.8963,6,,401677740,-120
260378,260378,UT,DS,8,1,2,,,23:32:20 14-Apr-2024,NK,2,43.8027,-60.9002,43.8027,-60.9002,46,,401677735,-121
260378,260378,UT,DS,4,0,0,64,45,23:31:10 14-Apr-2024,A1,3,43.7981,-60.9033,,,56,,401677736,-129
260378,260378,UT,DS,1,0,1,,,23:29:21 14-Apr-2024,MB,B,43.8091,-60.8965,43.8091,-60.8965,6,,401677738,-135
260378,260378,UT,DS,4,0,1,105,45,00:03:51 15-Apr-2024,NP,2,43.8061,-60.9208,43.8061,-60.9208,56,,401677760,-126
260378,260378,UT,DS,2,0,1,179,179,00:17:20 15-Apr-2024,MC,B,43.8044,-60.9203,43.8044,-60.9203,6,,401677766,-118
260378,260378,UT,DS,4,0,0,139,95,01:01:15 15-Apr-2024,MB,2,43.8139,-60.9091,43.8139,-60.9091,58,,401677745,-127
260378,260378,UT,DS,2,0,0,46,46,01:32:35 15-Apr-2024,NN,B,43.8194,-60.9152,43.8194,-60.9152,8,,401677736,-126
260378,260378,UT,DS,5,0,1,159,151,11:44:45 15-Apr-2024,NK,2,43.8658,-60.8778,43.8658,-60.8778,58,,401677734,-120
260378,260378,UT,DS,2,0,0,163,163,11:48:40 15-Apr-2024,CS,B,43.8945,-60.8635,43.8945,-60.8635,8,,401677745,-135
260378,260378,UT,DS,4,0,2,168,152,12:24:28 15-Apr-2024,NP,2,43.8612,-60.8903,43.8612,-60.8903,58,,401677735,-131
260378,260378,UT,DS,3,0,0,248,181,12:27:37 15-Apr-2024,MC,A,43.8566,-60.8993,43.8566,-60.8993,6,,401677734,-124
260378,260378,UT,DS,1,0,0,,,13:16:28 15-Apr-2024,MB,B,43.8598,-60.9029,43.8598,-60.9029,8,,401677739,-130
260378,260378,UT,DS,2,0,0,159,159,13:20:21 15-Apr-2024,NK,B,43.8685,-60.8905,43.8685,-60.8905,6,,401677739,-125
260378,260378,UT,DS,5,0,0,85,45,13:48:14 15-Apr-2024,NN,1,43.8521,-60.9081,43.8521,-60.9081,56,,401677740,-128
260378,260378,UT,DS,7,1,0,,,14:05:18 15-Apr-2024,NP,3,43.8535,-60.9005,43.8535,-60.9005,56,,401677735,-126
260378,260378,UT,DS,6,0,0,133,45,14:06:38 15-Apr-2024,MC,2,43.8543,-60.9014,43.8543,-60.9014,56,,401677736,-128
260378,260378,UT,DS,2,0,1,123,123,14:26:55 15-Apr-2024,O3,B,43.8555,-60.9205,43.8555,-60.9205,6,,401677736,-136
260378,260378,UT,DS,1,0,0,,,15:03:56 15-Apr-2024,MB,B,43.8545,-60.9237,43.8545,-60.9237,8,,401677741,-133
260378,260378,UT,DS,4,0,1,159,142,15:25:22 15-Apr-2024,NN,2,43.8408,-60.8911,43.8408,-60.8911,56,,401677736,-121
260378,260378,UT,DS,3,0,0,93,45,15:46:27 15-Apr-2024,NP,A,43.8623,-60.9013,43.8623,-60.9013,6,,401677746,-132
260378,260378,UT,DS,6,2,0,,,15:46:50 15-Apr-2024,MC,2,43.8537,-60.9247,43.8537,-60.9247,56,,401677736,-124
260378,260378,UT,DS,3,0,0,225,171,16:07:13 15-Apr-2024,O3,A,43.8439,-60.9258,43.8439,-60.9258,6,,401677736,-118
260378,260378,UT,DS,1,0,0,,,21:32:14 15-Apr-2024,A1,B,43.8392,-60.9663,43.8392,-60.9663,8,,401677734,-137
260378,260378,UT,DS,3,0,0,176,176,22:30:21 15-Apr-2024,SR,A,43.8688,-61.0028,43.8688,-61.0028,8,,401677735,-122
260378,260378,UT,DS,7,0,0,106,45,23:06:59 15-Apr-2024,NK,2,43.8633,-60.9236,,,58,,401677734,-119
260378,260378,UT,DS,2,0,0,46,46,23:07:56 15-Apr-2024,A1,B,43.8649,-60.9440,43.8649,-60.9440,7,,401677746,-121
260378,260378,UT,DS,1,0,0,,,23:40:29 15-Apr-2024,NN,B,43.8629,-60.9333,,,8,,401677736,-135
260378,260378,UT,DS,5,0,0,145,45,23:50:30 15-Apr-2024,MC,1,43.8643,-60.9401,,,56,,401677735,-124
260378,260378,UT,DS,4,0,0,179,152,23:50:53 15-Apr-2024,NP,1,43.8619,-60.9383,43.8619,-60.9383,46,,401677735,-126
260378,260378,UT,DS,4,0,0,156,45,00:09:59 16-Apr-2024,SR,1,43.8643,-60.9533,,,56,,401677738,-127
260378,260378,UT,DS,2,0,0,208,208,00:48:13 16-Apr-2024,NK,B,43.8631,-60.9400,43.8631,-60.9400,8,,401677738,-130
260378,260378,UT,DS,3,0,0,184,158,01:16:46 16-Apr-2024,NN,A,43.8670,-60.9480,43.8670,-60.9480,6,,401677733,-130
260378,260378,UT,DS,2,0,0,190,190,01:32:32 16-Apr-2024,MC,B,43.8644,-60.9476,43.8644,-60.9476,6,,401677735,-118
260378,260378,UT,DS,1,0,0,,,01:35:41 16-Apr-2024,NP,B,43.8643,-60.9447,43.8643,-60.9447,6,,401677735,-127
260378,260378,UT,DS,1,0,0,,,01:41:00 16-Apr-2024,O3,B,43.8643,-60.9456,43.8643,-60.9456,6,,401677736,-141
260378,260378,UT,DS,3,0,1,157,155,12:09:32 16-Apr-2024,MC,A,43.8836,-60.9071,43.8836,-60.9071,8,,401677722,-124
260378,260378,UT,DS,4,0,0,164,160,12:10:49 16-Apr-2024,NP,3,43.8905,-60.9050,43.8905,-60.9050,56,,401677738,-127
260378,260378,UT,DS,2,0,1,159,159,13:54:35 16-Apr-2024,MC,B,43.8703,-60.9101,43.8703,-60.9101,6,,401677734,-120
260378,260378,UT,DS,2,0,1,159,159,13:53:16 16-Apr-2024,NP,B,43.8675,-60.8934,43.8675,-60.8934,8,,401677735,-121
260378,260378,UT,DS,2,0,1,158,158,15:17:03 16-Apr-2024,O3,B,43.8702,-60.9034,43.8702,-60.9034,,,401677738,-131
260378,260378,UT,DS,1,0,0,,,15:17:03 16-Apr-2024,NN,B,43.8636,-60.8965,43.8636,-60.8965,8,,401677738,-125
260378,260378,UT,DS,2,0,0,288,288,15:29:00 16-Apr-2024,MC,B,43.8669,-60.8845,43.8669,-60.8845,6,,401677738,-121
260378,260378,UT,DS,3,0,0,105,45,15:35:12 16-Apr-2024,NP,A,43.8702,-60.8861,43.8702,-60.8861,6,,401677737,-129
260378,260378,UT,DS,1,0,0,,,16:59:06 16-Apr-2024,O3,B,43.8555,-60.8780,43.8555,-60.8780,8,,401677750,-124
260378,260378,UT,DS,1,0,0,,,16:59:06 16-Apr-2024,NN,B,43.8578,-60.8858,43.8578,-60.8858,,,401677750,-135
260378,260378,UT,DS,1,0,0,,,22:00:06 16-Apr-2024,SR,B,43.8435,-60.8301,,,8,,401677741,-138
260378,260378,UT,DS,2,0,0,45,45,22:22:22 16-Apr-2024,CS,B,43.8694,-60.9087,,,6,,401677736,-135
260378,260378,UT,DS,1,0,0,,,22:40:16 16-Apr-2024,NK,B,43.8723,-60.9097,,,6,,401677743,-135
260378,260378,UT,DS,1,0,0,,,22:43:26 16-Apr-2024,A1,B,43.8711,-60.9082,43.8711,-60.9082,6,,401677739,-131
260378,260378,UT,DS,1,0,0,,,23:37:21 16-Apr-2024,MC,B,43.8692,-60.9095,43.8692,-60.9095,8,,401677745,-127
260378,260378,UT,DS,1,0,0,,,01:05:49 17-Apr-2024,NN,B,43.8701,-60.8947,43.8701,-60.8947,8,,401677756,-131
260378,260378,UT,DS,1,0,0,,,01:15:06 17-Apr-2024,MC,B,43.8763,-60.9013,43.8763,-60.9013,6,,401677758,-134
260378,260378,UT,DS,1,0,0,,,01:26:03 17-Apr-2024,NP,B,43.8821,-60.9184,43.8821,-60.9184,6,,401677734,-132
260378,260378,UT,DS,1,0,0,,,02:33:45 17-Apr-2024,O3,B,43.8839,-60.9280,43.8839,-60.9280,8,,401677747,-126
260378,260378,UT,DS,1,0,0,,,02:42:58 17-Apr-2024,NN,B,43.8870,-60.9301,43.8870,-60.9301,6,,401677739,-137
260378,260378,UT,DS,1,0,0,,,12:07:17 17-Apr-2024,NP,B,43.8745,-60.8982,43.8745,-60.8982,8,,401677741,-136
260378,260378,UT,DS,3,0,0,174,45,12:36:16 17-Apr-2024,NK,A,43.9020,-60.9401,43.9020,-60.9401,6,,401677742,-119
260378,260378,UT,DS,1,0,0,,,12:35:32 17-Apr-2024,MB,B,43.8827,-60.9242,43.8827,-60.9242,6,,401677737,-133
260378,260378,UT,DS,6,0,0,123,45,13:25:46 17-Apr-2024,MC,1,43.8908,-60.9263,43.8908,-60.9263,40,,401677740,-115
260378,260378,UT,DS,1,0,0,,,13:25:46 17-Apr-2024,NN,B,43.9004,-60.9370,43.9004,-60.9370,8,,401677737,-132
260378,260378,UT,DS,7,1,0,,,13:41:06 17-Apr-2024,NP,0,43.8919,-60.9397,43.8919,-60.9397,46,,401677740,-123
260378,260378,UT,DS,1,0,1,,,14:14:37 17-Apr-2024,MB,B,43.8915,-60.9375,43.8915,-60.9375,8,,401677735,-132
260378,260378,UT,DS,6,0,0,144,45,15:00:42 17-Apr-2024,NN,1,43.8784,-60.9235,43.8784,-60.9235,58,,401677740,-130
260378,260378,UT,DS,2,0,0,185,185,15:09:15 17-Apr-2024,MC,B,43.8763,-60.9185,43.8763,-60.9185,6,,401677738,-120
260378,260378,UT,DS,1,0,0,,,15:27:03 17-Apr-2024,NP,B,43.8765,-60.9187,43.8765,-60.9187,6,,401677738,-132
260378,260378,UT,DS,5,0,0,135,45,16:13:48 17-Apr-2024,O3,2,43.8775,-60.9351,43.8775,-60.9351,58,,401677738,-122
260378,260378,UT,DS,4,0,1,175,156,21:30:49 17-Apr-2024,SR,2,43.8782,-60.9192,43.8782,-60.9192,58,,401677737,-125
260378,260378,UT,DS,3,0,0,92,45,21:44:17 17-Apr-2024,CS,A,43.8764,-60.9216,43.8764,-60.9216,6,,401677734,-129
260378,260378,UT,DS,2,0,0,545,545,22:10:22 17-Apr-2024,NK,B,43.8757,-60.9184,43.8757,-60.9184,6,,401677737,-133
260378,260378,UT,DS,3,0,0,178,174,22:22:27 17-Apr-2024,A1,A,43.8790,-60.9198,43.8790,-60.9198,6,,401677738,-124
260378,260378,UT,DS,3,0,0,187,187,23:06:32 17-Apr-2024,SR,A,43.8775,-60.9098,43.8775,-60.9098,8,,401677737,-124
260378,260378,UT,DS,3,0,0,89,45,23:13:17 17-Apr-2024,MC,A,43.8723,-60.9087,43.8723,-60.9087,6,,401677740,-123
260378,260378,UT,DS,4,0,0,176,165,23:28:20 17-Apr-2024,NP,3,43.8820,-60.9048,43.8820,-60.9048,56,,401677737,-124
260378,260378,UT,DS,2,0,0,591,591,23:54:39 17-Apr-2024,NK,B,43.8716,-60.9246,43.8716,-60.9246,8,,401677738,-130
260378,260378,UT,DS,2,0,0,194,194,23:56:15 17-Apr-2024,A1,B,43.8812,-60.9091,43.8812,-60.9091,6,,401677742,-135
260378,260378,UT,DS,3,0,1,297,200,00:02:51 18-Apr-2024,MB,A,43.8754,-60.9109,43.8754,-60.9109,6,,401677737,-128
260378,260378,UT,DS,3,0,1,183,182,00:52:18 18-Apr-2024,MC,A,43.8725,-60.9311,43.8725,-60.9311,8,,401677736,-114
260378,260378,UT,DS,2,0,0,182,182,00:55:23 18-Apr-2024,NN,B,43.8732,-60.9337,43.8732,-60.9337,6,,401677734,-130
260378,260378,UT,DS,2,0,0,235,235,01:08:31 18-Apr-2024,NP,B,43.8742,-60.9330,43.8742,-60.9330,6,,401677734,-121
260378,260378,UT,DS,2,0,0,183,183,01:48:02 18-Apr-2024,O3,B,43.8732,-60.9311,43.8732,-60.9311,8,,401677735,-130
260378,260378,UT,DS,2,0,0,45,45,02:29:46 18-Apr-2024,NN,B,43.8494,-60.9157,43.8494,-60.9157,8,,401677740,-126
260378,260378,UT,DS,4,0,1,151,45,12:09:50 18-Apr-2024,NK,1,43.8537,-60.7963,43.8537,-60.7963,58,,401677737,-123
260378,260378,UT,DS,5,0,1,172,162,13:05:08 18-Apr-2024,MC,3,43.8596,-60.8844,43.8596,-60.8844,58,,401677739,-116
260378,260378,UT,DS,2,0,0,173,173,13:11:03 18-Apr-2024,NN,B,43.8595,-60.8794,43.8595,-60.8794,6,,401677742,-137
260378,260378,UT,DS,5,1,1,,,13:25:38 18-Apr-2024,NP,1,43.8575,-60.9176,43.8575,-60.9176,46,,401677738,-122
260378,260378,UT,DS,7,1,0,,,14:44:20 18-Apr-2024,MC,3,43.8383,-60.8676,43.8383,-60.8676,58,,401677736,-120
260378,260378,UT,DS,8,1,0,,,14:47:37 18-Apr-2024,NN,1,43.8445,-60.8921,43.8445,-60.8921,46,,401677736,-124
260378,260378,UT,DS,6,1,1,,,15:09:12 18-Apr-2024,NP,2,43.8405,-60.8837,43.8405,-60.8837,56,,401677736,-127
260378,260378,UT,DS,3,0,0,254,163,21:47:08 18-Apr-2024,NK,A,43.8898,-60.8670,43.8898,-60.8670,8,,401677740,-124
260378,260378,UT,DS,3,0,0,184,184,21:57:20 18-Apr-2024,A1,A,43.8925,-60.8883,43.8925,-60.8883,6,,401677735,-125
260378,260378,UT,DS,4,0,0,201,196,22:33:08 18-Apr-2024,SR,0,43.8841,-60.8309,,,48,,401677737,-125
260378,260378,UT,DS,1,0,0,,,22:39:53 18-Apr-2024,CS,B,43.8832,-60.8269,,,6,,401677737,-137
260378,260378,UT,DS,3,0,0,155,133,22:52:22 18-Apr-2024,MC,A,43.8888,-60.8701,43.8888,-60.8701,6,,401677738,-125
260378,260378,UT,DS,5,0,0,141,45,23:15:58 18-Apr-2024,NP,2,43.8946,-60.8884,43.8946,-60.8884,56,,401677734,-126
260378,260378,UT,DS,3,0,0,280,180,23:30:36 18-Apr-2024,NK,A,43.8874,-60.8829,43.8874,-60.8829,6,,401677739,-124
260378,260378,UT,DS,3,0,0,179,178,23:30:13 18-Apr-2024,A1,A,43.8848,-60.8829,43.8848,-60.8829,6,,401677736,-128
260378,260378,UT,DS,1,0,0,,,00:13:22 19-Apr-2024,SR,B,43.8808,-60.8581,43.8808,-60.8581,8,,401677746,-133
260378,260378,UT,DS,5,0,1,154,46,00:27:28 19-Apr-2024,MC,1,43.8827,-60.8970,43.8827,-60.8970,56,,401677735,-115
260378,260378,UT,DS,4,0,1,192,188,00:37:23 19-Apr-2024,NN,2,43.8817,-60.9012,43.8817,-60.9012,56,,401677735,-125
260378,260378,UT,DS,6,0,1,105,45,00:55:58 19-Apr-2024,NP,2,43.8797,-60.8854,43.8797,-60.8854,56,,401677738,-122
260378,260378,UT,DS,4,0,0,123,45,02:11:59 19-Apr-2024,MC,1,43.8835,-60.8891,43.8835,-60.8891,58,,401677735,-120
260378,260378,UT,DS,9,2,0,,,02:14:35 19-Apr-2024,NN,1,43.8809,-60.8963,43.8809,-60.8963,46,,401677737,-129
260378,260378,UT,DS,7,1,1,,,02:40:12 19-Apr-2024,O3,2,43.8845,-60.8845,43.8845,-60.8845,56,,401677736,-122
260378,260378,UT,DS,4,0,1,77,45,02:41:10 19-Apr-2024,NP,1,43.8833,-60.8837,43.8833,-60.8837,46,,401677738,-133
260378,260378,UT,DS,1,0,0,,,12:20:26 19-Apr-2024,CS,B,43.8167,-60.7465,43.8167,-60.7465,8,,401677748,-141
260378,260378,UT,DS,5,0,0,141,45,12:45:15 19-Apr-2024,MC,1,43.8775,-60.9010,,,56,,401677713,-117
260378,260378,UT,DS,4,0,0,224,164,13:13:25 19-Apr-2024,NP,2,43.8720,-60.9082,43.8720,-60.9082,56,,401677737,-140
260378,260378,UT,DS,2,0,0,169,169,13:20:29 19-Apr-2024,NK,B,43.8716,-60.9069,43.8716,-60.9069,6,,401677735,-128
260378,260378,UT,DS,2,0,1,173,173,13:41:32 19-Apr-2024,MB,B,43.8699,-60.9106,43.8699,-60.9106,6,,401677739,-128
260378,260378,UT,DS,6,0,1,134,45,14:23:18 19-Apr-2024,MC,1,43.8610,-60.8908,43.8610,-60.8908,48,,401677737,-114
260378,260378,UT,DS,5,0,0,176,159,14:34:31 19-Apr-2024,NN,2,43.8568,-60.8925,43.8568,-60.8925,56,,401677737,-121
260378,260378,UT,DS,1,0,0,,,14:40:00 19-Apr-2024,O3,B,43.8558,-60.8909,43.8558,-60.8909,6,,401677738,-131
260378,260378,UT,DS,3,0,0,194,184,14:56:50 19-Apr-2024,NP,A,43.8551,-60.8755,43.8551,-60.8755,6,,401677740,-131
260378,260378,UT,DS,2,0,0,182,182,15:16:54 19-Apr-2024,MB,B,43.8550,-60.8749,43.8550,-60.8749,6,,401677742,-132
260378,260378,UT,DS,2,0,0,168,168,16:04:40 19-Apr-2024,MC,B,43.8367,-60.8767,43.8367,-60.8767,8,,401677739,-128
260378,260378,UT,DS,5,1,0,,,16:16:23 19-Apr-2024,NN,3,43.8387,-60.8727,43.8387,-60.8727,56,,401677738,-123
260378,260378,UT,DS,6,1,0,,,16:22:33 19-Apr-2024,O3,3,43.8443,-60.8812,,,56,,401677740,-120
260378,260378,UT,DS,2,0,0,208,208,21:34:26 19-Apr-2024,A1,B,43.8256,-60.8804,43.8256,-60.8804,8,,401677722,-131
260378,260378,UT,DS,3,0,0,194,189,21:58:10 19-Apr-2024,CS,A,43.8478,-60.8644,43.8478,-60.8644,6,,401677738,-124
260378,260378,UT,DS,1,0,0,,,22:07:35 19-Apr-2024,SR,B,43.8478,-60.8652,43.8478,-60.8652,6,,401677734,-135
260378,260378,UT,DS,1,0,1,,,22:35:47 19-Apr-2024,MC,B,43.8475,-60.8648,43.8475,-60.8648,6,,401677738,-134
260378,260378,UT,DS,5,1,0,,,23:04:51 19-Apr-2024,NK,1,43.8487,-60.8657,43.8487,-60.8657,46,,401677736,-121
260378,260378,UT,DS,6,0,0,124,48,23:03:35 19-Apr-2024,NP,1,43.8505,-60.8639,43.8505,-60.8639,46,,401677736,-127
260378,260378,UT,DS,5,0,0,107,48,23:06:59 19-Apr-2024,A1,3,43.8450,-60.8717,43.8450,-60.8717,56,,401677734,-128
260378,260378,UT,DS,2,0,0,241,241,23:21:39 19-Apr-2024,MB,B,43.8435,-60.8623,43.8435,-60.8623,6,,401677728,-133
260378,260378,UT,DS,5,0,0,76,55,23:40:50 19-Apr-2024,SR,2,43.8514,-60.8330,43.8514,-60.8330,56,,401677734,-125
260378,260378,UT,DS,4,0,1,132,84,00:13:24 20-Apr-2024,MC,2,43.8530,-60.7978,43.8530,-60.7978,58,,401677732,-115
260378,260378,UT,DS,4,0,1,134,74,00:24:38 20-Apr-2024,NN,3,43.8508,-60.7850,43.8508,-60.7850,56,,401677732,-129
260378,260378,UT,DS,1,0,0,,,00:43:53 20-Apr-2024,NK,B,43.8489,-60.7766,43.8489,-60.7766,6,,401677735,-129
260378,260378,UT,DS,4,0,2,179,97,00:44:41 20-Apr-2024,NP,1,43.8508,-60.7771,43.8508,-60.7771,56,,401677730,-135
260378,260378,UT,DS,1,0,0,,,01:00:43 20-Apr-2024,MB,B,43.8492,-60.7692,43.8492,-60.7692,6,,401677730,-135
260378,260378,UT,DS,4,0,0,157,136,01:51:35 20-Apr-2024,MC,3,43.8432,-60.6916,43.8432,-60.6916,58,,401677731,-121
260378,260378,UT,DS,3,0,0,148,136,01:57:04 20-Apr-2024,O3,A,43.8425,-60.6881,43.8425,-60.6881,6,,401677730,-129
260378,260378,UT,DS,6,0,0,149,134,02:01:56 20-Apr-2024,NN,0,43.8375,-60.6757,43.8375,-60.6757,46,,401677730,-130
260378,260378,UT,DS,1,0,0,,,02:28:12 20-Apr-2024,NP,B,43.8353,-60.6549,43.8353,-60.6549,6,,401677735,-135
260378,260378,UT,DS,3,0,1,177,174,11:41:15 20-Apr-2024,CS,A,43.8642,-60.7735,43.8642,-60.7735,8,,401677734,-132
260378,260378,UT,DS,3,0,1,206,200,12:25:46 20-Apr-2024,MC,A,43.8592,-60.8143,43.8592,-60.8143,8,,401677675,-131
260378,260378,UT,DS,2,0,0,364,364,12:55:47 20-Apr-2024,NK,B,43.8554,-60.8104,43.8554,-60.8104,8,,401677739,-126
260378,260378,UT,DS,3,0,0,180,175,13:07:44 20-Apr-2024,NP,A,43.8508,-60.8344,43.8508,-60.8344,6,,401677736,-119
260378,260378,UT,DS,1,0,1,,,13:16:15 20-Apr-2024,MB,B,43.8498,-60.8336,43.8498,-60.8336,6,,401677739,-129
260378,260378,UT,DS,6,0,0,127,45,14:04:05 20-Apr-2024,MC,0,43.8220,-60.8229,43.8220,-60.8229,48,,401677734,-117
260378,260378,UT,DS,4,0,0,237,181,14:22:38 20-Apr-2024,NN,3,43.8270,-60.8371,43.8270,-60.8371,56,,401677738,-124
260378,260378,UT,DS,3,0,0,182,181,14:46:27 20-Apr-2024,NP,A,43.8171,-60.8462,43.8171,-60.8462,6,,401677738,-130
260378,260378,UT,DS,1,0,0,,,14:52:32 20-Apr-2024,MB,B,43.8156,-60.8451,43.8156,-60.8451,6,,401677739,-132
260378,260378,UT,DS,3,0,0,184,176,15:37:52 20-Apr-2024,O3,A,43.8122,-60.8864,43.8122,-60.8864,8,,401677735,-126
260378,260378,UT,DS,2,0,0,396,396,15:44:21 20-Apr-2024,MC,B,43.8095,-60.8837,43.8095,-60.8837,6,,401677748,-132
260378,260378,UT,DS,2,0,0,123,123,16:10:11 20-Apr-2024,NN,B,43.7989,-60.9027,43.7989,-60.9027,6,,401677734,-119
260378,260378,UT,DS,1,0,0,,,16:27:59 20-Apr-2024,NP,B,43.7974,-60.9035,43.7974,-60.9035,6,,401677732,-136
260378,260378,UT,DS,1,0,0,,,21:34:25 20-Apr-2024,SR,B,43.7731,-60.8798,43.7731,-60.8798,8,,401677712,-127
260378,260378,UT,DS,1,0,0,,,22:14:14 20-Apr-2024,MC,B,43.8094,-60.9007,43.8094,-60.9007,6,,401677744,-131
260378,260378,UT,DS,3,0,0,208,207,22:38:53 20-Apr-2024,NK,A,43.8345,-60.9100,43.8345,-60.9100,6,,401677738,-124
260378,260378,UT,DS,3,0,0,179,175,22:45:19 20-Apr-2024,A1,A,43.8404,-60.8978,43.8404,-60.8978,8,,401677737,-116
260378,260378,UT,DS,2,0,0,176,176,22:51:18 20-Apr-2024,NP,B,43.8422,-60.8904,43.8422,-60.8904,6,,401677737,-132
260378,260378,UT,DS,1,0,1,,,22:57:26 20-Apr-2024,CS,B,43.8410,-60.8897,43.8410,-60.8897,6,,401677737,-141
260378,260378,UT,DS,1,0,1,,,23:00:24 20-Apr-2024,MB,B,43.8166,-60.9102,43.8166,-60.9102,6,,401677745,-133
260378,260378,UT,DS,4,0,0,178,155,23:11:35 20-Apr-2024,SR,1,43.8481,-60.8809,43.8481,-60.8809,46,,401677736,-124
260378,260378,UT,DS,3,0,0,189,185,23:49:48 20-Apr-2024,MC,A,43.8551,-60.8838,43.8551,-60.8838,8,,401677733,-120
260378,260378,UT,DS,4,0,0,193,186,00:13:57 21-Apr-2024,NK,1,43.8496,-60.8886,43.8496,-60.8886,56,,401677739,-125
260378,260378,UT,DS,2,0,0,195,195,00:15:36 21-Apr-2024,NN,B,43.8414,-60.8934,43.8414,-60.8934,6,,401677734,-135
260378,260378,UT,DS,2,0,0,195,195,00:17:14 21-Apr-2024,A1,B,43.8413,-60.8955,43.8413,-60.8955,6,,401677734,-137
260378,260378,UT,DS,4,0,0,241,149,00:31:38 21-Apr-2024,NP,0,43.8430,-60.8997,43.8430,-60.8997,46,,401677737,-121
260378,260378,UT,DS,4,1,0,,,00:34:58 21-Apr-2024,MB,2,43.8417,-60.8976,43.8417,-60.8976,56,,401677735,-126
260378,260378,UT,DS,1,0,0,,,00:49:52 21-Apr-2024,SR,B,43.8441,-60.8995,43.8441,-60.8995,6,,401677733,-136
260378,260378,UT,DS,1,0,0,,,01:10:15 21-Apr-2024,O3,B,43.8462,-60.9013,43.8462,-60.9013,6,,401677734,-134
260378,260378,UT,DS,4,0,1,192,180,01:30:06 21-Apr-2024,MC,1,43.8470,-60.8846,43.8470,-60.8846,46,,401677739,-118
260378,260378,UT,DS,3,0,0,402,401,01:49:35 21-Apr-2024,NN,A,43.8468,-60.9011,43.8468,-60.9011,6,,401677737,-130
260378,260378,UT,DS,5,0,0,111,45,02:13:22 21-Apr-2024,NP,0,43.8501,-60.8873,43.8501,-60.8873,46,,401677736,-129
260378,260378,UT,DS,2,0,1,159,159,02:17:25 21-Apr-2024,MB,B,43.8560,-60.8848,43.8560,-60.8848,6,,401677734,-134
260378,260378,UT,DS,4,0,0,199,196,02:48:48 21-Apr-2024,O3,1,43.8492,-60.8937,43.8492,-60.8937,48,,401677737,-132
260378,260378,UT,DS,2,0,0,148,148,12:07:42 21-Apr-2024,MC,B,43.8316,-60.9421,43.8316,-60.9421,8,,401677749,-131
260378,260378,UT,DS,1,0,0,,,12:27:46 21-Apr-2024,NK,B,43.8351,-60.9377,43.8351,-60.9377,6,,401677741,-128
260378,260378,UT,DS,6,0,0,140,45,12:49:40 21-Apr-2024,NP,3,43.8111,-60.9548,43.8111,-60.9548,58,,401677740,-135
260378,260378,UT,DS,2,0,0,45,45,12:52:41 21-Apr-2024,MB,B,43.8100,-60.9548,43.8100,-60.9548,6,,401677742,-131
260378,260378,UT,DS,7,1,0,,,13:42:24 21-Apr-2024,MC,2,43.7852,-60.9605,,,58,,401677738,-130
260378,260378,UT,DS,3,0,0,88,46,14:08:09 21-Apr-2024,NK,A,43.7754,-60.9630,43.7754,-60.9630,6,,401677733,-133
260378,260378,UT,DS,5,0,0,143,45,14:13:31 21-Apr-2024,NN,3,43.7863,-60.9509,43.7863,-60.9509,56,,401677740,-125
260378,260378,UT,DS,6,0,0,148,45,14:29:03 21-Apr-2024,NP,3,43.7814,-60.9510,43.7814,-60.9510,56,,401677737,-127
260378,260378,UT,DS,3,0,0,300,244,14:31:24 21-Apr-2024,MB,A,43.7838,-60.9529,43.7838,-60.9529,6,,401677738,-129
260378,260378,UT,DS,1,0,0,,,15:54:59 21-Apr-2024,NN,B,43.7578,-60.9706,43.7578,-60.9706,8,,401677751,-135
260378,260378,UT,DS,1,0,0,,,16:28:52 21-Apr-2024,O3,B,43.7357,-60.9745,43.7357,-60.9745,7,,401677761,-115
260378,260378,UT,DS,4,0,1,199,188,22:08:19 21-Apr-2024,NK,2,43.7779,-61.0239,43.7779,-61.0239,58,,401677734,-123
260378,260378,UT,DS,2,0,1,195,195,22:14:52 21-Apr-2024,CS,B,43.7799,-61.0278,43.7799,-61.0278,6,,401677728,-133
260378,260378,UT,DS,3,0,0,279,188,22:20:39 21-Apr-2024,A1,A,43.7784,-61.0190,43.7784,-61.0190,6,,401677732,-125
260378,260378,UT,DS,6,0,0,133,45,22:39:03 21-Apr-2024,SR,2,43.7790,-61.0075,43.7790,-61.0075,56,,401677733,-119
260378,260378,UT,DS,4,0,1,143,45,22:39:08 21-Apr-2024,NP,1,43.7768,-61.0131,43.7768,-61.0131,46,,401677732,-131
260378,260378,UT,DS,3,0,0,201,196,23:32:23 21-Apr-2024,MC,A,43.7796,-61.0064,43.7796,-61.0064,8,,401677732,-121
260378,260378,UT,DS,4,0,0,211,206,23:46:15 21-Apr-2024,NK,3,43.7800,-61.0044,43.7800,-61.0044,56,,401677733,-133
260378,260378,UT,DS,2,0,0,208,208,23:56:48 21-Apr-2024,A1,B,43.7779,-61.0144,43.7779,-61.0144,6,,401677732,-130
260378,260378,UT,DS,3,0,2,203,195,00:01:38 22-Apr-2024,NN,A,43.7868,-61.0035,43.7868,-61.0035,6,,401677732,-131
260378,260378,UT,DS,2,0,0,446,446,00:14:03 22-Apr-2024,MB,B,43.7829,-61.0022,43.7829,-61.0022,6,,401677732,-132
260378,260378,UT,DS,4,0,0,216,205,00:17:55 22-Apr-2024,NP,2,43.7825,-61.0095,43.7825,-61.0095,56,,401677733,-131
260378,260378,UT,DS,2,0,0,45,45,00:18:18 22-Apr-2024,SR,B,43.7823,-61.0097,43.7823,-61.0097,6,,401677733,-129
260378,260378,UT,DS,7,1,0,,,01:05:05 22-Apr-2024,MC,1,43.7956,-60.9666,43.7956,-60.9666,58,,401677729,-126
260378,260378,UT,DS,7,1,0,,,01:38:57 22-Apr-2024,NN,2,43.7926,-60.9905,43.7926,-60.9905,58,,401677733,-121
260378,260378,UT,DS,2,0,0,45,45,01:58:46 22-Apr-2024,MB,B,43.7719,-61.0085,43.7719,-61.0085,6,,401677738,-131
260378,260378,UT,DS,6,0,0,121,45,02:02:21 22-Apr-2024,NP,1,43.7913,-60.9796,43.7913,-60.9796,46,,401677732,-126
260378,260378,UT,DS,4,0,0,121,45,02:02:16 22-Apr-2024,O3,1,43.7856,-60.9940,43.7856,-60.9940,56,,401677735,-130
260378,260378,UT,DS,2,0,0,45,45,12:06:12 22-Apr-2024,NK,B,43.8177,-61.0059,43.8177,-61.0059,8,,401677739,-117
260378,260378,UT,DS,8,2,0,,,12:39:16 22-Apr-2024,NP,2,43.8031,-60.9824,43.8031,-60.9824,58,,401677735,-124
260378,260378,UT,DS,5,1,0,,,13:22:07 22-Apr-2024,MC,1,43.8096,-60.9844,43.8096,-60.9844,48,,401677739,-119
260378,260378,UT,DS,4,0,1,187,45,13:38:54 22-Apr-2024,NK,2,43.8084,-60.9818,43.8084,-60.9818,56,,401677739,-133
260378,260378,UT,DS,5,0,0,112,45,13:59:57 22-Apr-2024,NN,1,43.8098,-60.9908,43.8098,-60.9908,46,,401677739,-135
260378,260378,UT,DS,6,1,0,,,14:10:12 22-Apr-2024,MB,2,43.8079,-60.9870,43.8079,-60.9870,56,,401677741,-125
260378,260378,UT,DS,4,1,0,,,14:16:24 22-Apr-2024,NP,1,43.7945,-60.9718,43.7945,-60.9718,56,,401677742,-123
260378,260378,UT,DS,1,0,0,,,15:06:48 22-Apr-2024,MC,B,43.7912,-60.9773,43.7912,-60.9773,7,,401677754,-125
260378,260378,UT,DS,1,0,1,,,15:44:05 22-Apr-2024,NN,B,43.7960,-60.9756,43.7960,-60.9756,8,,401677742,-132
260378,260378,UT,DS,1,0,0,,,15:48:17 22-Apr-2024,O3,B,43.7954,-60.9747,43.7954,-60.9747,6,,401677741,-126
260378,260378,UT,DS,3,0,0,46,46,21:36:29 22-Apr-2024,CS,A,43.7906,-61.0661,43.7906,-61.0661,8,,401677744,-128
260378,260378,UT,DS,6,0,0,109,45,21:46:47 22-Apr-2024,NK,1,43.7996,-61.0545,43.7996,-61.0545,46,,401677739,-121
260378,260378,UT,DS,4,0,0,135,45,21:58:05 22-Apr-2024,A1,1,43.7840,-61.0737,43.7840,-61.0737,46,,401677732,-128
260378,260378,UT,DS,4,0,0,132,45,22:07:15 22-Apr-2024,SR,2,43.7853,-61.0734,43.7853,-61.0734,56,,401677731,-126
260378,260378,UT,DS,4,0,0,126,45,22:27:37 22-Apr-2024,NP,1,43.7742,-61.0642,43.7742,-61.0642,56,,401677738,-134
260378,260378,UT,DS,3,0,0,105,45,23:09:18 22-Apr-2024,MC,A,43.7525,-61.0749,43.7525,-61.0749,7,,401677747,-122
260378,260378,UT,DS,6,0,1,120,45,23:26:58 22-Apr-2024,NK,3,43.7893,-61.0658,43.7893,-61.0658,56,,401677732,-122
260378,260378,UT,DS,5,0,1,104,45,23:31:30 22-Apr-2024,A1,2,43.7922,-61.0638,43.7922,-61.0638,46,,401677737,-130
260378,260378,UT,DS,2,0,1,172,172,00:01:34 23-Apr-2024,MB,B,43.7863,-61.0665,43.7863,-61.0665,8,,401677734,-131
260378,260378,UT,DS,4,0,0,195,176,00:05:15 23-Apr-2024,NP,1,43.7879,-61.0741,43.7879,-61.0741,46,,401677734,-125
260378,260378,UT,DS,5,1,0,,,00:46:14 23-Apr-2024,MC,1,43.7800,-61.0591,43.7800,-61.0591,58,,401677736,-120
260378,260378,UT,DS,1,0,1,,,01:05:00 23-Apr-2024,NK,B,43.7763,-61.0592,43.7763,-61.0592,6,,401677734,-135
260378,260378,UT,DS,1,0,0,,,01:18:47 23-Apr-2024,O3,B,43.7746,-61.0596,43.7746,-61.0596,8,,401677741,-141
260378,260378,UT,DS,4,0,0,84,45,01:28:24 23-Apr-2024,NN,0,43.7527,-61.0889,43.7527,-61.0889,56,,401677751,-121
260378,260378,UT,DS,1,0,0,,,02:57:17 23-Apr-2024,O3,B,43.7322,-61.0796,43.7322,-61.0796,8,,401677739,-128
260378,260378,UT,DS,4,0,0,141,45,11:42:35 23-Apr-2024,NK,1,43.7328,-61.1271,43.7328,-61.1271,58,,401677740,-120
260378,260378,UT,DS,1,0,0,,,12:27:00 23-Apr-2024,NP,B,43.7274,-61.1276,43.7274,-61.1276,8,,401677712,-134
260378,260378,UT,DS,3,0,1,140,45,13:05:53 23-Apr-2024,MC,A,43.7244,-61.1284,43.7244,-61.1284,6,,401677753,-119
260378,260378,UT,DS,3,0,0,94,91,13:21:33 23-Apr-2024,NK,A,43.7234,-61.1223,43.7234,-61.1223,6,,401677754,-129
260378,260378,UT,DS,3,0,1,286,190,13:50:14 23-Apr-2024,MB,A,43.7175,-61.1672,43.7175,-61.1672,8,,401677735,-129
260378,260378,UT,DS,3,0,0,192,190,13:51:49 23-Apr-2024,NN,A,43.7140,-61.1454,43.7140,-61.1454,6,,401677740,-130
260378,260378,UT,DS,6,0,0,146,45,14:07:21 23-Apr-2024,NP,2,43.7112,-61.1512,43.7112,-61.1512,56,,401677734,-126
260378,260378,UT,DS,3,0,0,163,45,14:42:12 23-Apr-2024,MC,A,43.7120,-61.1776,43.7120,-61.1776,8,,401677736,-115
260378,260378,UT,DS,2,0,0,179,179,21:41:26 23-Apr-2024,SR,B,43.6957,-61.3473,43.6957,-61.3473,8,,401677705,-126
260378,260378,UT,DS,3,0,0,122,45,22:33:41 23-Apr-2024,CS,A,43.7234,-61.2229,43.7234,-61.2229,7,,401677735,-133
260378,260378,UT,DS,3,0,0,143,46,22:49:34 23-Apr-2024,MC,A,43.7376,-61.2186,43.7376,-61.2186,6,,401677728,-127
260378,260378,UT,DS,7,0,0,137,45,22:59:54 23-Apr-2024,NK,1,43.7292,-61.1956,43.7292,-61.1956,46,,401677735,-121
260378,260378,UT,DS,3,0,0,188,188,23:05:44 23-Apr-2024,A1,A,43.7279,-61.2074,43.7279,-61.2074,6,,401677737,-133
260378,260378,UT,DS,3,0,0,236,45,23:18:43 23-Apr-2024,SR,A,43.7164,-61.2022,43.7164,-61.2022,6,,401677735,-127
260378,260378,UT,DS,3,0,0,234,45,23:34:41 23-Apr-2024,MB,A,43.7350,-61.2126,43.7350,-61.2126,6,,401677731,-130
260378,260378,UT,DS,1,0,0,,,23:38:59 23-Apr-2024,NN,B,43.7185,-61.2037,43.7185,-61.2037,6,,401677730,-137
260378,260378,UT,DS,6,0,0,136,45,23:53:36 23-Apr-2024,NP,2,43.7220,-61.2149,43.7220,-61.2149,56,,401677733,-124
260378,260378,UT,DS,2,0,0,212,212,00:26:26 24-Apr-2024,MC,B,43.7265,-61.2136,43.7265,-61.2136,8,,401677734,-113
260378,260378,UT,DS,3,0,0,227,206,00:37:15 24-Apr-2024,NK,A,43.7303,-61.2258,43.7303,-61.2258,6,,401677736,-135
260378,260378,UT,DS,1,0,0,,,00:40:41 24-Apr-2024,A1,B,43.7268,-61.2140,43.7268,-61.2140,6,,401677738,-139
260378,260378,UT,DS,2,0,1,260,260,00:55:52 24-Apr-2024,SR,B,43.7268,-61.2125,43.7268,-61.2125,6,,401677738,-138
260378,260378,UT,DS,2,0,0,193,193,01:18:49 24-Apr-2024,MB,B,43.7286,-61.2117,43.7286,-61.2117,6,,401677733,-128
260378,260378,UT,DS,2,0,0,193,193,01:20:26 24-Apr-2024,NN,B,43.7272,-61.2170,,,6,,401677734,-126
260378,260378,UT,DS,3,0,0,194,193,01:35:27 24-Apr-2024,NP,A,43.7238,-61.2149,,,6,,401677736,-127
260378,260378,UT,DS,1,0,0,,,02:09:37 24-Apr-2024,O3,B,43.7259,-61.2143,43.7259,-61.2143,,,401677740,-132
260378,260378,UT,DS,1,0,0,,,02:09:37 24-Apr-2024,MC,B,43.7275,-61.2136,43.7275,-61.2136,8,,401677737,-119
260378,260378,UT,DS,4,0,0,155,125,12:13:54 24-Apr-2024,NP,2,43.7187,-61.1962,43.7187,-61.1962,58,,401677734,-129
260378,260378,UT,DS,5,0,0,112,45,12:42:06 24-Apr-2024,MC,3,43.7268,-61.1767,43.7268,-61.1767,56,,401677739,-127
260378,260378,UT,DS,5,0,0,140,45,12:52:23 24-Apr-2024,NK,3,43.7281,-61.1754,43.7281,-61.1754,56,,401677735,-121
260378,260378,UT,DS,3,0,0,204,155,13:31:26 24-Apr-2024,MB,A,43.7310,-61.1778,43.7310,-61.1778,8,,401677741,-121
260378,260378,UT,DS,3,0,1,178,91,13:36:44 24-Apr-2024,NN,A,43.7285,-61.1718,43.7285,-61.1718,6,,401677743,-135
260378,260378,UT,DS,3,0,0,321,228,13:53:34 24-Apr-2024,NP,A,43.7177,-61.1646,43.7177,-61.1646,6,,401677736,-124
260378,260378,UT,DS,6,0,0,115,45,14:21:10 24-Apr-2024,MC,3,43.7205,-61.1607,43.7205,-61.1607,56,,401677737,-112
260378,260378,UT,DS,1,0,0,,,15:16:56 24-Apr-2024,NN,B,43.7254,-61.1567,43.7254,-61.1567,8,,401677743,-129
260378,260378,UT,DS,2,0,0,62,62,15:49:32 24-Apr-2024,O3,B,43.7058,-61.1532,43.7058,-61.1532,8,,401677751,-133
260378,260378,UT,DS,3,0,0,195,191,21:51:39 24-Apr-2024,CS,A,43.7394,-61.0553,43.7394,-61.0553,8,,401677735,-129
260378,260378,UT,DS,2,0,0,192,192,22:04:25 24-Apr-2024,NP,B,43.7430,-61.0430,43.7430,-61.0430,6,,401677734,-138
260378,260378,UT,DS,6,0,1,135,45,22:36:44 24-Apr-2024,NK,1,43.7499,-61.0425,43.7499,-61.0425,58,,401677733,-122
260378,260378,UT,DS,7,0,0,105,45,22:51:07 24-Apr-2024,SR,2,43.7486,-61.0267,43.7486,-61.0267,56,,401677734,-122
260378,260378,UT,DS,6,0,0,94,45,22:44:29 24-Apr-2024,A1,1,43.7495,-61.0293,43.7495,-61.0293,48,,401677735,-117
260378,260378,UT,DS,2,0,0,171,171,23:20:04 24-Apr-2024,MB,B,43.7539,-61.0301,43.7539,-61.0301,6,,401677733,-134
260378,260378,UT,DS,6,1,0,,,23:43:23 24-Apr-2024,NP,3,43.7649,-61.0073,43.7649,-61.0073,56,,401677732,-124
260378,260378,UT,DS,5,0,0,159,149,00:09:13 25-Apr-2024,MC,2,43.7683,-60.9887,43.7683,-60.9887,56,,401677734,-116
260378,260378,UT,DS,1,0,0,,,00:16:59 25-Apr-2024,A1,B,43.7688,-60.9871,43.7688,-60.9871,6,,401677730,-135
260378,260378,UT,DS,1,0,0,,,00:19:26 25-Apr-2024,NK,B,43.7689,-60.9871,43.7689,-60.9871,6,,401677734,-130
260378,260378,UT,DS,4,0,0,124,104,00:25:26 25-Apr-2024,SR,1,43.7744,-60.9876,43.7744,-60.9876,56,,401677731,-127
260378,260378,UT,DS,6,0,1,103,78,00:54:57 25-Apr-2024,MB,1,43.7979,-60.9037,43.7979,-60.9037,56,,401677731,-121
260378,260378,UT,DS,3,0,0,246,107,01:02:43 25-Apr-2024,NN,A,43.7974,-60.9355,43.7974,-60.9355,6,,401677731,-125
260378,260378,UT,DS,4,0,1,156,133,01:24:35 25-Apr-2024,NP,2,43.8033,-60.9017,43.8033,-60.9017,56,,401677733,-123
260378,260378,UT,DS,2,0,0,153,153,01:25:41 25-Apr-2024,O3,B,43.8037,-60.9012,43.8037,-60.9012,6,,401677730,-130
260378,260378,UT,DS,5,0,0,182,127,01:45:37 25-Apr-2024,MC,2,43.8092,-60.8916,43.8092,-60.8916,56,,401677731,-130
260378,260378,UT,DS,1,0,0,,,02:41:47 25-Apr-2024,NN,B,43.8122,-60.8807,43.8122,-60.8807,8,,401677726,-140
260378,260378,UT,DS,1,0,0,,,12:06:59 25-Apr-2024,NP,B,43.8609,-60.7723,43.8609,-60.7723,8,,401677718,-133
260378,260378,UT,DS,3,0,1,112,56,12:25:25 25-Apr-2024,MC,A,43.8952,-60.8774,43.8952,-60.8774,6,,401677713,-122
260378,260378,UT,DS,4,0,0,121,56,12:28:35 25-Apr-2024,NK,2,43.9218,-60.8198,43.9218,-60.8198,56,,401677739,-124
260378,260378,UT,DS,1,0,1,,,13:17:09 25-Apr-2024,MB,B,43.8976,-60.8693,43.8976,-60.8693,8,,401677735,-136
260378,260378,UT,DS,2,0,0,197,197,13:23:09 25-Apr-2024,NN,B,43.8959,-60.8752,43.8959,-60.8752,6,,401677732,-137
260378,260378,UT,DS,4,0,0,180,180,13:43:55 25-Apr-2024,NP,0,43.9192,-60.9225,43.9192,-60.9225,56,,401677733,-127
260378,260378,UT,DS,4,0,0,185,178,14:02:06 25-Apr-2024,MC,0,43.9163,-60.9489,43.9163,-60.9489,56,,401677739,-113
260378,260378,UT,DS,1,0,0,,,14:08:10 25-Apr-2024,NK,B,43.9163,-60.9493,43.9163,-60.9493,6,,401677740,-140
260378,260378,UT,DS,3,0,0,206,206,15:04:08 25-Apr-2024,NN,A,43.8812,-60.9913,43.8812,-60.9913,8,,401677738,-120
260378,260378,UT,DS,2,0,0,206,206,15:04:08 25-Apr-2024,O3,B,43.8752,-60.9608,43.8752,-60.9608,,,401677756,-131
260378,260378,UT,DS,2,0,0,395,395,15:23:51 25-Apr-2024,NP,B,43.9131,-60.9257,43.9131,-60.9257,6,,401677754,-136
260378,260378,UT,DS,2,0,1,199,199,15:44:23 25-Apr-2024,MC,B,43.9090,-60.9292,43.9090,-60.9292,6,,401677769,-130
260378,260378,UT,DS,5,0,0,152,45,16:44:13 25-Apr-2024,O3,1,43.8282,-60.9481,43.8282,-60.9481,58,,401677739,-124
260378,260378,UT,DS,3,0,0,195,45,16:45:50 25-Apr-2024,NN,A,43.8299,-60.9977,43.8299,-60.9977,6,,401677750,-125
260378,260378,UT,DS,6,0,0,115,45,22:14:49 25-Apr-2024,NK,3,43.7464,-61.1725,43.7464,-61.1725,56,,401677735,-122
260378,260378,UT,DS,6,0,0,117,45,22:12:17 25-Apr-2024,SR,1,43.7445,-61.1582,43.7445,-61.1582,48,,401677736,-123
260378,260378,UT,DS,3,0,0,175,173,22:20:55 25-Apr-2024,A1,A,43.7447,-61.1597,43.7447,-61.1597,6,,401677735,-119
260378,260378,UT,DS,5,0,0,153,45,23:28:53 25-Apr-2024,NP,1,43.7383,-61.1637,43.7383,-61.1637,48,,401677736,-125
260378,260378,UT,DS,4,0,0,179,147,23:43:09 25-Apr-2024,MC,3,43.7416,-61.1690,43.7416,-61.1690,56,,401677736,-116
260378,260378,UT,DS,1,0,0,,,23:52:07 25-Apr-2024,SR,B,43.7405,-61.1693,43.7405,-61.1693,,,401677734,-135
260378,260378,UT,DS,1,0,0,,,23:52:07 25-Apr-2024,A1,B,43.7395,-61.1687,43.7395,-61.1687,6,,401677734,-138
260378,260378,UT,DS,1,0,0,,,00:40:30 26-Apr-2024,MB,B,43.7314,-61.1641,43.7314,-61.1641,7,,401677748,-133
260378,260378,UT,DS,5,0,0,104,45,00:48:21 26-Apr-2024,NN,3,43.7485,-61.1759,43.7485,-61.1759,56,,401677747,-125
260378,260378,UT,DS,5,1,0,,,01:09:40 26-Apr-2024,NP,3,43.7456,-61.1633,43.7456,-61.1633,56,,401677744,-126
260378,260378,UT,DS,3,0,0,274,209,13:34:35 26-Apr-2024,NP,A,43.7240,-61.2332,43.7240,-61.2332,,,401677734,-136
260378,260378,UT,DS,3,0,0,91,45,13:40:09 26-Apr-2024,MC,A,43.7230,-61.2330,43.7230,-61.2330,6,,401677733,-121
260378,260378,UT,DS,1,0,0,,,13:40:54 26-Apr-2024,NK,B,43.7228,-61.2330,43.7228,-61.2330,6,,401677731,-128
260378,260378,UT,DS,2,0,1,210,210,14:34:53 26-Apr-2024,MB,B,43.7269,-61.2195,43.7269,-61.2195,8,,401677737,-126
260378,260378,UT,DS,3,0,0,262,134,14:51:57 26-Apr-2024,NN,A,43.7275,-61.2248,43.7275,-61.2248,6,,401677736,-124
260378,260378,UT,DS,3,0,0,298,186,23:23:27 26-Apr-2024,NK,A,43.7236,-61.1894,43.7236,-61.1894,8,,401677727,-130
260378,260378,UT,DS,1,0,0,,,23:29:03 26-Apr-2024,A1,B,43.6887,-61.1564,,,8,,401677734,-131
260378,260378,UT,DS,1,0,0,,,23:29:03 26-Apr-2024,MC,B,43.6964,-61.1796,43.6964,-61.1796,8,,401677743,-126
260378,260378,UT,DS,2,0,0,181,181,01:01:06 27-Apr-2024,NP,B,43.7241,-61.1882,43.7241,-61.1882,8,,401677741,-121
260378,260378,UT,DS,1,0,0,,,01:04:07 27-Apr-2024,MC,B,43.7250,-61.1874,43.7250,-61.1874,6,,401677741,-126
260378,260378,UT,DS,1,0,0,,,01:53:44 27-Apr-2024,MB,B,43.7272,-61.1828,43.7272,-61.1828,8,,401677746,-132
260378,260378,UT,DS,1,0,0,,,02:44:55 27-Apr-2024,MC,B,43.7266,-61.1830,43.7266,-61.1830,,,401677736,-132
260378,260378,UT,DS,1,0,0,,,02:44:55 27-Apr-2024,NP,B,43.7247,-61.1851,43.7247,-61.1851,8,,401677742,-136
260378,260378,UT,DS,4,0,0,110,45,13:14:26 27-Apr-2024,NK,2,43.7030,-61.1994,43.7030,-61.1994,58,,401677730,-126
260378,260378,UT,DS,8,1,1,,,13:17:06 27-Apr-2024,NP,2,43.7076,-61.2060,43.7076,-61.2060,56,,401677733,-125
260378,260378,UT,DS,5,0,1,133,45,13:20:04 27-Apr-2024,MC,2,43.7034,-61.2052,43.7034,-61.2052,56,,401677732,-114
260378,260378,UT,DS,1,0,0,,,14:10:49 27-Apr-2024,MB,B,43.7045,-61.2027,43.7045,-61.2027,8,,401677727,-129
260378,260378,UT,DS,6,2,0,,,14:38:02 27-Apr-2024,NN,1,43.7043,-61.1949,43.7043,-61.1949,46,,401677736,-121
260378,260378,UT,DS,2,0,0,175,175,14:59:41 27-Apr-2024,NP,B,43.6921,-61.1894,43.6921,-61.1894,6,,401677732,-130
260378,260378,UT,DS,2,0,0,407,407,15:02:35 27-Apr-2024,MC,B,43.6932,-61.1837,43.6932,-61.1837,6,,401677735,-125
260378,260378,UT,DS,4,0,1,168,154,15:09:22 27-Apr-2024,O3,1,43.7021,-61.1905,43.7021,-61.1905,46,,401677737,-135
260378,260378,UT,DS,1,0,0,,,22:52:45 27-Apr-2024,NK,B,43.7151,-61.1818,43.7151,-61.1818,,,401677741,-133
260378,260378,UT,DS,1,0,0,,,22:52:45 27-Apr-2024,SR,B,43.7111,-61.1898,43.7111,-61.1898,8,,401677733,-121
260378,260378,UT,DS,3,0,1,94,47,00:31:12 28-Apr-2024,SR,A,43.7361,-61.2928,43.7361,-61.2928,8,,401677733,-133
260378,260378,UT,DS,3,0,0,94,47,00:31:12 28-Apr-2024,NN,A,43.7440,-61.2913,43.7440,-61.2913,,,401677740,-131
260378,260378,UT,DS,2,0,0,101,101,00:39:47 28-Apr-2024,NK,B,43.7455,-61.2909,43.7455,-61.2909,6,,401677738,-129
260378,260378,UT,DS,4,0,0,193,51,00:48:10 28-Apr-2024,NP,2,43.7439,-61.2979,43.7439,-61.2979,56,,401677737,-124
260378,260378,UT,DS,5,0,0,134,51,00:45:23 28-Apr-2024,MC,1,43.7456,-61.3012,43.7456,-61.3012,56,,401677739,-110
260378,260378,UT,DS,1,0,0,,,02:08:48 28-Apr-2024,NN,B,43.7452,-61.3241,43.7452,-61.3241,8,,401677732,-133
260378,260378,UT,DS,1,0,1,,,12:50:58 28-Apr-2024,NK,B,43.7403,-61.3161,43.7403,-61.3161,8,,401677736,-125
260378,260378,UT,DS,6,1,0,,,12:58:23 28-Apr-2024,MC,2,43.7462,-61.2965,43.7462,-61.2965,58,,401677734,-115
260378,260378,UT,DS,6,0,0,94,45,13:03:39 28-Apr-2024,NP,2,43.7399,-61.2829,43.7399,-61.2829,56,,401677731,-121
260378,260378,UT,DS,3,0,0,193,168,13:48:05 28-Apr-2024,MB,A,43.7401,-61.3014,43.7401,-61.3014,8,,401677732,-126
260378,260378,UT,DS,6,0,0,114,45,14:25:18 28-Apr-2024,NN,1,43.7389,-61.2781,43.7389,-61.2781,48,,401677736,-125
260378,260378,UT,DS,1,0,0,,,14:29:02 28-Apr-2024,O3,B,43.7388,-61.2781,43.7388,-61.2781,6,,401677738,-137
260378,260378,UT,DS,3,0,0,105,45,14:40:04 28-Apr-2024,MC,A,43.7407,-61.2652,43.7407,-61.2652,6,,401677735,-117
260378,260378,UT,DS,1,0,0,,,14:43:36 28-Apr-2024,NP,B,43.7404,-61.2653,43.7404,-61.2653,6,,401677737,-140
260378,260378,UT,DS,8,1,0,,,22:21:08 28-Apr-2024,SR,1,43.7179,-61.3243,43.7179,-61.3243,58,,401677732,-118
260378,260378,UT,DS,5,0,0,105,45,22:25:32 28-Apr-2024,CS,1,43.7164,-61.3028,43.7164,-61.3028,56,,401677732,-133
260378,260378,UT,DS,5,0,0,164,127,22:31:58 28-Apr-2024,NK,3,43.7139,-61.3143,43.7139,-61.3143,56,,401677732,-120
260378,260378,UT,DS,1,0,0,,,22:45:48 28-Apr-2024,A1,B,43.7141,-61.3147,,,6,,401677728,-130
260378,260378,UT,DS,1,0,0,,,22:45:48 28-Apr-2024,MC,B,43.7139,-61.3147,,,6,,401677732,-128
260378,260378,UT,DS,4,0,0,156,116,22:54:00 28-Apr-2024,NP,1,43.7199,-61.3053,43.7199,-61.3053,56,,401677731,-128
260378,260378,UT,DS,3,0,0,174,169,23:31:58 28-Apr-2024,MB,A,43.7244,-61.2948,,,8,,401677731,-131
260378,260378,UT,DS,4,0,0,167,162,00:00:24 29-Apr-2024,SR,1,43.7182,-61.2884,43.7182,-61.2884,56,,401677732,-128
260378,260378,UT,DS,6,0,1,132,45,00:11:55 29-Apr-2024,NK,2,43.7260,-61.2896,43.7260,-61.2896,56,,401677730,-125
260378,260378,UT,DS,3,0,0,173,165,00:16:28 29-Apr-2024,NN,A,43.7285,-61.2906,43.7285,-61.2906,6,,401677729,-131
260378,260378,UT,DS,1,0,0,,,00:17:59 29-Apr-2024,A1,B,43.7189,-61.2917,43.7189,-61.2917,6,,401677731,-139
260378,260378,UT,DS,6,1,0,,,00:20:43 29-Apr-2024,MC,2,43.7192,-61.2912,43.7192,-61.2912,56,,401677732,-112
260378,260378,UT,DS,5,0,0,163,153,00:33:29 29-Apr-2024,NP,1,43.7218,-61.2777,43.7218,-61.2777,56,,401677733,-122
260378,260378,UT,DS,3,0,1,272,270,01:58:15 29-Apr-2024,NN,A,43.7415,-61.2659,43.7415,-61.2659,8,,401677748,-120
260378,260378,UT,DS,1,0,0,,,02:02:50 29-Apr-2024,MC,B,43.7417,-61.2652,43.7417,-61.2652,6,,401677748,-130
260378,260378,UT,DS,1,0,0,,,12:09:16 29-Apr-2024,CS,B,43.7847,-61.2275,43.7847,-61.2275,8,,401677753,-138
260378,260378,UT,DS,6,1,0,,,12:37:42 29-Apr-2024,MC,1,43.7203,-61.2455,43.7203,-61.2455,56,,401677740,-125
260378,260378,UT,DS,6,0,0,153,75,12:51:07 29-Apr-2024,NP,2,43.7179,-61.2406,43.7179,-61.2406,56,,401677738,-134
260378,260378,UT,DS,2,0,0,171,171,13:29:48 29-Apr-2024,MB,B,43.7167,-61.2342,43.7167,-61.2342,8,,401677733,-131
260378,260378,UT,DS,7,0,3,80,45,14:19:12 29-Apr-2024,MC,2,43.7055,-61.2203,43.7055,-61.2203,58,,401677739,-115
260378,260378,UT,DS,2,0,0,149,149,14:20:49 29-Apr-2024,NN,B,43.7078,-61.2189,43.7078,-61.2189,6,,401677740,-129
260378,260378,UT,DS,2,0,0,402,402,14:36:32 29-Apr-2024,NP,B,43.7059,-61.2240,43.7059,-61.2240,6,,401677744,-124
260378,260378,UT,DS,4,0,0,168,45,21:47:21 29-Apr-2024,SR,2,43.6826,-61.2548,43.6826,-61.2548,56,,401677733,-122
260378,260378,UT,DS,3,0,0,89,45,21:45:34 29-Apr-2024,CS,A,43.6838,-61.2543,43.6838,-61.2543,8,,401677732,-125
260378,260378,UT,DS,5,0,0,137,45,22:02:39 29-Apr-2024,NK,2,43.6829,-61.2596,43.6829,-61.2596,56,,401677733,-130
260378,260378,UT,DS,4,0,0,167,166,22:20:13 29-Apr-2024,A1,3,43.6853,-61.2523,43.6853,-61.2523,56,,401677733,-123
260378,260378,UT,DS,2,0,0,417,417,22:42:13 29-Apr-2024,NP,B,43.6859,-61.2480,43.6859,-61.2480,6,,401677732,-131
260378,260378,UT,DS,1,0,0,,,23:16:44 29-Apr-2024,MB,B,43.6850,-61.2453,43.6850,-61.2453,8,,401677732,-135
260378,260378,UT,DS,4,0,0,187,45,23:28:16 29-Apr-2024,SR,3,43.6882,-61.2286,43.6882,-61.2286,56,,401677734,-124
260378,260378,UT,DS,4,0,0,179,170,23:45:41 29-Apr-2024,NK,2,43.6878,-61.2365,43.6878,-61.2365,56,,401677732,-128
260378,260378,UT,DS,1,0,0,,,23:53:15 29-Apr-2024,A1,B,43.6879,-61.2288,43.6879,-61.2288,6,,401677737,-129
260378,260378,UT,DS,6,0,0,125,45,00:06:48 30-Apr-2024,MC,2,43.6892,-61.2340,43.6892,-61.2340,56,,401677733,-116
260378,260378,UT,DS,2,0,1,144,144,00:05:35 30-Apr-2024,NN,B,43.6858,-61.2297,43.6858,-61.2297,6,,401677735,-131
260378,260378,UT,DS,4,0,0,183,175,00:19:36 30-Apr-2024,NP,3,43.6887,-61.2294,43.6887,-61.2294,66,,401677733,-132
260378,260378,UT,DS,3,0,0,184,155,12:01:32 30-Apr-2024,NK,A,43.7068,-61.3009,43.7068,-61.3009,8,,401677733,-119
260378,260378,UT,DS,3,0,0,97,45,12:18:51 30-Apr-2024,MC,A,43.7276,-61.2712,43.7276,-61.2712,8,,401677745,-130
260378,260378,UT,DS,3,1,0,,,12:41:37 30-Apr-2024,NP,A,43.7156,-61.2859,43.7156,-61.2859,6,,401677739,-135
260378,260378,UT,DS,1,0,0,,,13:06:21 30-Apr-2024,MB,B,43.7142,-61.2840,43.7142,-61.2840,6,,401677751,-134
260378,260378,UT,DS,3,0,1,126,93,13:36:01 30-Apr-2024,NK,A,43.6960,-61.2904,43.6960,-61.2904,6,,401677742,-129
260378,260378,UT,DS,6,0,1,150,46,13:55:51 30-Apr-2024,MC,0,43.6917,-61.2662,43.6917,-61.2662,56,,401677747,-114
260378,260378,UT,DS,3,0,1,234,175,14:00:13 30-Apr-2024,NN,A,43.6941,-61.2533,43.6941,-61.2533,6,,401677746,-132
260378,260378,UT,DS,5,0,1,136,77,21:36:58 30-Apr-2024,NK,2,43.7074,-61.3229,43.7074,-61.3229,58,,401677736,-131
260378,260378,UT,DS,3,0,1,182,180,21:55:28 30-Apr-2024,A1,A,43.7174,-61.3257,43.7174,-61.3257,6,,401677739,-128
260378,260378,UT,DS,3,0,0,182,179,22:30:07 30-Apr-2024,NP,A,43.7205,-61.3196,43.7205,-61.3196,8,,401677734,-132
260378,260378,UT,DS,1,0,1,,,22:42:47 30-Apr-2024,CS,B,43.7204,-61.3195,43.7204,-61.3195,6,,401677732,-138
260378,260378,UT,DS,1,0,0,,,22:52:59 30-Apr-2024,MB,B,43.7205,-61.3179,43.7205,-61.3179,6,,401677733,-133
260378,260378,UT,DS,7,2,0,,,23:01:49 30-Apr-2024,SR,2,43.7143,-61.3160,43.7143,-61.3160,56,,401677736,-119
260378,260378,UT,DS,3,0,0,121,54,23:24:26 30-Apr-2024,NK,A,43.7129,-61.3170,43.7129,-61.3170,6,,401677735,-123
260378,260378,UT,DS,4,0,0,142,45,23:26:50 30-Apr-2024,A1,2,43.7164,-61.3135,43.7164,-61.3135,56,,401677735,-129
260378,260378,UT,DS,4,0,0,191,188,23:42:30 30-Apr-2024,MC,2,43.7204,-61.3120,43.7204,-61.3120,56,,401677735,-119
260378,260378,UT,DS,1,0,0,,,23:52:04 30-Apr-2024,NN,B,43.7205,-61.3118,43.7205,-61.3118,6,,401677735,-133
260378,260378,UT,DS,4,1,0,,,00:06:37 01-May-2024,NP,3,43.7198,-61.3207,43.7198,-61.3207,66,,401677733,-126
260378,260378,UT,DS,1,0,1,,,00:32:01 01-May-2024,MB,B,43.7214,-61.3212,43.7214,-61.3212,6,,401677741,-133
260378,260378,UT,DS,1,0,0,,,11:36:06 01-May-2024,NK,B,43.7343,-61.2574,43.7343,-61.2574,8,,401677734,-124
260378,260378,UT,DS,2,0,1,191,191,11:59:41 01-May-2024,MC,B,43.7384,-61.2873,43.7384,-61.2873,8,,401677734,-133
260378,260378,UT,DS,1,0,0,,,12:32:00 01-May-2024,NP,B,43.7374,-61.2860,43.7374,-61.2860,8,,401677733,-126
260378,260378,UT,DS,4,0,0,76,45,12:45:02 01-May-2024,MB,1,43.7499,-61.2898,43.7499,-61.2898,56,,401677742,-131
260378,260378,UT,DS,3,0,0,258,131,13:07:17 01-May-2024,NK,A,43.7404,-61.2832,43.7404,-61.2832,6,,401677735,-135
260378,260378,UT,DS,6,1,0,,,13:36:18 01-May-2024,MC,2,43.7473,-61.2830,43.7473,-61.2830,56,,401677736,-131
260378,260378,UT,DS,6,1,0,,,13:46:48 01-May-2024,NN,2,43.7467,-61.2907,43.7467,-61.2907,56,,401677737,-127
260378,260378,UT,DS,2,0,1,151,151,14:11:24 01-May-2024,NP,B,43.7432,-61.2903,43.7432,-61.2903,6,,401677735,-132
260378,260378,UT,DS,1,0,0,,,14:33:26 01-May-2024,MB,B,43.7431,-61.2892,43.7431,-61.2892,6,,401677738,-127
260378,260378,UT,DS,1,0,0,,,15:17:23 01-May-2024,MC,B,43.7440,-61.2846,43.7440,-61.2846,8,,401677735,-127
260378,260378,UT,DS,2,0,0,198,198,15:30:35 01-May-2024,O3,B,43.7439,-61.2767,43.7439,-61.2767,6,,401677738,-136
260378,260378,UT,DS,7,1,0,,,15:30:28 01-May-2024,NN,2,43.7425,-61.2737,43.7425,-61.2737,56,,401677739,-120
260378,260378,UT,DS,1,0,0,,,21:35:12 01-May-2024,A1,B,43.7412,-61.2579,43.7412,-61.2579,8,,401677743,-136
260378,260378,UT,DS,1,0,0,,,22:02:04 01-May-2024,CS,B,43.7371,-61.2652,43.7371,-61.2652,6,,401677737,-132
260378,260378,UT,DS,1,0,0,,,22:25:25 01-May-2024,SR,B,43.7356,-61.2656,43.7356,-61.2656,6,,401677738,-124
260378,260378,UT,DS,4,0,0,82,45,22:55:01 01-May-2024,NK,0,43.7373,-61.2778,,,46,,401677735,-120
260378,260378,UT,DS,1,0,0,,,23:08:52 01-May-2024,A1,B,43.7376,-61.2763,,,6,,401677734,-131
260378,260378,UT,DS,3,0,1,259,190,23:22:10 01-May-2024,MC,A,43.7380,-61.2918,43.7380,-61.2918,8,,401677733,-124
260378,260378,UT,DS,4,0,0,83,46,00:01:07 02-May-2024,NP,1,43.7403,-61.2968,,,58,,401677732,-125
260378,260378,UT,DS,4,0,0,83,46,00:02:45 02-May-2024,SR,1,43.7447,-61.2963,,,46,,401677735,-129
260378,260378,UT,DS,4,0,0,105,45,00:31:44 02-May-2024,NK,1,43.7275,-61.3295,43.7275,-61.3295,56,,401677767,-133
260378,260378,UT,DS,1,0,0,,,00:58:22 02-May-2024,MC,B,43.7280,-61.3296,43.7280,-61.3296,6,,401677743,-133
260378,260378,UT,DS,1,0,1,,,02:54:52 02-May-2024,NN,B,43.7308,-61.3402,43.7308,-61.3402,8,,401677732,-135
260378,260378,UT,DS,3,0,0,168,164,11:45:19 02-May-2024,CS,A,43.7743,-61.3002,43.7743,-61.3002,8,,401677735,-132
260378,260378,UT,DS,1,0,0,,,12:17:51 02-May-2024,NP,B,43.7753,-61.3013,43.7753,-61.3013,8,,401677735,-135
260378,260378,UT,DS,2,0,0,319,319,13:15:57 02-May-2024,MC,B,43.7860,-61.3177,,,6,,401677772,-127
260378,260378,UT,DS,2,0,0,335,335,13:35:45 02-May-2024,NN,B,43.7877,-61.3018,,,6,,401677757,-137
260378,260378,UT,DS,2,0,0,183,183,14:00:13 02-May-2024,NP,B,43.7726,-61.3083,43.7726,-61.3083,6,,401677733,-124
260378,260378,UT,DS,3,0,0,222,158,21:51:49 02-May-2024,SR,A,43.7749,-61.3923,43.7749,-61.3923,8,,401677729,-127
260378,260378,UT,DS,1,0,0,,,22:26:34 02-May-2024,NK,B,43.7815,-61.3898,43.7815,-61.3898,8,,401677731,-137
260378,260378,UT,DS,2,0,0,192,192,22:43:21 02-May-2024,A1,B,43.7859,-61.3549,43.7859,-61.3549,8,,401677733,-127
260378,260378,UT,DS,3,0,0,45,45,23:03:05 02-May-2024,MC,A,43.7852,-61.3717,43.7852,-61.3717,6,,401677731,-124
260378,260378,UT,DS,1,0,0,,,23:30:05 02-May-2024,SR,B,43.7860,-61.3708,43.7860,-61.3708,6,,401677733,-132
260378,260378,UT,DS,2,0,0,215,215,23:48:45 02-May-2024,NP,B,43.7944,-61.3765,43.7944,-61.3765,6,,401677731,-126
260378,260378,UT,DS,1,0,0,,,00:08:03 03-May-2024,NK,B,43.8000,-61.3691,43.8000,-61.3691,6,,401677733,-125
260378,260378,UT,DS,3,0,0,202,201,00:44:14 03-May-2024,MC,A,43.8037,-61.3731,43.8037,-61.3731,8,,401677733,-114
260378,260378,UT,DS,4,0,0,188,180,01:03:59 03-May-2024,NN,3,43.8074,-61.3579,43.8074,-61.3579,56,,401677733,-124
260378,260378,UT,DS,4,0,1,187,179,01:23:42 03-May-2024,NP,1,43.8054,-61.3618,43.8054,-61.3618,46,,401677732,-126
260378,260378,UT,DS,1,0,1,,,01:30:04 03-May-2024,MB,B,43.8051,-61.3519,43.8051,-61.3519,6,,401677733,-130
260378,260378,UT,DS,2,0,0,221,221,01:55:32 03-May-2024,O3,B,43.8080,-61.3512,43.8080,-61.3512,6,,401677735,-130
260378,260378,UT,DS,4,0,0,75,45,12:06:56 03-May-2024,NP,0,43.8473,-61.2982,43.8473,-61.2982,48,,401677743,-129
260378,260378,UT,DS,7,1,0,,,12:22:30 03-May-2024,NK,2,43.8292,-61.3008,43.8292,-61.3008,56,,401677735,-116
260378,260378,UT,DS,3,0,0,160,160,12:56:42 03-May-2024,MC,A,43.8345,-61.3202,43.8345,-61.3202,8,,401677737,-124
260378,260378,UT,DS,2,0,0,169,169,13:24:26 03-May-2024,NN,B,43.8442,-61.3164,43.8442,-61.3164,6,,401677739,-133
260378,260378,UT,DS,3,0,0,115,45,13:42:18 03-May-2024,MB,A,43.8404,-61.3419,43.8404,-61.3419,,,401677735,-132
260378,260378,UT,DS,5,0,0,178,45,13:42:18 03-May-2024,NP,0,43.8411,-61.3452,43.8411,-61.3452,46,,401677736,-136
260378,260378,UT,DS,1,0,0,,,14:00:45 03-May-2024,NK,B,43.8414,-61.3416,43.8414,-61.3416,6,,401677732,-135
260378,260378,UT,DS,4,0,0,235,163,14:35:15 03-May-2024,MC,2,43.8252,-61.3167,43.8252,-61.3167,58,,401677735,-123
260378,260378,UT,DS,6,0,0,129,65,15:03:56 03-May-2024,NN,2,43.8194,-61.3031,43.8194,-61.3031,56,,401677737,-121
260378,260378,UT,DS,4,0,0,110,45,15:27:25 03-May-2024,NP,3,43.8240,-61.3496,43.8240,-61.3496,66,,401677733,-129
260378,260378,UT,DS,1,0,0,,,15:30:51 03-May-2024,MB,B,43.8237,-61.3496,43.8237,-61.3496,6,,401677734,-133
260378,260378,UT,DS,5,0,0,162,159,15:36:15 03-May-2024,O3,3,43.8253,-61.3386,43.8253,-61.3386,56,,401677735,-121
260378,260378,UT,DS,4,0,0,79,45,16:17:24 03-May-2024,MC,1,43.8184,-61.3330,43.8184,-61.3330,58,,401677734,-129
260378,260378,UT,DS,8,2,0,,,16:42:42 03-May-2024,NN,2,43.8096,-61.3110,43.8096,-61.3110,56,,401677735,-133
260378,260378,UT,DS,2,0,1,406,406,22:01:36 03-May-2024,NK,B,43.8061,-61.3384,43.8061,-61.3384,8,,401677733,-130
260378,260378,UT,DS,2,0,0,335,335,22:21:37 03-May-2024,CS,B,43.8228,-61.3161,43.8228,-61.3161,,,401677730,-128
260378,260378,UT,DS,2,0,0,335,335,22:21:37 03-May-2024,A1,B,43.8313,-61.2750,43.8313,-61.2750,8,,401677734,-123
260378,260378,UT,DS,2,0,0,227,227,22:43:55 03-May-2024,MC,B,43.8293,-61.3072,43.8293,-61.3072,6,,401677734,-129
260378,260378,UT,DS,4,0,1,178,174,23:03:08 03-May-2024,SR,3,43.8266,-61.3144,43.8266,-61.3144,56,,401677730,-121
260378,260378,UT,DS,1,0,1,,,23:26:45 03-May-2024,MB,B,43.8258,-61.3117,43.8258,-61.3117,6,,401677734,-133
260378,260378,UT,DS,5,0,0,188,175,23:31:38 03-May-2024,NP,2,43.8215,-61.3031,43.8215,-61.3031,56,,401677734,-122
260378,260378,UT,DS,4,0,0,182,175,23:40:56 03-May-2024,NK,2,43.8192,-61.3005,43.8192,-61.3005,56,,401677734,-126
260378,260378,UT,DS,2,0,0,180,180,23:52:11 03-May-2024,A1,B,43.8209,-61.3003,43.8209,-61.3003,6,,401677732,-137
260378,260378,UT,DS,4,0,0,205,190,00:18:24 04-May-2024,MC,3,43.8255,-61.2998,43.8255,-61.2998,56,,401677733,-112
260378,260378,UT,DS,1,0,0,,,00:38:42 04-May-2024,SR,B,43.8254,-61.2998,43.8254,-61.2998,6,,401677735,-133
260378,260378,UT,DS,3,0,1,211,176,00:52:29 04-May-2024,NN,A,43.8155,-61.2939,43.8155,-61.2939,6,,401677737,-127
260378,260378,UT,DS,3,0,1,194,186,01:09:06 04-May-2024,MB,A,43.8212,-61.2957,43.8212,-61.2957,,,401677735,-130
260378,260378,UT,DS,2,0,0,202,202,01:09:06 04-May-2024,O3,B,43.8158,-61.2934,43.8158,-61.2934,6,,401677736,-135
260378,260378,UT,DS,5,0,0,159,45,01:15:34 04-May-2024,NP,2,43.8258,-61.2931,43.8258,-61.2931,56,,401677733,-125
260378,260378,UT,DS,4,0,0,140,45,02:03:21 04-May-2024,MC,1,43.8168,-61.2961,43.8168,-61.2961,48,,401677735,-118
260378,260378,UT,DS,4,0,0,182,175,02:31:59 04-May-2024,NN,2,43.8154,-61.2889,43.8154,-61.2889,56,,401677734,-126
260378,260378,UT,DS,5,0,0,151,61,02:47:28 04-May-2024,O3,3,43.8137,-61.2831,43.8137,-61.2831,56,,401677734,-120
260378,260378,UT,DS,4,0,0,170,163,12:35:48 04-May-2024,MC,3,43.7869,-61.2788,43.7869,-61.2788,68,,401677730,-123
260378,260378,UT,DS,1,0,0,,,13:16:18 04-May-2024,NN,B,43.7848,-61.2763,43.7848,-61.2763,8,,401677738,-133
260378,260378,UT,DS,4,1,0,,,13:22:38 04-May-2024,MB,A,43.7875,-61.2696,43.7875,-61.2696,6,,401677737,-132
260378,260378,UT,DS,4,0,0,74,45,13:33:02 04-May-2024,NK,1,43.7829,-61.2808,43.7829,-61.2808,56,,401677732,-127
260378,260378,UT,DS,8,1,0,,,13:31:10 04-May-2024,NP,1,43.7859,-61.2813,43.7859,-61.2813,46,,401677736,-122
260378,260378,UT,DS,7,0,1,100,45,14:13:19 04-May-2024,MC,1,43.7716,-61.2406,43.7716,-61.2406,48,,401677735,-111
260378,260378,UT,DS,4,0,0,73,45,14:49:26 04-May-2024,O3,0,43.7614,-61.2659,43.7614,-61.2659,58,,401677729,-131
260378,260378,UT,DS,7,2,0,,,14:52:20 04-May-2024,NN,3,43.7720,-61.2530,43.7720,-61.2530,56,,401677736,-120
260378,260378,UT,DS,3,0,0,113,45,15:07:45 04-May-2024,MB,A,43.7653,-61.2417,43.7653,-61.2417,6,,401677738,-129
260378,260378,UT,DS,6,1,1,,,15:11:09 04-May-2024,NP,2,43.7711,-61.2424,43.7711,-61.2424,56,,401677737,-128
260378,260378,UT,DS,5,0,0,80,45,15:56:26 04-May-2024,MC,1,43.7753,-61.2469,43.7753,-61.2469,58,,401677735,-126
260378,260378,UT,DS,6,0,1,104,45,16:27:11 04-May-2024,O3,1,43.7746,-61.2488,43.7746,-61.2488,58,,401677737,-119
260378,260378,UT,DS,3,0,0,191,189,21:36:40 04-May-2024,NK,A,43.7068,-61.2236,43.7068,-61.2236,8,,401677733,-130
260378,260378,UT,DS,4,0,1,188,184,21:38:14 04-May-2024,CS,3,43.7132,-61.2375,43.7132,-61.2375,68,,401677730,-136
260378,260378,UT,DS,3,0,0,141,45,21:58:14 04-May-2024,A1,A,43.6977,-61.2397,43.6977,-61.2397,6,,401677726,-129
260378,260378,UT,DS,4,0,0,202,196,22:31:04 04-May-2024,SR,1,43.7122,-61.2135,43.7122,-61.2135,58,,401677732,-118
260378,260378,UT,DS,4,0,0,205,201,23:17:39 04-May-2024,NK,3,43.7191,-61.1863,,,58,,401677732,-122
260378,260378,UT,DS,3,0,0,303,204,23:19:25 04-May-2024,NP,A,43.7235,-61.2024,43.7235,-61.2024,8,,401677734,-136
260378,260378,UT,DS,2,0,0,204,204,23:26:09 04-May-2024,A1,B,43.7250,-61.2002,43.7250,-61.2002,6,,401677734,-134
260378,260378,UT,DS,5,0,0,130,45,00:01:47 05-May-2024,MC,2,43.7252,-61.1937,43.7252,-61.1937,58,,401677733,-120
260378,260378,UT,DS,4,0,0,149,45,00:09:04 05-May-2024,SR,1,43.7235,-61.1972,43.7235,-61.1972,56,,401677732,-128
260378,260378,UT,DS,3,0,1,223,209,00:39:24 05-May-2024,NN,A,43.7243,-61.1956,43.7243,-61.1956,8,,401677733,-129
260378,260378,UT,DS,4,0,1,169,45,00:46:50 05-May-2024,MB,1,43.7259,-61.1927,43.7259,-61.1927,56,,401677734,-125
260378,260378,UT,DS,2,0,0,231,231,00:57:14 05-May-2024,NK,B,43.7258,-61.1934,43.7258,-61.1934,6,,401677736,-132
260378,260378,UT,DS,1,0,0,,,01:06:04 05-May-2024,NP,B,43.7277,-61.1909,43.7277,-61.1909,6,,401677735,-119
260378,260378,UT,DS,4,0,0,203,194,01:39:46 05-May-2024,MC,3,43.7285,-61.2022,43.7285,-61.2022,58,,401677735,-121
260378,260378,UT,DS,3,0,0,199,193,02:03:52 05-May-2024,O3,A,43.7288,-61.2084,43.7288,-61.2084,6,,401677733,-130
260378,260378,UT,DS,2,0,0,294,294,02:22:09 05-May-2024,NN,B,43.7279,-61.2073,43.7279,-61.2073,6,,401677734,-120
260378,260378,UT,DS,1,0,0,,,02:44:39 05-May-2024,NP,B,43.7279,-61.2069,43.7279,-61.2069,6,,401677733,-136
260378,260378,UT,DS,2,0,0,45,45,12:18:42 05-May-2024,MC,B,43.7645,-61.2600,43.7645,-61.2600,8,,401677742,-126
260378,260378,UT,DS,1,0,1,,,13:12:52 05-May-2024,NK,B,43.7613,-61.2618,43.7613,-61.2618,7,,401677755,-132
260378,260378,UT,DS,4,0,0,171,91,13:20:23 05-May-2024,NP,3,43.7315,-61.2657,43.7315,-61.2657,56,,401677744,-122
260378,260378,UT,DS,4,0,1,149,121,13:53:31 05-May-2024,MC,1,43.7261,-61.2316,43.7261,-61.2316,48,,401677741,-116
260378,260378,UT,DS,2,0,0,339,339,14:38:44 05-May-2024,NN,B,43.7136,-61.2404,43.7136,-61.2404,8,,401677729,-133
260378,260378,UT,DS,1,0,0,,,14:50:30 05-May-2024,MB,B,43.7241,-61.2243,43.7241,-61.2243,6,,401677730,-131
260378,260378,UT,DS,1,0,1,,,15:46:42 05-May-2024,O3,B,43.7157,-61.2192,43.7157,-61.2192,7,,401677749,-129
260378,260378,UT,DS,1,0,0,,,20:59:48 05-May-2024,CS,B,43.7535,-61.2221,43.7535,-61.2221,8,,401677762,-137
260378,260378,UT,DS,1,0,0,,,22:04:33 05-May-2024,SR,B,43.7564,-61.1721,43.7564,-61.1721,8,,401677743,-140
260378,260378,UT,DS,1,0,0,,,22:39:08 05-May-2024,CS,B,43.7495,-61.2320,43.7495,-61.2320,8,,401677713,-137
260378,260378,UT,DS,2,0,0,194,194,22:50:09 05-May-2024,NK,B,43.7568,-61.2605,43.7568,-61.2605,6,,401677720,-121
260378,260378,UT,DS,3,0,0,206,206,23:01:26 05-May-2024,A1,A,43.7617,-61.2783,43.7617,-61.2783,6,,401677723,-123
260378,260378,UT,DS,2,0,0,245,245,23:08:19 05-May-2024,NP,B,43.7591,-61.2712,43.7591,-61.2712,6,,401677725,-132
260378,260378,UT,DS,3,0,0,104,45,23:39:19 05-May-2024,SR,A,43.7748,-61.2749,43.7748,-61.2749,6,,401677730,-126
260378,260378,UT,DS,2,0,0,164,164,23:38:40 05-May-2024,MC,B,43.7656,-61.2880,43.7656,-61.2880,8,,401677727,-124
260378,260378,UT,DS,4,0,0,145,45,00:48:32 06-May-2024,NP,1,43.7727,-61.2559,43.7727,-61.2559,58,,401677728,-121
260378,260378,UT,DS,2,0,0,269,269,01:23:01 06-May-2024,MC,B,43.7737,-61.2621,43.7737,-61.2621,8,,401677727,-119
260378,260378,UT,DS,1,0,0,,,02:54:49 06-May-2024,O3,B,43.7793,-61.2772,43.7793,-61.2772,8,,401677732,-134
260378,260378,UT,DS,5,0,1,109,45,12:43:45 06-May-2024,NK,2,43.7417,-61.2819,43.7417,-61.2819,56,,401677730,-124
260378,260378,UT,DS,2,0,0,45,45,12:40:40 06-May-2024,MB,B,43.7700,-61.2650,43.7700,-61.2650,8,,401677735,-130
260378,260378,UT,DS,5,0,0,176,169,13:05:30 06-May-2024,NP,3,43.7304,-61.2822,43.7304,-61.2822,56,,401677730,-125
260378,260378,UT,DS,5,0,0,132,45,13:35:34 06-May-2024,MC,2,43.7269,-61.2760,43.7269,-61.2760,58,,401677733,-115
260378,260378,UT,DS,1,0,0,,,14:21:52 06-May-2024,NK,B,43.7169,-61.2510,,,,,401677728,-137
260378,260378,UT,DS,4,0,0,172,45,14:21:52 06-May-2024,MB,2,43.7168,-61.2513,43.7168,-61.2513,58,,401677729,-131
260378,260378,UT,DS,6,0,0,106,45,14:24:26 06-May-2024,NN,3,43.7177,-61.2706,,,56,,401677733,-133
260378,260378,UT,DS,4,0,0,198,191,14:50:10 06-May-2024,NP,3,43.7094,-61.2548,43.7094,-61.2548,66,,401677732,-121
260378,260378,UT,DS,3,0,0,182,173,14:55:15 06-May-2024,O3,A,43.7119,-61.2626,43.7119,-61.2626,6,,401677735,-136
260378,260378,UT,DS,3,0,0,247,164,15:14:59 06-May-2024,MC,A,43.7099,-61.2574,43.7099,-61.2574,6,,401677726,-124
260378,260378,UT,DS,7,1,0,,,16:05:37 06-May-2024,NN,2,43.6883,-61.2469,43.6883,-61.2469,58,,401677731,-137
260378,260378,UT,DS,4,0,0,171,167,16:35:32 06-May-2024,O3,0,43.6889,-61.2641,43.6889,-61.2641,56,,401677731,-119
260378,260378,UT,DS,2,1,0,,,21:29:03 06-May-2024,SR,B,43.6860,-61.3374,43.6860,-61.3374,8,,401677749,-129
260378,260378,UT,DS,3,0,0,298,198,22:26:29 06-May-2024,NK,A,43.7170,-61.2645,,,8,,401677728,-123
260378,260378,UT,DS,2,0,0,264,264,22:41:03 06-May-2024,A1,B,43.7109,-61.2280,43.7109,-61.2280,,,401677730,-118
260378,260378,UT,DS,1,0,0,,,00:07:13 07-May-2024,NK,B,43.7198,-61.2327,43.7198,-61.2327,8,,401677718,-130
260378,260378,UT,DS,3,0,1,119,45,00:14:42 07-May-2024,NN,A,43.7027,-61.3146,43.7027,-61.3146,,,401677734,-131
260378,260378,UT,DS,2,0,1,45,45,00:14:42 07-May-2024,MB,B,43.7413,-61.2658,43.7413,-61.2658,8,,401677733,-132
260378,260378,UT,DS,1,0,0,,,00:15:04 07-May-2024,A1,B,43.7098,-61.2636,43.7098,-61.2636,8,,401677736,-133
260378,260378,UT,DS,4,0,1,205,187,00:35:17 07-May-2024,NP,1,43.7153,-61.3106,43.7153,-61.3106,56,,401677730,-124
260378,260378,UT,DS,1,0,0,,,00:45:33 07-May-2024,SR,B,43.7154,-61.3101,43.7154,-61.3101,6,,401677731,-138
260378,260378,UT,DS,5,0,0,149,45,00:57:13 07-May-2024,MC,0,43.7148,-61.3208,43.7148,-61.3208,46,,401677731,-118
260378,260378,UT,DS,1,0,0,,,01:45:29 07-May-2024,MB,B,43.7237,-61.2873,43.7237,-61.2873,8,,401677733,-135
260378,260378,UT,DS,4,0,0,189,178,01:51:53 07-May-2024,NN,2,43.7131,-61.3114,43.7131,-61.3114,56,,401677733,-124
260378,260378,UT,DS,1,0,0,,,02:07:51 07-May-2024,O3,B,43.7142,-61.3039,43.7142,-61.3039,6,,401677732,-133
260378,260378,UT,DS,2,0,0,462,462,12:18:43 07-May-2024,NK,B,43.6952,-61.2778,43.6952,-61.2778,8,,401677746,-123
260378,260378,UT,DS,3,0,0,169,164,12:55:40 07-May-2024,NP,A,43.6842,-61.3063,43.6842,-61.3063,8,,401677730,-127
260378,260378,UT,DS,4,0,2,75,45,13:20:38 07-May-2024,MC,0,43.6816,-61.2995,43.6816,-61.2995,46,,401677734,-124
260378,260378,UT,DS,2,0,0,381,381,13:56:13 07-May-2024,NK,B,43.6870,-61.3317,43.6870,-61.3317,8,,401677728,-133
260378,260378,UT,DS,6,1,0,,,13:59:23 07-May-2024,MB,0,43.6788,-61.2498,43.6788,-61.2498,58,,401677733,-124
260378,260378,UT,DS,4,0,0,204,169,14:13:50 07-May-2024,NN,2,43.6865,-61.3173,43.6865,-61.3173,56,,401677720,-133
260378,260378,UT,DS,5,1,0,,,14:37:58 07-May-2024,NP,3,43.6833,-61.3027,43.6833,-61.3027,56,,401677735,-120
260378,260378,UT,DS,4,0,0,206,45,14:51:55 07-May-2024,MC,3,43.6836,-61.3004,43.6836,-61.3004,56,,401677737,-117
260378,260378,UT,DS,4,0,0,151,45,15:47:21 07-May-2024,O3,,,,,,,,401650000,
260378,260378,UT,DS,6,1,0,,,15:56:03 07-May-2024,NN,2,43.6776,-61.3176,43.6776,-61.3176,58,,401677737,-129
260378,260378,UT,DS,1,0,0,,,16:19:38 07-May-2024,NP,B,43.6776,-61.3177,43.6776,-61.3177,6,,401677738,-135
260378,260378,UT,DS,4,0,0,203,196,21:15:30 07-May-2024,CS,2,43.6961,-61.3040,43.6961,-61.3040,58,,401677730,-120
260378,260378,UT,DS,3,0,0,106,45,22:01:59 07-May-2024,NK,A,43.7100,-61.2849,43.7100,-61.2849,8,,401677732,-125
260378,260378,UT,DS,3,0,0,193,192,22:17:17 07-May-2024,A1,A,43.7189,-61.2774,43.7189,-61.2774,8,,401677731,-126
260378,260378,UT,DS,4,0,0,207,200,22:33:33 07-May-2024,SR,1,43.7277,-61.2680,43.7277,-61.2680,56,,401677731,-122
260378,260378,UT,DS,3,0,0,218,207,22:44:25 07-May-2024,NP,A,43.7365,-61.2680,43.7365,-61.2680,6,,401677729,-129
260378,260378,UT,DS,4,0,0,141,46,22:59:04 07-May-2024,MC,0,43.7340,-61.2600,43.7340,-61.2600,46,,401677731,-125
260378,260378,UT,DS,4,0,1,190,165,23:38:50 07-May-2024,NK,1,43.7316,-61.2542,43.7316,-61.2542,48,,401677734,-124
260378,260378,UT,DS,2,0,0,324,324,23:43:45 07-May-2024,MB,B,43.7256,-61.2432,43.7256,-61.2432,6,,401677731,-133
260378,260378,UT,DS,1,0,0,,,23:49:08 07-May-2024,A1,B,43.7321,-61.2322,43.7321,-61.2322,6,,401677726,-136
260378,260378,UT,DS,3,0,1,152,53,00:04:55 08-May-2024,NN,A,43.7423,-61.2301,43.7423,-61.2301,6,,401677728,-131
260378,260378,UT,DS,1,0,0,,,00:14:33 08-May-2024,SR,B,43.7419,-61.2284,43.7419,-61.2284,6,,401677732,-132
260378,260378,UT,DS,4,0,0,234,226,00:22:12 08-May-2024,NP,3,43.7306,-61.2260,43.7306,-61.2260,66,,401677730,-119
260378,260378,UT,DS,5,0,2,198,148,00:33:56 08-May-2024,MC,1,43.7319,-61.1937,43.7319,-61.1937,56,,401677732,-136
260378,260378,UT,DS,2,0,0,240,240,01:24:31 08-May-2024,O3,B,43.7377,-61.1613,43.7377,-61.1613,8,,401677728,-132
260378,260378,UT,DS,2,0,1,269,269,01:30:28 08-May-2024,MB,B,43.7325,-61.1710,43.7325,-61.1710,8,,401677729,-131
260378,260378,UT,DS,3,0,1,249,232,01:47:06 08-May-2024,NN,A,43.7319,-61.1513,43.7319,-61.1513,6,,401677731,-121
260378,260378,UT,DS,3,0,0,159,108,02:10:01 08-May-2024,NP,A,43.7357,-61.1355,43.7357,-61.1355,6,,401677730,-131
260378,260378,UT,DS,3,0,0,217,215,02:19:45 08-May-2024,MC,A,43.7275,-61.1410,43.7275,-61.1410,6,,401677732,-122
260378,260378,UT,DS,3,0,0,92,45,12:43:51 08-May-2024,NP,A,43.6780,-61.2556,43.6780,-61.2556,8,,401677726,-130
260378,260378,UT,DS,1,0,0,,,12:58:42 08-May-2024,MC,B,43.6786,-61.2607,43.6786,-61.2607,6,,401677737,-132
260378,260378,UT,DS,1,0,0,,,13:28:31 08-May-2024,NK,B,43.6790,-61.2609,43.6790,-61.2609,6,,401677742,-128
260378,260378,UT,DS,1,0,0,,,13:49:51 08-May-2024,MB,B,43.6791,-61.2548,43.6791,-61.2548,6,,401677740,-131
260378,260378,UT,DS,4,0,0,182,151,14:02:15 08-May-2024,NN,2,43.6874,-61.3184,43.6874,-61.3184,56,,401677726,-131
260378,260378,UT,DS,6,1,0,,,14:24:45 08-May-2024,NP,3,43.6774,-61.3439,43.6774,-61.3439,56,,401677732,-126
260378,260378,UT,DS,6,0,0,150,45,14:31:29 08-May-2024,MC,2,43.6775,-61.3052,43.6775,-61.3052,56,,401677736,-118
260378,260378,UT,DS,2,0,0,379,379,15:45:04 08-May-2024,NN,B,43.6664,-61.3099,43.6664,-61.3099,8,,401677733,-128
260378,260378,UT,DS,2,0,0,370,370,16:04:52 08-May-2024,NP,B,43.6813,-61.3313,43.6813,-61.3313,6,,401677735,-135
260378,260378,UT,DS,3,0,0,87,45,16:14:20 08-May-2024,MC,A,43.6794,-61.3370,43.6794,-61.3370,6,,401677735,-125
260378,260378,UT,DS,4,0,0,111,45,16:40:01 08-May-2024,O3,0,43.6826,-61.3246,43.6826,-61.3246,56,,401677737,-118
260378,260378,UT,DS,1,0,0,,,21:32:12 08-May-2024,NK,B,43.6733,-61.2851,43.6733,-61.2851,8,,401677739,-128
260378,260378,UT,DS,2,0,0,245,245,21:54:28 08-May-2024,A1,B,43.6833,-61.3698,43.6833,-61.3698,6,,401677734,-129
260378,260378,UT,DS,2,0,0,258,258,22:02:14 08-May-2024,SR,B,43.6890,-61.3712,43.6890,-61.3712,6,,401677735,-127
260378,260378,UT,DS,2,0,0,186,186,22:14:30 08-May-2024,CS,B,43.6878,-61.3644,43.6878,-61.3644,6,,401677734,-137
260378,260378,UT,DS,1,0,0,,,22:40:35 08-May-2024,MC,B,43.6869,-61.3609,43.6869,-61.3609,6,,401677734,-129
260378,260378,UT,DS,1,0,0,,,23:09:08 08-May-2024,NK,B,43.6863,-61.3587,43.6863,-61.3587,6,,401677733,-133
260378,260378,UT,DS,1,0,0,,,23:25:08 08-May-2024,A1,B,43.6856,-61.3565,43.6856,-61.3565,8,,401677734,-138
260378,260378,UT,DS,2,0,1,200,200,23:44:52 08-May-2024,SR,B,43.6854,-61.3592,43.6854,-61.3592,6,,401677736,-131
260378,260378,UT,DS,2,0,0,238,238,00:11:41 09-May-2024,NP,B,43.6905,-61.3638,43.6905,-61.3638,6,,401677733,-129
260378,260378,UT,DS,2,0,1,180,180,00:20:09 09-May-2024,MC,B,43.6867,-61.3739,43.6867,-61.3739,6,,401677736,-133
260378,260378,UT,DS,2,0,1,94,94,01:36:04 09-May-2024,NN,B,43.6763,-61.3596,43.6763,-61.3596,7,,401677759,-132
260378,260378,UT,DS,2,0,0,177,177,02:00:07 09-May-2024,MC,B,43.6736,-61.3446,43.6736,-61.3446,,,401677768,-125
260378,260378,UT,DS,1,0,0,,,02:00:07 09-May-2024,NP,B,43.6757,-61.3546,43.6757,-61.3546,6,,401677766,-130
260378,260378,UT,DS,3,0,0,131,86,02:17:28 09-May-2024,O3,A,43.6767,-61.3400,43.6767,-61.3400,6,,401677763,-134
260378,260378,UT,DS,2,0,0,178,178,12:30:22 09-May-2024,NP,B,43.6636,-61.3103,43.6636,-61.3103,8,,401677727,-131
260378,260378,UT,DS,3,0,0,171,168,12:33:19 09-May-2024,MC,A,43.6624,-61.3678,43.6624,-61.3678,6,,401677736,-126
260378,260378,UT,DS,3,0,1,105,45,13:07:04 09-May-2024,NK,A,43.6642,-61.3437,43.6642,-61.3437,8,,401677736,-124
260378,260378,UT,DS,3,0,0,180,45,13:21:28 09-May-2024,MB,A,43.6590,-61.3641,43.6590,-61.3641,8,,401677731,-127
260378,260378,UT,DS,3,0,0,95,45,13:52:14 09-May-2024,NN,A,43.6588,-61.3524,43.6588,-61.3524,8,,401677732,-130
260378,260378,UT,DS,6,0,1,128,45,14:10:32 09-May-2024,MC,1,43.6574,-61.3470,43.6574,-61.3470,56,,401677734,-116
260378,260378,UT,DS,6,0,1,128,45,14:11:57 09-May-2024,NP,3,43.6569,-61.3446,43.6569,-61.3446,56,,401677733,-124
260378,260378,UT,DS,3,0,1,185,179,14:58:09 09-May-2024,MB,A,43.6586,-61.3377,43.6586,-61.3377,8,,401677736,-130
260378,260378,UT,DS,4,0,0,173,172,15:27:53 09-May-2024,NN,1,43.6588,-61.3353,43.6588,-61.3353,56,,401677733,-121
260378,260378,UT,DS,5,0,1,88,45,15:53:20 09-May-2024,NP,1,43.6470,-61.3527,43.6470,-61.3527,56,,401677730,-130
260378,260378,UT,DS,6,0,0,106,45,15:51:32 09-May-2024,MC,1,43.6511,-61.3402,43.6511,-61.3402,56,,401677732,-124
260378,260378,UT,DS,4,0,0,120,45,15:56:50 09-May-2024,O3,1,43.6603,-61.3408,43.6603,-61.3408,46,,401677735,-127
260378,260378,UT,DS,5,0,0,88,45,21:36:54 09-May-2024,SR,2,43.6849,-61.3683,43.6849,-61.3683,56,,401677731,-125
260378,260378,UT,DS,4,0,0,118,47,21:36:34 09-May-2024,CS,1,43.6836,-61.3727,43.6836,-61.3727,56,,401677734,-125
260378,260378,UT,DS,1,0,0,,,21:33:09 09-May-2024,A1,B,43.6431,-61.3001,43.6431,-61.3001,8,,401677727,-132
260378,260378,UT,DS,5,0,0,161,45,22:54:12 09-May-2024,NK,0,43.6837,-61.3758,43.6837,-61.3758,48,,401677731,-121
260378,260378,UT,DS,2,0,0,45,45,23:06:23 09-May-2024,A1,B,43.6838,-61.3586,43.6838,-61.3586,6,,401677732,-133
260378,260378,UT,DS,1,0,1,,,00:31:17 10-May-2024,NK,B,43.6841,-61.3579,43.6841,-61.3579,8,,401677733,-131
260378,260378,UT,DS,1,0,0,,,00:45:32 10-May-2024,MB,B,43.6859,-61.3638,43.6859,-61.3638,6,,401677745,-133
260378,260378,UT,DS,2,0,1,256,256,01:22:11 10-May-2024,NN,B,43.6802,-61.3553,43.6802,-61.3553,8,,401677746,-127
260378,260378,UT,DS,3,0,1,142,91,01:44:14 10-May-2024,NP,A,43.6991,-61.3117,,,,,401677743,-124
260378,260378,UT,DS,3,0,0,82,74,01:44:14 10-May-2024,MC,A,43.7100,-61.3010,,,6,,401677744,-124
260378,260378,UT,DS,1,0,0,,,12:12:15 10-May-2024,MC,B,43.6543,-61.2378,,,8,,401677736,-130
260378,260378,UT,DS,2,0,0,103,103,12:18:41 10-May-2024,NP,B,43.6567,-61.2672,43.6567,-61.2672,6,,401677741,-129
260378,260378,UT,DS,5,0,0,107,45,12:41:52 10-May-2024,NK,2,43.6529,-61.2801,43.6529,-61.2801,56,,401677735,-128
260378,260378,UT,DS,2,0,0,45,45,13:02:05 10-May-2024,MB,B,43.6589,-61.2945,43.6589,-61.2945,8,,401677741,-132
260378,260378,UT,DS,3,0,0,203,194,13:38:27 10-May-2024,NN,A,43.6336,-61.2813,43.6336,-61.2813,8,,401677746,-132
260378,260378,UT,DS,8,0,0,87,45,13:51:34 10-May-2024,MC,2,43.6284,-61.2882,43.6284,-61.2882,56,,401677730,-113
260378,260378,UT,DS,4,0,0,190,152,13:58:10 10-May-2024,NP,1,43.6266,-61.2691,43.6266,-61.2691,46,,401677733,-130
260378,260378,UT,DS,2,0,1,90,90,14:37:37 10-May-2024,MB,B,43.6270,-61.2614,43.6270,-61.2614,7,,401677746,-127
260378,260378,UT,DS,3,0,0,134,45,15:09:59 10-May-2024,O3,A,43.6245,-61.2702,43.6245,-61.2702,8,,401677738,-129
260378,260378,UT,DS,3,0,0,203,185,15:19:41 10-May-2024,NN,A,43.6152,-61.2585,43.6152,-61.2585,6,,401677733,-121
260378,260378,UT,DS,3,0,0,217,188,15:32:10 10-May-2024,MC,A,43.6166,-61.2421,43.6166,-61.2421,6,,401677732,-122
260378,260378,UT,DS,3,0,0,102,45,15:40:47 10-May-2024,NP,A,43.6087,-61.2400,43.6087,-61.2400,6,,401677732,-131
260378,260378,UT,DS,1,0,1,,,22:10:20 10-May-2024,NP,B,43.6132,-61.2440,43.6132,-61.2440,8,,401677736,-137
260378,260378,UT,DS,3,0,0,235,45,22:21:06 10-May-2024,NK,A,43.6345,-61.1504,43.6345,-61.1504,6,,401677736,-129
260378,260378,UT,DS,2,0,0,219,219,22:31:43 10-May-2024,CS,B,43.6131,-61.1215,43.6131,-61.1215,6,,401677755,-138
260378,260378,UT,DS,5,0,0,118,45,22:40:59 10-May-2024,A1,0,43.6674,-61.1110,43.6674,-61.1110,46,,401677735,-122
260378,260378,UT,DS,4,0,0,158,45,22:45:14 10-May-2024,SR,0,43.6607,-61.0691,43.6607,-61.0691,46,,401677739,-120
260378,260378,UT,DS,3,0,0,163,45,23:35:54 10-May-2024,MC,A,43.6924,-61.1169,43.6924,-61.1169,8,,401677728,-120
260378,260378,UT,DS,4,0,0,179,116,23:49:51 10-May-2024,NP,2,43.6839,-61.1056,43.6839,-61.1056,56,,401677733,-125
260378,260378,UT,DS,2,0,1,313,313,23:59:11 10-May-2024,NK,B,43.6892,-61.0957,43.6892,-61.0957,6,,401677727,-133
260378,260378,UT,DS,1,0,1,,,00:12:34 11-May-2024,A1,B,43.6867,-61.0993,43.6867,-61.0993,6,,401677727,-135
260378,260378,UT,DS,1,0,0,,,00:20:34 11-May-2024,SR,B,43.6931,-61.0890,43.6931,-61.0890,6,,401677731,-133
260378,260378,UT,DS,4,0,0,148,141,00:26:47 11-May-2024,MB,3,43.7037,-61.0923,43.7037,-61.0923,56,,401677732,-127
260378,260378,UT,DS,4,0,0,153,102,01:04:32 11-May-2024,NN,3,43.7323,-61.0656,,,58,,401677729,-127
260378,260378,UT,DS,4,0,0,193,149,01:17:26 11-May-2024,MC,2,43.7355,-61.0579,43.7355,-61.0579,56,,401677733,-112
260378,260378,UT,DS,3,0,1,160,140,01:32:51 11-May-2024,NP,A,43.7412,-61.0517,43.7412,-61.0517,6,,401677734,-124
260378,260378,UT,DS,3,0,0,121,105,02:24:56 11-May-2024,O3,A,43.7774,-61.0175,43.7774,-61.0175,8,,401677733,-125
260378,260378,UT,DS,6,1,0,,,02:48:29 11-May-2024,NN,2,43.7741,-61.0111,43.7741,-61.0111,56,,401677737,-123
260378,260378,UT,DS,4,0,1,160,157,12:05:36 11-May-2024,NP,0,43.8409,-60.8199,33.9562,-13.4789,50,,401677560,-133
260378,260378,UT,DS,4,0,0,212,152,12:21:35 11-May-2024,NK,1,43.8528,-60.8119,43.8528,-60.8119,56,,401677737,-121
260378,260378,UT,DS,1,0,0,,,12:39:07 11-May-2024,MB,B,43.8527,-60.8118,43.8527,-60.8118,6,,401677735,-132
260378,260378,UT,DS,3,0,1,163,161,13:23:20 11-May-2024,NN,A,43.8521,-60.8023,43.8521,-60.8023,8,,401677740,-130
260378,260378,UT,DS,5,0,2,161,155,13:28:47 11-May-2024,MC,2,43.8561,-60.7908,43.8561,-60.7908,56,,401677740,-115
260378,260378,UT,DS,5,0,0,125,45,13:47:18 11-May-2024,NP,0,43.8546,-60.7929,43.8546,-60.7929,56,,401677734,-122
260378,260378,UT,DS,2,0,0,180,180,13:51:31 11-May-2024,NK,B,43.8652,-60.8140,43.8652,-60.8140,6,,401677738,-130
260378,260378,UT,DS,3,0,0,202,183,14:19:42 11-May-2024,MB,A,43.8593,-60.7846,43.8593,-60.7846,6,,401677737,-122
260378,260378,UT,DS,6,0,1,114,45,15:03:01 11-May-2024,NN,1,43.8675,-60.7717,43.8675,-60.7717,58,,401677736,-121
260378,260378,UT,DS,8,1,0,,,15:09:37 11-May-2024,MC,2,43.8610,-60.7676,43.8610,-60.7676,56,,401677729,-117
260378,260378,UT,DS,9,1,0,,,15:29:02 11-May-2024,NP,2,43.8624,-60.7464,43.8624,-60.7464,56,,401677736,-129
260378,260378,UT,DS,9,2,1,,,16:05:19 11-May-2024,O3,3,43.8705,-60.7416,43.8705,-60.7416,58,,401677736,-121
260378,260378,UT,DS,7,1,0,,,16:45:39 11-May-2024,NN,2,43.8751,-60.7293,43.8751,-60.7293,58,,401677737,-128
260378,260378,UT,DS,4,0,0,126,46,21:50:34 11-May-2024,CS,1,43.9488,-60.5941,43.9488,-60.5941,58,,401677739,-126
260378,260378,UT,DS,3,0,0,117,55,22:00:02 11-May-2024,NK,A,43.9531,-60.6005,43.9531,-60.6005,6,,401677737,-127
260378,260378,UT,DS,4,0,1,188,180,22:08:57 11-May-2024,SR,3,43.9772,-60.5878,43.9772,-60.5878,56,,401677737,-119
260378,260378,UT,DS,3,0,0,213,202,22:13:44 11-May-2024,A1,,,,,,,,401650000,
260378,260378,UT,DS,2,0,0,174,174,23:18:54 11-May-2024,MC,B,44.0046,-60.5633,44.0046,-60.5633,8,,401677739,-121
260378,260378,UT,DS,4,0,1,173,144,23:38:55 11-May-2024,NK,3,44.0203,-60.5402,44.0203,-60.5402,56,,401677735,-122
260378,260378,UT,DS,3,0,0,165,144,23:38:56 11-May-2024,NP,A,44.0204,-60.5601,44.0204,-60.5601,6,,401677734,-124
260378,260378,UT,DS,4,0,1,163,126,23:47:36 11-May-2024,SR,3,44.0242,-60.5505,44.0242,-60.5505,56,,401677735,-126
260378,260378,UT,DS,2,0,0,126,126,23:49:18 11-May-2024,A1,,,,,,,,401650000,
260378,260378,UT,DS,2,0,0,91,91,00:09:17 12-May-2024,MB,B,44.0168,-60.5375,44.0168,-60.5375,6,,401677735,-128
260378,260378,UT,DS,4,0,0,173,165,00:52:01 12-May-2024,NN,1,44.0697,-60.4697,44.0697,-60.4697,48,,401677746,-128
260378,260378,UT,DS,3,0,0,260,174,00:53:28 12-May-2024,MC,A,44.0692,-60.4691,44.0692,-60.4691,6,,401677736,-116
260378,260378,UT,DS,3,0,0,237,145,01:16:22 12-May-2024,NP,A,44.0755,-60.4338,44.0755,-60.4338,6,,401677740,-130
260378,260378,UT,DS,2,0,0,163,163,01:40:21 12-May-2024,O3,B,44.0769,-60.4366,44.0769,-60.4366,6,,401677744,-129
260378,260378,UT,DS,1,0,0,,,12:16:40 12-May-2024,MB,B,44.4797,-60.0917,44.4797,-60.0917,8,,401677701,-132
260378,260378,UT,DS,2,0,1,372,372,13:10:43 12-May-2024,NN,B,44.2562,-60.7211,44.2562,-60.7211,,,401677700,-137
260378,260378,UT,DS,3,0,1,186,185,13:10:43 12-May-2024,MC,A,44.2562,-60.7200,39.2841,-35.3550,50,,401677713,-127
260378,260378,UT,DS,3,0,0,140,97,13:26:11 12-May-2024,NK,A,44.2536,-60.7190,44.2536,-60.7190,6,,401677734,-128
260378,260378,UT,DS,6,0,0,159,57,13:31:57 12-May-2024,NP,0,44.2643,-60.6859,44.2643,-60.6859,46,,401677739,-123
260378,260378,UT,DS,4,0,0,140,93,13:55:13 12-May-2024,MB,0,44.2769,-60.6844,44.2769,-60.6844,56,,401677732,-127
260378,260378,UT,DS,5,0,0,125,45,14:48:33 12-May-2024,MC,1,44.3055,-60.7472,44.3055,-60.7472,48,,401677728,-118
260378,260378,UT,DS,6,0,1,157,45,14:49:40 12-May-2024,NN,1,44.3201,-60.7387,44.3201,-60.7387,46,,401677736,-119
260378,260378,UT,DS,3,0,1,150,56,15:14:10 12-May-2024,NP,A,44.3312,-60.7594,44.3312,-60.7594,6,,401677727,-125
260378,260378,UT,DS,1,0,0,,,15:19:10 12-May-2024,O3,B,44.3308,-60.7564,44.3308,-60.7564,6,,401677737,-128
260378,260378,UT,DS,1,0,1,,,15:45:37 12-May-2024,MB,B,44.3352,-60.7648,44.3352,-60.7648,6,,401677726,-133
260378,260378,UT,DS,4,0,1,172,77,16:30:54 12-May-2024,NN,2,44.3840,-60.7405,44.3840,-60.7405,58,,401677733,-125
260378,260378,UT,DS,2,0,0,283,283,16:30:54 12-May-2024,MC,B,44.3859,-60.7518,44.3859,-60.7518,,,401677732,-132
260378,260378,UT,DS,1,0,0,,,16:55:59 12-May-2024,O3,B,44.3972,-60.7543,44.3972,-60.7543,6,,401677729,-130
260378,260378,UT,DS,2,0,1,226,226,21:31:56 12-May-2024,NK,B,44.4475,-60.7847,44.4475,-60.7847,8,,401677711,-131
260378,260378,UT,DS,4,0,1,161,82,21:40:08 12-May-2024,SR,3,44.4532,-60.7748,44.4532,-60.7748,56,,401677727,-124
260378,260378,UT,DS,3,0,1,179,129,21:50:24 12-May-2024,A1,,,,,,,,401650000,
260378,260378,UT,DS,2,0,0,142,142,22:57:06 12-May-2024,MC,B,44.4874,-60.7867,44.4874,-60.7867,8,,401677742,-126
260378,260378,UT,DS,4,0,0,198,172,23:10:55 12-May-2024,NK,3,44.5336,-60.7758,44.5336,-60.7758,56,,401677730,-123
260378,260378,UT,DS,3,0,0,197,172,23:16:02 12-May-2024,SR,A,44.5356,-60.7889,44.5356,-60.7889,6,,401677729,-121
260378,260378,UT,DS,3,0,1,286,180,23:23:29 12-May-2024,NP,A,44.5451,-60.7959,44.5451,-60.7959,6,,401677730,-131
260378,260378,UT,DS,3,0,0,196,162,23:23:30 12-May-2024,A1,,,,,,,,401650000,
260378,260378,UT,DS,1,0,1,,,23:44:10 12-May-2024,MB,B,44.5532,-60.7986,44.5532,-60.7986,6,,401677733,-135
260378,260378,UT,DS,3,0,0,198,179,00:38:33 13-May-2024,MC,A,44.5943,-60.7948,44.5943,-60.7948,8,,401677731,-121
260378,260378,UT,DS,3,0,1,229,229,00:42:09 13-May-2024,NN,A,44.6042,-60.7904,44.6042,-60.7904,6,,401677729,-128
260378,260378,UT,DS,2,0,0,257,257,00:54:04 13-May-2024,NK,B,44.6071,-60.7846,44.6071,-60.7846,,,401677729,-132
260378,260378,UT,DS,1,0,0,,,00:54:04 13-May-2024,SR,B,44.6108,-60.7907,44.6108,-60.7907,6,,401677729,-135
260378,260378,UT,DS,4,0,0,170,147,01:05:09 13-May-2024,NP,3,44.6198,-60.7714,44.6198,-60.7714,56,,401677733,-118
260378,260378,UT,DS,1,0,1,,,01:23:42 13-May-2024,MB,B,44.6303,-60.7712,44.6303,-60.7712,6,,401677736,-136
260378,260378,UT,DS,3,0,1,168,144,02:15:48 13-May-2024,MC,A,44.6751,-60.7812,44.6751,-60.7812,8,,401677735,-125
260378,260378,UT,DS,7,1,1,,,02:21:26 13-May-2024,NN,2,44.6851,-60.7872,44.6851,-60.7872,56,,401677732,-120
260378,260378,UT,DS,4,0,0,150,46,02:33:52 13-May-2024,O3,3,44.6871,-60.7920,44.6871,-60.7920,56,,401677732,-123
260378,260378,UT,DS,1,0,0,,,02:47:00 13-May-2024,NP,B,44.6962,-60.7920,44.6962,-60.7920,6,,401677732,-136
260378,260378,UT,DS,7,0,0,99,45,12:47:47 13-May-2024,MC,1,44.7098,-60.7750,44.7098,-60.7750,48,,401677742,-119
260378,260378,UT,DS,6,1,0,,,13:02:53 13-May-2024,NK,3,44.7036,-60.7650,44.7036,-60.7650,56,,401677730,-123
260378,260378,UT,DS,1,0,0,,,13:01:12 13-May-2024,NN,B,44.7159,-60.7697,44.7159,-60.7697,6,,401677735,-135
260378,260378,UT,DS,3,0,0,235,235,13:22:39 13-May-2024,NP,A,44.7116,-60.7698,44.7116,-60.7698,6,,401677731,-116
260378,260378,UT,DS,4,0,1,160,75,13:35:35 13-May-2024,MB,2,44.7107,-60.7744,44.7107,-60.7744,56,,401677729,-126
260378,260378,UT,DS,2,0,0,167,167,14:31:02 13-May-2024,MC,B,44.7068,-60.7741,44.7068,-60.7741,8,,401677726,-114
260378,260378,UT,DS,2,0,0,179,179,14:45:31 13-May-2024,NN,B,44.7124,-60.7672,44.7124,-60.7672,6,,401677730,-121
260378,260378,UT,DS,3,0,0,276,186,15:01:22 13-May-2024,NP,A,44.6931,-60.7528,44.6931,-60.7528,6,,401677730,-137
260378,260378,UT,DS,2,0,0,206,206,16:12:39 13-May-2024,O3,B,44.6892,-60.7740,44.6892,-60.7740,8,,401677734,-130
260378,260378,UT,DS,1,0,0,,,16:14:22 13-May-2024,MC,B,44.6865,-60.7668,44.6865,-60.7668,6,,401677743,-131
260378,260378,UT,DS,1,0,0,,,16:21:30 13-May-2024,NN,B,44.7044,-60.7526,44.7044,-60.7526,6,,401677741,-132
260378,260378,UT,DS,2,0,0,121,121,21:08:13 13-May-2024,NK,B,44.6857,-60.7433,44.6857,-60.7433,8,,401677732,-131
260378,260378,UT,DS,1,0,0,,,21:10:14 13-May-2024,SR,B,44.6906,-60.7409,44.6906,-60.7409,6,,401677736,-128
260378,260378,UT,DS,3,0,1,126,45,21:28:24 13-May-2024,A1,A,44.6778,-60.7171,44.6778,-60.7171,6,,401677727,-137
260378,260378,UT,DS,1,0,0,,,22:05:05 13-May-2024,CS,B,44.6877,-60.7173,44.6877,-60.7173,8,,401677730,-134
260378,260378,UT,DS,2,0,0,176,176,22:36:46 13-May-2024,MC,B,44.6960,-60.7097,44.6960,-60.7097,8,,401677729,-127
260378,260378,UT,DS,4,0,0,203,199,22:44:43 13-May-2024,NK,1,44.6887,-60.7024,44.6887,-60.7024,56,,401677730,-120
260378,260378,UT,DS,1,0,0,,,22:46:19 13-May-2024,SR,B,44.6914,-60.7066,44.6914,-60.7066,6,,401677735,-121
260378,260378,UT,DS,3,0,1,162,146,23:00:39 13-May-2024,A1,A,44.6788,-60.7068,44.6788,-60.7068,6,,401677730,-133
260378,260378,UT,DS,3,0,0,248,45,23:11:05 13-May-2024,NP,A,44.6806,-60.7109,44.6806,-60.7109,6,,401677731,-130
260378,260378,UT,DS,2,0,0,416,416,23:22:01 13-May-2024,MB,B,44.6790,-60.7115,44.6790,-60.7115,6,,401677731,-132
260378,260378,UT,DS,6,0,0,120,49,00:12:07 14-May-2024,MC,3,44.6771,-60.7219,44.6771,-60.7219,58,,401677734,-116
260378,260378,UT,DS,4,0,0,121,45,00:22:07 14-May-2024,NK,1,44.6780,-60.7326,44.6780,-60.7326,46,,401677735,-132
260378,260378,UT,DS,4,0,0,121,45,00:25:07 14-May-2024,SR,1,44.6771,-60.7329,44.6771,-60.7329,56,,401677733,-130
260378,260378,UT,DS,4,0,0,184,169,00:28:11 14-May-2024,NN,3,44.6792,-60.7295,44.6792,-60.7295,56,,401677732,-133
260378,260378,UT,DS,1,0,0,,,00:34:16 14-May-2024,A1,B,44.6800,-60.7304,44.6800,-60.7304,6,,401677735,-141
260378,260378,UT,DS,2,0,1,90,90,00:53:46 14-May-2024,NP,B,44.6913,-60.7302,44.6913,-60.7302,6,,401677740,-121
260378,260378,UT,DS,1,0,1,,,00:59:46 14-May-2024,MB,B,44.6915,-60.7285,44.6915,-60.7285,6,,401677759,-132
260378,260378,UT,DS,2,0,0,267,267,01:55:41 14-May-2024,MC,B,44.6921,-60.7416,44.6921,-60.7416,8,,401677765,-122
260378,260378,UT,DS,3,0,0,267,198,12:27:37 14-May-2024,MC,A,44.6532,-60.6936,44.6532,-60.6936,8,,401677777,-132
260378,260378,UT,DS,3,1,0,,,12:38:49 14-May-2024,NK,A,44.6579,-60.6966,44.6579,-60.6966,6,,401677743,-126
260378,260378,UT,DS,6,1,0,,,13:12:14 14-May-2024,NP,3,44.6490,-60.7057,44.6490,-60.7057,58,,401677734,-119
260378,260378,UT,DS,3,0,0,229,54,13:17:51 14-May-2024,MB,A,44.6479,-60.6981,44.6479,-60.6981,6,,401677735,-128
260378,260378,UT,DS,4,0,0,188,45,14:09:35 14-May-2024,MC,0,44.6366,-60.6457,44.6366,-60.6457,48,,401677732,-114
260378,260378,UT,DS,4,0,0,189,167,14:26:09 14-May-2024,NN,3,44.6376,-60.6733,44.6376,-60.6733,56,,401677734,-125
260378,260378,UT,DS,2,0,0,45,45,14:51:57 14-May-2024,NP,B,44.6298,-60.6720,44.6298,-60.6720,6,,401677729,-122
260378,260378,UT,DS,6,1,0,,,22:13:29 14-May-2024,SR,2,44.6846,-60.6210,44.6846,-60.6210,58,,401677734,-118
260378,260378,UT,DS,5,0,0,125,46,22:19:25 14-May-2024,NK,2,44.6832,-60.6179,44.6832,-60.6179,56,,401677734,-125
260378,260378,UT,DS,1,0,1,,,22:18:53 14-May-2024,MC,B,44.6296,-60.6031,44.6296,-60.6031,8,,401677747,-135
260378,260378,UT,DS,2,0,0,175,175,22:38:25 14-May-2024,A1,B,44.6812,-60.6105,44.6812,-60.6105,6,,401677732,-131
260378,260378,UT,DS,1,0,1,,,00:03:41 15-May-2024,NK,B,44.6787,-60.5653,44.6787,-60.5653,8,,401677745,-130
260378,260378,UT,DS,1,0,0,,,00:10:51 15-May-2024,A1,B,44.6756,-60.6427,44.6756,-60.6427,8,,401677750,-141
260378,260378,UT,DS,1,0,0,,,00:16:16 15-May-2024,NN,B,44.6810,-60.6365,44.6810,-60.6365,6,,401677763,-131
260378,260378,UT,DS,3,0,1,148,97,00:41:23 15-May-2024,NP,A,44.6669,-60.6591,44.6669,-60.6591,6,,401677774,-123
260378,260378,UT,DS,2,0,0,297,297,00:38:04 15-May-2024,MB,B,44.6741,-60.6214,44.6741,-60.6214,6,,401677774,-129
260378,260378,UT,DS,2,0,0,129,129,12:12:11 15-May-2024,NK,B,44.7046,-60.6516,44.7046,-60.6516,8,,401677771,-120
260378,260378,UT,DS,1,0,0,,,12:54:45 15-May-2024,MB,B,44.7019,-60.7175,44.7019,-60.7175,,,401677735,-131
260378,260378,UT,DS,1,0,0,,,12:58:23 15-May-2024,NP,B,44.7083,-60.7225,44.7083,-60.7225,6,,401677740,-129
260378,260378,UT,DS,2,0,1,175,175,13:47:08 15-May-2024,MC,,,,,,,,401650000,
260378,260378,UT,DS,1,0,0,,,14:41:59 15-May-2024,NP,B,44.7001,-60.7332,44.7001,-60.7332,8,,401677741,-140
260378,260378,UT,DS,2,0,1,313,313,15:27:46 15-May-2024,MC,,,,,,,,401650000,
260378,260378,UT,DS,1,0,0,,,15:56:06 15-May-2024,NN,B,44.6911,-60.7309,44.6911,-60.7309,8,,401677734,-130
260378,260378,UT,DS,4,0,0,139,45,16:23:16 15-May-2024,O3,1,44.6749,-60.7492,44.6749,-60.7492,56,,401677732,-129
260378,260378,UT,DS,2,0,0,45,45,21:44:32 15-May-2024,SR,B,44.6848,-60.7533,,,8,,401677729,-126
260378,260378,UT,DS,3,0,1,107,45,21:53:30 15-May-2024,NK,A,44.6752,-60.7645,44.6752,-60.7645,6,,401677738,-124
260378,260378,UT,DS,1,0,0,,,22:17:18 15-May-2024,A1,B,44.6842,-60.7514,44.6842,-60.7514,8,,401677730,-138
260378,260378,UT,DS,1,0,0,,,22:27:32 15-May-2024,CS,B,44.6849,-60.7492,44.6849,-60.7492,6,,401677732,-140
260378,260378,UT,DS,1,0,0,,,22:46:59 15-May-2024,NP,B,44.6852,-60.7499,44.6852,-60.7499,6,,401677734,-140
260378,260378,UT,DS,2,0,0,89,89,23:19:50 15-May-2024,SR,B,44.6904,-60.7475,44.6904,-60.7475,5,,401677770,-128
260378,260378,UT,DS,3,0,0,247,90,00:18:20 16-May-2024,MB,A,44.7341,-60.8330,44.7341,-60.8330,8,,401677749,-128
260378,260378,UT,DS,5,0,2,135,88,00:23:36 16-May-2024,NP,1,44.7183,-60.8210,44.7183,-60.8210,46,,401677764,-129
260378,260378,UT,DS,1,0,0,,,01:12:59 16-May-2024,MC,B,44.7126,-60.8069,44.7126,-60.8069,8,,401677716,-133
260378,260378,UT,DS,2,0,0,396,396,01:49:56 16-May-2024,NN,B,44.7070,-60.8038,44.7070,-60.8038,7,,401677729,-128
260378,260378,UT,DS,4,0,0,129,59,01:54:56 16-May-2024,O3,1,44.7446,-60.6783,44.7446,-60.6783,56,,401677731,-129
260378,260378,UT,DS,1,0,0,,,02:01:57 16-May-2024,MB,B,44.7076,-60.8125,44.7076,-60.8125,6,,401677729,-135
260378,260378,UT,DS,4,0,0,170,154,02:07:44 16-May-2024,NP,2,44.7556,-60.6653,44.7556,-60.6653,56,,401677719,-133
260378,260378,UT,DS,1,0,1,,,02:53:06 16-May-2024,MC,B,44.7598,-60.6790,44.7598,-60.6790,8,,401677726,-133
260378,260378,UT,DS,3,0,0,176,112,11:48:05 16-May-2024,NK,A,45.0314,-60.4710,45.0314,-60.4710,8,,401677729,-122
260378,260378,UT,DS,2,0,0,111,111,11:48:48 16-May-2024,MC,B,44.8868,-60.4765,44.8868,-60.4765,8,,401677675,-133
260378,260378,UT,DS,2,0,0,160,160,12:06:25 16-May-2024,CS,B,45.0348,-60.5138,45.0348,-60.5138,6,,401677727,-136
260378,260378,UT,DS,1,0,0,,,12:44:53 16-May-2024,NP,B,45.0400,-60.5176,45.0400,-60.5176,8,,401677700,-129
260378,260378,UT,DS,2,0,0,535,535,13:27:23 16-May-2024,MC,B,45.0392,-60.5056,45.0392,-60.5056,8,,401677726,-125
260378,260378,UT,DS,3,0,0,252,245,14:01:47 16-May-2024,NN,A,45.0485,-60.5063,45.0485,-60.5063,8,,401677729,-126
260378,260378,UT,DS,3,0,0,243,232,14:14:49 16-May-2024,MB,A,45.0484,-60.4746,45.0484,-60.4746,6,,401677732,-126
260378,260378,UT,DS,5,1,0,,,14:26:59 16-May-2024,NP,3,45.0541,-60.4917,45.0541,-60.4917,56,,401677736,-126
260378,260378,UT,DS,5,0,0,162,45,15:04:51 16-May-2024,MC,2,45.0516,-60.4874,45.0516,-60.4874,58,,401677732,-128
260378,260378,UT,DS,3,0,0,220,200,15:33:59 16-May-2024,O3,A,45.0503,-60.5019,45.0503,-60.5019,6,,401677731,-128
260378,260378,UT,DS,4,0,0,158,45,15:43:42 16-May-2024,NN,2,45.0550,-60.4975,45.0550,-60.4975,56,,401677734,-121
260378,260378,UT,DS,2,0,0,213,213,16:07:50 16-May-2024,NP,B,45.0480,-60.4935,45.0480,-60.4935,6,,401677739,-131
260378,260378,UT,DS,1,0,0,,,21:14:25 16-May-2024,SR,B,45.1390,-60.5549,45.1390,-60.5549,8,,401677784,-134
260378,260378,UT,DS,2,0,0,205,205,21:28:02 16-May-2024,NK,B,45.0187,-60.5563,45.0187,-60.5563,6,,401677732,-128
260378,260378,UT,DS,2,0,0,232,232,21:49:49 16-May-2024,CS,B,45.0755,-60.5470,45.0755,-60.5470,6,,401677713,-127
260378,260378,UT,DS,3,0,0,183,127,21:53:11 16-May-2024,A1,A,45.0818,-60.5039,45.0818,-60.5039,6,,401677709,-129
260378,260378,UT,DS,2,0,0,235,235,22:38:52 16-May-2024,NP,B,45.0856,-60.5199,45.0856,-60.5199,8,,401677718,-133
260378,260378,UT,DS,2,0,0,212,212,22:52:14 16-May-2024,SR,B,45.0881,-60.5128,45.0881,-60.5128,6,,401677714,-119
260378,260378,UT,DS,4,0,0,220,138,23:08:10 16-May-2024,NK,0,45.0953,-60.5010,45.0953,-60.5010,46,,401677720,-121
260378,260378,UT,DS,5,0,1,150,45,23:10:55 16-May-2024,MC,0,45.1209,-60.5342,45.1209,-60.5342,46,,401677714,-125
260378,260378,UT,DS,5,1,1,,,23:23:51 16-May-2024,A1,2,45.1160,-60.5036,45.1160,-60.5036,46,,401677722,-133
260378,260378,UT,DS,2,0,0,220,220,23:53:50 16-May-2024,NN,B,45.1248,-60.4956,45.1248,-60.4956,6,,401677722,-133
260378,260378,UT,DS,5,0,1,142,84,00:02:29 17-May-2024,MB,3,45.1373,-60.5401,45.1373,-60.5401,56,,401677721,-128
260378,260378,UT,DS,5,0,0,199,84,00:11:05 17-May-2024,NP,0,45.1186,-60.5011,45.1186,-60.5011,48,,401677723,-125
260378,260378,UT,DS,1,0,0,,,00:28:42 17-May-2024,SR,B,45.1191,-60.5005,,,6,,401677714,-136
260378,260378,UT,DS,4,0,0,45,45,00:52:58 17-May-2024,MC,0,45.1512,-60.5164,45.1512,-60.5164,56,,401677741,-114
260378,260378,UT,DS,1,0,1,,,02:01:37 17-May-2024,NP,B,45.1568,-60.5076,,,7,,401677762,-135
260378,260378,UT,DS,1,0,0,,,02:36:16 17-May-2024,MC,B,45.1249,-60.4986,45.1249,-60.4986,8,,401677770,-130
260378,260378,UT,DS,3,1,0,,,02:47:49 17-May-2024,O3,A,45.1407,-60.4988,45.1407,-60.4988,6,,401677759,-123
260378,260378,UT,DS,2,0,0,45,45,12:40:37 17-May-2024,NP,B,45.1077,-60.4626,45.1077,-60.4626,8,,401677728,-129
260378,260378,UT,DS,2,0,2,202,202,13:00:49 17-May-2024,NK,B,45.1194,-60.5204,45.1194,-60.5204,6,,401677720,-125
260378,260378,UT,DS,3,0,0,367,333,14:12:36 17-May-2024,NP,A,45.1275,-60.4855,45.1275,-60.4855,8,,401677733,-135
260378,260378,UT,DS,2,0,0,207,207,14:53:27 17-May-2024,MC,B,45.1171,-60.4816,45.1171,-60.4816,8,,401677724,-127
260378,260378,UT,DS,1,0,0,,,15:38:33 17-May-2024,NN,B,45.1081,-60.4826,45.1081,-60.4826,8,,401677725,-127
260378,260378,UT,DS,2,0,0,67,67,22:16:41 17-May-2024,SR,B,45.1029,-60.4761,45.1029,-60.4761,8,,401677749,-124
260378,260378,UT,DS,3,1,0,,,22:41:03 17-May-2024,NK,A,45.0975,-60.5746,45.0975,-60.5746,6,,401677743,-128
260378,260378,UT,DS,4,0,1,95,45,22:52:05 17-May-2024,MC,1,45.0993,-60.5431,45.0993,-60.5431,56,,401677745,-125
260378,260378,UT,DS,1,0,0,,,22:56:50 17-May-2024,A1,B,45.0973,-60.5403,45.0973,-60.5403,6,,401677743,-140
260378,260378,UT,DS,1,0,0,,,23:58:42 17-May-2024,SR,B,45.0996,-60.5674,45.0996,-60.5674,8,,401677711,-133
260378,260378,UT,DS,5,0,1,131,108,00:04:28 18-May-2024,NP,1,45.1174,-60.5485,45.1174,-60.5485,46,,401677733,-127
260378,260378,UT,DS,4,0,0,96,71,00:19:52 18-May-2024,NK,0,45.1011,-60.5231,,,46,,401677731,-140
260378,260378,UT,DS,6,0,1,125,45,00:30:59 18-May-2024,MC,2,45.1323,-60.5333,45.1323,-60.5333,56,,401677728,-118
260378,260378,UT,DS,3,0,1,196,189,12:21:03 18-May-2024,NP,A,45.1319,-60.4696,45.1319,-60.4696,8,,401677733,-129
260378,260378,UT,DS,2,0,1,250,250,12:32:57 18-May-2024,NK,B,45.1281,-60.4736,45.1281,-60.4736,6,,401677730,-128
260378,260378,UT,DS,2,0,0,189,189,12:47:58 18-May-2024,MC,B,45.1252,-60.4575,45.1252,-60.4575,6,,401677737,-126
260378,260378,UT,DS,3,0,0,133,74,13:37:55 18-May-2024,NN,A,45.1377,-60.4924,45.1377,-60.4924,8,,401677737,-133
260378,260378,UT,DS,2,0,0,74,74,13:41:44 18-May-2024,MB,B,45.1453,-60.4902,45.1453,-60.4902,6,,401677737,-131
260378,260378,UT,DS,5,0,0,131,46,14:01:44 18-May-2024,NP,3,45.1066,-60.4708,45.1066,-60.4708,56,,401677730,-124
260378,260378,UT,DS,1,0,0,,,14:10:32 18-May-2024,NK,B,45.1069,-60.4718,45.1069,-60.4718,6,,401677727,-133
260378,260378,UT,DS,2,0,0,181,181,14:25:59 18-May-2024,MC,B,45.1063,-60.4736,45.1063,-60.4736,6,,401677728,-115
260378,260378,UT,DS,5,1,0,,,15:16:18 18-May-2024,NN,1,45.1107,-60.4748,45.1107,-60.4748,58,,401677730,-121
260378,260378,UT,DS,1,0,1,,,15:19:30 18-May-2024,MB,B,45.1117,-60.4824,45.1117,-60.4824,6,,401677733,-133
260378,260378,UT,DS,6,0,1,121,45,15:42:11 18-May-2024,O3,2,45.1074,-60.4663,45.1074,-60.4663,46,,401677731,-121
260378,260378,UT,DS,5,0,1,106,45,15:42:34 18-May-2024,NP,2,45.1073,-60.4646,,,56,,401677732,-129
260378,260378,UT,DS,9,2,1,,,21:48:52 18-May-2024,SR,1,45.1335,-60.4826,45.1335,-60.4826,48,,401677741,-125
260378,260378,UT,DS,3,0,0,97,45,22:02:58 18-May-2024,CS,A,45.1188,-60.4750,,,6,,401677732,-132
260378,260378,UT,DS,2,0,1,232,232,22:12:46 18-May-2024,NP,B,45.1368,-60.4878,45.1368,-60.4878,6,,401677715,-135
260378,260378,UT,DS,6,1,0,,,22:18:01 18-May-2024,NK,2,45.1193,-60.4621,,,56,,401677726,-120
260378,260378,UT,DS,1,0,1,,,22:35:56 18-May-2024,A1,B,45.1301,-60.4830,,,6,,401677731,-135
260378,260378,UT,DS,1,0,0,,,23:28:04 18-May-2024,SR,B,45.1317,-60.5020,45.1317,-60.5020,8,,401677739,-130
260378,260378,UT,DS,1,0,0,,,23:57:45 18-May-2024,NP,B,45.1239,-60.4916,,,6,,401677724,-128
260378,260378,UT,DS,3,0,0,94,57,23:59:32 18-May-2024,NK,A,45.1314,-60.4335,45.1314,-60.4335,6,,401677737,-125
260378,260378,UT,DS,3,0,0,114,57,00:08:46 19-May-2024,A1,A,45.1750,-60.4222,,,6,,401677749,-134
260378,260378,UT,DS,6,0,1,150,61,00:08:08 19-May-2024,MC,1,45.1396,-60.4452,,,46,,401677729,-120
260378,260378,UT,DS,2,0,0,201,201,00:56:23 19-May-2024,MB,B,45.1569,-60.4295,45.1569,-60.4295,8,,401677722,-118
260378,260378,UT,DS,4,0,0,150,104,01:10:12 19-May-2024,NN,1,45.1502,-60.4030,45.1502,-60.4030,46,,401677737,-123
260378,260378,UT,DS,3,0,0,130,79,01:17:27 19-May-2024,O3,A,45.1590,-60.3854,45.1590,-60.3854,6,,401677738,-131
260378,260378,UT,DS,1,0,0,,,01:33:52 19-May-2024,NP,B,45.1604,-60.3851,45.1604,-60.3851,6,,401677747,-131
260378,260378,UT,DS,3,0,1,164,82,01:48:53 19-May-2024,MC,A,45.1648,-60.3933,45.1648,-60.3933,6,,401677750,-127
260378,260378,UT,DS,1,0,0,,,02:55:53 19-May-2024,O3,B,45.1570,-60.4068,45.1570,-60.4068,8,,401677746,-120
260378,260378,UT,DS,3,0,0,190,164,11:44:45 19-May-2024,CS,A,45.0920,-60.3731,45.0920,-60.3731,8,,401677729,-133
260378,260378,UT,DS,4,0,0,265,184,12:15:32 19-May-2024,NK,1,45.1079,-60.3810,45.1079,-60.3810,56,,401677731,-123
260378,260378,UT,DS,2,0,0,419,419,12:08:33 19-May-2024,NP,B,45.0899,-60.3769,45.0899,-60.3769,6,,401677745,-137
260378,260378,UT,DS,3,0,0,119,45,12:27:14 19-May-2024,MC,A,45.1110,-60.3870,45.1110,-60.3870,6,,401677730,-123
260378,260378,UT,DS,3,0,1,322,45,13:10:48 19-May-2024,MB,A,45.1081,-60.4114,45.1081,-60.4114,8,,401677730,-130
260378,260378,UT,DS,2,0,0,45,45,13:24:36 19-May-2024,NN,B,45.1062,-60.4160,45.1062,-60.4160,6,,401677730,-135
260378,260378,UT,DS,2,0,0,197,197,13:46:22 19-May-2024,NK,B,45.1009,-60.4197,45.1009,-60.4197,6,,401677726,-130
260378,260378,UT,DS,6,0,0,134,45,13:48:01 19-May-2024,NP,1,45.1087,-60.4123,45.1087,-60.4123,56,,401677730,-133
260378,260378,UT,DS,5,0,1,164,45,14:05:08 19-May-2024,MC,0,45.1086,-60.4078,45.1086,-60.4078,56,,401677733,-127
260378,260378,UT,DS,2,0,0,343,343,14:51:02 19-May-2024,MB,B,45.0984,-60.4154,45.0984,-60.4154,8,,401677730,-130
260378,260378,UT,DS,4,0,0,147,45,14:55:17 19-May-2024,O3,3,45.0972,-60.4388,45.0972,-60.4388,56,,401677727,-132
260378,260378,UT,DS,7,0,0,98,45,15:06:35 19-May-2024,NN,2,45.1013,-60.4480,45.1013,-60.4480,56,,401677731,-121
260378,260378,UT,DS,4,0,0,153,45,15:30:48 19-May-2024,NP,1,45.1006,-60.4278,45.1006,-60.4278,56,,401677734,-129
260378,260378,UT,DS,3,0,0,161,146,15:44:11 19-May-2024,MC,A,45.0950,-60.4372,45.0950,-60.4372,6,,401677733,-124
260378,260378,UT,DS,3,0,0,122,45,16:34:26 19-May-2024,O3,A,45.1055,-60.4469,45.1055,-60.4469,8,,401677732,-119
260378,260378,UT,DS,5,0,0,112,45,16:47:28 19-May-2024,NN,2,45.1045,-60.4223,45.1045,-60.4223,56,,401677733,-128
260378,260378,UT,DS,4,0,0,155,45,21:47:32 19-May-2024,NK,2,45.1161,-60.4462,45.1161,-60.4462,58,,401677737,-122
260378,260378,UT,DS,1,0,0,,,22:03:49 19-May-2024,NP,B,45.1497,-59.9321,45.1497,-59.9321,6,,401677593,-140
260378,260378,UT,DS,6,0,0,99,45,22:12:03 19-May-2024,A1,1,45.1217,-60.4542,45.1217,-60.4542,46,,401677731,-121
260378,260378,UT,DS,4,0,0,168,53,22:58:25 19-May-2024,SR,0,45.1244,-60.4301,45.1244,-60.4301,48,,401677731,-125
260378,260378,UT,DS,3,0,0,216,167,23:32:15 19-May-2024,NK,A,45.1155,-60.4280,45.1155,-60.4280,8,,401677732,-127
260378,260378,UT,DS,5,0,0,159,45,23:35:34 19-May-2024,NP,1,45.1212,-60.4297,45.1212,-60.4297,46,,401677732,-125
260378,260378,UT,DS,3,0,0,106,45,23:44:05 19-May-2024,A1,A,45.1216,-60.4180,45.1216,-60.4180,6,,401677734,-129
260378,260378,UT,DS,6,0,0,101,45,23:50:13 19-May-2024,MC,3,45.1266,-60.4348,,,56,,401677729,-121
260378,260378,UT,DS,3,1,0,,,00:39:40 20-May-2024,MB,A,45.1273,-60.4362,45.1273,-60.4362,6,,401677758,-126
260378,260378,UT,DS,1,0,0,,,00:59:18 20-May-2024,NN,B,45.1268,-60.4350,45.1268,-60.4350,6,,401677749,-130
260378,260378,UT,DS,1,0,1,,,02:08:27 20-May-2024,O3,B,45.1283,-60.4352,45.1283,-60.4352,8,,401677752,-131
260378,260378,UT,DS,6,0,0,109,83,11:43:28 20-May-2024,NK,1,45.1256,-60.4755,45.1256,-60.4755,48,,401677736,-120
260378,260378,UT,DS,3,0,0,98,45,12:04:28 20-May-2024,MC,A,45.0958,-60.4031,45.0958,-60.4031,8,,401677714,-125
260378,260378,UT,DS,2,0,0,202,202,12:50:14 20-May-2024,MB,B,45.1165,-60.4165,45.1165,-60.4165,7,,401677726,-132
260378,260378,UT,DS,3,0,0,155,133,13:13:01 20-May-2024,NN,A,45.1025,-60.4218,45.1025,-60.4218,6,,401677730,-135
260378,260378,UT,DS,1,0,0,,,13:42:55 20-May-2024,NP,B,45.1028,-60.4210,45.1028,-60.4210,6,,401677732,-140
260378,260378,UT,DS,1,0,0,,,13:43:40 20-May-2024,MC,B,45.1047,-60.4221,45.1047,-60.4221,6,,401677733,-125
260378,260378,UT,DS,3,0,1,102,45,14:31:37 20-May-2024,MB,A,45.1197,-60.4630,45.1197,-60.4630,8,,401677731,-127
260378,260378,UT,DS,3,0,0,216,211,14:55:11 20-May-2024,NN,A,45.1229,-60.4647,45.1229,-60.4647,6,,401677732,-117
260378,260378,UT,DS,3,0,0,105,45,15:21:44 20-May-2024,NP,A,45.1207,-60.4585,45.1207,-60.4585,6,,401677730,-135
260378,260378,UT,DS,3,0,0,234,165,15:22:07 20-May-2024,MC,A,45.0980,-60.4199,45.0980,-60.4199,6,,401677733,-121
260378,260378,UT,DS,6,0,1,87,45,15:51:55 20-May-2024,O3,1,45.1248,-60.4652,45.1248,-60.4652,46,,401677740,-119
260378,260378,UT,DS,3,0,0,116,92,21:47:58 20-May-2024,A1,A,45.1487,-60.4729,45.1487,-60.4729,8,,401677742,-130
260378,260378,UT,DS,3,0,0,163,56,22:27:18 20-May-2024,SR,A,45.1585,-60.4870,45.1585,-60.4870,6,,401677743,-128
260378,260378,UT,DS,1,0,0,,,22:23:59 20-May-2024,CS,B,45.1544,-60.4805,45.1544,-60.4805,8,,401677747,-139
260378,260378,UT,DS,1,0,0,,,23:18:47 20-May-2024,A1,B,45.1661,-60.5030,45.1661,-60.5030,7,,401677755,-134
260378,260378,UT,DS,4,0,3,150,90,23:26:12 20-May-2024,NP,2,45.1611,-60.4656,45.1611,-60.4656,56,,401677762,-137
260378,260378,UT,DS,4,0,1,181,92,23:29:11 20-May-2024,MC,3,45.1647,-60.4665,45.1647,-60.4665,56,,401677762,-122
260378,260378,UT,DS,3,0,1,255,240,00:03:47 21-May-2024,SR,A,45.1779,-60.4577,45.1779,-60.4577,8,,401677763,-133
260378,260378,UT,DS,3,0,2,200,90,00:41:30 21-May-2024,NN,A,45.1648,-60.4584,45.1648,-60.4584,8,,401677760,-130
260378,260378,UT,DS,1,0,1,,,00:46:42 21-May-2024,NK,B,45.1648,-60.4584,45.1648,-60.4584,6,,401677760,-129
260378,260378,UT,DS,6,2,0,,,01:04:36 21-May-2024,NP,2,45.1692,-60.4466,45.1692,-60.4466,56,,401677766,-121
260378,260378,UT,DS,6,1,0,,,01:07:36 21-May-2024,MC,2,45.1662,-60.4494,45.1662,-60.4494,56,,401677765,-113
260378,260378,UT,DS,3,0,0,45,45,01:26:22 21-May-2024,O3,A,45.1783,-60.4426,45.1783,-60.4426,6,,401677757,-135
260378,260378,UT,DS,5,1,0,,,02:21:14 21-May-2024,NN,2,45.1715,-60.4419,45.1715,-60.4419,58,,401677764,-123
260378,260378,UT,DS,2,0,1,181,181,02:52:11 21-May-2024,MC,B,45.1697,-60.4433,45.1697,-60.4433,8,,401677753,-128
260378,260378,UT,DS,1,0,1,,,12:57:09 21-May-2024,NK,B,45.1063,-60.5158,45.1063,-60.5158,8,,401677765,-128
260378,260378,UT,DS,3,0,0,234,133,13:24:53 21-May-2024,MC,A,45.1277,-60.5062,45.1277,-60.5062,,,401677730,-118
260378,260378,UT,DS,3,0,0,234,133,13:24:53 21-May-2024,NP,A,45.1307,-60.4984,45.1307,-60.4984,6,,401677732,-131
260378,260378,UT,DS,1,0,0,,,14:15:23 21-May-2024,MB,B,45.1283,-60.5073,45.1283,-60.5073,8,,401677719,-124
260378,260378,UT,DS,1,0,0,,,14:45:49 21-May-2024,NN,B,45.1281,-60.5062,45.1281,-60.5062,8,,401677715,-135
260378,260378,UT,DS,1,0,0,,,15:04:38 21-May-2024,O3,B,45.1221,-60.4546,45.1221,-60.4546,,,401677722,-134
260378,260378,UT,DS,3,0,0,191,187,15:04:38 21-May-2024,MC,A,45.1220,-60.4544,45.1220,-60.4544,6,,401677724,-119
260378,260378,UT,DS,3,0,0,191,187,15:06:16 21-May-2024,NP,A,45.1202,-60.4556,45.1202,-60.4556,6,,401677724,-126
260378,260378,UT,DS,4,0,0,224,60,16:42:42 21-May-2024,O3,0,45.1122,-60.5086,45.1122,-60.5086,48,,401677730,-127
260378,260378,UT,DS,4,1,0,,,21:40:18 21-May-2024,CS,2,45.0901,-60.4952,45.0901,-60.4952,58,,401677729,-124
260378,260378,UT,DS,5,0,0,92,46,21:55:03 21-May-2024,SR,2,45.0914,-60.5074,45.0914,-60.5074,56,,401677733,-122
260378,260378,UT,DS,7,0,2,115,45,22:39:38 21-May-2024,NK,1,45.0880,-60.4933,45.0880,-60.4933,56,,401677755,-120
260378,260378,UT,DS,1,0,0,,,22:55:21 21-May-2024,A1,B,45.0877,-60.5172,45.0877,-60.5172,8,,401677744,-143
260378,260378,UT,DS,2,0,0,178,178,00:18:54 22-May-2024,NK,B,45.0935,-60.4897,45.0935,-60.4897,8,,401677735,-125
260378,260378,UT,DS,5,0,1,151,100,00:28:35 22-May-2024,NN,1,45.1091,-60.4819,45.1091,-60.4819,46,,401677725,-129
260378,260378,UT,DS,1,0,0,,,00:30:42 22-May-2024,A1,B,45.1128,-60.4796,45.1128,-60.4796,6,,401677730,-137
260378,260378,UT,DS,6,0,0,150,72,00:51:41 22-May-2024,MC,0,45.1047,-60.5200,45.1047,-60.5200,56,,401677726,-113
260378,260378,UT,DS,4,0,0,169,80,00:54:41 22-May-2024,NP,1,45.1167,-60.4767,45.1167,-60.4767,56,,401677726,-119
260378,260378,UT,DS,2,0,0,105,105,11:21:30 22-May-2024,CS,B,45.0756,-60.4688,45.0756,-60.4688,8,,401677744,-128
260378,260378,UT,DS,1,0,0,,,12:35:17 22-May-2024,NK,B,45.0629,-60.4788,45.0629,-60.4788,8,,401677718,-128
260378,260378,UT,DS,4,0,0,209,203,13:02:25 22-May-2024,MC,2,45.0955,-60.4726,45.0955,-60.4726,58,,401677728,-122
260378,260378,UT,DS,5,0,1,158,51,13:12:52 22-May-2024,NP,2,45.1045,-60.4901,45.1045,-60.4901,56,,401677726,-125
260378,260378,UT,DS,6,1,0,,,13:48:36 22-May-2024,MB,1,45.0984,-60.5004,45.0984,-60.5004,58,,401677734,-122
260378,260378,UT,DS,2,0,0,181,181,14:08:09 22-May-2024,NK,B,45.1134,-60.5373,45.1134,-60.5373,6,,401677727,-137
260378,260378,UT,DS,7,1,0,,,14:24:56 22-May-2024,NN,2,45.0943,-60.4934,45.0943,-60.4934,56,,401677734,-137
260378,260378,UT,DS,6,0,2,111,55,14:41:34 22-May-2024,MC,1,45.0994,-60.4773,45.0994,-60.4773,46,,401677733,-116
260378,260378,UT,DS,6,0,2,129,45,22:09:03 22-May-2024,NK,1,45.1194,-60.4853,45.1194,-60.4853,48,,401677750,-133
260378,260378,UT,DS,3,0,0,178,155,22:34:14 22-May-2024,A1,A,45.1199,-60.5160,45.1199,-60.5160,6,,401677733,-122
260378,260378,UT,DS,1,0,0,,,22:37:21 22-May-2024,CS,B,45.1193,-60.5109,45.1193,-60.5109,6,,401677732,-136
260378,260378,UT,DS,4,0,0,115,83,22:48:27 22-May-2024,MC,0,45.1092,-60.4958,45.1092,-60.4958,46,,401677732,-128
260378,260378,UT,DS,6,0,0,108,45,23:07:19 22-May-2024,SR,2,45.1070,-60.4817,45.1070,-60.4817,56,,401677732,-122
260378,260378,UT,DS,5,0,0,113,45,23:01:25 22-May-2024,NP,2,45.1148,-60.4841,45.1148,-60.4841,56,,401677731,-127
260378,260378,UT,DS,1,0,0,,,23:41:32 22-May-2024,MB,B,45.1070,-60.4917,45.1070,-60.4917,8,,401677727,-131
260378,260378,UT,DS,1,0,1,,,23:58:41 22-May-2024,NK,B,45.1070,-60.4871,45.1070,-60.4871,6,,401677729,-137
260378,260378,UT,DS,3,0,1,113,45,00:05:59 23-May-2024,A1,A,45.1229,-60.4627,45.1229,-60.4627,6,,401677727,-135
260378,260378,UT,DS,1,0,0,,,00:16:09 23-May-2024,NN,B,45.1213,-60.5002,45.1213,-60.5002,6,,401677726,-130
260378,260378,UT,DS,1,0,0,,,00:28:50 23-May-2024,MC,B,45.1227,-60.4975,,,6,,401677743,-121
260378,260378,UT,DS,9,3,1,,,00:39:51 23-May-2024,NP,2,45.1054,-60.4746,,,56,,401677767,-124
260378,260378,UT,DS,1,0,0,,,00:40:51 23-May-2024,SR,B,45.1053,-60.4756,45.1053,-60.4756,6,,401677765,-138
260378,260378,UT,DS,3,0,0,90,90,01:33:06 23-May-2024,O3,A,45.1256,-60.4722,45.1256,-60.4722,8,,401677749,-134
260378,260378,UT,DS,4,0,0,167,151,12:07:56 23-May-2024,NK,1,45.0771,-60.4297,45.0771,-60.4297,58,,401677734,-131
260378,260378,UT,DS,1,0,0,,,12:18:03 23-May-2024,CS,B,45.0770,-60.4303,45.0770,-60.4303,6,,401677749,-137
260378,260378,UT,DS,1,0,0,,,12:47:50 23-May-2024,MC,B,45.0753,-60.4312,45.0753,-60.4312,6,,401677760,-125
260378,260378,UT,DS,4,1,0,,,12:58:45 23-May-2024,NP,A,45.0869,-60.5576,45.0869,-60.5576,8,,401677763,-134
260378,260378,UT,DS,2,0,0,138,138,13:33:06 23-May-2024,MB,B,45.0899,-60.5580,45.0899,-60.5580,8,,401677763,-122
260378,260378,UT,DS,4,0,0,185,45,14:15:13 23-May-2024,NN,1,45.0922,-60.5690,45.0922,-60.5690,48,,401677729,-124
260378,260378,UT,DS,5,0,0,145,45,14:21:45 23-May-2024,MC,2,45.0899,-60.5565,45.0899,-60.5565,56,,401677730,-112
260378,260378,UT,DS,4,0,0,211,165,14:39:36 23-May-2024,NP,2,45.0876,-60.5697,,,56,,401677729,-125
260378,260378,UT,DS,3,0,1,206,201,15:09:23 23-May-2024,MB,A,45.1004,-60.5915,45.1004,-60.5915,6,,401677729,-133
260378,260378,UT,DS,3,0,0,229,45,15:09:23 23-May-2024,O3,A,45.1004,-60.5852,45.1004,-60.5852,,,401677725,-132
260378,260378,UT,DS,1,0,0,,,21:52:31 23-May-2024,NK,B,45.1192,-60.6120,45.1192,-60.6120,8,,401677722,-127
260378,260378,UT,DS,3,0,0,269,228,21:56:47 23-May-2024,CS,A,45.3602,-60.4642,45.3602,-60.4642,8,,401677725,-124
260378,260378,UT,DS,3,0,0,125,107,22:10:06 23-May-2024,A1,A,45.3658,-60.4854,45.3658,-60.4854,6,,401677733,-127
260378,260378,UT,DS,4,0,0,177,114,22:28:41 23-May-2024,SR,0,45.3848,-60.4722,45.3848,-60.4722,56,,401677734,-122
260378,260378,UT,DS,3,0,0,134,114,22:29:31 23-May-2024,MC,A,45.3595,-60.4949,45.3595,-60.4949,6,,401677721,-126
260378,260378,UT,DS,3,0,0,219,82,22:49:20 23-May-2024,NP,A,45.3861,-60.4297,45.3861,-60.4297,6,,401677743,-132
260378,260378,UT,DS,2,0,1,317,317,23:16:15 23-May-2024,MB,B,45.4042,-60.4238,45.4042,-60.4238,6,,401677739,-131
260378,260378,UT,DS,4,0,0,171,154,23:28:56 23-May-2024,NK,1,45.4174,-60.4466,45.4174,-60.4466,46,,401677737,-120
260378,260378,UT,DS,2,0,0,180,180,23:42:35 23-May-2024,A1,B,45.4363,-60.4625,45.4363,-60.4625,6,,401677738,-130
260378,260378,UT,DS,3,0,0,122,45,00:05:05 24-May-2024,NN,A,45.4584,-60.4390,45.4584,-60.4390,6,,401677734,-132
260378,260378,UT,DS,6,0,1,148,45,00:10:31 24-May-2024,MC,2,45.4517,-60.4581,45.4517,-60.4581,56,,401677734,-122
260378,260378,UT,DS,4,0,0,135,45,00:09:49 24-May-2024,SR,2,45.4617,-60.4600,45.4617,-60.4600,56,,401677735,-127
260378,260378,UT,DS,5,0,0,182,45,00:33:10 24-May-2024,NP,0,45.4629,-60.4838,45.4629,-60.4838,46,,401677731,-123
260378,260378,UT,DS,5,0,0,111,45,00:56:02 24-May-2024,MB,1,45.4899,-60.4336,45.4899,-60.4336,56,,401677739,-127
260378,260378,UT,DS,1,0,0,,,01:08:10 24-May-2024,NK,B,45.4936,-60.4307,45.4936,-60.4307,6,,401677742,-137
260378,260378,UT,DS,8,0,0,97,45,01:48:01 24-May-2024,MC,2,45.5353,-60.4211,45.5353,-60.4211,58,,401677735,-115
260378,260378,UT,DS,8,2,0,,,01:47:17 24-May-2024,NN,1,45.5145,-60.4495,45.5145,-60.4495,48,,401677738,-125
260378,260378,UT,DS,6,0,1,107,61,02:10:26 24-May-2024,NP,3,45.5498,-60.4237,45.5498,-60.4237,56,,401677738,-127
260378,260378,UT,DS,2,0,0,66,66,02:21:28 24-May-2024,O3,B,45.5533,-60.4256,45.5533,-60.4256,6,,401677741,-134
260378,260378,UT,DS,2,0,0,52,52,11:28:56 24-May-2024,SR,B,45.6775,-60.5305,45.6775,-60.5305,8,,401677728,-137
260378,260378,UT,DS,11,2,0,,,11:40:11 24-May-2024,NK,3,45.6210,-60.4990,45.6210,-60.4990,56,,401677749,-124
260378,260378,UT,DS,4,0,0,88,53,11:38:22 24-May-2024,CS,1,45.6004,-60.5033,45.6004,-60.5033,56,,401677739,-132
260378,260378,UT,DS,5,1,0,,,12:20:43 24-May-2024,MC,0,45.6109,-60.4860,45.6109,-60.4860,58,,401677750,-124
260378,260378,UT,DS,7,1,0,,,12:46:00 24-May-2024,NP,2,45.6207,-60.4976,45.6207,-60.4976,56,,401677750,-128
260378,260378,UT,DS,2,0,1,90,90,13:10:05 24-May-2024,MB,B,45.6212,-60.4953,45.6212,-60.4953,6,,401677753,-127
260378,260378,UT,DS,4,0,0,89,89,14:30:05 24-May-2024,NP,2,45.6288,-60.4971,45.6288,-60.4971,56,,401677791,-123
260378,260378,UT,DS,3,0,0,135,92,16:07:39 24-May-2024,NP,A,45.6032,-60.4778,45.6032,-60.4778,8,,401677773,-139
260378,260378,UT,DS,4,0,0,90,89,21:16:23 24-May-2024,CS,3,45.6217,-60.4877,45.6217,-60.4877,58,,401677741,-127
260378,260378,UT,DS,2,0,0,93,93,21:58:23 24-May-2024,SR,B,45.6212,-60.4915,45.6212,-60.4915,8,,401677738,-130
260378,260378,UT,DS,1,0,0,,,23:02:09 24-May-2024,NK,B,45.6216,-60.4911,45.6216,-60.4911,8,,401677741,-128
260378,260378,UT,DS,2,0,0,90,90,23:18:39 24-May-2024,A1,B,45.6191,-60.4910,,,8,,401677740,-138
260378,260378,UT,DS,1,0,0,,,23:38:14 24-May-2024,SR,B,45.6193,-60.4909,,,6,,401677739,-136
260378,260378,UT,DS,2,0,0,94,94,00:19:28 25-May-2024,NP,B,45.6228,-60.4901,,,8,,401677744,-130
260378,260378,UT,DS,2,0,0,90,90,00:36:40 25-May-2024,MB,B,45.6248,-60.4908,,,6,,401677740,-127
260378,260378,UT,DS,2,0,0,90,90,01:30:51 25-May-2024,MC,B,45.6277,-60.4849,45.6277,-60.4849,8,,401677741,-121
260378,260378,UT,DS,2,0,0,88,88,01:34:36 25-May-2024,NN,B,45.6289,-60.4855,45.6289,-60.4855,6,,401677739,-129
260378,260378,UT,DS,1,0,0,,,12:03:46 25-May-2024,MC,B,45.6441,-60.4591,45.6441,-60.4591,8,,401677738,-129
260378,260378,UT,DS,11,2,0,,,12:33:17 25-May-2024,NP,3,45.6254,-60.4958,45.6254,-60.4958,56,,401677733,-124
260378,260378,UT,DS,3,0,0,79,54,12:47:21 25-May-2024,MB,A,45.6273,-60.4955,45.6273,-60.4955,6,,401677736,-130
260378,260378,UT,DS,8,1,0,,,12:53:21 25-May-2024,NK,0,45.6425,-60.5472,45.6425,-60.5472,46,,401677721,-123
260378,260378,UT,DS,11,3,0,,,13:41:54 25-May-2024,MC,1,45.6559,-60.5018,45.6559,-60.5018,48,,401677713,-113
260378,260378,UT,DS,9,2,0,,,13:51:00 25-May-2024,NN,1,45.6250,-60.4626,45.6250,-60.4626,46,,401677713,-127
260378,260378,UT,DS,10,1,1,,,14:14:15 25-May-2024,NP,1,45.6403,-60.4822,45.6403,-60.4822,46,,401677701,-120
260378,260378,UT,DS,2,0,0,99,99,14:25:35 25-May-2024,MB,B,45.6546,-60.4569,45.6546,-60.4569,6,,401677695,-129
260378,260378,UT,DS,3,0,1,171,97,15:22:06 25-May-2024,O3,A,45.6020,-60.4862,45.6020,-60.4862,6,,401677701,-131
260378,260378,UT,DS,7,0,1,87,50,15:22:01 25-May-2024,MC,3,45.5940,-60.4771,45.5940,-60.4771,58,,401677698,-119
260378,260378,UT,DS,4,0,0,201,149,15:29:44 25-May-2024,NN,1,45.6132,-60.4797,45.6132,-60.4797,46,,401677702,-123
260378,260378,UT,DS,5,0,1,45,45,22:13:37 25-May-2024,CS,0,45.6107,-60.4458,45.6107,-60.4458,58,,401677717,-127
260378,260378,UT,DS,2,0,0,230,230,22:35:34 25-May-2024,NK,B,45.6384,-60.4581,45.6384,-60.4581,6,,401677704,-126
260378,260378,UT,DS,7,0,0,86,51,22:54:33 25-May-2024,A1,2,45.6180,-60.4765,45.6180,-60.4765,46,,401677711,-119
260378,260378,UT,DS,7,2,1,,,23:08:29 25-May-2024,SR,1,45.6193,-60.4795,45.6193,-60.4795,58,,401677715,-120
260378,260378,UT,DS,4,0,1,94,48,23:31:34 25-May-2024,MC,0,45.6257,-60.4776,45.6257,-60.4776,46,,401677703,-121
260378,260378,UT,DS,1,0,0,,,23:44:06 25-May-2024,NN,B,45.6255,-60.4777,45.6255,-60.4777,6,,401677703,-137
260378,260378,UT,DS,11,3,0,,,00:03:57 26-May-2024,NP,3,45.6373,-60.4587,45.6373,-60.4587,56,,401677708,-122
260378,260378,UT,DS,7,1,0,,,00:12:05 26-May-2024,NK,2,45.6343,-60.4692,45.6343,-60.4692,56,,401677709,-137
260378,260378,UT,DS,4,0,0,127,104,00:15:40 26-May-2024,MB,2,45.6353,-60.4501,45.6353,-60.4501,56,,401677711,-129
260378,260378,UT,DS,2,0,0,51,51,00:46:50 26-May-2024,SR,B,45.6382,-60.4556,45.6382,-60.4556,7,,401677719,-134
260378,260378,UT,DS,8,2,0,,,01:05:54 26-May-2024,MC,3,45.6122,-60.4813,45.6122,-60.4813,56,,401677713,-113
260378,260378,UT,DS,9,1,0,,,01:20:28 26-May-2024,NN,2,45.6143,-60.4834,,,56,,401677711,-127
260378,260378,UT,DS,1,0,0,,,01:43:34 26-May-2024,NP,B,45.6142,-60.4832,,,6,,401677708,-134
260378,260378,UT,DS,1,0,0,,,02:52:31 26-May-2024,MC,B,45.6233,-60.5093,45.6233,-60.5093,8,,401677721,-125
260378,260378,UT,DS,1,0,1,,,02:57:04 26-May-2024,NN,B,45.6213,-60.4983,45.6213,-60.4983,6,,401677721,-133
260378,260378,UT,DS,6,1,0,,,12:21:33 26-May-2024,NP,1,45.6143,-60.4719,45.6143,-60.4719,48,,401677730,-126
260378,260378,UT,DS,6,0,0,86,45,12:26:55 26-May-2024,NK,2,45.6310,-60.5101,45.6310,-60.5101,56,,401677733,-121
260378,260378,UT,DS,1,0,1,,,12:25:50 26-May-2024,MB,B,45.6284,-60.5307,45.6284,-60.5307,6,,401677742,-133
260378,260378,UT,DS,5,1,0,,,13:18:59 26-May-2024,MC,1,45.6023,-60.5519,45.6023,-60.5519,58,,401677713,-129
260378,260378,UT,DS,1,0,0,,,13:40:06 26-May-2024,NN,B,45.6071,-60.5997,45.6071,-60.5997,6,,401677777,-140
260378,260378,UT,DS,2,0,0,315,315,14:02:29 26-May-2024,NP,B,45.6478,-60.5590,45.6478,-60.5590,6,,401677751,-135
260378,260378,UT,DS,3,0,0,89,45,14:33:51 26-May-2024,O3,A,45.6420,-60.4939,45.6420,-60.4939,8,,401677726,-136
260378,260378,UT,DS,3,0,0,248,147,14:59:24 26-May-2024,MC,A,45.6468,-60.4990,45.6468,-60.4990,6,,401677717,-124
260378,260378,UT,DS,2,0,0,508,508,15:18:31 26-May-2024,NN,B,45.6437,-60.4953,45.6437,-60.4953,6,,401677718,-124
260378,260378,UT,DS,3,0,0,114,91,15:46:29 26-May-2024,NP,A,45.6041,-60.5101,45.6041,-60.5101,6,,401677724,-130
260378,260378,UT,DS,3,0,0,200,187,16:11:48 26-May-2024,O3,A,45.6197,-60.4628,45.6197,-60.4628,6,,401677708,-126
260378,260378,UT,DS,4,0,0,91,90,21:31:27 26-May-2024,CS,3,45.6206,-60.4876,,,68,,401677724,-131
260378,260378,UT,DS,11,5,0,,,22:09:34 26-May-2024,NK,3,45.6191,-60.4984,45.6191,-60.4984,58,,401677689,-123
260378,260378,UT,DS,1,0,0,,,22:14:24 26-May-2024,NP,B,45.6163,-60.4836,45.6163,-60.4836,8,,401677693,-138
260378,260378,UT,DS,11,4,0,,,22:30:51 26-May-2024,A1,3,45.6210,-60.5032,45.6210,-60.5032,56,,401677695,-117
260378,260378,UT,DS,14,7,0,,,22:35:49 26-May-2024,SR,1,45.6121,-60.4507,45.6121,-60.4507,56,,401677697,-119
260378,260378,UT,DS,7,1,0,,,23:03:50 26-May-2024,MC,3,45.6150,-60.5146,45.6150,-60.5146,56,,401677732,-122
260378,260378,UT,DS,7,0,0,104,87,23:57:27 26-May-2024,NP,3,45.6188,-60.5001,45.6188,-60.5001,56,,401677747,-122
260378,260378,UT,DS,4,0,0,121,90,23:52:58 26-May-2024,NK,3,45.6169,-60.4901,45.6169,-60.4901,57,,401677749,-130
260378,260378,UT,DS,3,0,1,178,87,23:57:05 26-May-2024,MB,A,45.6181,-60.4994,45.6181,-60.4994,7,,401677747,-132
260378,260378,UT,DS,2,0,2,182,182,00:02:16 27-May-2024,A1,B,45.6186,-60.4984,45.6186,-60.4984,6,,401677746,-141
260378,260378,UT,DS,4,1,0,,,00:14:48 27-May-2024,SR,1,45.6230,-60.5025,45.6230,-60.5025,56,,401677744,-133
260378,260378,UT,DS,10,1,1,,,00:42:06 27-May-2024,MC,0,45.6166,-60.4893,45.6166,-60.4893,46,,401677735,-116
260378,260378,UT,DS,12,2,1,,,01:05:26 27-May-2024,NN,2,45.6157,-60.4906,45.6157,-60.4906,46,,401677695,-121
260378,260378,UT,DS,9,2,0,,,01:36:21 27-May-2024,NP,3,45.6198,-60.4855,45.6198,-60.4855,56,,401677697,-122
260378,260378,UT,DS,3,0,1,218,70,01:34:34 27-May-2024,MB,A,45.6184,-60.4880,45.6184,-60.4880,6,,401677698,-129
260378,260378,UT,DS,4,0,0,128,50,01:49:02 27-May-2024,O3,1,45.6149,-60.4968,45.6149,-60.4968,56,,401677700,-129
260378,260378,UT,DS,1,0,0,,,02:50:55 27-May-2024,NN,B,45.6165,-60.4951,45.6165,-60.4951,8,,401677702,-129
260378,260378,UT,DS,4,0,0,194,190,12:03:49 27-May-2024,NK,0,45.6277,-60.4661,45.6277,-60.4661,58,,401677708,-120
260378,260378,UT,DS,4,0,0,186,184,12:08:38 27-May-2024,NP,3,45.6297,-60.4251,45.6297,-60.4251,68,,401677709,-129
260378,260378,UT,DS,9,0,1,79,49,12:59:20 27-May-2024,MC,2,45.6413,-60.4674,45.6413,-60.4674,47,,401677715,-126
260378,260378,UT,DS,4,0,0,169,94,13:23:53 27-May-2024,NN,1,45.6372,-60.4436,45.6372,-60.4436,46,,401677725,-131
260378,260378,UT,DS,3,0,0,224,161,13:40:23 27-May-2024,NK,A,45.6278,-60.4677,45.6278,-60.4677,6,,401677715,-133
260378,260378,UT,DS,9,1,1,,,13:45:09 27-May-2024,MB,1,45.6315,-60.5336,45.6315,-60.5336,46,,401677715,-123
260378,260378,UT,DS,11,1,0,,,13:50:13 27-May-2024,NP,0,45.6149,-60.5419,45.6149,-60.5419,46,,401677714,-122
260378,260378,UT,DS,12,3,1,,,14:37:59 27-May-2024,MC,2,45.6144,-60.4896,45.6144,-60.4896,47,,401677736,-114
260378,260378,UT,DS,17,3,0,,,15:03:23 27-May-2024,NN,1,45.6226,-60.4816,45.6226,-60.4816,46,,401677741,-124
260378,260378,UT,DS,5,0,0,91,90,16:49:08 27-May-2024,NN,1,45.6219,-60.4928,45.6219,-60.4928,58,,401677734,-133
260378,260378,UT,DS,8,1,0,,,21:41:53 27-May-2024,NK,1,45.6077,-60.5368,45.6077,-60.5368,48,,401677685,-133
260378,260378,UT,DS,10,3,0,,,22:02:46 27-May-2024,SR,1,45.6263,-60.4829,45.6263,-60.4829,46,,401677692,-118
260378,260378,UT,DS,6,2,1,,,22:07:53 27-May-2024,A1,3,45.6208,-60.4977,45.6208,-60.4977,56,,401677687,-127
260378,260378,UT,DS,6,0,0,89,86,23:24:39 27-May-2024,NK,3,45.6205,-60.4867,45.6205,-60.4867,56,,401677740,-122
260378,260378,UT,DS,4,0,0,90,87,23:39:38 27-May-2024,A1,1,45.6297,-60.4996,45.6297,-60.4996,46,,401677739,-135
260378,260378,UT,DS,2,0,0,93,93,23:37:22 27-May-2024,MB,B,45.6345,-60.5028,45.6345,-60.5028,6,,401677734,-128
260378,260378,UT,DS,5,0,0,89,87,23:40:23 27-May-2024,SR,1,45.6361,-60.4831,45.6361,-60.4831,46,,401677741,-122
260378,260378,UT,DS,5,1,1,,,23:43:43 27-May-2024,NP,2,45.6206,-60.4844,45.6206,-60.4844,56,,401677730,-122
260378,260378,UT,DS,11,1,0,,,00:21:39 28-May-2024,MC,3,45.6189,-60.4948,45.6189,-60.4948,58,,401677686,-114
260378,260378,UT,DS,1,0,0,,,01:00:56 28-May-2024,NN,B,45.6204,-60.5040,45.6204,-60.5040,6,,401677723,-132
260378,260378,UT,DS,4,0,0,121,90,01:13:02 28-May-2024,MB,2,45.6193,-60.4926,45.6193,-60.4926,56,,401677735,-133
260378,260378,UT,DS,5,0,1,88,87,02:07:41 28-May-2024,MC,3,45.6236,-60.4904,45.6236,-60.4904,58,,401677731,-126
260378,260378,UT,DS,4,0,0,89,87,02:36:45 28-May-2024,NN,3,45.6193,-60.4914,45.6193,-60.4914,56,,401677729,-121
260378,260378,UT,DS,4,0,0,89,88,02:42:00 28-May-2024,O3,3,45.6195,-60.4940,45.6195,-60.4940,66,,401677729,-130
260378,260378,UT,DS,8,0,0,89,87,11:36:58 28-May-2024,NK,2,45.6171,-60.4934,,,58,,401677736,-120
260378,260378,UT,DS,2,0,0,63,63,12:04:26 28-May-2024,NP,B,45.6418,-60.4539,45.6418,-60.4539,8,,401677706,-132
260378,260378,UT,DS,2,0,0,73,73,12:12:17 28-May-2024,CS,B,45.6359,-60.4770,45.6359,-60.4770,6,,401677705,-136
260378,260378,UT,DS,5,0,1,96,45,12:38:53 28-May-2024,MC,1,45.6108,-60.5020,,,56,,401677700,-118
260378,260378,UT,DS,2,0,0,416,416,13:12:05 28-May-2024,NN,B,45.6141,-60.5251,45.6141,-60.5251,8,,401677704,-137
260378,260378,UT,DS,2,0,1,160,160,13:13:25 28-May-2024,NK,B,45.6012,-60.4503,45.6012,-60.4503,6,,401677704,-133
260378,260378,UT,DS,1,0,0,,,13:27:37 28-May-2024,MB,B,45.6008,-60.4464,45.6008,-60.4464,6,,401677669,-129
260378,260378,UT,DS,4,0,0,248,244,13:36:22 28-May-2024,NP,0,45.6063,-60.5078,,,46,,401677682,-124
260378,260378,UT,DS,2,0,0,289,289,14:20:29 28-May-2024,MC,B,45.5905,-60.4969,45.5905,-60.4969,7,,401677696,-115
260378,260378,UT,DS,4,0,1,116,45,14:40:11 28-May-2024,O3,1,45.5766,-60.4689,45.5766,-60.4689,56,,401677706,-130
260378,260378,UT,DS,3,0,0,176,45,14:54:00 28-May-2024,NN,A,45.5602,-60.4742,45.5602,-60.4742,6,,401677700,-124
260378,260378,UT,DS,2,0,0,286,286,15:05:04 28-May-2024,MB,B,45.5872,-60.4786,45.5872,-60.4786,6,,401677698,-131
260378,260378,UT,DS,4,0,0,127,48,15:20:38 28-May-2024,NP,0,45.5866,-60.4514,45.5866,-60.4514,46,,401677705,-124
260378,260378,UT,DS,3,0,0,194,49,16:23:38 28-May-2024,O3,A,45.5616,-60.3493,45.5616,-60.3493,8,,401677710,-123
260378,260378,UT,DS,2,0,0,149,149,16:34:41 28-May-2024,NN,B,45.5286,-60.4507,45.5286,-60.4507,8,,401677702,-124
260378,260378,UT,DS,3,0,0,207,174,21:33:21 28-May-2024,SR,A,45.4391,-60.3219,45.4391,-60.3219,8,,401677720,-122
260378,260378,UT,DS,2,0,0,210,210,21:43:37 28-May-2024,A1,B,45.4267,-60.2970,45.4267,-60.2970,6,,401677724,-127
260378,260378,UT,DS,2,0,0,232,232,21:50:55 28-May-2024,CS,B,45.4324,-60.3063,45.4324,-60.3063,6,,401677704,-131
260378,260378,UT,DS,1,0,0,,,21:52:51 28-May-2024,NP,B,45.4317,-60.3064,45.4317,-60.3064,6,,401677712,-140
260378,260378,UT,DS,3,0,0,120,45,22:25:27 28-May-2024,MC,A,45.4087,-60.3104,45.4087,-60.3104,8,,401677711,-129
260378,260378,UT,DS,4,0,0,186,45,23:00:28 28-May-2024,NK,1,45.4124,-60.2997,,,58,,401677710,-118
260378,260378,UT,DS,3,0,0,148,45,23:13:13 28-May-2024,SR,A,45.3824,-60.2938,45.3824,-60.2938,8,,401677700,-119
260378,260378,UT,DS,3,0,0,207,45,23:16:55 28-May-2024,A1,A,45.4046,-60.2953,45.4046,-60.2953,6,,401677711,-127
260378,260378,UT,DS,1,0,1,,,23:15:07 28-May-2024,MB,B,45.3844,-60.2948,45.3844,-60.2948,6,,401677723,-133
260378,260378,UT,DS,6,0,0,105,45,23:26:37 28-May-2024,NP,2,45.4094,-60.2688,45.4094,-60.2688,56,,401677724,-122
260378,260378,UT,DS,4,0,1,170,127,00:08:19 29-May-2024,MC,1,45.4137,-60.2712,,,48,,401677720,-116
260378,260378,UT,DS,3,0,1,159,148,00:36:51 29-May-2024,NK,A,45.3899,-60.2998,45.3899,-60.2998,6,,401677725,-135
260378,260378,UT,DS,5,0,2,118,86,00:42:10 29-May-2024,NN,1,45.3861,-60.2904,,,46,,401677728,-124
260378,260378,UT,DS,4,0,0,142,86,00:49:19 29-May-2024,MB,0,45.3906,-60.2554,,,46,,401677730,-122
260378,260378,UT,DS,1,0,0,,,00:50:03 29-May-2024,SR,B,45.3957,-60.2969,,,6,,401677731,-135
260378,260378,UT,DS,9,1,1,,,01:08:35 29-May-2024,NP,2,45.3851,-60.2747,45.3851,-60.2747,46,,401677730,-125
260378,260378,UT,DS,3,0,0,156,156,01:49:52 29-May-2024,MC,A,45.3702,-60.2682,45.3702,-60.2682,8,,401677731,-115
260378,260378,UT,DS,4,0,0,109,47,01:55:15 29-May-2024,O3,1,45.3669,-60.2685,45.3669,-60.2685,46,,401677733,-129
260378,260378,UT,DS,2,0,0,144,144,12:22:27 29-May-2024,MC,B,45.1934,-60.2313,45.1934,-60.2313,8,,401677729,-130
260378,260378,UT,DS,3,0,0,221,190,12:49:44 29-May-2024,NK,A,45.2169,-60.2402,45.2169,-60.2402,6,,401677729,-124
260378,260378,UT,DS,1,0,0,,,13:04:12 29-May-2024,NN,B,45.2177,-60.2403,45.2177,-60.2403,6,,401677709,-140
260378,260378,UT,DS,1,0,0,,,13:07:57 29-May-2024,MB,B,45.1916,-60.2190,45.1916,-60.2190,6,,401677710,-132
260378,260378,UT,DS,3,0,1,128,45,13:25:21 29-May-2024,NP,A,45.1964,-60.2799,45.1964,-60.2799,6,,401677721,-130
260378,260378,UT,DS,3,0,0,341,210,13:56:59 29-May-2024,MC,A,45.1945,-60.3032,45.1945,-60.3032,8,,401677716,-113
260378,260378,UT,DS,1,0,0,,,14:41:43 29-May-2024,NN,B,45.1815,-60.3156,,,8,,401677726,-124
260378,260378,UT,DS,2,0,0,454,454,15:06:25 29-May-2024,NP,B,45.1500,-60.2732,45.1500,-60.2732,6,,401677706,-132
260378,260378,UT,DS,1,0,0,,,16:24:09 29-May-2024,NN,B,45.1428,-60.2691,45.1428,-60.2691,8,,401677691,-133
260378,260378,UT,DS,2,0,0,430,430,22:33:38 29-May-2024,NK,B,45.1801,-60.1896,45.1801,-60.1896,8,,401677713,-127
260378,260378,UT,DS,4,0,2,124,45,22:40:47 29-May-2024,SR,2,45.1345,-60.1323,45.1345,-60.1323,58,,401677722,-118
260378,260378,UT,DS,4,0,0,187,45,22:53:17 29-May-2024,A1,1,45.1370,-60.1508,45.1370,-60.1508,46,,401677722,-133
260378,260378,UT,DS,1,0,0,,,22:57:36 29-May-2024,MB,B,45.1346,-60.1328,45.1346,-60.1328,6,,401677725,-133
260378,260378,UT,DS,6,0,0,124,45,23:13:13 29-May-2024,NP,1,45.1330,-60.1248,45.1330,-60.1248,46,,401677723,-128
260378,260378,UT,DS,5,0,0,173,46,23:44:44 29-May-2024,MC,1,45.1087,-60.1223,45.1087,-60.1223,58,,401677721,-119
260378,260378,UT,DS,2,0,0,45,45,00:15:42 30-May-2024,NK,B,45.1113,-60.1288,45.1113,-60.1288,8,,401677718,-130
260378,260378,UT,DS,3,0,0,207,189,00:19:15 30-May-2024,SR,A,45.1254,-60.1278,,,6,,401677723,-132
260378,260378,UT,DS,2,0,0,45,45,00:26:46 30-May-2024,A1,B,45.1221,-60.1505,45.1221,-60.1505,8,,401677720,-139
260378,260378,UT,DS,4,0,0,224,46,00:27:08 30-May-2024,MB,1,45.1105,-60.1506,45.1105,-60.1506,56,,401677716,-130
260378,260378,UT,DS,5,0,1,168,45,00:29:23 30-May-2024,NN,3,45.1159,-60.1348,45.1159,-60.1348,56,,401677717,-128
260378,260378,UT,DS,7,0,1,95,45,00:54:39 30-May-2024,NP,1,45.1148,-60.1200,45.1148,-60.1200,46,,401677737,-121
260378,260378,UT,DS,4,0,0,109,49,01:09:43 30-May-2024,O3,1,45.1031,-60.1280,45.1031,-60.1280,56,,401677743,-138
260378,260378,UT,DS,2,0,1,141,141,01:22:54 30-May-2024,MC,B,45.0957,-60.1233,45.0957,-60.1233,6,,401677741,-116
260378,260378,UT,DS,2,0,0,45,45,12:24:37 30-May-2024,NK,B,45.0926,-60.1003,45.0926,-60.1003,8,,401677735,-121
260378,260378,UT,DS,2,0,0,269,269,13:17:36 30-May-2024,NP,B,45.0993,-60.1449,45.0993,-60.1449,7,,401677750,-124
260378,260378,UT,DS,3,0,0,226,91,13:40:09 30-May-2024,MC,A,45.1148,-60.1178,45.1148,-60.1178,6,,401677761,-126
260378,260378,UT,DS,4,1,0,,,14:22:11 30-May-2024,MB,A,45.1114,-60.2072,45.1114,-60.2072,8,,401677757,-129
260378,260378,UT,DS,2,0,0,268,268,14:28:58 30-May-2024,NN,B,45.1252,-60.1977,45.1252,-60.1977,6,,401677766,-129
260378,260378,UT,DS,1,0,0,,,14:48:09 30-May-2024,O3,B,45.1304,-60.1998,45.1304,-60.1998,6,,401677721,-128
260378,260378,UT,DS,2,0,0,45,45,15:00:28 30-May-2024,NP,B,45.1433,-60.1569,45.1433,-60.1569,6,,401677719,-128
260378,260378,UT,DS,1,0,0,,,15:18:17 30-May-2024,MC,B,45.1428,-60.1559,45.1428,-60.1559,6,,401677718,-127
260378,260378,UT,DS,1,0,0,,,16:18:33 30-May-2024,NN,B,45.1221,-60.1849,45.1221,-60.1849,7,,401677733,-133
260378,260378,UT,DS,7,0,2,75,45,16:31:18 30-May-2024,O3,1,45.1269,-60.1471,45.1269,-60.1471,56,,401677762,-119
260378,260378,UT,DS,1,0,0,,,22:10:18 30-May-2024,NK,B,45.0920,-60.2067,45.0920,-60.2067,,,401677683,-133
260378,260378,UT,DS,1,0,0,,,22:10:18 30-May-2024,CS,B,45.0309,-60.3079,45.0309,-60.3079,8,,401677762,-131
260378,260378,UT,DS,1,0,0,,,22:10:18 30-May-2024,SR,B,45.1402,-60.1370,45.1402,-60.1370,8,,401677756,-120
260378,260378,UT,DS,1,0,0,,,22:30:00 30-May-2024,A1,B,45.0988,-60.1692,45.0988,-60.1692,6,,401677715,-121
260378,260378,UT,DS,4,0,0,112,45,23:04:03 30-May-2024,NP,1,45.0705,-60.1111,45.0705,-60.1111,58,,401677720,-129
260378,260378,UT,DS,2,0,0,276,276,23:23:19 30-May-2024,MC,B,45.0609,-60.1298,45.0609,-60.1298,6,,401677719,-131
260378,260378,UT,DS,1,0,0,,,23:47:02 30-May-2024,NK,B,45.0669,-60.1350,,,6,,401677732,-127
260378,260378,UT,DS,1,0,0,,,23:59:24 30-May-2024,A1,B,45.0530,-60.1263,45.0530,-60.1263,8,,401677709,-134
260378,260378,UT,DS,2,0,0,206,206,00:20:51 31-May-2024,NN,B,45.0852,-60.1366,,,6,,401677717,-133
260378,260378,UT,DS,1,0,0,,,00:41:14 31-May-2024,NP,B,45.0841,-60.1356,45.0841,-60.1356,6,,401677718,-126
260378,260378,UT,DS,1,0,0,,,01:01:51 31-May-2024,MC,B,45.0723,-60.1302,45.0723,-60.1302,6,,401677724,-121
260378,260378,UT,DS,1,0,0,,,01:50:18 31-May-2024,MB,B,45.0922,-60.1465,45.0922,-60.1465,6,,401677751,-133
260378,260378,UT,DS,4,0,1,179,90,02:04:30 31-May-2024,NN,0,45.0993,-60.1460,45.0993,-60.1460,56,,401677745,-121
260378,260378,UT,DS,2,0,0,269,269,02:04:30 31-May-2024,O3,B,45.1010,-60.1502,45.1010,-60.1502,,,401677743,-132
260378,260378,UT,DS,4,0,1,172,45,11:59:20 31-May-2024,NK,0,45.1338,-60.2541,45.1338,-60.2541,48,,401677725,-120
260378,260378,UT,DS,3,0,1,215,178,13:02:50 31-May-2024,NP,A,45.1259,-60.1800,45.1259,-60.1800,8,,401677727,-127
260378,260378,UT,DS,4,1,0,,,13:14:08 31-May-2024,MC,2,45.1256,-60.1944,45.1256,-60.1944,56,,401677727,-132
260378,260378,UT,DS,2,0,1,407,407,14:03:31 31-May-2024,MB,B,45.1160,-60.1896,45.1160,-60.1896,8,,401677721,-129
260378,260378,UT,DS,3,0,0,336,232,14:13:51 31-May-2024,NN,A,45.1244,-60.1717,45.1244,-60.1717,6,,401677724,-135
260378,260378,UT,DS,3,0,0,223,218,14:45:10 31-May-2024,NP,A,45.1210,-60.1680,45.1210,-60.1680,8,,401677724,-127
260378,260378,UT,DS,4,0,0,150,45,14:54:43 31-May-2024,MC,0,45.1297,-60.1609,45.1297,-60.1609,46,,401677730,-118
260378,260378,UT,DS,4,0,1,88,45,15:42:11 31-May-2024,O3,0,45.1279,-60.1764,45.1279,-60.1764,48,,401677730,-124
260378,260378,UT,DS,5,0,0,119,45,15:59:11 31-May-2024,NN,1,45.1266,-60.1686,45.1266,-60.1686,48,,401677728,-123
260378,260378,UT,DS,1,0,0,,,16:23:56 31-May-2024,NP,B,45.1268,-60.1682,45.1268,-60.1682,6,,401677725,-136
260378,260378,UT,DS,3,0,0,124,45,21:26:41 31-May-2024,CS,A,45.1384,-60.1468,45.1384,-60.1468,8,,401677725,-124
260378,260378,UT,DS,3,0,0,135,45,21:39:00 31-May-2024,SR,A,45.1463,-60.1442,45.1463,-60.1442,6,,401677728,-127
260378,260378,UT,DS,2,0,0,45,45,21:40:46 31-May-2024,NK,B,45.1480,-60.1451,45.1480,-60.1451,6,,401677720,-128
260378,260378,UT,DS,4,0,1,117,90,22:04:52 31-May-2024,A1,1,45.1434,-60.1582,45.1434,-60.1582,46,,401677728,-134
260378,260378,UT,DS,1,0,0,,,22:53:22 31-May-2024,NP,B,45.1384,-60.1571,45.1384,-60.1571,8,,401677727,-135
260378,260378,UT,DS,1,0,1,,,23:57:12 31-May-2024,MB,B,45.1292,-60.1592,45.1292,-60.1592,6,,401677752,-136
260378,260378,UT,DS,5,0,1,157,91,00:30:09 01-Jun-2024,NP,0,45.1237,-60.2423,45.1237,-60.2423,48,,401677748,-122
260378,260378,UT,DS,3,0,0,226,181,00:39:10 01-Jun-2024,MC,A,45.1453,-60.1793,45.1453,-60.1793,6,,401677748,-117
260378,260378,UT,DS,1,0,1,,,00:55:40 01-Jun-2024,SR,B,45.1452,-60.1818,45.1452,-60.1818,6,,401677742,-138
260378,260378,UT,DS,6,1,0,,,01:42:04 01-Jun-2024,NN,1,45.1531,-60.1506,45.1531,-60.1506,48,,401677745,-117
260378,260378,UT,DS,3,0,2,135,90,02:15:12 01-Jun-2024,NP,A,45.1569,-60.1593,45.1569,-60.1593,8,,401677738,-133
260378,260378,UT,DS,2,0,0,366,366,02:24:00 01-Jun-2024,MC,B,45.1576,-60.1644,45.1576,-60.1644,6,,401677735,-123
260378,260378,UT,DS,2,0,0,47,47,02:55:45 01-Jun-2024,O3,B,45.1581,-60.1568,45.1581,-60.1568,8,,401677727,-134
260378,260378,UT,DS,3,1,0,,,12:48:35 01-Jun-2024,NP,A,45.1279,-60.0515,45.1279,-60.0515,8,,401677732,-128
260378,260378,UT,DS,3,0,0,124,45,12:59:02 01-Jun-2024,MC,A,45.1647,-60.1234,45.1647,-60.1234,6,,401677733,-125
260378,260378,UT,DS,2,0,0,213,213,13:11:34 01-Jun-2024,NK,B,45.1418,-60.1341,45.1418,-60.1341,6,,401677725,-128
260378,260378,UT,DS,4,0,0,210,45,13:42:40 01-Jun-2024,MB,0,45.1427,-60.1830,45.1427,-60.1830,48,,401677723,-126
260378,260378,UT,DS,5,0,0,73,45,14:04:12 01-Jun-2024,NN,2,45.1668,-60.1934,45.1668,-60.1934,56,,401677742,-124
260378,260378,UT,DS,6,0,0,120,45,14:32:24 01-Jun-2024,NP,2,45.1313,-60.1573,45.1313,-60.1573,56,,401677720,-126
260378,260378,UT,DS,5,0,0,157,46,14:36:58 01-Jun-2024,MC,3,45.1354,-60.1611,45.1354,-60.1611,56,,401677724,-119
260378,260378,UT,DS,2,0,0,45,45,15:43:27 01-Jun-2024,NN,B,45.1125,-60.2109,45.1125,-60.2109,8,,401677722,-129
260378,260378,UT,DS,3,0,0,81,45,21:42:49 01-Jun-2024,A1,A,45.1501,-60.1883,45.1501,-60.1883,8,,401677744,-133
260378,260378,UT,DS,3,1,0,,,22:24:39 01-Jun-2024,CS,A,45.1526,-60.1788,45.1526,-60.1788,8,,401677745,-133
260378,260378,UT,DS,4,0,0,117,70,22:39:50 01-Jun-2024,NP,2,45.1636,-60.1729,45.1636,-60.1729,56,,401677741,-131
260378,260378,UT,DS,8,2,0,,,22:47:27 01-Jun-2024,SR,3,45.1611,-60.1726,45.1611,-60.1726,56,,401677742,-117
260378,260378,UT,DS,3,0,0,92,48,22:44:18 01-Jun-2024,MC,A,45.1572,-60.1800,45.1572,-60.1800,6,,401677743,-127
260378,260378,UT,DS,1,0,0,,,22:50:43 01-Jun-2024,NK,B,45.1611,-60.1727,45.1611,-60.1727,6,,401677741,-128
260378,260378,UT,DS,1,0,1,,,23:58:05 01-Jun-2024,NN,B,45.1518,-60.1947,45.1518,-60.1947,8,,401677736,-135
260378,260378,UT,DS,13,4,1,,,00:18:11 02-Jun-2024,MC,3,45.1527,-60.1700,45.1527,-60.1700,56,,401677740,-113
260378,260378,UT,DS,11,5,0,,,00:18:35 02-Jun-2024,NP,3,45.1538,-60.1710,45.1538,-60.1710,56,,401677740,-120
260378,260378,UT,DS,4,0,0,107,45,00:27:26 02-Jun-2024,SR,2,45.1567,-60.1746,45.1567,-60.1746,56,,401677741,-126
260378,260378,UT,DS,10,2,1,,,00:33:25 02-Jun-2024,NK,2,45.1521,-60.1740,45.1521,-60.1740,56,,401677739,-130
260378,260378,UT,DS,4,0,0,98,45,01:07:26 02-Jun-2024,MB,2,45.1510,-60.1772,45.1510,-60.1772,58,,401677739,-127
260378,260378,UT,DS,1,0,1,,,02:10:12 02-Jun-2024,O3,B,45.1453,-60.1884,45.1453,-60.1884,,,401677719,-136
260378,260378,UT,DS,1,0,1,,,02:10:12 02-Jun-2024,MC,B,45.1430,-60.1981,45.1430,-60.1981,8,,401677723,-133
260378,260378,UT,DS,2,0,1,45,45,12:05:59 02-Jun-2024,CS,B,45.1129,-60.2812,45.1129,-60.2812,8,,401677693,-137
260378,260378,UT,DS,1,0,0,,,12:33:57 02-Jun-2024,MC,B,45.1678,-60.1994,45.1678,-60.1994,6,,401677735,-131
260378,260378,UT,DS,4,0,0,157,45,12:47:30 02-Jun-2024,NK,0,45.1444,-60.1602,45.1444,-60.1602,46,,401677733,-124
260378,260378,UT,DS,1,0,0,,,13:22:57 02-Jun-2024,MB,B,45.1550,-60.2182,45.1550,-60.2182,8,,401677727,-130
260378,260378,UT,DS,3,0,0,182,146,13:50:49 02-Jun-2024,NN,A,45.0929,-60.1782,45.0929,-60.1782,6,,401677726,-132
260378,260378,UT,DS,6,1,0,,,14:13:58 02-Jun-2024,MC,2,45.1302,-60.1455,45.1302,-60.1455,56,,401677726,-115
260378,260378,UT,DS,6,1,0,,,14:17:09 02-Jun-2024,NP,2,45.1321,-60.1540,45.1321,-60.1540,56,,401677726,-121
260378,260378,UT,DS,3,0,0,202,45,15:29:23 02-Jun-2024,NN,A,45.1287,-60.1525,45.1287,-60.1525,8,,401677727,-135
260378,260378,UT,DS,4,0,0,133,46,15:51:24 02-Jun-2024,O3,2,45.1349,-60.1630,45.1349,-60.1630,56,,401677727,-130
260378,260378,UT,DS,5,0,1,114,45,15:55:34 02-Jun-2024,MC,1,45.1309,-60.1676,45.1309,-60.1676,56,,401677728,-128
260378,260378,UT,DS,4,0,0,87,45,16:01:01 02-Jun-2024,NP,1,45.1349,-60.1709,45.1349,-60.1709,56,,401677726,-131
260378,260378,UT,DS,1,0,0,,,21:45:32 02-Jun-2024,CS,B,45.1391,-60.1911,45.1391,-60.1911,8,,401677737,-130
260378,260378,UT,DS,2,0,0,244,244,22:10:20 02-Jun-2024,SR,B,45.1404,-60.1735,45.1404,-60.1735,6,,401677725,-132
260378,260378,UT,DS,2,0,0,46,46,22:31:43 02-Jun-2024,NK,B,45.1429,-60.1770,45.1429,-60.1770,6,,401677718,-124
260378,260378,UT,DS,2,0,1,192,192,22:48:52 02-Jun-2024,A1,B,45.1343,-60.1604,45.1343,-60.1604,6,,401677719,-121
260378,260378,UT,DS,3,0,1,246,45,23:55:27 02-Jun-2024,SR,A,45.1344,-60.1591,45.1344,-60.1591,8,,401677726,-132
260378,260378,UT,DS,3,0,0,313,220,00:02:21 03-Jun-2024,MC,A,45.1393,-60.1506,45.1393,-60.1506,6,,401677725,-129
260378,260378,UT,DS,5,0,0,133,45,00:05:38 03-Jun-2024,NP,1,45.1311,-60.1616,45.1311,-60.1616,46,,401677731,-117
260378,260378,UT,DS,4,0,0,178,94,00:05:38 03-Jun-2024,NK,1,45.1339,-60.1429,45.1339,-60.1429,40,,401677728,-137
260378,260378,UT,DS,3,0,2,220,52,00:45:04 03-Jun-2024,MB,A,45.1611,-60.0510,45.1611,-60.0510,6,,401677753,-127
260378,260378,UT,DS,4,1,0,,,01:17:30 03-Jun-2024,NN,A,45.1295,-60.1524,45.1295,-60.1524,8,,401677738,-137
260378,260378,UT,DS,1,0,0,,,01:25:01 03-Jun-2024,O3,B,45.1283,-60.1550,45.1283,-60.1550,6,,401677753,-133
260378,260378,UT,DS,6,0,0,88,45,12:15:31 03-Jun-2024,MC,1,45.1477,-60.1581,45.1477,-60.1581,48,,401677728,-124
260378,260378,UT,DS,5,0,0,142,45,12:28:54 03-Jun-2024,NK,1,45.1532,-60.1642,45.1532,-60.1642,46,,401677728,-117
260378,260378,UT,DS,5,0,0,112,45,12:25:18 03-Jun-2024,NP,1,45.1519,-60.1730,45.1519,-60.1730,46,,401677725,-130
260378,260378,UT,DS,2,0,0,45,45,13:01:55 03-Jun-2024,MB,B,45.1300,-60.1819,45.1300,-60.1819,8,,401677723,-126
260378,260378,UT,DS,2,0,0,47,47,13:42:39 03-Jun-2024,NN,B,45.1290,-60.2178,45.1290,-60.2178,8,,401677715,-129
260378,260378,UT,DS,6,1,0,,,13:56:30 03-Jun-2024,MC,2,45.1582,-60.1893,45.1582,-60.1893,56,,401677721,-120
260378,260378,UT,DS,9,1,1,,,14:03:41 03-Jun-2024,NP,1,45.1438,-60.1541,45.1438,-60.1541,46,,401677730,-124
260378,260378,UT,DS,5,0,0,157,45,14:39:32 03-Jun-2024,MB,1,45.1317,-60.1507,45.1317,-60.1507,48,,401677730,-127
260378,260378,UT,DS,4,0,0,126,46,15:02:39 03-Jun-2024,O3,0,45.1285,-60.1746,45.1285,-60.1746,46,,401677726,-132
260378,260378,UT,DS,7,1,0,,,15:17:33 03-Jun-2024,NN,0,45.1156,-60.0839,45.1156,-60.0839,56,,401677732,-122
260378,260378,UT,DS,4,0,0,132,45,15:36:11 03-Jun-2024,MC,1,45.1118,-60.1850,45.1118,-60.1850,46,,401677719,-122
260378,260378,UT,DS,5,0,0,108,45,15:47:58 03-Jun-2024,NP,1,45.1253,-60.1633,45.1253,-60.1633,46,,401677728,-129
260378,260378,UT,DS,5,1,1,,,21:43:19 03-Jun-2024,SR,2,45.1408,-60.1485,45.1408,-60.1485,48,,401677730,-121
260378,260378,UT,DS,5,0,0,122,45,22:04:06 03-Jun-2024,NK,3,45.1347,-60.1578,45.1347,-60.1578,56,,401677727,-120
260378,260378,UT,DS,3,0,0,115,45,22:15:27 03-Jun-2024,NP,A,45.1331,-60.1549,45.1331,-60.1549,6,,401677725,-138
260378,260378,UT,DS,3,0,0,124,45,22:23:56 03-Jun-2024,A1,A,45.1316,-60.1492,45.1316,-60.1492,6,,401677723,-119
260378,260378,UT,DS,2,0,0,45,45,22:41:55 03-Jun-2024,CS,B,45.1317,-60.1472,45.1317,-60.1472,6,,401677725,-134
260378,260378,UT,DS,6,0,0,99,45,23:21:39 03-Jun-2024,SR,3,45.1292,-60.1469,45.1292,-60.1469,58,,401677725,-125
260378,260378,UT,DS,2,0,0,215,215,23:29:56 03-Jun-2024,NN,B,45.1342,-60.1404,45.1342,-60.1404,6,,401677726,-135
260378,260378,UT,DS,6,0,0,96,45,23:43:56 03-Jun-2024,NK,3,45.1303,-60.1516,45.1303,-60.1516,56,,401677726,-124
260378,260378,UT,DS,6,0,0,96,45,23:39:56 03-Jun-2024,MC,3,45.1283,-60.1565,45.1283,-60.1565,56,,401677726,-119
260378,260378,UT,DS,8,2,0,,,23:50:47 03-Jun-2024,NP,3,45.1238,-60.1654,45.1238,-60.1654,56,,401677730,-125
260378,260378,UT,DS,3,0,1,106,46,00:01:35 04-Jun-2024,A1,A,45.1297,-60.1585,45.1297,-60.1585,6,,401677726,-129
260378,260378,UT,DS,5,1,1,,,00:23:40 04-Jun-2024,MB,1,45.1280,-60.1673,45.1280,-60.1673,46,,401677750,-127
260378,260378,UT,DS,1,0,0,,,02:51:38 04-Jun-2024,NN,B,45.1141,-60.1843,45.1141,-60.1843,8,,401677755,-128
260378,260378,UT,DS,1,0,0,,,11:56:37 04-Jun-2024,NK,B,45.1275,-60.1715,45.1275,-60.1715,8,,401677748,-123
260378,260378,UT,DS,2,0,0,195,195,13:25:38 04-Jun-2024,NN,B,45.1152,-60.2144,45.1152,-60.2144,8,,401677727,-128
260378,260378,UT,DS,2,0,0,287,287,13:56:42 04-Jun-2024,NP,B,45.0921,-60.2022,45.0921,-60.2022,8,,401677727,-123
260378,260378,UT,DS,2,0,1,95,95,14:24:32 04-Jun-2024,MB,B,45.0841,-60.2053,45.0841,-60.2053,6,,401677725,-127
260378,260378,UT,DS,2,0,0,513,513,15:05:57 04-Jun-2024,NN,B,45.0745,-60.2039,45.0745,-60.2039,8,,401677734,-127
260378,260378,UT,DS,1,0,0,,,15:14:31 04-Jun-2024,MC,B,45.0750,-60.2082,45.0750,-60.2082,6,,401677725,-126
260378,260378,UT,DS,2,0,0,258,258,15:57:27 04-Jun-2024,O3,B,45.1505,-60.2898,45.1505,-60.2898,6,,401677751,-129
260378,260378,UT,DS,3,0,0,158,45,16:48:11 04-Jun-2024,NN,A,45.0579,-60.2227,45.0579,-60.2227,8,,401677705,-127
260378,260378,UT,DS,1,0,0,,,21:35:39 04-Jun-2024,NK,B,45.0222,-60.1254,45.0222,-60.1254,8,,401677747,-133
260378,260378,UT,DS,1,0,0,,,21:58:49 04-Jun-2024,CS,B,45.0630,-60.1603,45.0630,-60.1603,,,401677731,-131
260378,260378,UT,DS,1,0,0,,,21:58:49 04-Jun-2024,A1,B,45.0578,-60.1494,45.0578,-60.1494,6,,401677718,-133
260378,260378,UT,DS,2,0,0,320,320,23:18:52 04-Jun-2024,NK,B,45.0566,-60.0792,45.0566,-60.0792,8,,401677740,-125
260378,260378,UT,DS,2,0,0,270,270,23:44:52 04-Jun-2024,NP,B,45.0521,-60.0831,45.0521,-60.0831,8,,401677748,-129
260378,260378,UT,DS,2,0,0,267,267,00:25:35 05-Jun-2024,SR,B,45.0665,-60.0618,45.0665,-60.0618,8,,401677729,-137
260378,260378,UT,DS,4,1,0,,,00:54:26 05-Jun-2024,NN,0,45.1299,-60.1297,45.1299,-60.1297,46,,401677741,-127
260378,260378,UT,DS,6,1,1,,,00:55:32 05-Jun-2024,MC,0,45.1341,-60.0952,45.1341,-60.0952,46,,401677751,-115
260378,260378,UT,DS,5,1,1,,,01:24:33 05-Jun-2024,NP,2,45.1298,-60.0774,,,56,,401677762,-124
260378,260378,UT,DS,3,0,0,113,91,01:32:26 05-Jun-2024,O3,A,45.1353,-60.0940,45.1353,-60.0940,6,,401677764,-134
260378,260378,UT,DS,2,0,0,45,45,01:47:02 05-Jun-2024,MB,B,45.1302,-60.0906,45.1302,-60.0906,6,,401677759,-133
260378,260378,UT,DS,2,0,0,188,188,13:11:56 05-Jun-2024,NK,B,45.2829,-60.2527,45.2829,-60.2527,8,,401677744,-125
260378,260378,UT,DS,3,0,1,186,184,13:18:11 05-Jun-2024,MC,A,45.2497,-60.2191,45.2497,-60.2191,6,,401677729,-122
260378,260378,UT,DS,2,0,0,189,189,13:13:30 05-Jun-2024,NN,B,45.2742,-60.2293,45.2742,-60.2293,8,,401677738,-133
260378,260378,UT,DS,4,1,0,,,13:38:18 05-Jun-2024,NP,0,45.2538,-60.2301,45.2538,-60.2301,56,,401677755,-125
260378,260378,UT,DS,7,1,0,,,13:57:42 05-Jun-2024,MB,0,45.2844,-60.2691,45.2844,-60.2691,46,,401677751,-131
260378,260378,UT,DS,9,1,1,,,14:58:19 05-Jun-2024,MC,1,45.2603,-60.2609,45.2603,-60.2609,46,,401677741,-115
260378,260378,UT,DS,7,1,0,,,14:53:23 05-Jun-2024,NN,1,45.2671,-60.2654,45.2671,-60.2654,48,,401677744,-122
260378,260378,UT,DS,3,0,0,172,158,15:10:24 05-Jun-2024,O3,A,45.2988,-60.2653,45.2988,-60.2653,6,,401677734,-132
260378,260378,UT,DS,4,0,0,126,45,15:22:11 05-Jun-2024,NP,0,45.2710,-60.3092,45.2710,-60.3092,46,,401677724,-126
260378,260378,UT,DS,1,0,1,,,15:45:18 05-Jun-2024,MB,B,45.2711,-60.3086,45.2711,-60.3086,6,,401677725,-133
260378,260378,UT,DS,4,0,0,201,170,16:31:57 05-Jun-2024,NN,1,45.3214,-60.3201,45.3214,-60.3201,48,,401677725,-130
260378,260378,UT,DS,1,0,0,,,16:34:48 05-Jun-2024,MC,B,45.3228,-60.3415,45.3228,-60.3415,6,,401677721,-132
260378,260378,UT,DS,2,0,0,212,212,16:54:51 05-Jun-2024,O3,B,45.3341,-60.3407,45.3341,-60.3407,6,,401677728,-119
260378,260378,UT,DS,2,0,0,430,430,21:36:32 05-Jun-2024,A1,B,45.4653,-60.3933,45.4653,-60.3933,8,,401677724,-139
260378,260378,UT,DS,3,0,0,148,105,22:20:19 05-Jun-2024,SR,A,45.5278,-60.4584,45.5278,-60.4584,7,,401677740,-118
260378,260378,UT,DS,1,0,0,,,23:06:37 05-Jun-2024,MC,B,45.5617,-60.4778,45.5617,-60.4778,8,,401677727,-127
260378,260378,UT,DS,2,0,0,174,174,23:06:37 05-Jun-2024,A1,B,45.5663,-60.4763,45.5663,-60.4763,8,,401677730,-131
260378,260378,UT,DS,1,0,0,,,23:32:10 05-Jun-2024,NP,B,45.5824,-60.4894,45.5824,-60.4894,6,,401677731,-131
260378,260378,UT,DS,5,1,0,,,23:44:09 05-Jun-2024,MB,3,45.5784,-60.4517,45.5784,-60.4517,56,,401677747,-128
260378,260378,UT,DS,7,1,1,,,23:58:30 05-Jun-2024,SR,2,45.5813,-60.4795,45.5813,-60.4795,56,,401677737,-125
260378,260378,UT,DS,2,0,0,107,107,00:34:49 06-Jun-2024,NK,B,45.5961,-60.4514,45.5961,-60.4514,7,,401677747,-127
260378,260378,UT,DS,5,0,0,120,46,00:38:14 06-Jun-2024,MC,2,45.6071,-60.4577,45.6071,-60.4577,57,,401677747,-113
260378,260378,UT,DS,4,0,1,154,46,00:43:00 06-Jun-2024,NN,2,45.6055,-60.4728,45.6055,-60.4728,56,,401677745,-133
260378,260378,UT,DS,5,1,1,,,01:11:15 06-Jun-2024,NP,1,45.6146,-60.4697,45.6146,-60.4697,46,,401677747,-122
260378,260378,UT,DS,2,0,1,334,334,01:25:59 06-Jun-2024,MB,B,45.6238,-60.4715,45.6238,-60.4715,6,,401677740,-132
260378,260378,UT,DS,1,0,0,,,02:55:30 06-Jun-2024,NP,B,45.6691,-60.4877,45.6691,-60.4877,8,,401677717,-137
260378,260378,UT,DS,2,0,2,546,546,11:03:00 06-Jun-2024,CS,B,45.7702,-60.4535,45.7702,-60.4535,8,,401677805,-138
260378,260378,UT,DS,4,0,1,120,89,11:05:00 06-Jun-2024,NK,2,45.5753,-60.5804,45.5753,-60.5804,56,,401677769,-128
260378,260378,UT,DS,2,0,1,87,87,11:52:19 06-Jun-2024,NP,B,45.5900,-60.5857,45.5900,-60.5857,8,,401677765,-135
260378,260378,UT,DS,4,1,0,,,12:45:01 06-Jun-2024,NK,3,45.5891,-60.5779,45.5891,-60.5779,58,,401677736,-125
260378,260378,UT,DS,6,0,1,134,53,12:50:03 06-Jun-2024,MC,1,45.5794,-60.5738,45.5794,-60.5738,48,,401677742,-118
260378,260378,UT,DS,3,0,0,118,58,13:01:18 06-Jun-2024,NN,A,45.5895,-60.5841,45.5895,-60.5841,6,,401677735,-133
260378,260378,UT,DS,3,0,0,202,90,13:32:29 06-Jun-2024,NP,A,45.5837,-60.5873,45.5837,-60.5873,6,,401677760,-124
260378,260378,UT,DS,2,0,0,94,94,13:47:32 06-Jun-2024,MB,B,45.5871,-60.5836,45.5871,-60.5836,6,,401677759,-130
260378,260378,UT,DS,1,0,0,,,14:29:24 06-Jun-2024,O3,B,45.5968,-60.5878,45.5968,-60.5878,8,,401677730,-140
260378,260378,UT,DS,3,1,0,,,14:30:13 06-Jun-2024,MC,A,45.6080,-60.5502,45.6080,-60.5502,8,,401677735,-126
260378,260378,UT,DS,3,0,1,221,217,14:41:14 06-Jun-2024,NN,A,45.5981,-60.5534,45.5981,-60.5534,6,,401677733,-124
260378,260378,UT,DS,1,0,0,,,15:09:37 06-Jun-2024,NP,B,45.6052,-60.5468,45.6052,-60.5468,6,,401677726,-137
260378,260378,UT,DS,5,0,1,140,45,16:06:37 06-Jun-2024,O3,1,45.6119,-60.5255,45.6119,-60.5255,47,,401677741,-121
260378,260378,UT,DS,2,0,1,225,225,16:11:00 06-Jun-2024,MC,B,45.6049,-60.5467,,,8,,401677735,-132
260378,260378,UT,DS,1,0,1,,,16:29:01 06-Jun-2024,NN,B,45.6004,-60.5307,,,6,,401677770,-129
260378,260378,UT,DS,1,0,0,,,22:14:45 06-Jun-2024,CS,B,45.5496,-60.4651,45.5496,-60.4651,8,,401677720,-137
260378,260378,UT,DS,1,0,0,,,22:26:28 06-Jun-2024,NK,B,45.5842,-60.4383,45.5842,-60.4383,6,,401677715,-126
260378,260378,UT,DS,3,0,0,55,50,22:47:34 06-Jun-2024,A1,A,45.6020,-60.4685,45.6020,-60.4685,6,,401677735,-129
260378,260378,UT,DS,3,0,0,108,45,23:21:22 06-Jun-2024,NP,A,45.5857,-60.4204,45.5857,-60.4204,7,,401677723,-127
260378,260378,UT,DS,6,0,1,101,45,23:28:46 06-Jun-2024,SR,1,45.5998,-60.3741,45.5998,-60.3741,46,,401677736,-124
260378,260378,UT,DS,3,0,0,50,45,23:29:41 06-Jun-2024,MB,A,45.5667,-60.3997,45.5667,-60.3997,6,,401677742,-133
260378,260378,UT,DS,2,0,0,392,392,00:06:35 07-Jun-2024,NK,B,45.5625,-60.4159,45.5625,-60.4159,8,,401677735,-135
260378,260378,UT,DS,1,0,0,,,00:17:33 07-Jun-2024,A1,B,45.5731,-60.3873,45.5731,-60.3873,8,,401677737,-134
260378,260378,UT,DS,3,0,0,123,45,00:20:15 07-Jun-2024,MC,A,45.5983,-60.4493,45.5983,-60.4493,8,,401677725,-121
260378,260378,UT,DS,2,0,0,209,209,00:56:47 07-Jun-2024,NP,B,45.6155,-60.4606,45.6155,-60.4606,8,,401677728,-131
260378,260378,UT,DS,6,0,2,88,48,01:39:37 07-Jun-2024,O3,2,45.6206,-60.5010,45.6206,-60.5010,57,,401677739,-129
260378,260378,UT,DS,7,1,2,,,01:57:44 07-Jun-2024,MC,2,45.6216,-60.5015,45.6216,-60.5015,56,,401677744,-119
260378,260378,UT,DS,1,0,0,,,02:11:28 07-Jun-2024,NN,B,45.6216,-60.5013,45.6216,-60.5013,6,,401677737,-123
260378,260378,UT,DS,3,0,0,159,149,11:36:15 07-Jun-2024,NP,A,45.6462,-60.4715,45.6462,-60.4715,8,,401677737,-136
260378,260378,UT,DS,3,0,0,92,46,12:00:05 07-Jun-2024,CS,A,45.6438,-60.4623,45.6438,-60.4623,6,,401677752,-134
260378,260378,UT,DS,6,0,1,117,53,12:19:05 07-Jun-2024,NK,1,45.6200,-60.4906,45.6200,-60.4906,46,,401677733,-123
260378,260378,UT,DS,8,2,0,,,12:30:53 07-Jun-2024,MC,2,45.6171,-60.4986,45.6171,-60.4986,56,,401677731,-120
260378,260378,UT,DS,15,2,1,,,13:14:50 07-Jun-2024,NP,2,45.6169,-60.5296,45.6169,-60.5296,48,,401677730,-128
260378,260378,UT,DS,8,0,0,77,45,13:19:04 07-Jun-2024,MB,2,45.6067,-60.4824,45.6067,-60.4824,56,,401677736,-125
260378,260378,UT,DS,2,0,0,48,48,13:56:49 07-Jun-2024,NK,B,45.6272,-60.5358,45.6272,-60.5358,8,,401677735,-132
260378,260378,UT,DS,5,0,1,78,45,14:11:28 07-Jun-2024,MC,1,45.6119,-60.4961,45.6119,-60.4961,56,,401677734,-113
260378,260378,UT,DS,9,3,0,,,21:38:11 07-Jun-2024,CS,2,45.6178,-60.4633,45.6178,-60.4633,58,,401677712,-126
260378,260378,UT,DS,11,3,0,,,21:58:38 07-Jun-2024,NK,3,45.6184,-60.4970,45.6184,-60.4970,56,,401677703,-121
260378,260378,UT,DS,11,4,0,,,22:21:51 07-Jun-2024,A1,3,45.6209,-60.4964,45.6209,-60.4964,56,,401677707,-120
260378,260378,UT,DS,2,0,0,45,45,22:22:13 07-Jun-2024,MC,B,45.6173,-60.5151,45.6173,-60.5151,6,,401677703,-130
260378,260378,UT,DS,8,1,0,,,23:59:52 07-Jun-2024,MC,3,45.6222,-60.4880,45.6222,-60.4880,58,,401677709,-114
260378,260378,UT,DS,6,0,0,80,46,00:19:05 08-Jun-2024,NN,1,45.6202,-60.4929,45.6202,-60.4929,56,,401677709,-130
260378,260378,UT,DS,5,0,2,50,46,00:33:11 08-Jun-2024,SR,0,45.6055,-60.5074,45.6055,-60.5074,46,,401677702,-131
260378,260378,UT,DS,8,1,2,,,00:42:08 08-Jun-2024,MB,1,45.6149,-60.5087,45.6149,-60.5087,56,,401677711,-124
260378,260378,UT,DS,11,2,1,,,00:54:13 08-Jun-2024,NP,2,45.6227,-60.4778,45.6227,-60.4778,56,,401677710,-120
260378,260378,UT,DS,1,0,0,,,00:57:37 08-Jun-2024,O3,B,45.6223,-60.4787,45.6223,-60.4787,6,,401677713,-138
260378,260378,UT,DS,8,3,0,,,11:19:19 08-Jun-2024,CS,3,45.6185,-60.4843,45.6185,-60.4843,58,,401677718,-127
260378,260378,UT,DS,1,0,1,,,11:26:40 08-Jun-2024,NP,B,45.6186,-60.4851,45.6186,-60.4851,6,,401677725,-140
260378,260378,UT,DS,10,2,0,,,11:52:29 08-Jun-2024,NK,2,45.6155,-60.4777,45.6155,-60.4777,56,,401677719,-123
260378,260378,UT,DS,7,1,0,,,12:10:17 08-Jun-2024,MC,2,45.6161,-60.4943,45.6161,-60.4943,56,,401677722,-126
260378,260378,UT,DS,4,0,0,125,96,12:56:00 08-Jun-2024,MB,3,45.6286,-60.5038,45.6286,-60.5038,58,,401677724,-126
260378,260378,UT,DS,11,2,0,,,13:02:18 08-Jun-2024,NP,3,45.6317,-60.5055,45.6317,-60.5055,56,,401677727,-133
260378,260378,UT,DS,4,0,0,167,83,13:32:25 08-Jun-2024,NK,3,45.6209,-60.4989,45.6209,-60.4989,58,,401677716,-130
260378,260378,UT,DS,7,2,1,,,13:49:23 08-Jun-2024,MC,2,45.6193,-60.4952,45.6193,-60.4952,56,,401677718,-111
260378,260378,UT,DS,3,0,0,225,223,14:13:18 08-Jun-2024,NN,A,45.6032,-60.4936,45.6032,-60.4936,6,,401677707,-122
260378,260378,UT,DS,1,0,0,,,21:33:03 08-Jun-2024,NK,B,45.5359,-60.4640,45.5359,-60.4640,8,,401677674,-133
260378,260378,UT,DS,2,0,0,344,344,21:58:37 08-Jun-2024,A1,B,45.3969,-60.1690,45.3969,-60.1690,6,,401677721,-127
260378,260378,UT,DS,4,0,0,225,212,22:26:40 08-Jun-2024,SR,1,45.3695,-60.2606,45.3695,-60.2606,56,,401677712,-119
260378,260378,UT,DS,1,0,1,,,22:34:21 08-Jun-2024,CS,B,45.3688,-60.2604,45.3688,-60.2604,6,,401677704,-137
260378,260378,UT,DS,3,0,0,219,215,22:54:05 08-Jun-2024,NP,A,45.3471,-60.2020,45.3471,-60.2020,6,,401677710,-130
260378,260378,UT,DS,4,0,1,80,45,23:13:46 08-Jun-2024,NK,1,45.3523,-60.2251,45.3523,-60.2251,46,,401677698,-123
260378,260378,UT,DS,3,0,1,116,90,23:32:08 08-Jun-2024,A1,A,45.3261,-60.1735,45.3261,-60.1735,6,,401677739,-127
260378,260378,UT,DS,3,0,0,257,252,23:35:46 08-Jun-2024,MC,A,45.3300,-60.1503,45.3300,-60.1503,6,,401677719,-120
260378,260378,UT,DS,2,0,1,197,197,00:04:15 09-Jun-2024,NN,B,45.3297,-60.1579,45.3297,-60.1579,,,401677710,-135
260378,260378,UT,DS,1,0,0,,,00:04:15 09-Jun-2024,SR,B,45.3238,-60.1419,45.3238,-60.1419,6,,401677720,-138
260378,260378,UT,DS,1,0,0,,,00:24:13 09-Jun-2024,MB,B,45.3236,-60.1538,45.3236,-60.1538,6,,401677701,-131
260378,260378,UT,DS,4,0,0,191,184,00:32:00 09-Jun-2024,NP,0,45.2936,-60.1690,45.2936,-60.1690,46,,401677719,-122
260378,260378,UT,DS,3,0,0,214,195,01:15:57 09-Jun-2024,MC,A,45.2724,-60.1325,45.2724,-60.1325,8,,401677726,-122
260378,260378,UT,DS,3,0,1,344,171,01:41:29 09-Jun-2024,NN,A,45.2820,-59.9856,45.2820,-59.9856,6,,401677730,-125
260378,260378,UT,DS,1,0,0,,,01:48:37 09-Jun-2024,O3,B,45.2826,-59.9831,45.2826,-59.9831,6,,401677749,-127
260378,260378,UT,DS,1,0,0,,,02:05:10 09-Jun-2024,MB,B,45.2768,-59.9734,45.2768,-59.9734,6,,401677743,-133
260378,260378,UT,DS,4,0,2,132,105,02:15:31 09-Jun-2024,NP,0,45.2850,-60.1201,45.2850,-60.1201,46,,401677728,-133
260378,260378,UT,DS,5,0,0,136,45,12:52:15 09-Jun-2024,NP,1,45.0747,-60.1153,45.0747,-60.1153,58,,401677750,-128
260378,260378,UT,DS,2,0,0,351,351,13:06:37 09-Jun-2024,NK,B,45.0900,-60.1284,45.0900,-60.1284,6,,401677753,-127
260378,260378,UT,DS,3,0,1,122,45,13:34:15 09-Jun-2024,MC,A,45.0716,-60.1678,45.0716,-60.1678,8,,401677707,-117
260378,260378,UT,DS,6,0,0,122,45,14:02:18 09-Jun-2024,NN,2,45.0821,-60.1289,45.0821,-60.1289,56,,401677717,-129
260378,260378,UT,DS,2,0,1,491,491,14:15:34 09-Jun-2024,MB,B,45.0868,-60.1418,45.0868,-60.1418,6,,401677715,-131
260378,260378,UT,DS,3,0,0,254,249,14:32:06 09-Jun-2024,NP,A,45.0859,-60.1374,45.0859,-60.1374,6,,401677714,-121
260378,260378,UT,DS,2,0,0,227,227,15:10:38 09-Jun-2024,MC,B,45.0902,-60.1403,45.0902,-60.1403,8,,401677718,-121
260378,260378,UT,DS,4,0,0,188,45,15:27:23 09-Jun-2024,O3,3,45.0816,-60.1528,,,66,,401677718,-127
260378,260378,UT,DS,2,0,0,198,198,15:48:35 09-Jun-2024,NN,B,45.0844,-60.1450,45.0844,-60.1450,8,,401677720,-127
260378,260378,UT,DS,3,1,0,,,21:31:46 09-Jun-2024,A1,A,45.1083,-60.1444,45.1083,-60.1444,8,,401677743,-133
260378,260378,UT,DS,8,1,2,,,21:52:24 09-Jun-2024,SR,3,45.1107,-60.1461,45.1107,-60.1461,56,,401677740,-124
260378,260378,UT,DS,5,0,0,72,45,21:51:27 09-Jun-2024,CS,2,45.1109,-60.1572,45.1109,-60.1572,58,,401677738,-124
260378,260378,UT,DS,1,0,0,,,22:50:50 09-Jun-2024,NK,B,45.0992,-60.1489,,,8,,401677727,-122
260378,260378,UT,DS,2,0,1,187,187,23:03:18 09-Jun-2024,A1,B,45.1026,-60.1440,45.1026,-60.1440,8,,401677718,-131
260378,260378,UT,DS,3,0,0,119,45,23:14:55 09-Jun-2024,MC,A,45.1045,-60.1579,45.1045,-60.1579,6,,401677719,-123
260378,260378,UT,DS,1,0,0,,,23:30:10 09-Jun-2024,SR,B,45.1049,-60.1572,45.1049,-60.1572,6,,401677718,-129
260378,260378,UT,DS,1,0,1,,,23:57:56 09-Jun-2024,NN,B,45.1054,-60.1575,45.1054,-60.1575,6,,401677722,-137
260378,260378,UT,DS,3,0,0,230,229,00:05:43 10-Jun-2024,MB,A,45.1119,-60.1698,,,6,,401677720,-128
260378,260378,UT,DS,4,0,0,153,45,00:20:49 10-Jun-2024,NP,1,45.1051,-60.1759,,,46,,401677724,-120
260378,260378,UT,DS,1,0,0,,,00:32:05 10-Jun-2024,NK,B,45.1051,-60.1762,45.1051,-60.1762,6,,401677726,-132
260378,260378,UT,DS,9,1,1,,,00:55:59 10-Jun-2024,MC,1,45.1236,-60.1293,45.1236,-60.1293,56,,401677751,-115
260378,260378,UT,DS,1,0,0,,,01:04:09 10-Jun-2024,O3,B,45.1251,-60.1133,45.1251,-60.1133,6,,401677759,-139
260378,260378,UT,DS,1,0,0,,,01:29:45 10-Jun-2024,NN,B,45.1254,-60.1135,45.1254,-60.1135,6,,401677738,-133
260378,260378,UT,DS,2,0,1,167,167,11:36:47 10-Jun-2024,CS,B,45.2273,-60.0492,45.2273,-60.0492,8,,401677770,-134
260378,260378,UT,DS,1,0,0,,,12:45:08 10-Jun-2024,NK,B,45.2351,-60.0245,45.2351,-60.0245,8,,401677762,-128
260378,260378,UT,DS,4,0,0,90,45,12:45:08 10-Jun-2024,NP,1,45.1726,-60.1012,45.1726,-60.1012,58,,401677761,-128
260378,260378,UT,DS,6,1,0,,,13:09:31 10-Jun-2024,MC,2,45.1244,-60.1280,45.1244,-60.1280,56,,401677753,-118
260378,260378,UT,DS,1,0,0,,,13:57:06 10-Jun-2024,NN,B,45.1234,-60.1230,,,,,401677710,-135
260378,260378,UT,DS,1,0,0,,,13:57:06 10-Jun-2024,MB,B,45.1234,-60.1230,45.1234,-60.1230,8,,401677710,-131
260378,260378,UT,DS,2,0,0,45,45,14:26:02 10-Jun-2024,NP,B,45.1390,-60.1114,,,6,,401677720,-129
260378,260378,UT,DS,1,0,0,,,14:44:37 10-Jun-2024,O3,B,45.1362,-60.1092,,,6,,401677725,-136
260378,260378,UT,DS,4,0,0,193,46,14:48:46 10-Jun-2024,MC,0,45.1238,-60.1498,45.1238,-60.1498,46,,401677720,-121
260378,260378,UT,DS,1,0,0,,,15:33:53 10-Jun-2024,NN,B,45.1186,-60.1451,45.1186,-60.1451,8,,401677718,-123
260378,260378,UT,DS,2,0,1,145,145,16:01:44 10-Jun-2024,NP,B,45.1477,-60.1505,,,6,,401677732,-133
260378,260378,UT,DS,3,0,0,182,181,16:21:16 10-Jun-2024,O3,A,45.1319,-60.1658,,,6,,401677725,-131
260378,260378,UT,DS,1,0,0,,,21:17:36 10-Jun-2024,CS,B,45.1265,-60.1747,45.1265,-60.1747,8,,401677714,-140
260378,260378,UT,DS,1,0,1,,,22:34:38 10-Jun-2024,NP,B,45.1034,-60.1569,45.1034,-60.1569,8,,401677715,-137
260378,260378,UT,DS,1,0,0,,,22:56:00 10-Jun-2024,MC,B,45.1082,-60.1560,45.1082,-60.1560,6,,401677716,-126
260378,260378,UT,DS,1,0,0,,,22:56:00 10-Jun-2024,SR,B,45.1001,-60.1537,45.1001,-60.1537,6,,401677721,-133
260378,260378,UT,DS,2,0,0,286,286,23:40:25 10-Jun-2024,MB,B,45.1004,-60.1469,45.1004,-60.1469,8,,401677722,-126
260378,260378,UT,DS,1,0,0,,,23:45:10 10-Jun-2024,NN,B,45.1015,-60.1464,45.1015,-60.1464,6,,401677721,-135
260378,260378,UT,DS,3,0,1,263,243,00:08:50 11-Jun-2024,NP,A,45.1030,-60.1484,45.1030,-60.1484,6,,401677721,-120
260378,260378,UT,DS,1,0,0,,,00:13:34 11-Jun-2024,A1,B,45.1032,-60.1482,45.1032,-60.1482,6,,401677720,-136
260378,260378,UT,DS,1,0,0,,,00:38:36 11-Jun-2024,MC,B,45.1039,-60.1487,45.1039,-60.1487,6,,401677723,-118
260378,260378,UT,DS,10,3,0,,,01:22:33 11-Jun-2024,NN,3,45.1127,-60.1492,45.1127,-60.1492,56,,401677752,-125
260378,260378,UT,DS,3,0,0,90,45,01:21:03 11-Jun-2024,MB,A,45.1176,-60.1265,45.1176,-60.1265,6,,401677753,-132
260378,260378,UT,DS,1,0,0,,,01:48:37 11-Jun-2024,NP,B,45.1120,-60.1481,45.1120,-60.1481,6,,401677738,-135
260378,260378,UT,DS,1,0,0,,,10:57:03 11-Jun-2024,CS,B,45.1151,-60.0279,45.1151,-60.0279,8,,401677741,-137
260378,260378,UT,DS,4,0,0,166,45,12:15:19 11-Jun-2024,NK,1,45.1441,-60.1367,45.1441,-60.1367,48,,401677721,-124
260378,260378,UT,DS,1,0,0,,,12:27:28 11-Jun-2024,NP,B,45.1357,-60.1461,45.1357,-60.1461,8,,401677714,-137
260378,260378,UT,DS,5,0,0,103,45,12:49:09 11-Jun-2024,MC,3,45.1376,-60.1479,45.1376,-60.1479,56,,401677719,-122
260378,260378,UT,DS,4,0,0,211,45,13:32:15 11-Jun-2024,MB,0,45.1474,-60.1462,45.1474,-60.1462,48,,401677726,-124
260378,260378,UT,DS,2,0,1,45,45,13:38:52 11-Jun-2024,NN,B,45.1412,-60.1491,45.1412,-60.1491,6,,401677720,-130
260378,260378,UT,DS,1,0,0,,,13:50:47 11-Jun-2024,NK,B,45.1434,-60.1507,45.1434,-60.1507,6,,401677724,-137
260378,260378,UT,DS,5,0,0,173,45,14:04:42 11-Jun-2024,NP,1,45.1504,-60.1632,45.1504,-60.1632,46,,401677721,-119
260378,260378,UT,DS,6,0,0,132,45,14:28:03 11-Jun-2024,MC,1,45.1423,-60.1359,45.1423,-60.1359,46,,401677722,-116
260378,260378,UT,DS,3,0,0,111,45,15:21:12 11-Jun-2024,NN,A,45.1484,-60.1690,45.1484,-60.1690,8,,401677723,-124
260378,260378,UT,DS,4,0,1,127,46,15:38:31 11-Jun-2024,O3,0,45.1381,-60.1551,45.1381,-60.1551,46,,401677724,-119
260378,260378,UT,DS,4,0,0,150,45,21:52:45 11-Jun-2024,NK,2,45.1433,-60.1687,45.1433,-60.1687,58,,401677718,-135
260378,260378,UT,DS,1,0,0,,,22:18:44 11-Jun-2024,A1,B,45.1488,-60.1639,45.1488,-60.1639,6,,401677724,-121
260378,260378,UT,DS,4,0,0,93,45,22:28:35 11-Jun-2024,SR,0,45.1447,-60.1522,45.1447,-60.1522,56,,401677722,-128
260378,260378,UT,DS,1,0,0,,,22:38:24 11-Jun-2024,MC,B,45.1466,-60.1569,45.1466,-60.1569,6,,401677726,-129
260378,260378,UT,DS,1,0,0,,,23:40:34 11-Jun-2024,NK,B,45.1514,-60.1679,45.1514,-60.1679,8,,401677717,-126
260378,260378,UT,DS,1,0,0,,,23:51:17 11-Jun-2024,A1,B,45.1446,-60.1691,45.1446,-60.1691,6,,401677725,-137
260378,260378,UT,DS,4,0,0,147,46,23:55:13 11-Jun-2024,NP,2,45.1393,-60.1793,45.1393,-60.1793,56,,401677722,-123
260378,260378,UT,DS,2,0,1,210,210,00:07:25 12-Jun-2024,SR,B,45.1367,-60.1775,45.1367,-60.1775,6,,401677720,-133
260378,260378,UT,DS,2,0,2,209,209,00:19:27 12-Jun-2024,MC,B,45.1393,-60.1820,45.1393,-60.1820,6,,401677723,-127
260378,260378,UT,DS,1,0,0,,,01:02:14 12-Jun-2024,MB,B,45.1510,-60.1878,45.1510,-60.1878,6,,401677744,-125
260378,260378,UT,DS,1,0,1,,,02:52:02 12-Jun-2024,NN,B,45.1621,-60.1977,45.1621,-60.1977,8,,401677744,-135
260378,260378,UT,DS,3,0,0,106,46,11:50:49 12-Jun-2024,NK,A,45.1200,-60.1547,45.1200,-60.1547,8,,401677720,-127
260378,260378,UT,DS,4,0,2,166,45,13:14:38 12-Jun-2024,MB,1,45.1244,-60.1703,45.1244,-60.1703,48,,401677732,-128
260378,260378,UT,DS,1,0,0,,,13:30:03 12-Jun-2024,NK,B,45.1242,-60.1707,45.1242,-60.1707,6,,401677734,-130
260378,260378,UT,DS,1,0,0,,,13:59:24 12-Jun-2024,NP,B,45.1265,-60.1740,45.1265,-60.1740,6,,401677734,-137
260378,260378,UT,DS,1,0,0,,,14:13:33 12-Jun-2024,MC,,,,,,,,401650000,
260378,260378,UT,DS,4,0,0,160,45,14:47:58 12-Jun-2024,O3,1,45.0995,-60.1626,45.0995,-60.1626,58,,401677725,-132
260378,260378,UT,DS,1,0,0,,,14:53:46 12-Jun-2024,MB,B,45.1122,-60.1895,45.1122,-60.1895,6,,401677719,-134
260378,260378,UT,DS,2,0,0,232,232,15:12:12 12-Jun-2024,NN,B,45.1232,-60.1940,45.1232,-60.1940,6,,401677713,-135
260378,260378,UT,DS,1,0,0,,,21:29:42 12-Jun-2024,CS,B,45.0918,-60.1642,,,8,,401677730,-140
260378,260378,UT,DS,1,0,0,,,21:53:44 12-Jun-2024,A1,B,45.1100,-60.1541,45.1100,-60.1541,6,,401677718,-130
260378,260378,UT,DS,3,0,1,125,45,21:59:02 12-Jun-2024,SR,A,45.1149,-60.1574,45.1149,-60.1574,6,,401677721,-121
260378,260378,UT,DS,1,0,0,,,22:09:03 12-Jun-2024,NP,B,45.1148,-60.1572,45.1148,-60.1572,6,,401677722,-139
260378,260378,UT,DS,1,0,0,,,23:14:45 12-Jun-2024,NK,B,45.1098,-60.1552,45.1098,-60.1552,8,,401677730,-120
260378,260378,UT,DS,2,0,0,231,231,23:24:48 12-Jun-2024,A1,B,45.1256,-60.1501,45.1256,-60.1501,8,,401677724,-127
260378,260378,UT,DS,2,0,0,45,45,23:41:50 12-Jun-2024,SR,B,45.1303,-60.1568,45.1303,-60.1568,6,,401677721,-132
260378,260378,UT,DS,2,0,0,185,185,23:42:12 12-Jun-2024,NP,B,45.1336,-60.1674,45.1336,-60.1674,6,,401677721,-127
260378,260378,UT,DS,1,0,0,,,23:56:31 12-Jun-2024,MC,,,,,,,,401650000,
260378,260378,UT,DS,4,0,1,90,45,00:38:57 13-Jun-2024,MB,0,45.1794,-60.0099,45.1794,-60.0099,48,,401677731,-131
260378,260378,UT,DS,2,0,0,179,179,01:35:58 13-Jun-2024,MC,,,,,,,,401650000,
260378,260378,UT,DS,2,0,0,361,361,02:01:31 13-Jun-2024,O3,B,45.2214,-60.1307,45.2214,-60.1307,8,,401677725,-128
260378,260378,UT,DS,1,0,0,,,02:44:22 13-Jun-2024,NN,B,45.2342,-60.1241,45.2342,-60.1241,8,,401677731,-129
260378,260378,UT,DS,1,0,0,,,12:07:03 13-Jun-2024,NP,B,45.1274,-60.2282,45.1274,-60.2282,,,401677723,-129
260378,260378,UT,DS,3,0,0,228,224,12:07:03 13-Jun-2024,MC,A,45.1273,-60.2281,45.1273,-60.2281,8,,401677735,-132
260378,260378,UT,DS,1,0,1,,,13:41:27 13-Jun-2024,NP,B,45.1423,-60.2236,45.1423,-60.2236,8,,401677722,-139
260378,260378,UT,DS,1,0,0,,,13:53:58 13-Jun-2024,MC,B,45.1471,-60.2424,45.1471,-60.2424,6,,401677721,-118
260378,260378,UT,DS,1,0,0,,,14:39:59 13-Jun-2024,MB,B,45.1479,-60.2256,45.1479,-60.2256,7,,401677731,-129
260378,260378,UT,DS,3,0,1,129,61,14:55:44 13-Jun-2024,NN,A,45.1669,-60.2570,45.1669,-60.2570,6,,401677738,-121
260378,260378,UT,DS,2,0,1,49,49,15:29:17 13-Jun-2024,NP,B,45.1887,-60.1979,45.1887,-60.1979,7,,401677749,-133
260378,260378,UT,DS,1,0,1,,,15:29:41 13-Jun-2024,MC,B,45.1724,-60.2521,45.1724,-60.2521,8,,401677748,-128
260378,260378,UT,DS,2,0,0,225,225,15:44:52 13-Jun-2024,O3,B,45.1648,-60.1773,45.1648,-60.1773,6,,401677738,-131
260378,260378,UT,DS,2,0,0,45,45,16:39:37 13-Jun-2024,NN,B,45.1806,-60.1265,45.1806,-60.1265,7,,401677766,-127
260378,260378,UT,DS,1,0,0,,,21:32:13 13-Jun-2024,A1,B,45.1581,-60.1595,45.1581,-60.1595,,,401677744,-134
260378,260378,UT,DS,1,0,0,,,21:32:13 13-Jun-2024,SR,B,45.2608,-59.9370,45.2608,-59.9370,8,,401677772,-135
260378,260378,UT,DS,1,0,0,,,21:58:16 13-Jun-2024,NP,B,45.1542,-60.1560,45.1542,-60.1560,6,,401677734,-137
260378,260378,UT,DS,1,0,0,,,22:29:16 13-Jun-2024,CS,B,45.1449,-60.1886,45.1449,-60.1886,8,,401677720,-135
260378,260378,UT,DS,3,0,0,120,45,22:43:06 13-Jun-2024,NK,A,45.1236,-60.1619,45.1236,-60.1619,6,,401677725,-122
260378,260378,UT,DS,4,0,1,158,45,23:02:12 13-Jun-2024,A1,1,45.1168,-60.1780,45.1168,-60.1780,46,,401677723,-128
260378,260378,UT,DS,3,0,0,254,216,23:07:19 13-Jun-2024,SR,A,45.1131,-60.1717,45.1131,-60.1717,8,,401677724,-124
260378,260378,UT,DS,5,0,0,140,45,23:29:01 13-Jun-2024,NP,2,45.1152,-60.1889,45.1152,-60.1889,58,,401677724,-122
260378,260378,UT,DS,5,0,0,125,45,23:33:44 13-Jun-2024,MC,3,45.1061,-60.1916,45.1061,-60.1916,66,,401677725,-116
260378,260378,UT,DS,4,1,0,,,00:15:21 14-Jun-2024,MB,1,45.1143,-60.1840,45.1143,-60.1840,48,,401677725,-126
260378,260378,UT,DS,3,0,0,116,45,00:28:45 14-Jun-2024,NK,A,45.1184,-60.1745,45.1184,-60.1745,6,,401677724,-127
260378,260378,UT,DS,3,0,0,223,223,00:42:18 14-Jun-2024,NN,A,45.1174,-60.1799,45.1174,-60.1799,6,,401677725,-124
260378,260378,UT,DS,1,0,0,,,00:42:18 14-Jun-2024,SR,B,45.1170,-60.1806,45.1170,-60.1806,,,401677724,-138
260378,260378,UT,DS,3,0,0,216,198,01:12:10 14-Jun-2024,MC,A,45.1209,-60.1479,45.1209,-60.1479,6,,401677727,-118
260378,260378,UT,DS,2,0,0,234,234,01:19:22 14-Jun-2024,NP,B,45.1197,-60.1472,45.1197,-60.1472,6,,401677727,-131
260378,260378,UT,DS,1,0,0,,,01:16:13 14-Jun-2024,O3,B,45.1206,-60.1489,45.1206,-60.1489,6,,401677727,-136
260378,260378,UT,DS,1,0,0,,,02:55:11 14-Jun-2024,O3,B,45.1256,-60.1233,45.1256,-60.1233,8,,401677746,-124
260378,260378,UT,DS,1,0,1,,,02:55:11 14-Jun-2024,NP,B,45.1228,-60.1376,45.1228,-60.1376,,,401677752,-139
260378,260378,UT,DS,1,0,0,,,02:55:11 14-Jun-2024,MC,B,45.1183,-60.1249,45.1183,-60.1249,7,,401677755,-127
260378,260378,UT,DS,2,0,0,45,45,11:48:39 14-Jun-2024,MC,B,45.1452,-60.1526,45.1452,-60.1526,8,,401677741,-128
260378,260378,UT,DS,4,0,0,143,45,11:49:24 14-Jun-2024,NP,0,45.1171,-60.1086,45.1171,-60.1086,46,,401677730,-132
260378,260378,UT,DS,3,0,0,107,45,12:11:05 14-Jun-2024,CS,A,45.1240,-60.0930,45.1240,-60.0930,6,,401677736,-136
260378,260378,UT,DS,2,0,1,471,471,12:31:57 14-Jun-2024,MB,B,45.1201,-60.1110,45.1201,-60.1110,6,,401677728,-129
260378,260378,UT,DS,2,0,1,45,45,12:40:10 14-Jun-2024,NK,B,45.1166,-60.1109,45.1166,-60.1109,6,,401677728,-123
260378,260378,UT,DS,6,0,1,134,45,13:24:17 14-Jun-2024,MC,1,45.1242,-60.1052,45.1242,-60.1052,48,,401677733,-122
260378,260378,UT,DS,4,0,1,88,45,13:31:29 14-Jun-2024,NP,0,45.1200,-60.1345,45.1200,-60.1345,46,,401677728,-119
260378,260378,UT,DS,3,0,1,200,139,14:11:16 14-Jun-2024,MB,A,45.1189,-60.1178,45.1189,-60.1178,8,,401677731,-126
260378,260378,UT,DS,4,0,1,208,161,14:38:19 14-Jun-2024,NN,2,45.1240,-60.1134,45.1240,-60.1134,56,,401677732,-125
260378,260378,UT,DS,4,0,0,129,45,14:55:09 14-Jun-2024,O3,0,45.1207,-60.1178,45.1207,-60.1178,46,,401677730,-136
260378,260378,UT,DS,5,0,0,165,46,15:04:58 14-Jun-2024,MC,1,45.1175,-60.0987,45.1175,-60.0987,46,,401677728,-121
260378,260378,UT,DS,4,0,2,126,45,15:14:41 14-Jun-2024,NP,0,45.1094,-60.1117,45.1094,-60.1117,46,,401677726,-125
260378,260378,UT,DS,3,0,0,128,46,16:25:23 14-Jun-2024,NN,A,45.1725,-60.1384,45.1725,-60.1384,7,,401677723,-127
260378,260378,UT,DS,2,0,0,263,263,16:36:57 14-Jun-2024,O3,B,45.3040,-60.1512,45.3040,-60.1512,6,,401677811,-121
260378,260378,UT,DS,4,0,0,90,90,21:45:31 14-Jun-2024,CS,1,45.0693,-60.0650,45.0693,-60.0650,58,,401677762,-128
260378,260378,UT,DS,3,0,0,278,250,22:21:36 14-Jun-2024,NK,A,45.0566,-60.1244,45.0566,-60.1244,8,,401677717,-121
260378,260378,UT,DS,3,0,0,217,215,22:35:31 14-Jun-2024,SR,A,45.0558,-60.0267,45.0558,-60.0267,8,,401677715,-120
260378,260378,UT,DS,3,0,0,162,46,22:40:42 14-Jun-2024,A1,A,45.0550,-60.0261,45.0550,-60.0261,6,,401677715,-123
260378,260378,UT,DS,3,0,0,216,214,23:13:03 14-Jun-2024,MC,A,45.0504,-60.0519,45.0504,-60.0519,8,,401677719,-124
260378,260378,UT,DS,3,0,1,246,214,23:18:28 14-Jun-2024,NP,A,45.0386,-60.0322,45.0386,-60.0322,6,,401677721,-126
260378,260378,UT,DS,3,0,0,162,136,00:00:30 15-Jun-2024,MB,A,45.0260,-60.0940,45.0260,-60.0940,8,,401677717,-127
260378,260378,UT,DS,2,0,0,188,188,00:02:04 15-Jun-2024,NK,B,45.0206,-60.0810,45.0206,-60.0810,6,,401677730,-132
260378,260378,UT,DS,1,0,0,,,00:10:16 15-Jun-2024,A1,B,45.0209,-60.0801,45.0209,-60.0801,6,,401677723,-140
260378,260378,UT,DS,1,0,0,,,00:15:48 15-Jun-2024,SR,B,45.0236,-60.0942,45.0236,-60.0942,6,,401677756,-134
260378,260378,UT,DS,3,0,0,209,86,00:31:05 15-Jun-2024,NN,A,45.0130,-60.1434,45.0130,-60.1434,6,,401677707,-129
260378,260378,UT,DS,4,0,0,163,158,00:51:56 15-Jun-2024,MC,0,44.9736,-60.0774,44.9736,-60.0774,46,,401677735,-113
260378,260378,UT,DS,6,0,0,120,86,00:56:03 15-Jun-2024,NP,1,44.9737,-60.0468,44.9737,-60.0468,46,,401677746,-122
260378,260378,UT,DS,3,0,1,174,63,01:36:07 15-Jun-2024,MB,A,44.9193,-60.0711,44.9193,-60.0711,8,,401677747,-132
260378,260378,UT,DS,2,0,0,176,176,02:09:20 15-Jun-2024,O3,B,44.8974,-60.0773,44.8974,-60.0773,8,,401677749,-128
260378,260378,UT,DS,5,0,0,142,91,02:10:47 15-Jun-2024,NN,0,44.9174,-60.0351,44.9174,-60.0351,46,,401677743,-122
260378,260378,UT,DS,3,0,0,148,94,02:32:53 15-Jun-2024,MC,A,44.9095,-60.0714,44.9095,-60.0714,6,,401677751,-126
260378,260378,UT,DS,1,0,0,,,02:43:35 15-Jun-2024,NP,B,44.9077,-60.0690,44.9077,-60.0690,6,,401677751,-135
260378,260378,UT,DS,2,0,0,305,305,11:30:29 15-Jun-2024,CS,B,44.6883,-59.9030,44.6883,-59.9030,8,,401677744,-131
260378,260378,UT,DS,1,0,0,,,11:33:01 15-Jun-2024,SR,B,44.6474,-59.9772,44.6474,-59.9772,8,,401677714,-134
260378,260378,UT,DS,1,0,0,,,11:39:28 15-Jun-2024,NP,B,44.6335,-59.9706,44.6335,-59.9706,6,,401677723,-133
260378,260378,UT,DS,4,0,0,221,184,12:13:08 15-Jun-2024,NK,0,44.6319,-59.9586,44.6319,-59.9586,48,,401677728,-125
260378,260378,UT,DS,1,0,0,,,13:07:28 15-Jun-2024,MC,B,44.5987,-59.9532,44.5987,-59.9532,8,,401677727,-120
260378,260378,UT,DS,4,0,0,191,160,13:19:06 15-Jun-2024,NP,0,44.5854,-59.9148,44.5854,-59.9148,46,,401677730,-130
260378,260378,UT,DS,3,0,0,140,45,13:51:07 15-Jun-2024,NK,A,44.5713,-59.8805,44.5713,-59.8805,6,,401677725,-130
260378,260378,UT,DS,5,0,1,198,45,13:49:00 15-Jun-2024,MB,0,44.5817,-59.9053,44.5817,-59.9053,46,,401677722,-126
260378,260378,UT,DS,1,0,1,,,14:10:06 15-Jun-2024,O3,B,44.5728,-59.9008,44.5728,-59.9008,6,,401677729,-138
260378,260378,UT,DS,5,0,0,189,45,14:27:25 15-Jun-2024,NN,2,44.5623,-59.8943,44.5623,-59.8943,56,,401677721,-123
260378,260378,UT,DS,2,0,0,290,290,14:48:21 15-Jun-2024,MC,B,44.5551,-59.8943,44.5551,-59.8943,6,,401677719,-118
260378,260378,UT,DS,3,0,0,342,233,14:57:15 15-Jun-2024,NP,A,44.5621,-59.8751,44.5621,-59.8751,6,,401677727,-129
260378,260378,UT,DS,1,0,0,,,15:39:10 15-Jun-2024,MB,B,44.5444,-59.8664,44.5444,-59.8664,8,,401677729,-131
260378,260378,UT,DS,4,0,0,126,45,15:51:18 15-Jun-2024,O3,2,44.5387,-59.8889,44.5387,-59.8889,56,,401677723,-120
260378,260378,UT,DS,4,0,0,149,45,16:10:17 15-Jun-2024,NN,2,44.5392,-59.8291,44.5392,-59.8291,56,,401677730,-129
260378,260378,UT,DS,1,0,0,,,16:29:42 15-Jun-2024,MC,B,44.5312,-59.8204,44.5312,-59.8204,6,,401677734,-129
260378,260378,UT,DS,4,0,0,172,45,21:55:57 15-Jun-2024,NK,0,44.4837,-59.8474,44.4837,-59.8474,48,,401677736,-127
260378,260378,UT,DS,5,0,0,144,45,22:02:48 15-Jun-2024,SR,1,44.4901,-59.8223,44.4901,-59.8223,46,,401677735,-118
260378,260378,UT,DS,2,0,0,362,362,22:14:20 15-Jun-2024,A1,B,44.4914,-59.8245,44.4914,-59.8245,6,,401677734,-128
260378,260378,UT,DS,2,0,0,407,407,22:51:49 15-Jun-2024,MC,B,44.4835,-59.7977,44.4835,-59.7977,8,,401677731,-129
260378,260378,UT,DS,4,0,0,201,198,23:09:00 15-Jun-2024,NP,2,44.4813,-59.7961,44.4813,-59.7961,56,,401677729,-126
260378,260378,UT,DS,5,0,0,174,45,23:34:41 15-Jun-2024,NK,3,44.4784,-59.7968,,,56,,401677729,-126
260378,260378,UT,DS,6,0,1,106,45,23:44:10 15-Jun-2024,SR,1,44.4738,-59.7605,44.4738,-59.7605,46,,401677737,-128
260378,260378,UT,DS,3,0,1,139,45,23:37:34 15-Jun-2024,MB,A,44.4728,-59.7752,44.4728,-59.7752,6,,401677729,-126
260378,260378,UT,DS,5,0,0,75,45,23:46:17 15-Jun-2024,A1,1,44.4450,-59.7314,44.4450,-59.7314,46,,401677742,-129
260378,260378,UT,DS,4,0,1,88,60,00:18:15 16-Jun-2024,NN,0,44.4865,-59.7564,,,47,,401677751,-127
260378,260378,UT,DS,5,0,0,177,74,00:29:09 16-Jun-2024,MC,1,44.4540,-59.7727,44.4540,-59.7727,46,,401677729,-127
260378,260378,UT,DS,4,0,0,225,73,00:45:44 16-Jun-2024,NP,0,44.5868,-59.6453,44.5868,-59.6453,46,,401677728,-126
260378,260378,UT,DS,2,0,1,90,90,01:26:25 16-Jun-2024,O3,B,44.4781,-59.7142,44.4781,-59.7142,6,,401677768,-136
260378,260378,UT,DS,3,0,0,89,88,01:59:25 16-Jun-2024,NN,A,44.4430,-59.8035,44.4430,-59.8035,8,,401677760,-121
260378,260378,UT,DS,2,0,0,444,444,02:09:54 16-Jun-2024,MC,B,44.4500,-59.7689,44.4500,-59.7689,6,,401677757,-126
260378,260378,UT,DS,1,0,0,,,02:35:08 16-Jun-2024,NP,B,44.4475,-59.7672,44.4475,-59.7672,6,,401677754,-137
260378,260378,UT,DS,1,0,0,,,12:48:16 16-Jun-2024,MC,B,44.1851,-60.3806,44.1851,-60.3806,8,,401677680,-124
260378,260378,UT,DS,3,0,0,216,210,13:04:51 16-Jun-2024,NP,A,44.4351,-59.7187,44.4351,-59.7187,6,,401677734,-124
260378,260378,UT,DS,1,0,0,,,13:30:09 16-Jun-2024,NK,B,44.4350,-59.7187,44.4350,-59.7187,6,,401677734,-133
260378,260378,UT,DS,3,0,0,213,191,14:16:17 16-Jun-2024,NN,A,44.4333,-59.7286,44.4333,-59.7286,8,,401677736,-129
260378,260378,UT,DS,3,0,1,201,162,14:23:22 16-Jun-2024,MC,A,44.4267,-59.6839,44.4267,-59.6839,6,,401677735,-117
260378,260378,UT,DS,1,0,0,,,14:50:40 16-Jun-2024,NP,B,44.4087,-59.7077,44.4087,-59.7077,6,,401677769,-127
260378,260378,UT,DS,2,0,1,141,141,15:05:56 16-Jun-2024,O3,B,44.4029,-59.7415,44.4029,-59.7415,6,,401677765,-132
260378,260378,UT,DS,2,0,1,196,196,21:26:49 16-Jun-2024,NK,B,44.2387,-59.7370,44.2387,-59.7370,8,,401677799,-127
260378,260378,UT,DS,2,0,2,242,242,21:32:05 16-Jun-2024,SR,B,44.4126,-59.6626,44.4126,-59.6626,6,,401677722,-130
260378,260378,UT,DS,3,0,0,232,229,21:49:58 16-Jun-2024,A1,A,44.4329,-59.6545,44.4329,-59.6545,6,,401677725,-132
260378,260378,UT,DS,1,0,0,,,22:01:36 16-Jun-2024,CS,B,44.4323,-59.6524,44.4323,-59.6524,6,,401677724,-140
260378,260378,UT,DS,2,0,1,277,277,22:33:13 16-Jun-2024,MC,B,44.4374,-59.6540,44.4374,-59.6540,5,,401677766,-127
260378,260378,UT,DS,1,0,0,,,00:09:26 17-Jun-2024,NN,B,44.4046,-59.6713,44.4046,-59.6713,,,401677729,-133
260378,260378,UT,DS,2,0,0,261,261,00:09:26 17-Jun-2024,MC,B,44.3971,-59.6909,44.3971,-59.6909,8,,401677740,-128
260378,260378,UT,DS,10,2,3,,,00:35:42 17-Jun-2024,NP,0,44.4403,-59.5263,44.4403,-59.5263,46,,401677758,-120
260378,260378,UT,DS,1,0,0,,,00:49:49 17-Jun-2024,NK,B,44.4330,-59.5415,44.4330,-59.5415,6,,401677730,-137
260378,260378,UT,DS,2,0,0,148,148,01:03:02 17-Jun-2024,MB,B,44.4841,-59.4246,44.4841,-59.4246,6,,401677734,-127
260378,260378,UT,DS,1,0,0,,,01:47:59 17-Jun-2024,NN,B,44.4721,-59.4454,44.4721,-59.4454,8,,401677736,-137
260378,260378,UT,DS,1,0,0,,,02:20:03 17-Jun-2024,NP,B,44.4677,-59.4476,44.4677,-59.4476,8,,401677735,-133
260378,260378,UT,DS,2,0,0,92,92,02:20:50 17-Jun-2024,O3,B,44.4527,-59.4949,44.4527,-59.4949,6,,401677775,-130
260378,260378,UT,DS,1,0,0,,,11:44:42 17-Jun-2024,CS,B,44.4815,-59.4087,44.4815,-59.4087,8,,401677744,-138
260378,260378,UT,DS,2,0,1,234,234,12:24:55 17-Jun-2024,MC,B,44.5065,-59.5061,44.5065,-59.5061,8,,401677754,-121
260378,260378,UT,DS,2,0,1,491,491,13:01:20 17-Jun-2024,NK,B,44.4620,-59.4068,44.4620,-59.4068,6,,401677729,-130
260378,260378,UT,DS,2,0,1,266,266,12:57:15 17-Jun-2024,NP,B,44.4599,-59.4142,44.4599,-59.4142,8,,401677719,-130
260378,260378,UT,DS,6,1,1,,,14:02:15 17-Jun-2024,MC,0,44.3879,-59.0504,44.3879,-59.0504,47,,401677731,-114
260378,260378,UT,DS,3,0,0,244,207,14:05:37 17-Jun-2024,NN,A,44.4940,-59.4359,44.4940,-59.4359,6,,401677706,-126
260378,260378,UT,DS,4,0,0,162,90,14:36:32 17-Jun-2024,NP,0,44.4775,-59.3793,44.4775,-59.3793,48,,401677736,-122
260378,260378,UT,DS,3,0,0,197,197,14:52:03 17-Jun-2024,MB,A,44.4837,-59.4056,44.4837,-59.4056,6,,401677736,-129
260378,260378,UT,DS,5,0,1,175,45,15:41:43 17-Jun-2024,NN,0,44.4947,-59.3661,44.4947,-59.3661,48,,401677730,-124
260378,260378,UT,DS,3,0,0,152,45,15:45:25 17-Jun-2024,MC,A,44.5140,-59.3231,44.5140,-59.3231,6,,401677734,-125
260378,260378,UT,DS,7,1,0,,,15:59:34 17-Jun-2024,O3,0,44.4885,-59.4898,44.4885,-59.4898,46,,401677736,-122
260378,260378,UT,DS,2,0,0,208,208,16:16:59 17-Jun-2024,NP,B,44.4976,-59.3447,44.4976,-59.3447,8,,401677730,-136
260378,260378,UT,DS,5,1,0,,,22:43:49 17-Jun-2024,SR,0,44.3319,-59.3481,44.3319,-59.3481,46,,401677749,-125
260378,260378,UT,DS,5,1,0,,,22:42:25 17-Jun-2024,NK,0,44.4627,-58.9199,44.4627,-58.9199,48,,401677731,-119
260378,260378,UT,DS,3,0,1,141,138,22:43:46 17-Jun-2024,NP,A,44.4799,-59.3257,44.4799,-59.3257,8,,401677709,-132
260378,260378,UT,DS,4,0,0,147,91,22:59:14 17-Jun-2024,A1,1,44.3316,-59.4712,44.3316,-59.4712,46,,401677742,-120
260378,260378,UT,DS,6,0,0,97,54,23:53:16 17-Jun-2024,MC,1,44.2853,-59.5647,44.2853,-59.5647,48,,401677732,-115
260378,260378,UT,DS,5,0,0,93,47,23:53:49 17-Jun-2024,NN,0,44.2740,-59.5102,44.2740,-59.5102,46,,401677740,-133
260378,260378,UT,DS,2,0,0,244,244,00:20:40 18-Jun-2024,SR,B,44.2829,-59.4774,44.2829,-59.4774,6,,401677731,-137
260378,260378,UT,DS,5,0,0,173,119,00:21:35 18-Jun-2024,NP,0,44.2582,-59.4822,44.2582,-59.4822,46,,401677735,-119
260378,260378,UT,DS,1,0,0,,,00:22:43 18-Jun-2024,NK,B,44.2577,-59.4825,44.2577,-59.4825,6,,401677736,-133
260378,260378,UT,DS,5,0,1,158,45,00:32:21 18-Jun-2024,MB,0,44.2472,-59.5589,44.2472,-59.5589,46,,401677742,-129
260378,260378,UT,DS,7,1,0,,,01:30:08 18-Jun-2024,MC,1,44.2174,-59.5347,44.2174,-59.5347,48,,401677750,-119
260378,260378,UT,DS,3,0,0,81,72,01:32:13 18-Jun-2024,O3,A,44.2145,-59.5264,44.2145,-59.5264,6,,401677755,-133
260378,260378,UT,DS,7,1,0,,,01:35:46 18-Jun-2024,NN,3,44.2139,-59.5175,44.2139,-59.5175,56,,401677753,-117
260378,260378,UT,DS,4,0,0,89,87,10:56:24 18-Jun-2024,NK,2,43.9751,-59.7470,43.9751,-59.7470,58,,401677746,-128
260378,260378,UT,DS,1,0,0,,,11:08:24 18-Jun-2024,CS,B,43.9996,-59.6257,43.9996,-59.6257,6,,401677772,-136
260378,260378,UT,DS,10,3,0,,,12:07:11 18-Jun-2024,MC,1,43.9521,-59.8381,43.9521,-59.8381,58,,401677721,-121
260378,260378,UT,DS,5,0,0,90,88,12:36:09 18-Jun-2024,NK,3,43.9715,-59.7716,43.9715,-59.7716,56,,401677732,-125
260378,260378,UT,DS,6,0,0,89,88,12:44:26 18-Jun-2024,NP,2,43.9617,-59.7563,43.9617,-59.7563,56,,401677730,-129
260378,260378,UT,DS,7,0,0,91,89,13:46:37 18-Jun-2024,MC,1,43.9672,-59.7620,43.9672,-59.7620,48,,401677704,-116
260378,260378,UT,DS,7,1,0,,,13:51:09 18-Jun-2024,NN,3,43.9717,-59.7657,43.9717,-59.7657,56,,401677706,-127
260378,260378,UT,DS,6,1,0,,,14:24:55 18-Jun-2024,NP,2,43.9718,-59.7716,43.9718,-59.7716,58,,401677714,-125
260378,260378,UT,DS,2,0,0,90,90,14:35:28 18-Jun-2024,MB,B,43.9759,-59.7691,43.9759,-59.7691,6,,401677712,-129
260378,260378,UT,DS,9,2,0,,,15:10:06 18-Jun-2024,O3,2,43.9736,-59.7660,43.9736,-59.7660,58,,401677688,-128
260378,260378,UT,DS,4,0,0,120,90,15:25:51 18-Jun-2024,MC,3,43.9749,-59.7821,43.9749,-59.7821,56,,401677680,-125
260378,260378,UT,DS,5,1,0,,,15:34:10 18-Jun-2024,NN,1,43.9713,-59.7678,43.9713,-59.7678,56,,401677674,-125
260378,260378,UT,DS,6,0,1,107,87,16:52:08 18-Jun-2024,O3,2,43.9705,-59.7676,43.9705,-59.7676,58,,401677684,-124
260378,260378,UT,DS,6,0,0,109,90,22:10:35 18-Jun-2024,SR,2,43.9487,-59.8126,43.9487,-59.8126,58,,401677697,-125
260378,260378,UT,DS,8,1,0,,,22:13:52 18-Jun-2024,NK,3,43.9446,-59.8153,43.9446,-59.8153,56,,401677696,-127
260378,260378,UT,DS,3,0,2,91,90,22:23:40 18-Jun-2024,CS,A,43.9529,-59.8063,43.9529,-59.8063,6,,401677697,-132
260378,260378,UT,DS,5,0,0,89,87,22:35:39 18-Jun-2024,A1,1,43.9499,-59.8283,43.9499,-59.8283,56,,401677701,-127
260378,260378,UT,DS,1,0,0,,,22:34:11 18-Jun-2024,NP,B,43.9525,-59.8066,43.9525,-59.8066,6,,401677699,-137
260378,260378,UT,DS,6,1,1,,,23:28:27 18-Jun-2024,MC,2,43.9464,-59.8055,43.9464,-59.8055,58,,401677708,-121
260378,260378,UT,DS,4,0,0,119,90,23:47:55 18-Jun-2024,SR,3,43.9461,-59.8065,43.9461,-59.8065,56,,401677708,-126
260378,260378,UT,DS,3,0,0,91,90,00:01:24 19-Jun-2024,NK,3,43.9508,-59.8050,43.9508,-59.8050,66,,401677707,-130
260378,260378,UT,DS,8,2,0,,,00:07:23 19-Jun-2024,NP,3,43.9467,-59.8082,43.9467,-59.8082,56,,401677705,-119
260378,260378,UT,DS,1,0,0,,,00:13:25 19-Jun-2024,MB,B,43.9464,-59.8089,43.9464,-59.8089,6,,401677705,-126
260378,260378,UT,DS,4,0,0,122,90,01:09:18 19-Jun-2024,MC,3,43.9488,-59.8047,43.9488,-59.8047,57,,401677720,-122
260378,260378,UT,DS,5,0,0,91,90,01:22:55 19-Jun-2024,NN,3,43.9484,-59.8069,43.9484,-59.8069,56,,401677720,-129
260378,260378,UT,DS,1,0,0,,,02:25:51 19-Jun-2024,O3,B,43.9455,-59.8023,43.9455,-59.8023,8,,401677719,-134
260378,260378,UT,DS,4,0,0,89,89,11:03:51 19-Jun-2024,SR,2,43.9441,-59.8126,43.9441,-59.8126,58,,401677725,-139
260378,260378,UT,DS,1,0,0,,,11:47:09 19-Jun-2024,MC,B,43.9474,-59.8127,43.9474,-59.8127,8,,401677710,-133
260378,260378,UT,DS,5,0,1,90,88,12:08:26 19-Jun-2024,NK,2,43.9471,-59.8044,43.9471,-59.8044,56,,401677698,-125
260378,260378,UT,DS,1,0,0,,,12:33:42 19-Jun-2024,NP,B,43.9491,-59.8045,43.9491,-59.8045,6,,401677690,-128
260378,260378,UT,DS,5,0,0,192,188,13:21:39 19-Jun-2024,MC,2,43.9253,-59.7709,43.9253,-59.7709,58,,401677688,-115
260378,260378,UT,DS,2,0,0,163,163,13:39:06 19-Jun-2024,NN,B,43.9253,-59.7705,43.9253,-59.7705,6,,401677692,-128
260378,260378,UT,DS,1,0,0,,,13:49:07 19-Jun-2024,NK,B,43.9221,-59.7669,43.9221,-59.7669,6,,401677696,-131
260378,260378,UT,DS,4,0,0,213,202,14:09:32 19-Jun-2024,NP,1,43.9225,-59.7454,43.9225,-59.7454,56,,401677691,-119
260378,260378,UT,DS,2,0,0,439,439,14:09:32 19-Jun-2024,MB,,,,,,,,401650000,
260378,260378,UT,DS,1,0,0,,,14:27:14 19-Jun-2024,O3,B,43.9212,-59.7457,43.9212,-59.7457,6,,401677691,-135
260378,260378,UT,DS,5,0,0,140,126,15:05:23 19-Jun-2024,MC,2,43.9389,-59.7599,43.9389,-59.7599,57,,401677704,-118
260378,260378,UT,DS,6,1,0,,,15:18:38 19-Jun-2024,NN,1,43.9252,-59.7481,43.9252,-59.7481,46,,401677703,-123
260378,260378,UT,DS,5,0,0,84,45,15:53:02 19-Jun-2024,NP,0,43.9667,-59.7635,43.9667,-59.7635,46,,401677736,-131
260378,260378,UT,DS,1,0,0,,,15:54:21 19-Jun-2024,MB,,,,,,,,401650000,
260378,260378,UT,DS,10,2,0,,,16:05:51 19-Jun-2024,O3,3,43.9558,-59.7790,43.9558,-59.7790,56,,401677732,-126
260378,260378,UT,DS,6,2,0,,,21:38:17 19-Jun-2024,SR,2,43.9553,-59.7907,43.9553,-59.7907,58,,401677694,-125
260378,260378,UT,DS,7,1,0,,,21:41:15 19-Jun-2024,CS,3,43.9573,-59.7787,43.9573,-59.7787,56,,401677694,-126
260378,260378,UT,DS,6,0,2,121,89,21:48:44 19-Jun-2024,NK,2,43.9655,-59.7652,43.9655,-59.7652,56,,401677692,-121
260378,260378,UT,DS,9,1,0,,,22:09:52 19-Jun-2024,A1,1,43.9651,-59.7980,43.9651,-59.7980,46,,401677695,-123
260378,260378,UT,DS,1,0,0,,,22:21:26 19-Jun-2024,NP,B,43.9602,-59.7937,43.9602,-59.7937,6,,401677706,-140
260378,260378,UT,DS,3,0,0,91,90,23:09:29 19-Jun-2024,MC,A,43.9593,-59.7772,43.9593,-59.7772,8,,401677715,-131
260378,260378,UT,DS,4,0,0,91,90,23:17:51 19-Jun-2024,SR,1,43.9590,-59.7759,43.9590,-59.7759,56,,401677715,-124
260378,260378,UT,DS,4,0,0,88,87,23:31:16 19-Jun-2024,NK,3,43.9603,-59.7736,43.9603,-59.7736,66,,401677717,-126
260378,260378,UT,DS,3,0,0,90,90,23:43:16 19-Jun-2024,A1,A,43.9595,-59.7796,43.9595,-59.7796,6,,401677713,-137
260378,260378,UT,DS,3,0,0,228,90,23:59:05 19-Jun-2024,MB,A,43.9602,-59.7736,43.9602,-59.7736,6,,401677708,-131
260378,260378,UT,DS,7,0,1,89,86,23:57:35 19-Jun-2024,NP,3,43.9604,-59.7762,43.9604,-59.7762,56,,401677707,-125
260378,260378,UT,DS,4,0,0,211,179,00:45:38 20-Jun-2024,MC,0,43.9605,-59.7731,43.9605,-59.7731,58,,401677711,-126
260378,260378,UT,DS,4,0,0,90,90,01:11:52 20-Jun-2024,NN,3,43.9605,-59.7784,43.9605,-59.7784,66,,401677718,-127
260378,260378,UT,DS,1,0,0,,,01:35:20 20-Jun-2024,MB,B,43.9611,-59.7760,43.9611,-59.7760,6,,401677713,-129
260378,260378,UT,DS,3,0,0,91,90,01:40:35 20-Jun-2024,NP,A,43.9629,-59.7721,43.9629,-59.7721,6,,401677713,-132
260378,260378,UT,DS,1,0,0,,,02:29:14 20-Jun-2024,MC,B,43.9656,-59.7683,43.9656,-59.7683,8,,401677716,-132
260378,260378,UT,DS,2,0,0,176,176,02:50:12 20-Jun-2024,NN,B,43.9644,-59.7743,43.9644,-59.7743,6,,401677717,-131
260378,260378,UT,DS,6,1,0,,,11:44:43 20-Jun-2024,NK,2,43.9631,-59.7846,43.9631,-59.7846,58,,401677723,-123
260378,260378,UT,DS,3,0,0,133,90,12:19:40 20-Jun-2024,NP,A,43.9605,-59.7627,43.9605,-59.7627,8,,401677714,-132
260378,260378,UT,DS,7,0,0,67,45,13:03:32 20-Jun-2024,MC,2,43.9711,-59.7738,43.9711,-59.7738,58,,401677708,-120
260378,260378,UT,DS,2,0,0,93,93,13:21:31 20-Jun-2024,NK,B,43.9725,-59.7744,43.9725,-59.7744,6,,401677707,-133
260378,260378,UT,DS,1,0,0,,,13:56:35 20-Jun-2024,MB,B,43.9762,-59.7753,43.9762,-59.7753,8,,401677703,-133
260378,260378,UT,DS,6,0,1,109,90,13:58:49 20-Jun-2024,NP,2,43.9686,-59.7730,43.9686,-59.7730,56,,401677700,-127
260378,260378,UT,DS,5,0,0,90,90,14:44:04 20-Jun-2024,MC,2,43.9707,-59.7683,43.9707,-59.7683,58,,401677691,-122
260378,260378,UT,DS,5,0,0,89,89,15:07:12 20-Jun-2024,NN,1,43.9641,-59.7669,43.9641,-59.7669,56,,401677673,-124
260378,260378,UT,DS,3,0,1,137,91,15:22:47 20-Jun-2024,O3,A,43.9682,-59.7735,43.9682,-59.7735,6,,401677678,-134
260378,260378,UT,DS,4,0,0,90,89,16:49:39 20-Jun-2024,NN,1,43.9685,-59.7724,43.9685,-59.7724,58,,401677669,-132
260378,260378,UT,DS,5,0,0,89,87,21:00:48 20-Jun-2024,CS,3,43.9664,-59.7642,43.9664,-59.7642,58,,401677673,-127
260378,260378,UT,DS,4,0,0,90,90,21:03:47 20-Jun-2024,SR,3,43.9667,-59.7642,43.9667,-59.7642,66,,401677677,-131
260378,260378,UT,DS,2,0,0,181,181,21:23:21 20-Jun-2024,NK,B,43.9715,-59.7670,43.9715,-59.7670,6,,401677675,-137
260378,260378,UT,DS,5,0,0,88,86,22:45:44 20-Jun-2024,SR,3,43.9658,-59.7656,43.9658,-59.7656,67,,401677697,-122
260378,260378,UT,DS,1,0,0,,,22:53:13 20-Jun-2024,MC,B,43.9785,-59.7736,43.9785,-59.7736,8,,401677691,-129
260378,260378,UT,DS,5,0,0,134,90,23:05:17 20-Jun-2024,NK,3,43.9669,-59.7626,43.9669,-59.7626,66,,401677695,-124
260378,260378,UT,DS,3,0,0,135,90,23:16:31 20-Jun-2024,A1,A,43.9656,-59.7650,43.9656,-59.7650,6,,401677694,-137
260378,260378,UT,DS,4,0,0,121,90,23:49:20 20-Jun-2024,NP,3,43.9651,-59.7735,43.9651,-59.7735,57,,401677703,-131
260378,260378,UT,DS,1,0,0,,,00:23:23 21-Jun-2024,SR,B,43.9644,-59.7714,43.9644,-59.7714,8,,401677698,-138
260378,260378,UT,DS,7,1,1,,,00:27:07 21-Jun-2024,MC,3,43.9659,-59.7734,43.9659,-59.7734,56,,401677701,-115
260378,260378,UT,DS,3,0,0,89,88,00:59:32 21-Jun-2024,NN,A,43.9673,-59.7703,43.9673,-59.7703,8,,401677699,-133
260378,260378,UT,DS,1,0,0,,,01:19:00 21-Jun-2024,MB,B,43.9678,-59.7680,43.9678,-59.7680,6,,401677704,-133
260378,260378,UT,DS,4,0,0,88,87,01:27:16 21-Jun-2024,NP,3,43.9662,-59.7686,43.9662,-59.7686,66,,401677704,-129
260378,260378,UT,DS,4,0,0,89,89,02:09:44 21-Jun-2024,MC,3,43.9680,-59.7696,43.9680,-59.7696,68,,401677706,-129
260378,260378,UT,DS,7,2,0,,,02:32:10 21-Jun-2024,O3,3,43.9656,-59.7690,43.9656,-59.7690,56,,401677704,-130
260378,260378,UT,DS,4,1,0,,,02:36:38 21-Jun-2024,NN,3,43.9664,-59.7669,43.9664,-59.7669,66,,401677704,-126
260378,260378,UT,DS,2,0,1,433,433,12:05:36 21-Jun-2024,NP,B,43.9657,-59.6956,43.9657,-59.6956,8,,401677711,-138
260378,260378,UT,DS,1,0,1,,,13:36:02 21-Jun-2024,MB,B,43.9682,-59.6895,43.9682,-59.6895,8,,401677721,-135
260378,260378,UT,DS,2,0,0,135,135,13:52:28 21-Jun-2024,NP,B,43.9856,-59.6860,43.9856,-59.6860,6,,401677716,-131
260378,260378,UT,DS,2,0,0,238,238,14:21:26 21-Jun-2024,MC,B,43.9758,-59.7184,43.9758,-59.7184,6,,401677706,-131
260378,260378,UT,DS,1,0,0,,,14:52:14 21-Jun-2024,NN,B,43.9766,-59.7152,43.9766,-59.7152,8,,401677708,-137
260378,260378,UT,DS,1,0,0,,,15:29:13 21-Jun-2024,NP,B,43.9791,-59.7087,43.9791,-59.7087,8,,401677699,-133
260378,260378,UT,DS,3,0,0,169,157,16:04:18 21-Jun-2024,MC,A,43.9704,-59.6738,43.9704,-59.6738,7,,401677707,-126
260378,260378,UT,DS,4,0,0,165,143,16:13:57 21-Jun-2024,O3,1,43.9896,-59.6833,43.9896,-59.6833,56,,401677711,-120
260378,260378,UT,DS,3,0,0,180,179,16:39:04 21-Jun-2024,NN,A,43.9900,-59.6864,43.9900,-59.6864,8,,401677710,-124
260378,260378,UT,DS,2,0,1,557,557,21:58:54 21-Jun-2024,CS,B,43.9735,-59.8280,43.9735,-59.8280,8,,401677712,-134
260378,260378,UT,DS,3,0,1,278,185,22:14:13 21-Jun-2024,SR,A,43.9873,-59.8501,43.9873,-59.8501,6,,401677711,-121
260378,260378,UT,DS,1,0,0,,,22:32:39 21-Jun-2024,MC,B,43.9865,-59.8474,43.9865,-59.8474,6,,401677709,-133
260378,260378,UT,DS,3,0,0,188,185,22:41:59 21-Jun-2024,NK,A,43.9852,-59.8363,43.9852,-59.8363,6,,401677712,-121
260378,260378,UT,DS,3,0,0,183,180,22:54:02 21-Jun-2024,A1,A,43.9878,-59.8330,43.9878,-59.8330,6,,401677712,-131
260378,260378,UT,DS,4,0,0,124,45,23:34:39 21-Jun-2024,NP,3,43.9859,-59.8384,43.9859,-59.8384,58,,401677712,-126
260378,260378,UT,DS,2,0,0,165,165,23:50:23 21-Jun-2024,SR,B,43.9804,-59.8384,43.9804,-59.8384,6,,401677712,-133
260378,260378,UT,DS,4,0,0,170,163,00:11:35 22-Jun-2024,MC,3,43.9766,-59.8338,43.9766,-59.8338,56,,401677712,-115
260378,260378,UT,DS,3,0,0,145,144,00:17:17 22-Jun-2024,NK,A,43.9743,-59.8250,43.9743,-59.8250,6,,401677710,-132
260378,260378,UT,DS,5,0,0,144,139,00:42:16 22-Jun-2024,NN,3,43.9673,-59.8333,43.9673,-59.8333,66,,401677720,-125
260378,260378,UT,DS,5,1,0,,,00:50:39 22-Jun-2024,MB,1,43.9614,-59.8115,43.9614,-59.8115,46,,401677724,-125
260378,260378,UT,DS,10,4,0,,,01:14:45 22-Jun-2024,NP,3,43.9552,-59.8107,43.9552,-59.8107,56,,401677736,-122
260378,260378,UT,DS,4,0,0,119,86,01:47:19 22-Jun-2024,MC,2,43.9614,-59.7974,43.9614,-59.7974,58,,401677740,-125
260378,260378,UT,DS,9,2,0,,,02:20:07 22-Jun-2024,NN,3,43.9565,-59.8028,43.9565,-59.8028,58,,401677737,-120
260378,260378,UT,DS,2,0,0,93,93,10:56:11 22-Jun-2024,NK,B,43.9451,-59.7586,43.9451,-59.7586,8,,401677735,-133
260378,260378,UT,DS,1,0,0,,,11:42:36 22-Jun-2024,CS,B,43.9580,-59.7723,43.9580,-59.7723,8,,401677732,-138
260378,260378,UT,DS,5,0,0,90,90,12:33:46 22-Jun-2024,NK,3,43.9544,-59.8094,43.9544,-59.8094,58,,401677727,-123
260378,260378,UT,DS,2,0,1,179,179,13:09:05 22-Jun-2024,MB,B,43.9953,-59.8313,43.9953,-59.8313,8,,401677713,-132
260378,260378,UT,DS,5,1,0,,,13:29:51 22-Jun-2024,NP,1,43.9828,-59.8522,43.9828,-59.8522,46,,401677706,-124
260378,260378,UT,DS,4,0,0,136,45,14:03:35 22-Jun-2024,MC,0,43.9646,-59.7753,43.9646,-59.7753,48,,401677706,-115
260378,260378,UT,DS,1,0,0,,,14:10:23 22-Jun-2024,NK,B,43.9641,-59.7733,43.9641,-59.7733,6,,401677720,-135
260378,260378,UT,DS,3,0,0,234,154,14:43:29 22-Jun-2024,NN,A,43.9841,-59.8548,43.9841,-59.8548,8,,401677709,-128
260378,260378,UT,DS,3,0,0,341,182,14:46:03 22-Jun-2024,MB,A,43.9780,-59.8563,43.9780,-59.8563,6,,401677701,-126
260378,260378,UT,DS,1,0,0,,,15:15:16 22-Jun-2024,NP,B,43.9839,-59.8648,43.9839,-59.8648,6,,401677702,-137
260378,260378,UT,DS,1,0,0,,,15:27:42 22-Jun-2024,O3,B,43.9805,-59.8609,43.9805,-59.8609,6,,401677701,-130
260378,260378,UT,DS,1,0,0,,,15:45:29 22-Jun-2024,MC,B,43.9864,-59.8670,43.9864,-59.8670,6,,401677701,-127
260378,260378,UT,DS,4,0,0,181,164,16:24:14 22-Jun-2024,NN,3,43.9961,-59.8643,43.9961,-59.8643,58,,401677706,-126
260378,260378,UT,DS,5,0,0,160,147,21:46:41 22-Jun-2024,SR,3,43.9535,-59.9428,43.9535,-59.9428,58,,401677711,-126
260378,260378,UT,DS,2,0,0,273,273,22:15:43 22-Jun-2024,NK,B,43.9549,-59.9428,43.9549,-59.9428,6,,401677715,-121
260378,260378,UT,DS,3,0,0,223,144,22:31:52 22-Jun-2024,A1,A,43.9635,-59.9382,43.9635,-59.9382,8,,401677716,-125
260378,260378,UT,DS,1,0,0,,,22:59:05 22-Jun-2024,CS,B,43.9631,-59.9378,43.9631,-59.9378,6,,401677714,-138
260378,260378,UT,DS,5,0,1,155,145,23:22:33 22-Jun-2024,SR,1,43.9485,-59.9556,43.9485,-59.9556,46,,401677714,-128
260378,260378,UT,DS,3,0,0,150,145,23:21:23 22-Jun-2024,NP,A,43.9530,-59.9704,43.9530,-59.9704,6,,401677713,-128
260378,260378,UT,DS,3,0,0,185,164,23:48:56 22-Jun-2024,MC,A,43.9613,-59.9768,43.9613,-59.9768,6,,401677713,-121
260378,260378,UT,DS,2,0,0,371,371,23:52:02 22-Jun-2024,NK,B,43.9617,-59.9768,43.9617,-59.9768,6,,401677712,-125
260378,260378,UT,DS,2,0,0,179,179,00:02:50 23-Jun-2024,A1,B,43.9636,-59.9787,43.9636,-59.9787,6,,401677712,-133
260378,260378,UT,DS,1,0,0,,,00:32:18 23-Jun-2024,NN,B,43.9677,-59.9821,43.9677,-59.9821,6,,401677711,-131
260378,260378,UT,DS,2,0,0,397,397,00:38:56 23-Jun-2024,MB,B,43.9634,-59.9832,43.9634,-59.9832,6,,401677713,-134
260378,260378,UT,DS,3,0,1,211,94,00:59:33 23-Jun-2024,NP,A,43.9697,-59.9627,43.9697,-59.9627,6,,401677721,-135
260378,260378,UT,DS,7,1,1,,,01:28:20 23-Jun-2024,MC,2,43.9419,-59.9722,43.9419,-59.9722,56,,401677728,-119
260378,260378,UT,DS,3,0,0,195,189,02:15:42 23-Jun-2024,NN,A,43.9456,-59.9679,43.9456,-59.9679,8,,401677722,-120
260378,260378,UT,DS,1,0,0,,,11:03:50 23-Jun-2024,CS,B,43.9869,-59.9924,43.9869,-59.9924,8,,401677736,-136
260378,260378,UT,DS,2,0,0,272,272,11:41:08 23-Jun-2024,NP,B,43.9863,-59.8623,43.9863,-59.8623,8,,401677749,-137
260378,260378,UT,DS,4,0,0,149,108,12:04:11 23-Jun-2024,NK,1,43.9474,-59.8376,43.9474,-59.8376,56,,401677734,-123
260378,260378,UT,DS,3,0,0,119,108,12:01:47 23-Jun-2024,MC,A,43.9328,-59.8441,43.9328,-59.8441,6,,401677727,-123
260378,260378,UT,DS,4,0,0,77,51,12:45:30 23-Jun-2024,MB,0,43.9468,-59.8314,43.9468,-59.8314,56,,401677746,-130
260378,260378,UT,DS,8,1,1,,,13:19:27 23-Jun-2024,NP,2,43.9534,-59.8122,43.9534,-59.8122,58,,401677746,-128
260378,260378,UT,DS,8,1,0,,,13:40:26 23-Jun-2024,MC,3,43.9523,-59.8148,43.9523,-59.8148,56,,401677737,-119
260378,260378,UT,DS,3,0,0,135,90,13:46:29 23-Jun-2024,NK,A,43.9501,-59.8186,43.9501,-59.8186,6,,401677736,-133
260378,260378,UT,DS,2,0,1,447,447,14:27:07 23-Jun-2024,MB,B,43.9628,-59.8100,43.9628,-59.8100,8,,401677722,-135
260378,260378,UT,DS,4,0,0,87,86,14:33:07 23-Jun-2024,NN,3,43.9561,-59.8153,43.9561,-59.8153,56,,401677724,-129
260378,260378,UT,DS,1,0,0,,,14:42:02 23-Jun-2024,O3,B,43.9600,-59.8059,43.9600,-59.8059,6,,401677724,-134
260378,260378,UT,DS,5,0,0,89,88,15:02:50 23-Jun-2024,NP,3,43.9507,-59.8074,43.9507,-59.8074,66,,401677709,-129
260378,260378,UT,DS,4,0,0,90,90,15:23:03 23-Jun-2024,MC,3,43.9532,-59.8042,43.9532,-59.8042,66,,401677716,-123
260378,260378,UT,DS,5,0,0,90,88,16:12:42 23-Jun-2024,NN,3,43.9516,-59.8121,43.9516,-59.8121,58,,401677712,-128
260378,260378,UT,DS,4,0,0,91,90,16:23:14 23-Jun-2024,O3,3,43.9523,-59.8143,43.9523,-59.8143,66,,401677710,-119
260378,260378,UT,DS,7,1,0,,,21:09:35 23-Jun-2024,SR,3,43.9537,-59.8202,43.9537,-59.8202,58,,401677702,-126
260378,260378,UT,DS,7,1,0,,,21:48:38 23-Jun-2024,NK,3,43.9521,-59.8187,43.9521,-59.8187,58,,401677705,-125
260378,260378,UT,DS,5,0,0,90,90,22:05:11 23-Jun-2024,A1,3,43.9529,-59.8161,43.9529,-59.8161,56,,401677708,-127
260378,260378,UT,DS,4,0,0,90,87,22:16:23 23-Jun-2024,CS,2,43.9504,-59.8061,43.9504,-59.8061,56,,401677710,-133
260378,260378,UT,DS,6,0,0,107,88,22:52:25 23-Jun-2024,SR,3,43.9517,-59.8099,43.9517,-59.8099,58,,401677713,-127
260378,260378,UT,DS,6,0,0,91,90,23:10:26 23-Jun-2024,NP,3,43.9506,-59.8158,43.9506,-59.8158,56,,401677712,-127
260378,260378,UT,DS,4,0,0,119,89,23:28:53 23-Jun-2024,NK,3,43.9519,-59.8117,,,56,,401677713,-123
260378,260378,UT,DS,6,0,1,90,89,23:27:01 23-Jun-2024,MC,2,43.9493,-59.8147,43.9493,-59.8147,56,,401677714,-119
260378,260378,UT,DS,2,0,0,93,93,23:38:14 23-Jun-2024,A1,B,43.9528,-59.8145,43.9528,-59.8145,6,,401677713,-133
260378,260378,UT,DS,6,1,1,,,00:09:46 24-Jun-2024,MB,3,43.9527,-59.8173,,,68,,401677712,-127
260378,260378,UT,DS,1,0,0,,,00:20:26 24-Jun-2024,NN,B,43.9524,-59.8183,,,6,,401677712,-137
260378,260378,UT,DS,2,0,1,90,90,00:27:07 24-Jun-2024,SR,B,43.9537,-59.8186,43.9537,-59.8186,6,,401677712,-137
260378,260378,UT,DS,7,2,0,,,00:49:36 24-Jun-2024,NP,3,43.9540,-59.8087,43.9540,-59.8087,56,,401677717,-121
260378,260378,UT,DS,4,0,1,207,89,01:06:05 24-Jun-2024,MC,3,43.9544,-59.8130,43.9544,-59.8130,56,,401677716,-118
260378,260378,UT,DS,2,0,1,267,267,01:53:11 24-Jun-2024,MB,B,43.9546,-59.8101,43.9546,-59.8101,8,,401677716,-134
260378,260378,UT,DS,5,0,1,111,88,01:56:27 24-Jun-2024,O3,3,43.9526,-59.8162,43.9526,-59.8162,56,,401677716,-132
260378,260378,UT,DS,7,0,0,104,88,01:57:39 24-Jun-2024,NN,2,43.9513,-59.8171,43.9513,-59.8171,56,,401677717,-124
260378,260378,UT,DS,3,0,1,293,184,13:08:57 24-Jun-2024,NP,A,43.9884,-59.8545,43.9884,-59.8545,8,,401677711,-135
260378,260378,UT,DS,2,0,0,184,184,13:17:12 24-Jun-2024,NK,B,43.9937,-59.8511,43.9937,-59.8511,6,,401677709,-129
260378,260378,UT,DS,5,0,0,168,153,13:18:44 24-Jun-2024,MC,3,43.9819,-59.8564,43.9819,-59.8564,56,,401677711,-115
260378,260378,UT,DS,3,0,1,173,112,14:04:11 24-Jun-2024,MB,A,43.9664,-59.8727,43.9664,-59.8727,8,,401677719,-133
260378,260378,UT,DS,9,1,1,,,14:17:16 24-Jun-2024,NN,2,43.9575,-59.8273,43.9575,-59.8273,56,,401677728,-123
260378,260378,UT,DS,13,2,0,,,14:48:14 24-Jun-2024,NP,1,43.9806,-59.8004,43.9806,-59.8004,47,,401677736,-121
260378,260378,UT,DS,10,3,1,,,14:59:54 24-Jun-2024,MC,2,43.9592,-59.7925,43.9592,-59.7925,56,,401677728,-116
260378,260378,UT,DS,9,3,1,,,15:35:39 24-Jun-2024,O3,1,43.9653,-59.8337,43.9653,-59.8337,48,,401677733,-125
260378,260378,UT,DS,1,0,0,,,15:48:33 24-Jun-2024,MB,B,43.9678,-59.7845,43.9678,-59.7845,8,,401677723,-134
260378,260378,UT,DS,3,0,0,225,207,15:58:37 24-Jun-2024,NN,A,43.9732,-59.8134,43.9732,-59.8134,6,,401677712,-123
260378,260378,UT,DS,5,0,0,162,146,22:19:27 24-Jun-2024,SR,1,43.9760,-59.8637,43.9760,-59.8637,58,,401677720,-124
260378,260378,UT,DS,3,0,0,235,149,22:57:52 24-Jun-2024,NP,A,43.9676,-59.8681,43.9676,-59.8681,8,,401677721,-134
260378,260378,UT,DS,5,0,0,159,146,23:03:13 24-Jun-2024,NK,1,43.9765,-59.8487,43.9765,-59.8487,56,,401677721,-121
260378,260378,UT,DS,4,0,0,169,167,23:05:42 24-Jun-2024,MC,1,43.9761,-59.8703,43.9761,-59.8703,56,,401677722,-122
260378,260378,UT,DS,3,0,0,169,165,23:14:09 24-Jun-2024,A1,A,43.9799,-59.8675,43.9799,-59.8675,6,,401677720,-121
260378,260378,UT,DS,4,0,1,198,130,23:49:00 24-Jun-2024,MB,3,43.9615,-59.8651,43.9615,-59.8651,58,,401677722,-130
260378,260378,UT,DS,2,0,1,130,130,23:57:49 24-Jun-2024,SR,B,43.9609,-59.8649,43.9609,-59.8649,6,,401677722,-132
260378,260378,UT,DS,2,0,0,154,154,00:06:36 25-Jun-2024,NN,B,43.9598,-59.8648,43.9598,-59.8648,6,,401677723,-128
260378,260378,UT,DS,13,5,0,,,00:35:50 25-Jun-2024,NP,0,43.9436,-59.8797,43.9436,-59.8797,46,,401677736,-122
260378,260378,UT,DS,6,0,1,77,48,00:39:52 25-Jun-2024,NK,1,43.9540,-59.8402,43.9540,-59.8402,56,,401677731,-137
260378,260378,UT,DS,10,1,0,,,00:42:29 25-Jun-2024,MC,2,43.9414,-59.8631,43.9414,-59.8631,56,,401677737,-112
260378,260378,UT,DS,3,0,0,126,95,01:10:18 25-Jun-2024,O3,A,43.9573,-59.8201,43.9573,-59.8201,6,,401677735,-134
260378,260378,UT,DS,4,1,0,,,01:33:20 25-Jun-2024,MB,1,43.9473,-59.8304,43.9473,-59.8304,56,,401677738,-130
260378,260378,UT,DS,1,0,0,,,12:06:39 25-Jun-2024,MB,B,43.9807,-59.6337,43.9807,-59.6337,8,,401677723,-134
260378,260378,UT,DS,4,0,0,89,87,12:57:56 25-Jun-2024,NK,1,43.9683,-59.7566,43.9683,-59.7566,56,,401677735,-128
260378,260378,UT,DS,7,1,0,,,12:55:41 25-Jun-2024,NP,2,43.9778,-59.7516,43.9778,-59.7516,57,,401677741,-125
260378,260378,UT,DS,7,1,0,,,12:58:42 25-Jun-2024,MC,2,43.9772,-59.7571,43.9772,-59.7571,56,,401677739,-118
260378,260378,UT,DS,4,0,0,181,180,13:43:39 25-Jun-2024,MB,0,43.9814,-59.7969,43.9814,-59.7969,48,,401677732,-130
260378,260378,UT,DS,4,0,0,89,89,14:06:10 25-Jun-2024,NN,3,43.9787,-59.7635,43.9787,-59.7635,56,,401677741,-124
260378,260378,UT,DS,4,0,1,90,90,14:39:11 25-Jun-2024,NP,3,43.9730,-59.7572,43.9730,-59.7572,58,,401677733,-127
260378,260378,UT,DS,5,0,0,113,90,14:39:11 25-Jun-2024,MC,2,43.9732,-59.7584,43.9732,-59.7584,50,,401677730,-124
260378,260378,UT,DS,6,1,0,,,15:44:35 25-Jun-2024,NN,3,43.9744,-59.7595,43.9744,-59.7595,58,,401677733,-129
260378,260378,UT,DS,2,0,1,180,180,16:18:25 25-Jun-2024,NP,B,43.9778,-59.7691,43.9778,-59.7691,8,,401677733,-132
260378,260378,UT,DS,2,0,0,362,362,16:19:55 25-Jun-2024,MC,B,43.9781,-59.7747,43.9781,-59.7747,6,,401677732,-130
260378,260378,UT,DS,4,0,0,91,90,16:28:14 25-Jun-2024,O3,3,43.9785,-59.7733,43.9785,-59.7733,66,,401677731,-118
260378,260378,UT,DS,1,0,0,,,20:56:00 25-Jun-2024,CS,B,43.9596,-59.8512,43.9596,-59.8512,8,,401677715,-133
260378,260378,UT,DS,1,0,0,,,21:01:54 25-Jun-2024,NK,B,43.9590,-59.7647,43.9590,-59.7647,6,,401677697,-133
260378,260378,UT,DS,7,1,0,,,21:47:01 25-Jun-2024,SR,3,43.9773,-59.7642,43.9773,-59.7642,58,,401677703,-124
260378,260378,UT,DS,4,0,0,89,87,22:33:04 25-Jun-2024,CS,2,43.9825,-59.7635,43.9825,-59.7635,68,,401677705,-131
260378,260378,UT,DS,6,0,1,88,87,22:36:02 25-Jun-2024,NK,3,43.9759,-59.7657,43.9759,-59.7657,56,,401677707,-119
260378,260378,UT,DS,3,0,0,88,87,22:50:19 25-Jun-2024,A1,A,43.9757,-59.7578,43.9757,-59.7578,6,,401677708,-120
260378,260378,UT,DS,2,0,0,90,90,23:28:39 25-Jun-2024,SR,B,43.9806,-59.7532,43.9806,-59.7532,8,,401677715,-135
260378,260378,UT,DS,4,0,0,120,90,00:18:52 26-Jun-2024,NK,1,43.9796,-59.7649,43.9796,-59.7649,58,,401677713,-132
260378,260378,UT,DS,1,0,0,,,00:21:54 26-Jun-2024,A1,B,43.9830,-59.7545,43.9830,-59.7545,8,,401677718,-136
260378,260378,UT,DS,5,0,0,90,89,00:30:10 26-Jun-2024,NP,3,43.9755,-59.7669,43.9755,-59.7669,56,,401677713,-125
260378,260378,UT,DS,4,0,0,121,90,00:29:23 26-Jun-2024,MC,3,43.9743,-59.7642,43.9743,-59.7642,56,,401677715,-119
260378,260378,UT,DS,4,1,0,,,01:10:24 26-Jun-2024,MB,1,43.9743,-59.7582,43.9743,-59.7582,58,,401677718,-124
260378,260378,UT,DS,6,0,1,109,90,01:37:06 26-Jun-2024,NN,3,43.9754,-59.7667,43.9754,-59.7667,66,,401677715,-122
260378,260378,UT,DS,1,0,0,,,02:05:13 26-Jun-2024,O3,B,43.9764,-59.7664,43.9764,-59.7664,6,,401677716,-140
260378,260378,UT,DS,6,0,1,90,89,02:09:46 26-Jun-2024,NP,3,43.9787,-59.7579,43.9787,-59.7579,56,,401677717,-127
260378,260378,UT,DS,6,0,0,90,89,02:05:59 26-Jun-2024,MC,3,43.9782,-59.7599,43.9782,-59.7599,66,,401677717,-122
260378,260378,UT,DS,5,0,0,164,151,12:29:20 26-Jun-2024,NK,1,44.0004,-59.8426,44.0004,-59.8426,48,,401677715,-120
260378,260378,UT,DS,2,0,0,167,167,12:43:30 26-Jun-2024,MC,B,44.0371,-59.7803,44.0371,-59.7803,8,,401677739,-124
260378,260378,UT,DS,3,0,1,255,165,12:43:30 26-Jun-2024,NP,A,44.0033,-59.8594,44.0033,-59.8594,,,401677703,-137
260378,260378,UT,DS,1,0,0,,,13:23:12 26-Jun-2024,MB,B,44.0046,-59.8567,44.0046,-59.8567,8,,401677721,-132
260378,260378,UT,DS,3,0,0,264,191,13:52:13 26-Jun-2024,NN,A,44.0006,-59.8516,44.0006,-59.8516,6,,401677723,-137
260378,260378,UT,DS,3,0,0,201,195,14:19:44 26-Jun-2024,MC,A,43.9950,-59.8567,43.9950,-59.8567,6,,401677720,-113
260378,260378,UT,DS,4,0,0,177,177,14:26:25 26-Jun-2024,NP,2,43.9950,-59.8517,43.9950,-59.8517,56,,401677724,-122
260378,260378,UT,DS,2,0,0,193,193,15:07:57 26-Jun-2024,MB,B,43.9944,-59.8625,43.9944,-59.8625,8,,401677725,-129
260378,260378,UT,DS,4,0,0,230,163,15:33:09 26-Jun-2024,NN,3,43.9928,-59.8708,43.9928,-59.8708,66,,401677724,-121
260378,260378,UT,DS,1,0,0,,,15:43:18 26-Jun-2024,O3,B,43.9929,-59.8718,43.9929,-59.8718,6,,401677724,-124
260378,260378,UT,DS,1,0,0,,,16:07:02 26-Jun-2024,NP,B,43.9941,-59.8740,43.9941,-59.8740,8,,401677725,-138
260378,260378,UT,DS,3,0,0,246,149,21:52:44 26-Jun-2024,CS,A,44.0005,-59.8998,44.0005,-59.8998,8,,401677718,-127
260378,260378,UT,DS,4,0,0,161,140,22:06:03 26-Jun-2024,NK,3,44.0005,-59.9007,44.0005,-59.9007,56,,401677716,-130
260378,260378,UT,DS,4,0,0,170,161,22:26:27 26-Jun-2024,A1,2,43.9987,-59.9369,43.9987,-59.9369,56,,401677715,-122
260378,260378,UT,DS,1,0,1,,,22:27:45 26-Jun-2024,MC,B,44.0006,-59.8999,44.0006,-59.8999,6,,401677715,-134
260378,260378,UT,DS,3,0,0,163,158,22:33:31 26-Jun-2024,NP,A,43.9996,-59.9047,43.9996,-59.9047,6,,401677717,-133
260378,260378,UT,DS,6,1,0,,,22:57:21 26-Jun-2024,SR,1,43.9914,-59.8922,43.9914,-59.8922,46,,401677722,-122
260378,260378,UT,DS,1,0,0,,,23:56:54 26-Jun-2024,NK,B,43.9932,-59.8959,43.9932,-59.8959,8,,401677723,-135
260378,260378,UT,DS,2,0,0,171,171,23:59:44 26-Jun-2024,A1,B,43.9918,-59.8974,43.9918,-59.8974,8,,401677727,-134
260378,260378,UT,DS,1,0,0,,,00:09:03 27-Jun-2024,MC,B,43.9911,-59.8978,43.9911,-59.8978,6,,401677724,-119
260378,260378,UT,DS,5,0,0,143,46,00:12:15 27-Jun-2024,NP,2,43.9884,-59.9051,43.9884,-59.9051,56,,401677722,-133
260378,260378,UT,DS,3,0,0,157,151,00:33:24 27-Jun-2024,SR,A,43.9874,-59.8965,43.9874,-59.8965,6,,401677723,-133
260378,260378,UT,DS,3,0,0,259,166,00:48:55 27-Jun-2024,MB,A,43.9889,-59.8872,43.9889,-59.8872,6,,401677719,-123
260378,260378,UT,DS,1,0,0,,,01:20:55 27-Jun-2024,O3,B,43.9899,-59.8895,,,8,,401677722,-140
260378,260378,UT,DS,5,0,0,132,66,01:23:43 27-Jun-2024,NN,3,43.9908,-59.9033,43.9908,-59.9033,58,,401677722,-125
260378,260378,UT,DS,9,0,3,79,45,01:43:57 27-Jun-2024,MC,3,43.9940,-59.8850,,,56,,401677731,-116
260378,260378,UT,DS,2,0,1,379,379,01:51:44 27-Jun-2024,NP,B,43.9949,-59.8848,43.9949,-59.8848,6,,401677731,-131
260378,260378,UT,DS,1,0,0,,,02:55:19 27-Jun-2024,O3,B,43.9946,-59.8887,43.9946,-59.8887,8,,401677728,-118
260378,260378,UT,DS,4,0,0,189,187,12:03:01 27-Jun-2024,NK,2,43.9857,-59.8213,43.9857,-59.8213,58,,401677729,-122
260378,260378,UT,DS,2,0,0,380,380,12:17:32 27-Jun-2024,MC,B,44.0104,-59.8797,44.0104,-59.8797,8,,401677737,-126
260378,260378,UT,DS,3,0,0,181,178,12:32:53 27-Jun-2024,NP,A,43.9906,-59.8657,43.9906,-59.8657,6,,401677730,-129
260378,260378,UT,DS,1,0,0,,,13:38:34 27-Jun-2024,NK,B,43.9906,-59.8661,43.9906,-59.8661,8,,401677732,-133
260378,260378,UT,DS,4,0,0,178,166,13:38:34 27-Jun-2024,NN,2,43.9828,-59.8625,43.9828,-59.8625,50,,401677735,-128
260378,260378,UT,DS,5,0,0,185,59,13:56:26 27-Jun-2024,MC,0,43.9958,-59.8854,43.9958,-59.8854,46,,401677735,-117
260378,260378,UT,DS,4,0,0,145,136,14:10:56 27-Jun-2024,NP,3,43.9715,-59.8442,43.9715,-59.8442,56,,401677734,-120
260378,260378,UT,DS,2,0,0,367,367,14:44:23 27-Jun-2024,MB,B,43.9651,-59.8361,43.9651,-59.8361,8,,401677738,-130
260378,260378,UT,DS,2,0,0,218,218,14:56:28 27-Jun-2024,O3,B,43.9710,-59.8172,43.9710,-59.8172,6,,401677736,-135
260378,260378,UT,DS,4,0,0,263,240,15:17:41 27-Jun-2024,NN,0,43.9734,-59.8363,43.9734,-59.8363,46,,401677736,-120
260378,260378,UT,DS,1,0,0,,,15:43:06 27-Jun-2024,MC,B,43.9741,-59.8410,43.9741,-59.8410,6,,401677732,-121
260378,260378,UT,DS,2,0,0,206,206,15:54:38 27-Jun-2024,NP,B,43.9851,-59.8467,43.9851,-59.8467,6,,401677734,-133
260378,260378,UT,DS,3,0,0,205,188,16:36:33 27-Jun-2024,O3,A,43.9986,-59.8872,43.9986,-59.8872,8,,401677732,-120
260378,260378,UT,DS,3,0,0,191,184,21:44:22 27-Jun-2024,NK,A,43.9863,-59.8591,43.9863,-59.8591,8,,401677727,-123
260378,260378,UT,DS,2,0,0,199,199,22:00:51 27-Jun-2024,A1,B,43.9809,-59.8650,43.9809,-59.8650,6,,401677721,-131
260378,260378,UT,DS,4,0,0,183,176,22:26:12 27-Jun-2024,SR,0,43.9912,-59.9565,43.9912,-59.9565,46,,401677728,-122
260378,260378,UT,DS,1,0,0,,,22:50:18 27-Jun-2024,CS,B,43.9899,-59.9559,43.9899,-59.9559,,,401677720,-137
260378,260378,UT,DS,1,0,0,,,22:50:18 27-Jun-2024,MB,B,43.9899,-59.9580,43.9899,-59.9580,6,,401677716,-135
260378,260378,UT,DS,3,0,0,254,242,23:25:36 27-Jun-2024,NK,A,43.9776,-59.8980,43.9776,-59.8980,8,,401677724,-121
260378,260378,UT,DS,3,0,0,147,145,23:46:36 27-Jun-2024,MC,A,43.9662,-59.8939,43.9662,-59.8939,6,,401677728,-116
260378,260378,UT,DS,5,0,1,168,45,23:57:42 27-Jun-2024,NP,1,43.9654,-59.8978,43.9654,-59.8978,46,,401677733,-121
260378,260378,UT,DS,3,0,0,218,204,00:01:48 28-Jun-2024,SR,A,43.9578,-59.9048,43.9578,-59.9048,6,,401677733,-128
260378,260378,UT,DS,3,0,0,202,201,00:26:21 28-Jun-2024,MB,A,43.9663,-59.8965,43.9663,-59.8965,6,,401677725,-125
260378,260378,UT,DS,3,0,0,198,136,01:05:28 28-Jun-2024,NN,A,43.9637,-59.8714,43.9637,-59.8714,7,,401677735,-132
260378,260378,UT,DS,4,0,0,111,78,01:24:34 28-Jun-2024,MC,3,43.9542,-59.8698,43.9542,-59.8698,56,,401677738,-119
260378,260378,UT,DS,4,0,1,101,69,01:43:05 28-Jun-2024,NP,1,43.9398,-59.8524,43.9398,-59.8524,56,,401677745,-128
260378,260378,UT,DS,5,0,1,56,45,02:07:55 28-Jun-2024,O3,2,43.9434,-59.8608,43.9434,-59.8608,56,,401677754,-127
260378,260378,UT,DS,4,0,0,91,90,02:55:25 28-Jun-2024,NN,2,43.9429,-59.8447,43.9429,-59.8447,58,,401677753,-130
260378,260378,UT,DS,1,0,0,,,12:04:14 28-Jun-2024,MC,B,43.9437,-59.6434,43.9437,-59.6434,8,,401677728,-132
260378,260378,UT,DS,2,0,0,507,507,12:19:46 28-Jun-2024,NP,B,43.9989,-59.8569,43.9989,-59.8569,6,,401677726,-138
260378,260378,UT,DS,1,0,1,,,13:31:43 28-Jun-2024,NN,B,43.9938,-59.8326,43.9938,-59.8326,8,,401677727,-137
260378,260378,UT,DS,3,0,1,172,164,13:39:08 28-Jun-2024,MC,A,43.9900,-59.8597,43.9900,-59.8597,6,,401677725,-125
260378,260378,UT,DS,3,0,0,273,182,14:01:26 28-Jun-2024,NP,A,43.9896,-59.8517,43.9896,-59.8517,6,,401677728,-127
260378,260378,UT,DS,2,0,0,522,522,14:22:27 28-Jun-2024,MB,B,43.9925,-59.8575,43.9925,-59.8575,6,,401677728,-130
260378,260378,UT,DS,4,0,0,130,45,15:08:38 28-Jun-2024,NN,1,43.9925,-59.8783,43.9925,-59.8783,58,,401677728,-121
260378,260378,UT,DS,1,0,0,,,15:25:57 28-Jun-2024,MC,B,43.9925,-59.8780,43.9925,-59.8780,6,,401677729,-127
260378,260378,UT,DS,2,0,0,136,136,15:44:25 28-Jun-2024,NP,B,43.9918,-59.8468,43.9918,-59.8468,6,,401677742,-136
260378,260378,UT,DS,10,2,0,,,15:51:15 28-Jun-2024,O3,2,43.9934,-59.8743,43.9934,-59.8743,56,,401677746,-120
260378,260378,UT,DS,2,0,0,187,187,16:51:09 28-Jun-2024,NN,B,43.9952,-59.8628,43.9952,-59.8628,8,,401677724,-132
260378,260378,UT,DS,4,0,0,75,45,21:36:59 28-Jun-2024,A1,2,43.9793,-59.8861,43.9793,-59.8861,58,,401677725,-130
260378,260378,UT,DS,3,0,0,129,91,21:51:12 28-Jun-2024,SR,A,43.9839,-59.8878,43.9839,-59.8878,6,,401677727,-119
260378,260378,UT,DS,6,1,2,,,22:10:53 28-Jun-2024,CS,2,43.9792,-59.8821,43.9792,-59.8821,56,,401677738,-132
260378,260378,UT,DS,2,0,1,45,45,22:13:17 28-Jun-2024,NP,B,43.9782,-59.8917,43.9782,-59.8917,6,,401677735,-135
260378,260378,UT,DS,2,0,1,162,162,23:04:24 28-Jun-2024,NK,B,43.9899,-59.8860,43.9899,-59.8860,8,,401677728,-126
260378,260378,UT,DS,4,0,2,170,162,23:07:13 28-Jun-2024,A1,2,43.9864,-59.8649,43.9864,-59.8649,58,,401677728,-124
260378,260378,UT,DS,2,0,0,328,328,00:36:46 29-Jun-2024,NK,B,43.9870,-59.8544,43.9870,-59.8544,8,,401677724,-133
260378,260378,UT,DS,8,1,0,,,00:54:15 29-Jun-2024,NN,3,43.9674,-59.8418,43.9674,-59.8418,56,,401677732,-124
260378,260378,UT,DS,5,0,0,133,51,01:01:16 29-Jun-2024,MC,2,43.9601,-59.8517,43.9601,-59.8517,56,,401677735,-120
260378,260378,UT,DS,7,0,1,61,45,01:24:43 29-Jun-2024,O3,2,43.9394,-59.8292,43.9394,-59.8292,56,,401677743,-130
260378,260378,UT,DS,9,2,0,,,01:29:36 29-Jun-2024,NP,2,43.9465,-59.8194,43.9465,-59.8194,56,,401677748,-124
260378,260378,UT,DS,1,0,0,,,01:50:04 29-Jun-2024,MB,B,43.9468,-59.8159,43.9468,-59.8159,6,,401677748,-133
260378,260378,UT,DS,2,0,0,152,152,02:37:19 29-Jun-2024,NN,B,43.9468,-59.8111,43.9468,-59.8111,8,,401677750,-124
260378,260378,UT,DS,2,0,0,272,272,11:08:39 29-Jun-2024,NK,B,43.9960,-59.7498,43.9960,-59.7498,8,,401677741,-135
260378,260378,UT,DS,3,0,0,183,178,12:07:09 29-Jun-2024,NP,A,43.9876,-59.8660,43.9876,-59.8660,8,,401677712,-130
260378,260378,UT,DS,2,0,0,186,186,12:22:21 29-Jun-2024,MB,B,43.9924,-59.8625,43.9924,-59.8625,6,,401677725,-131
260378,260378,UT,DS,2,0,0,365,365,12:53:02 29-Jun-2024,NK,B,43.9932,-59.8585,43.9932,-59.8585,8,,401677725,-123
260378,260378,UT,DS,3,0,0,265,173,13:18:23 29-Jun-2024,MC,A,43.9984,-59.8773,43.9984,-59.8773,8,,401677731,-120
260378,260378,UT,DS,6,1,0,,,13:45:28 29-Jun-2024,NP,0,43.9903,-59.8232,43.9903,-59.8232,46,,401677733,-119
260378,260378,UT,DS,4,0,2,150,45,14:02:21 29-Jun-2024,MB,0,43.9691,-59.8134,43.9691,-59.8134,46,,401677739,-124
260378,260378,UT,DS,3,0,0,276,164,14:52:58 29-Jun-2024,NN,A,43.9909,-59.8015,43.9909,-59.8015,8,,401677726,-123
260378,260378,UT,DS,3,0,0,172,164,14:56:26 29-Jun-2024,MC,A,43.9964,-59.8521,43.9964,-59.8521,6,,401677726,-121
260378,260378,UT,DS,1,0,0,,,15:08:29 29-Jun-2024,O3,B,43.9988,-59.8517,43.9988,-59.8517,6,,401677722,-138
260378,260378,UT,DS,3,0,0,122,45,15:30:26 29-Jun-2024,NP,A,44.0160,-59.8609,44.0160,-59.8609,6,,401677727,-135
260378,260378,UT,DS,4,0,0,93,67,21:25:39 29-Jun-2024,SR,1,43.9655,-59.7930,43.9655,-59.7930,58,,401677735,-129
260378,260378,UT,DS,6,2,0,,,21:30:23 29-Jun-2024,CS,3,43.9696,-59.7667,43.9696,-59.7667,56,,401677744,-126
260378,260378,UT,DS,4,0,0,89,89,22:32:13 29-Jun-2024,NK,1,43.9719,-59.7662,43.9719,-59.7662,48,,401677751,-129
260378,260378,UT,DS,3,0,0,91,90,22:46:27 29-Jun-2024,A1,A,43.9702,-59.7651,43.9702,-59.7651,8,,401677743,-123
260378,260378,UT,DS,3,0,0,88,86,22:59:16 29-Jun-2024,SR,A,43.9735,-59.7660,43.9735,-59.7660,6,,401677738,-130
260378,260378,UT,DS,6,1,0,,,23:36:13 29-Jun-2024,NP,3,43.9720,-59.7708,43.9720,-59.7708,58,,401677727,-125
260378,260378,UT,DS,3,0,0,227,93,23:46:48 29-Jun-2024,MB,A,43.9724,-59.7682,43.9724,-59.7682,6,,401677728,-129
260378,260378,UT,DS,6,0,1,89,87,00:10:54 30-Jun-2024,NK,3,43.9723,-59.7650,43.9723,-59.7650,56,,401677726,-130
260378,260378,UT,DS,3,0,0,89,89,00:17:35 30-Jun-2024,A1,A,43.9748,-59.7653,43.9748,-59.7653,6,,401677729,-136
260378,260378,UT,DS,4,0,1,90,89,00:39:59 30-Jun-2024,SR,3,43.9716,-59.7703,43.9716,-59.7703,56,,401677726,-132
260378,260378,UT,DS,8,1,1,,,00:39:15 30-Jun-2024,MC,3,43.9719,-59.7701,43.9719,-59.7701,56,,401677729,-120
260378,260378,UT,DS,7,1,0,,,00:44:28 30-Jun-2024,NN,3,43.9721,-59.7704,43.9721,-59.7704,66,,401677728,-130
260378,260378,UT,DS,4,0,0,90,90,01:19:59 30-Jun-2024,NP,3,43.9737,-59.7700,43.9737,-59.7700,58,,401677730,-121
260378,260378,UT,DS,2,0,0,90,90,02:19:16 30-Jun-2024,O3,B,43.9736,-59.7697,43.9736,-59.7697,8,,401677730,-132
260378,260378,UT,DS,2,0,0,116,116,02:22:29 30-Jun-2024,MC,B,43.9533,-59.7754,43.9533,-59.7754,8,,401677734,-121
260378,260378,UT,DS,1,0,0,,,02:23:27 30-Jun-2024,NN,B,43.9534,-59.7757,43.9534,-59.7757,6,,401677727,-124
260378,260378,UT,DS,4,0,0,216,159,12:27:23 30-Jun-2024,NK,2,43.9956,-59.8479,43.9956,-59.8479,58,,401677729,-119
260378,260378,UT,DS,3,0,0,178,169,12:59:10 30-Jun-2024,MC,A,43.9936,-59.8687,43.9936,-59.8687,8,,401677723,-121
260378,260378,UT,DS,5,0,1,167,156,13:33:55 30-Jun-2024,NP,1,43.9986,-59.8925,43.9986,-59.8925,48,,401677729,-119
260378,260378,UT,DS,2,0,0,366,366,13:45:03 30-Jun-2024,MB,B,43.9995,-59.8954,43.9995,-59.8954,6,,401677730,-124
260378,260378,UT,DS,1,0,0,,,14:05:27 30-Jun-2024,NK,B,44.0010,-59.8987,44.0010,-59.8987,6,,401677726,-135
260378,260378,UT,DS,5,0,0,166,159,14:33:50 30-Jun-2024,MC,2,44.0000,-59.8747,44.0000,-59.8747,58,,401677732,-115
260378,260378,UT,DS,4,0,0,226,166,14:41:59 30-Jun-2024,NN,3,43.9947,-59.8760,43.9947,-59.8760,56,,401677731,-125
260378,260378,UT,DS,5,0,0,152,132,15:14:00 30-Jun-2024,NP,3,43.9954,-59.8684,43.9954,-59.8684,58,,401677733,-126
260378,260378,UT,DS,2,0,1,511,511,15:21:20 30-Jun-2024,MB,B,43.9992,-59.8804,43.9992,-59.8804,6,,401677734,-134
260378,260378,UT,DS,4,0,1,174,170,15:59:44 30-Jun-2024,O3,3,43.9950,-59.8642,43.9950,-59.8642,58,,401677731,-125
260378,260378,UT,DS,2,0,0,169,169,16:18:28 30-Jun-2024,MC,B,43.9989,-59.8735,43.9989,-59.8735,6,,401677733,-126
260378,260378,UT,DS,2,0,0,322,322,16:23:57 30-Jun-2024,NN,B,43.9966,-59.8740,43.9966,-59.8740,6,,401677732,-131
260378,260378,UT,DS,5,1,0,,,22:04:37 30-Jun-2024,NK,3,43.9593,-59.7927,43.9593,-59.7927,58,,401677737,-130
260378,260378,UT,DS,3,0,0,90,90,22:19:41 30-Jun-2024,A1,A,43.9594,-59.8008,43.9594,-59.8008,6,,401677744,-125
260378,260378,UT,DS,6,0,1,90,89,22:29:28 30-Jun-2024,SR,2,43.9583,-59.8049,43.9583,-59.8049,56,,401677738,-120
260378,260378,UT,DS,3,0,0,136,93,22:27:43 30-Jun-2024,CS,A,43.9590,-59.8016,43.9590,-59.8016,6,,401677738,-131
260378,260378,UT,DS,1,0,0,,,22:46:43 30-Jun-2024,MC,B,43.9586,-59.8055,43.9586,-59.8055,6,,401677734,-127
260378,260378,UT,DS,8,1,1,,,23:24:13 30-Jun-2024,NP,3,43.9639,-59.7935,43.9639,-59.7935,58,,401677731,-133
260378,260378,UT,DS,3,0,0,91,90,23:32:28 30-Jun-2024,MB,A,43.9592,-59.8012,43.9592,-59.8012,6,,401677727,-131
260378,260378,UT,DS,7,0,0,104,88,23:54:17 30-Jun-2024,NK,3,43.9600,-59.7952,43.9600,-59.7952,56,,401677728,-124
260378,260378,UT,DS,4,0,1,89,88,23:52:04 30-Jun-2024,A1,1,43.9614,-59.7873,43.9614,-59.7873,56,,401677733,-135
260378,260378,UT,DS,6,1,1,,,00:07:48 01-Jul-2024,SR,3,43.9582,-59.7975,43.9582,-59.7975,66,,401677730,-131
260378,260378,UT,DS,3,0,1,224,91,00:25:46 01-Jul-2024,MC,A,43.9552,-59.8022,43.9552,-59.8022,6,,401677730,-130
260378,260378,UT,DS,2,0,0,90,90,01:06:14 01-Jul-2024,NP,B,43.9551,-59.8014,43.9551,-59.8014,8,,401677732,-126
260378,260378,UT,DS,4,0,1,180,90,01:06:59 01-Jul-2024,MB,1,43.9579,-59.8056,43.9579,-59.8056,56,,401677729,-128
260378,260378,UT,DS,2,0,0,90,90,02:03:29 01-Jul-2024,MC,B,43.9586,-59.7962,43.9586,-59.7962,8,,401677728,-126
260378,260378,UT,DS,5,0,0,112,89,02:11:45 01-Jul-2024,NN,3,43.9597,-59.7947,43.9597,-59.7947,56,,401677728,-131
260378,260378,UT,DS,1,0,0,,,02:53:06 01-Jul-2024,NP,B,43.9590,-59.7884,43.9590,-59.7884,8,,401677720,-137
260378,260378,UT,DS,2,0,0,166,166,12:04:04 01-Jul-2024,NK,B,43.9773,-59.7036,43.9773,-59.7036,8,,401677723,-119
260378,260378,UT,DS,2,0,0,174,174,12:44:07 01-Jul-2024,MC,B,43.9543,-59.7986,43.9543,-59.7986,8,,401677730,-129
260378,260378,UT,DS,12,5,1,,,13:20:47 01-Jul-2024,NP,3,43.9940,-59.8517,43.9940,-59.8517,56,,401677738,-122
260378,260378,UT,DS,8,2,0,,,13:20:17 01-Jul-2024,MB,2,43.9945,-59.8574,43.9945,-59.8574,57,,401677737,-124
260378,260378,UT,DS,3,0,0,223,202,13:39:15 01-Jul-2024,NK,A,44.0119,-59.8587,44.0119,-59.8587,6,,401677732,-127
260378,260378,UT,DS,5,0,0,174,172,14:14:31 01-Jul-2024,MC,1,43.9909,-59.8518,43.9909,-59.8518,58,,401677724,-112
260378,260378,UT,DS,4,0,0,174,167,14:29:05 01-Jul-2024,NN,3,43.9951,-59.8621,43.9951,-59.8621,56,,401677726,-124
260378,260378,UT,DS,2,0,1,164,164,15:00:25 01-Jul-2024,MB,B,44.0003,-59.8793,44.0003,-59.8793,8,,401677723,-132
260378,260378,UT,DS,3,0,0,256,165,15:04:32 01-Jul-2024,NP,A,43.9927,-59.8648,43.9927,-59.8648,6,,401677726,-124
260378,260378,UT,DS,4,0,0,162,158,15:08:55 01-Jul-2024,O3,3,43.9934,-59.8661,43.9934,-59.8661,66,,401677729,-132
260378,260378,UT,DS,3,0,0,171,162,15:57:16 01-Jul-2024,MC,A,43.9928,-59.8632,43.9928,-59.8632,8,,401677727,-128
260378,260378,UT,DS,3,0,0,175,170,16:11:44 01-Jul-2024,NN,A,43.9909,-59.8679,43.9909,-59.8679,6,,401677725,-124
260378,260378,UT,DS,2,0,0,353,353,16:51:22 01-Jul-2024,O3,B,43.9814,-59.8619,43.9814,-59.8619,8,,401677724,-124
260378,260378,UT,DS,6,1,0,,,21:39:00 01-Jul-2024,NK,3,43.9582,-59.8080,43.9582,-59.8080,58,,401677724,-126
260378,260378,UT,DS,5,0,0,112,87,21:47:24 01-Jul-2024,CS,3,43.9572,-59.8066,43.9572,-59.8066,56,,401677727,-128
260378,260378,UT,DS,7,0,0,92,88,21:57:08 01-Jul-2024,SR,3,43.9566,-59.8079,43.9566,-59.8079,56,,401677729,-125
260378,260378,UT,DS,4,0,0,95,88,21:54:50 01-Jul-2024,A1,3,43.9563,-59.8050,43.9563,-59.8050,66,,401677729,-129
260378,260378,UT,DS,2,0,0,92,92,22:26:33 01-Jul-2024,MC,B,43.9583,-59.8070,43.9583,-59.8070,6,,401677725,-132
260378,260378,UT,DS,1,0,0,,,23:09:21 01-Jul-2024,MB,B,43.9601,-59.8158,43.9601,-59.8158,8,,401677723,-134
260378,260378,UT,DS,6,0,0,89,87,23:11:35 01-Jul-2024,NP,3,43.9543,-59.8072,43.9543,-59.8072,66,,401677728,-129
260378,260378,UT,DS,3,0,0,136,90,23:23:20 01-Jul-2024,NK,A,43.9560,-59.8029,43.9560,-59.8029,6,,401677728,-127
260378,260378,UT,DS,1,0,0,,,23:28:54 01-Jul-2024,A1,B,43.9548,-59.8066,43.9548,-59.8066,6,,401677726,-129
260378,260378,UT,DS,3,0,0,135,92,23:37:20 01-Jul-2024,SR,A,43.9541,-59.8030,43.9541,-59.8030,6,,401677727,-136
260378,260378,UT,DS,5,0,1,112,87,00:03:17 02-Jul-2024,MC,3,43.9562,-59.8060,43.9562,-59.8060,66,,401677728,-118
260378,260378,UT,DS,3,0,0,89,88,00:19:42 02-Jul-2024,NN,A,43.9575,-59.8073,43.9575,-59.8073,6,,401677730,-131
260378,260378,UT,DS,1,0,0,,,00:48:02 02-Jul-2024,MB,B,43.9571,-59.8073,43.9571,-59.8073,6,,401677729,-130
260378,260378,UT,DS,4,0,0,211,90,00:51:05 02-Jul-2024,NP,2,43.9576,-59.8037,43.9576,-59.8037,56,,401677729,-126
260378,260378,UT,DS,7,1,0,,,01:41:29 02-Jul-2024,MC,3,43.9565,-59.8013,43.9565,-59.8013,58,,401677729,-120
260378,260378,UT,DS,5,0,0,112,89,01:59:27 02-Jul-2024,NN,1,43.9531,-59.8123,43.9531,-59.8123,56,,401677730,-125
260378,260378,UT,DS,3,0,0,90,90,02:24:17 02-Jul-2024,O3,A,43.9552,-59.8043,43.9552,-59.8043,6,,401677729,-126
260378,260378,UT,DS,3,0,0,160,160,12:16:38 02-Jul-2024,MC,A,43.9846,-59.8800,43.9846,-59.8800,8,,401677723,-125
260378,260378,UT,DS,1,0,0,,,13:02:13 02-Jul-2024,MB,B,43.9855,-59.8845,43.9855,-59.8845,8,,401677724,-132
260378,260378,UT,DS,3,0,0,260,184,13:15:05 02-Jul-2024,NK,A,43.9946,-59.8772,43.9946,-59.8772,6,,401677727,-126
260378,260378,UT,DS,4,0,0,173,168,13:11:10 02-Jul-2024,NP,2,43.9982,-59.8801,43.9982,-59.8801,56,,401677728,-126
260378,260378,UT,DS,7,0,0,106,46,13:53:22 02-Jul-2024,MC,1,44.0115,-59.9461,44.0115,-59.9461,48,,401677730,-113
260378,260378,UT,DS,3,0,1,236,135,14:18:30 02-Jul-2024,NN,A,44.0133,-59.8998,44.0133,-59.8998,6,,401677736,-125
260378,260378,UT,DS,7,1,1,,,14:39:52 02-Jul-2024,MB,3,43.9994,-59.8872,,,56,,401677734,-126
260378,260378,UT,DS,6,1,0,,,14:48:58 02-Jul-2024,NP,3,44.0024,-59.8797,,,56,,401677732,-125
260378,260378,UT,DS,2,0,0,206,206,15:33:39 02-Jul-2024,MC,B,44.0186,-59.9191,44.0186,-59.9191,8,,401677727,-131
260378,260378,UT,DS,3,0,0,195,191,15:58:47 02-Jul-2024,NN,A,43.9941,-59.8840,43.9941,-59.8840,6,,401677726,-123
260378,260378,UT,DS,5,0,0,186,174,16:06:38 02-Jul-2024,O3,3,43.9965,-59.8914,43.9965,-59.8914,56,,401677728,-121
260378,260378,UT,DS,1,0,0,,,21:28:41 02-Jul-2024,SR,B,44.0629,-60.0732,44.0629,-60.0732,8,,401677734,-128
260378,260378,UT,DS,4,0,0,97,58,21:31:24 02-Jul-2024,A1,1,43.9552,-59.8067,43.9552,-59.8067,46,,401677748,-132
260378,260378,UT,DS,3,0,0,190,185,22:55:55 02-Jul-2024,NK,A,43.9799,-59.7870,43.9799,-59.7870,8,,401677724,-121
260378,260378,UT,DS,1,0,0,,,22:59:08 02-Jul-2024,NP,B,43.9683,-59.8543,43.9683,-59.8543,8,,401677727,-140
260378,260378,UT,DS,2,0,0,404,404,00:06:45 03-Jul-2024,NN,B,43.9804,-59.8180,43.9804,-59.8180,8,,401677732,-137
260378,260378,UT,DS,3,0,1,295,260,00:23:29 03-Jul-2024,MB,A,43.9738,-59.8591,43.9738,-59.8591,6,,401677728,-131
260378,260378,UT,DS,1,0,0,,,00:36:36 03-Jul-2024,A1,B,43.9790,-59.8606,43.9790,-59.8606,,,401677718,-140
260378,260378,UT,DS,4,0,0,249,184,00:36:36 03-Jul-2024,NP,1,43.9788,-59.8617,43.9788,-59.8617,56,,401677728,-125
260378,260378,UT,DS,2,0,0,182,182,00:38:08 03-Jul-2024,NK,B,43.9811,-59.8437,43.9811,-59.8437,6,,401677733,-128
260378,260378,UT,DS,2,0,1,184,184,00:44:01 03-Jul-2024,SR,B,43.9782,-59.8319,43.9782,-59.8319,6,,401677726,-133
260378,260378,UT,DS,4,0,1,126,45,01:19:16 03-Jul-2024,MC,3,43.9867,-59.8229,43.9867,-59.8229,57,,401677733,-127
260378,260378,UT,DS,1,0,0,,,01:40:43 03-Jul-2024,O3,B,43.9870,-59.8219,43.9870,-59.8219,6,,401677737,-132
260378,260378,UT,DS,7,0,0,84,45,01:44:20 03-Jul-2024,NN,1,43.9860,-59.8499,43.9860,-59.8499,56,,401677733,-128
260378,260378,UT,DS,1,0,0,,,11:54:46 03-Jul-2024,MC,B,44.0783,-59.9030,44.0783,-59.9030,8,,401677760,-135
260378,260378,UT,DS,1,0,0,,,12:41:29 03-Jul-2024,MB,B,44.0371,-59.8837,44.0371,-59.8837,8,,401677752,-133
260378,260378,UT,DS,1,0,0,,,12:44:20 03-Jul-2024,NK,B,44.0155,-59.8624,44.0155,-59.8624,6,,401677736,-130
260378,260378,UT,DS,3,0,1,178,178,12:59:32 03-Jul-2024,NP,A,43.9945,-59.8680,43.9945,-59.8680,6,,401677752,-125
260378,260378,UT,DS,3,0,0,296,91,13:34:05 03-Jul-2024,MC,A,43.9899,-59.7872,43.9899,-59.7872,7,,401677744,-121
260378,260378,UT,DS,4,0,0,191,183,14:04:11 03-Jul-2024,NN,1,43.9982,-59.8646,43.9982,-59.8646,48,,401677734,-124
260378,260378,UT,DS,2,0,0,379,379,14:19:38 03-Jul-2024,MB,B,43.9936,-59.8625,43.9936,-59.8625,6,,401677732,-126
260378,260378,UT,DS,3,0,1,245,148,14:39:14 03-Jul-2024,NP,A,43.9920,-59.8568,43.9920,-59.8568,6,,401677732,-125
260378,260378,UT,DS,1,0,0,,,15:14:31 03-Jul-2024,MC,B,43.9916,-59.8665,43.9916,-59.8665,8,,401677730,-127
260378,260378,UT,DS,3,0,1,160,154,15:22:21 03-Jul-2024,O3,A,43.9930,-59.8588,43.9930,-59.8588,6,,401677730,-130
260378,260378,UT,DS,2,0,0,303,303,15:44:12 03-Jul-2024,NN,B,43.9989,-59.8551,43.9989,-59.8551,6,,401677730,-130
260378,260378,UT,DS,1,0,0,,,16:22:34 03-Jul-2024,NP,B,44.0005,-59.8577,44.0005,-59.8577,8,,401677726,-137
260378,260378,UT,DS,1,0,0,,,22:28:32 03-Jul-2024,NK,B,43.9990,-59.8638,43.9990,-59.8638,8,,401677724,-135
260378,260378,UT,DS,3,0,0,103,45,22:41:44 03-Jul-2024,A1,A,43.9903,-59.7920,43.9903,-59.7920,6,,401677732,-121
260378,260378,UT,DS,2,0,0,45,45,22:40:42 03-Jul-2024,SR,B,44.0722,-59.9830,44.0722,-59.9830,8,,401677731,-131
260378,260378,UT,DS,1,0,0,,,23:53:54 03-Jul-2024,NN,B,43.9892,-59.7919,43.9892,-59.7919,8,,401677728,-137
260378,260378,UT,DS,2,0,0,508,508,00:04:44 04-Jul-2024,MB,B,43.9947,-59.7993,43.9947,-59.7993,6,,401677725,-129
260378,260378,UT,DS,3,0,0,256,253,00:13:09 04-Jul-2024,SR,A,44.0024,-59.7996,44.0024,-59.7996,6,,401677726,-128
260378,260378,UT,DS,2,0,0,260,260,00:11:02 04-Jul-2024,NK,B,43.9947,-59.7966,43.9947,-59.7966,6,,401677727,-126
260378,260378,UT,DS,1,0,0,,,00:13:12 04-Jul-2024,A1,B,44.0023,-59.8010,44.0023,-59.8010,6,,401677727,-131
260378,260378,UT,DS,3,0,0,336,219,00:24:59 04-Jul-2024,NP,A,44.0015,-59.8071,44.0015,-59.8071,6,,401677724,-120
260378,260378,UT,DS,4,0,0,209,202,00:58:00 04-Jul-2024,MC,2,43.9932,-59.8337,43.9932,-59.8337,58,,401677728,-112
260378,260378,UT,DS,4,0,0,212,207,01:32:37 04-Jul-2024,NN,2,43.9994,-59.8201,43.9994,-59.8201,58,,401677729,-121
260378,260378,UT,DS,1,0,0,,,01:46:35 04-Jul-2024,MB,B,44.0000,-59.8200,44.0000,-59.8200,6,,401677727,-132
260378,260378,UT,DS,2,0,0,203,203,02:12:25 04-Jul-2024,NP,B,43.9995,-59.8208,43.9995,-59.8208,6,,401677730,-131
260378,260378,UT,DS,3,0,0,223,217,02:32:34 04-Jul-2024,O3,A,43.9992,-59.8150,43.9992,-59.8150,6,,401677727,-130
260378,260378,UT,DS,1,0,0,,,02:43:43 04-Jul-2024,MC,B,44.0000,-59.8175,44.0000,-59.8175,6,,401677727,-129
260378,260378,UT,DS,1,0,0,,,12:22:20 04-Jul-2024,NK,B,43.9891,-59.8261,43.9891,-59.8261,8,,401677730,-130
260378,260378,UT,DS,2,0,0,155,155,12:44:59 04-Jul-2024,NP,B,44.0097,-59.8508,44.0097,-59.8508,6,,401677751,-129
260378,260378,UT,DS,2,0,0,45,45,13:18:47 04-Jul-2024,MC,B,44.0037,-59.8260,44.0037,-59.8260,8,,401677745,-119
260378,260378,UT,DS,2,0,0,182,182,13:51:53 04-Jul-2024,NN,B,44.0053,-59.8228,44.0053,-59.8228,8,,401677735,-135
260378,260378,UT,DS,1,0,1,,,14:05:08 04-Jul-2024,MB,B,44.0035,-59.8105,44.0035,-59.8105,6,,401677741,-130
260378,260378,UT,DS,1,0,0,,,14:33:33 04-Jul-2024,NP,B,44.0038,-59.8088,44.0038,-59.8088,6,,401677736,-140
260378,260378,UT,DS,2,0,1,204,204,14:57:04 04-Jul-2024,MC,B,44.0023,-59.8282,44.0023,-59.8282,6,,401677738,-124
260378,260378,UT,DS,2,0,0,419,419,15:35:30 04-Jul-2024,NN,B,43.9996,-59.8146,43.9996,-59.8146,8,,401677740,-125
260378,260378,UT,DS,4,0,0,129,45,16:08:15 04-Jul-2024,O3,,,,,,,,401650000,
260378,260378,UT,DS,3,0,0,123,45,16:08:37 04-Jul-2024,NP,A,44.0034,-59.8252,44.0034,-59.8252,8,,401677738,-132
260378,260378,UT,DS,1,0,0,,,16:36:55 04-Jul-2024,MC,B,44.0053,-59.8173,44.0053,-59.8173,6,,401677738,-134
260378,260378,UT,DS,7,2,0,,,21:23:56 04-Jul-2024,CS,3,43.9650,-59.7789,43.9650,-59.7789,58,,401677707,-126
260378,260378,UT,DS,7,1,0,,,22:01:34 04-Jul-2024,SR,3,43.9633,-59.7896,43.9633,-59.7896,58,,401677712,-122
260378,260378,UT,DS,6,1,0,,,22:06:21 04-Jul-2024,NK,3,43.9613,-59.7880,43.9613,-59.7880,56,,401677714,-127
260378,260378,UT,DS,5,0,0,89,87,22:15:04 04-Jul-2024,A1,3,43.9633,-59.7844,43.9633,-59.7844,56,,401677713,-127
260378,260378,UT,DS,3,0,0,92,90,22:36:01 04-Jul-2024,NP,A,43.9625,-59.7870,43.9625,-59.7870,6,,401677715,-134
260378,260378,UT,DS,7,0,1,70,45,23:00:05 04-Jul-2024,MC,1,44.0071,-59.7752,44.0071,-59.7752,56,,401677698,-122
260378,260378,UT,DS,1,0,0,,,23:45:10 04-Jul-2024,SR,B,44.0104,-59.7787,44.0104,-59.7787,6,,401677719,-136
260378,260378,UT,DS,6,0,1,63,45,23:47:47 04-Jul-2024,A1,3,43.9787,-59.7788,43.9787,-59.7788,56,,401677714,-129
260378,260378,UT,DS,3,0,0,45,45,23:48:55 04-Jul-2024,NK,A,43.9789,-59.7788,43.9789,-59.7788,6,,401677707,-130
260378,260378,UT,DS,3,0,0,45,45,23:50:25 04-Jul-2024,MB,A,43.9899,-59.7639,43.9899,-59.7639,6,,401677718,-129
260378,260378,UT,DS,4,0,2,229,135,00:12:21 05-Jul-2024,NP,1,43.9854,-59.7910,43.9854,-59.7910,56,,401677712,-122
260378,260378,UT,DS,4,0,0,185,51,00:38:23 05-Jul-2024,MC,1,43.9638,-59.8164,43.9638,-59.8164,56,,401677708,-124
260378,260378,UT,DS,6,0,0,95,45,01:21:31 05-Jul-2024,NN,1,44.0076,-59.7831,44.0076,-59.7831,48,,401677706,-126
260378,260378,UT,DS,2,0,0,45,45,01:26:10 05-Jul-2024,MB,B,43.9927,-59.7923,43.9927,-59.7923,6,,401677712,-128
260378,260378,UT,DS,2,0,0,360,360,11:54:59 05-Jul-2024,NK,B,43.9626,-59.6654,43.9626,-59.6654,8,,401677746,-123
260378,260378,UT,DS,4,0,0,134,45,12:34:21 05-Jul-2024,NP,1,43.9978,-59.8799,43.9978,-59.8799,58,,401677724,-125
260378,260378,UT,DS,4,0,0,131,45,12:53:30 05-Jul-2024,MC,1,43.9907,-59.8735,43.9907,-59.8735,46,,401677723,-120
260378,260378,UT,DS,2,0,0,189,189,13:40:55 05-Jul-2024,MB,B,43.9953,-59.8709,43.9953,-59.8709,8,,401677725,-131
260378,260378,UT,DS,2,0,1,188,188,13:45:37 05-Jul-2024,NN,B,43.9933,-59.8661,43.9933,-59.8661,6,,401677725,-128
260378,260378,UT,DS,3,0,0,115,46,14:15:36 05-Jul-2024,NP,A,43.9960,-59.8755,43.9960,-59.8755,6,,401677725,-117
260378,260378,UT,DS,3,0,0,288,201,14:33:13 05-Jul-2024,MC,A,44.0041,-59.8862,44.0041,-59.8862,6,,401677729,-127
260378,260378,UT,DS,1,0,0,,,15:26:18 05-Jul-2024,NN,B,44.0107,-59.8810,44.0107,-59.8810,8,,401677736,-122
260378,260378,UT,DS,2,0,0,183,183,15:30:47 05-Jul-2024,O3,B,43.9955,-59.8746,43.9955,-59.8746,8,,401677726,-131
260378,260378,UT,DS,1,0,0,,,15:56:28 05-Jul-2024,NP,B,43.9948,-59.8783,43.9948,-59.8783,6,,401677725,-133
260378,260378,UT,DS,3,0,0,132,111,16:14:19 05-Jul-2024,MC,A,43.9613,-59.8661,43.9613,-59.8661,6,,401677722,-127
260378,260378,UT,DS,4,0,0,105,70,21:30:50 05-Jul-2024,SR,3,43.9521,-59.8281,43.9521,-59.8281,58,,401677728,-127
260378,260378,UT,DS,6,1,0,,,21:39:31 05-Jul-2024,NK,3,43.9527,-59.8406,43.9527,-59.8406,56,,401677728,-129
260378,260378,UT,DS,8,1,0,,,21:51:30 05-Jul-2024,A1,3,43.9517,-59.8501,43.9517,-59.8501,56,,401677732,-129
260378,260378,UT,DS,5,0,1,48,45,22:19:54 05-Jul-2024,CS,2,43.9479,-59.8641,43.9479,-59.8641,56,,401677734,-132
260378,260378,UT,DS,2,0,0,209,209,22:24:17 05-Jul-2024,NP,B,43.9422,-59.8694,43.9422,-59.8694,6,,401677737,-139
260378,260378,UT,DS,7,2,0,,,22:39:00 05-Jul-2024,MC,1,43.8890,-59.8582,43.8890,-59.8582,56,,401677763,-124
260378,260378,UT,DS,4,0,0,118,87,23:13:25 05-Jul-2024,SR,3,43.9395,-59.8651,43.9395,-59.8651,58,,401677754,-121
260378,260378,UT,DS,7,0,0,105,88,23:19:00 05-Jul-2024,NK,1,43.9405,-59.8845,43.9405,-59.8845,46,,401677750,-122
260378,260378,UT,DS,4,0,0,90,90,23:22:26 05-Jul-2024,A1,3,43.9403,-59.8618,43.9403,-59.8618,56,,401677748,-129
260378,260378,UT,DS,2,0,1,90,90,23:29:53 05-Jul-2024,MB,B,43.9454,-59.8603,43.9454,-59.8603,6,,401677744,-132
260378,260378,UT,DS,5,0,0,136,90,00:03:37 06-Jul-2024,NP,3,43.9404,-59.8656,43.9404,-59.8656,58,,401677744,-129
260378,260378,UT,DS,8,0,0,89,87,00:16:28 06-Jul-2024,MC,3,43.9415,-59.8654,43.9415,-59.8654,66,,401677745,-119
260378,260378,UT,DS,1,0,0,,,00:46:24 06-Jul-2024,SR,B,43.9503,-59.8653,43.9503,-59.8653,6,,401677744,-135
260378,260378,UT,DS,1,0,0,,,01:06:04 06-Jul-2024,MB,B,43.9420,-59.8645,43.9420,-59.8645,6,,401677738,-131
260378,260378,UT,DS,1,0,0,,,01:15:11 06-Jul-2024,NN,B,43.9449,-59.8648,43.9449,-59.8648,6,,401677742,-135
260378,260378,UT,DS,3,0,0,178,88,01:43:39 06-Jul-2024,NP,A,43.9425,-59.8668,43.9425,-59.8668,6,,401677741,-128
260378,260378,UT,DS,3,0,0,89,89,02:05:27 06-Jul-2024,MC,A,43.9399,-59.8686,43.9399,-59.8686,6,,401677741,-123
260378,260378,UT,DS,7,0,0,90,90,02:40:48 06-Jul-2024,O3,3,43.9411,-59.8702,43.9411,-59.8702,58,,401677739,-124
260378,260378,UT,DS,1,0,0,,,02:49:50 06-Jul-2024,NN,B,43.9411,-59.8695,43.9411,-59.8695,6,,401677734,-135
260378,260378,UT,DS,4,0,0,121,90,11:33:45 06-Jul-2024,NK,2,43.9951,-59.8724,43.9951,-59.8724,58,,401677747,-120
260378,260378,UT,DS,5,1,0,,,12:23:47 06-Jul-2024,NP,1,44.0031,-59.8974,44.0031,-59.8974,58,,401677719,-131
260378,260378,UT,DS,8,1,2,,,12:33:40 06-Jul-2024,MC,1,43.9891,-59.8529,43.9891,-59.8529,56,,401677748,-124
260378,260378,UT,DS,2,0,0,90,90,13:08:33 06-Jul-2024,NK,B,43.9963,-59.8529,43.9963,-59.8529,8,,401677742,-131
260378,260378,UT,DS,5,0,0,151,45,13:21:25 06-Jul-2024,MB,1,44.0050,-59.8276,44.0050,-59.8276,48,,401677725,-129
260378,260378,UT,DS,4,0,0,100,45,13:27:53 06-Jul-2024,NN,0,43.9837,-59.8510,43.9837,-59.8510,46,,401677708,-130
260378,260378,UT,DS,6,0,0,153,45,14:00:27 06-Jul-2024,NP,1,43.9926,-59.8299,43.9926,-59.8299,57,,401677723,-122
260378,260378,UT,DS,3,0,0,190,187,14:13:14 06-Jul-2024,MC,A,43.9938,-59.8450,43.9938,-59.8450,6,,401677723,-113
260378,260378,UT,DS,7,1,0,,,14:40:44 06-Jul-2024,O3,0,44.0205,-59.8908,44.0205,-59.8908,46,,401677723,-129
260378,260378,UT,DS,2,0,0,162,162,14:56:40 06-Jul-2024,MB,B,43.9929,-59.8295,43.9929,-59.8295,6,,401677727,-133
260378,260378,UT,DS,6,0,0,176,45,15:05:03 06-Jul-2024,NN,0,43.9995,-59.8951,43.9995,-59.8951,46,,401677726,-125
260378,260378,UT,DS,5,0,0,113,51,15:44:10 06-Jul-2024,NP,1,43.9647,-59.8072,43.9647,-59.8072,48,,401677732,-133
260378,260378,UT,DS,6,0,0,85,53,15:51:27 06-Jul-2024,MC,0,43.9445,-59.7819,43.9445,-59.7819,46,,401677733,-128
260378,260378,UT,DS,6,0,0,52,45,16:18:40 06-Jul-2024,O3,1,43.9601,-59.7915,43.9601,-59.7915,56,,401677735,-116
260378,260378,UT,DS,2,0,0,178,178,16:50:05 06-Jul-2024,NN,B,43.9814,-59.7687,43.9814,-59.7687,8,,401677738,-130
260378,260378,UT,DS,1,0,0,,,21:29:14 06-Jul-2024,A1,B,44.0086,-59.6042,44.0086,-59.6042,8,,401677761,-137
260378,260378,UT,DS,9,3,0,,,21:39:34 06-Jul-2024,CS,3,43.9834,-59.8111,43.9834,-59.8111,56,,401677711,-127
260378,260378,UT,DS,1,0,0,,,22:20:54 06-Jul-2024,MC,B,43.9878,-59.7828,43.9878,-59.7828,8,,401677698,-131
260378,260378,UT,DS,3,0,0,194,193,22:41:26 06-Jul-2024,SR,A,43.9858,-59.8278,43.9858,-59.8278,6,,401677695,-121
260378,260378,UT,DS,5,0,0,159,46,22:54:05 06-Jul-2024,NK,1,43.9900,-59.8005,43.9900,-59.8005,46,,401677697,-122
260378,260378,UT,DS,4,0,0,129,46,23:00:33 06-Jul-2024,A1,3,43.9818,-59.8185,43.9818,-59.8185,56,,401677699,-127
260378,260378,UT,DS,1,0,0,,,23:09:53 06-Jul-2024,MB,B,43.9821,-59.8194,43.9821,-59.8194,6,,401677700,-134
260378,260378,UT,DS,2,0,0,149,149,23:56:40 06-Jul-2024,NP,B,43.9966,-59.7950,43.9966,-59.7950,8,,401677706,-124
260378,260378,UT,DS,3,0,0,181,177,00:00:52 07-Jul-2024,MC,A,43.9837,-59.8270,43.9837,-59.8270,6,,401677704,-119
260378,260378,UT,DS,4,0,0,137,45,00:14:50 07-Jul-2024,SR,1,43.9939,-59.8316,43.9939,-59.8316,56,,401677705,-129
260378,260378,UT,DS,1,0,0,,,00:32:07 07-Jul-2024,NK,B,43.9962,-59.8231,43.9962,-59.8231,6,,401677703,-137
260378,260378,UT,DS,2,0,0,170,170,00:46:12 07-Jul-2024,MB,B,43.9952,-59.8129,43.9952,-59.8129,8,,401677706,-129
260378,260378,UT,DS,3,0,0,290,178,00:55:39 07-Jul-2024,NN,A,43.9896,-59.8169,43.9896,-59.8169,6,,401677705,-129
260378,260378,UT,DS,3,0,0,189,45,01:30:40 07-Jul-2024,NP,A,43.9807,-59.8153,43.9807,-59.8153,8,,401677710,-127
260378,260378,UT,DS,6,1,1,,,01:37:58 07-Jul-2024,MC,1,43.9935,-59.7886,43.9935,-59.7886,46,,401677711,-118
260378,260378,UT,DS,4,1,0,,,01:53:17 07-Jul-2024,O3,1,43.9926,-59.8039,43.9926,-59.8039,56,,401677718,-126
260378,260378,UT,DS,1,0,0,,,12:11:10 07-Jul-2024,NP,B,44.0214,-59.5181,44.0214,-59.5181,8,,401677707,-139
260378,260378,UT,DS,1,0,0,,,12:14:51 07-Jul-2024,MC,B,44.0005,-59.7019,44.0005,-59.7019,6,,401677719,-133
260378,260378,UT,DS,1,0,0,,,12:43:57 07-Jul-2024,NK,B,43.9899,-59.8000,43.9899,-59.8000,6,,401677720,-122
260378,260378,UT,DS,5,0,1,173,159,13:47:24 07-Jul-2024,NP,0,44.0015,-59.8252,44.0015,-59.8252,58,,401677724,-131
260378,260378,UT,DS,5,0,0,174,159,13:50:22 07-Jul-2024,MC,1,43.9990,-59.8117,43.9990,-59.8117,56,,401677725,-126
260378,260378,UT,DS,4,0,2,180,177,14:38:26 07-Jul-2024,MB,3,43.9990,-59.8000,43.9990,-59.8000,58,,401677722,-130
260378,260378,UT,DS,4,0,0,175,173,14:56:26 07-Jul-2024,NN,2,43.9981,-59.8190,43.9981,-59.8190,56,,401677722,-121
260378,260378,UT,DS,3,0,0,270,187,15:36:13 07-Jul-2024,O3,A,43.9930,-59.8004,43.9930,-59.8004,6,,401677722,-121
260378,260378,UT,DS,2,0,0,361,361,15:32:11 07-Jul-2024,MC,B,43.9953,-59.7965,43.9953,-59.7965,,,401677719,-121
260378,260378,UT,DS,2,0,0,361,361,15:32:11 07-Jul-2024,NP,B,43.9995,-59.7973,43.9995,-59.7973,8,,401677725,-127
260378,260378,UT,DS,5,0,1,135,45,16:34:16 07-Jul-2024,NN,1,43.9829,-59.8041,43.9829,-59.8041,48,,401677728,-130
260378,260378,UT,DS,3,0,0,89,89,20:59:54 07-Jul-2024,CS,A,43.9535,-59.8064,43.9535,-59.8064,8,,401677709,-124
260378,260378,UT,DS,4,0,0,90,90,22:08:18 07-Jul-2024,SR,3,43.9534,-59.8069,43.9534,-59.8069,58,,401677712,-121
260378,260378,UT,DS,5,0,0,90,90,22:28:30 07-Jul-2024,NK,2,43.9575,-59.8074,43.9575,-59.8074,56,,401677712,-129
260378,260378,UT,DS,2,0,1,267,267,22:32:15 07-Jul-2024,A1,B,43.9552,-59.8063,43.9552,-59.8063,6,,401677712,-139
260378,260378,UT,DS,4,0,0,151,90,23:42:57 07-Jul-2024,NP,3,43.9581,-59.8134,43.9581,-59.8134,56,,401677716,-133
260378,260378,UT,DS,2,0,0,180,180,23:38:56 07-Jul-2024,MC,B,43.9526,-59.8088,43.9526,-59.8088,8,,401677720,-131
260378,260378,UT,DS,3,0,0,133,90,23:48:27 07-Jul-2024,SR,A,43.9548,-59.8145,43.9548,-59.8145,6,,401677717,-126
260378,260378,UT,DS,4,0,1,149,87,00:08:08 08-Jul-2024,NK,2,43.9500,-59.8068,43.9500,-59.8068,56,,401677715,-127
260378,260378,UT,DS,2,0,0,91,91,00:06:39 08-Jul-2024,A1,B,43.9619,-59.8175,43.9619,-59.8175,6,,401677713,-135
260378,260378,UT,DS,5,0,0,89,89,00:22:17 08-Jul-2024,MB,3,43.9535,-59.8148,43.9535,-59.8148,56,,401677714,-131
260378,260378,UT,DS,5,0,0,113,90,00:44:43 08-Jul-2024,NN,3,43.9555,-59.8091,43.9555,-59.8091,56,,401677716,-126
260378,260378,UT,DS,5,0,1,135,87,01:17:48 08-Jul-2024,MC,3,43.9564,-59.8029,43.9564,-59.8029,58,,401677718,-118
260378,260378,UT,DS,5,0,0,88,86,01:26:02 08-Jul-2024,NP,1,43.9554,-59.8009,43.9554,-59.8009,56,,401677718,-126
260378,260378,UT,DS,1,0,0,,,02:04:27 08-Jul-2024,MB,B,43.9551,-59.7985,43.9551,-59.7985,8,,401677720,-134
260378,260378,UT,DS,4,0,1,180,90,02:23:58 08-Jul-2024,NN,2,43.9553,-59.8086,43.9553,-59.8086,56,,401677720,-129
260378,260378,UT,DS,6,0,1,88,86,02:50:15 08-Jul-2024,O3,3,43.9557,-59.8106,43.9557,-59.8106,56,,401677721,-121
260378,260378,UT,DS,2,0,1,360,360,12:21:01 08-Jul-2024,NK,B,43.9354,-59.7859,43.9354,-59.7859,8,,401677728,-127
260378,260378,UT,DS,3,0,0,105,46,12:35:12 08-Jul-2024,MB,A,44.0104,-59.8325,44.0104,-59.8325,8,,401677733,-131
260378,260378,UT,DS,1,0,0,,,13:05:39 08-Jul-2024,NN,B,44.0112,-59.8279,44.0112,-59.8279,8,,401677731,-133
260378,260378,UT,DS,4,0,1,242,182,13:29:49 08-Jul-2024,MC,1,43.9890,-59.8251,43.9890,-59.8251,56,,401677722,-118
260378,260378,UT,DS,4,0,0,180,174,13:35:51 08-Jul-2024,NP,2,43.9927,-59.8341,43.9927,-59.8341,56,,401677724,-130
260378,260378,UT,DS,2,0,1,273,273,14:20:19 08-Jul-2024,MB,B,43.9933,-59.8294,43.9933,-59.8294,6,,401677746,-124
260378,260378,UT,DS,3,0,1,267,202,14:42:48 08-Jul-2024,NN,A,43.9685,-59.7759,43.9685,-59.7759,6,,401677729,-131
260378,260378,UT,DS,2,0,0,70,70,14:51:08 08-Jul-2024,O3,B,43.9735,-59.7900,43.9735,-59.7900,6,,401677723,-131
260378,260378,UT,DS,2,0,0,198,198,15:11:23 08-Jul-2024,MC,B,43.9816,-59.7728,43.9816,-59.7728,6,,401677728,-122
260378,260378,UT,DS,7,1,0,,,16:25:16 08-Jul-2024,NN,1,43.9803,-59.8065,43.9803,-59.8065,58,,401677725,-125
260378,260378,UT,DS,6,1,0,,,16:28:00 08-Jul-2024,O3,1,43.9839,-59.8146,43.9839,-59.8146,46,,401677726,-116
260378,260378,UT,DS,2,0,0,53,53,21:39:24 08-Jul-2024,SR,B,43.9975,-59.8461,43.9975,-59.8461,8,,401677735,-129
260378,260378,UT,DS,4,0,0,60,54,21:54:11 08-Jul-2024,CS,0,43.9801,-59.7969,43.9801,-59.7969,56,,401677738,-125
260378,260378,UT,DS,4,0,0,216,179,21:55:44 08-Jul-2024,NK,0,43.9766,-59.7785,43.9766,-59.7785,46,,401677738,-133
260378,260378,UT,DS,2,0,0,328,328,22:09:17 08-Jul-2024,A1,B,43.9931,-59.8139,43.9931,-59.8139,6,,401677728,-131
260378,260378,UT,DS,4,0,0,184,179,23:16:15 08-Jul-2024,SR,3,43.9849,-59.8060,43.9849,-59.8060,68,,401677726,-121
260378,260378,UT,DS,2,0,0,187,187,23:19:16 08-Jul-2024,MC,B,43.9853,-59.8058,43.9853,-59.8058,6,,401677727,-124
260378,260378,UT,DS,4,0,0,177,174,23:25:18 08-Jul-2024,NP,3,43.9866,-59.8080,43.9866,-59.8080,66,,401677727,-126
260378,260378,UT,DS,2,0,0,362,362,23:43:20 08-Jul-2024,NK,B,43.9851,-59.8063,43.9851,-59.8063,6,,401677727,-130
260378,260378,UT,DS,1,0,0,,,00:03:56 09-Jul-2024,MB,B,43.9853,-59.8059,43.9853,-59.8059,6,,401677728,-132
260378,260378,UT,DS,4,1,0,,,00:31:44 09-Jul-2024,NN,3,43.9822,-59.8321,43.9822,-59.8321,66,,401677727,-131
260378,260378,UT,DS,5,1,1,,,00:54:33 09-Jul-2024,MC,0,43.9904,-59.7345,43.9904,-59.7345,46,,401677730,-115
260378,260378,UT,DS,2,0,0,162,162,01:07:11 09-Jul-2024,NP,B,43.9654,-59.7921,43.9654,-59.7921,6,,401677748,-126
260378,260378,UT,DS,2,0,0,173,173,11:40:38 09-Jul-2024,CS,B,43.9970,-59.8180,43.9970,-59.8180,8,,401677729,-130
260378,260378,UT,DS,3,0,0,182,182,11:56:25 09-Jul-2024,NK,A,43.9897,-59.8199,43.9897,-59.8199,6,,401677727,-120
260378,260378,UT,DS,1,0,0,,,12:15:13 09-Jul-2024,MB,B,44.0063,-59.8154,44.0063,-59.8154,7,,401677736,-131
260378,260378,UT,DS,4,0,0,177,169,13:09:46 09-Jul-2024,MC,3,43.9932,-59.8331,43.9932,-59.8331,58,,401677725,-118
260378,260378,UT,DS,5,0,0,179,170,13:21:34 09-Jul-2024,NP,3,44.0006,-59.8423,44.0006,-59.8423,56,,401677726,-139
260378,260378,UT,DS,4,0,0,182,178,13:57:31 09-Jul-2024,MB,0,43.9890,-59.8136,43.9890,-59.8136,58,,401677727,-121
260378,260378,UT,DS,5,0,0,176,162,14:27:51 09-Jul-2024,NN,3,43.9924,-59.8359,43.9924,-59.8359,58,,401677729,-129
260378,260378,UT,DS,4,0,0,173,164,14:50:51 09-Jul-2024,MC,3,43.9915,-59.8360,43.9915,-59.8360,66,,401677730,-115
260378,260378,UT,DS,4,0,0,167,165,15:05:00 09-Jul-2024,NP,1,43.9893,-59.8232,43.9893,-59.8232,46,,401677730,-131
260378,260378,UT,DS,3,0,0,172,170,15:44:38 09-Jul-2024,O3,A,43.9926,-59.8504,43.9926,-59.8504,6,,401677731,-124
260378,260378,UT,DS,1,0,0,,,15:41:47 09-Jul-2024,MB,B,43.9873,-59.8245,43.9873,-59.8245,8,,401677729,-133
260378,260378,UT,DS,4,0,0,213,157,16:11:59 09-Jul-2024,NN,1,43.9941,-59.8325,43.9941,-59.8325,46,,401677732,-128
260378,260378,UT,DS,1,0,0,,,16:32:11 09-Jul-2024,MC,B,43.9930,-59.8335,43.9930,-59.8335,6,,401677735,-129
260378,260378,UT,DS,3,0,0,166,163,21:37:02 09-Jul-2024,NK,A,43.9962,-59.8407,43.9962,-59.8407,8,,401677729,-125
260378,260378,UT,DS,3,0,1,151,143,21:45:33 09-Jul-2024,A1,A,43.9930,-59.8526,43.9930,-59.8526,8,,401677731,-127
260378,260378,UT,DS,5,0,0,181,172,22:45:19 09-Jul-2024,SR,2,43.9982,-59.8469,43.9982,-59.8469,58,,401677729,-118
260378,260378,UT,DS,4,0,1,187,184,22:54:36 09-Jul-2024,MC,2,44.0013,-59.8367,44.0013,-59.8367,56,,401677728,-123
260378,260378,UT,DS,1,0,1,,,22:57:44 09-Jul-2024,CS,B,44.0013,-59.8366,44.0013,-59.8366,6,,401677727,-138
260378,260378,UT,DS,4,0,0,191,183,23:20:24 09-Jul-2024,NK,1,44.0034,-59.8254,44.0034,-59.8254,48,,401677727,-121
260378,260378,UT,DS,3,0,0,286,199,23:12:30 09-Jul-2024,NP,A,44.0041,-59.8409,44.0041,-59.8409,6,,401677727,-131
260378,260378,UT,DS,3,0,0,187,183,23:15:41 09-Jul-2024,A1,A,44.0048,-59.8344,44.0048,-59.8344,6,,401677729,-126
260378,260378,UT,DS,2,0,0,365,365,23:41:03 09-Jul-2024,MB,B,44.0074,-59.8261,44.0074,-59.8261,6,,401677727,-133
260378,260378,UT,DS,6,1,0,,,00:19:06 10-Jul-2024,NN,1,43.9943,-59.8385,43.9943,-59.8385,58,,401677732,-129
260378,260378,UT,DS,6,1,1,,,00:22:47 10-Jul-2024,SR,3,43.9946,-59.8367,43.9946,-59.8367,56,,401677733,-130
260378,260378,UT,DS,5,0,0,145,45,00:32:34 10-Jul-2024,MC,2,43.9920,-59.8327,43.9920,-59.8327,56,,401677733,-111
260378,260378,UT,DS,4,0,0,189,144,00:51:50 10-Jul-2024,NP,3,43.9881,-59.8178,43.9881,-59.8178,66,,401677732,-122
260378,260378,UT,DS,3,0,0,68,45,01:17:25 10-Jul-2024,O3,A,43.9791,-59.8214,43.9791,-59.8214,6,,401677734,-134
260378,260378,UT,DS,1,0,1,,,01:28:23 10-Jul-2024,MB,B,43.9803,-59.8220,43.9803,-59.8220,6,,401677735,-133
260378,260378,UT,DS,4,0,0,133,62,01:59:48 10-Jul-2024,NN,0,43.9533,-59.8147,43.9533,-59.8147,58,,401677747,-123
260378,260378,UT,DS,1,0,0,,,02:53:39 10-Jul-2024,O3,B,43.9351,-59.8171,43.9351,-59.8171,8,,401677753,-132
260378,260378,UT,DS,1,0,0,,,11:36:41 10-Jul-2024,NP,B,43.9771,-59.8107,43.9771,-59.8107,8,,401677730,-137
260378,260378,UT,DS,5,0,0,163,158,12:48:37 10-Jul-2024,MC,3,43.9864,-59.8141,43.9864,-59.8141,57,,401677739,-122
260378,260378,UT,DS,2,0,0,163,163,13:03:44 10-Jul-2024,NK,B,43.9915,-59.8072,43.9915,-59.8072,6,,401677737,-128
260378,260378,UT,DS,5,0,1,174,171,13:10:44 10-Jul-2024,NP,3,43.9855,-59.8108,43.9855,-59.8108,66,,401677740,-124
260378,260378,UT,DS,2,0,0,310,310,13:38:59 10-Jul-2024,MB,B,43.9853,-59.8120,43.9853,-59.8120,6,,401677741,-130
260378,260378,UT,DS,3,0,1,245,186,14:16:11 10-Jul-2024,NN,A,43.9906,-59.8208,43.9906,-59.8208,7,,401677748,-124
260378,260378,UT,DS,4,0,0,183,181,14:28:08 10-Jul-2024,MC,0,43.9898,-59.8140,43.9898,-59.8140,46,,401677738,-117
260378,260378,UT,DS,4,0,0,182,179,14:53:44 10-Jul-2024,NP,2,43.9880,-59.8060,43.9880,-59.8060,56,,401677737,-125
260378,260378,UT,DS,2,0,0,182,182,14:59:51 10-Jul-2024,O3,B,43.9899,-59.8081,43.9899,-59.8081,6,,401677738,-136
260378,260378,UT,DS,1,0,0,,,15:22:27 10-Jul-2024,MB,B,43.9896,-59.8080,43.9896,-59.8080,6,,401677739,-130
260378,260378,UT,DS,1,0,0,,,21:11:45 10-Jul-2024,NK,B,44.0027,-59.8106,44.0027,-59.8106,8,,401677724,-128
260378,260378,UT,DS,1,0,0,,,21:20:47 10-Jul-2024,A1,B,43.9642,-59.8007,43.9642,-59.8007,6,,401677748,-139
260378,260378,UT,DS,8,1,0,,,22:12:30 10-Jul-2024,SR,2,43.9429,-59.8670,,,58,,401677726,-120
260378,260378,UT,DS,3,0,1,182,181,22:35:56 10-Jul-2024,MC,A,43.9471,-59.8566,43.9471,-59.8566,6,,401677726,-131
260378,260378,UT,DS,6,1,0,,,22:50:11 10-Jul-2024,NK,1,43.9445,-59.8484,43.9445,-59.8484,56,,401677724,-121
260378,260378,UT,DS,3,0,1,91,90,22:55:28 10-Jul-2024,A1,A,43.9423,-59.8585,43.9423,-59.8585,6,,401677726,-129
260378,260378,UT,DS,4,0,0,89,88,23:03:01 10-Jul-2024,NP,3,43.9427,-59.8630,43.9427,-59.8630,66,,401677725,-130
260378,260378,UT,DS,5,0,0,90,90,23:50:57 10-Jul-2024,SR,2,43.9386,-59.8545,43.9386,-59.8545,58,,401677725,-125
260378,260378,UT,DS,6,0,0,90,88,00:14:48 11-Jul-2024,MC,3,43.9413,-59.8645,43.9413,-59.8645,66,,401677729,-116
260378,260378,UT,DS,1,0,0,,,00:26:47 11-Jul-2024,A1,B,43.9416,-59.8649,43.9416,-59.8649,6,,401677727,-138
260378,260378,UT,DS,2,0,0,270,270,00:32:03 11-Jul-2024,NK,B,43.9389,-59.8622,43.9389,-59.8622,6,,401677730,-129
260378,260378,UT,DS,5,0,0,112,90,00:40:16 11-Jul-2024,NP,1,43.9446,-59.8478,43.9446,-59.8478,56,,401677728,-125
260378,260378,UT,DS,6,2,0,,,00:59:42 11-Jul-2024,MB,3,43.9437,-59.8520,43.9437,-59.8520,56,,401677727,-127
260378,260378,UT,DS,7,0,1,91,88,01:50:33 11-Jul-2024,NN,2,43.9434,-59.8612,43.9434,-59.8612,58,,401677727,-128
260378,260378,UT,DS,6,2,1,,,01:55:09 11-Jul-2024,MC,3,43.9422,-59.8618,43.9422,-59.8618,56,,401677726,-121
260378,260378,UT,DS,4,0,0,119,90,02:10:38 11-Jul-2024,O3,3,43.9443,-59.8624,43.9443,-59.8624,66,,401677723,-133
260378,260378,UT,DS,1,0,0,,,02:28:08 11-Jul-2024,NP,B,43.9445,-59.8625,43.9445,-59.8625,6,,401677726,-137
260378,260378,UT,DS,6,0,0,108,90,11:04:13 11-Jul-2024,NK,3,43.9412,-59.8602,43.9412,-59.8602,58,,401677735,-126
260378,260378,UT,DS,2,0,1,180,180,11:10:13 11-Jul-2024,SR,B,43.9414,-59.8547,43.9414,-59.8547,6,,401677733,-138
260378,260378,UT,DS,6,0,0,90,90,12:28:10 11-Jul-2024,MC,2,43.9455,-59.8510,43.9455,-59.8510,58,,401677713,-127
260378,260378,UT,DS,6,0,0,111,60,12:42:20 11-Jul-2024,NK,3,43.9407,-59.8709,43.9407,-59.8709,56,,401677703,-122
260378,260378,UT,DS,6,0,2,145,51,12:58:42 11-Jul-2024,NP,1,43.9622,-59.8611,43.9622,-59.8611,48,,401677704,-127
260378,260378,UT,DS,1,0,0,,,13:16:16 11-Jul-2024,MB,B,43.9621,-59.8610,43.9621,-59.8610,6,,401677708,-127
260378,260378,UT,DS,3,0,0,305,198,14:03:08 11-Jul-2024,NN,A,43.9880,-59.8562,43.9880,-59.8562,8,,401677712,-129
260378,260378,UT,DS,5,0,0,189,173,14:07:08 11-Jul-2024,MC,1,43.9860,-59.8402,43.9860,-59.8402,46,,401677712,-115
260378,260378,UT,DS,1,0,0,,,14:19:46 11-Jul-2024,NK,B,43.9858,-59.8405,43.9858,-59.8405,6,,401677718,-135
260378,260378,UT,DS,3,0,0,190,189,14:41:51 11-Jul-2024,NP,A,43.9952,-59.8623,43.9952,-59.8623,6,,401677711,-120
260378,260378,UT,DS,3,0,0,259,164,14:54:27 11-Jul-2024,MB,A,43.9915,-59.8569,43.9915,-59.8569,6,,401677710,-128
260378,260378,UT,DS,5,0,0,177,173,15:43:39 11-Jul-2024,NN,3,43.9921,-59.8661,43.9921,-59.8661,58,,401677714,-129
260378,260378,UT,DS,4,0,0,176,173,15:51:06 11-Jul-2024,O3,3,43.9925,-59.8651,43.9925,-59.8651,66,,401677714,-131
260378,260378,UT,DS,2,0,0,173,173,15:52:35 11-Jul-2024,MC,B,43.9924,-59.8803,43.9924,-59.8803,6,,401677713,-121
260378,260378,UT,DS,1,0,0,,,16:24:11 11-Jul-2024,NP,B,43.9975,-59.8840,43.9975,-59.8840,8,,401677713,-137
260378,260378,UT,DS,12,5,0,,,21:41:26 11-Jul-2024,SR,3,43.9368,-59.9059,43.9368,-59.9059,58,,401677736,-118
260378,260378,UT,DS,5,0,0,58,45,22:16:37 11-Jul-2024,MC,1,43.9479,-59.9106,43.9479,-59.9106,58,,401677732,-129
260378,260378,UT,DS,15,6,0,,,22:24:24 11-Jul-2024,NK,3,43.9375,-59.9095,43.9375,-59.9095,56,,401677736,-119
260378,260378,UT,DS,9,2,1,,,22:28:33 11-Jul-2024,A1,2,43.9367,-59.9129,43.9367,-59.9129,56,,401677737,-117
260378,260378,UT,DS,4,0,0,139,103,23:56:53 11-Jul-2024,MC,3,43.9668,-59.9149,43.9668,-59.9149,56,,401677721,-121
260378,260378,UT,DS,3,0,0,126,103,23:55:10 11-Jul-2024,NN,A,43.9643,-59.9144,43.9643,-59.9144,8,,401677722,-133
260378,260378,UT,DS,2,0,0,165,165,00:00:45 12-Jul-2024,A1,B,43.9750,-59.9174,43.9750,-59.9174,6,,401677722,-131
260378,260378,UT,DS,3,0,0,164,162,00:07:35 12-Jul-2024,NK,A,43.9706,-59.8940,43.9706,-59.8940,6,,401677723,-124
260378,260378,UT,DS,5,0,0,153,139,00:28:34 12-Jul-2024,NP,1,43.9872,-59.8959,43.9872,-59.8959,56,,401677725,-122
260378,260378,UT,DS,4,0,0,186,47,00:37:36 12-Jul-2024,MB,1,43.9884,-59.9009,43.9884,-59.9009,56,,401677724,-127
260378,260378,UT,DS,4,0,0,206,172,01:33:52 12-Jul-2024,MC,3,44.0157,-59.9019,44.0157,-59.9019,58,,401677720,-114
260378,260378,UT,DS,2,0,0,213,213,01:37:04 12-Jul-2024,NN,B,44.0210,-59.8831,44.0210,-59.8831,6,,401677720,-127
260378,260378,UT,DS,3,0,0,195,195,02:11:16 12-Jul-2024,NP,A,44.0470,-59.8761,44.0470,-59.8761,8,,401677719,-129
260378,260378,UT,DS,2,0,0,172,172,12:08:56 12-Jul-2024,MC,B,44.0844,-59.9604,44.0844,-59.9604,8,,401677780,-124
260378,260378,UT,DS,5,0,0,170,164,12:23:09 12-Jul-2024,NK,1,43.9959,-59.8584,43.9959,-59.8584,56,,401677738,-126
260378,260378,UT,DS,3,0,0,106,45,12:49:11 12-Jul-2024,NP,A,43.9621,-59.8374,43.9621,-59.8374,6,,401677722,-132
260378,260378,UT,DS,3,0,0,207,191,13:46:36 12-Jul-2024,MC,A,44.0032,-59.8443,44.0032,-59.8443,7,,401677735,-125
260378,260378,UT,DS,3,0,0,224,222,13:53:29 12-Jul-2024,NN,A,44.0038,-59.8196,44.0038,-59.8196,6,,401677734,-128
260378,260378,UT,DS,2,0,0,222,222,13:55:21 12-Jul-2024,NK,B,44.0114,-59.8314,44.0114,-59.8314,6,,401677735,-129
260378,260378,UT,DS,4,0,0,196,194,14:31:47 12-Jul-2024,NP,3,43.9929,-59.8289,43.9929,-59.8289,58,,401677737,-130
260378,260378,UT,DS,2,0,0,201,201,14:35:01 12-Jul-2024,MB,B,43.9927,-59.8282,43.9927,-59.8282,6,,401677738,-132
260378,260378,UT,DS,3,0,0,184,177,15:02:24 12-Jul-2024,O3,A,43.9830,-59.8159,43.9830,-59.8159,6,,401677740,-126
260378,260378,UT,DS,2,0,0,185,185,15:28:00 12-Jul-2024,MC,B,43.9712,-59.8218,43.9712,-59.8218,6,,401677738,-126
260378,260378,UT,DS,5,0,0,170,160,15:31:05 12-Jul-2024,NN,1,43.9712,-59.8023,43.9712,-59.8023,56,,401677749,-124
260378,260378,UT,DS,4,0,2,90,45,16:07:28 12-Jul-2024,NP,1,43.9794,-59.8117,43.9794,-59.8117,58,,401677754,-135
260378,260378,UT,DS,5,0,0,90,89,16:45:00 12-Jul-2024,O3,2,43.9598,-59.7988,43.9598,-59.7988,58,,401677716,-121
260378,260378,UT,DS,3,0,0,91,90,20:55:08 12-Jul-2024,CS,,,,,,,,401650000,
260378,260378,UT,DS,4,0,0,149,90,21:05:32 12-Jul-2024,SR,3,43.9592,-59.7910,43.9592,-59.7910,68,,401677709,-137
260378,260378,UT,DS,5,0,0,90,90,21:58:07 12-Jul-2024,NK,3,43.9595,-59.7963,43.9595,-59.7963,58,,401677704,-122
260378,260378,UT,DS,5,0,1,91,90,22:04:11 12-Jul-2024,A1,3,43.9604,-59.7951,43.9604,-59.7951,58,,401677705,-127
260378,260378,UT,DS,1,0,0,,,22:34:14 12-Jul-2024,CS,,,,,,,,401650000,
260378,260378,UT,DS,4,0,1,119,90,22:38:48 12-Jul-2024,NP,2,43.9634,-59.8036,43.9634,-59.8036,58,,401677705,-135
260378,260378,UT,DS,8,2,0,,,22:53:39 12-Jul-2024,SR,3,43.9580,-59.7868,43.9580,-59.7868,56,,401677708,-119
260378,260378,UT,DS,3,0,0,177,90,23:34:13 12-Jul-2024,MC,A,43.9530,-59.7986,43.9530,-59.7986,8,,401677715,-127
260378,260378,UT,DS,4,0,0,88,87,23:36:26 12-Jul-2024,A1,2,43.9556,-59.7900,43.9556,-59.7900,56,,401677712,-131
260378,260378,UT,DS,4,0,0,89,87,23:37:55 12-Jul-2024,NK,1,43.9622,-59.7861,43.9622,-59.7861,46,,401677713,-124
260378,260378,UT,DS,3,0,0,88,87,00:22:44 13-Jul-2024,NP,A,43.9517,-59.8170,43.9517,-59.8170,8,,401677720,-134
260378,260378,UT,DS,2,0,0,90,90,01:14:33 13-Jul-2024,MC,B,43.9622,-59.8109,43.9622,-59.8109,8,,401677706,-123
260378,260378,UT,DS,4,0,0,90,90,01:25:44 13-Jul-2024,NN,1,43.9514,-59.7900,43.9514,-59.7900,46,,401677720,-121
260378,260378,UT,DS,3,0,1,88,87,02:01:54 13-Jul-2024,NP,A,43.9607,-59.7902,43.9607,-59.7902,8,,401677715,-137
260378,260378,UT,DS,2,0,1,92,92,02:20:00 13-Jul-2024,O3,B,43.9628,-59.7917,43.9628,-59.7917,6,,401677721,-139
260378,260378,UT,DS,1,0,0,,,02:53:46 13-Jul-2024,MC,B,43.9662,-59.7924,43.9662,-59.7924,8,,401677717,-133
260378,260378,UT,DS,3,0,0,250,246,12:33:30 13-Jul-2024,NP,A,44.0004,-59.7850,44.0004,-59.7850,8,,401677738,-134
260378,260378,UT,DS,1,0,0,,,12:33:31 13-Jul-2024,MB,,,,,,,,401650000,
260378,260378,UT,DS,2,0,0,407,407,13:30:46 13-Jul-2024,NK,B,43.9938,-59.7918,43.9938,-59.7918,6,,401677734,-135
260378,260378,UT,DS,4,0,0,202,196,13:27:23 13-Jul-2024,MC,1,43.9973,-59.8083,43.9973,-59.8083,48,,401677734,-116
260378,260378,UT,DS,2,0,1,201,201,13:45:50 13-Jul-2024,NN,B,43.9938,-59.7918,43.9938,-59.7918,6,,401677735,-131
260378,260378,UT,DS,3,0,1,274,183,14:12:32 13-Jul-2024,MB,,,,,,,,401650000,
260378,260378,UT,DS,2,0,0,180,180,14:18:41 13-Jul-2024,NP,B,43.9923,-59.7895,43.9923,-59.7895,8,,401677730,-128
260378,260378,UT,DS,3,0,0,191,184,15:05:36 13-Jul-2024,MC,A,43.9969,-59.7894,43.9969,-59.7894,8,,401677732,-120
260378,260378,UT,DS,5,0,0,184,174,15:18:10 13-Jul-2024,NN,2,43.9966,-59.7978,43.9966,-59.7978,56,,401677731,-121
260378,260378,UT,DS,4,0,0,190,176,16:00:11 13-Jul-2024,O3,3,43.9952,-59.8121,43.9952,-59.8121,68,,401677732,-120
260378,260378,UT,DS,4,0,0,120,90,21:32:44 13-Jul-2024,NK,1,43.9648,-59.8015,43.9648,-59.8015,48,,401677693,-133
260378,260378,UT,DS,1,0,1,,,21:49:09 13-Jul-2024,CS,,,,,,,,401650000,
260378,260378,UT,DS,3,0,0,133,90,22:18:27 13-Jul-2024,SR,A,43.9622,-59.8110,43.9622,-59.8110,8,,401677697,-125
260378,260378,UT,DS,5,0,0,91,90,23:11:36 13-Jul-2024,NK,3,43.9605,-59.7950,43.9605,-59.7950,56,,401677703,-119
260378,260378,UT,DS,5,0,0,91,90,23:10:51 13-Jul-2024,A1,3,43.9583,-59.7973,43.9583,-59.7973,58,,401677705,-129
260378,260378,UT,DS,1,0,0,,,23:14:38 13-Jul-2024,MC,B,43.9571,-59.7922,43.9571,-59.7922,6,,401677705,-132
260378,260378,UT,DS,3,0,0,91,90,00:08:04 14-Jul-2024,NP,A,43.9593,-59.7956,43.9593,-59.7956,8,,401677714,-132
260378,260378,UT,DS,4,0,0,120,90,00:52:32 14-Jul-2024,MC,0,43.9612,-59.7874,43.9612,-59.7874,48,,401677715,-116
260378,260378,UT,DS,1,0,0,,,00:55:32 14-Jul-2024,NK,B,43.9612,-59.7873,43.9612,-59.7873,6,,401677714,-137
260378,260378,UT,DS,1,0,0,,,02:36:17 14-Jul-2024,MC,B,43.9568,-59.7804,43.9568,-59.7804,8,,401677704,-132
260378,260378,UT,DS,4,0,1,91,90,02:50:27 14-Jul-2024,NN,2,43.9614,-59.7957,43.9614,-59.7957,56,,401677706,-135
260378,260378,UT,DS,3,0,0,177,177,12:24:46 14-Jul-2024,NP,A,43.9908,-59.8395,43.9908,-59.8395,8,,401677707,-126
260378,260378,UT,DS,2,0,1,538,538,13:09:21 14-Jul-2024,NK,B,43.9943,-59.8260,43.9943,-59.8260,6,,401677714,-129
260378,260378,UT,DS,4,0,0,190,185,13:06:15 14-Jul-2024,MC,3,43.9963,-59.8322,43.9963,-59.8322,58,,401677714,-129
260378,260378,UT,DS,2,0,0,149,149,13:34:59 14-Jul-2024,NN,B,43.9944,-59.8309,43.9944,-59.8309,6,,401677707,-131
260378,260378,UT,DS,4,0,1,128,45,13:52:44 14-Jul-2024,MB,,,,,,,,401650000,
260378,260378,UT,DS,4,0,0,198,184,14:02:26 14-Jul-2024,NP,3,44.0041,-59.8241,44.0041,-59.8241,66,,401677708,-122
260378,260378,UT,DS,2,0,0,324,324,14:50:32 14-Jul-2024,MC,B,44.0022,-59.8271,44.0022,-59.8271,8,,401677712,-118
260378,260378,UT,DS,4,0,0,188,187,15:07:37 14-Jul-2024,NN,0,44.0033,-59.8663,44.0033,-59.8663,46,,401677709,-121
260378,260378,UT,DS,3,0,0,188,187,15:10:44 14-Jul-2024,O3,A,43.9855,-59.8344,43.9855,-59.8344,6,,401677711,-127
260378,260378,UT,DS,1,0,0,,,16:31:02 14-Jul-2024,MC,B,43.9849,-59.8330,43.9849,-59.8330,8,,401677712,-127
260378,260378,UT,DS,2,0,0,232,232,16:51:06 14-Jul-2024,O3,B,43.9928,-59.8356,43.9928,-59.8356,6,,401677712,-118
260378,260378,UT,DS,1,0,0,,,16:53:02 14-Jul-2024,NN,B,43.9928,-59.8363,43.9928,-59.8363,6,,401677712,-129
260378,260378,UT,DS,4,0,0,180,90,21:46:53 14-Jul-2024,SR,1,44.0080,-59.8786,44.0080,-59.8786,48,,401677748,-122
260378,260378,UT,DS,2,0,0,137,137,22:40:46 14-Jul-2024,NK,B,43.9930,-59.8736,43.9930,-59.8736,8,,401677724,-127
260378,260378,UT,DS,5,0,0,85,45,23:56:59 14-Jul-2024,NP,1,43.9459,-59.8357,43.9459,-59.8357,57,,401677747,-125
260378,260378,UT,DS,2,0,0,47,47,00:20:08 15-Jul-2024,A1,B,43.9466,-59.8357,43.9466,-59.8357,6,,401677746,-137
260378,260378,UT,DS,8,2,1,,,00:23:39 15-Jul-2024,NK,2,43.9519,-59.8233,43.9519,-59.8233,56,,401677747,-131
260378,260378,UT,DS,8,1,0,,,00:29:30 15-Jul-2024,MC,3,43.9467,-59.8361,43.9467,-59.8361,56,,401677745,-114
260378,260378,UT,DS,7,2,0,,,00:56:08 15-Jul-2024,NN,3,43.9466,-59.8359,43.9466,-59.8359,66,,401677743,-123
260378,260378,UT,DS,1,0,1,,,01:22:51 15-Jul-2024,MB,B,43.9466,-59.8348,43.9466,-59.8348,6,,401677747,-130
260378,260378,UT,DS,5,0,1,90,88,02:14:03 15-Jul-2024,MC,3,43.9489,-59.8369,43.9489,-59.8369,58,,401677750,-122
260378,260378,UT,DS,4,0,0,91,90,02:25:25 15-Jul-2024,O3,3,43.9452,-59.8342,43.9452,-59.8342,56,,401677749,-123
260378,260378,UT,DS,4,0,0,90,89,02:39:42 15-Jul-2024,NN,3,43.9460,-59.8433,43.9460,-59.8433,56,,401677744,-121
260378,260378,UT,DS,7,1,0,,,12:08:56 15-Jul-2024,NP,1,43.9534,-59.8066,43.9534,-59.8066,58,,401677737,-128
260378,260378,UT,DS,1,0,0,,,12:42:10 15-Jul-2024,NK,B,43.9510,-59.8033,43.9510,-59.8033,8,,401677736,-137
260378,260378,UT,DS,6,0,0,101,45,12:46:14 15-Jul-2024,MC,2,43.9508,-59.8198,43.9508,-59.8198,58,,401677737,-120
260378,260378,UT,DS,4,0,0,123,121,13:15:39 15-Jul-2024,NN,2,43.9530,-59.8019,43.9530,-59.8019,56,,401677738,-130
260378,260378,UT,DS,6,0,0,105,45,13:33:13 15-Jul-2024,MB,2,43.9749,-59.8487,43.9749,-59.8487,56,,401677722,-124
260378,260378,UT,DS,4,0,0,220,206,13:50:20 15-Jul-2024,NP,0,43.9837,-59.8481,43.9837,-59.8481,56,,401677714,-128
260378,260378,UT,DS,1,0,0,,,14:25:51 15-Jul-2024,O3,B,43.9823,-59.8488,43.9823,-59.8488,,,401677707,-137
260378,260378,UT,DS,3,0,0,237,227,14:25:51 15-Jul-2024,MC,A,44.0091,-59.8518,44.0091,-59.8518,8,,401677708,-122
260378,260378,UT,DS,2,0,0,218,218,14:55:37 15-Jul-2024,NN,B,44.0185,-59.8409,44.0185,-59.8409,6,,401677720,-125
260378,260378,UT,DS,2,0,0,231,231,15:11:45 15-Jul-2024,MB,B,44.0050,-59.8370,44.0050,-59.8370,6,,401677700,-131
260378,260378,UT,DS,1,0,0,,,15:35:12 15-Jul-2024,NP,B,44.0023,-59.8385,44.0023,-59.8385,6,,401677706,-135
260378,260378,UT,DS,3,0,0,284,197,16:08:02 15-Jul-2024,O3,A,43.9796,-59.8341,43.9796,-59.8341,6,,401677716,-121
260378,260378,UT,DS,3,0,0,187,178,16:06:01 15-Jul-2024,MC,A,43.9771,-59.8745,43.9771,-59.8745,8,,401677717,-126
260378,260378,UT,DS,3,0,0,196,194,16:38:07 15-Jul-2024,NN,A,44.0048,-59.8268,44.0048,-59.8268,8,,401677717,-128
260378,260378,UT,DS,3,0,0,174,168,22:08:03 15-Jul-2024,CS,A,43.9882,-59.8260,43.9882,-59.8260,8,,401677733,-132
260378,260378,UT,DS,4,0,0,165,162,22:16:22 15-Jul-2024,NK,2,43.9889,-59.8331,43.9889,-59.8331,56,,401677736,-129
260378,260378,UT,DS,5,0,0,139,81,22:24:04 15-Jul-2024,A1,1,43.9965,-59.8531,43.9965,-59.8531,46,,401677743,-125
260378,260378,UT,DS,5,0,0,129,89,22:54:49 15-Jul-2024,SR,1,43.9666,-59.8041,43.9666,-59.8041,48,,401677746,-129
260378,260378,UT,DS,2,0,1,321,321,23:16:44 15-Jul-2024,MB,B,43.9707,-59.8235,43.9707,-59.8235,6,,401677746,-132
260378,260378,UT,DS,3,0,0,134,90,23:56:01 15-Jul-2024,A1,A,43.9526,-59.8312,43.9526,-59.8312,7,,401677758,-135
260378,260378,UT,DS,5,0,0,156,87,00:07:27 16-Jul-2024,NK,1,43.9507,-59.8354,43.9507,-59.8354,56,,401677752,-130
260378,260378,UT,DS,7,1,0,,,00:14:10 16-Jul-2024,MC,3,43.9472,-59.8370,43.9472,-59.8370,56,,401677749,-118
260378,260378,UT,DS,1,0,0,,,00:30:02 16-Jul-2024,SR,B,43.9431,-59.8341,43.9431,-59.8341,6,,401677748,-134
260378,260378,UT,DS,1,0,0,,,01:00:08 16-Jul-2024,MB,B,43.9401,-59.8309,43.9401,-59.8309,8,,401677753,-129
260378,260378,UT,DS,6,0,0,125,88,01:19:41 16-Jul-2024,NP,2,43.9486,-59.8327,43.9486,-59.8327,56,,401677724,-128
260378,260378,UT,DS,5,0,0,91,90,01:40:33 16-Jul-2024,O3,1,43.9451,-59.8348,43.9451,-59.8348,56,,401677721,-132
260378,260378,UT,DS,5,1,0,,,01:52:28 16-Jul-2024,MC,3,43.9494,-59.8259,43.9494,-59.8259,56,,401677725,-119
260378,260378,UT,DS,5,1,0,,,02:24:05 16-Jul-2024,NN,3,43.9487,-59.8256,43.9487,-59.8256,68,,401677728,-125
260378,260378,UT,DS,2,0,1,195,195,12:03:04 16-Jul-2024,NP,B,43.9892,-59.8251,43.9892,-59.8251,8,,401677714,-132
260378,260378,UT,DS,2,0,0,224,224,12:14:59 16-Jul-2024,NK,B,43.9910,-59.8204,43.9910,-59.8204,6,,401677708,-118
260378,260378,UT,DS,3,0,0,199,182,12:24:18 16-Jul-2024,MC,A,44.0040,-59.8121,44.0040,-59.8121,6,,401677712,-121
260378,260378,UT,DS,2,0,1,222,222,13:02:35 16-Jul-2024,NN,B,43.9955,-59.8186,43.9955,-59.8186,8,,401677712,-133
260378,260378,UT,DS,2,0,1,403,403,13:13:00 16-Jul-2024,MB,B,44.0116,-59.8388,44.0116,-59.8388,6,,401677720,-134
260378,260378,UT,DS,3,0,1,296,188,13:38:54 16-Jul-2024,NP,A,43.9955,-59.8117,43.9955,-59.8117,6,,401677722,-120
260378,260378,UT,DS,2,0,0,236,236,13:50:44 16-Jul-2024,NK,B,44.0060,-59.8176,,,6,,401677726,-137
260378,260378,UT,DS,5,0,0,162,45,14:02:47 16-Jul-2024,MC,0,43.9990,-59.8114,43.9990,-59.8114,56,,401677721,-115
260378,260378,UT,DS,3,0,0,269,184,14:44:41 16-Jul-2024,NN,A,43.9986,-59.8393,,,8,,401677725,-121
260378,260378,UT,DS,1,0,0,,,14:59:06 16-Jul-2024,MB,B,43.9972,-59.8420,,,6,,401677723,-130
260378,260378,UT,DS,4,0,1,179,170,15:15:27 16-Jul-2024,O3,2,43.9977,-59.8338,43.9977,-59.8338,56,,401677725,-124
260378,260378,UT,DS,4,0,0,175,170,15:18:36 16-Jul-2024,NP,1,43.9922,-59.8431,43.9922,-59.8431,46,,401677720,-127
260378,260378,UT,DS,3,0,0,182,182,15:45:47 16-Jul-2024,MC,A,43.9948,-59.8329,,,6,,401677723,-124
260378,260378,UT,DS,4,0,0,181,163,16:26:22 16-Jul-2024,NN,1,44.0079,-59.8365,44.0079,-59.8365,48,,401677723,-124
260378,260378,UT,DS,1,0,0,,,16:53:43 16-Jul-2024,O3,B,44.0079,-59.8365,44.0079,-59.8365,6,,401677726,-134
260378,260378,UT,DS,6,0,0,90,90,21:27:18 16-Jul-2024,CS,3,43.9489,-59.8286,43.9489,-59.8286,58,,401677710,-127
260378,260378,UT,DS,3,0,0,91,90,21:52:12 16-Jul-2024,NK,A,43.9465,-59.8344,43.9465,-59.8344,6,,401677711,-123
260378,260378,UT,DS,1,0,0,,,21:59:38 16-Jul-2024,A1,B,43.9482,-59.8315,43.9482,-59.8315,8,,401677708,-139
260378,260378,UT,DS,4,0,0,90,90,22:24:27 16-Jul-2024,SR,1,43.9544,-59.8700,43.9544,-59.8700,56,,401677707,-128
260378,260378,UT,DS,5,0,0,135,90,23:27:25 16-Jul-2024,NP,3,43.9488,-59.8347,43.9488,-59.8347,58,,401677710,-125
260378,260378,UT,DS,4,0,2,91,90,23:30:27 16-Jul-2024,A1,3,43.9467,-59.8275,43.9467,-59.8275,56,,401677712,-133
260378,260378,UT,DS,5,1,0,,,23:35:08 16-Jul-2024,NK,3,43.9471,-59.8291,43.9471,-59.8291,56,,401677713,-127
260378,260378,UT,DS,7,1,0,,,23:50:02 16-Jul-2024,MC,3,43.9469,-59.8308,43.9469,-59.8308,56,,401677713,-119
260378,260378,UT,DS,4,0,0,91,90,00:02:04 17-Jul-2024,SR,3,43.9464,-59.8300,43.9464,-59.8300,66,,401677713,-131
260378,260378,UT,DS,2,0,0,90,90,00:32:52 17-Jul-2024,NN,B,43.9458,-59.8337,43.9458,-59.8337,8,,401677714,-130
260378,260378,UT,DS,1,0,0,,,00:38:50 17-Jul-2024,MB,B,43.9464,-59.8337,43.9464,-59.8337,6,,401677716,-130
260378,260378,UT,DS,6,0,0,89,86,01:07:27 17-Jul-2024,NP,2,43.9502,-59.8225,43.9502,-59.8225,56,,401677716,-119
260378,260378,UT,DS,4,0,0,120,89,01:30:01 17-Jul-2024,MC,3,43.9484,-59.8278,43.9484,-59.8278,66,,401677718,-116
260378,260378,UT,DS,5,0,0,135,89,02:16:31 17-Jul-2024,NN,2,43.9510,-59.8144,43.9510,-59.8144,58,,401677719,-129
260378,260378,UT,DS,3,0,0,182,92,02:32:34 17-Jul-2024,O3,A,43.9445,-59.8178,43.9445,-59.8178,6,,401677720,-136
260378,260378,UT,DS,3,0,0,201,190,12:04:21 17-Jul-2024,MC,,,,,,,,401650000,
260378,260378,UT,DS,2,0,0,221,221,12:50:15 17-Jul-2024,MB,B,44.1049,-59.7952,44.1049,-59.7952,8,,401677715,-132
260378,260378,UT,DS,3,0,0,213,202,13:27:02 17-Jul-2024,NK,A,44.0989,-59.7800,,,6,,401677710,-127
260378,260378,UT,DS,4,0,0,218,200,13:26:55 17-Jul-2024,NP,2,44.0992,-59.7634,44.0992,-59.7634,58,,401677709,-128
260378,260378,UT,DS,4,0,0,172,45,13:45:50 17-Jul-2024,MC,,,,,,,,401650000,
260378,260378,UT,DS,2,0,0,438,438,14:30:59 17-Jul-2024,MB,B,44.1225,-59.7965,44.1225,-59.7965,8,,401677720,-130
260378,260378,UT,DS,2,0,0,438,438,14:34:38 17-Jul-2024,NN,B,44.1235,-59.7952,,,6,,401677714,-126
260378,260378,UT,DS,6,0,0,112,45,15:06:00 17-Jul-2024,NP,0,44.1149,-59.8104,44.1149,-59.8104,48,,401677709,-124
260378,260378,UT,DS,3,0,0,240,237,15:22:49 17-Jul-2024,MC,,,,,,,,401650000,
260378,260378,UT,DS,6,0,1,121,45,16:12:48 17-Jul-2024,NN,0,44.1144,-59.8398,44.1144,-59.8398,48,,401677717,-123
260378,260378,UT,DS,8,2,0,,,16:14:41 17-Jul-2024,O3,0,44.1117,-59.8243,44.1117,-59.8243,46,,401677717,-120
260378,260378,UT,DS,1,0,0,,,21:28:33 17-Jul-2024,NK,B,44.1174,-59.8940,44.1174,-59.8940,8,,401677710,-131
260378,260378,UT,DS,2,0,0,229,229,21:34:20 17-Jul-2024,A1,B,44.1220,-59.8840,44.1220,-59.8840,8,,401677718,-135
260378,260378,UT,DS,6,0,0,98,45,21:53:18 17-Jul-2024,SR,1,44.1273,-59.9071,44.1273,-59.9071,46,,401677723,-120
260378,260378,UT,DS,2,0,0,259,259,22:27:36 17-Jul-2024,CS,B,44.1248,-59.9126,44.1248,-59.9126,8,,401677710,-128
260378,260378,UT,DS,3,0,0,237,235,23:08:25 17-Jul-2024,NK,A,44.1160,-59.9024,44.1160,-59.9024,6,,401677713,-120
260378,260378,UT,DS,2,0,0,235,235,23:06:26 17-Jul-2024,A1,B,44.1094,-59.9132,44.1094,-59.9132,8,,401677713,-123
260378,260378,UT,DS,2,0,0,491,491,23:16:18 17-Jul-2024,NP,B,44.1130,-59.9075,44.1130,-59.9075,6,,401677714,-137
260378,260378,UT,DS,4,0,0,181,45,23:28:39 17-Jul-2024,MC,,,,,,,,401650000,
260378,260378,UT,DS,3,0,0,249,240,23:32:45 17-Jul-2024,SR,A,44.1023,-59.9266,44.1023,-59.9266,6,,401677708,-125
260378,260378,UT,DS,1,0,0,,,00:18:41 18-Jul-2024,NN,B,44.0989,-59.9345,44.0989,-59.9345,7,,401677723,-137
260378,260378,UT,DS,1,0,0,,,00:23:15 18-Jul-2024,MB,B,44.1008,-59.9316,44.1008,-59.9316,6,,401677725,-132
260378,260378,UT,DS,1,0,0,,,00:48:08 18-Jul-2024,NK,B,44.1041,-59.9310,44.1041,-59.9310,6,,401677739,-133
260378,260378,UT,DS,5,0,0,153,45,00:55:40 18-Jul-2024,NP,3,44.1230,-59.7951,44.1230,-59.7951,57,,401677741,-121
260378,260378,UT,DS,1,0,0,,,01:12:09 18-Jul-2024,MC,,,,,,,,401650000,
260378,260378,UT,DS,2,0,0,312,312,01:48:07 18-Jul-2024,O3,B,44.0715,-59.9064,44.0715,-59.9064,8,,401677723,-136
260378,260378,UT,DS,6,1,0,,,01:56:31 18-Jul-2024,NN,0,44.0577,-60.1910,44.0577,-60.1910,46,,401677728,-120
260378,260378,UT,DS,1,0,0,,,02:02:34 18-Jul-2024,MB,B,44.1232,-59.7762,44.1232,-59.7762,6,,401677696,-134
260378,260378,UT,DS,1,0,0,,,02:40:01 18-Jul-2024,NP,B,44.1298,-59.7397,44.1298,-59.7397,7,,401677706,-131
260378,260378,UT,DS,1,0,0,,,02:51:40 18-Jul-2024,MC,,,,,,,,401650000,
260378,260378,UT,DS,2,0,1,204,204,12:07:30 18-Jul-2024,CS,B,44.1297,-60.0197,44.1297,-60.0197,8,,401677728,-137
260378,260378,UT,DS,4,0,0,92,45,12:28:47 18-Jul-2024,MB,0,44.1177,-60.1141,44.1177,-60.1141,48,,401677728,-130
260378,260378,UT,DS,3,0,0,217,201,13:01:53 18-Jul-2024,NK,A,44.1203,-60.0374,44.1203,-60.0374,8,,401677720,-128
260378,260378,UT,DS,5,0,0,167,45,13:12:36 18-Jul-2024,NP,1,44.1239,-60.0613,44.1239,-60.0613,46,,401677722,-124
260378,260378,UT,DS,2,0,0,45,45,13:31:39 18-Jul-2024,MC,B,44.1460,-60.0253,44.1460,-60.0253,6,,401677730,-123
260378,260378,UT,DS,1,0,0,,,14:13:07 18-Jul-2024,MB,B,44.1442,-60.0032,44.1442,-60.0032,6,,401677751,-132
260378,260378,UT,DS,2,0,0,449,449,14:16:39 18-Jul-2024,NN,B,44.1350,-60.0732,44.1350,-60.0732,6,,401677721,-132
260378,260378,UT,DS,4,0,0,170,45,14:55:36 18-Jul-2024,NP,0,44.1023,-60.0205,44.1023,-60.0205,48,,401677722,-129
260378,260378,UT,DS,1,0,0,,,15:09:41 18-Jul-2024,MC,B,44.1023,-60.0205,44.1023,-60.0205,6,,401677722,-118
260378,260378,UT,DS,4,0,0,97,45,15:26:36 18-Jul-2024,O3,0,44.1156,-60.0621,44.1156,-60.0621,46,,401677728,-128
260378,260378,UT,DS,2,0,0,218,218,16:01:13 18-Jul-2024,NN,B,44.0952,-60.0277,44.0952,-60.0277,8,,401677717,-123
260378,260378,UT,DS,2,0,0,45,45,16:38:28 18-Jul-2024,NP,B,44.0692,-59.9402,44.0692,-59.9402,7,,401677728,-136
260378,260378,UT,DS,1,0,1,,,16:46:59 18-Jul-2024,MC,B,44.0690,-59.9404,44.0690,-59.9404,6,,401677735,-133
260378,260378,UT,DS,5,0,0,92,45,21:42:53 18-Jul-2024,CS,0,44.0568,-59.9103,44.0568,-59.9103,48,,401677754,-121
260378,260378,UT,DS,4,0,0,246,226,22:50:20 18-Jul-2024,NK,0,44.0901,-60.0839,44.0901,-60.0839,46,,401677714,-120
260378,260378,UT,DS,3,0,0,226,226,22:41:48 18-Jul-2024,A1,A,44.1200,-60.1243,44.1200,-60.1243,8,,401677719,-130
260378,260378,UT,DS,3,0,0,264,260,22:59:23 18-Jul-2024,SR,A,44.0958,-60.0273,44.0958,-60.0273,6,,401677712,-119
260378,260378,UT,DS,2,0,0,249,249,23:03:46 18-Jul-2024,NP,B,44.0957,-60.0330,44.0957,-60.0330,6,,401677717,-131
260378,260378,UT,DS,3,0,0,166,45,23:12:11 18-Jul-2024,MC,A,44.1006,-60.0140,44.1006,-60.0140,6,,401677717,-126
260378,260378,UT,DS,5,0,0,120,45,23:58:21 18-Jul-2024,MB,1,44.1023,-60.0328,44.1023,-60.0328,47,,401677725,-126
260378,260378,UT,DS,1,0,0,,,00:08:09 19-Jul-2024,NN,B,44.1023,-60.0329,44.1023,-60.0329,6,,401677724,-133
260378,260378,UT,DS,1,0,0,,,00:15:42 19-Jul-2024,A1,B,44.1049,-60.0331,44.1049,-60.0331,6,,401677710,-133
260378,260378,UT,DS,1,0,0,,,00:27:42 19-Jul-2024,NK,B,44.1077,-60.0327,44.1077,-60.0327,6,,401677725,-133
260378,260378,UT,DS,3,0,0,329,257,00:39:43 19-Jul-2024,NP,A,44.1176,-60.0312,44.1176,-60.0312,,,401677722,-122
260378,260378,UT,DS,1,0,0,,,00:39:43 19-Jul-2024,SR,B,44.1058,-60.0229,44.1058,-60.0229,6,,401677717,-133
260378,260378,UT,DS,3,0,0,212,208,00:47:04 19-Jul-2024,MC,A,44.1073,-60.0342,44.1073,-60.0342,6,,401677725,-113
260378,260378,UT,DS,4,0,0,211,204,01:44:36 19-Jul-2024,NN,3,44.1037,-60.0289,44.1037,-60.0289,58,,401677724,-123
260378,260378,UT,DS,3,0,0,244,244,02:23:54 19-Jul-2024,NP,A,44.1055,-60.0222,44.1055,-60.0222,8,,401677725,-134
260378,260378,UT,DS,3,0,0,238,232,02:27:58 19-Jul-2024,MC,A,44.1054,-60.0087,44.1054,-60.0087,6,,401677720,-130
260378,260378,UT,DS,2,0,0,237,237,02:37:53 19-Jul-2024,O3,B,44.1067,-60.0085,44.1067,-60.0085,6,,401677720,-129
260378,260378,UT,DS,5,0,0,125,45,12:36:34 19-Jul-2024,NK,0,44.1126,-60.0239,44.1126,-60.0239,48,,401677723,-121
260378,260378,UT,DS,3,0,0,213,200,13:01:46 19-Jul-2024,NP,A,44.1120,-60.0128,44.1120,-60.0128,8,,401677722,-130
260378,260378,UT,DS,4,0,0,212,200,13:01:46 19-Jul-2024,MC,1,44.1144,-60.0139,44.1144,-60.0139,40,,401677699,-132
260378,260378,UT,DS,1,0,0,,,13:52:10 19-Jul-2024,MB,B,44.1148,-60.0136,44.1148,-60.0136,8,,401677721,-130
260378,260378,UT,DS,2,0,0,45,45,14:46:48 19-Jul-2024,MC,B,44.0765,-59.9935,44.0765,-59.9935,8,,401677725,-126
260378,260378,UT,DS,1,0,0,,,14:47:11 19-Jul-2024,NP,B,44.0764,-59.9953,44.0764,-59.9953,6,,401677735,-130
260378,260378,UT,DS,2,0,0,45,45,15:51:56 19-Jul-2024,NN,B,44.0770,-59.9561,44.0770,-59.9561,8,,401677716,-128
260378,260378,UT,DS,4,0,0,166,45,16:21:39 19-Jul-2024,O3,0,44.1011,-60.0779,44.1011,-60.0779,46,,401677723,-121
260378,260378,UT,DS,1,0,0,,,16:26:36 19-Jul-2024,MC,B,44.0752,-59.9610,44.0752,-59.9610,6,,401677739,-135
260378,260378,UT,DS,5,0,0,167,45,22:17:48 19-Jul-2024,NK,1,44.0986,-60.1061,44.0986,-60.1061,46,,401677725,-119
260378,260378,UT,DS,3,0,0,119,45,22:17:41 19-Jul-2024,A1,A,44.0835,-60.1237,44.0835,-60.1237,8,,401677718,-124
260378,260378,UT,DS,4,0,0,122,45,22:29:19 19-Jul-2024,SR,0,44.0949,-60.1214,44.0949,-60.1214,46,,401677739,-117
260378,260378,UT,DS,1,0,0,,,22:51:35 19-Jul-2024,MC,B,44.0979,-60.1319,44.0979,-60.1319,,,401677762,-126
260378,260378,UT,DS,2,1,0,,,22:51:35 19-Jul-2024,NP,B,44.1115,-60.0993,44.1115,-60.0993,6,,401677760,-132
260378,260378,UT,DS,3,0,0,123,45,23:56:03 19-Jul-2024,NN,A,44.1166,-60.1305,44.1166,-60.1305,8,,401677698,-135
260378,260378,UT,DS,1,0,0,,,23:56:48 19-Jul-2024,NK,B,44.1174,-60.1310,44.1174,-60.1310,6,,401677692,-127
260378,260378,UT,DS,3,0,0,202,172,00:07:58 20-Jul-2024,SR,A,44.0729,-60.0666,44.0729,-60.0666,6,,401677714,-129
260378,260378,UT,DS,6,0,0,139,45,00:26:07 20-Jul-2024,MC,1,44.0879,-60.0610,44.0879,-60.0610,46,,401677720,-115
260378,260378,UT,DS,6,1,1,,,00:30:05 20-Jul-2024,NP,0,44.0891,-60.0516,44.0891,-60.0516,46,,401677721,-124
260378,260378,UT,DS,2,0,1,45,45,01:17:17 20-Jul-2024,MB,B,44.0832,-60.0544,44.0832,-60.0544,6,,401677755,-125
260378,260378,UT,DS,4,1,0,,,01:31:11 20-Jul-2024,NN,0,44.0632,-60.0504,44.0632,-60.0504,56,,401677765,-129
260378,260378,UT,DS,4,0,1,59,47,11:25:25 20-Jul-2024,SR,0,43.9614,-60.1423,43.9614,-60.1423,58,,401677694,-135
260378,260378,UT,DS,9,1,0,,,12:41:58 20-Jul-2024,MC,1,43.9904,-60.1262,43.9904,-60.1262,57,,401677731,-125
260378,260378,UT,DS,6,1,0,,,12:48:47 20-Jul-2024,NP,1,43.9888,-60.1576,43.9888,-60.1576,56,,401677702,-126
260378,260378,UT,DS,3,1,1,,,13:34:30 20-Jul-2024,MB,A,43.9786,-60.1620,43.9786,-60.1620,8,,401677681,-127
260378,260378,UT,DS,15,6,1,,,13:51:51 20-Jul-2024,NN,2,43.9563,-60.1856,43.9563,-60.1856,46,,401677683,-124
260378,260378,UT,DS,5,0,0,89,87,14:22:27 20-Jul-2024,MC,1,43.9805,-60.1681,43.9805,-60.1681,58,,401677680,-125
260378,260378,UT,DS,7,1,0,,,14:28:25 20-Jul-2024,NP,2,43.9802,-60.1678,43.9802,-60.1678,46,,401677672,-122
260378,260378,UT,DS,7,2,0,,,15:31:21 20-Jul-2024,NN,0,43.9531,-60.1130,43.9531,-60.1130,48,,401677623,-137
260378,260378,UT,DS,3,0,0,133,90,15:38:14 20-Jul-2024,O3,A,43.9873,-60.1716,43.9873,-60.1716,6,,401677640,-123
260378,260378,UT,DS,1,0,0,,,16:04:11 20-Jul-2024,MC,B,43.9898,-60.1623,43.9898,-60.1623,6,,401677621,-129
260378,260378,UT,DS,5,0,0,93,90,21:53:08 20-Jul-2024,NK,1,43.9715,-60.1656,43.9715,-60.1656,46,,401677681,-129
260378,260378,UT,DS,3,0,0,91,90,21:51:33 20-Jul-2024,A1,A,43.9634,-60.1510,43.9634,-60.1510,8,,401677670,-137
260378,260378,UT,DS,6,0,0,92,90,21:56:59 20-Jul-2024,SR,2,43.9736,-60.1732,43.9736,-60.1732,56,,401677680,-124
260378,260378,UT,DS,1,0,0,,,22:02:15 20-Jul-2024,CS,B,43.9742,-60.1751,43.9742,-60.1751,6,,401677683,-130
260378,260378,UT,DS,4,0,0,93,51,22:29:50 20-Jul-2024,MC,1,43.9722,-60.1456,43.9722,-60.1456,57,,401677690,-126
260378,260378,UT,DS,11,2,0,,,22:39:21 20-Jul-2024,NP,1,43.9736,-60.1873,43.9736,-60.1873,56,,401677687,-130
260378,260378,UT,DS,2,0,0,364,364,23:15:30 20-Jul-2024,MB,B,43.9716,-60.1762,43.9716,-60.1762,7,,401677697,-135
260378,260378,UT,DS,9,2,1,,,23:23:06 20-Jul-2024,A1,3,43.9725,-60.1557,43.9725,-60.1557,56,,401677703,-123
260378,260378,UT,DS,12,4,0,,,23:31:31 20-Jul-2024,NK,3,43.9744,-60.1569,43.9744,-60.1569,56,,401677702,-123
260378,260378,UT,DS,6,1,0,,,23:35:46 20-Jul-2024,SR,3,43.9712,-60.1555,43.9712,-60.1555,56,,401677703,-122
260378,260378,UT,DS,8,1,0,,,00:04:02 21-Jul-2024,MC,3,43.9674,-60.1682,43.9674,-60.1682,66,,401677708,-115
260378,260378,UT,DS,12,2,1,,,00:16:13 21-Jul-2024,NP,3,43.9711,-60.1571,43.9711,-60.1571,56,,401677710,-127
260378,260378,UT,DS,3,0,0,134,90,00:55:41 21-Jul-2024,MB,A,43.9733,-60.1554,43.9733,-60.1554,7,,401677722,-118
260378,260378,UT,DS,6,0,0,126,89,01:24:19 21-Jul-2024,NN,3,43.9713,-60.1639,43.9713,-60.1639,56,,401677720,-124
260378,260378,UT,DS,3,0,0,92,90,01:49:55 21-Jul-2024,MC,A,43.9741,-60.1483,43.9741,-60.1483,6,,401677718,-122
260378,260378,UT,DS,4,0,1,89,87,02:46:30 21-Jul-2024,O3,3,43.9727,-60.1622,43.9727,-60.1622,58,,401677718,-132
260378,260378,UT,DS,1,0,0,,,10:54:41 21-Jul-2024,SR,B,43.9500,-60.0912,43.9500,-60.0912,8,,401677707,-133
260378,260378,UT,DS,8,2,0,,,11:44:51 21-Jul-2024,NK,1,43.9740,-60.1762,,,46,,401677688,-123
260378,260378,UT,DS,2,0,0,86,86,11:43:22 21-Jul-2024,CS,B,43.9721,-60.1540,43.9721,-60.1540,8,,401677690,-134
260378,260378,UT,DS,7,1,0,,,12:20:11 21-Jul-2024,MC,2,43.9695,-60.1579,43.9695,-60.1579,58,,401677690,-122
260378,260378,UT,DS,5,0,0,89,87,12:39:01 21-Jul-2024,NP,3,43.9740,-60.1600,43.9740,-60.1600,66,,401677689,-130
260378,260378,UT,DS,1,0,0,,,13:11:38 21-Jul-2024,MB,B,43.9768,-60.1619,43.9768,-60.1619,8,,401677687,-132
260378,260378,UT,DS,2,0,0,192,192,13:20:29 21-Jul-2024,NK,B,43.9871,-60.1620,43.9871,-60.1620,6,,401677688,-127
260378,260378,UT,DS,3,0,0,194,191,13:39:49 21-Jul-2024,NN,A,43.9946,-60.1383,43.9946,-60.1383,6,,401677696,-130
260378,260378,UT,DS,4,0,0,238,214,14:00:59 21-Jul-2024,MC,0,44.0151,-60.1308,,,46,,401677700,-117
260378,260378,UT,DS,3,0,0,212,189,14:19:18 21-Jul-2024,NP,A,44.0392,-60.1688,44.0392,-60.1688,6,,401677707,-119
260378,260378,UT,DS,1,0,0,,,14:49:46 21-Jul-2024,O3,B,44.0422,-60.1697,44.0422,-60.1697,8,,401677683,-130
260378,260378,UT,DS,2,0,0,264,264,14:56:24 21-Jul-2024,MB,B,44.0431,-60.1702,44.0431,-60.1702,6,,401677676,-130
260378,260378,UT,DS,4,0,0,234,223,15:19:39 21-Jul-2024,NN,0,44.0621,-60.1383,44.0621,-60.1383,46,,401677677,-124
260378,260378,UT,DS,4,0,0,174,45,15:41:51 21-Jul-2024,MC,0,44.0089,-60.1722,44.0089,-60.1722,46,,401677679,-125
260378,260378,UT,DS,1,0,0,,,16:02:13 21-Jul-2024,NP,B,44.0117,-60.1724,44.0117,-60.1724,6,,401677669,-129
260378,260378,UT,DS,2,0,0,276,276,16:29:40 21-Jul-2024,O3,B,44.0563,-60.2287,44.0563,-60.2287,6,,401677691,-120
260378,260378,UT,DS,2,0,0,232,232,21:27:47 21-Jul-2024,NK,B,44.1025,-60.2265,44.1025,-60.2265,,,401677687,-127
260378,260378,UT,DS,1,0,0,,,21:27:47 21-Jul-2024,SR,B,44.0959,-60.2286,44.0959,-60.2286,,,401677679,-129
260378,260378,UT,DS,1,0,0,,,21:27:47 21-Jul-2024,A1,B,44.1032,-60.2393,44.1032,-60.2393,8,,401677683,-135
260378,260378,UT,DS,1,0,0,,,22:10:34 21-Jul-2024,MC,B,44.1159,-60.2268,44.1159,-60.2268,7,,401677691,-131
260378,260378,UT,DS,2,0,0,45,45,22:28:05 21-Jul-2024,NP,B,44.1375,-60.3250,44.1375,-60.3250,6,,401677682,-132
260378,260378,UT,DS,3,0,0,120,45,23:02:05 21-Jul-2024,A1,A,44.1203,-60.1664,44.1203,-60.1664,6,,401677701,-119
260378,260378,UT,DS,6,1,0,,,23:06:07 21-Jul-2024,NK,0,44.1351,-60.1601,44.1351,-60.1601,48,,401677705,-118
260378,260378,UT,DS,6,1,0,,,23:04:51 21-Jul-2024,SR,1,44.1267,-60.1679,44.1267,-60.1679,46,,401677706,-119
260378,260378,UT,DS,1,0,0,,,23:01:16 21-Jul-2024,MB,B,44.1470,-60.3254,44.1470,-60.3254,8,,401677675,-135
260378,260378,UT,DS,1,0,0,,,23:46:09 21-Jul-2024,MC,B,44.1386,-60.1718,44.1386,-60.1718,8,,401677704,-120
260378,260378,UT,DS,3,0,0,224,222,00:09:56 22-Jul-2024,NP,A,44.1285,-60.1750,44.1285,-60.1750,6,,401677706,-131
260378,260378,UT,DS,2,0,0,469,469,01:08:48 22-Jul-2024,NN,B,44.1350,-60.1738,44.1350,-60.1738,8,,401677710,-132
260378,260378,UT,DS,2,0,0,75,75,01:30:21 22-Jul-2024,MC,B,44.0864,-60.1273,44.0864,-60.1273,6,,401677748,-117
260378,260378,UT,DS,2,0,1,45,45,01:51:01 22-Jul-2024,NP,B,44.0880,-60.1342,44.0880,-60.1342,6,,401677732,-129
260378,260378,UT,DS,5,1,0,,,02:03:16 22-Jul-2024,O3,2,44.1204,-60.1466,44.1204,-60.1466,56,,401677753,-126
260378,260378,UT,DS,3,0,0,216,205,11:03:16 22-Jul-2024,CS,A,44.1129,-60.1328,,,8,,401677713,-132
260378,260378,UT,DS,1,0,0,,,11:10:30 22-Jul-2024,A1,B,44.1185,-60.0455,,,8,,401677720,-140
260378,260378,UT,DS,4,0,0,226,199,11:19:46 22-Jul-2024,NK,3,44.0928,-60.1175,44.0928,-60.1175,56,,401677711,-119
260378,260378,UT,DS,2,0,0,220,220,12:02:07 22-Jul-2024,MC,B,44.1120,-60.1010,44.1120,-60.1010,8,,401677715,-128
260378,260378,UT,DS,5,0,0,175,45,12:22:55 22-Jul-2024,NP,1,44.0804,-60.1253,44.0804,-60.1253,46,,401677704,-126
260378,260378,UT,DS,1,0,0,,,12:49:29 22-Jul-2024,MB,B,44.0805,-60.1248,44.0805,-60.1248,6,,401677704,-130
260378,260378,UT,DS,3,0,0,242,231,12:57:18 22-Jul-2024,NK,A,44.1103,-60.0939,44.1103,-60.0939,6,,401677710,-124
260378,260378,UT,DS,3,0,1,135,45,13:30:04 22-Jul-2024,NN,A,44.1536,-60.1034,44.1536,-60.1034,6,,401677707,-128
260378,260378,UT,DS,4,0,0,142,45,13:40:51 22-Jul-2024,MC,0,44.0990,-60.0825,44.0990,-60.0825,46,,401677714,-113
260378,260378,UT,DS,1,0,0,,,14:13:06 22-Jul-2024,NP,B,44.1150,-60.0866,,,8,,401677720,-135
260378,260378,UT,DS,3,0,1,237,215,14:33:20 22-Jul-2024,MB,A,44.0957,-60.0390,44.0957,-60.0390,6,,401677717,-131
260378,260378,UT,DS,9,3,0,,,15:07:27 22-Jul-2024,NN,0,44.1093,-60.0701,44.1093,-60.0701,55,,401677757,-123
260378,260378,UT,DS,3,0,0,124,46,15:25:06 22-Jul-2024,MC,A,44.1192,-60.1429,44.1192,-60.1429,6,,401677731,-125
260378,260378,UT,DS,5,0,0,169,45,15:43:14 22-Jul-2024,O3,0,44.1032,-60.0521,44.1032,-60.0521,46,,401677700,-122
260378,260378,UT,DS,3,0,0,226,212,15:47:16 22-Jul-2024,NP,A,44.1128,-60.0481,44.1128,-60.0481,6,,401677701,-130
260378,260378,UT,DS,1,0,0,,,23:26:56 22-Jul-2024,MC,B,44.2764,-59.9203,44.2764,-59.9203,8,,401677665,-127
260378,260378,UT,DS,2,0,1,216,216,23:52:06 22-Jul-2024,NP,B,44.1502,-59.9348,44.1502,-59.9348,6,,401677720,-131
260378,260378,UT,DS,1,0,0,,,00:12:20 23-Jul-2024,SR,B,44.1495,-59.9806,44.1495,-59.9806,6,,401677746,-135
260378,260378,UT,DS,2,0,0,482,482,00:57:12 23-Jul-2024,NN,B,44.1624,-59.9980,44.1624,-59.9980,8,,401677712,-123
260378,260378,UT,DS,2,0,0,195,195,01:06:51 23-Jul-2024,MC,B,44.1282,-60.0951,44.1282,-60.0951,6,,401677728,-115
260378,260378,UT,DS,2,0,2,97,97,01:18:30 23-Jul-2024,O3,B,44.1318,-60.1067,44.1318,-60.1067,6,,401677757,-136
260378,260378,UT,DS,1,0,0,,,01:42:11 23-Jul-2024,NP,B,44.0875,-60.2201,44.0875,-60.2201,6,,401677736,-131
260378,260378,UT,DS,2,0,0,290,290,02:34:59 23-Jul-2024,NN,B,44.1477,-60.2791,44.1477,-60.2791,8,,401677707,-120
260378,260378,UT,DS,1,0,1,,,12:00:06 23-Jul-2024,CS,B,44.4923,-60.7468,44.4923,-60.7468,8,,401677685,-138
260378,260378,UT,DS,1,0,1,,,13:17:59 23-Jul-2024,NN,B,44.2393,-60.7875,44.2393,-60.7875,8,,401677813,-137
260378,260378,UT,DS,1,0,0,,,13:24:58 23-Jul-2024,MC,B,44.2157,-60.4850,44.2157,-60.4850,6,,401677760,-119
260378,260378,UT,DS,1,0,0,,,13:55:33 23-Jul-2024,NP,B,44.1705,-60.3099,44.1705,-60.3099,8,,401677718,-135
260378,260378,UT,DS,5,0,1,65,45,14:10:35 23-Jul-2024,MB,0,44.1187,-60.2403,44.1187,-60.2403,46,,401677719,-124
260378,260378,UT,DS,2,0,0,141,141,14:09:16 23-Jul-2024,NK,B,44.0871,-60.0547,44.0871,-60.0547,6,,401677721,-135
260378,260378,UT,DS,2,0,0,56,56,14:56:20 23-Jul-2024,O3,B,44.0316,-60.2919,44.0316,-60.2919,8,,401677698,-133
260378,260378,UT,DS,2,0,0,56,56,14:56:20 23-Jul-2024,NN,B,43.9744,-60.1626,43.9744,-60.1626,8,,401677701,-130
260378,260378,UT,DS,1,0,0,,,15:37:43 23-Jul-2024,NP,B,44.0101,-60.2563,44.0101,-60.2563,8,,401677640,-129
260378,260378,UT,DS,3,0,0,224,45,21:39:42 23-Jul-2024,CS,A,44.0378,-60.1912,44.0378,-60.1912,7,,401677744,-130
260378,260378,UT,DS,4,0,0,232,225,22:02:18 23-Jul-2024,SR,2,44.1394,-60.1482,44.1394,-60.1482,56,,401677719,-123
260378,260378,UT,DS,3,0,0,258,46,22:13:36 23-Jul-2024,NK,A,44.1220,-60.1662,44.1220,-60.1662,6,,401677722,-127
260378,260378,UT,DS,2,0,0,227,227,22:10:00 23-Jul-2024,A1,B,44.1306,-60.1516,44.1306,-60.1516,6,,401677717,-127
260378,260378,UT,DS,3,0,1,102,45,23:07:11 23-Jul-2024,MC,A,44.1799,-60.1807,44.1799,-60.1807,8,,401677700,-130
260378,260378,UT,DS,3,0,0,298,226,23:39:36 23-Jul-2024,SR,A,44.1533,-60.1105,44.1533,-60.1105,6,,401677738,-129
260378,260378,UT,DS,2,0,0,370,370,23:38:49 23-Jul-2024,NP,B,44.1735,-60.1710,44.1735,-60.1710,6,,401677714,-133
260378,260378,UT,DS,3,0,1,53,46,23:44:08 23-Jul-2024,A1,A,44.1328,-60.0575,44.1328,-60.0575,6,,401677753,-128
260378,260378,UT,DS,3,0,0,137,45,23:58:02 23-Jul-2024,NK,A,44.1289,-60.1524,44.1289,-60.1524,6,,401677724,-126
260378,260378,UT,DS,4,0,0,91,45,23:55:37 23-Jul-2024,MB,0,44.1324,-60.1441,44.1324,-60.1441,46,,401677726,-130
260378,260378,UT,DS,2,0,1,45,45,00:45:35 24-Jul-2024,NN,B,44.1378,-60.1565,44.1378,-60.1565,6,,401677758,-131
260378,260378,UT,DS,6,0,1,81,45,00:45:58 24-Jul-2024,MC,2,44.1341,-60.1624,44.1341,-60.1624,56,,401677761,-120
260378,260378,UT,DS,1,0,0,,,02:06:42 24-Jul-2024,O3,B,44.1223,-60.1556,44.1223,-60.1556,8,,401677715,-134
260378,260378,UT,DS,2,0,0,45,45,12:00:41 24-Jul-2024,NP,B,44.0352,-60.1594,44.0352,-60.1594,8,,401677698,-132
260378,260378,UT,DS,4,0,0,223,45,12:08:09 24-Jul-2024,NK,0,44.1540,-60.1953,44.1540,-60.1953,46,,401677727,-119
260378,260378,UT,DS,2,0,1,237,237,13:03:24 24-Jul-2024,MC,B,44.0774,-60.2389,44.0774,-60.2389,8,,401677676,-121
260378,260378,UT,DS,4,0,1,155,45,13:41:21 24-Jul-2024,NP,0,44.1389,-60.1697,44.1389,-60.1697,45,,401677720,-120
260378,260378,UT,DS,4,0,0,89,45,13:43:36 24-Jul-2024,NK,0,44.1314,-60.1555,44.1314,-60.1555,46,,401677717,-129
260378,260378,UT,DS,3,0,1,320,198,13:49:09 24-Jul-2024,MB,A,44.1546,-60.1902,44.1546,-60.1902,6,,401677726,-123
260378,260378,UT,DS,3,0,0,232,225,14:41:15 24-Jul-2024,NN,A,44.1298,-60.1433,44.1298,-60.1433,,,401677724,-135
260378,260378,UT,DS,2,0,0,225,225,14:41:15 24-Jul-2024,MC,B,44.1271,-60.1605,44.1271,-60.1605,8,,401677718,-126
260378,260378,UT,DS,3,0,0,231,230,15:51:00 24-Jul-2024,O3,A,44.1357,-60.1577,44.1357,-60.1577,8,,401677720,-124
260378,260378,UT,DS,1,0,0,,,16:31:15 24-Jul-2024,NN,B,44.1427,-60.1512,44.1427,-60.1512,7,,401677734,-132
260378,260378,UT,DS,5,1,1,,,21:31:10 24-Jul-2024,SR,2,44.1120,-60.1795,44.1120,-60.1795,58,,401677749,-127
260378,260378,UT,DS,3,0,1,241,90,21:45:45 24-Jul-2024,A1,A,44.1138,-60.0870,44.1138,-60.0870,6,,401677730,-138
260378,260378,UT,DS,1,0,0,,,21:50:36 24-Jul-2024,NK,B,44.1147,-60.0863,44.1147,-60.0863,6,,401677740,-129
260378,260378,UT,DS,1,0,1,,,22:52:18 24-Jul-2024,MC,B,44.1212,-60.0790,44.1212,-60.0790,8,,401677723,-133
260378,260378,UT,DS,1,0,0,,,23:11:41 24-Jul-2024,SR,B,44.1274,-60.0820,44.1274,-60.0820,6,,401677710,-127
260378,260378,UT,DS,1,0,1,,,23:21:22 24-Jul-2024,A1,B,44.1266,-60.0830,44.1266,-60.0830,6,,401677710,-138
260378,260378,UT,DS,1,0,0,,,23:26:01 24-Jul-2024,NK,B,44.1353,-60.0876,44.1353,-60.0876,6,,401677727,-129
260378,260378,UT,DS,2,0,0,45,45,00:25:43 25-Jul-2024,MC,B,44.1549,-60.0927,44.1549,-60.0927,8,,401677704,-121
260378,260378,UT,DS,1,0,0,,,00:35:35 25-Jul-2024,NN,B,44.1557,-60.1059,44.1557,-60.1059,6,,401677721,-137
260378,260378,UT,DS,1,0,1,,,00:49:21 25-Jul-2024,SR,B,44.1461,-60.1086,44.1461,-60.1086,6,,401677778,-138
260378,260378,UT,DS,4,0,0,91,90,01:14:12 25-Jul-2024,MB,1,44.1344,-60.1613,44.1344,-60.1613,46,,401677761,-130
260378,260378,UT,DS,3,0,0,136,90,01:16:29 25-Jul-2024,NP,A,44.1315,-60.1516,44.1315,-60.1516,6,,401677763,-122
260378,260378,UT,DS,1,0,0,,,02:09:12 25-Jul-2024,MC,B,44.1358,-60.1502,44.1358,-60.1502,8,,401677747,-122
260378,260378,UT,DS,2,0,0,45,45,11:41:42 25-Jul-2024,NK,B,44.1528,-60.1389,44.1528,-60.1389,8,,401677744,-119
260378,260378,UT,DS,1,0,0,,,11:53:47 25-Jul-2024,NP,B,44.1511,-60.1519,44.1511,-60.1519,6,,401677747,-140
260378,260378,UT,DS,3,0,0,141,45,13:28:02 25-Jul-2024,NP,A,44.1525,-60.1973,,,8,,401677733,-125
260378,260378,UT,DS,1,0,0,,,13:32:45 25-Jul-2024,MB,B,44.1527,-60.1985,44.1527,-60.1985,6,,401677717,-126
260378,260378,UT,DS,4,0,0,85,45,14:21:27 25-Jul-2024,MC,1,44.0991,-60.1455,44.0991,-60.1455,48,,401677708,-114
260378,260378,UT,DS,2,0,0,201,201,14:34:26 25-Jul-2024,NN,B,44.1017,-60.1469,44.1017,-60.1469,6,,401677697,-125
260378,260378,UT,DS,1,0,0,,,21:54:45 25-Jul-2024,CS,B,44.0815,-60.0774,,,8,,401677751,-138
260378,260378,UT,DS,1,0,0,,,22:26:58 25-Jul-2024,MC,B,44.0789,-60.0770,44.0789,-60.0770,8,,401677746,-131
260378,260378,UT,DS,2,0,0,501,501,22:43:06 25-Jul-2024,SR,B,44.1016,-60.1108,44.1016,-60.1108,6,,401677723,-131
260378,260378,UT,DS,4,0,0,161,45,22:55:01 25-Jul-2024,A1,0,44.1204,-60.1033,44.1204,-60.1033,46,,401677722,-128
260378,260378,UT,DS,4,0,0,153,45,23:00:36 25-Jul-2024,NK,0,44.1207,-60.1257,44.1207,-60.1257,46,,401677722,-119
260378,260378,UT,DS,2,0,0,222,222,00:08:00 26-Jul-2024,MC,B,44.1312,-60.1304,44.1312,-60.1304,8,,401677737,-128
260378,260378,UT,DS,1,0,0,,,00:16:51 26-Jul-2024,SR,B,44.1295,-60.1329,44.1295,-60.1329,6,,401677744,-138
260378,260378,UT,DS,8,2,1,,,00:58:57 26-Jul-2024,NP,3,44.1241,-60.1135,44.1241,-60.1135,56,,401677767,-122
260378,260378,UT,DS,4,0,1,118,86,01:46:30 26-Jul-2024,MC,3,44.1251,-60.0981,44.1251,-60.0981,58,,401677754,-118
260378,260378,UT,DS,8,2,0,,,02:02:54 26-Jul-2024,NN,1,44.1298,-60.0833,44.1298,-60.0833,56,,401677755,-122
260378,260378,UT,DS,6,0,1,108,90,02:17:25 26-Jul-2024,O3,2,44.1335,-60.0853,44.1335,-60.0853,56,,401677746,-126
260378,260378,UT,DS,1,0,0,,,02:43:55 26-Jul-2024,NP,B,44.1311,-60.0783,44.1311,-60.0783,6,,401677743,-134
260378,260378,UT,DS,3,0,0,108,46,12:55:30 26-Jul-2024,NK,A,44.0663,-59.9976,44.0663,-59.9976,8,,401677701,-130
260378,260378,UT,DS,2,0,1,283,283,14:01:32 26-Jul-2024,MC,B,44.1250,-59.9738,44.1250,-59.9738,6,,401677734,-118
260378,260378,UT,DS,1,0,0,,,14:17:36 26-Jul-2024,NN,B,44.1288,-59.9725,44.1288,-59.9725,6,,401677728,-140
260378,260378,UT,DS,1,0,0,,,14:45:16 26-Jul-2024,MB,B,44.1281,-60.0208,44.1281,-60.0208,6,,401677728,-133
260378,260378,UT,DS,1,0,0,,,15:42:44 26-Jul-2024,MC,B,44.1245,-60.0074,44.1245,-60.0074,8,,401677729,-133
260378,260378,UT,DS,3,0,1,202,189,15:57:33 26-Jul-2024,O3,A,44.1081,-60.0488,44.1081,-60.0488,6,,401677725,-128
260378,260378,UT,DS,2,0,0,442,442,16:00:51 26-Jul-2024,NN,B,44.1060,-60.0588,44.1060,-60.0588,6,,401677725,-126
260378,260378,UT,DS,5,0,0,171,45,22:07:27 26-Jul-2024,SR,0,44.1175,-60.0122,44.1175,-60.0122,48,,401677723,-119
260378,260378,UT,DS,3,0,0,119,45,22:30:46 26-Jul-2024,A1,A,44.1134,-60.0378,44.1134,-60.0378,6,,401677719,-119
260378,260378,UT,DS,3,0,0,233,228,22:37:06 26-Jul-2024,NK,A,44.1028,-60.0429,44.1028,-60.0429,6,,401677721,-125
260378,260378,UT,DS,3,0,1,234,233,23:05:55 26-Jul-2024,NP,A,44.1065,-60.0249,44.1065,-60.0249,6,,401677719,-136
260378,260378,UT,DS,2,0,1,461,461,23:41:39 26-Jul-2024,MC,B,44.1074,-60.0303,44.1074,-60.0303,8,,401677721,-127
260378,260378,UT,DS,3,0,1,230,227,23:45:29 26-Jul-2024,SR,A,44.1104,-60.0303,44.1104,-60.0303,6,,401677720,-128
260378,260378,UT,DS,2,0,0,248,248,00:00:50 27-Jul-2024,A1,B,44.1110,-60.0359,44.1110,-60.0359,6,,401677718,-135
260378,260378,UT,DS,1,0,0,,,00:09:02 27-Jul-2024,NN,B,44.1107,-60.0358,44.1107,-60.0358,6,,401677716,-133
260378,260378,UT,DS,4,0,1,108,45,00:19:58 27-Jul-2024,NK,0,44.1119,-59.9927,44.1119,-59.9927,46,,401677719,-129
260378,260378,UT,DS,2,0,1,238,238,00:29:59 27-Jul-2024,MB,B,44.1105,-60.0352,44.1105,-60.0352,6,,401677717,-127
260378,260378,UT,DS,3,0,0,235,231,00:44:26 27-Jul-2024,NP,A,44.1214,-59.9981,44.1214,-59.9981,8,,401677734,-120
260378,260378,UT,DS,3,0,0,231,228,12:31:21 27-Jul-2024,NK,A,44.1359,-60.1191,44.1359,-60.1191,8,,401677723,-127
260378,260378,UT,DS,1,0,0,,,13:11:10 27-Jul-2024,NP,B,44.1363,-60.1153,44.1363,-60.1153,8,,401677759,-124
260378,260378,UT,DS,3,0,0,195,179,13:41:09 27-Jul-2024,MC,A,44.0998,-60.1155,44.0998,-60.1155,6,,401677740,-113
260378,260378,UT,DS,1,0,0,,,14:10:05 27-Jul-2024,NN,B,44.1005,-60.1156,44.1005,-60.1156,6,,401677727,-125
260378,260378,UT,DS,3,0,0,208,202,14:29:27 27-Jul-2024,MB,A,44.0806,-60.0888,44.0806,-60.0888,6,,401677728,-127
260378,260378,UT,DS,1,0,0,,,14:44:16 27-Jul-2024,NP,B,44.0807,-60.0861,44.0807,-60.0861,6,,401677727,-132
260378,260378,UT,DS,3,0,0,224,213,15:09:07 27-Jul-2024,O3,A,44.0845,-60.0457,44.0845,-60.0457,6,,401677755,-134
260378,260378,UT,DS,3,0,0,165,57,15:20:11 27-Jul-2024,MC,A,44.0832,-59.9793,44.0832,-59.9793,6,,401677778,-126
260378,260378,UT,DS,4,0,0,207,205,15:46:57 27-Jul-2024,NN,1,44.0282,-60.1116,44.0282,-60.1116,56,,401677745,-126
260378,260378,UT,DS,4,0,0,92,67,16:49:59 27-Jul-2024,O3,0,43.9770,-60.1393,43.9770,-60.1393,47,,401677768,-126
260378,260378,UT,DS,7,2,0,,,21:35:01 27-Jul-2024,SR,2,43.9766,-60.1587,43.9766,-60.1587,58,,401677661,-125
260378,260378,UT,DS,5,0,0,91,90,22:03:28 27-Jul-2024,A1,3,43.9745,-60.1637,43.9745,-60.1637,56,,401677669,-128
260378,260378,UT,DS,5,0,0,158,90,22:06:30 27-Jul-2024,NK,3,43.9714,-60.1793,43.9714,-60.1793,56,,401677671,-135
260378,260378,UT,DS,5,0,1,89,86,22:53:55 27-Jul-2024,NP,3,43.9700,-60.1702,43.9700,-60.1702,57,,401677689,-132
260378,260378,UT,DS,4,0,0,90,88,23:16:20 27-Jul-2024,SR,3,43.9742,-60.1597,43.9742,-60.1597,56,,401677696,-132
260378,260378,UT,DS,4,0,0,90,89,23:26:09 27-Jul-2024,MC,1,43.9739,-60.1673,43.9739,-60.1673,56,,401677699,-127
260378,260378,UT,DS,1,0,0,,,23:35:08 27-Jul-2024,A1,B,43.9739,-60.1673,43.9739,-60.1673,6,,401677700,-129
260378,260378,UT,DS,4,0,0,119,90,23:56:11 27-Jul-2024,NK,3,43.9728,-60.1610,43.9728,-60.1610,56,,401677707,-129
260378,260378,UT,DS,4,0,0,90,90,00:33:42 28-Jul-2024,NP,2,43.9728,-60.1681,43.9728,-60.1681,58,,401677710,-133
260378,260378,UT,DS,8,2,2,,,01:02:53 28-Jul-2024,MC,2,43.9851,-60.1473,43.9851,-60.1473,56,,401677714,-114
260378,260378,UT,DS,6,1,0,,,01:37:20 28-Jul-2024,NN,3,43.9732,-60.1681,43.9732,-60.1681,58,,401677717,-123
260378,260378,UT,DS,5,0,0,89,89,02:15:34 28-Jul-2024,NP,2,43.9707,-60.1572,43.9707,-60.1572,58,,401677718,-130
260378,260378,UT,DS,7,0,0,91,90,02:26:06 28-Jul-2024,O3,3,43.9741,-60.1653,43.9741,-60.1653,56,,401677717,-130
260378,260378,UT,DS,3,0,1,89,89,02:47:10 28-Jul-2024,MC,A,43.9796,-60.1598,43.9796,-60.1598,6,,401677715,-132
260378,260378,UT,DS,4,0,0,210,87,12:10:57 28-Jul-2024,NK,0,43.9834,-60.2019,43.9834,-60.2019,58,,401677685,-125
260378,260378,UT,DS,5,0,0,157,87,12:51:51 28-Jul-2024,NP,2,43.9743,-60.1489,43.9743,-60.1489,58,,401677680,-137
260378,260378,UT,DS,5,0,0,89,86,13:17:58 28-Jul-2024,MC,3,43.9766,-60.1707,43.9766,-60.1707,56,,401677667,-121
260378,260378,UT,DS,4,0,0,90,90,13:39:48 28-Jul-2024,NK,1,43.9751,-60.1502,43.9751,-60.1502,56,,401677668,-131
260378,260378,UT,DS,3,0,0,224,177,13:54:49 28-Jul-2024,NN,A,43.9862,-60.1799,43.9862,-60.1799,6,,401677665,-135
260378,260378,UT,DS,6,1,0,,,14:04:29 28-Jul-2024,MB,1,43.9777,-60.1702,43.9777,-60.1702,56,,401677667,-125
260378,260378,UT,DS,11,4,0,,,14:34:02 28-Jul-2024,NP,2,43.9731,-60.1681,43.9731,-60.1681,56,,401677679,-120
260378,260378,UT,DS,13,3,0,,,14:55:53 28-Jul-2024,MC,2,43.9696,-60.1499,43.9696,-60.1499,56,,401677691,-122
260378,260378,UT,DS,10,3,0,,,15:31:00 28-Jul-2024,NN,2,43.9700,-60.1592,43.9700,-60.1592,58,,401677697,-121
260378,260378,UT,DS,6,0,0,109,90,16:06:41 28-Jul-2024,O3,1,43.9699,-60.1506,43.9699,-60.1506,48,,401677687,-124
260378,260378,UT,DS,3,0,0,91,90,16:15:16 28-Jul-2024,NP,A,43.9845,-60.1679,43.9845,-60.1679,8,,401677679,-137
260378,260378,UT,DS,1,0,0,,,21:03:22 28-Jul-2024,SR,B,43.9783,-60.1122,43.9783,-60.1122,8,,401677682,-130
260378,260378,UT,DS,1,0,0,,,21:30:20 28-Jul-2024,CS,B,43.9800,-60.1410,,,6,,401677687,-123
260378,260378,UT,DS,3,0,0,89,88,21:40:45 28-Jul-2024,A1,A,43.9724,-60.1551,,,7,,401677693,-132
260378,260378,UT,DS,6,0,0,89,86,21:44:27 28-Jul-2024,NK,2,43.9772,-60.1687,43.9772,-60.1687,56,,401677690,-128
260378,260378,UT,DS,3,0,0,90,90,22:43:50 28-Jul-2024,SR,A,43.9708,-60.1600,43.9708,-60.1600,8,,401677704,-127
260378,260378,UT,DS,1,0,0,,,23:13:51 28-Jul-2024,A1,B,43.9705,-60.1613,43.9705,-60.1613,8,,401677706,-133
260378,260378,UT,DS,7,2,0,,,23:24:08 28-Jul-2024,NK,3,43.9692,-60.1644,43.9692,-60.1644,56,,401677707,-120
260378,260378,UT,DS,1,0,0,,,23:53:02 28-Jul-2024,MB,B,43.9724,-60.1639,43.9724,-60.1639,8,,401677711,-131
260378,260378,UT,DS,7,1,0,,,00:16:53 29-Jul-2024,NP,3,43.9721,-60.1628,43.9721,-60.1628,56,,401677715,-122
260378,260378,UT,DS,2,0,0,362,362,00:46:55 29-Jul-2024,MC,B,43.9722,-60.1640,43.9722,-60.1640,8,,401677717,-120
260378,260378,UT,DS,3,0,0,134,90,01:26:24 29-Jul-2024,NN,A,43.9721,-60.1693,43.9721,-60.1693,8,,401677717,-129
260378,260378,UT,DS,1,0,0,,,01:30:06 29-Jul-2024,MB,B,43.9721,-60.1695,43.9721,-60.1695,6,,401677716,-131
260378,260378,UT,DS,4,0,0,90,90,01:39:55 29-Jul-2024,O3,2,43.9759,-60.1681,43.9759,-60.1681,56,,401677716,-134
260378,260378,UT,DS,4,0,0,89,88,02:03:16 29-Jul-2024,NP,3,43.9775,-60.1614,43.9775,-60.1614,66,,401677714,-127
260378,260378,UT,DS,2,0,0,90,90,02:24:16 29-Jul-2024,MC,B,43.9773,-60.1638,43.9773,-60.1638,6,,401677714,-127
260378,260378,UT,DS,4,0,0,88,86,11:14:11 29-Jul-2024,CS,1,43.9814,-60.1906,43.9814,-60.1906,58,,401677722,-129
260378,260378,UT,DS,5,0,0,113,90,11:37:48 29-Jul-2024,NK,1,43.9784,-60.1653,43.9784,-60.1653,46,,401677701,-120
260378,260378,UT,DS,7,3,0,,,12:37:33 29-Jul-2024,NP,2,43.9751,-60.1528,43.9751,-60.1528,58,,401677669,-130
260378,260378,UT,DS,7,2,0,,,12:55:30 29-Jul-2024,MC,2,43.9790,-60.1882,43.9790,-60.1882,56,,401677665,-120
260378,260378,UT,DS,4,0,0,90,88,13:18:45 29-Jul-2024,NK,0,44.0419,-60.1679,44.0419,-60.1679,46,,401677687,-127
260378,260378,UT,DS,13,2,0,,,13:39:35 29-Jul-2024,NN,3,43.9762,-60.1872,43.9762,-60.1872,56,,401677688,-127
260378,260378,UT,DS,14,4,2,,,13:40:21 29-Jul-2024,MB,1,43.9818,-60.1939,43.9818,-60.1939,46,,401677690,-126
260378,260378,UT,DS,7,2,0,,,14:18:36 29-Jul-2024,NP,2,43.9763,-60.1592,43.9763,-60.1592,57,,401677699,-124
260378,260378,UT,DS,17,6,1,,,14:34:56 29-Jul-2024,MC,3,43.9735,-60.1690,43.9735,-60.1690,56,,401677701,-123
260378,260378,UT,DS,11,2,1,,,15:16:28 29-Jul-2024,O3,2,43.9804,-60.1783,43.9804,-60.1783,58,,401677699,-129
260378,260378,UT,DS,13,4,0,,,15:19:12 29-Jul-2024,NN,1,43.9710,-60.1572,43.9710,-60.1572,56,,401677705,-121
260378,260378,UT,DS,1,0,0,,,15:30:32 29-Jul-2024,MB,B,43.9704,-60.1418,43.9704,-60.1418,6,,401677704,-130
260378,260378,UT,DS,2,0,0,180,180,22:14:06 29-Jul-2024,SR,B,43.9453,-60.0354,43.9453,-60.0354,8,,401677703,-130
260378,260378,UT,DS,1,0,0,,,22:35:36 29-Jul-2024,NP,B,43.9398,-59.9957,43.9398,-59.9957,6,,401677686,-139
260378,260378,UT,DS,3,0,1,122,121,22:42:47 29-Jul-2024,MC,A,43.9214,-59.8487,43.9214,-59.8487,6,,401677718,-130
260378,260378,UT,DS,4,0,0,137,123,22:48:09 29-Jul-2024,A1,2,43.9267,-59.8624,43.9267,-59.8624,56,,401677712,-127
260378,260378,UT,DS,5,0,0,63,45,23:05:10 29-Jul-2024,NK,2,43.9301,-59.8471,43.9301,-59.8471,56,,401677716,-124
260378,260378,UT,DS,1,0,0,,,23:31:35 29-Jul-2024,NN,B,43.9303,-59.8477,43.9303,-59.8477,6,,401677719,-137
260378,260378,UT,DS,1,0,0,,,00:29:54 30-Jul-2024,MC,B,43.9270,-59.8269,43.9270,-59.8269,8,,401677698,-130
260378,260378,UT,DS,1,0,0,,,01:09:36 30-Jul-2024,NN,B,43.9253,-59.8128,43.9253,-59.8128,,,401677719,-129
260378,260378,UT,DS,1,0,0,,,01:09:36 30-Jul-2024,MB,B,43.9286,-59.8252,43.9286,-59.8252,8,,401677699,-135
260378,260378,UT,DS,3,0,0,275,263,01:48:08 30-Jul-2024,NP,A,43.9446,-59.7264,43.9446,-59.7264,8,,401677710,-132
260378,260378,UT,DS,2,0,0,211,211,02:08:55 30-Jul-2024,MC,B,43.9556,-59.7329,43.9556,-59.7329,6,,401677723,-121
260378,260378,UT,DS,3,0,0,225,219,02:32:28 30-Jul-2024,O3,A,43.9640,-59.7289,43.9640,-59.7289,6,,401677722,-132
260378,260378,UT,DS,1,0,0,,,02:52:47 30-Jul-2024,NN,B,43.9691,-59.7125,43.9691,-59.7125,6,,401677734,-130
260378,260378,UT,DS,1,0,0,,,12:43:38 30-Jul-2024,MC,B,44.0068,-59.2545,44.0068,-59.2545,8,,401677757,-126
260378,260378,UT,DS,2,0,0,320,320,12:51:18 30-Jul-2024,NK,B,44.1475,-59.6577,44.1475,-59.6577,6,,401677735,-125
260378,260378,UT,DS,3,0,0,68,45,13:26:20 30-Jul-2024,MB,A,44.1253,-59.8648,44.1253,-59.8648,8,,401677742,-130
260378,260378,UT,DS,2,0,0,225,225,13:29:43 30-Jul-2024,NN,B,44.0481,-59.4028,44.0481,-59.4028,6,,401677771,-131
260378,260378,UT,DS,3,0,1,158,90,16:12:54 30-Jul-2024,O3,A,44.1264,-59.7585,44.1264,-59.7585,8,,401677732,-120
260378,260378,UT,DS,3,0,0,154,151,21:44:30 30-Jul-2024,SR,A,44.1260,-59.8726,44.1260,-59.8726,8,,401677732,-120
260378,260378,UT,DS,2,0,0,231,231,21:46:25 30-Jul-2024,CS,B,44.0835,-59.9010,44.0835,-59.9010,6,,401677721,-134
260378,260378,UT,DS,3,0,0,233,233,22:33:14 30-Jul-2024,NK,A,44.0802,-59.8328,44.0802,-59.8328,8,,401677704,-121
260378,260378,UT,DS,1,0,0,,,23:19:08 30-Jul-2024,SR,B,44.0810,-59.8097,44.0810,-59.8097,8,,401677689,-121
260378,260378,UT,DS,2,0,0,286,286,23:54:00 30-Jul-2024,NP,B,44.0915,-59.8004,44.0915,-59.8004,,,401677708,-132
260378,260378,UT,DS,1,0,0,,,23:54:00 30-Jul-2024,A1,B,44.0793,-59.7952,44.0793,-59.7952,8,,401677692,-130
260378,260378,UT,DS,3,0,0,246,128,00:57:01 31-Jul-2024,NN,A,44.0979,-59.7367,44.0979,-59.7367,6,,401677757,-122
260378,260378,UT,DS,4,0,0,150,124,01:40:45 31-Jul-2024,MC,1,44.0757,-59.7566,44.0757,-59.7566,46,,401677744,-121
260378,260378,UT,DS,1,0,0,,,01:40:36 31-Jul-2024,NP,B,44.0924,-59.7114,44.0924,-59.7114,8,,401677739,-131
260378,260378,UT,DS,2,0,1,206,206,01:47:46 31-Jul-2024,O3,B,44.0795,-59.7246,44.0795,-59.7246,6,,401677735,-130
260378,260378,UT,DS,2,0,0,93,93,13:56:01 31-Jul-2024,NP,B,44.0222,-59.7485,44.0222,-59.7485,,,401677694,-130
260378,260378,UT,DS,3,0,1,127,93,13:56:48 31-Jul-2024,MC,A,43.9796,-59.1555,43.9796,-59.1555,6,,401677689,-124
260378,260378,UT,DS,1,0,0,,,14:47:56 31-Jul-2024,MB,B,43.9921,-59.1425,43.9921,-59.1425,8,,401677644,-125
260378,260378,UT,DS,3,0,0,225,224,15:28:25 31-Jul-2024,O3,A,44.1780,-59.7839,38.3342,-28.8429,40,,401677744,-122
260378,260378,UT,DS,4,0,1,160,45,15:36:23 31-Jul-2024,MC,0,44.1302,-59.7864,44.1302,-59.7864,46,,401677719,-127
260378,260378,UT,DS,2,0,0,45,45,15:36:23 31-Jul-2024,NP,B,43.8092,-59.4374,43.8092,-59.4374,,,401677748,-132
260378,260378,UT,DS,5,1,0,,,21:58:09 31-Jul-2024,A1,3,43.9646,-59.7911,43.9646,-59.7911,58,,401677745,-131
260378,260378,UT,DS,9,2,1,,,22:07:06 31-Jul-2024,NK,3,43.9620,-59.7928,43.9620,-59.7928,56,,401677743,-121
260378,260378,UT,DS,5,0,0,89,86,22:48:58 31-Jul-2024,SR,3,43.9549,-59.8073,43.9549,-59.8073,58,,401677738,-121
260378,260378,UT,DS,4,0,0,89,89,23:46:48 31-Jul-2024,NK,3,43.9533,-59.8026,43.9533,-59.8026,56,,401677734,-128
260378,260378,UT,DS,2,0,0,90,90,23:44:34 31-Jul-2024,MC,B,43.9577,-59.8210,43.9577,-59.8210,8,,401677728,-127
260378,260378,UT,DS,3,0,0,90,90,23:49:02 31-Jul-2024,NP,A,43.9543,-59.8065,43.9543,-59.8065,6,,401677733,-132
260378,260378,UT,DS,1,0,0,,,00:26:39 01-Aug-2024,MB,B,43.9554,-59.8167,43.9554,-59.8167,8,,401677733,-135
260378,260378,UT,DS,1,0,0,,,00:49:15 01-Aug-2024,NN,B,43.9545,-59.8105,43.9545,-59.8105,6,,401677731,-135
260378,260378,UT,DS,4,0,0,90,90,01:21:20 01-Aug-2024,MC,3,43.9562,-59.8054,43.9562,-59.8054,58,,401677726,-122
260378,260378,UT,DS,4,0,0,120,90,01:24:22 01-Aug-2024,NP,3,43.9572,-59.8064,43.9572,-59.8064,56,,401677727,-130
260378,260378,UT,DS,4,0,0,89,89,02:26:01 01-Aug-2024,NN,3,43.9562,-59.8065,43.9562,-59.8065,68,,401677729,-125
260378,260378,UT,DS,4,0,0,89,87,02:41:02 01-Aug-2024,O3,3,43.9542,-59.8063,43.9542,-59.8063,56,,401677731,-132
260378,260378,UT,DS,4,0,0,90,90,12:01:00 01-Aug-2024,NK,2,43.9567,-59.8139,43.9567,-59.8139,58,,401677720,-125
260378,260378,UT,DS,4,0,0,122,90,13:36:02 01-Aug-2024,MC,2,43.9537,-59.7988,43.9537,-59.7988,58,,401677665,-120
260378,260378,UT,DS,5,0,0,113,90,13:42:08 01-Aug-2024,NP,2,43.9562,-59.8006,43.9562,-59.8006,56,,401677665,-140
260378,260378,UT,DS,1,0,0,,,14:28:38 01-Aug-2024,MB,B,43.9573,-59.7959,43.9573,-59.7959,8,,401677638,-133
260378,260378,UT,DS,5,1,0,,,14:43:39 01-Aug-2024,NN,2,43.9546,-59.8001,43.9546,-59.8001,56,,401677629,-125
260378,260378,UT,DS,3,0,0,90,90,15:18:21 01-Aug-2024,MC,A,43.9517,-59.8086,43.9517,-59.8086,8,,401677612,-131
260378,260378,UT,DS,5,0,0,90,89,16:21:27 01-Aug-2024,O3,3,43.9565,-59.8099,43.9565,-59.8099,58,,401677602,-122
260378,260378,UT,DS,3,0,0,136,90,16:25:56 01-Aug-2024,NN,A,43.9520,-59.8008,43.9520,-59.8008,6,,401677602,-133
260378,260378,UT,DS,3,0,0,89,88,21:42:09 01-Aug-2024,NK,A,43.9536,-59.8094,43.9536,-59.8094,7,,401677680,-133
260378,260378,UT,DS,5,0,0,89,87,22:19:34 01-Aug-2024,SR,3,43.9562,-59.8142,43.9562,-59.8142,57,,401677686,-124
260378,260378,UT,DS,4,0,0,90,88,23:03:06 01-Aug-2024,A1,3,43.9537,-59.8048,43.9537,-59.8048,58,,401677693,-131
260378,260378,UT,DS,3,0,0,180,90,23:22:13 01-Aug-2024,NK,A,43.9544,-59.8018,43.9544,-59.8018,6,,401677697,-128
260378,260378,UT,DS,3,0,1,135,90,23:21:13 01-Aug-2024,MC,A,43.9538,-59.8042,43.9538,-59.8042,6,,401677697,-130
260378,260378,UT,DS,4,0,0,90,90,23:35:32 01-Aug-2024,NP,3,43.9546,-59.8058,43.9546,-59.8058,56,,401677697,-135
260378,260378,UT,DS,1,0,0,,,23:57:26 01-Aug-2024,SR,B,43.9540,-59.8058,43.9540,-59.8058,6,,401677699,-138
260378,260378,UT,DS,4,0,0,119,90,01:00:25 02-Aug-2024,MC,2,43.9570,-59.7976,43.9570,-59.7976,58,,401677704,-123
260378,260378,UT,DS,4,0,1,121,90,01:13:12 02-Aug-2024,NP,3,43.9562,-59.8031,43.9562,-59.8031,56,,401677705,-127
260378,260378,UT,DS,1,0,0,,,01:54:33 02-Aug-2024,O3,B,43.9570,-59.8010,43.9570,-59.8010,8,,401677707,-140
260378,260378,UT,DS,3,0,0,178,87,02:13:14 02-Aug-2024,NN,A,43.9576,-59.7961,43.9576,-59.7961,6,,401677708,-125
260378,260378,UT,DS,6,0,0,89,87,11:33:56 02-Aug-2024,NK,3,43.9553,-59.8081,,,58,,401677722,-127
260378,260378,UT,DS,2,0,0,89,89,13:13:19 02-Aug-2024,NK,B,43.9536,-59.8035,43.9536,-59.8035,8,,401677722,-133
260378,260378,UT,DS,5,0,0,90,89,13:14:49 02-Aug-2024,MC,3,43.9546,-59.8076,43.9546,-59.8076,66,,401677721,-125
260378,260378,UT,DS,5,0,0,112,87,13:30:31 02-Aug-2024,NP,3,43.9558,-59.8084,43.9558,-59.8084,56,,401677720,-137
260378,260378,UT,DS,3,0,0,136,90,14:32:59 02-Aug-2024,NN,A,43.9580,-59.8055,,,8,,401677711,-131
260378,260378,UT,DS,4,0,0,118,87,14:56:14 02-Aug-2024,MC,3,43.9542,-59.8057,43.9542,-59.8057,66,,401677698,-125
260378,260378,UT,DS,3,0,0,90,90,15:14:08 02-Aug-2024,NP,A,43.9557,-59.8109,43.9557,-59.8109,6,,401677694,-136
260378,260378,UT,DS,1,0,0,,,15:36:43 02-Aug-2024,O3,B,43.9582,-59.8096,43.9582,-59.8096,6,,401677682,-131
260378,260378,UT,DS,5,0,0,90,90,16:14:49 02-Aug-2024,NN,3,43.9559,-59.8075,43.9559,-59.8075,58,,401677667,-132
260378,260378,UT,DS,3,0,0,88,87,21:23:59 02-Aug-2024,CS,A,43.9570,-59.8033,43.9570,-59.8033,8,,401677689,-132
260378,260378,UT,DS,4,0,0,89,88,21:45:39 02-Aug-2024,SR,3,43.9556,-59.8106,43.9556,-59.8106,56,,401677693,-131
260378,260378,UT,DS,3,0,0,89,88,22:40:36 02-Aug-2024,A1,A,43.9533,-59.7917,43.9533,-59.7917,8,,401677700,-123
260378,260378,UT,DS,5,0,0,90,89,22:55:34 02-Aug-2024,NK,3,43.9575,-59.7955,43.9575,-59.7955,56,,401677702,-124
260378,260378,UT,DS,1,0,0,,,23:22:32 02-Aug-2024,NP,B,43.9546,-59.7887,43.9546,-59.7887,7,,401677706,-139
260378,260378,UT,DS,2,0,0,90,90,23:26:16 02-Aug-2024,SR,B,43.9529,-59.8002,43.9529,-59.8002,6,,401677705,-133
260378,260378,UT,DS,4,0,0,91,90,00:39:00 03-Aug-2024,MC,3,43.9544,-59.8117,43.9544,-59.8117,58,,401677712,-119
260378,260378,UT,DS,5,0,0,90,90,00:59:58 03-Aug-2024,NP,3,43.9560,-59.8023,,,56,,401677712,-131
260378,260378,UT,DS,1,0,0,,,02:03:31 03-Aug-2024,NN,B,43.9573,-59.8008,43.9573,-59.8008,8,,401677715,-129
260378,260378,UT,DS,1,0,0,,,02:46:31 03-Aug-2024,O3,B,43.9577,-59.8003,43.9577,-59.8003,8,,401677716,-132
260378,260378,UT,DS,1,0,1,,,14:19:21 03-Aug-2024,NN,B,43.9925,-59.8033,43.9925,-59.8033,8,,401677701,-135
260378,260378,UT,DS,1,0,0,,,00:12:02 04-Aug-2024,NK,B,43.9778,-59.8130,43.9778,-59.8130,8,,401677694,-137
260378,260378,UT,DS,5,0,0,91,90,00:21:53 04-Aug-2024,MC,3,43.9552,-59.8083,43.9552,-59.8083,58,,401677705,-123
260378,260378,UT,DS,4,0,0,121,90,00:48:04 04-Aug-2024,NP,2,43.9572,-59.7956,43.9572,-59.7956,56,,401677707,-129
260378,260378,UT,DS,1,0,1,,,02:03:34 04-Aug-2024,O3,B,43.9585,-59.7952,43.9585,-59.7952,8,,401677710,-141
260378,260378,UT,DS,1,0,1,,,14:19:24 04-Aug-2024,MC,B,43.9500,-59.7946,43.9500,-59.7946,,,401677714,-126
260378,260378,UT,DS,3,0,0,89,88,00:01:23 05-Aug-2024,MC,A,43.9533,-59.8130,43.9533,-59.8130,8,,401677704,-125
260378,260378,UT,DS,1,0,0,,,00:01:23 05-Aug-2024,SR,B,43.9581,-59.7791,43.9581,-59.7791,8,,401677712,-139
260378,260378,UT,DS,6,0,0,90,90,00:34:19 05-Aug-2024,NP,3,43.9535,-59.8147,43.9535,-59.8147,58,,401677707,-127
260378,260378,UT,DS,1,0,0,,,00:44:51 05-Aug-2024,MB,B,43.9534,-59.8151,43.9534,-59.8151,6,,401677708,-133
260378,260378,UT,DS,5,0,1,112,88,00:26:47 06-Aug-2024,NP,3,43.9551,-59.8088,43.9551,-59.8088,50,,401677720,-129
260378,260378,UT,DS,1,0,0,,,00:26:47 06-Aug-2024,MB,B,43.9628,-59.8207,43.9628,-59.8207,,,401677708,-131
260378,260378,UT,DS,1,0,0,,,01:20:19 06-Aug-2024,MC,B,43.9558,-59.8101,43.9558,-59.8101,8,,401677721,-122
260378,260378,UT,DS,1,0,0,,,13:36:10 06-Aug-2024,MC,B,43.9545,-59.8101,43.9545,-59.8101,,,401677721,-129
260378,260378,UT,DS,4,0,2,91,90,00:13:26 07-Aug-2024,NP,3,43.9546,-59.8085,43.9546,-59.8085,58,,401677727,-135
260378,260378,UT,DS,4,0,0,90,90,00:57:05 07-Aug-2024,MC,1,43.9583,-59.7942,43.9583,-59.7942,58,,401677727,-125
260378,260378,UT,DS,4,0,1,89,87,00:00:30 08-Aug-2024,NP,3,43.9548,-59.8090,43.9548,-59.8090,50,,401677728,-135
260378,260378,UT,DS,4,0,1,119,87,00:35:49 08-Aug-2024,MC,3,43.9549,-59.8090,43.9549,-59.8090,58,,401677730,-127
260378,260378,UT,DS,1,0,0,,,00:59:47 08-Aug-2024,NN,B,43.9546,-59.8088,43.9546,-59.8088,6,,401677728,-137
260378,260378,UT,DS,5,0,0,89,88,00:14:46 09-Aug-2024,MC,3,43.9545,-59.8105,43.9545,-59.8105,50,,401677718,-130
260378,260378,UT,DS,1,0,0,,,00:47:43 09-Aug-2024,NN,B,43.9550,-59.8108,43.9550,-59.8108,8,,401677707,-133
260378,260378,UT,DS,1,0,0,,,01:04:18 09-Aug-2024,MB,B,43.9557,-59.8099,43.9557,-59.8099,6,,401677707,-133
260378,260378,UT,DS,4,0,1,90,88,23:57:23 09-Aug-2024,MC,3,43.9549,-59.8070,43.9549,-59.8070,60,,401677706,-126
260378,260378,UT,DS,3,0,0,90,90,00:41:08 10-Aug-2024,MB,A,43.9561,-59.8069,43.9561,-59.8069,8,,401677708,-126
260378,260378,UT,DS,1,0,1,,,11:27:10 10-Aug-2024,NK,B,43.9393,-59.8070,43.9393,-59.8070,8,,401677711,-127
260378,260378,UT,DS,1,0,0,,,13:36:11 10-Aug-2024,NP,B,43.9537,-59.7820,43.9537,-59.7820,8,,401677705,-126
260378,260378,UT,DS,2,0,0,88,88,00:22:20 11-Aug-2024,MB,B,43.9680,-59.7674,43.9680,-59.7674,8,,401677692,-131
260378,260378,UT,DS,3,0,1,180,90,01:02:13 11-Aug-2024,NP,A,43.9576,-59.7983,43.9576,-59.7983,8,,401677703,-127
260378,260378,UT,DS,1,0,0,,,14:20:41 11-Aug-2024,MB,B,43.9375,-59.8508,43.9375,-59.8508,,,401677705,-131
260378,260378,UT,DS,2,0,0,90,90,00:03:25 12-Aug-2024,NK,B,43.9570,-59.8119,43.9570,-59.8119,8,,401677712,-135
260378,260378,UT,DS,4,0,0,118,86,00:49:01 12-Aug-2024,NP,2,43.9563,-59.8009,43.9563,-59.8009,58,,401677716,-130
260378,260378,UT,DS,4,0,0,89,87,00:53:27 12-Aug-2024,MC,1,43.9581,-59.7990,43.9581,-59.7990,56,,401677716,-120
260378,260378,UT,DS,5,0,0,112,88,00:32:17 13-Aug-2024,MC,3,43.9540,-59.8108,43.9540,-59.8108,60,,401677715,-122
260378,260378,UT,DS,5,0,0,113,89,00:36:44 13-Aug-2024,NP,3,43.9533,-59.8127,43.9533,-59.8127,56,,401677715,-129
260378,260378,UT,DS,6,1,1,,,00:15:08 14-Aug-2024,MC,3,43.9550,-59.8082,43.9550,-59.8082,50,,401677709,-123
260378,260378,UT,DS,1,0,0,,,00:15:53 14-Aug-2024,SR,B,43.9550,-59.8082,43.9550,-59.8082,6,,401677711,-136
260378,260378,UT,DS,7,1,0,,,00:23:30 14-Aug-2024,NP,3,43.9537,-59.8124,43.9537,-59.8124,56,,401677711,-126
260378,260378,UT,DS,1,0,0,,,00:53:26 14-Aug-2024,NK,B,43.9550,-59.8104,43.9550,-59.8104,6,,401677713,-137
260378,260378,UT,DS,3,0,0,89,89,00:58:43 14-Aug-2024,MB,A,43.9552,-59.8109,43.9552,-59.8109,8,,401677712,-126
260378,260378,UT,DS,1,0,0,,,11:26:51 14-Aug-2024,NK,B,43.9612,-59.8037,,,8,,401677709,-127
260378,260378,UT,DS,2,0,0,90,90,23:54:52 14-Aug-2024,MC,B,43.9521,-59.8165,43.9521,-59.8165,,,401677709,-129
260378,260378,UT,DS,4,0,0,151,90,00:11:23 15-Aug-2024,NP,3,43.9539,-59.8112,43.9539,-59.8112,56,,401677712,-127
260378,260378,UT,DS,2,0,0,88,88,00:27:11 15-Aug-2024,NK,B,43.9521,-59.8066,43.9521,-59.8066,6,,401677715,-131
260378,260378,UT,DS,3,0,2,223,91,00:39:50 15-Aug-2024,MB,A,43.9510,-59.8251,43.9510,-59.8251,6,,401677714,-134
260378,260378,UT,DS,1,0,0,,,14:18:42 15-Aug-2024,NP,B,44.0737,-59.8736,44.0737,-59.8736,,,401677637,-124
260378,260378,UT,DS,5,0,0,90,87,23:56:27 15-Aug-2024,NK,3,43.9574,-59.8021,43.9574,-59.8021,58,,401677644,-133
260378,260378,UT,DS,5,1,0,,,00:02:27 16-Aug-2024,NP,3,43.9548,-59.8116,43.9548,-59.8116,56,,401677704,-129
260378,260378,UT,DS,1,0,0,,,00:23:28 16-Aug-2024,MB,B,43.9559,-59.8125,43.9559,-59.8125,6,,401677705,-133
260378,260378,UT,DS,3,0,0,179,87,00:58:09 16-Aug-2024,NN,A,43.9560,-59.8107,43.9560,-59.8107,8,,401677709,-133
260378,260378,UT,DS,1,0,0,,,02:45:57 16-Aug-2024,O3,B,43.9614,-59.8121,43.9614,-59.8121,8,,401677712,-129
260378,260378,UT,DS,1,0,0,,,12:09:47 16-Aug-2024,NK,B,44.0075,-59.7880,44.0075,-59.7880,8,,401677692,-130
260378,260378,UT,DS,1,0,0,,,14:18:47 16-Aug-2024,MB,B,44.0424,-59.8637,44.0424,-59.8637,8,,401677652,-125
260378,260378,UT,DS,2,0,0,87,87,23:54:03 16-Aug-2024,NP,B,43.9507,-59.8296,43.9507,-59.8296,8,,401677700,-131
260378,260378,UT,DS,1,0,0,,,00:02:13 17-Aug-2024,MB,B,43.9523,-59.8283,43.9523,-59.8283,6,,401677700,-133
260378,260378,UT,DS,1,0,0,,,00:21:37 17-Aug-2024,SR,B,43.9524,-59.8310,43.9524,-59.8310,6,,401677701,-135
260378,260378,UT,DS,3,0,0,135,90,00:45:37 17-Aug-2024,NN,A,43.9512,-59.8094,43.9512,-59.8094,6,,401677709,-133
260378,260378,UT,DS,6,2,0,,,00:49:22 17-Aug-2024,MC,2,43.9539,-59.8144,43.9539,-59.8144,56,,401677708,-117
260378,260378,UT,DS,1,0,0,,,02:02:35 17-Aug-2024,O3,B,43.9577,-59.8225,43.9577,-59.8225,8,,401677707,-138
260378,260378,UT,DS,3,0,0,150,45,21:08:30 17-Aug-2024,CS,A,43.9478,-59.8577,43.9478,-59.8577,,,401677684,-121
260378,260378,UT,DS,4,0,1,97,45,21:28:33 17-Aug-2024,NK,0,43.9554,-59.7834,43.9554,-59.7834,46,,401677686,-129
260378,260378,UT,DS,7,1,1,,,22:12:57 17-Aug-2024,SR,3,43.9561,-59.8119,43.9561,-59.8119,58,,401677694,-125
260378,260378,UT,DS,3,0,1,88,87,22:33:15 17-Aug-2024,A1,A,43.9556,-59.8108,43.9556,-59.8108,6,,401677696,-129
260378,260378,UT,DS,2,0,0,90,90,23:08:24 17-Aug-2024,NK,B,43.9551,-59.8019,43.9551,-59.8019,8,,401677701,-133
260378,260378,UT,DS,4,0,0,87,86,00:32:15 18-Aug-2024,MC,3,43.9555,-59.8093,43.9555,-59.8093,58,,401677706,-129
260378,260378,UT,DS,1,0,0,,,01:19:14 18-Aug-2024,NP,B,43.9566,-59.8140,43.9566,-59.8140,8,,401677707,-137
260378,260378,UT,DS,2,0,0,273,273,02:13:14 18-Aug-2024,NN,B,43.9588,-59.8029,43.9588,-59.8029,8,,401677707,-137
260378,260378,UT,DS,2,0,0,90,90,11:21:47 18-Aug-2024,NK,B,43.9534,-59.8322,43.9534,-59.8322,8,,401677714,-133
260378,260378,UT,DS,1,0,0,,,12:59:32 18-Aug-2024,NK,B,43.9682,-59.8068,43.9682,-59.8068,8,,401677692,-135
260378,260378,UT,DS,5,0,0,89,89,13:37:09 18-Aug-2024,NP,3,43.9550,-59.8032,43.9550,-59.8032,56,,401677667,-132
260378,260378,UT,DS,1,0,1,,,13:34:10 18-Aug-2024,MB,B,43.9829,-59.8285,43.9829,-59.8285,8,,401677698,-135
260378,260378,UT,DS,4,0,0,91,90,14:25:00 18-Aug-2024,MC,3,43.9554,-59.8052,43.9554,-59.8052,68,,401677646,-126
260378,260378,UT,DS,4,0,0,90,90,14:34:01 18-Aug-2024,NN,3,43.9548,-59.8067,43.9548,-59.8067,66,,401677643,-133
260378,260378,UT,DS,1,0,1,,,15:15:46 18-Aug-2024,NP,B,43.9580,-59.8062,43.9580,-59.8062,8,,401677635,-139
260378,260378,UT,DS,3,0,0,134,90,16:13:33 18-Aug-2024,NN,A,43.9527,-59.8083,43.9527,-59.8083,8,,401677621,-135
260378,260378,UT,DS,2,0,0,181,181,16:36:39 18-Aug-2024,O3,B,43.9529,-59.8084,43.9529,-59.8084,6,,401677621,-131
260378,260378,UT,DS,2,0,0,90,90,21:38:53 18-Aug-2024,SR,B,43.9312,-59.7834,43.9312,-59.7834,8,,401677640,-133
260378,260378,UT,DS,2,0,0,90,90,22:07:33 18-Aug-2024,A1,B,43.9304,-59.7808,43.9304,-59.7808,6,,401677640,-137
260378,260378,UT,DS,2,0,0,264,264,22:41:58 18-Aug-2024,NK,B,43.9610,-59.8154,43.9610,-59.8154,6,,401677674,-129
260378,260378,UT,DS,3,0,0,132,88,23:17:47 18-Aug-2024,SR,A,43.9543,-59.8031,43.9543,-59.8031,6,,401677688,-133
260378,260378,UT,DS,4,0,0,90,90,00:11:18 19-Aug-2024,MC,3,43.9550,-59.8066,43.9550,-59.8066,68,,401677697,-127
260378,260378,UT,DS,1,0,1,,,00:57:47 19-Aug-2024,MB,B,43.9580,-59.8110,43.9580,-59.8110,8,,401677695,-135
260378,260378,UT,DS,3,0,1,91,90,01:07:36 19-Aug-2024,NP,A,43.9549,-59.8036,43.9549,-59.8036,6,,401677700,-131
260378,260378,UT,DS,3,0,0,142,101,01:48:29 19-Aug-2024,MC,A,43.9552,-59.8035,43.9552,-59.8035,8,,401677701,-127
260378,260378,UT,DS,3,0,0,136,90,02:00:50 19-Aug-2024,NN,A,43.9536,-59.8134,43.9536,-59.8134,6,,401677701,-131
260378,260378,UT,DS,2,0,1,181,181,10:56:14 19-Aug-2024,NK,B,43.9425,-59.8021,43.9425,-59.8021,8,,401677706,-137
260378,260378,UT,DS,3,0,1,91,90,12:35:12 19-Aug-2024,NK,A,43.9537,-59.8060,43.9537,-59.8060,8,,401677703,-131
260378,260378,UT,DS,3,0,0,88,87,13:24:36 19-Aug-2024,NP,A,43.9553,-59.8074,43.9553,-59.8074,8,,401677697,-132
260378,260378,UT,DS,5,0,0,89,87,14:03:49 19-Aug-2024,MC,1,43.9501,-59.7838,43.9501,-59.7838,58,,401677690,-129
260378,260378,UT,DS,3,0,0,91,90,15:04:35 19-Aug-2024,NP,A,43.9553,-59.8002,43.9553,-59.8002,8,,401677690,-136
260378,260378,UT,DS,2,0,0,90,90,15:51:16 19-Aug-2024,O3,B,43.9559,-59.8063,43.9559,-59.8063,8,,401677686,-134
260378,260378,UT,DS,4,0,0,89,89,16:03:16 19-Aug-2024,NN,3,43.9557,-59.8056,43.9557,-59.8056,56,,401677683,-133
260378,260378,UT,DS,3,0,0,90,90,22:18:44 19-Aug-2024,NK,A,43.9536,-59.8117,43.9536,-59.8117,8,,401677681,-130
260378,260378,UT,DS,4,0,0,90,90,22:46:35 19-Aug-2024,SR,3,43.9528,-59.8022,43.9528,-59.8022,56,,401677687,-129
260378,260378,UT,DS,2,0,0,90,90,23:50:29 19-Aug-2024,MC,B,43.9552,-59.8071,43.9552,-59.8071,8,,401677697,-130
260378,260378,UT,DS,1,0,0,,,23:56:29 19-Aug-2024,NK,B,43.9553,-59.8072,43.9553,-59.8072,6,,401677697,-133
260378,260378,UT,DS,1,0,0,,,12:09:47 20-Aug-2024,NK,B,43.9572,-59.8390,43.9572,-59.8390,,,401677699,-140
260378,260378,UT,DS,3,0,1,136,90,00:31:20 22-Aug-2024,NP,A,43.9551,-59.8101,43.9551,-59.8101,,,401677706,-134
260378,260378,UT,DS,3,0,0,136,93,00:47:13 22-Aug-2024,MC,A,43.9536,-59.8126,43.9536,-59.8126,6,,401677706,-126
260378,260378,UT,DS,3,0,0,89,88,00:15:28 23-Aug-2024,NP,A,43.9556,-59.8081,43.9556,-59.8081,,,401677691,-133
260378,260378,UT,DS,2,0,0,90,90,00:28:17 23-Aug-2024,MC,B,43.9556,-59.8086,43.9556,-59.8086,6,,401677692,-125
260378,260378,UT,DS,1,0,0,,,14:18:27 23-Aug-2024,NP,B,43.9823,-59.8228,43.9823,-59.8228,,,401677687,-132
260378,260378,UT,DS,2,0,1,90,90,23:53:43 23-Aug-2024,NK,B,43.9742,-59.7934,43.9742,-59.7934,8,,401677681,-133
260378,260378,UT,DS,4,0,0,118,89,00:02:01 24-Aug-2024,NP,3,43.9548,-59.8086,43.9548,-59.8086,66,,401677694,-133
260378,260378,UT,DS,3,0,0,89,89,00:07:11 24-Aug-2024,MC,A,43.9543,-59.8073,43.9543,-59.8073,6,,401677695,-128
260378,260378,UT,DS,1,0,0,,,00:52:47 24-Aug-2024,MB,B,43.9551,-59.8081,43.9551,-59.8081,8,,401677698,-132
260378,260378,UT,DS,1,0,0,,,01:01:45 24-Aug-2024,NN,B,43.9551,-59.8080,43.9551,-59.8080,6,,401677698,-137
260378,260378,UT,DS,1,0,1,,,23:52:55 24-Aug-2024,NP,B,43.9459,-59.8078,43.9459,-59.8078,,,401677696,-137
260378,260378,UT,DS,1,0,0,,,00:12:22 26-Aug-2024,MB,,,,,,,,401650000,-135
260378,260378,UT,DS,3,0,0,89,88,01:04:14 26-Aug-2024,MC,A,43.9568,-59.8062,43.9568,-59.8062,,,401677693,-124
260378,260378,UT,DS,1,0,1,,,01:19:31 26-Aug-2024,NP,B,43.9569,-59.8064,43.9569,-59.8064,6,,401677694,-134
260378,260378,UT,DS,1,0,1,,,12:52:22 26-Aug-2024,NK,B,43.9409,-59.8345,43.9409,-59.8345,8,,401677700,-137
260378,260378,UT,DS,2,0,0,90,90,00:46:11 27-Aug-2024,MC,B,43.9513,-59.8367,,,8,,401677700,-124
260378,260378,UT,DS,1,0,0,,,01:06:32 27-Aug-2024,NP,B,43.9509,-59.8424,43.9509,-59.8424,6,,401677699,-131
260378,260378,UT,DS,4,0,0,89,89,00:25:02 28-Aug-2024,MC,3,43.9549,-59.8084,43.9549,-59.8084,60,,401677694,-125
260378,260378,UT,DS,4,0,0,91,89,00:52:46 28-Aug-2024,NP,3,43.9573,-59.7992,43.9573,-59.7992,66,,401677696,-134
260378,260378,UT,DS,3,0,0,91,90,00:03:15 29-Aug-2024,MC,,,,,,,,401650000,
260378,260378,UT,DS,3,0,0,89,88,00:43:02 29-Aug-2024,NP,A,43.9538,-59.8124,43.9538,-59.8124,,,401677701,-133
260378,260378,UT,DS,4,0,0,91,90,00:31:05 30-Aug-2024,NP,3,43.9542,-59.8087,43.9542,-59.8087,60,,401677709,-133
260378,260378,UT,DS,1,0,0,,,01:20:52 30-Aug-2024,MC,B,43.9543,-59.8089,43.9543,-59.8089,8,,401677709,-131
260378,260378,UT,DS,3,0,0,89,89,00:18:04 31-Aug-2024,NP,A,43.9537,-59.8078,43.9537,-59.8078,,,401677699,-133
260378,260378,UT,DS,3,0,0,91,90,01:03:54 31-Aug-2024,MC,A,43.9534,-59.8120,43.9534,-59.8120,8,,401677702,-124
260378,260378,UT,DS,1,0,0,,,14:18:02 31-Aug-2024,NP,B,43.9508,-59.8361,43.9508,-59.8361,,,401677702,-132
260378,260378,UT,DS,4,0,0,88,86,00:04:37 01-Sep-2024,NP,3,43.9550,-59.8072,43.9550,-59.8072,68,,401677701,-135
260378,260378,UT,DS,3,0,0,134,90,00:43:40 01-Sep-2024,MC,A,43.9549,-59.8084,43.9549,-59.8084,8,,401677703,-125
260378,260378,UT,DS,1,0,0,,,01:01:46 01-Sep-2024,NN,B,43.9549,-59.8089,43.9549,-59.8089,6,,401677705,-140
260378,260378,UT,DS,3,0,2,135,90,23:53:14 01-Sep-2024,NP,A,43.9550,-59.8074,43.9550,-59.8074,,,401677689,-137
260378,260378,UT,DS,3,0,0,133,90,00:22:32 02-Sep-2024,MC,A,43.9550,-59.8092,43.9550,-59.8092,6,,401677691,-127
260378,260378,UT,DS,1,0,1,,,02:02:06 02-Sep-2024,MC,B,43.9586,-59.8090,43.9586,-59.8090,8,,401677697,-132
260378,260378,UT,DS,1,0,0,,,14:17:57 02-Sep-2024,MC,B,43.9443,-59.8134,43.9443,-59.8134,,,401677700,-126
260378,260378,UT,DS,3,0,0,90,90,00:00:43 03-Sep-2024,MC,A,43.9551,-59.8086,43.9551,-59.8086,8,,401677709,-130
260378,260378,UT,DS,1,0,1,,,01:19:02 03-Sep-2024,NP,B,43.9558,-59.8092,43.9558,-59.8092,8,,401677710,-138
260378,260378,UT,DS,1,0,1,,,01:18:25 04-Sep-2024,MC,B,43.9544,-59.8080,43.9544,-59.8080,,,401677710,-132
260378,260378,UT,DS,1,0,0,,,02:01:26 04-Sep-2024,NN,B,43.9573,-59.8044,43.9573,-59.8044,8,,401677710,-135
260378,260378,UT,DS,2,0,0,88,88,00:56:04 05-Sep-2024,NP,B,43.9533,-59.7865,43.9533,-59.7865,,,401677713,-135
260378,260378,UT,DS,4,0,1,119,86,00:56:48 05-Sep-2024,MC,1,43.9575,-59.7952,43.9575,-59.7952,56,,401677707,-125
260378,260378,UT,DS,1,0,0,,,00:40:07 06-Sep-2024,MC,B,43.9573,-59.7949,43.9573,-59.7949,,,401677707,-127
260378,260378,UT,DS,3,0,0,91,90,00:46:09 06-Sep-2024,NP,A,43.9612,-59.7751,43.9612,-59.7751,6,,401677706,-133
260378,260378,UT,DS,3,0,1,133,90,00:19:11 07-Sep-2024,MC,A,43.9539,-59.8085,43.9539,-59.8085,,,401677710,-127
260378,260378,UT,DS,3,0,0,90,90,00:33:19 07-Sep-2024,NP,A,43.9539,-59.8096,43.9539,-59.8096,6,,401677711,-132
260378,260378,UT,DS,1,0,0,,,23:58:09 07-Sep-2024,MC,B,43.9734,-59.8120,43.9734,-59.8120,,,401677712,-133
260378,260378,UT,DS,2,0,1,93,93,00:21:20 08-Sep-2024,NP,B,43.9471,-59.8260,43.9471,-59.8260,6,,401677723,-140
260378,260378,UT,DS,1,0,1,,,00:05:41 09-Sep-2024,NP,B,43.9571,-59.8219,43.9571,-59.8219,,,401677723,-138
260378,260378,UT,DS,1,0,0,,,00:23:44 09-Sep-2024,MB,B,43.9560,-59.8134,43.9560,-59.8134,6,,401677724,-135
260378,260378,UT,DS,2,0,0,182,182,00:56:34 10-Sep-2024,MC,B,43.9533,-59.8040,43.9533,-59.8040,,,401677723,-129
260378,260378,UT,DS,1,0,0,,,11:25:20 10-Sep-2024,NK,B,43.9466,-59.8135,43.9466,-59.8135,8,,401677724,-135
260378,260378,UT,DS,2,0,0,90,90,00:32:35 11-Sep-2024,MC,B,43.9490,-59.8530,43.9490,-59.8530,,,401677715,-127
260378,260378,UT,DS,1,0,1,,,01:20:04 11-Sep-2024,NP,B,43.9537,-59.8229,43.9537,-59.8229,8,,401677709,-136
260378,260378,UT,DS,1,0,1,,,12:51:25 11-Sep-2024,MC,B,43.9241,-59.7157,43.9241,-59.7157,8,,401677720,-132
260378,260378,UT,DS,1,0,1,,,00:01:00 12-Sep-2024,NK,B,43.9445,-59.6230,43.9445,-59.6230,8,,401677725,-137
260378,260378,UT,DS,2,0,0,90,90,00:15:56 12-Sep-2024,MC,B,43.9775,-59.7093,43.9775,-59.7093,8,,401677728,-128
260378,260378,UT,DS,1,0,1,,,00:59:18 12-Sep-2024,MB,B,43.9672,-59.7484,43.9672,-59.7484,8,,401677715,-135
260378,260378,UT,DS,1,0,0,,,02:01:26 12-Sep-2024,NN,B,43.9610,-59.7652,43.9610,-59.7652,8,,401677710,-130
260378,260378,UT,DS,2,0,1,176,176,23:54:49 12-Sep-2024,MC,B,43.9409,-59.8150,43.9409,-59.8150,,,401677713,-129
260378,260378,UT,DS,5,0,2,90,90,00:55:31 13-Sep-2024,NP,3,43.9552,-59.8030,43.9552,-59.8030,58,,401677709,-132
260378,260378,UT,DS,4,0,0,121,90,00:42:51 14-Sep-2024,NP,1,43.9504,-59.8317,43.9504,-59.8317,50,,401677709,-130
260378,260378,UT,DS,4,0,0,120,89,00:32:21 15-Sep-2024,NP,3,43.9544,-59.8093,43.9544,-59.8093,50,,401677709,-131
260378,260378,UT,DS,3,0,1,88,87,00:54:07 15-Sep-2024,MC,A,43.9551,-59.8104,43.9551,-59.8104,6,,401677709,-124
260378,260378,UT,DS,1,0,0,,,12:51:13 15-Sep-2024,NP,B,43.9328,-59.7932,43.9328,-59.7932,8,,401677717,-136
260378,260378,UT,DS,2,0,0,87,87,23:58:26 15-Sep-2024,NK,B,43.9351,-59.8113,43.9351,-59.8113,8,,401677718,-135
260378,260378,UT,DS,5,0,0,90,89,00:18:31 16-Sep-2024,NP,3,43.9548,-59.8079,43.9548,-59.8079,66,,401677706,-131
260378,260378,UT,DS,3,0,1,134,90,00:33:32 16-Sep-2024,MC,A,43.9542,-59.8062,43.9542,-59.8062,6,,401677707,-122
260378,260378,UT,DS,1,0,0,,,12:07:54 16-Sep-2024,NK,B,43.9377,-59.8317,43.9377,-59.8317,8,,401677720,-137
260378,260378,UT,DS,5,0,0,89,88,00:09:33 17-Sep-2024,NP,3,43.9557,-59.8080,43.9557,-59.8080,50,,401677715,-132
260378,260378,UT,DS,5,0,0,90,90,00:09:32 17-Sep-2024,MC,3,43.9557,-59.8071,43.9557,-59.8071,50,,401677715,-125
260378,260378,UT,DS,1,0,0,,,00:56:05 17-Sep-2024,MB,B,43.9559,-59.8078,43.9559,-59.8078,8,,401677715,-132
260378,260378,UT,DS,1,0,0,,,00:59:09 17-Sep-2024,NN,B,43.9558,-59.8079,43.9558,-59.8079,6,,401677715,-137
260378,260378,UT,DS,1,0,0,,,02:44:07 17-Sep-2024,NN,B,43.9562,-59.8067,43.9562,-59.8067,8,,401677717,-135
260378,260378,UT,DS,3,0,0,91,91,23:51:36 17-Sep-2024,MC,A,43.9552,-59.7975,43.9552,-59.7975,,,401677716,-129
260378,260378,UT,DS,4,0,0,90,90,23:58:25 17-Sep-2024,NP,3,43.9547,-59.8067,43.9547,-59.8067,56,,401677714,-132
260378,260378,UT,DS,1,0,0,,,00:45:34 18-Sep-2024,NN,B,43.9551,-59.8064,43.9551,-59.8064,8,,401677715,-137
260378,260378,UT,DS,3,0,2,134,90,00:16:19 19-Sep-2024,MB,A,43.9558,-59.8083,43.9558,-59.8083,,,401677712,-134
260378,260378,UT,DS,1,0,0,,,23:57:27 19-Sep-2024,NK,B,43.9645,-59.7979,43.9645,-59.7979,,,401677713,-140
260378,260378,UT,DS,3,0,0,135,90,00:51:19 20-Sep-2024,MC,A,43.9540,-59.8114,43.9540,-59.8114,,,401677718,-124
260378,260378,UT,DS,1,0,0,,,02:00:53 20-Sep-2024,NN,B,43.9544,-59.8112,43.9544,-59.8112,8,,401677719,-129
260378,260378,UT,DS,1,0,0,,,12:07:43 20-Sep-2024,NK,B,43.9509,-59.8122,43.9509,-59.8122,8,,401677719,-129
260378,260378,UT,DS,5,0,1,90,90,00:29:27 21-Sep-2024,MC,3,43.9553,-59.8092,43.9553,-59.8092,50,,401677722,-122
260378,260378,UT,DS,2,0,1,184,184,00:58:42 21-Sep-2024,NP,B,43.9546,-59.8088,43.9546,-59.8088,6,,401677723,-132
260378,260378,UT,DS,5,0,0,88,86,00:08:26 22-Sep-2024,MC,3,43.9538,-59.8061,43.9538,-59.8061,60,,401677725,-126
260378,260378,UT,DS,4,0,0,91,90,00:44:55 22-Sep-2024,NP,2,43.9539,-59.8130,43.9539,-59.8130,58,,401677724,-130
260378,260378,UT,DS,1,0,1,,,00:52:32 22-Sep-2024,MB,B,43.9538,-59.8130,43.9538,-59.8130,6,,401677723,-133
260378,260378,UT,DS,1,0,1,,,02:43:34 22-Sep-2024,O3,B,43.9530,-59.8183,43.9530,-59.8183,8,,401677722,-138
260378,260378,UT,DS,3,0,0,134,90,00:33:43 23-Sep-2024,NP,A,43.9548,-59.8097,43.9548,-59.8097,,,401677725,-132
260378,260378,UT,DS,1,0,0,,,23:51:16 23-Sep-2024,NK,B,43.9524,-59.8098,43.9524,-59.8098,,,401677725,-133
260378,260378,UT,DS,5,0,1,91,90,00:22:02 24-Sep-2024,NP,3,43.9549,-59.8087,43.9549,-59.8087,58,,401677725,-130
260378,260378,UT,DS,1,0,0,,,01:04:45 24-Sep-2024,MC,B,43.9548,-59.7996,43.9548,-59.7996,8,,401677726,-126
260378,260378,UT,DS,5,0,1,89,87,00:09:58 25-Sep-2024,NP,3,43.9556,-59.8076,43.9556,-59.8076,60,,401677726,-132
260378,260378,UT,DS,4,0,0,91,90,00:43:44 25-Sep-2024,MC,3,43.9552,-59.8100,43.9552,-59.8100,58,,401677725,-124
260378,260378,UT,DS,2,0,0,90,90,01:01:03 25-Sep-2024,NN,B,43.9561,-59.8083,43.9561,-59.8083,6,,401677724,-135
260378,260378,UT,DS,1,0,1,,,02:43:46 25-Sep-2024,NN,B,43.9576,-59.8001,43.9576,-59.8001,8,,401677726,-135
260378,260378,UT,DS,1,0,0,,,23:58:46 25-Sep-2024,NP,B,43.9571,-59.8040,43.9571,-59.8040,,,401677726,-135
260378,260378,UT,DS,3,0,1,88,86,00:25:39 26-Sep-2024,MC,A,43.9563,-59.8053,43.9563,-59.8053,6,,401677727,-124
260378,260378,UT,DS,1,0,0,,,12:50:35 26-Sep-2024,NK,B,43.9424,-59.8190,43.9424,-59.8190,,,401677730,-130
260378,260378,UT,DS,2,0,0,91,91,00:06:10 27-Sep-2024,MC,B,43.9626,-59.7826,43.9626,-59.7826,8,,401677730,-127
260378,260378,UT,DS,1,0,1,,,00:54:15 27-Sep-2024,MB,B,43.9579,-59.7985,,,8,,401677725,-135
260378,260378,UT,DS,1,0,0,,,02:00:41 28-Sep-2024,NN,,,,,,,,401650000,-137
260378,260378,UT,DS,2,0,0,176,176,01:02:57 29-Sep-2024,NP,B,43.9607,-59.7883,43.9607,-59.7883,,,401677727,-135
260378,260378,UT,DS,2,0,0,93,93,01:03:43 29-Sep-2024,MC,B,43.9653,-59.7775,43.9653,-59.7775,,,401677724,-125
260378,260378,UT,DS,4,0,0,91,89,00:40:11 30-Sep-2024,MC,2,43.9548,-59.8116,43.9548,-59.8116,50,,401677729,-129
260378,260378,UT,DS,3,0,1,91,90,00:46:14 30-Sep-2024,NP,A,43.9542,-59.8121,43.9542,-59.8121,6,,401677729,-135
260378,260378,UT,DS,2,0,0,178,178,00:22:25 01-Oct-2024,MC,B,43.9459,-59.8154,43.9459,-59.8154,,,401677727,-130
260378,260378,UT,DS,1,0,0,,,00:37:16 01-Oct-2024,NP,B,43.9465,-59.8146,43.9465,-59.8146,6,,401677725,-135
260378,260378,UT,DS,1,0,0,,,14:16:07 01-Oct-2024,MC,B,43.9382,-59.8215,43.9382,-59.8215,,,401677727,-129
260378,260378,UT,DS,4,0,1,90,90,00:00:37 02-Oct-2024,MC,2,43.9584,-59.8131,43.9584,-59.8131,58,,401677721,-129
260378,260378,UT,DS,4,0,0,90,90,00:23:08 02-Oct-2024,NP,3,43.9546,-59.8091,43.9546,-59.8091,66,,401677724,-134
260378,260378,UT,DS,3,0,0,92,90,00:10:19 03-Oct-2024,NP,A,43.9552,-59.8078,43.9552,-59.8078,,,401677724,-133
260378,260378,UT,DS,1,0,0,,,00:58:33 03-Oct-2024,NN,B,43.9547,-59.8074,43.9547,-59.8074,8,,401677723,-137
260378,260378,UT,DS,1,0,0,,,02:43:30 03-Oct-2024,NN,B,43.9550,-59.8089,43.9550,-59.8089,8,,401677717,-137
260378,260378,UT,DS,1,0,0,,,00:02:47 04-Oct-2024,NP,B,43.9574,-59.8266,43.9574,-59.8266,,,401677721,-140
260378,260378,UT,DS,4,0,0,90,90,00:58:20 04-Oct-2024,MC,2,43.9577,-59.7960,43.9577,-59.7960,58,,401677723,-127
260378,260378,UT,DS,1,0,0,,,00:05:32 05-Oct-2024,NK,B,43.9696,-59.5706,43.9696,-59.5706,,,401677725,-137
260378,260378,UT,DS,4,0,0,90,90,00:39:18 05-Oct-2024,MC,3,43.9547,-59.8094,43.9547,-59.8094,50,,401677725,-126
260378,260378,UT,DS,1,0,1,,,02:43:06 05-Oct-2024,O3,B,43.9547,-59.7969,43.9547,-59.7969,8,,401677727,-138
260378,260378,UT,DS,4,0,1,119,87,00:17:43 06-Oct-2024,MC,3,43.9552,-59.8073,43.9552,-59.8073,50,,401677730,-126
260378,260378,UT,DS,1,0,1,,,02:00:22 06-Oct-2024,NN,B,43.9559,-59.8000,43.9559,-59.8000,8,,401677731,-137
260378,260378,UT,DS,1,0,0,,,13:33:12 06-Oct-2024,NP,B,43.9455,-59.8037,43.9455,-59.8037,8,,401677734,-132
260378,260378,UT,DS,3,0,0,136,91,23:56:31 06-Oct-2024,MC,A,43.9580,-59.8108,43.9580,-59.8108,8,,401677730,-129
260378,260378,UT,DS,4,0,1,90,90,00:59:54 07-Oct-2024,NP,3,43.9557,-59.8034,43.9557,-59.8034,58,,401677732,-133
260378,260378,UT,DS,1,0,1,,,01:17:02 08-Oct-2024,MC,,,,,,,,401650000,-131
260378,260378,UT,DS,1,0,1,,,13:32:53 08-Oct-2024,MC,,,,,,,,401650000,-133
260378,260378,UT,DS,2,0,0,178,178,00:37:06 09-Oct-2024,NP,B,43.9558,-59.8088,43.9558,-59.8088,,,401677732,-138
260378,260378,UT,DS,2,0,0,90,90,00:55:53 09-Oct-2024,MC,B,43.9812,-59.6549,43.9812,-59.6549,,,401677737,-129
260378,260378,UT,DS,2,0,0,87,87,00:35:30 10-Oct-2024,MC,,,,,,,,401650000,
260378,260378,UT,DS,1,0,0,,,00:13:03 11-Oct-2024,NP,,,,,,,,401650000,-140
260378,260378,UT,DS,2,0,0,90,90,00:52:35 14-Oct-2024,MC,B,43.9457,-59.8349,43.9457,-59.8349,,,401677733,-131
260378,260378,UT,DS,1,0,0,,,00:31:58 15-Oct-2024,MC,B,43.9813,-59.7756,43.9813,-59.7756,,,401677722,-132
260378,260378,UT,DS,1,0,0,,,01:02:00 15-Oct-2024,NP,B,43.9854,-59.7532,43.9854,-59.7532,8,,401677725,-136
260378,260378,UT,DS,2,0,0,93,93,00:49:21 19-Oct-2024,MC,B,43.9520,-59.8066,43.9520,-59.8066,,,401677729,-129
260378,260378,UT,DS,2,0,0,179,179,00:30:34 20-Oct-2024,MC,B,43.9633,-59.8195,43.9633,-59.8195,,,401677725,-133
260378,260378,UT,DS,1,0,0,,,12:05:54 21-Oct-2024,NK,,,,,,,,401650000,-137
260378,260378,UT,DS,1,0,1,,,01:59:19 22-Oct-2024,NN,,,,,,,,401650000,-137
260378,260378,UT,DS,1,0,0,,,00:48:24 24-Oct-2024,MC,,,,,,,,401650000,-132
260378,260378,UT,DS,3,0,0,91,90,00:52:54 24-Oct-2024,NP,A,43.9457,-59.8533,43.9457,-59.8533,,,401677732,-137
260378,260378,UT,DS,1,0,0,,,00:27:11 25-Oct-2024,MC,B,43.9461,-59.8538,43.9461,-59.8538,,,401677738,-131
260378,260378,UT,DS,1,0,0,,,00:39:12 25-Oct-2024,NP,B,43.9536,-59.8484,43.9536,-59.8484,6,,401677738,-137
260378,260378,UT,DS,1,0,0,,,01:02:48 28-Oct-2024,MC,,,,,,,,401650000,-133
260378,260378,UT,DS,1,0,1,,,01:15:55 30-Oct-2024,NP,,,,,,,,401650000,-140
260378,260378,UT,DS,1,0,0,,,00:50:48 01-Nov-2024,NP,,,,,,,,401650000,-138
260378,260378,UT,DS,1,0,0,,,00:38:44 02-Nov-2024,NP,,,,,,,,401650000,-137
260378,260378,UT,DS,1,0,0,,,00:26:30 03-Nov-2024,NP,,,,,,,,401650000,-138
260378,260378,UT,DS,1,0,0,,,00:38:40 03-Nov-2024,MC,,,,,,,,401650000,-132
260378,260378,UT,DS,1,0,1,,,14:14:37 04-Nov-2024,NP,,,,,,,,401650000,-138
260378,260378,UT,DS,1,0,0,,,14:14:37 04-Nov-2024,MC,,,,,,,,401650000,-132
260378,260378,UT,DS,1,0,1,,,00:32:26 13-Nov-2024,MC,,,,,,,,401650000,-135
260378,260378,UT,DS,1,0,1,,,00:49:55 17-Nov-2024,MC,,,,,,,,401650000,-134
260378,260378,UT,DS,2,0,0,90,90,00:54:03 25-Nov-2024,NP,,,,,,,,401650000,-136
260378,260378,UT,DS,2,0,0,90,90,00:41:52 26-Nov-2024,NP,,,,,,,,401650000,-138
260378,260378,UT,DS,1,0,0,,,01:01:16 26-Nov-2024,MC,,,,,,,,401650000,
260378,260378,UT,DS,3,0,2,91,90,00:30:18 27-Nov-2024,NP,A,43.9547,-59.8061,46.4726,-47.4052,,,401677733,-137
260378,260378,UT,DS,3,0,1,133,90,00:43:47 27-Nov-2024,MC,A,43.9554,-59.8070,43.9554,-59.8070,6,,401677732,-132
260378,260378,UT,DS,2,0,0,94,94,00:21:40 28-Nov-2024,MC,B,43.9545,-59.8054,43.9545,-59.8054,,,401677732,-132
260378,260378,UT,DS,3,0,0,91,90,01:00:43 01-Dec-2024,MC,A,43.9588,-59.7907,43.9588,-59.7907,,,401677726,-127
260378,260378,UT,DS,1,0,0,,,00:38:48 02-Dec-2024,MC,B,43.9530,-59.7887,43.9530,-59.7887,,,401677726,-130
260378,260378,UT,DS,2,0,0,90,90,00:18:32 03-Dec-2024,MC,B,43.9562,-59.8066,43.9562,-59.8066,,,401677726,-132
260378,260378,UT,DS,3,0,1,89,89,00:52:11 03-Dec-2024,NP,A,43.9550,-59.8092,43.9550,-59.8092,8,,401677727,-138
260378,260378,UT,DS,1,0,0,,,14:13:04 03-Dec-2024,MC,B,43.9645,-59.8165,43.9645,-59.8165,,,401677723,-131
260378,260378,UT,DS,1,0,1,,,23:58:08 03-Dec-2024,MC,B,43.9551,-59.8017,43.9551,-59.8017,8,,401677722,-134
260378,260378,UT,DS,2,0,1,90,90,00:43:51 04-Dec-2024,NP,B,43.9562,-59.8096,43.9562,-59.8096,8,,401677717,-137
260378,260378,UT,DS,1,0,0,,,11:20:53 04-Dec-2024,NK,B,43.9599,-59.8310,43.9599,-59.8310,8,,401677717,-132
260378,260378,UT,DS,2,0,1,88,88,00:28:49 05-Dec-2024,NP,B,43.9578,-59.8064,43.9578,-59.8064,,,401677721,-138
260378,260378,UT,DS,1,0,1,,,00:32:20 12-Dec-2024,MC,,,,,,,,401650000,-134
260378,260378,UT,DS,3,0,1,91,90,00:50:59 16-Dec-2024,MC,A,43.9546,-59.8090,43.9546,-59.8090,,,401677727,-130
260378,260378,UT,DS,1,0,1,,,00:09:45 18-Dec-2024,MC,,,,,,,,401650000,-134
260378,260378,UT,DS,2,0,0,91,91,00:31:18 21-Dec-2024,NP,B,43.9600,-59.8233,43.9600,-59.8233,,,401677726,-138
260378,260378,UT,DS,2,0,1,90,90,00:46:18 21-Dec-2024,MC,B,43.9592,-59.8162,43.9592,-59.8162,6,,401677729,-131
260378,260378,UT,DS,2,0,1,184,184,00:18:32 22-Dec-2024,NP,B,43.9707,-59.8213,43.9707,-59.8213,,,401677731,-140
260378,260378,UT,DS,2,0,2,180,180,00:24:30 22-Dec-2024,MC,B,43.9589,-59.8098,43.9589,-59.8098,6,,401677740,-132
260378,260378,UT,DS,2,0,0,90,90,00:43:10 26-Dec-2024,MC,B,43.9547,-59.8039,43.9547,-59.8039,,,401677739,-131
260378,260378,UT,DS,1,0,0,,,00:59:14 28-Jan-2025,MC,,,,,,,,401650000,-133
260378,260378,UT,DS,3,0,0,89,88,00:56:06 02-Feb-2025,MC,A,43.9629,-59.7617,43.9131,-60.0203,,,401650000,-131
260378,260378,UT,DS,1,0,1,,,01:55:06 02-Feb-2025,NN,B,43.9617,-59.7641,43.9617,-59.7641,8,,401677739,-137
260378,260378,UT,DS,3,0,1,90,90,00:35:43 03-Feb-2025,MC,A,43.9556,-59.8077,43.9556,-59.8077,,,401677740,-130
260378,260378,UT,DS,3,0,2,88,87,00:15:11 04-Feb-2025,MC,A,43.9547,-59.8069,,,,,401677741,-132
260378,260378,UT,DS,1,0,1,,,01:11:36 04-Feb-2025,NP,B,43.9547,-59.8069,43.9547,-59.8069,8,,401677741,-140
260378,260378,UT,DS,1,0,0,,,01:54:36 04-Feb-2025,MC,B,43.9547,-59.8073,43.9547,-59.8073,8,,401677741,-131
260378,260378,UT,DS,1,0,1,,,14:10:27 04-Feb-2025,MC,B,43.9561,-59.8069,43.9561,-59.8069,,,401677741,-130
260378,260378,UT,DS,1,0,1,,,23:55:40 04-Feb-2025,MC,B,43.9531,-59.8131,43.9531,-59.8131,8,,401677739,-136
260378,260378,UT,DS,2,0,0,90,90,00:57:53 05-Feb-2025,NP,B,43.9559,-59.8111,43.9559,-59.8111,8,,401677738,-138
260378,260378,UT,DS,2,0,0,90,90,00:44:28 06-Feb-2025,NP,B,43.9568,-59.8067,43.9568,-59.8067,,,401677738,-135
260378,260378,UT,DS,1,0,0,,,00:31:36 07-Feb-2025,NP,B,43.9556,-59.8062,43.9556,-59.8062,,,401677738,-138
260378,260378,UT,DS,3,0,1,134,88,00:51:12 07-Feb-2025,MC,A,43.9536,-59.8144,43.9536,-59.8144,6,,401677738,-132
260378,260378,UT,DS,4,0,1,89,88,00:20:20 08-Feb-2025,NP,3,43.9553,-59.8059,43.9553,-59.8059,60,,401677739,-136
260378,260378,UT,DS,4,0,0,88,87,00:32:17 08-Feb-2025,MC,3,43.9558,-59.8081,43.9558,-59.8081,66,,401677738,-127
260378,260378,UT,DS,2,0,0,90,90,00:12:00 09-Feb-2025,MC,B,43.9563,-59.8106,43.9563,-59.8106,,,401677738,-131
260378,260378,UT,DS,1,0,1,,,01:11:33 11-Feb-2025,MC,,,,,,,,401650000,-129
260378,260378,UT,DS,1,0,0,,,13:27:24 11-Feb-2025,MC,,,,,,,,401650000,-131
260378,260378,UT,DS,1,0,0,,,00:48:02 12-Feb-2025,MC,,,,,,,,401650000,-131
260378,260378,UT,DS,2,0,0,87,87,00:27:38 13-Feb-2025,MC,B,43.9582,-59.8025,43.9582,-59.8025,,,401677739,-129
260378,260378,UT,DS,3,0,0,89,89,00:57:00 13-Feb-2025,NP,A,43.9537,-59.8131,43.9537,-59.8131,6,,401677741,-137
260378,260378,UT,DS,2,0,1,87,87,00:45:40 14-Feb-2025,NP,B,43.9547,-59.8104,43.9547,-59.8104,,,401677740,-137
260378,260378,UT,DS,2,0,0,90,90,00:42:29 22-Feb-2025,MC,B,43.9585,-59.8103,43.9585,-59.8103,,,401677740,-130
260378,260378,UT,DS,1,0,1,,,00:22:10 23-Feb-2025,MC,B,43.9594,-59.8100,43.9594,-59.8100,,,401677740,-133
260378,260378,UT,DS,3,0,0,136,90,00:40:44 27-Feb-2025,MC,A,43.9529,-59.8094,43.9529,-59.8094,,,401677749,-129
260378,260378,UT,DS,1,0,1,,,01:11:07 28-Feb-2025,NP,,,,,,,,401650000,-139
260378,260378,UT,DS,2,0,0,90,90,01:11:35 07-Mar-2025,MC,B,43.9511,-59.8378,43.9511,-59.8378,,,401677750,-132
260378,260378,UT,DS,2,0,0,91,91,00:53:19 08-Mar-2025,MC,B,43.9436,-59.8166,43.9436,-59.8166,,,401677751,-133
260378,260378,UT,DS,1,0,1,,,00:44:02 10-Mar-2025,NP,,,,,,,,401650000,-140
260378,260378,UT,DS,1,0,0,,,00:48:36 13-Mar-2025,MC,,,,,,,,401650000,-133
260378,260378,UT,DS,1,0,0,,,00:29:03 14-Mar-2025,MC,,,,,,,,401650000,-135
260378,260378,UT,DS,1,0,1,,,01:10:29 16-Mar-2025,NP,,,,,,,,401650000,-139
260378,260378,UT,DS,1,0,0,,,00:57:30 17-Mar-2025,NP,,,,,,,,401650000,-140
260378,260378,UT,DS,1,0,0,,,00:45:18 18-Mar-2025,NP,,,,,,,,401650000,-138
260378,260378,UT,DS,2,0,0,86,86,00:46:00 18-Mar-2025,MC,B,43.9588,-59.8349,43.9588,-59.8349,,,401677750,-131
260378,260378,UT,DS,1,0,0,,,02:36:17 18-Mar-2025,NN,B,43.9589,-59.8342,43.9589,-59.8342,8,,401677751,-135
260378,260378,UT,DS,1,0,0,,,00:31:40 19-Mar-2025,NP,B,43.9601,-59.8352,43.9601,-59.8352,,,401677751,-140
260378,260378,UT,DS,1,0,0,,,00:41:55 23-Mar-2025,MC,,,,,,,,401650000,-129
260378,260378,UT,DS,2,0,0,90,90,00:23:13 24-Mar-2025,MC,B,43.9593,-59.7825,43.9593,-59.7825,,,401677747,-132
260378,260378,UT,DS,1,0,0,,,00:55:24 25-Mar-2025,NP,,,,,,,,401650000,-136
260378,260378,UT,DS,1,0,0,,,00:43:28 26-Mar-2025,NP,,,,,,,,401650000,-138
260378,260378,UT,DS,1,0,0,,,00:33:05 27-Mar-2025,NP,,,,,,,,401650000,-140
260378,260378,UT,DS,3,0,0,89,89,00:39:47 28-Mar-2025,MC,A,43.9554,-59.8035,43.9554,-59.8035,,,401677741,-131
260378,260378,UT,DS,1,0,0,,,00:19:33 29-Mar-2025,MC,B,43.9619,-59.8112,43.9619,-59.8112,,,401677742,-131
260378,260378,UT,DS,1,0,1,,,23:56:48 29-Mar-2025,MC,B,43.9520,-59.8118,43.9520,-59.8118,,,401677741,-132
260378,260378,UT,DS,1,0,0,,,00:55:21 01-Apr-2025,MC,,,,,,,,401650000,-129
260378,260378,UT,DS,1,0,1,,,01:09:54 01-Apr-2025,NP,,,,,,,,401650000,-137
260378,260378,UT,DS,1,0,0,,,00:37:15 02-Apr-2025,MC,,,,,,,,401650000,-132
260378,260378,UT,DS,3,0,0,88,87,00:55:18 02-Apr-2025,NP,A,43.9564,-59.8041,43.9564,-59.8041,,,401650000,-140
260378,260378,UT,DS,1,0,1,,,14:08:25 03-Apr-2025,MC,,,,,,,,401650000,-133
260378,260378,UT,DS,1,0,0,,,00:52:15 06-Apr-2025,MC,,,,,,,,401650000,-129
260378,260378,UT,DS,1,0,0,,,01:52:43 06-Apr-2025,NN,,,,,,,,401650000,-137
260378,260378,UT,DS,2,0,0,176,176,00:32:23 07-Apr-2025,MC,B,43.9588,-59.8162,43.9588,-59.8162,,,401677748,-132
260378,260378,UT,DS,2,0,2,89,89,01:10:04 09-Apr-2025,NP,B,43.9505,-59.8295,43.9505,-59.8295,,,401677739,-137
260378,260378,UT,DS,1,0,0,,,01:09:23 10-Apr-2025,MC,B,43.9538,-59.8302,43.9538,-59.8302,,,401677739,-129
260378,260378,UT,DS,1,0,1,,,13:25:13 10-Apr-2025,MC,B,43.9505,-59.8371,43.9505,-59.8371,,,401677740,-130
260378,260378,UT,DS,1,0,0,,,00:42:50 11-Apr-2025,NP,B,43.9548,-59.8469,43.9548,-59.8469,8,,401677741,-137
260378,260378,UT,DS,2,0,0,90,90,00:49:39 11-Apr-2025,MC,B,43.9530,-59.8418,43.9530,-59.8418,6,,401677743,-129
260378,260378,UT,DS,2,0,0,93,93,00:27:50 12-Apr-2025,MC,B,43.9603,-59.7952,43.9603,-59.7952,,,401677751,-131
260378,260378,UT,DS,1,0,0,,,00:32:17 12-Apr-2025,NP,B,43.9585,-59.7993,43.9585,-59.7993,6,,401677754,-140
260378,260378,UT,DS,2,0,0,89,89,00:07:18 13-Apr-2025,MC,B,43.9554,-59.8091,43.9554,-59.8091,,,401677753,-132
260378,260378,UT,DS,2,0,1,181,181,00:18:39 13-Apr-2025,NP,B,43.9592,-59.8085,43.9592,-59.8085,6,,401677750,-138
260378,260378,UT,DS,1,0,0,,,01:52:09 14-Apr-2025,NN,,,,,,,,401650000,-135
260378,260378,UT,DS,1,0,1,,,14:08:00 14-Apr-2025,NP,,,,,,,,401650000,-140
260378,260378,UT,DS,2,0,0,90,90,00:46:28 16-Apr-2025,MC,B,43.9518,-59.8372,43.9518,-59.8372,,,401677752,-127
260378,260378,UT,DS,1,0,0,,,00:24:36 17-Apr-2025,MC,B,43.9482,-59.8386,43.9482,-59.8386,,,401677752,-130
260378,260378,UT,DS,2,0,1,178,178,00:30:40 20-Apr-2025,NP,B,43.9558,-59.8066,43.9558,-59.8066,,,401677752,-135
260378,260378,UT,DS,1,0,1,,,00:16:54 21-Apr-2025,NP,B,43.9541,-59.8059,43.9541,-59.8059,,,401677752,-140
260378,260378,UT,DS,3,0,0,134,90,00:39:28 21-Apr-2025,MC,A,43.9551,-59.8092,43.9551,-59.8092,6,,401677749,-130
260378,260378,UT,DS,3,0,1,88,87,00:21:40 22-Apr-2025,MC,A,43.9527,-59.8077,43.9527,-59.8077,,,401677748,-130
260378,260378,UT,DS,2,0,0,87,87,00:39:52 26-Apr-2025,MC,B,43.9475,-59.8354,43.9475,-59.8354,,,401677750,-131
260378,260378,UT,DS,2,0,0,94,94,00:54:54 26-Apr-2025,NP,B,43.9523,-59.8108,43.9523,-59.8108,6,,401677753,-135
260378,260378,UT,DS,2,0,1,180,180,00:19:19 27-Apr-2025,MC,B,43.9498,-59.8055,43.9498,-59.8055,,,401677753,-131
260378,260378,UT,DS,3,0,1,135,90,00:42:28 27-Apr-2025,NP,A,43.9550,-59.8033,43.9550,-59.8033,6,,401677749,-135
260378,260378,UT,DS,1,0,0,,,23:57:02 27-Apr-2025,MC,B,43.9551,-59.8034,43.9551,-59.8034,,,401677749,-134
260378,260378,UT,DS,1,0,0,,,00:31:27 28-Apr-2025,NP,B,43.9555,-59.8016,43.9555,-59.8016,8,,401677749,-138
260378,260378,UT,DS,1,0,1,,,11:15:06 29-Apr-2025,NK,,,,,,,,401650000,-137
260378,260378,UT,DS,1,0,0,,,00:53:57 30-Apr-2025,MC,,,,,,,,401650000,-131
260378,260378,UT,DS,1,0,1,,,14:07:08 30-Apr-2025,NP,,,,,,,,401650000,-138
260378,260378,UT,DS,3,0,0,136,89,00:34:17 01-May-2025,MC,A,43.9546,-59.8053,43.9546,-59.8053,,,401677746,-131
260378,260378,UT,DS,1,0,0,,,23:53:40 02-May-2025,MC,,,,,,,,401650000,-133
260378,260378,UT,DS,2,0,0,90,90,00:54:20 04-May-2025,NP,B,43.9605,-59.8071,43.9605,-59.8071,,,401677746,-133
260378,260378,UT,DS,1,0,0,,,23:44:34 04-May-2025,NK,B,43.9711,-59.7977,43.9711,-59.7977,,,401677747,-137
260378,260378,UT,DS,3,0,1,91,90,00:41:36 05-May-2025,NP,A,43.9573,-59.8070,43.9573,-59.8070,8,,401677753,-137
260378,260378,UT,DS,2,0,0,180,180,00:52:08 05-May-2025,MC,B,43.9548,-59.8069,43.9548,-59.8069,6,,401677752,-129
260378,260378,UT,DS,1,0,0,,,11:58:00 05-May-2025,NK,B,43.9507,-59.8107,43.9507,-59.8107,8,,401677748,-137
260378,260378,UT,DS,2,0,0,181,181,00:29:40 06-May-2025,NP,B,43.9535,-59.8024,43.9535,-59.8024,,,401677750,-137
260378,260378,UT,DS,3,0,0,88,87,00:31:54 06-May-2025,MC,A,43.9560,-59.8074,43.9560,-59.8074,,,401677748,-129
260378,260378,UT,DS,3,0,0,88,86,00:11:15 07-May-2025,MC,A,43.9551,-59.8059,43.9551,-59.8059,,,401677750,-132
260378,260378,UT,DS,1,0,0,,,00:15:47 07-May-2025,NP,B,43.9549,-59.8061,43.9549,-59.8061,6,,401677749,-138
260378,260378,UT,DS,1,0,0,,,14:06:39 07-May-2025,MC,B,43.9470,-59.8092,43.9470,-59.8092,,,401677750,-129
260378,260378,UT,DS,1,0,0,,,23:50:27 07-May-2025,MC,B,43.9542,-59.8181,43.9542,-59.8181,8,,401677753,-134
260378,260378,UT,DS,2,0,1,88,88,01:08:45 09-May-2025,MC,B,43.9560,-59.8132,43.9560,-59.8132,,,401677745,-129
260378,260378,UT,DS,1,0,1,,,13:23:52 09-May-2025,MC,B,43.9505,-59.8127,43.9505,-59.8127,,,401677746,-134
260378,260378,UT,DS,4,0,1,90,90,00:49:44 10-May-2025,MC,3,43.9557,-59.8079,43.9557,-59.8079,58,,401677749,-127
260378,260378,UT,DS,1,0,0,,,00:29:10 11-May-2025,MC,B,43.9484,-59.8151,43.9484,-59.8151,,,401677749,-132
260378,260378,UT,DS,1,0,0,,,00:08:18 12-May-2025,MC,B,43.9530,-59.8123,43.9530,-59.8123,,,401677749,-134
260378,260378,UT,DS,2,0,1,90,90,00:54:08 12-May-2025,NP,B,43.9544,-59.8070,43.9544,-59.8070,8,,401677747,-136
260378,260378,UT,DS,1,0,1,,,23:47:09 12-May-2025,MC,B,43.9818,-59.7216,43.9818,-59.7216,,,401677746,-134
260378,260378,UT,DS,1,0,0,,,01:07:21 14-May-2025,MC,,,,,,,,401650000,-129
260378,260378,UT,DS,1,0,0,,,13:23:12 14-May-2025,MC,,,,,,,,401650000,-133
260378,260378,UT,DS,3,0,0,90,90,00:46:17 15-May-2025,MC,A,43.9551,-59.8125,43.9551,-59.8125,,,401677745,-129
260378,260378,UT,DS,2,0,1,90,90,00:24:38 16-May-2025,MC,B,43.9774,-59.7667,43.9774,-59.7667,,,401677745,-127
260378,260378,UT,DS,2,0,0,89,89,00:04:09 17-May-2025,MC,B,43.9586,-59.8070,43.9586,-59.8070,,,401677749,-131
260378,260378,UT,DS,1,0,0,,,01:07:16 19-May-2025,NP,,,,,,,,401650000,-137
260378,260378,UT,DS,1,0,0,,,00:40:41 20-May-2025,MC,,,,,,,,401650000,-131
260378,260378,UT,DS,2,0,0,86,86,00:53:16 20-May-2025,NP,B,43.9582,-59.8057,43.9582,-59.8057,,,401677752,-134
260378,260378,UT,DS,3,0,2,134,91,00:22:08 21-May-2025,MC,A,43.9554,-59.8075,43.9554,-59.8075,,,401677732,-131
260378,260378,UT,DS,2,0,0,90,90,00:39:51 21-May-2025,NP,B,43.9551,-59.8067,43.9551,-59.8067,6,,401677732,-135
260378,260378,UT,DS,1,0,0,,,00:01:54 22-May-2025,MC,B,43.9737,-59.8257,,,,,401677735,-132
260378,260378,UT,DS,3,0,0,88,87,00:27:30 22-May-2025,NP,A,43.9550,-59.8075,43.9550,-59.8075,6,,401677749,-138
260378,260378,UT,DS,1,0,1,,,11:14:21 22-May-2025,NK,B,43.9664,-59.7962,43.9664,-59.7962,8,,401677745,-137
260378,260378,UT,DS,1,0,0,,,01:50:06 23-May-2025,NN,B,43.9622,-59.7858,43.9622,-59.7858,,,401677742,-135
260378,260378,UT,DS,2,0,1,90,90,00:38:17 25-May-2025,MC,B,43.9678,-59.7895,43.9678,-59.7895,,,401677743,-126
260378,260378,UT,DS,1,0,0,,,23:58:29 26-May-2025,MC,,,,,,,,401650000,-133
260378,260378,UT,DS,2,0,0,90,90,00:51:31 28-May-2025,NP,B,43.9759,-59.7607,43.9759,-59.7607,,,401677741,-138
260378,260378,UT,DS,1,0,1,,,11:56:34 28-May-2025,NK,B,43.9537,-59.7980,43.9537,-59.7980,8,,401677751,-137
260378,260378,UT,DS,1,0,0,,,00:42:06 29-May-2025,NP,B,43.9493,-59.8038,43.9493,-59.8038,,,401677751,-138
260378,260378,UT,DS,2,0,0,90,90,00:25:56 30-May-2025,NP,B,43.9548,-59.8060,43.9548,-59.8060,,,401677751,-136
260378,260378,UT,DS,3,0,0,89,88,00:37:12 30-May-2025,MC,A,43.9566,-59.8053,43.9566,-59.8053,6,,401677749,-129
260378,260378,UT,DS,1,0,1,,,01:49:58 31-May-2025,NN,,,,,,,,401650000,-137
260378,260378,UT,DS,2,0,0,92,92,00:51:14 03-Jun-2025,MC,B,43.9440,-59.8639,43.9440,-59.8639,,,401677747,-129
260378,260378,UT,DS,3,0,1,92,90,00:33:08 04-Jun-2025,MC,A,43.9550,-59.8066,43.9550,-59.8066,,,401677748,-131
260378,260378,UT,DS,1,0,1,,,01:06:29 04-Jun-2025,NP,B,43.9549,-59.8065,43.9549,-59.8065,8,,401677746,-140
260378,260378,UT,DS,2,0,1,91,91,00:12:09 05-Jun-2025,MC,B,43.9478,-59.7979,43.9478,-59.7979,,,401677746,-130
260378,260378,UT,DS,2,0,1,90,90,00:52:42 05-Jun-2025,NP,B,43.9550,-59.8088,43.9550,-59.8088,8,,401677738,-136
260378,260378,UT,DS,1,0,1,,,14:05:19 05-Jun-2025,MC,B,43.9608,-59.8853,43.9608,-59.8853,,,401677750,-131
260378,260378,UT,DS,1,0,0,,,00:38:16 06-Jun-2025,NP,B,43.9438,-59.8500,43.9438,-59.8500,8,,401677746,-137
260378,260378,UT,DS,1,0,0,,,00:26:21 07-Jun-2025,NP,B,43.9330,-59.8580,43.9330,-59.8580,,,401677743,-139
260378,260378,UT,DS,3,0,1,89,89,00:49:36 08-Jun-2025,MC,A,43.9539,-59.8110,43.9539,-59.8110,,,401677743,-130
260378,260378,UT,DS,1,0,0,,,00:29:32 09-Jun-2025,MC,B,43.9464,-59.8318,43.9464,-59.8318,,,401677740,-129
260378,260378,UT,DS,1,0,1,,,14:04:55 10-Jun-2025,MC,,,,,,,,401650000,-129
260378,260378,UT,DS,1,0,0,,,13:21:54 12-Jun-2025,MC,,,,,,,,401650000,-131
260378,260378,UT,DS,1,0,0,,,00:45:50 13-Jun-2025,MC,,,,,,,,401650000,-128
260378,260378,UT,DS,2,0,0,90,90,00:51:06 13-Jun-2025,NP,B,43.9553,-59.8067,43.9553,-59.8067,,,401677742,-135
260378,260378,UT,DS,1,0,0,,,00:24:28 14-Jun-2025,MC,B,43.9524,-59.8066,43.9524,-59.8066,,,401677740,-132
260378,260378,UT,DS,2,0,0,180,180,00:38:01 14-Jun-2025,NP,B,43.9523,-59.8085,43.9523,-59.8085,6,,401677740,-137
260378,260378,UT,DS,1,0,0,,,11:12:48 14-Jun-2025,NK,B,43.9583,-59.8161,43.9583,-59.8161,8,,401677738,-137
260378,260378,UT,DS,1,0,0,,,00:03:30 15-Jun-2025,MC,B,43.9577,-59.8118,43.9577,-59.8118,,,401677739,-131
260378,260378,UT,DS,1,0,0,,,23:45:19 15-Jun-2025,NK,B,43.9391,-59.8128,43.9391,-59.8128,,,401677736,-137
260378,260378,UT,DS,1,0,0,,,01:05:34 17-Jun-2025,MC,,,,,,,,401650000,-130
260378,260378,UT,DS,4,0,0,89,87,00:42:45 18-Jun-2025,MC,3,43.9547,-59.8082,43.9547,-59.8082,50,,401677728,-128
260378,260378,UT,DS,1,0,0,,,00:19:53 19-Jun-2025,MC,B,43.9694,-59.8060,43.9694,-59.8060,,,401677730,-130
260378,260378,UT,DS,1,0,1,,,00:03:03 20-Jun-2025,MC,B,43.9731,-59.8149,43.9731,-59.8149,,,401677730,-134
260378,260378,UT,DS,1,0,0,,,00:37:37 23-Jun-2025,MC,,,,,,,,401650000,-131
260378,260378,UT,DS,2,0,0,183,183,00:17:50 24-Jun-2025,MC,B,43.9635,-59.8033,43.9635,-59.8033,,,401677732,-131
260378,260378,UT,DS,1,0,0,,,23:58:25 24-Jun-2025,MC,B,43.9594,-59.7984,43.9594,-59.7984,,,401677730,-133
260378,260378,UT,DS,3,0,1,135,89,00:36:42 28-Jun-2025,MC,A,43.9542,-59.8092,43.9542,-59.8092,,,401677722,-127
260378,260378,UT,DS,1,0,1,,,01:05:09 28-Jun-2025,NP,B,43.9543,-59.8093,43.9543,-59.8093,6,,401677723,-140
260378,260378,UT,DS,4,0,1,90,89,00:15:32 29-Jun-2025,MC,3,43.9546,-59.8074,43.9546,-59.8074,60,,401677735,-128
260378,260378,UT,DS,3,0,0,136,90,00:50:16 29-Jun-2025,NP,A,43.9549,-59.8080,43.9549,-59.8080,8,,401677734,-135
260378,260378,UT,DS,2,0,0,179,179,23:53:34 29-Jun-2025,MC,B,43.9603,-59.8152,43.9603,-59.8152,,,401677734,-131
260378,260378,UT,DS,1,0,1,,,00:41:43 30-Jun-2025,MB,B,43.9591,-59.8137,43.9591,-59.8137,8,,401677733,-132
260378,260378,UT,DS,3,0,0,91,90,00:33:08 03-Jul-2025,MC,A,43.9558,-59.8058,43.9558,-59.8058,,,401677733,-130
260378,260378,UT,DS,2,0,1,90,90,00:12:06 04-Jul-2025,MC,B,43.9567,-59.8168,43.9567,-59.8168,,,401677734,-133
260378,260378,UT,DS,1,0,0,,,00:18:50 06-Jul-2025,MB,,,,,,,,401650000,
260378,260378,UT,DS,3,0,0,135,93,00:48:46 07-Jul-2025,MC,A,43.9546,-59.8087,43.9546,-59.8087,,,401677735,-128
260378,260378,UT,DS,3,0,0,91,90,00:29:34 08-Jul-2025,MC,A,43.9545,-59.8065,43.9545,-59.8065,,,401677734,-127
260378,260378,UT,DS,1,0,0,,,00:37:54 08-Jul-2025,NP,B,43.9545,-59.8065,43.9545,-59.8065,6,,401677735,-140
260378,260378,UT,DS,2,0,0,90,90,00:08:16 09-Jul-2025,MC,B,43.9574,-59.8135,43.9574,-59.8135,,,401677735,-132
260378,260378,UT,DS,1,0,1,,,01:47:49 09-Jul-2025,MC,B,43.9583,-59.8131,43.9583,-59.8131,8,,401677737,-131
260378,260378,UT,DS,1,0,0,,,14:03:39 09-Jul-2025,MC,B,43.9477,-59.8148,43.9477,-59.8148,,,401677740,-126
260378,260378,UT,DS,4,0,4,120,60,17:30:15 10-Jul-2025,O3,,,,,,,,401650000,
260378,260378,UT,DS,6,0,6,60,60,19:38:44 10-Jul-2025,CS,3,43.9341,-60.0239,43.9341,-60.0239,60,,401677675,-122
260378,260378,UT,DS,1,0,1,,,01:06:00 11-Jul-2025,MC,B,43.9445,-60.0409,43.9445,-60.0409,8,,401677678,-129
260378,260378,UT,DS,2,0,1,179,179,00:46:44 12-Jul-2025,MC,B,43.9533,-60.1175,43.9533,-60.1175,,,401677687,-133
260378,260378,UT,DS,1,0,0,,,00:03:04 14-Jul-2025,MC,,,,,,,,401650000,-135
260378,260378,UT,DS,2,0,0,182,182,00:34:37 16-Jul-2025,NP,B,43.9680,-59.8002,43.9680,-59.8002,,,401677703,-136
260378,260378,UT,DS,1,0,1,,,01:04:06 16-Jul-2025,MC,B,43.9643,-59.8027,43.9643,-59.8027,6,,401677704,-128
260378,260378,UT,DS,1,0,0,,,13:19:56 16-Jul-2025,MC,B,43.9433,-59.8304,43.9433,-59.8304,,,401677717,-127
260378,260378,UT,DS,5,1,5,,,18:54:01 16-Jul-2025,CS,0,43.9499,-59.8759,43.9499,-59.8759,48,,401677675,-128
260378,260378,UT,DS,8,1,8,,,20:24:18 16-Jul-2025,CS,1,43.9231,-59.9166,43.9231,-59.9166,58,,401677657,-135
260378,260378,UT,DS,6,0,6,82,55,20:38:10 16-Jul-2025,SR,1,43.9426,-59.8311,43.9426,-59.8311,46,,401677672,-130
260378,260378,UT,DS,1,0,1,,,22:08:13 16-Jul-2025,CS,B,43.9399,-59.8502,43.9399,-59.8502,8,,401677671,-126
260378,260378,UT,DS,7,0,7,122,45,22:21:11 16-Jul-2025,SR,1,43.9474,-59.7947,43.9474,-59.7947,56,,401677674,-120
260378,260378,UT,DS,1,0,1,,,22:43:11 16-Jul-2025,NP,B,43.9477,-59.7960,43.9477,-59.7960,6,,401677675,-136
260378,260378,UT,DS,4,0,4,115,45,22:59:37 16-Jul-2025,MC,0,43.9719,-59.8009,43.9719,-59.8009,56,,401677670,-123
260378,260378,UT,DS,5,0,5,151,50,23:47:23 16-Jul-2025,MB,2,43.9449,-59.8056,43.9449,-59.8056,57,,401677677,-126
260378,260378,UT,DS,5,0,5,103,45,23:59:20 16-Jul-2025,SR,1,43.9529,-59.8005,43.9529,-59.8005,46,,401677680,-128
260378,260378,UT,DS,6,0,5,96,45,00:21:42 17-Jul-2025,NP,0,44.0006,-59.8189,44.0006,-59.8189,46,,401677660,-122
260378,260378,UT,DS,6,0,3,108,23,00:36:30 17-Jul-2025,MC,0,43.9035,-60.0035,43.9035,-60.0035,46,,401677696,-114
260378,260378,UT,DS,2,0,2,45,45,01:50:34 17-Jul-2025,O3,B,43.9476,-59.8673,43.9476,-59.8673,8,,401677666,-128
260378,260378,UT,DS,1,0,1,,,01:57:59 17-Jul-2025,NP,B,43.9464,-59.8657,43.9464,-59.8657,6,,401677676,-132
260378,260378,UT,DS,5,0,5,136,44,02:18:43 17-Jul-2025,MC,1,43.9393,-59.8133,43.9393,-59.8133,56,,401677684,-123
260378,260378,UT,DS,2,0,2,408,408,03:23:57 17-Jul-2025,O3,B,43.9433,-59.8168,43.9433,-59.8168,8,,401677685,-117
260378,260378,UT,DS,4,0,4,49,48,05:04:07 17-Jul-2025,O3,0,43.9330,-59.8171,43.9330,-59.8171,58,,401677686,-126
260378,260378,UT,DS,3,0,3,285,45,07:57:36 17-Jul-2025,SR,A,43.9137,-59.8183,43.9137,-59.8183,8,,401677690,-129
260378,260378,UT,DS,3,0,3,231,45,08:40:35 17-Jul-2025,CS,A,43.9332,-59.8415,43.9332,-59.8415,8,,401677684,-126
260378,260378,UT,DS,5,0,5,135,44,09:34:47 17-Jul-2025,SR,0,43.9532,-59.8259,43.9532,-59.8259,48,,401677685,-122
260378,260378,UT,DS,3,0,3,167,45,10:14:32 17-Jul-2025,CS,A,43.9352,-59.8461,43.9352,-59.8461,8,,401677689,-124
260378,260378,UT,DS,1,0,1,,,11:20:46 17-Jul-2025,SR,B,43.9327,-59.8588,43.9327,-59.8588,8,,401677683,-137
260378,260378,UT,DS,5,0,5,114,45,12:38:49 17-Jul-2025,NP,1,43.9235,-59.9868,43.9235,-59.9868,58,,401677689,-133
260378,260378,UT,DS,7,0,7,84,63,12:54:35 17-Jul-2025,MC,3,43.9281,-60.0012,43.9281,-60.0012,56,,401677692,-126
260378,260378,UT,DS,6,0,6,115,45,13:42:08 17-Jul-2025,MB,1,43.9329,-60.0421,43.9329,-60.0421,58,,401677695,-126
260378,260378,UT,DS,3,0,3,77,49,14:25:40 17-Jul-2025,NP,A,43.9367,-60.0736,43.9367,-60.0736,8,,401677692,-129
260378,260378,UT,DS,1,0,1,,,00:06:03 18-Jul-2025,NP,B,43.9406,-60.4772,43.9406,-60.4772,8,,401677687,-137
260378,260378,UT,DS,8,0,5,64,6,00:21:51 18-Jul-2025,MC,0,43.9576,-59.9685,47.1734,-43.5857,40,,401677679,-125
260378,260378,UT,DS,2,0,2,145,145,07:26:57 18-Jul-2025,SR,B,43.9581,-59.9989,43.9581,-59.9989,8,,401677679,-130
260378,260378,UT,DS,3,0,3,109,105,07:50:57 18-Jul-2025,CS,A,43.9409,-59.9859,43.9409,-59.9859,6,,401677694,-128
260378,260378,UT,DS,4,0,4,140,45,09:01:18 18-Jul-2025,SR,2,43.9362,-59.9098,43.9362,-59.9098,58,,401677694,-136
260378,260378,UT,DS,4,0,4,165,47,09:33:48 18-Jul-2025,CS,0,43.9404,-59.9025,43.9404,-59.9025,48,,401677693,-123
260378,260378,UT,DS,3,0,3,52,46,10:44:41 18-Jul-2025,SR,A,43.9534,-59.8733,43.9534,-59.8733,8,,401677690,-124
260378,260378,UT,DS,3,0,3,46,46,11:13:26 18-Jul-2025,CS,A,43.9496,-59.8674,43.9496,-59.8674,6,,401677702,-128
260378,260378,UT,DS,2,0,2,213,213,12:25:49 18-Jul-2025,NP,B,43.9517,-59.8378,43.9517,-59.8378,8,,401677697,-129
260378,260378,UT,DS,2,0,2,45,45,12:34:04 18-Jul-2025,MC,B,43.9392,-59.8220,43.9392,-59.8220,6,,401677693,-121
260378,260378,UT,DS,5,0,5,189,46,13:20:03 18-Jul-2025,MB,0,43.9453,-59.8354,43.9453,-59.8354,48,,401677695,-128
260378,260378,UT,DS,6,0,6,139,58,14:11:54 18-Jul-2025,MC,2,43.9641,-59.8098,43.9641,-59.8098,58,,401677696,-124
260378,260378,UT,DS,2,0,2,219,219,14:14:26 18-Jul-2025,NP,B,43.9604,-59.8129,43.9604,-59.8129,6,,401677694,-134
260378,260378,UT,DS,2,0,2,65,65,14:41:46 18-Jul-2025,O3,B,43.9678,-59.7982,43.9678,-59.7982,6,,401677699,-130
260378,260378,UT,DS,1,0,1,,,15:53:57 18-Jul-2025,NP,B,43.9792,-59.7815,43.9792,-59.7815,8,,401677694,-134
260378,260378,UT,DS,2,0,2,189,189,15:56:23 18-Jul-2025,MC,B,43.9762,-59.7437,43.9762,-59.7437,6,,401677692,-132
260378,260378,UT,DS,8,0,8,79,44,16:23:39 18-Jul-2025,O3,3,43.9712,-59.7763,43.9712,-59.7763,56,,401677691,-122
260378,260378,UT,DS,6,0,4,73,5,00:00:00 19-Jul-2025,MC,0,43.9965,-59.8337,43.9965,-59.8337,48,,401677778,-123
260378,260378,UT,DS,3,0,3,225,180,00:46:33 19-Jul-2025,MB,A,43.9519,-59.7903,43.9519,-59.7903,7,,401677681,-128
260378,260378,UT,DS,4,0,3,151,44,01:39:34 19-Jul-2025,MC,1,43.9522,-59.7831,43.9522,-59.7831,58,,401677680,-114
260378,260378,UT,DS,1,0,1,,,01:53:11 19-Jul-2025,O3,B,43.9523,-59.7831,43.9523,-59.7831,6,,401677681,-128
260378,260378,UT,DS,1,0,1,,,05:15:54 19-Jul-2025,O3,B,43.9286,-59.7157,43.9286,-59.7157,8,,401677687,-129
260378,260378,UT,DS,2,0,2,45,45,08:33:06 19-Jul-2025,SR,B,43.9541,-59.7668,,,8,,401677683,-123
260378,260378,UT,DS,3,0,3,232,45,08:52:52 19-Jul-2025,CS,A,43.9362,-59.8177,,,6,,401677690,-125
260378,260378,UT,DS,1,0,1,,,10:16:08 19-Jul-2025,SR,B,43.9356,-59.7995,,,8,,401677698,-125
260378,260378,UT,DS,2,0,2,90,90,10:28:49 19-Jul-2025,CS,B,43.9311,-59.8044,43.9311,-59.8044,6,,401677698,-126
260378,260378,UT,DS,5,0,5,93,55,12:11:19 19-Jul-2025,MC,1,43.9249,-59.8422,43.9249,-59.8422,58,,401677697,-128
260378,260378,UT,DS,1,0,1,,,12:14:13 19-Jul-2025,NP,B,43.9228,-59.7916,43.9228,-59.7916,6,,401677692,-137
260378,260378,UT,DS,2,0,2,45,45,13:11:27 19-Jul-2025,MB,B,43.9216,-59.7785,43.9216,-59.7785,8,,401677702,-129
260378,260378,UT,DS,6,0,6,129,56,13:51:34 19-Jul-2025,MC,1,43.9369,-59.7753,43.9369,-59.7753,58,,401677700,-118
260378,260378,UT,DS,3,0,3,102,96,13:53:18 19-Jul-2025,NP,A,43.9401,-59.7736,43.9401,-59.7736,6,,401677700,-126
260378,260378,UT,DS,2,0,2,49,49,14:48:31 19-Jul-2025,MB,B,43.9532,-59.7263,43.9532,-59.7263,8,,401677698,-125
260378,260378,UT,DS,2,0,0,90,90,23:40:32 19-Jul-2025,MC,B,43.9159,-59.7278,43.9159,-59.7278,8,,401677727,-132
260378,260378,UT,DS,1,0,1,,,00:03:08 20-Jul-2025,SR,B,43.9388,-59.7545,43.9388,-59.7545,6,,401677681,-126
260378,260378,UT,DS,2,0,2,145,145,00:28:19 20-Jul-2025,MB,B,43.9598,-59.7845,43.9598,-59.7845,6,,401677681,-127
260378,260378,UT,DS,1,0,1,,,01:26:43 20-Jul-2025,MC,B,43.9606,-59.7660,43.9606,-59.7660,8,,401677676,-127
260378,260378,UT,DS,1,0,1,,,04:28:28 20-Jul-2025,O3,B,43.9491,-59.7258,43.9491,-59.7258,8,,401677669,-122
260378,260378,UT,DS,2,0,2,294,294,08:04:51 20-Jul-2025,SR,B,43.9419,-59.7788,43.9419,-59.7788,8,,401677703,-125
260378,260378,UT,DS,4,0,4,109,51,08:07:18 20-Jul-2025,CS,3,43.9500,-59.8014,43.9500,-59.8014,56,,401677675,-134
260378,260378,UT,DS,4,0,4,220,55,09:41:56 20-Jul-2025,SR,3,43.9490,-59.7911,43.9490,-59.7911,58,,401677701,-122
260378,260378,UT,DS,4,0,4,129,45,09:51:16 20-Jul-2025,CS,1,43.9445,-59.7843,43.9445,-59.7843,46,,401677700,-129
260378,260378,UT,DS,2,0,2,214,214,11:23:06 20-Jul-2025,SR,B,43.9467,-59.8017,43.9467,-59.8017,8,,401677703,-130
260378,260378,UT,DS,3,0,3,103,45,11:26:56 20-Jul-2025,CS,A,43.9435,-59.7999,43.9435,-59.7999,6,,401677700,-128
260378,260378,UT,DS,2,0,2,46,46,11:53:01 20-Jul-2025,MC,B,43.9398,-59.8044,43.9398,-59.8044,6,,401677699,-128
260378,260378,UT,DS,2,0,2,51,51,12:42:57 20-Jul-2025,MB,B,43.9359,-59.8054,43.9359,-59.8054,8,,401677695,-131
260378,260378,UT,DS,6,0,6,83,59,13:30:28 20-Jul-2025,MC,3,43.9321,-59.8527,43.9321,-59.8527,58,,401677699,-132
260378,260378,UT,DS,3,0,3,63,53,13:49:49 20-Jul-2025,NP,A,43.9287,-59.8602,43.9287,-59.8602,6,,401677703,-131
260378,260378,UT,DS,1,0,1,,,14:28:26 20-Jul-2025,MB,B,43.9271,-59.8704,43.9271,-59.8704,8,,401677698,-130
260378,260378,UT,DS,3,0,3,200,112,15:12:09 20-Jul-2025,MC,A,43.9242,-59.9452,43.9242,-59.9452,8,,401677699,-119
260378,260378,UT,DS,13,0,13,48,45,16:31:42 20-Jul-2025,O3,1,43.9158,-59.9481,43.9158,-59.9481,48,,401677701,-118
260378,260378,UT,DS,2,0,2,90,90,00:09:48 21-Jul-2025,MB,B,43.9192,-59.9398,43.9192,-59.9398,8,,401677699,-129
260378,260378,UT,DS,5,0,5,134,90,00:57:03 21-Jul-2025,MC,2,43.9267,-60.0080,43.9267,-60.0080,68,,401677677,-119
260378,260378,UT,DS,1,0,1,,,01:05:59 21-Jul-2025,NP,B,43.9250,-60.0247,43.9250,-60.0247,6,,401677675,-136
260378,260378,UT,DS,1,0,1,,,02:01:20 21-Jul-2025,O3,B,43.9246,-60.0607,43.9246,-60.0607,8,,401677677,-134
260378,260378,UT,DS,1,0,1,,,02:51:07 21-Jul-2025,NP,B,43.9210,-60.0833,43.9210,-60.0833,8,,401677658,-135
260378,260378,UT,DS,1,0,1,,,03:38:48 21-Jul-2025,O3,B,43.9162,-60.0939,43.9162,-60.0939,6,,401677682,-128
260378,260378,UT,DS,1,0,1,,,07:27:21 21-Jul-2025,CS,B,43.8808,-60.1797,43.8808,-60.1797,8,,401677702,-133
260378,260378,UT,DS,2,0,2,46,46,07:32:14 21-Jul-2025,SR,B,43.9165,-60.0138,43.9165,-60.0138,6,,401677699,-127
260378,260378,UT,DS,4,0,4,199,45,09:10:17 21-Jul-2025,CS,0,43.9184,-60.0266,43.9184,-60.0266,56,,401677697,-121
260378,260378,UT,DS,4,0,4,199,45,09:05:42 21-Jul-2025,SR,1,43.9095,-60.0354,43.9095,-60.0354,58,,401677699,-124
260378,260378,UT,DS,1,0,1,,,10:49:01 21-Jul-2025,SR,B,43.9091,-60.0786,43.9091,-60.0786,8,,401677697,-123
260378,260378,UT,DS,2,0,2,46,46,10:49:24 21-Jul-2025,CS,B,43.9321,-59.9953,43.9321,-59.9953,6,,401677701,-126
260378,260378,UT,DS,7,0,7,90,90,13:12:21 21-Jul-2025,MC,3,43.9275,-60.0034,43.9275,-60.0034,68,,401677691,-120
260378,260378,UT,DS,4,0,4,90,90,13:34:51 21-Jul-2025,NP,3,43.9256,-60.0044,43.9256,-60.0044,66,,401677686,-126
260378,260378,UT,DS,5,0,5,112,90,14:05:14 21-Jul-2025,MB,3,43.9271,-59.9992,43.9271,-59.9992,58,,401677674,-130
260378,260378,UT,DS,6,0,6,126,90,14:50:36 21-Jul-2025,MC,2,43.9271,-60.0055,43.9271,-60.0055,58,,401677659,-119
260378,260378,UT,DS,4,0,4,90,90,15:16:06 21-Jul-2025,NP,3,43.9264,-60.0017,43.9264,-60.0017,66,,401677649,-126
260378,260378,UT,DS,3,0,0,133,90,00:38:35 22-Jul-2025,MC,A,43.9545,-59.8124,43.9545,-59.8124,8,,401677718,-126
260378,260378,UT,DS,1,0,1,,,13:19:36 22-Jul-2025,NP,B,43.9362,-59.8404,43.9362,-59.8404,,,401677721,-140
260378,260378,UT,DS,2,0,2,192,192,13:46:53 22-Jul-2025,MB,B,43.9345,-59.8324,43.9345,-59.8324,6,,401677647,-132
260378,260378,UT,DS,5,0,5,135,90,14:31:26 22-Jul-2025,MC,2,43.9263,-59.9993,43.9263,-59.9993,57,,401677657,-121
260378,260378,UT,DS,3,0,3,135,90,14:56:11 22-Jul-2025,O3,A,43.9256,-59.9944,43.9256,-59.9944,6,,401677654,-138
260378,260378,UT,DS,5,0,5,90,90,15:04:26 22-Jul-2025,NP,2,43.9278,-60.0137,43.9278,-60.0137,56,,401677640,-126
260378,260378,UT,DS,3,0,3,90,90,16:12:41 22-Jul-2025,MC,A,43.9182,-60.0252,43.9182,-60.0252,8,,401677603,-129
260378,260378,UT,DS,7,0,7,105,90,16:38:37 22-Jul-2025,O3,1,43.9340,-60.0390,43.9340,-60.0390,58,,401677606,-125
260378,260378,UT,DS,2,0,2,90,90,18:16:26 22-Jul-2025,O3,B,43.9160,-60.0154,43.9160,-60.0154,8,,401677605,-130
260378,260378,UT,DS,6,0,6,90,90,19:41:19 22-Jul-2025,CS,3,43.9278,-60.0087,43.9278,-60.0087,58,,401677622,-126
260378,260378,UT,DS,2,0,2,90,90,20:47:19 22-Jul-2025,SR,B,43.9220,-60.0081,43.9220,-60.0081,7,,401677642,-136
260378,260378,UT,DS,5,0,5,90,90,21:20:19 22-Jul-2025,CS,3,43.9285,-60.0018,43.9285,-60.0018,57,,401677650,-129
260378,260378,UT,DS,6,0,6,90,90,22:30:49 22-Jul-2025,SR,0,43.9271,-60.0079,43.9271,-60.0079,58,,401677661,-121
260378,260378,UT,DS,1,0,1,,,00:09:03 23-Jul-2025,SR,B,43.9309,-60.0398,43.9309,-60.0398,8,,401677667,-132
260378,260378,UT,DS,3,0,3,90,90,00:18:48 23-Jul-2025,MC,A,43.9273,-60.0083,43.9273,-60.0083,6,,401677671,-117
260378,260378,UT,DS,3,0,3,135,90,00:43:33 23-Jul-2025,NP,A,43.9297,-60.0056,43.9297,-60.0056,6,,401677671,-122
260378,260378,UT,DS,5,0,5,90,90,01:57:03 23-Jul-2025,MC,3,43.9299,-60.0058,43.9299,-60.0058,68,,401677675,-120
260378,260378,UT,DS,2,0,2,90,90,02:12:48 23-Jul-2025,O3,B,43.9286,-60.0059,43.9286,-60.0059,6,,401677675,-134
260378,260378,UT,DS,2,0,2,90,90,02:25:33 23-Jul-2025,NP,B,43.9312,-60.0055,43.9312,-60.0055,6,,401677674,-138
260378,260378,UT,DS,2,0,2,45,45,07:45:14 23-Jul-2025,CS,B,43.9336,-60.0424,43.9336,-60.0424,8,,401677675,-130
260378,260378,UT,DS,5,0,5,116,47,08:07:27 23-Jul-2025,SR,2,43.9273,-60.0140,43.9273,-60.0140,56,,401677676,-127
260378,260378,UT,DS,8,0,8,53,44,09:27:20 23-Jul-2025,CS,2,43.9308,-60.0214,43.9308,-60.0214,58,,401677685,-120
260378,260378,UT,DS,5,0,5,136,45,09:46:00 23-Jul-2025,SR,2,43.9284,-60.0067,43.9284,-60.0067,56,,401677685,-118
260378,260378,UT,DS,2,0,2,413,413,11:02:30 23-Jul-2025,CS,B,43.9294,-60.0159,43.9294,-60.0159,8,,401677688,-134
260378,260378,UT,DS,2,0,2,44,44,12:37:23 23-Jul-2025,MC,B,43.9578,-60.0161,43.9578,-60.0161,8,,401677700,-126
260378,260378,UT,DS,4,0,4,151,47,13:18:19 23-Jul-2025,MB,2,43.9474,-60.0309,43.9474,-60.0309,58,,401677701,-127
260378,260378,UT,DS,5,0,5,171,45,14:08:14 23-Jul-2025,MC,0,43.9334,-60.0210,43.9334,-60.0210,48,,401677698,-117
260378,260378,UT,DS,4,0,4,111,44,14:51:03 23-Jul-2025,NP,0,43.9244,-59.9716,43.9244,-59.9716,58,,401677698,-122
260378,260378,UT,DS,1,0,1,,,15:01:12 23-Jul-2025,MB,B,43.9230,-59.9702,43.9230,-59.9702,6,,401677710,-133
260378,260378,UT,DS,4,0,4,150,90,15:53:45 23-Jul-2025,O3,3,43.9279,-60.0062,43.9279,-60.0062,56,,401677655,-119
260378,260378,UT,DS,2,0,2,90,90,15:53:00 23-Jul-2025,MC,B,43.9357,-59.9857,43.9357,-59.9857,8,,401677667,-124
260378,260378,UT,DS,3,0,3,135,90,17:32:37 23-Jul-2025,O3,A,43.9277,-60.0099,43.9277,-60.0099,8,,401677633,-136
260378,260378,UT,DS,1,0,1,,,00:01:09 24-Jul-2025,MC,B,43.9434,-60.0397,43.9434,-60.0397,8,,401677669,-119
260378,260378,UT,DS,1,0,1,,,00:36:07 24-Jul-2025,NP,B,43.9344,-60.0449,43.9344,-60.0449,8,,401677661,-124
260378,260378,UT,DS,3,0,3,297,106,00:42:32 24-Jul-2025,MB,A,43.9241,-59.9780,43.9241,-59.9780,6,,401677680,-126
260378,260378,UT,DS,2,0,2,64,64,01:24:33 24-Jul-2025,O3,B,43.9212,-59.9718,43.9212,-59.9718,8,,401677684,-132
260378,260378,UT,DS,1,0,1,,,01:39:18 24-Jul-2025,MC,B,43.9207,-59.9712,43.9207,-59.9712,6,,401677682,-122
260378,260378,UT,DS,1,0,1,,,02:10:08 24-Jul-2025,NP,B,43.9176,-59.9710,43.9176,-59.9710,8,,401677687,-132
260378,260378,UT,DS,4,0,4,195,44,03:05:38 24-Jul-2025,O3,1,43.9304,-60.0078,43.9304,-60.0078,58,,401677682,-128
260378,260378,UT,DS,1,0,1,,,03:19:15 24-Jul-2025,MC,B,43.9305,-60.0095,43.9305,-60.0095,6,,401677681,-132
260378,260378,UT,DS,2,0,2,46,46,04:38:42 24-Jul-2025,O3,B,43.9264,-60.0175,43.9264,-60.0175,8,,401677680,-131
260378,260378,UT,DS,2,0,2,47,47,07:32:28 24-Jul-2025,SR,B,43.9399,-60.0447,43.9399,-60.0447,8,,401677685,-134
260378,260378,UT,DS,2,0,2,47,47,08:44:03 24-Jul-2025,CS,B,43.9321,-60.0009,43.9321,-60.0009,8,,401677692,-122
260378,260378,UT,DS,2,0,2,463,463,09:11:34 24-Jul-2025,SR,B,43.9275,-60.0057,43.9275,-60.0057,6,,401677690,-127
260378,260378,UT,DS,3,0,3,45,45,10:21:24 24-Jul-2025,CS,A,43.9214,-60.0105,43.9214,-60.0105,8,,401677683,-124
260378,260378,UT,DS,2,0,2,44,44,10:51:35 24-Jul-2025,SR,B,43.9540,-60.0050,43.9540,-60.0050,8,,401677684,-129
260378,260378,UT,DS,1,0,1,,,12:12:18 24-Jul-2025,MC,B,43.9480,-59.9913,43.9480,-59.9913,7,,401677704,-124
260378,260378,UT,DS,5,0,5,87,56,12:49:58 24-Jul-2025,NP,2,43.9387,-60.0084,43.9387,-60.0084,58,,401677702,-128
260378,260378,UT,DS,2,0,2,85,85,13:06:30 24-Jul-2025,MB,B,43.9286,-60.0157,43.9286,-60.0157,6,,401677696,-127
260378,260378,UT,DS,6,0,6,163,44,13:47:23 24-Jul-2025,MC,1,43.9295,-60.0143,43.9295,-60.0143,48,,401677697,-125
260378,260378,UT,DS,3,0,3,259,117,14:43:59 24-Jul-2025,MB,A,43.9315,-59.9967,43.9315,-59.9967,6,,401677697,-125
260378,260378,UT,DS,1,0,1,,,14:38:53 24-Jul-2025,NP,B,43.9283,-60.0157,43.9283,-60.0157,8,,401677697,-124
260378,260378,UT,DS,1,0,1,,,15:11:52 24-Jul-2025,O3,B,43.9316,-59.9962,43.9316,-59.9962,6,,401677694,-136
260378,260378,UT,DS,3,0,3,90,90,15:31:22 24-Jul-2025,MC,A,43.9384,-60.0114,,,8,,401677670,-126
260378,260378,UT,DS,1,0,1,,,16:17:53 24-Jul-2025,NP,B,43.9396,-60.0168,43.9396,-60.0168,8,,401677671,-132
260378,260378,UT,DS,3,0,3,261,47,16:44:36 24-Jul-2025,O3,A,43.8963,-59.9831,43.8963,-59.9831,6,,401677670,-125
260378,260378,UT,DS,2,0,1,142,142,00:22:42 25-Jul-2025,NP,B,43.9811,-59.9353,43.9811,-59.9353,8,,401677658,-124
260378,260378,UT,DS,1,0,1,,,00:45:31 25-Jul-2025,SR,B,43.9598,-59.8861,43.9598,-59.8861,6,,401677703,-133
260378,260378,UT,DS,2,0,2,45,45,01:13:01 25-Jul-2025,MC,B,43.9761,-59.9164,43.9761,-59.9164,6,,401677690,-116
260378,260378,UT,DS,1,0,1,,,02:21:44 25-Jul-2025,O3,B,43.9821,-59.9242,43.9821,-59.9242,8,,401677697,-135
260378,260378,UT,DS,2,0,2,46,46,02:56:42 25-Jul-2025,MC,B,43.9600,-59.9794,43.9600,-59.9794,8,,401677677,-127
260378,260378,UT,DS,5,0,5,149,44,03:56:40 25-Jul-2025,O3,2,43.9226,-59.9967,43.9226,-59.9967,58,,401677688,-123
260378,260378,UT,DS,2,0,2,48,48,07:03:42 25-Jul-2025,SR,B,43.8780,-60.0536,43.8780,-60.0536,8,,401677705,-138
260378,260378,UT,DS,2,0,2,47,47,07:59:50 25-Jul-2025,CS,B,43.9314,-60.0281,43.9314,-60.0281,8,,401677697,-128
260378,260378,UT,DS,4,0,4,76,52,08:44:16 25-Jul-2025,SR,1,43.9249,-60.0032,43.9249,-60.0032,48,,401677692,-121
260378,260378,UT,DS,5,0,5,123,47,09:40:36 25-Jul-2025,CS,2,43.9250,-59.9843,43.9250,-59.9843,58,,401677692,-124
260378,260378,UT,DS,2,0,2,360,360,10:16:52 25-Jul-2025,SR,B,43.9225,-59.9812,43.9225,-59.9812,8,,401677697,-126
260378,260378,UT,DS,2,0,2,46,46,11:19:00 25-Jul-2025,CS,B,43.9161,-59.9661,43.9161,-59.9661,8,,401677697,-130
260378,260378,UT,DS,2,0,2,91,91,12:41:10 25-Jul-2025,MB,B,43.8992,-59.9836,43.8992,-59.9836,8,,401677682,-130
260378,260378,UT,DS,4,0,4,120,90,13:30:50 25-Jul-2025,MC,3,43.9268,-59.9840,43.9268,-59.9840,58,,401677671,-118
260378,260378,UT,DS,3,0,3,180,180,14:24:50 25-Jul-2025,MB,A,43.9299,-59.9872,43.9299,-59.9872,8,,401677670,-132
260378,260378,UT,DS,5,0,5,90,90,15:09:50 25-Jul-2025,MC,3,43.9264,-59.9882,43.9264,-59.9882,58,,401677647,-120
260378,260378,UT,DS,6,0,6,90,90,16:00:05 25-Jul-2025,O3,3,43.9285,-59.9837,43.9285,-59.9837,58,,401677641,-123
260378,260378,UT,DS,2,0,2,77,77,00:02:42 26-Jul-2025,MB,B,43.9355,-59.9609,43.9355,-59.9609,8,,401677672,-127
260378,260378,UT,DS,1,0,1,,,00:15:43 26-Jul-2025,SR,B,43.9353,-59.9590,43.9353,-59.9590,6,,401677679,-132
260378,260378,UT,DS,1,0,1,,,00:54:17 26-Jul-2025,MC,B,43.9364,-59.9568,43.9364,-59.9568,8,,401677678,-118
260378,260378,UT,DS,7,0,7,97,49,03:13:17 26-Jul-2025,O3,3,43.9258,-59.9529,43.9258,-59.9529,58,,401677694,-118
260378,260378,UT,DS,3,0,3,46,45,04:47:58 26-Jul-2025,O3,A,43.9269,-59.9685,43.9269,-59.9685,8,,401677692,-129
260378,260378,UT,DS,1,0,1,,,07:20:58 26-Jul-2025,CS,B,43.9271,-59.9685,43.9271,-59.9685,8,,401677692,-138
260378,260378,UT,DS,3,0,3,129,94,08:12:39 26-Jul-2025,SR,A,43.9227,-59.9822,43.9227,-59.9822,8,,401677694,-124
260378,260378,UT,DS,2,0,2,526,526,09:02:14 26-Jul-2025,CS,B,43.9193,-59.9841,43.9193,-59.9841,8,,401677692,-128
260378,260378,UT,DS,4,0,4,165,45,09:46:30 26-Jul-2025,SR,2,43.9264,-59.9802,43.9264,-59.9802,58,,401677692,-125
260378,260378,UT,DS,2,0,2,287,287,10:40:25 26-Jul-2025,CS,B,43.9226,-59.9936,43.9226,-59.9936,8,,401677692,-125
260378,260378,UT,DS,1,0,1,,,11:30:50 26-Jul-2025,SR,B,43.9235,-59.9991,43.9235,-59.9991,8,,401677696,-134
260378,260378,UT,DS,2,0,2,78,78,12:16:29 26-Jul-2025,MB,B,43.9306,-60.0034,43.9306,-60.0034,8,,401677699,-130
260378,260378,UT,DS,1,0,1,,,12:25:23 26-Jul-2025,NP,B,43.9313,-60.0023,,,6,,401677698,-131
260378,260378,UT,DS,3,0,3,130,49,13:07:00 26-Jul-2025,MC,A,43.9282,-60.0271,43.9282,-60.0271,8,,401677700,-114
260378,260378,UT,DS,1,0,1,,,14:03:55 26-Jul-2025,MB,B,43.9295,-60.0422,43.9295,-60.0422,8,,401677698,-131
260378,260378,UT,DS,1,0,1,,,14:16:37 26-Jul-2025,NP,B,43.9284,-60.0373,43.9284,-60.0373,6,,401677693,-132
260378,260378,UT,DS,3,0,3,72,46,14:53:37 26-Jul-2025,MC,A,43.9399,-60.0081,43.9399,-60.0081,7,,401677703,-115
260378,260378,UT,DS,1,0,1,,,15:15:04 26-Jul-2025,O3,B,43.9399,-60.0081,43.9399,-60.0081,6,,401677704,-126
260378,260378,UT,DS,2,0,2,47,47,16:29:53 26-Jul-2025,MC,B,43.9146,-59.9722,43.9146,-59.9722,8,,401677696,-125
260378,260378,UT,DS,1,0,1,,,16:55:13 26-Jul-2025,O3,B,43.9190,-59.9678,43.9190,-59.9678,6,,401677689,-122
260378,260378,UT,DS,2,0,2,45,45,18:29:56 26-Jul-2025,O3,B,43.8995,-59.9468,43.8995,-59.9468,8,,401677691,-131
260378,260378,UT,DS,1,0,1,,,18:36:11 26-Jul-2025,CS,B,43.9276,-59.9545,43.9276,-59.9545,8,,401677698,-130
260378,260378,UT,DS,6,0,6,79,45,20:13:38 26-Jul-2025,CS,3,43.9274,-59.9607,43.9274,-59.9607,58,,401677685,-121
260378,260378,UT,DS,1,0,1,,,20:22:04 26-Jul-2025,SR,B,43.9277,-59.9594,,,6,,401677690,-137
260378,260378,UT,DS,4,0,3,90,31,00:31:34 27-Jul-2025,MC,0,43.9378,-59.9368,43.9378,-59.9368,48,,401677678,-119
260378,260378,UT,DS,1,0,1,,,01:36:04 27-Jul-2025,NP,B,43.9386,-59.9285,43.9386,-59.9285,8,,401677676,-129
260378,260378,UT,DS,2,0,2,90,90,02:15:04 27-Jul-2025,MC,B,43.9387,-59.9274,43.9387,-59.9274,8,,401677677,-132
260378,260378,UT,DS,1,0,1,,,02:24:04 27-Jul-2025,O3,B,43.9387,-59.9262,43.9387,-59.9262,6,,401677679,-137
260378,260378,UT,DS,1,0,1,,,04:07:34 27-Jul-2025,O3,B,43.9411,-59.9145,43.9411,-59.9145,8,,401677678,-134
260378,260378,UT,DS,2,0,2,47,47,11:34:19 27-Jul-2025,CS,B,43.9269,-59.8736,43.9269,-59.8736,8,,401677689,-132
260378,260378,UT,DS,1,0,1,,,11:55:38 27-Jul-2025,MB,B,43.9462,-59.8590,43.9462,-59.8590,8,,401677684,-134
260378,260378,UT,DS,3,0,3,140,46,12:12:58 27-Jul-2025,NP,A,43.8822,-59.8727,43.8822,-59.8727,6,,401677672,-132
260378,260378,UT,DS,3,0,3,226,46,12:49:12 27-Jul-2025,MC,A,43.9139,-59.9094,43.9139,-59.9094,7,,401677686,-119
260378,260378,UT,DS,4,0,4,195,45,13:35:13 27-Jul-2025,MB,0,43.9254,-59.8633,43.9254,-59.8633,48,,401677688,-124
260378,260378,UT,DS,5,0,5,172,45,13:53:48 27-Jul-2025,NP,1,43.9309,-59.8819,43.9309,-59.8819,46,,401677692,-123
260378,260378,UT,DS,7,0,7,120,48,14:24:35 27-Jul-2025,MC,1,43.9340,-59.8495,43.9340,-59.8495,48,,401677696,-115
260378,260378,UT,DS,1,0,1,,,14:28:43 27-Jul-2025,O3,B,43.9355,-59.8784,43.9355,-59.8784,6,,401677697,-134
260378,260378,UT,DS,5,0,5,111,45,16:06:24 27-Jul-2025,O3,3,43.9381,-59.8523,43.9381,-59.8523,58,,401677698,-124
260378,260378,UT,DS,2,0,2,262,262,16:09:47 27-Jul-2025,MC,B,43.9387,-59.8537,43.9387,-59.8537,6,,401677704,-127
260378,260378,UT,DS,4,0,4,84,48,17:49:02 27-Jul-2025,O3,1,43.9464,-59.8596,43.9464,-59.8596,58,,401677698,-125
260378,260378,UT,DS,7,0,5,107,28,00:08:52 28-Jul-2025,MC,0,43.9541,-59.7786,43.9541,-59.7786,48,,401677700,-115
260378,260378,UT,DS,2,0,2,524,524,01:00:45 28-Jul-2025,MB,B,43.9603,-59.7896,43.9603,-59.7896,8,,401677696,-127
260378,260378,UT,DS,3,0,3,98,62,01:21:16 28-Jul-2025,NP,A,43.9555,-59.7834,43.9555,-59.7834,6,,401677692,-125
260378,260378,UT,DS,3,0,3,222,46,01:50:19 28-Jul-2025,MC,A,43.9555,-59.7796,43.9555,-59.7796,6,,401677693,-120
260378,260378,UT,DS,2,0,2,45,45,03:03:07 28-Jul-2025,NP,B,43.9496,-59.7859,43.9496,-59.7859,8,,401677696,-129
260378,260378,UT,DS,4,0,4,157,45,03:19:40 28-Jul-2025,O3,1,43.9461,-59.7799,43.9461,-59.7799,56,,401677695,-124
260378,260378,UT,DS,3,0,3,250,47,04:58:39 28-Jul-2025,O3,A,43.9525,-59.7796,,,8,,401677697,-128
260378,260378,UT,DS,2,0,2,45,45,07:11:39 28-Jul-2025,SR,B,43.9728,-59.7738,43.9728,-59.7738,8,,401677693,-130
260378,260378,UT,DS,2,0,2,116,116,07:37:09 28-Jul-2025,CS,B,43.9728,-59.7800,43.9728,-59.7800,6,,401677699,-132
260378,260378,UT,DS,4,0,4,159,45,08:41:55 28-Jul-2025,SR,2,43.9589,-59.7763,43.9589,-59.7763,58,,401677695,-136
260378,260378,UT,DS,1,0,1,,,09:17:55 28-Jul-2025,CS,B,43.9590,-59.7756,43.9590,-59.7756,8,,401677697,-116
260378,260378,UT,DS,4,0,4,125,46,10:25:48 28-Jul-2025,SR,3,43.9598,-59.7748,43.9598,-59.7748,58,,401677699,-122
260378,260378,UT,DS,2,0,2,45,45,10:56:39 28-Jul-2025,CS,B,43.9587,-59.7757,43.9587,-59.7757,8,,401677699,-128
260378,260378,UT,DS,2,0,2,373,373,12:27:55 28-Jul-2025,MC,B,43.9587,-59.7772,43.9587,-59.7772,8,,401677701,-122
260378,260378,UT,DS,3,0,3,271,175,13:22:05 28-Jul-2025,MB,A,43.9512,-59.8134,43.9512,-59.8134,8,,401677702,-129
260378,260378,UT,DS,9,0,9,72,45,13:44:14 28-Jul-2025,NP,2,43.9431,-59.8266,43.9431,-59.8266,56,,401677703,-126
260378,260378,UT,DS,7,0,7,114,45,14:05:41 28-Jul-2025,MC,2,43.9344,-59.8156,43.9344,-59.8156,56,,401677703,-118
260378,260378,UT,DS,2,0,2,69,69,15:01:57 28-Jul-2025,MB,B,43.9215,-59.8395,43.9215,-59.8395,8,,401677698,-132
260378,260378,UT,DS,5,0,5,114,52,15:19:19 28-Jul-2025,O3,1,43.9302,-59.8812,43.9302,-59.8812,46,,401677691,-132
260378,260378,UT,DS,5,0,5,84,52,15:28:31 28-Jul-2025,NP,1,43.9364,-59.8883,43.9364,-59.8883,56,,401677707,-124
260378,260378,UT,DS,4,0,4,120,90,15:48:03 28-Jul-2025,MC,2,43.9445,-59.9279,43.9445,-59.9279,56,,401677668,-127
260378,260378,UT,DS,2,0,2,45,45,00:14:35 29-Jul-2025,SR,B,43.9073,-59.9955,43.9073,-59.9955,8,,401677641,-130
260378,260378,UT,DS,1,0,1,,,00:44:05 29-Jul-2025,MB,B,43.9264,-59.9099,43.9264,-59.9099,6,,401677675,-131
260378,260378,UT,DS,2,0,2,45,45,04:06:39 29-Jul-2025,O3,B,43.9206,-59.8836,43.9206,-59.8836,8,,401677684,-134
260378,260378,UT,DS,3,0,3,180,45,08:16:28 29-Jul-2025,SR,A,43.9382,-59.8429,43.9382,-59.8429,8,,401677694,-125
260378,260378,UT,DS,5,0,5,130,45,08:37:56 29-Jul-2025,CS,1,43.9290,-59.8455,43.9290,-59.8455,56,,401677692,-125
260378,260378,UT,DS,4,0,4,243,46,09:49:38 29-Jul-2025,SR,1,43.9381,-59.8259,43.9381,-59.8259,58,,401677695,-133
260378,260378,UT,DS,6,0,6,86,45,10:11:50 29-Jul-2025,CS,2,43.9368,-59.8385,43.9368,-59.8385,56,,401677695,-121
260378,260378,UT,DS,2,0,2,187,187,11:51:51 29-Jul-2025,CS,B,43.9385,-59.8347,43.9385,-59.8347,8,,401677695,-137
260378,260378,UT,DS,2,0,2,339,339,12:05:56 29-Jul-2025,MC,B,43.9398,-59.8318,43.9398,-59.8318,6,,401677695,-127
260378,260378,UT,DS,2,0,2,57,57,13:02:29 29-Jul-2025,MB,B,43.9396,-59.8315,43.9396,-59.8315,8,,401677693,-132
260378,260378,UT,DS,9,0,9,80,48,13:26:43 29-Jul-2025,NP,3,43.9374,-59.8218,43.9374,-59.8218,56,,401677696,-129
260378,260378,UT,DS,6,0,6,134,45,13:46:47 29-Jul-2025,MC,1,43.9390,-59.8449,43.9390,-59.8449,56,,401677693,-115
260378,260378,UT,DS,4,0,4,52,46,14:36:13 29-Jul-2025,O3,0,43.9324,-59.8872,43.9324,-59.8872,58,,401677695,-130
260378,260378,UT,DS,4,0,4,125,45,14:36:15 29-Jul-2025,MB,2,43.9224,-59.8496,43.9224,-59.8496,50,,401677694,-131
260378,260378,UT,DS,2,0,2,90,90,15:14:02 29-Jul-2025,NP,B,43.9260,-59.8603,43.9260,-59.8603,8,,401677661,-125
260378,260378,UT,DS,6,0,6,90,90,15:24:31 29-Jul-2025,MC,3,43.9333,-59.8607,43.9333,-59.8607,56,,401677659,-125
260378,260378,UT,DS,5,0,5,112,90,16:15:50 29-Jul-2025,O3,3,43.9300,-59.8576,43.9300,-59.8576,58,,401677655,-121
260378,260378,UT,DS,4,0,4,142,45,00:22:35 30-Jul-2025,MB,1,43.9324,-59.8571,43.9324,-59.8571,58,,401677679,-125
260378,260378,UT,DS,1,0,1,,,00:55:02 30-Jul-2025,NP,B,43.9317,-59.8632,43.9317,-59.8632,8,,401677676,-126
260378,260378,UT,DS,2,0,2,53,53,01:17:38 30-Jul-2025,MC,B,43.8878,-59.8927,43.8878,-59.8927,6,,401677683,-119
260378,260378,UT,DS,1,0,1,,,02:37:34 30-Jul-2025,NP,B,43.8834,-59.8951,43.8834,-59.8951,8,,401677674,-130
260378,260378,UT,DS,1,0,1,,,02:57:05 30-Jul-2025,MC,B,43.8848,-59.8730,43.8848,-59.8730,6,,401677697,-126
260378,260378,UT,DS,1,0,1,,,03:29:48 30-Jul-2025,O3,B,43.8841,-59.8717,43.8841,-59.8717,8,,401677687,-119
260378,260378,UT,DS,1,0,1,,,05:11:13 30-Jul-2025,O3,B,43.8864,-59.8540,43.8864,-59.8540,8,,401677705,-138
260378,260378,UT,DS,7,0,7,53,44,07:43:46 30-Jul-2025,SR,2,43.9412,-59.8101,43.9412,-59.8101,58,,401677704,-124
260378,260378,UT,DS,3,0,3,215,46,07:55:38 30-Jul-2025,CS,A,43.9462,-59.8068,43.9462,-59.8068,6,,401677703,-132
260378,260378,UT,DS,5,0,5,169,44,09:19:09 30-Jul-2025,SR,0,43.9391,-59.8018,43.9391,-59.8018,58,,401677702,-120
260378,260378,UT,DS,5,0,5,171,44,09:33:15 30-Jul-2025,CS,0,43.9435,-59.8172,43.9435,-59.8172,56,,401677701,-123
260378,260378,UT,DS,2,0,2,45,45,11:03:24 30-Jul-2025,SR,B,43.9486,-59.8018,43.9486,-59.8018,8,,401677700,-128
260378,260378,UT,DS,1,0,1,,,11:08:49 30-Jul-2025,CS,B,43.9465,-59.8013,43.9465,-59.8013,6,,401677705,-134
260378,260378,UT,DS,1,0,1,,,11:49:48 30-Jul-2025,MC,,,,,,,,401650000,
260378,260378,UT,DS,3,0,3,242,44,12:34:46 30-Jul-2025,MB,A,43.9298,-59.7999,,,8,,401677699,-128
260378,260378,UT,DS,4,0,4,145,49,13:19:05 30-Jul-2025,NP,1,43.9460,-59.8307,43.9460,-59.8307,58,,401677701,-125
260378,260378,UT,DS,9,0,9,74,45,13:26:00 30-Jul-2025,MC,,,,,,,,401650000,
260378,260378,UT,DS,3,0,3,90,90,14:18:41 30-Jul-2025,MB,A,43.9393,-59.8319,43.9393,-59.8319,8,,401677613,-128
260378,260378,UT,DS,3,0,3,90,90,15:01:26 30-Jul-2025,NP,A,43.9402,-59.8281,43.9402,-59.8281,7,,401677628,-129
260378,260378,UT,DS,4,0,4,90,90,15:06:41 30-Jul-2025,MC,,,,,,,,401650000,
260378,260378,UT,DS,3,0,3,135,90,15:29:41 30-Jul-2025,O3,A,43.9413,-59.8294,,,6,,401677618,-134
260378,260378,UT,DS,1,0,1,,,16:41:11 30-Jul-2025,NP,B,43.9422,-59.8347,,,8,,401677623,-135
260378,260378,UT,DS,6,0,6,108,90,17:07:56 30-Jul-2025,O3,3,43.9386,-59.8255,43.9386,-59.8255,56,,401677612,-122
260378,260378,UT,DS,3,0,3,45,44,00:02:36 31-Jul-2025,MB,A,43.9482,-59.8270,43.9482,-59.8270,8,,401677676,-129
260378,260378,UT,DS,5,0,1,71,17,00:47:09 31-Jul-2025,NP,0,43.9780,-59.8002,43.9780,-59.8002,47,,401677689,-124
260378,260378,UT,DS,2,0,1,73,73,00:49:10 31-Jul-2025,MC,,,,,,,,401650000,
260378,260378,UT,DS,3,0,3,48,46,07:14:46 31-Jul-2025,SR,A,43.9309,-59.8520,43.9309,-59.8520,8,,401677695,-126
260378,260378,UT,DS,5,0,5,141,46,08:58:01 31-Jul-2025,CS,2,43.9338,-59.8252,43.9338,-59.8252,56,,401677698,-124
260378,260378,UT,DS,5,0,5,141,46,08:48:36 31-Jul-2025,SR,1,43.9427,-59.8079,43.9427,-59.8079,58,,401677702,-126
260378,260378,UT,DS,7,0,7,102,44,10:29:45 31-Jul-2025,CS,3,43.9442,-59.8120,43.9442,-59.8120,58,,401677700,-124
260378,260378,UT,DS,4,0,4,132,44,10:30:08 31-Jul-2025,SR,2,43.9440,-59.8129,43.9440,-59.8129,56,,401677701,-121
260378,260378,UT,DS,1,0,1,,,12:13:06 31-Jul-2025,MB,B,43.9556,-59.8033,43.9556,-59.8033,8,,401677699,-133
260378,260378,UT,DS,1,0,1,,,13:00:29 31-Jul-2025,NP,B,43.9504,-59.8076,43.9504,-59.8076,8,,401677701,-130
260378,260378,UT,DS,5,0,5,136,78,13:02:27 31-Jul-2025,MC,3,43.9375,-59.8271,43.9375,-59.8271,66,,401677699,-133
260378,260378,UT,DS,5,0,5,139,46,13:53:30 31-Jul-2025,MB,1,43.9321,-59.8522,43.9321,-59.8522,58,,401677704,-132
260378,260378,UT,DS,6,0,6,108,45,14:45:20 31-Jul-2025,MC,2,43.9304,-59.8552,43.9304,-59.8552,68,,401677693,-118
260378,260378,UT,DS,1,0,1,,,14:49:05 31-Jul-2025,NP,B,43.9308,-59.8554,43.9308,-59.8554,6,,401677693,-125
260378,260378,UT,DS,5,0,5,90,90,16:22:05 31-Jul-2025,O3,3,43.9307,-59.8744,43.9307,-59.8744,58,,401677651,-120
260378,260378,UT,DS,1,0,1,,,01:19:14 01-Aug-2025,MB,B,43.9441,-59.9390,43.9441,-59.9390,8,,401677655,-131
260378,260378,UT,DS,1,0,1,,,05:13:59 01-Aug-2025,O3,B,43.9730,-59.9121,43.9730,-59.9121,8,,401677671,-136
260378,260378,UT,DS,4,0,4,145,44,08:07:09 01-Aug-2025,CS,0,43.9321,-59.8830,43.9321,-59.8830,58,,401677696,-126
260378,260378,UT,DS,3,0,3,45,45,08:21:00 01-Aug-2025,SR,A,43.9296,-59.8864,43.9296,-59.8864,6,,401677694,-120
260378,260378,UT,DS,5,0,5,158,55,09:49:47 01-Aug-2025,CS,3,43.9273,-59.8820,43.9273,-59.8820,58,,401677696,-119
260378,260378,UT,DS,3,0,3,313,45,09:54:39 01-Aug-2025,SR,A,43.9261,-59.8773,43.9261,-59.8773,6,,401677694,-129
260378,260378,UT,DS,3,0,3,77,47,11:29:04 01-Aug-2025,CS,A,43.9085,-59.8706,43.9085,-59.8706,8,,401677691,-131
260378,260378,UT,DS,4,0,4,61,47,12:45:46 01-Aug-2025,MC,1,43.9267,-59.8969,43.9267,-59.8969,58,,401677695,-124
260378,260378,UT,DS,1,0,1,,,12:58:07 01-Aug-2025,NP,B,43.9234,-59.8792,43.9234,-59.8792,6,,401677700,-138
260378,260378,UT,DS,1,0,1,,,13:36:38 01-Aug-2025,MB,B,43.9247,-59.8781,43.9247,-59.8781,8,,401677699,-129
260378,260378,UT,DS,4,0,4,193,45,14:23:57 01-Aug-2025,MC,0,43.9169,-59.8962,43.9169,-59.8962,58,,401677695,-116
260378,260378,UT,DS,1,0,1,,,14:41:25 01-Aug-2025,NP,B,43.9159,-59.8983,43.9159,-59.8983,6,,401677698,-139
260378,260378,UT,DS,2,0,2,49,49,15:34:04 01-Aug-2025,O3,B,43.9144,-59.9034,43.9144,-59.9034,8,,401677697,-126
260378,260378,UT,DS,1,0,1,,,16:03:27 01-Aug-2025,MC,B,43.9129,-59.9056,43.9129,-59.9056,6,,401677697,-133
260378,260378,UT,DS,2,0,2,47,47,17:18:28 01-Aug-2025,O3,B,43.9311,-59.9010,43.9311,-59.9010,8,,401677702,-123
260378,260378,UT,DS,5,0,5,90,90,19:23:32 01-Aug-2025,CS,3,43.9305,-59.8648,43.9305,-59.8648,58,,401677704,-123
260378,260378,UT,DS,4,0,3,134,12,00:12:53 02-Aug-2025,MC,0,44.1632,-59.6994,44.1632,-59.6994,48,,401677641,-115
260378,260378,UT,DS,2,0,2,46,46,00:20:07 02-Aug-2025,NP,B,44.3261,-59.5490,44.3261,-59.5490,6,,401677451,-123
260378,260378,UT,DS,3,0,3,239,45,00:58:12 02-Aug-2025,MB,A,44.2238,-59.7853,41.2907,-75.7962,48,,401677641,-127
260378,260378,UT,DS,1,0,1,,,01:53:56 02-Aug-2025,MC,B,44.2012,-59.8001,,,8,,401677558,-121
260378,260378,UT,DS,3,0,3,270,76,02:50:28 02-Aug-2025,O3,A,43.9627,-59.8505,43.9627,-59.8505,4,,401677691,-126
260378,260378,UT,DS,3,0,3,86,78,04:31:06 02-Aug-2025,O3,A,43.9333,-59.8586,43.9333,-59.8586,8,,401677710,-125
260378,260378,UT,DS,1,0,1,,,07:53:29 02-Aug-2025,SR,B,43.6945,-59.9161,43.6945,-59.9161,8,,401677700,-127
260378,260378,UT,DS,2,0,2,45,45,09:06:39 02-Aug-2025,CS,B,43.9617,-59.7994,43.9617,-59.7994,8,,401677703,-125
260378,260378,UT,DS,1,0,1,,,09:33:36 02-Aug-2025,SR,B,43.9605,-59.7945,43.9605,-59.7945,6,,401677701,-127
260378,260378,UT,DS,2,0,2,48,48,10:49:03 02-Aug-2025,CS,B,43.9578,-59.7796,43.9578,-59.7796,8,,401677701,-127
260378,260378,UT,DS,2,0,2,45,45,11:08:04 02-Aug-2025,SR,B,43.9448,-59.7210,43.9448,-59.7210,6,,401677712,-128
260378,260378,UT,DS,3,0,3,157,47,12:23:18 02-Aug-2025,MC,A,43.9855,-59.8022,43.9855,-59.8022,8,,401677714,-124
260378,260378,UT,DS,3,0,3,91,46,12:39:18 02-Aug-2025,NP,A,43.9608,-59.7832,43.9608,-59.7832,6,,401677708,-129
260378,260378,UT,DS,2,0,2,46,46,13:21:00 02-Aug-2025,MB,B,43.9857,-59.7806,43.9857,-59.7806,8,,401677708,-127
260378,260378,UT,DS,1,0,1,,,14:27:02 02-Aug-2025,NP,B,44.0020,-59.7872,44.0020,-59.7872,8,,401677705,-128
260378,260378,UT,DS,7,0,7,70,47,14:48:48 02-Aug-2025,O3,2,43.9583,-59.7777,43.9583,-59.7777,56,,401677707,-130
260378,260378,UT,DS,2,0,2,233,233,14:55:58 02-Aug-2025,MB,B,43.9585,-59.7776,43.9585,-59.7776,6,,401677706,-127
260378,260378,UT,DS,1,0,1,,,15:44:53 02-Aug-2025,MC,B,43.9724,-59.7833,43.9724,-59.7833,8,,401677705,-129
260378,260378,UT,DS,6,0,6,90,90,16:32:53 02-Aug-2025,O3,1,43.9427,-59.8147,43.9427,-59.8147,58,,401677638,-118
260378,260378,UT,DS,4,0,4,90,90,18:07:34 02-Aug-2025,O3,3,43.9441,-59.8106,43.9441,-59.8106,58,,401677615,-128
260378,260378,UT,DS,5,0,5,112,90,00:06:41 03-Aug-2025,NP,2,43.9414,-59.8151,43.9414,-59.8151,58,,401677667,-135
260378,260378,UT,DS,2,0,2,90,90,00:39:05 03-Aug-2025,MB,B,43.9448,-59.8197,43.9448,-59.8197,8,,401677668,-122
260378,260378,UT,DS,5,0,5,122,45,08:25:16 03-Aug-2025,CS,2,43.9408,-59.8140,43.9408,-59.8140,58,,401677677,-125
260378,260378,UT,DS,6,0,6,87,47,08:58:21 03-Aug-2025,SR,3,43.9454,-59.8092,43.9454,-59.8092,58,,401677682,-124
260378,260378,UT,DS,1,0,1,,,10:06:50 03-Aug-2025,CS,B,43.9459,-59.8114,43.9459,-59.8114,8,,401677689,-126
260378,260378,UT,DS,3,0,3,207,45,10:31:35 03-Aug-2025,SR,A,43.9447,-59.8015,43.9447,-59.8015,6,,401677690,-126
260378,260378,UT,DS,2,0,2,48,48,11:43:10 03-Aug-2025,CS,B,43.9360,-59.7877,43.9360,-59.7877,8,,401677694,-133
260378,260378,UT,DS,2,0,2,129,129,12:02:18 03-Aug-2025,MC,B,43.9392,-59.8129,,,8,,401677693,-129
260378,260378,UT,DS,3,0,3,119,45,12:25:52 03-Aug-2025,NP,A,43.9283,-59.8025,43.9283,-59.8025,6,,401677687,-130
260378,260378,UT,DS,2,0,2,45,45,12:54:31 03-Aug-2025,MB,B,43.9384,-59.8050,43.9384,-59.8050,6,,401677688,-129
260378,260378,UT,DS,2,0,2,45,45,13:46:00 03-Aug-2025,MC,B,43.9403,-59.8054,43.9403,-59.8054,8,,401677687,-116
260378,260378,UT,DS,2,0,2,45,45,14:10:30 03-Aug-2025,NP,B,43.9514,-59.8134,43.9514,-59.8134,6,,401677695,-126
260378,260378,UT,DS,1,0,1,,,14:32:40 03-Aug-2025,MB,B,43.9513,-59.8122,43.9513,-59.8122,6,,401677691,-129
260378,260378,UT,DS,6,0,6,121,45,15:21:28 03-Aug-2025,MC,2,43.9441,-59.8076,43.9441,-59.8076,58,,401677692,-119
260378,260378,UT,DS,7,0,7,87,48,15:44:59 03-Aug-2025,O3,3,43.9466,-59.8151,43.9466,-59.8151,56,,401677693,-124
260378,260378,UT,DS,3,0,3,126,45,15:53:12 03-Aug-2025,NP,A,43.9427,-59.8109,43.9427,-59.8109,8,,401677692,-124
260378,260378,UT,DS,2,0,2,47,47,17:23:34 03-Aug-2025,O3,B,43.9403,-59.8074,43.9403,-59.8074,8,,401677689,-126
260378,260378,UT,DS,2,0,2,45,45,18:03:15 03-Aug-2025,CS,B,43.9257,-59.8336,43.9257,-59.8336,8,,401677692,-134
260378,260378,UT,DS,3,0,3,46,45,19:36:16 03-Aug-2025,CS,A,43.9549,-59.8273,,,8,,401677690,-130
260378,260378,UT,DS,4,0,4,164,45,21:02:18 03-Aug-2025,SR,1,43.9561,-59.7863,43.9561,-59.7863,58,,401677695,-130
260378,260378,UT,DS,3,0,3,238,202,21:20:42 03-Aug-2025,CS,A,43.9534,-59.7846,43.9534,-59.7846,6,,401677689,-122
260378,260378,UT,DS,2,0,2,112,112,22:38:19 03-Aug-2025,MB,B,43.9541,-59.7783,43.9541,-59.7783,8,,401677692,-130
260378,260378,UT,DS,6,0,6,145,46,22:48:58 03-Aug-2025,SR,2,43.9636,-59.7820,43.9636,-59.7820,56,,401677690,-124
260378,260378,UT,DS,6,0,6,100,60,23:27:26 03-Aug-2025,MC,2,43.9775,-59.7662,43.9775,-59.7662,58,,401677688,-120
260378,260378,UT,DS,4,0,4,129,45,23:54:55 03-Aug-2025,NP,3,43.9910,-59.7526,,,56,,401677689,-130
260378,260378,UT,DS,3,0,3,241,153,00:27:00 04-Aug-2025,SR,A,43.9931,-59.7482,43.9931,-59.7482,6,,401677686,-131
260378,260378,UT,DS,2,0,2,329,329,00:20:15 04-Aug-2025,MB,B,43.9919,-59.7470,43.9919,-59.7470,6,,401677686,-120
260378,260378,UT,DS,1,0,1,,,04:34:43 04-Aug-2025,O3,B,44.0670,-59.7249,44.0670,-59.7249,8,,401677716,-122
260378,260378,UT,DS,1,0,1,,,07:47:31 04-Aug-2025,CS,B,44.1439,-59.6707,44.1439,-59.6707,8,,401677679,-138
260378,260378,UT,DS,1,0,1,,,08:24:03 04-Aug-2025,SR,B,44.1712,-59.6566,44.1712,-59.6566,6,,401677695,-131
260378,260378,UT,DS,3,0,3,56,48,09:26:38 04-Aug-2025,CS,A,44.1909,-59.4816,44.1909,-59.4816,6,,401677739,-120
260378,260378,UT,DS,1,0,1,,,11:46:39 04-Aug-2025,MC,B,44.2633,-59.3362,44.2633,-59.3362,8,,401677715,-134
260378,260378,UT,DS,1,0,1,,,12:11:38 04-Aug-2025,NP,B,44.2682,-59.3709,44.2682,-59.3709,6,,401677683,-132
260378,260378,UT,DS,2,0,2,715,715,14:09:04 04-Aug-2025,MB,B,44.3951,-59.5266,44.3951,-59.5266,7,,401677734,-135
260378,260378,UT,DS,1,0,1,,,14:54:37 04-Aug-2025,O3,B,44.4230,-59.5123,44.4230,-59.5123,8,,401677720,-135
260378,260378,UT,DS,1,0,1,,,16:40:35 04-Aug-2025,O3,B,44.4598,-59.5012,44.4598,-59.5012,7,,401677749,-130
260378,260378,UT,DS,1,0,1,,,18:14:50 04-Aug-2025,O3,B,44.3927,-59.5545,44.3927,-59.5545,8,,401677751,-130
260378,260378,UT,DS,1,0,1,,,18:56:50 04-Aug-2025,CS,B,44.3226,-59.5914,44.3226,-59.5914,8,,401677698,-130
260378,260378,UT,DS,1,0,1,,,20:30:48 04-Aug-2025,SR,B,44.2640,-59.5945,44.2640,-59.5945,8,,401677717,-134
260378,260378,UT,DS,2,0,2,45,45,20:44:16 04-Aug-2025,CS,B,44.0837,-59.7421,44.0837,-59.7421,6,,401677725,-134
260378,260378,UT,DS,2,0,2,45,45,22:15:48 04-Aug-2025,CS,B,44.3262,-59.1927,44.3262,-59.1927,8,,401677726,-133
260378,260378,UT,DS,2,0,2,45,45,22:16:10 04-Aug-2025,SR,B,44.3177,-59.1828,44.3177,-59.1828,6,,401677761,-119
260378,260378,UT,DS,1,0,1,,,23:15:17 04-Aug-2025,MC,B,44.3495,-59.0852,44.3495,-59.0852,8,,401677764,-132
260378,260378,UT,DS,2,0,2,45,45,23:48:50 04-Aug-2025,SR,B,44.0369,-59.3539,52.4953,-99.1333,,,401677689,-134
260378,260378,UT,DS,1,0,1,,,00:01:11 05-Aug-2025,MB,B,44.3856,-59.0287,44.3856,-59.0287,6,,401677767,-128
260378,260378,UT,DS,2,0,2,45,45,00:52:10 05-Aug-2025,MC,B,44.2465,-59.4392,44.2465,-59.4392,8,,401677722,-119
260378,260378,UT,DS,2,0,2,45,45,01:22:18 05-Aug-2025,NP,B,44.2684,-59.4484,44.2684,-59.4484,5,,401677758,-124
260378,260378,UT,DS,2,0,2,45,45,02:12:41 05-Aug-2025,O3,B,44.3994,-59.5554,44.3994,-59.5554,8,,401677626,-125
260378,260378,UT,DS,1,0,1,,,02:35:21 05-Aug-2025,MC,B,44.4150,-59.5271,44.4150,-59.5271,6,,401677717,-129
260378,260378,UT,DS,1,0,1,,,03:03:08 05-Aug-2025,NP,B,44.3698,-59.4908,44.3698,-59.4908,6,,401677687,-134
260378,260378,UT,DS,2,0,2,45,45,03:45:49 05-Aug-2025,O3,B,44.4913,-59.5713,44.4913,-59.5713,8,,401677672,-129
260378,260378,UT,DS,1,0,1,,,05:25:58 05-Aug-2025,O3,B,44.6154,-59.6696,44.6154,-59.6696,8,,401677591,-139
260378,260378,UT,DS,1,0,1,,,07:48:42 05-Aug-2025,SR,B,44.5851,-59.6261,44.5851,-59.6261,6,,401677700,-135
260378,260378,UT,DS,2,0,2,45,45,08:37:41 05-Aug-2025,CS,B,43.7229,-59.6582,36.9152,-35.5458,,,401677689,-131
260378,260378,UT,DS,2,0,2,45,45,09:33:09 05-Aug-2025,SR,Z,44.1448,-59.3458,44.1448,-59.3458,33,,401677977,-122
260378,260378,UT,DS,3,0,3,45,45,10:18:15 05-Aug-2025,CS,A,44.2218,-59.1875,52.0637,-81.3100,50,,401677689,-130
260378,260378,UT,DS,2,0,2,45,45,13:00:04 05-Aug-2025,MC,B,44.1391,-59.1525,44.1391,-59.1525,8,,401677686,-127
260378,260378,UT,DS,2,0,2,45,45,13:54:36 05-Aug-2025,MB,B,44.2221,-59.0092,44.2221,-59.0092,8,,401677581,-121
260378,260378,UT,DS,1,0,1,,,14:50:29 05-Aug-2025,MC,B,44.2708,-58.9418,44.2708,-58.9418,4,,401677696,-126
260378,260378,UT,DS,1,0,1,,,15:47:52 05-Aug-2025,O3,B,44.3005,-58.8893,44.3005,-58.8893,8,,401677685,-133
260378,260378,UT,DS,1,0,1,,,16:24:58 05-Aug-2025,MC,B,44.2897,-58.9025,44.2897,-58.9025,5,,401677730,-129
260378,260378,UT,DS,2,0,2,58,58,17:28:57 05-Aug-2025,O3,B,44.2579,-58.9299,44.2579,-58.9299,8,,401677717,-132
260378,260378,UT,DS,1,0,1,,,18:19:43 05-Aug-2025,CS,B,44.2795,-58.9315,44.2795,-58.9315,5,,401677805,-132
260378,260378,UT,DS,3,0,3,237,58,19:57:33 05-Aug-2025,CS,A,44.2849,-59.1287,44.2849,-59.1287,8,,401677733,-125
260378,260378,UT,DS,1,0,1,,,21:40:52 05-Aug-2025,SR,B,44.3447,-59.1656,44.3447,-59.1656,,,401677694,-120
260378,260378,UT,DS,1,0,1,,,21:40:52 05-Aug-2025,CS,B,44.3041,-59.1668,44.3041,-59.1668,8,,401677751,-134
260378,260378,UT,DS,1,0,1,,,22:47:36 05-Aug-2025,MC,B,44.3713,-59.2046,44.3713,-59.2046,6,,401677722,-123
260378,260378,UT,DS,3,0,3,249,63,23:27:15 05-Aug-2025,SR,A,44.6618,-59.1078,44.6618,-59.1078,,,401677757,-132
260378,260378,UT,DS,1,0,1,,,23:27:15 05-Aug-2025,NP,B,44.3772,-59.2072,44.3772,-59.2072,7,,401677733,-132
260378,260378,UT,DS,3,0,3,265,62,23:35:58 05-Aug-2025,MB,A,44.5178,-59.2502,,,6,,401677687,-128
260378,260378,UT,DS,3,0,1,197,180,00:23:38 06-Aug-2025,MC,A,44.0049,-59.7305,,,40,,401677689,-128
260378,260378,UT,DS,1,0,1,,,01:28:14 06-Aug-2025,O3,B,43.9992,-59.7218,43.9992,-59.7218,8,,401677659,-136
260378,260378,UT,DS,1,0,1,,,02:08:22 06-Aug-2025,MC,B,44.0787,-59.7002,44.0787,-59.7002,3,,401677847,-125
260378,260378,UT,DS,2,0,2,47,47,03:02:55 06-Aug-2025,O3,B,44.2805,-59.7531,44.2805,-59.7531,8,,401677799,-121
260378,260378,UT,DS,1,0,1,,,04:44:53 06-Aug-2025,O3,B,44.4220,-59.7784,44.4220,-59.7784,8,,401677778,-130
260378,260378,UT,DS,1,0,1,,,07:22:56 06-Aug-2025,SR,B,44.5879,-59.4152,44.5879,-59.4152,8,,401677527,-130
260378,260378,UT,DS,1,0,1,,,08:04:38 06-Aug-2025,CS,Z,44.3451,-59.4925,44.3451,-59.4925,4,,401677650,-130
260378,260378,UT,DS,1,0,1,,,09:03:51 06-Aug-2025,SR,B,44.6819,-59.3755,44.6819,-59.3755,7,,401677552,-135
260378,260378,UT,DS,2,0,2,671,671,09:41:14 06-Aug-2025,CS,B,43.1604,-59.3704,43.7759,-63.9703,,,401677689,-131
260378,260378,UT,DS,2,0,2,92,92,11:18:37 06-Aug-2025,CS,B,43.6312,-59.4090,43.6312,-59.4090,8,,401677382,-130
260378,260378,UT,DS,2,0,2,51,51,12:41:11 06-Aug-2025,MC,B,44.1149,-59.2963,36.3887,-21.6741,,,401677689,-123
260378,260378,UT,DS,1,0,1,,,13:34:26 06-Aug-2025,NP,B,44.2234,-59.1903,44.2234,-59.1903,,,401677709,-128
260378,260378,UT,DS,1,0,1,,,13:34:26 06-Aug-2025,MB,B,44.2004,-59.2004,44.2004,-59.2004,8,,401677608,-121
260378,260378,UT,DS,1,0,1,,,14:21:50 06-Aug-2025,MC,B,44.2962,-59.1101,44.2962,-59.1101,6,,401677732,-119
260378,260378,UT,DS,1,0,1,,,15:09:52 06-Aug-2025,O3,B,44.3652,-59.0262,44.3652,-59.0262,6,,401677766,-132
260378,260378,UT,DS,1,0,1,,,15:16:07 06-Aug-2025,MB,B,44.2923,-59.1055,44.2923,-59.1055,7,,401677745,-133
260378,260378,UT,DS,1,0,1,,,15:16:07 06-Aug-2025,NP,B,44.2960,-59.1053,44.2960,-59.1053,8,,401677740,-132
260378,260378,UT,DS,2,0,2,63,63,16:41:05 06-Aug-2025,O3,B,43.9678,-59.4053,43.9678,-59.4053,8,,401677677,-125
260378,260378,UT,DS,1,0,1,,,18:24:40 06-Aug-2025,O3,B,44.0287,-59.4047,44.0287,-59.4047,8,,401677586,-130
260378,260378,UT,DS,1,0,1,,,19:16:24 06-Aug-2025,CS,B,44.1611,-59.4982,44.1611,-59.4982,5,,401677681,-126
260378,260378,UT,DS,1,0,1,,,20:52:06 06-Aug-2025,CS,B,44.2426,-59.5294,44.2426,-59.5294,8,,401677615,-128
260378,260378,UT,DS,1,0,1,,,21:10:01 06-Aug-2025,SR,B,44.1678,-59.4525,44.1678,-59.4525,6,,401677728,-121
260378,260378,UT,DS,1,0,1,,,22:28:35 06-Aug-2025,MC,B,44.1978,-59.4710,44.1978,-59.4710,8,,401677648,-130
260378,260378,UT,DS,1,0,1,,,22:35:16 06-Aug-2025,CS,B,44.1833,-59.3335,44.1833,-59.3335,6,,401677748,-136
260378,260378,UT,DS,2,0,2,407,407,22:49:23 06-Aug-2025,SR,B,44.2959,-59.4686,44.2959,-59.4686,6,,401677731,-121
260378,260378,UT,DS,2,0,1,332,332,00:08:07 07-Aug-2025,MC,B,44.2395,-59.0117,44.2395,-59.0117,8,,401677718,-127
260378,260378,UT,DS,1,0,1,,,00:30:34 07-Aug-2025,SR,B,44.1940,-58.9672,44.1940,-58.9672,6,,401677734,-132
260378,260378,UT,DS,2,0,2,399,399,00:57:44 07-Aug-2025,MB,B,44.1907,-58.9665,44.1907,-58.9665,6,,401677721,-124
260378,260378,UT,DS,2,0,2,454,454,01:45:26 07-Aug-2025,MC,B,44.1913,-58.9506,44.1913,-58.9506,8,,401677721,-122
260378,260378,UT,DS,1,0,1,,,02:19:22 07-Aug-2025,O3,B,44.1909,-58.9383,44.1909,-58.9383,8,,401677716,-123
260378,260378,UT,DS,1,0,1,,,04:02:22 07-Aug-2025,O3,B,44.1941,-58.9039,44.1941,-58.9039,8,,401677717,-128
260378,260378,UT,DS,1,0,1,,,07:20:45 07-Aug-2025,CS,B,44.1623,-58.8703,44.1623,-58.8703,8,,401677744,-136
260378,260378,UT,DS,1,0,1,,,09:02:28 07-Aug-2025,CS,B,44.1558,-58.9140,,,8,,401677753,-124
260378,260378,UT,DS,2,0,2,361,361,12:18:39 07-Aug-2025,MC,B,44.1226,-58.9995,44.1226,-58.9995,8,,401677735,-130
260378,260378,UT,DS,2,0,1,238,238,13:57:56 07-Aug-2025,MC,B,44.0975,-58.9800,44.0975,-58.9800,8,,401677717,-126
260378,260378,UT,DS,1,0,1,,,14:47:58 07-Aug-2025,MB,B,43.6993,-58.9416,43.6993,-58.9416,8,,401677721,-132
260378,260378,UT,DS,2,0,2,46,46,15:41:57 07-Aug-2025,MC,B,43.7710,-59.0283,43.7710,-59.0283,8,,401677570,-125
260378,260378,UT,DS,1,0,1,,,16:01:10 07-Aug-2025,O3,B,43.8318,-58.9617,43.8318,-58.9617,6,,401677446,-124
260378,260378,UT,DS,1,0,1,,,17:39:19 07-Aug-2025,O3,B,43.7831,-58.9960,43.7831,-58.9960,7,,401677466,-135
260378,260378,UT,DS,1,0,1,,,18:32:06 07-Aug-2025,CS,B,43.9975,-58.8658,43.9975,-58.8658,3,,401677776,-134
260378,260378,UT,DS,1,0,1,,,20:09:40 07-Aug-2025,CS,B,44.0947,-58.8249,44.0947,-58.8249,8,,401677707,-133
260378,260378,UT,DS,1,0,1,,,20:34:53 07-Aug-2025,SR,B,44.1317,-58.8309,44.1317,-58.8309,6,,401677688,-131
260378,260378,UT,DS,3,0,3,252,68,22:18:20 07-Aug-2025,SR,A,44.3508,-59.4228,44.3508,-59.4228,8,,401677708,-120
260378,260378,UT,DS,1,0,1,,,23:05:33 07-Aug-2025,NP,B,44.3792,-59.4403,44.3792,-59.4403,8,,401677550,-130
260378,260378,UT,DS,4,0,3,187,60,23:42:51 07-Aug-2025,MC,0,44.4969,-59.0356,50.4254,-28.7495,40,,401677637,-125
260378,260378,UT,DS,2,0,2,465,465,23:59:59 07-Aug-2025,SR,B,44.2084,-58.8288,44.2084,-58.8288,6,,401677721,-130
260378,260378,UT,DS,1,0,1,,,00:32:02 08-Aug-2025,MB,B,44.2079,-58.8290,44.2079,-58.8290,8,,401677704,-133
260378,260378,UT,DS,4,0,2,184,42,00:38:58 08-Aug-2025,NP,0,44.0514,-59.1766,46.6702,-45.8493,48,,401677732,-125
260378,260378,UT,DS,3,0,3,258,47,01:22:10 08-Aug-2025,MC,A,44.4811,-59.2188,41.1458,-75.7186,48,,401677637,-124
260378,260378,UT,DS,1,0,1,,,01:38:18 08-Aug-2025,O3,B,44.4792,-59.2125,44.4792,-59.2125,6,,401677573,-134
260378,260378,UT,DS,3,0,3,296,44,03:11:21 08-Aug-2025,O3,A,44.2383,-59.0983,44.2383,-59.0983,6,,401677703,-127
260378,260378,UT,DS,2,0,2,44,44,03:08:11 08-Aug-2025,MC,B,44.4974,-58.7061,44.4974,-58.7061,8,,401677573,-129
260378,260378,UT,DS,2,0,2,462,462,04:50:32 08-Aug-2025,O3,B,44.2412,-58.7634,44.2412,-58.7634,8,,401677695,-130
260378,260378,UT,DS,1,0,1,,,07:59:19 08-Aug-2025,SR,B,44.2896,-58.3878,44.2896,-58.3878,8,,401677727,-125
260378,260378,UT,DS,1,0,1,,,08:17:28 08-Aug-2025,CS,B,44.2643,-58.3419,44.2643,-58.3419,6,,401677752,-124
260378,260378,UT,DS,1,0,1,,,09:33:56 08-Aug-2025,SR,B,44.2722,-58.2010,44.2722,-58.2010,8,,401677759,-125
260378,260378,UT,DS,1,0,1,,,09:56:19 08-Aug-2025,CS,B,44.2026,-58.6099,44.2026,-58.6099,6,,401677723,-119
260378,260378,UT,DS,1,0,1,,,11:15:21 08-Aug-2025,SR,B,44.2086,-58.4454,44.2086,-58.4454,8,,401677719,-132
260378,260378,UT,DS,1,0,1,,,11:35:51 08-Aug-2025,CS,B,44.2140,-58.2739,44.2140,-58.2739,6,,401677749,-136
260378,260378,UT,DS,2,0,2,45,45,12:00:55 08-Aug-2025,MC,B,43.9609,-58.9095,33.0065,-2.9880,,,401677699,-127
260378,260378,UT,DS,1,0,1,,,13:10:47 08-Aug-2025,NP,B,44.1756,-58.8231,,,8,,401677680,-138
260378,260378,UT,DS,1,0,1,,,13:38:10 08-Aug-2025,MC,B,44.1736,-58.7393,44.1736,-58.7393,6,,401677725,-124
260378,260378,UT,DS,1,0,1,,,15:17:24 08-Aug-2025,O3,B,44.1862,-58.5177,44.1862,-58.5177,8,,401677706,-132
260378,260378,UT,DS,1,0,1,,,15:17:24 08-Aug-2025,MC,B,44.1700,-58.5372,44.1700,-58.5372,8,,401677712,-125
260378,260378,UT,DS,1,0,1,,,16:55:14 08-Aug-2025,O3,B,44.1804,-58.4634,44.1804,-58.4634,8,,401677685,-128
260378,260378,UT,DS,1,0,1,,,19:31:44 08-Aug-2025,CS,B,44.2172,-58.1789,44.2172,-58.1789,8,,401677705,-121
260378,260378,UT,DS,1,0,1,,,20:04:19 08-Aug-2025,SR,B,44.2134,-58.2615,44.2134,-58.2615,8,,401677704,-136
260378,260378,UT,DS,1,0,1,,,21:13:11 08-Aug-2025,CS,B,44.1758,-58.4059,44.1758,-58.4059,8,,401677703,-131
260378,260378,UT,DS,2,0,2,451,451,21:46:54 08-Aug-2025,SR,B,44.1692,-58.4853,44.1692,-58.4853,6,,401677719,-122
260378,260378,UT,DS,1,0,1,,,22:40:07 08-Aug-2025,MB,B,44.1589,-58.5082,44.1589,-58.5082,8,,401677710,-134
260378,260378,UT,DS,1,0,1,,,22:54:30 08-Aug-2025,NP,B,44.1568,-58.5148,44.1568,-58.5148,6,,401677711,-134
260378,260378,UT,DS,2,0,2,388,388,23:21:31 08-Aug-2025,MC,B,44.1516,-58.4997,44.1516,-58.4997,6,,401677714,-119
260378,260378,UT,DS,2,0,2,388,388,23:27:59 08-Aug-2025,SR,B,44.1375,-58.5113,44.1375,-58.5113,6,,401677711,-125
260378,260378,UT,DS,1,0,1,,,00:21:04 09-Aug-2025,MB,B,44.1290,-58.5349,44.1290,-58.5349,8,,401677721,-128
260378,260378,UT,DS,6,0,3,109,14,00:32:17 09-Aug-2025,NP,0,44.1550,-59.0479,47.9240,-40.0723,40,,401677751,-122
260378,260378,UT,DS,1,0,1,,,00:48:54 09-Aug-2025,O3,B,44.1493,-59.0426,44.1493,-59.0426,6,,401677634,-139
260378,260378,UT,DS,1,0,1,,,01:09:22 09-Aug-2025,MC,B,44.1558,-59.0341,44.1558,-59.0341,6,,401677739,-116
260378,260378,UT,DS,1,0,1,,,02:10:41 09-Aug-2025,NP,B,44.1317,-58.9844,44.1317,-58.9844,8,,401677616,-126
260378,260378,UT,DS,1,0,1,,,02:23:16 09-Aug-2025,O3,B,44.1363,-58.9246,44.1363,-58.9246,6,,401677746,-126
260378,260378,UT,DS,3,0,3,240,57,04:05:17 09-Aug-2025,O3,A,44.2529,-58.3533,44.2529,-58.3533,8,,401677691,-127
260378,260378,UT,DS,1,0,1,,,07:23:57 09-Aug-2025,SR,B,44.3060,-57.9856,44.3060,-57.9856,8,,401677692,-133
260378,260378,UT,DS,2,0,2,673,673,09:01:01 09-Aug-2025,SR,B,44.3265,-57.8045,44.3265,-57.8045,8,,401677708,-132
260378,260378,UT,DS,2,0,2,616,616,09:22:31 09-Aug-2025,CS,B,44.0425,-58.2831,44.0425,-58.2831,6,,401677717,-126
260378,260378,UT,DS,1,0,1,,,10:41:24 09-Aug-2025,SR,B,44.0730,-58.5548,44.0730,-58.5548,7,,401677744,-133
260378,260378,UT,DS,1,0,1,,,10:52:07 09-Aug-2025,CS,B,44.0967,-58.5205,44.0967,-58.5205,6,,401677687,-130
260378,260378,UT,DS,1,0,1,,,13:23:03 09-Aug-2025,MC,B,44.1191,-58.6018,44.1191,-58.6018,8,,401677622,-111
260378,260378,UT,DS,1,0,1,,,14:28:42 09-Aug-2025,O3,B,44.0936,-58.5110,44.0936,-58.5110,6,,401677677,-131
260378,260378,UT,DS,2,0,2,365,365,14:59:59 09-Aug-2025,MC,B,44.0917,-58.4525,44.0917,-58.4525,6,,401677694,-115
260378,260378,UT,DS,1,0,1,,,17:42:57 09-Aug-2025,O3,B,44.0265,-58.3519,,,8,,401677712,-127
260378,260378,UT,DS,2,0,2,48,48,18:50:08 09-Aug-2025,CS,B,44.3575,-58.6825,52.0994,-15.5636,,,401677637,-131
260378,260378,UT,DS,2,0,2,53,53,20:31:01 09-Aug-2025,CS,B,44.2027,-58.5309,44.2027,-58.5309,5,,401677760,-116
260378,260378,UT,DS,1,0,1,,,21:12:35 09-Aug-2025,SR,B,44.2081,-58.5286,44.2081,-58.5286,8,,401677736,-126
260378,260378,UT,DS,1,0,1,,,22:11:00 09-Aug-2025,CS,B,44.1688,-58.4789,44.1688,-58.4789,6,,401677771,-133
260378,260378,UT,DS,1,0,1,,,22:56:18 09-Aug-2025,SR,B,44.2223,-58.4721,44.2223,-58.4721,8,,401677690,-122
260378,260378,UT,DS,2,0,2,386,386,23:04:42 09-Aug-2025,MC,B,44.2698,-58.4395,44.2698,-58.4395,6,,401677720,-125
260378,260378,UT,DS,1,0,1,,,23:55:11 09-Aug-2025,MB,B,44.2614,-58.3886,44.2614,-58.3886,8,,401677726,-124
260378,260378,UT,DS,3,0,1,107,35,00:18:54 10-Aug-2025,NP,A,44.2965,-59.3516,,,40,,401677637,-128
260378,260378,UT,DS,1,0,1,,,00:32:37 10-Aug-2025,SR,B,44.3003,-59.3467,44.3003,-59.3467,6,,401677555,-130
260378,260378,UT,DS,5,0,3,114,61,00:40:38 10-Aug-2025,MC,0,44.0173,-59.2539,44.0173,-59.2539,46,,401677717,-111
260378,260378,UT,DS,2,0,2,380,380,01:38:06 10-Aug-2025,O3,B,44.2524,-58.4299,52.9607,-9.8245,8,,401677816,-132
260378,260378,UT,DS,1,0,1,,,02:25:34 10-Aug-2025,MC,B,44.2524,-58.4299,44.2524,-58.4299,8,,401677728,-130
260378,260378,UT,DS,2,0,2,444,444,03:19:47 10-Aug-2025,O3,B,44.2855,-58.3777,44.2855,-58.3777,8,,401677721,-126
260378,260378,UT,DS,1,0,1,,,05:00:44 10-Aug-2025,O3,B,44.2881,-58.3586,44.2881,-58.3586,8,,401677693,-130
260378,260378,UT,DS,1,0,1,,,06:57:42 10-Aug-2025,SR,B,44.2841,-58.3902,,,8,,401677713,-138
260378,260378,UT,DS,2,0,2,711,711,08:34:33 10-Aug-2025,SR,B,44.2116,-58.4832,44.2116,-58.4832,6,,401677723,-133
260378,260378,UT,DS,1,0,1,,,08:28:38 10-Aug-2025,CS,B,44.3026,-58.3574,44.3026,-58.3574,8,,401677716,-138
260378,260378,UT,DS,1,0,1,,,10:17:31 10-Aug-2025,SR,B,44.2220,-58.4667,44.2220,-58.4667,8,,401677715,-134
260378,260378,UT,DS,1,0,1,,,12:06:04 10-Aug-2025,MB,B,44.2164,-58.4496,44.2164,-58.4496,8,,401677729,-131
260378,260378,UT,DS,3,0,3,45,44,12:42:12 10-Aug-2025,NP,A,44.4216,-59.0100,34.4907,-9.3527,50,,401677728,-127
260378,260378,UT,DS,5,0,5,172,47,12:55:55 10-Aug-2025,MC,0,44.1016,-58.4137,44.1016,-58.4137,46,,401677695,-125
260378,260378,UT,DS,1,0,1,,,13:54:07 10-Aug-2025,MB,B,44.2285,-58.4674,44.2285,-58.4674,7,,401677736,-126
260378,260378,UT,DS,2,0,2,45,45,14:39:08 10-Aug-2025,MC,B,44.1368,-58.5193,44.1368,-58.5193,8,,401677674,-117
260378,260378,UT,DS,2,0,2,45,45,15:21:52 10-Aug-2025,O3,B,44.1398,-58.6558,44.1398,-58.6558,8,,401677640,-128
260378,260378,UT,DS,2,0,2,44,44,16:19:52 10-Aug-2025,MC,B,43.9223,-58.5800,43.9223,-58.5800,8,,401677603,-127
260378,260378,UT,DS,2,0,2,45,45,16:58:01 10-Aug-2025,O3,B,44.0347,-58.4130,44.0347,-58.4130,4,,401677687,-124
260378,260378,UT,DS,3,0,3,45,45,18:12:35 10-Aug-2025,CS,A,43.9212,-58.4784,43.9212,-58.4784,5,,401677818,-132
260378,260378,UT,DS,3,0,3,45,45,19:49:11 10-Aug-2025,CS,A,44.2082,-58.5654,44.2082,-58.5654,8,,401677741,-119
260378,260378,UT,DS,2,0,2,44,44,20:45:45 10-Aug-2025,SR,B,44.3683,-58.6412,44.3683,-58.6412,8,,401677724,-132
260378,260378,UT,DS,4,0,4,159,45,21:28:46 10-Aug-2025,CS,0,44.3163,-58.4517,44.3163,-58.4517,48,,401677692,-128
260378,260378,UT,DS,3,0,3,232,53,22:18:47 10-Aug-2025,SR,A,44.3353,-58.4409,44.3353,-58.4409,6,,401677716,-127
260378,260378,UT,DS,1,0,1,,,22:48:39 10-Aug-2025,MC,B,44.3481,-58.4126,44.3481,-58.4126,6,,401677709,-126
260378,260378,UT,DS,1,0,1,,,23:40:39 10-Aug-2025,MB,B,44.3656,-58.3824,44.3656,-58.3824,8,,401677705,-131
260378,260378,UT,DS,3,0,3,164,44,00:00:22 11-Aug-2025,SR,A,44.1473,-58.6393,44.1473,-58.6393,6,,401677646,-127
260378,260378,UT,DS,3,0,2,237,237,00:07:44 11-Aug-2025,NP,A,44.4662,-58.5421,44.4662,-58.5421,6,,401677667,-130
260378,260378,UT,DS,7,0,4,83,9,00:18:57 11-Aug-2025,MC,0,43.9825,-59.2194,46.5351,-45.7911,48,,401677751,-120
260378,260378,UT,DS,1,0,1,,,01:48:09 11-Aug-2025,NP,B,44.0535,-59.2326,46.1377,-45.7570,6,,401677833,-131
260378,260378,UT,DS,3,0,3,235,45,02:03:03 11-Aug-2025,MC,A,44.0394,-58.5787,44.0394,-58.5787,1,,401677763,-119
260378,260378,UT,DS,2,0,2,44,44,02:34:00 11-Aug-2025,O3,B,44.0698,-58.5787,44.0698,-58.5787,4,,401677845,-119
260378,260378,UT,DS,1,0,1,,,04:13:17 11-Aug-2025,O3,B,44.1550,-58.5890,44.1550,-58.5890,8,,401677810,-121
260378,260378,UT,DS,2,0,2,65,65,07:54:13 11-Aug-2025,CS,B,44.4159,-58.6863,44.4159,-58.6863,8,,401677783,-127
260378,260378,UT,DS,1,0,1,,,08:01:21 11-Aug-2025,SR,B,44.2877,-58.7704,44.2877,-58.7704,6,,401677667,-135
260378,260378,UT,DS,3,0,3,177,51,09:34:25 11-Aug-2025,CS,A,44.4337,-58.9898,44.4337,-58.9898,6,,401677734,-120
260378,260378,UT,DS,2,0,2,329,329,09:36:40 11-Aug-2025,SR,B,44.3849,-58.7981,44.3849,-58.7981,7,,401677685,-129
260378,260378,UT,DS,3,0,3,193,44,11:10:26 11-Aug-2025,CS,A,44.3259,-58.2435,44.3259,-58.2435,6,,401677763,-132
260378,260378,UT,DS,2,0,2,518,518,12:37:15 11-Aug-2025,MC,B,44.4627,-58.3775,44.4627,-58.3775,8,,401677728,-133
260378,260378,UT,DS,3,0,3,243,44,13:26:39 11-Aug-2025,MB,A,44.4225,-58.4186,44.4225,-58.4186,8,,401677736,-125
260378,260378,UT,DS,4,0,4,177,45,14:15:08 11-Aug-2025,MC,0,44.2807,-58.2529,44.2807,-58.2529,48,,401677717,-114
260378,260378,UT,DS,3,0,3,221,45,16:15:31 11-Aug-2025,O3,A,44.1670,-58.5726,44.1670,-58.5726,8,,401677687,-130
260378,260378,UT,DS,3,0,3,230,53,17:52:59 11-Aug-2025,O3,A,44.0525,-58.4656,44.0525,-58.4656,8,,401677668,-128
260378,260378,UT,DS,3,0,3,226,63,19:12:10 11-Aug-2025,CS,A,44.0546,-58.1614,44.0546,-58.1614,5,,401677786,-132
260378,260378,UT,DS,4,0,4,253,44,20:44:04 11-Aug-2025,CS,0,44.2684,-58.3894,,,48,,401677709,-117
260378,260378,UT,DS,2,0,2,45,45,21:51:07 11-Aug-2025,SR,B,44.2483,-58.5419,44.2483,-58.5419,8,,401677696,-122
260378,260378,UT,DS,3,0,3,45,45,22:26:23 11-Aug-2025,CS,A,44.2132,-57.9169,,,58,,401677709,-132
260378,260378,UT,DS,3,0,3,45,45,22:27:08 11-Aug-2025,MC,A,43.9644,-58.8736,56.8241,12.6309,68,,401677709,-124
260378,260378,UT,DS,4,0,2,122,45,00:04:37 12-Aug-2025,MC,0,43.9307,-59.1117,,,45,,401677884,-122
260378,260378,UT,DS,1,0,1,,,00:53:51 12-Aug-2025,MB,B,43.9057,-59.1374,43.9057,-59.1374,8,,401677839,-133
260378,260378,UT,DS,2,0,2,453,453,01:50:45 12-Aug-2025,O3,B,44.1545,-58.3562,44.1545,-58.3562,6,,401677748,-134
260378,260378,UT,DS,2,0,2,45,45,01:47:21 12-Aug-2025,MC,B,44.0818,-58.9861,44.0818,-58.9861,6,,401677875,-120
260378,260378,UT,DS,1,0,1,,,03:24:52 12-Aug-2025,O3,B,44.2279,-58.3186,44.2279,-58.3186,8,,401677736,-121
260378,260378,UT,DS,3,0,3,255,44,05:05:50 12-Aug-2025,O3,A,44.4472,-58.3193,,,8,,401677662,-132
260378,260378,UT,DS,1,0,1,,,07:29:49 12-Aug-2025,SR,B,44.5729,-58.2695,44.5729,-58.2695,8,,401677591,-130
260378,260378,UT,DS,1,0,1,,,08:57:15 12-Aug-2025,CS,B,44.3889,-58.3359,44.3889,-58.3359,5,,401677745,-132
260378,260378,UT,DS,2,0,2,93,93,09:11:27 12-Aug-2025,SR,B,44.2156,-58.3069,44.2156,-58.3069,6,,401677751,-125
260378,260378,UT,DS,1,0,1,,,10:27:09 12-Aug-2025,CS,B,44.2258,-58.3199,44.2258,-58.3199,8,,401677762,-135
260378,260378,UT,DS,1,0,1,,,10:45:49 12-Aug-2025,SR,B,44.2201,-58.3282,,,6,,401677748,-128
260378,260378,UT,DS,1,0,1,,,13:15:45 12-Aug-2025,MB,B,44.2530,-58.3424,44.2530,-58.3424,8,,401677731,-131
260378,260378,UT,DS,2,0,1,259,259,14:03:39 12-Aug-2025,MC,Z,43.6637,-58.5855,43.6637,-58.5855,38,,401677704,-122
260378,260378,UT,DS,1,0,1,,,15:33:59 12-Aug-2025,O3,B,44.2546,-58.3677,44.2546,-58.3677,8,,401677747,-126
260378,260378,UT,DS,1,0,1,,,15:33:59 12-Aug-2025,MC,B,44.2669,-58.3624,44.2669,-58.3624,8,,401677743,-131
260378,260378,UT,DS,1,0,1,,,17:09:08 12-Aug-2025,O3,B,44.2666,-58.3670,44.2666,-58.3670,8,,401677745,-126
260378,260378,UT,DS,3,0,3,255,64,19:59:50 12-Aug-2025,CS,A,44.1328,-58.4681,44.1328,-58.4681,8,,401677727,-130
260378,260378,UT,DS,1,0,1,,,21:22:28 12-Aug-2025,SR,B,44.1407,-58.4685,44.1407,-58.4685,8,,401677683,-129
260378,260378,UT,DS,1,0,1,,,21:44:13 12-Aug-2025,CS,B,44.1954,-58.4298,44.1954,-58.4298,6,,401677758,-130
260378,260378,UT,DS,1,0,1,,,22:05:31 12-Aug-2025,MC,B,44.1970,-58.4257,44.1970,-58.4257,6,,401677744,-131
260378,260378,UT,DS,2,0,2,392,392,22:57:38 12-Aug-2025,SR,B,44.2377,-58.4730,44.2377,-58.4730,8,,401677721,-124
260378,260378,UT,DS,3,0,2,52,41,23:44:27 12-Aug-2025,MC,A,44.1050,-58.2827,44.1050,-58.2827,4,,401677856,-118
260378,260378,UT,DS,2,0,2,75,75,00:32:17 13-Aug-2025,MB,B,44.3196,-58.3144,44.3196,-58.3144,8,,401677689,-122
260378,260378,UT,DS,1,0,1,,,00:40:06 13-Aug-2025,SR,B,44.3180,-58.3084,44.3180,-58.3084,6,,401677759,-135
260378,260378,UT,DS,1,0,1,,,01:26:39 13-Aug-2025,MC,B,44.3244,-58.3292,44.3244,-58.3292,8,,401677655,-121
260378,260378,UT,DS,1,0,1,,,02:12:45 13-Aug-2025,MB,B,44.3597,-58.3416,44.3597,-58.3416,6,,401677700,-135
260378,260378,UT,DS,2,0,2,355,355,02:42:11 13-Aug-2025,O3,B,44.3082,-58.4493,44.3082,-58.4493,6,,401677708,-124
260378,260378,UT,DS,1,0,1,,,03:05:35 13-Aug-2025,MC,B,44.3310,-58.4530,44.3310,-58.4530,6,,401677703,-126
260378,260378,UT,DS,3,0,3,214,46,04:20:51 13-Aug-2025,O3,A,44.3789,-58.2708,44.3789,-58.2708,8,,401677687,-122
260378,260378,UT,DS,2,0,2,45,45,08:09:06 13-Aug-2025,CS,B,44.2792,-58.7045,44.2792,-58.7045,7,,401677756,-127
260378,260378,UT,DS,2,0,2,453,453,08:36:19 13-Aug-2025,SR,B,44.1275,-58.5021,44.1275,-58.5021,6,,401677729,-124
260378,260378,UT,DS,2,0,2,46,46,09:50:37 13-Aug-2025,CS,B,44.2721,-58.4293,44.2721,-58.4293,7,,401677746,-120
260378,260378,UT,DS,1,0,1,,,10:15:43 13-Aug-2025,SR,B,44.2648,-58.4085,44.2648,-58.4085,6,,401677713,-122
260378,260378,UT,DS,1,0,1,,,12:47:10 13-Aug-2025,MB,B,44.3660,-58.3523,44.3660,-58.3523,7,,401677740,-132
260378,260378,UT,DS,3,0,3,45,44,15:15:24 13-Aug-2025,MC,A,44.0883,-58.7277,44.0883,-58.7277,8,,401677640,-118
260378,260378,UT,DS,1,0,1,,,16:20:40 13-Aug-2025,O3,B,44.0700,-58.7375,44.0700,-58.7375,6,,401677675,-120
260378,260378,UT,DS,1,0,1,,,17:59:15 13-Aug-2025,O3,B,44.0695,-58.6706,44.0695,-58.6706,8,,401677597,-130
260378,260378,UT,DS,2,0,2,67,67,19:24:36 13-Aug-2025,CS,B,44.2072,-58.6171,44.2072,-58.6171,5,,401677704,-120
260378,260378,UT,DS,2,0,2,378,378,20:45:02 13-Aug-2025,SR,B,44.1880,-58.4658,44.1880,-58.4658,8,,401677739,-128
260378,260378,UT,DS,2,0,2,417,417,21:01:07 13-Aug-2025,CS,B,44.2470,-58.4299,44.2470,-58.4299,6,,401677731,-122
260378,260378,UT,DS,2,0,2,414,414,22:30:10 13-Aug-2025,SR,B,44.2638,-58.3745,44.2638,-58.3745,8,,401677730,-123
260378,260378,UT,DS,2,0,2,411,411,23:22:07 13-Aug-2025,MC,B,44.2723,-58.3470,44.2723,-58.3470,8,,401677729,-120
260378,260378,UT,DS,1,0,1,,,00:07:16 14-Aug-2025,SR,B,44.2495,-58.3873,44.2495,-58.3873,7,,401677745,-129
260378,260378,UT,DS,1,0,1,,,00:12:51 14-Aug-2025,MB,B,44.2381,-58.3692,44.2381,-58.3692,6,,401677731,-132
260378,260378,UT,DS,3,0,2,206,40,01:02:01 14-Aug-2025,MC,A,44.2125,-58.5392,44.2125,-58.5392,8,,401677737,-125
260378,260378,UT,DS,1,0,1,,,01:55:23 14-Aug-2025,O3,B,44.2073,-58.5820,44.2073,-58.5820,8,,401677744,-128
260378,260378,UT,DS,2,0,2,396,396,02:40:13 14-Aug-2025,MC,B,44.2019,-58.6142,44.2019,-58.6142,8,,401677737,-125
260378,260378,UT,DS,1,0,1,,,03:32:16 14-Aug-2025,O3,B,44.2315,-58.4235,44.2315,-58.4235,8,,401677738,-121
260378,260378,UT,DS,1,0,1,,,05:13:33 14-Aug-2025,O3,B,44.2325,-58.3910,44.2325,-58.3910,8,,401677732,-129
260378,260378,UT,DS,1,0,1,,,07:26:47 14-Aug-2025,CS,B,44.2420,-58.3627,44.2420,-58.3627,8,,401677728,-134
260378,260378,UT,DS,3,0,3,220,55,08:06:24 14-Aug-2025,SR,A,44.2324,-58.5498,50.1567,-26.1827,40,,401677709,-123
260378,260378,UT,DS,1,0,1,,,09:07:28 14-Aug-2025,CS,B,44.2208,-58.5514,,,7,,401677725,-120
260378,260378,UT,DS,2,0,2,507,507,09:44:04 14-Aug-2025,SR,B,44.1965,-58.4977,44.1965,-58.4977,8,,401677708,-125
260378,260378,UT,DS,1,0,1,,,10:47:23 14-Aug-2025,CS,B,44.1936,-58.4606,44.1936,-58.4606,8,,401677708,-126
260378,260378,UT,DS,2,0,1,26,26,13:18:32 14-Aug-2025,MC,B,43.7455,-55.2067,41.2364,-42.3432,,,401677709,-120
260378,260378,UT,DS,2,0,2,51,51,14:56:50 14-Aug-2025,MC,B,44.1604,-58.5026,49.5395,-86.1358,,,401677709,-117
260378,260378,UT,DS,2,0,2,45,45,15:32:46 14-Aug-2025,O3,B,44.0427,-58.3977,44.0427,-58.3977,8,,401677692,-129
260378,260378,UT,DS,2,0,2,59,59,17:13:22 14-Aug-2025,O3,B,44.0185,-58.2469,44.0185,-58.2469,8,,401677703,-124
260378,260378,UT,DS,2,0,2,62,62,18:45:59 14-Aug-2025,CS,B,44.0130,-58.2609,44.0130,-58.2609,5,,401677820,-131
260378,260378,UT,DS,1,0,1,,,18:53:40 14-Aug-2025,O3,B,44.0199,-58.2673,44.0199,-58.2673,6,,401677678,-137
260378,260378,UT,DS,1,0,1,,,20:12:12 14-Aug-2025,SR,B,43.9867,-58.2628,43.9867,-58.2628,8,,401677623,-133
260378,260378,UT,DS,3,0,3,213,68,20:23:48 14-Aug-2025,CS,A,44.1806,-58.5933,44.1806,-58.5933,6,,401677723,-123
260378,260378,UT,DS,3,0,3,241,73,21:56:05 14-Aug-2025,SR,A,44.1839,-58.6657,44.1839,-58.6657,8,,401677709,-119
260378,260378,UT,DS,1,0,1,,,22:01:02 14-Aug-2025,CS,B,44.1853,-58.6677,44.1853,-58.6677,6,,401677763,-130
260378,260378,UT,DS,1,0,1,,,23:02:18 14-Aug-2025,MC,B,44.1632,-58.6620,44.1632,-58.6620,7,,401677724,-125
260378,260378,UT,DS,4,0,4,142,45,23:35:40 14-Aug-2025,SR,0,44.2684,-58.2305,50.8366,-92.6635,50,,401677739,-125
260378,260378,UT,DS,3,0,3,188,47,23:48:31 14-Aug-2025,MB,A,44.2130,-58.4169,44.2130,-58.4169,6,,401677733,-124
260378,260378,UT,DS,6,0,3,147,33,00:36:16 15-Aug-2025,MC,0,43.9579,-59.6294,45.1270,-53.6395,48,,401677721,-133
260378,260378,UT,DS,1,0,1,,,01:13:48 15-Aug-2025,O3,B,43.9410,-59.5953,45.2061,-53.8204,8,,401677519,-133
260378,260378,UT,DS,2,0,1,377,377,02:47:08 15-Aug-2025,O3,B,43.7226,-59.1718,43.7226,-59.1718,1,,401677817,-128
260378,260378,UT,DS,2,0,2,46,46,04:27:29 15-Aug-2025,O3,B,44.2287,-58.2027,38.4120,-89.1730,8,,401677739,-123
260378,260378,UT,DS,1,0,1,,,07:37:45 15-Aug-2025,SR,B,44.2377,-58.2236,44.2377,-58.2236,8,,401677760,-132
260378,260378,UT,DS,2,0,2,56,56,09:16:45 15-Aug-2025,SR,B,44.1766,-58.2314,44.1766,-58.2314,8,,401677737,-122
260378,260378,UT,DS,1,0,1,,,10:04:00 15-Aug-2025,CS,B,44.1564,-58.2750,44.1564,-58.2750,7,,401677754,-124
260378,260378,UT,DS,1,0,1,,,10:53:54 15-Aug-2025,SR,B,44.1500,-58.2827,44.1500,-58.2827,7,,401677767,-127
260378,260378,UT,DS,1,0,1,,,12:05:01 15-Aug-2025,MB,B,44.1853,-58.3556,44.1853,-58.3556,8,,401677692,-134
260378,260378,UT,DS,1,0,1,,,14:41:07 15-Aug-2025,MC,B,44.1888,-58.4241,44.1888,-58.4241,8,,401677697,-119
260378,260378,UT,DS,2,0,2,45,45,16:14:27 15-Aug-2025,MC,B,43.9685,-58.6183,43.9685,-58.6183,8,,401677637,-128
260378,260378,UT,DS,2,0,2,45,45,16:32:32 15-Aug-2025,O3,B,44.3136,-58.4837,44.3136,-58.4837,6,,401677732,-123
260378,260378,UT,DS,1,0,1,,,18:07:10 15-Aug-2025,O3,B,44.2514,-58.5448,44.2514,-58.5448,8,,401677701,-137
260378,260378,UT,DS,1,0,1,,,19:41:24 15-Aug-2025,CS,B,44.2138,-58.6343,44.2138,-58.6343,8,,401677717,-122
260378,260378,UT,DS,2,0,2,408,408,21:20:55 15-Aug-2025,CS,B,44.2490,-58.5097,44.2490,-58.5097,6,,401677729,-124
260378,260378,UT,DS,2,0,2,408,408,21:17:31 15-Aug-2025,SR,B,44.2574,-58.4945,44.2574,-58.4945,8,,401677739,-137
260378,260378,UT,DS,1,0,1,,,22:44:15 15-Aug-2025,MC,B,44.2021,-58.5705,44.2021,-58.5705,8,,401677721,-126
260378,260378,UT,DS,2,0,2,411,411,23:00:39 15-Aug-2025,SR,B,44.2693,-58.4889,44.2693,-58.4889,6,,401677726,-126
260378,260378,UT,DS,1,0,1,,,23:38:03 15-Aug-2025,MB,B,44.2477,-58.5207,44.2477,-58.5207,8,,401677730,-132
260378,260378,UT,DS,8,0,4,72,4,00:17:21 16-Aug-2025,MC,0,44.0584,-58.9907,46.8414,-44.5368,40,,401677745,-118
260378,260378,UT,DS,2,0,2,48,48,00:44:15 16-Aug-2025,SR,B,44.1644,-58.6876,44.1644,-58.6876,6,,401677673,-136
260378,260378,UT,DS,2,0,2,46,46,01:09:56 16-Aug-2025,MB,B,44.3255,-58.7085,44.3255,-58.7085,6,,401677640,-128
260378,260378,UT,DS,2,0,2,47,47,02:03:32 16-Aug-2025,MC,B,44.1426,-58.2767,37.4134,-92.4092,,,401677739,-120
260378,260378,UT,DS,1,0,1,,,02:03:55 16-Aug-2025,O3,B,44.1448,-58.2888,44.1448,-58.2888,6,,401677811,-122
260378,260378,UT,DS,2,0,2,290,290,03:43:52 16-Aug-2025,O3,B,44.2480,-58.4581,44.2480,-58.4581,8,,401677697,-121
260378,260378,UT,DS,1,0,1,,,08:38:56 16-Aug-2025,SR,B,44.3458,-58.6037,44.3458,-58.6037,8,,401677706,-129
260378,260378,UT,DS,1,0,1,,,12:33:59 16-Aug-2025,MC,B,44.2800,-58.6590,44.2800,-58.6590,7,,401677788,-125
260378,260378,UT,DS,1,0,1,,,13:32:11 16-Aug-2025,MB,B,44.2258,-58.4753,44.2258,-58.4753,8,,401677724,-129
260378,260378,UT,DS,3,0,3,296,46,14:11:53 16-Aug-2025,MC,A,44.4942,-58.0639,44.4942,-58.0639,5,,401677768,-121
260378,260378,UT,DS,2,0,2,552,552,15:44:47 16-Aug-2025,O3,B,44.5886,-58.4520,44.5886,-58.4520,8,,401677765,-127
260378,260378,UT,DS,1,0,1,,,15:57:51 16-Aug-2025,MC,B,44.5554,-58.4587,44.5554,-58.4587,6,,401677847,-124
260378,260378,UT,DS,1,0,1,,,17:21:42 16-Aug-2025,O3,B,44.6733,-58.4000,44.6733,-58.4000,5,,401677946,-124
260378,260378,UT,DS,2,0,2,71,71,20:35:16 16-Aug-2025,CS,B,44.4271,-58.4504,44.4271,-58.4504,8,,401677681,-125
260378,260378,UT,DS,1,0,1,,,20:53:02 16-Aug-2025,SR,B,44.3768,-58.5499,44.3768,-58.5499,6,,401677776,-129
260378,260378,UT,DS,1,0,1,,,22:14:38 16-Aug-2025,CS,B,44.3195,-58.6118,44.3195,-58.6118,8,,401677693,-136
260378,260378,UT,DS,2,0,2,509,509,22:29:16 16-Aug-2025,SR,B,44.3772,-58.5068,44.3772,-58.5068,6,,401677729,-127
260378,260378,UT,DS,3,0,2,219,90,23:55:43 16-Aug-2025,MC,A,44.1344,-59.3404,48.9070,-34.5274,40,,401677711,-124
260378,260378,UT,DS,1,0,1,,,00:10:24 17-Aug-2025,SR,B,44.1494,-59.3249,44.1494,-59.3249,6,,401677519,-130
260378,260378,UT,DS,2,0,2,464,464,00:47:02 17-Aug-2025,MB,B,44.1789,-58.4025,41.4810,-72.4794,,,401677634,-129
260378,260378,UT,DS,2,0,2,454,454,01:39:42 17-Aug-2025,MC,B,44.2406,-58.4930,44.2406,-58.4930,8,,401677785,-115
260378,260378,UT,DS,2,0,2,46,46,02:54:21 17-Aug-2025,O3,B,44.3507,-58.5103,44.3507,-58.5103,8,,401677680,-122
260378,260378,UT,DS,4,0,4,145,45,04:34:08 17-Aug-2025,O3,1,44.4425,-58.5157,44.4425,-58.5157,58,,401677654,-124
260378,260378,UT,DS,1,0,1,,,06:32:39 17-Aug-2025,SR,B,44.5237,-58.5450,44.5237,-58.5450,8,,401677627,-138
260378,260378,UT,DS,1,0,1,,,08:09:09 17-Aug-2025,SR,B,44.4390,-58.5731,44.4390,-58.5731,8,,401677580,-137
260378,260378,UT,DS,2,0,2,53,53,08:44:03 17-Aug-2025,CS,B,44.2644,-58.5901,44.2644,-58.5901,3,,401677733,-121
260378,260378,UT,DS,1,0,1,,,09:49:34 17-Aug-2025,SR,B,44.1800,-58.6270,,,8,,401677721,-121
260378,260378,UT,DS,1,0,1,,,10:19:22 17-Aug-2025,CS,B,44.1950,-58.6093,44.1950,-58.6093,6,,401677689,-124
260378,260378,UT,DS,1,0,1,,,13:52:35 17-Aug-2025,MC,B,43.9294,-58.7078,43.9294,-58.7078,8,,401677704,-123
260378,260378,UT,DS,1,0,1,,,15:03:19 17-Aug-2025,O3,B,44.1027,-58.5955,44.1027,-58.5955,8,,401677691,-132
260378,260378,UT,DS,1,0,1,,,15:38:13 17-Aug-2025,MC,B,44.1448,-58.6091,44.1448,-58.6091,8,,401677704,-120
260378,260378,UT,DS,3,0,3,211,67,16:36:51 17-Aug-2025,O3,A,44.1918,-58.3402,44.1918,-58.3402,6,,401677737,-119
260378,260378,UT,DS,1,0,1,,,18:17:59 17-Aug-2025,O3,B,44.2062,-58.2155,44.2062,-58.2155,,,401677744,-136
260378,260378,UT,DS,1,0,1,,,18:17:59 17-Aug-2025,CS,B,44.2033,-58.2132,44.2033,-58.2132,8,,401677749,-132
260378,260378,UT,DS,3,0,3,251,59,19:55:39 17-Aug-2025,CS,A,44.4340,-58.6824,44.4340,-58.6824,8,,401677688,-128
260378,260378,UT,DS,1,0,1,,,20:22:49 17-Aug-2025,SR,B,44.4369,-58.6982,44.4369,-58.6982,6,,401677795,-136
260378,260378,UT,DS,3,0,3,201,64,21:35:43 17-Aug-2025,CS,A,44.3366,-58.6736,37.6726,-93.8117,40,,401677654,-129
260378,260378,UT,DS,3,0,3,251,61,21:59:12 17-Aug-2025,SR,A,44.1767,-58.6484,44.1767,-58.6484,6,,401677769,-116
260378,260378,UT,DS,1,0,1,,,22:55:57 17-Aug-2025,MB,B,44.1759,-58.6432,44.1759,-58.6432,8,,401677697,-132
260378,260378,UT,DS,6,0,3,95,80,23:36:29 17-Aug-2025,MC,0,43.6092,-59.6134,50.2728,-23.6952,40,,401677671,-121
260378,260378,UT,DS,2,0,2,398,398,23:40:28 17-Aug-2025,SR,B,44.3471,-58.5854,44.3471,-58.5854,6,,401677781,-129
260378,260378,UT,DS,1,0,1,,,00:31:27 18-Aug-2025,MB,B,44.2436,-58.5634,44.2436,-58.5634,8,,401677593,-130
260378,260378,UT,DS,2,0,2,47,47,01:22:36 18-Aug-2025,MC,B,44.0561,-58.5060,44.0561,-58.5060,4,,401677762,-113
260378,260378,UT,DS,1,0,1,,,02:11:50 18-Aug-2025,O3,B,43.9929,-58.5243,43.9929,-58.5243,5,,401677814,-122
260378,260378,UT,DS,1,0,1,,,03:04:40 18-Aug-2025,MC,B,43.9150,-58.5341,43.9150,-58.5341,8,,401677785,-131
260378,260378,UT,DS,2,0,2,325,325,03:50:29 18-Aug-2025,O3,B,43.9609,-58.6224,43.9609,-58.6224,8,,401677761,-121
260378,260378,UT,DS,3,0,3,178,45,05:30:05 18-Aug-2025,O3,A,43.7456,-58.5842,43.7456,-58.5842,6,,401677856,-136
260378,260378,UT,DS,1,0,1,,,07:37:40 18-Aug-2025,SR,B,43.7878,-58.5921,43.7878,-58.5921,6,,401677920,-127
260378,260378,UT,DS,1,0,1,,,08:02:00 18-Aug-2025,CS,B,44.2076,-58.4858,44.2076,-58.4858,6,,401677726,-128
260378,260378,UT,DS,1,0,1,,,09:43:23 18-Aug-2025,CS,B,44.0861,-58.5221,44.0861,-58.5221,8,,401677687,-126
260378,260378,UT,DS,1,0,1,,,12:45:10 18-Aug-2025,MB,B,44.1908,-58.4925,44.1908,-58.4925,8,,401677713,-131
260378,260378,UT,DS,1,0,1,,,13:35:11 18-Aug-2025,MC,B,44.1984,-58.4884,44.1984,-58.4884,8,,401677708,-117
260378,260378,UT,DS,2,0,2,56,56,15:53:40 18-Aug-2025,O3,B,44.3105,-58.4737,44.3105,-58.4737,6,,401677769,-126
260378,260378,UT,DS,2,0,2,476,476,17:29:38 18-Aug-2025,O3,B,44.3038,-58.5620,44.3038,-58.5620,8,,401677722,-132
260378,260378,UT,DS,1,0,1,,,19:21:28 18-Aug-2025,CS,B,44.2952,-58.5950,44.2952,-58.5950,8,,401677720,-132
260378,260378,UT,DS,2,0,2,364,364,20:57:35 18-Aug-2025,CS,B,44.1884,-58.6138,44.1884,-58.6138,8,,401677730,-125
260378,260378,UT,DS,1,0,1,,,21:30:25 18-Aug-2025,SR,B,44.2028,-58.5525,44.2028,-58.5525,8,,401677703,-133
260378,260378,UT,DS,1,0,1,,,22:30:03 18-Aug-2025,MB,B,44.1799,-58.5353,44.1799,-58.5353,8,,401677695,-135
260378,260378,UT,DS,1,0,1,,,23:02:35 18-Aug-2025,SR,B,44.1607,-58.5254,44.1607,-58.5254,6,,401677727,-130
260378,260378,UT,DS,2,0,2,437,437,23:17:11 18-Aug-2025,MC,B,44.1627,-58.5022,44.1627,-58.5022,6,,401677718,-122
260378,260378,UT,DS,1,0,1,,,00:08:47 19-Aug-2025,MB,B,44.1506,-58.4910,44.1506,-58.4910,8,,401677720,-125
260378,260378,UT,DS,2,0,2,343,343,00:56:49 19-Aug-2025,MC,B,44.1374,-58.4799,44.1374,-58.4799,8,,401677704,-118
260378,260378,UT,DS,2,0,2,45,45,01:25:06 19-Aug-2025,O3,B,44.0815,-58.8817,,,6,,401677699,-132
260378,260378,UT,DS,2,0,2,83,83,02:37:21 19-Aug-2025,MC,B,44.0364,-56.8079,33.3999,-111.4462,,,401677925,-125
260378,260378,UT,DS,2,0,2,442,442,03:03:45 19-Aug-2025,O3,B,43.8080,-58.6295,43.8080,-58.6295,6,,401677773,-128
260378,260378,UT,DS,3,0,3,194,78,04:44:53 19-Aug-2025,O3,A,44.1994,-58.3472,,,8,,401677668,-124
260378,260378,UT,DS,1,0,1,,,07:20:42 19-Aug-2025,CS,B,44.3058,-58.2224,44.3058,-58.2224,6,,401677789,-136
260378,260378,UT,DS,3,0,3,193,50,08:48:59 19-Aug-2025,SR,A,44.1254,-58.2427,44.1254,-58.2427,8,,401677748,-127
260378,260378,UT,DS,1,0,1,,,08:57:06 19-Aug-2025,CS,B,44.1330,-58.2592,44.1330,-58.2592,6,,401677664,-122
260378,260378,UT,DS,1,0,1,,,10:28:50 19-Aug-2025,SR,B,44.1609,-58.2047,44.1609,-58.2047,6,,401677704,-124
260378,260378,UT,DS,1,0,1,,,10:37:13 19-Aug-2025,CS,B,44.1328,-58.2358,44.1328,-58.2358,6,,401677755,-124
260378,260378,UT,DS,1,0,1,,,11:34:23 19-Aug-2025,MC,B,44.1534,-58.2335,44.1534,-58.2335,8,,401677699,-132
260378,260378,UT,DS,1,0,1,,,13:20:47 19-Aug-2025,MC,B,44.1663,-58.2842,44.1663,-58.2842,6,,401677757,-125
260378,260378,UT,DS,1,0,1,,,14:09:52 19-Aug-2025,MB,B,44.1930,-58.3162,44.1930,-58.3162,8,,401677710,-127
260378,260378,UT,DS,1,0,1,,,14:53:57 19-Aug-2025,MC,B,44.1564,-58.4060,44.1564,-58.4060,7,,401677727,-117
260378,260378,UT,DS,1,0,1,,,15:08:57 19-Aug-2025,O3,B,44.1572,-58.4134,44.1572,-58.4134,6,,401677711,-126
260378,260378,UT,DS,1,0,1,,,16:40:29 19-Aug-2025,O3,B,44.1634,-58.4816,44.1634,-58.4816,8,,401677724,-131
260378,260378,UT,DS,1,0,1,,,18:22:52 19-Aug-2025,O3,B,44.1801,-58.5374,44.1801,-58.5374,8,,401677712,-128
260378,260378,UT,DS,1,0,1,,,18:33:09 19-Aug-2025,CS,B,44.1618,-58.5594,44.1618,-58.5594,8,,401677724,-136
260378,260378,UT,DS,1,0,1,,,20:12:26 19-Aug-2025,CS,B,44.1420,-58.5732,44.1420,-58.5732,8,,401677722,-120
260378,260378,UT,DS,1,0,1,,,20:58:29 19-Aug-2025,SR,B,44.1442,-58.5662,44.1442,-58.5662,8,,401677719,-133
260378,260378,UT,DS,1,0,0,,,21:48:58 19-Aug-2025,CS,B,44.1371,-58.5824,44.1371,-58.5824,8,,401677711,-134
260378,260378,UT,DS,2,0,2,47,47,22:35:50 19-Aug-2025,SR,B,44.0996,-58.2915,44.0996,-58.2915,5,,401677764,-120
260378,260378,UT,DS,2,0,2,447,447,22:56:57 19-Aug-2025,MC,B,44.0426,-58.4084,44.0426,-58.4084,6,,401677760,-124
260378,260378,UT,DS,1,0,1,,,23:43:57 19-Aug-2025,MB,B,44.0290,-58.3935,44.0290,-58.3935,8,,401677731,-131
260378,260378,UT,DS,3,0,3,191,47,00:16:26 20-Aug-2025,SR,A,44.2181,-58.3621,53.9282,-111.9210,56,,401677925,-129
260378,260378,UT,DS,6,0,2,99,19,00:39:08 20-Aug-2025,MC,0,43.9580,-59.8262,45.5409,-51.7911,40,,401677709,-127
260378,260378,UT,DS,1,0,1,,,01:26:24 20-Aug-2025,MB,B,43.9472,-59.6096,45.5687,-52.0488,8,,401677549,-131
260378,260378,UT,DS,3,0,3,233,49,02:16:48 20-Aug-2025,MC,A,43.8679,-58.6165,35.7743,-100.4209,68,,401677779,-120
260378,260378,UT,DS,4,0,4,155,45,02:20:40 20-Aug-2025,O3,0,44.0660,-58.5214,44.0660,-58.5214,46,,401677726,-127
260378,260378,UT,DS,2,0,2,397,397,03:56:06 20-Aug-2025,O3,B,44.0603,-58.5306,44.0603,-58.5306,8,,401677736,-121
260378,260378,UT,DS,2,0,2,45,45,05:37:25 20-Aug-2025,O3,B,43.9543,-58.2820,43.9543,-58.2820,8,,401677733,-134
260378,260378,UT,DS,1,0,1,,,06:37:31 20-Aug-2025,SR,B,43.9371,-58.2756,43.9371,-58.2756,5,,401677817,-139
260378,260378,UT,DS,1,0,1,,,08:18:43 20-Aug-2025,CS,B,44.0829,-58.4244,44.0829,-58.4244,,,401677774,-128
260378,260378,UT,DS,1,0,1,,,08:18:43 20-Aug-2025,SR,B,43.9345,-58.3000,,,6,,401677862,-128
260378,260378,UT,DS,2,0,2,53,53,09:53:07 20-Aug-2025,SR,B,44.1176,-58.3912,44.1176,-58.3912,6,,401677814,-116
260378,260378,UT,DS,2,0,2,45,45,11:36:39 20-Aug-2025,CS,B,44.1169,-58.4929,44.1169,-58.4929,8,,401677757,-132
260378,260378,UT,DS,1,0,1,,,12:57:08 20-Aug-2025,MC,B,44.0939,-58.5163,44.0939,-58.5163,6,,401677817,-126
260378,260378,UT,DS,4,0,4,156,45,13:40:23 20-Aug-2025,MB,0,44.1588,-58.9978,44.1588,-58.9978,48,,401677698,-123
260378,260378,UT,DS,4,0,4,158,45,14:29:13 20-Aug-2025,MC,0,44.1570,-58.9563,44.1570,-58.9563,47,,401677737,-115
260378,260378,UT,DS,1,0,1,,,15:28:27 20-Aug-2025,MB,B,44.1586,-58.9083,44.1586,-58.9083,8,,401677734,-133
260378,260378,UT,DS,4,0,4,157,45,16:00:48 20-Aug-2025,O3,0,44.0974,-59.1655,44.0974,-59.1655,48,,401677710,-126
260378,260378,UT,DS,1,0,1,,,16:11:42 20-Aug-2025,MC,B,44.0915,-59.1819,44.0915,-59.1819,6,,401677761,-127
260378,260378,UT,DS,1,0,1,,,17:39:19 20-Aug-2025,O3,B,44.1494,-59.0731,44.1494,-59.0731,8,,401677772,-136
260378,260378,UT,DS,3,0,3,179,45,19:31:02 20-Aug-2025,CS,A,44.0630,-59.4213,44.0630,-59.4213,8,,401677740,-126
260378,260378,UT,DS,2,0,2,422,422,21:10:43 20-Aug-2025,CS,B,44.0837,-59.3624,44.0837,-59.3624,8,,401677742,-126
260378,260378,UT,DS,2,0,2,45,45,22:04:06 20-Aug-2025,SR,B,44.0955,-59.4960,44.0955,-59.4960,8,,401677679,-118
260378,260378,UT,DS,1,0,1,,,22:40:19 20-Aug-2025,MC,B,44.1081,-59.5575,44.1081,-59.5575,6,,401677709,-127
260378,260378,UT,DS,2,0,2,430,430,23:24:51 20-Aug-2025,MB,B,44.1316,-59.4961,44.1316,-59.4961,6,,401677731,-127
260378,260378,UT,DS,2,0,2,449,449,23:45:38 20-Aug-2025,SR,B,44.1184,-59.4907,44.1184,-59.4907,6,,401677736,-128
260378,260378,UT,DS,5,0,3,105,8,00:14:48 21-Aug-2025,MC,0,43.8361,-59.5980,43.8361,-59.5980,46,,401677780,-117
260378,260378,UT,DS,1,0,1,,,01:04:30 21-Aug-2025,MB,B,43.8440,-59.6262,43.8440,-59.6262,8,,401677752,-127
260378,260378,UT,DS,2,0,2,357,357,01:30:12 21-Aug-2025,O3,B,43.8474,-59.5186,43.8474,-59.5186,6,,401677825,-137
260378,260378,UT,DS,3,0,3,175,45,01:54:40 21-Aug-2025,MC,A,44.0570,-59.5711,44.0570,-59.5711,6,,401677756,-120
260378,260378,UT,DS,4,0,4,166,164,03:12:25 21-Aug-2025,O3,2,44.0401,-59.6466,44.0401,-59.6466,58,,401677739,-125
260378,260378,UT,DS,6,0,6,72,45,04:49:37 21-Aug-2025,O3,2,43.9869,-59.7456,43.9869,-59.7456,58,,401677727,-129
260378,260378,UT,DS,1,0,1,,,07:37:49 21-Aug-2025,CS,B,43.9889,-59.8777,43.9889,-59.8777,8,,401677699,-137
260378,260378,UT,DS,4,0,4,95,71,07:44:28 21-Aug-2025,SR,1,43.9739,-59.7598,43.9739,-59.7598,58,,401677701,-129
260378,260378,UT,DS,7,0,7,90,56,09:16:47 21-Aug-2025,CS,3,43.9534,-59.7890,43.9534,-59.7890,50,,401677706,-124
260378,260378,UT,DS,7,0,7,100,51,09:16:45 21-Aug-2025,SR,1,43.9569,-59.7601,43.9569,-59.7601,58,,401677705,-137
260378,260378,UT,DS,7,0,7,69,48,10:55:20 21-Aug-2025,CS,3,43.9302,-59.8451,43.9302,-59.8451,58,,401677708,-131
260378,260378,UT,DS,5,0,5,66,45,11:00:22 21-Aug-2025,SR,1,43.9252,-59.8473,43.9252,-59.8473,56,,401677713,-129
260378,260378,UT,DS,1,0,1,,,12:16:12 22-Aug-2025,MC,,,,,,,,401650000,-132
260378,260378,UT,DS,1,0,1,,,13:02:42 22-Aug-2025,MB,,,,,,,,401650000,-131
260378,260378,UT,DS,7,0,7,90,90,13:49:57 22-Aug-2025,MC,3,43.9389,-59.8267,43.9389,-59.8267,50,,401677688,-116
260378,260378,UT,DS,1,0,1,,,15:35:42 22-Aug-2025,MC,B,43.9316,-59.8704,43.9316,-59.8704,8,,401677682,-134
260378,260378,UT,DS,4,0,4,120,90,16:08:42 22-Aug-2025,O3,3,43.9389,-59.8299,43.9389,-59.8299,58,,401677688,-124
260378,260378,UT,DS,2,0,2,180,180,17:46:12 22-Aug-2025,O3,B,43.9336,-59.8304,43.9336,-59.8304,8,,401677689,-134
260378,260378,UT,DS,5,0,5,112,90,19:48:36 22-Aug-2025,CS,3,43.9367,-59.8336,43.9367,-59.8336,58,,401677688,-124
260378,260378,UT,DS,1,0,1,,,21:03:22 22-Aug-2025,SR,B,43.9351,-59.8389,43.9351,-59.8389,8,,401677689,-131
260378,260378,UT,DS,3,0,3,208,161,21:26:53 22-Aug-2025,CS,A,43.9353,-59.8628,43.9353,-59.8628,6,,401677690,-128
260378,260378,UT,DS,1,0,1,,,01:13:06 23-Aug-2025,MC,B,43.9334,-59.8839,43.9334,-59.8839,8,,401677703,-119
260378,260378,UT,DS,2,0,2,305,305,02:55:01 23-Aug-2025,MC,B,43.9136,-60.0369,43.9136,-60.0369,8,,401677707,-132
260378,260378,UT,DS,5,0,5,117,57,03:21:14 23-Aug-2025,O3,1,43.9284,-60.0725,43.9284,-60.0725,56,,401677693,-126
260378,260378,UT,DS,1,0,1,,,07:54:35 23-Aug-2025,CS,B,43.9227,-60.2104,43.9227,-60.2104,8,,401677681,-136
260378,260378,UT,DS,3,0,3,55,45,08:21:31 23-Aug-2025,SR,A,43.9443,-60.1460,43.9443,-60.1460,6,,401677687,-125
260378,260378,UT,DS,6,0,6,92,45,09:31:36 23-Aug-2025,CS,0,43.9545,-60.1493,43.9545,-60.1493,58,,401677697,-122
260378,260378,UT,DS,6,0,6,113,48,09:54:49 23-Aug-2025,SR,1,43.9484,-60.1036,43.9484,-60.1036,56,,401677697,-125
260378,260378,UT,DS,2,0,2,80,80,11:10:42 23-Aug-2025,CS,B,43.9534,-60.1456,43.9534,-60.1456,8,,401677694,-129
260378,260378,UT,DS,3,0,3,45,45,12:40:32 23-Aug-2025,MB,A,43.9540,-60.1810,43.9540,-60.1810,8,,401677707,-127
260378,260378,UT,DS,1,0,1,,,13:29:34 23-Aug-2025,MC,B,43.9544,-60.1944,43.9544,-60.1944,8,,401677698,-124
260378,260378,UT,DS,1,0,1,,,00:10:00 24-Aug-2025,MB,B,43.9385,-60.1394,43.9385,-60.1394,8,,401677679,-127
260378,260378,UT,DS,4,0,4,201,51,00:50:15 24-Aug-2025,MC,0,43.8704,-60.3821,43.8704,-60.3821,56,,401677692,-116
260378,260378,UT,DS,5,0,5,97,45,02:34:35 24-Aug-2025,O3,2,43.9262,-59.9700,43.9262,-59.9700,56,,401677693,-126
260378,260378,UT,DS,3,0,3,172,45,02:33:30 24-Aug-2025,MC,A,43.9122,-59.9644,43.9122,-59.9644,8,,401677662,-125
260378,260378,UT,DS,2,0,2,426,426,04:14:20 24-Aug-2025,O3,B,43.8945,-59.9189,43.8945,-59.9189,8,,401677703,-127
260378,260378,UT,DS,3,0,3,241,52,07:47:51 24-Aug-2025,SR,A,43.9571,-59.7940,43.9571,-59.7940,8,,401677693,-127
260378,260378,UT,DS,4,0,4,133,48,08:49:20 24-Aug-2025,CS,3,43.9491,-59.7891,43.9491,-59.7891,58,,401677695,-124
260378,260378,UT,DS,3,0,3,202,47,09:25:56 24-Aug-2025,SR,A,43.9546,-59.7787,43.9546,-59.7787,8,,401677701,-116
260378,260378,UT,DS,8,0,8,97,45,10:30:09 24-Aug-2025,CS,3,43.9493,-59.8024,43.9493,-59.8024,58,,401677698,-122
260378,260378,UT,DS,3,0,3,88,69,11:08:57 24-Aug-2025,SR,A,43.9450,-59.7902,43.9450,-59.7902,8,,401677701,-136
260378,260378,UT,DS,1,0,1,,,12:18:48 24-Aug-2025,MB,B,43.9436,-59.7790,43.9436,-59.7790,8,,401677692,-130
260378,260378,UT,DS,1,0,1,,,00:35:22 25-Aug-2025,MC,B,43.9808,-59.7971,43.9808,-59.7971,,,401677699,-133
260378,260378,UT,DS,2,0,2,45,45,08:07:19 25-Aug-2025,CS,B,43.9459,-59.8553,43.9459,-59.8553,8,,401677686,-128
260378,260378,UT,DS,2,0,2,45,45,08:54:44 25-Aug-2025,SR,B,43.9394,-59.8404,43.9394,-59.8404,8,,401677679,-123
260378,260378,UT,DS,1,0,1,,,09:54:50 25-Aug-2025,CS,B,43.9332,-59.8316,43.9332,-59.8316,8,,401677685,-135
260378,260378,UT,DS,2,0,2,45,45,10:36:51 25-Aug-2025,SR,B,43.9335,-59.8294,43.9335,-59.8294,8,,401677687,-125
260378,260378,UT,DS,2,0,2,45,45,11:24:33 25-Aug-2025,CS,B,43.9259,-59.8275,43.9259,-59.8275,8,,401677691,-132
260378,260378,UT,DS,1,0,1,,,12:00:15 25-Aug-2025,MB,B,43.9244,-59.8292,43.9244,-59.8292,8,,401677686,-133
260378,260378,UT,DS,2,0,2,50,50,12:52:48 25-Aug-2025,MC,B,43.9458,-59.8547,43.9458,-59.8547,7,,401677696,-118
260378,260378,UT,DS,2,0,2,422,422,13:40:25 25-Aug-2025,MB,B,43.9426,-59.8666,,,8,,401677691,-133
260378,260378,UT,DS,2,0,2,45,45,14:31:30 25-Aug-2025,MC,B,43.9300,-59.8282,,,8,,401677691,-111
260378,260378,UT,DS,3,0,3,273,46,15:28:16 25-Aug-2025,O3,A,43.9123,-59.8477,43.9123,-59.8477,6,,401677688,-131
260378,260378,UT,DS,1,0,1,,,15:24:59 25-Aug-2025,MB,B,43.9263,-59.8239,43.9263,-59.8239,8,,401677688,-132
260378,260378,UT,DS,1,0,1,,,16:10:56 25-Aug-2025,MC,B,43.9135,-59.8469,43.9135,-59.8469,8,,401677682,-125
260378,260378,UT,DS,5,0,5,139,48,17:06:48 25-Aug-2025,O3,1,43.9280,-59.8338,43.9280,-59.8338,58,,401677692,-123
260378,260378,UT,DS,2,0,2,45,45,18:46:28 25-Aug-2025,O3,B,43.9301,-59.8068,43.9301,-59.8068,8,,401677696,-130
260378,260378,UT,DS,2,0,2,48,48,19:21:16 25-Aug-2025,CS,B,43.9420,-59.8248,43.9420,-59.8248,8,,401677687,-127
260378,260378,UT,DS,4,0,4,139,45,21:02:21 25-Aug-2025,CS,3,43.9393,-59.8218,43.9393,-59.8218,56,,401677692,-122
260378,260378,UT,DS,3,0,3,107,45,21:01:36 25-Aug-2025,SR,A,43.9375,-59.8242,43.9375,-59.8242,8,,401677692,-127
260378,260378,UT,DS,1,0,1,,,22:38:20 25-Aug-2025,MC,B,43.9440,-59.8139,43.9440,-59.8139,8,,401677693,-134
260378,260378,UT,DS,3,0,3,286,45,22:48:15 25-Aug-2025,SR,A,43.9444,-59.7977,43.9444,-59.7977,6,,401677692,-126
260378,260378,UT,DS,3,0,3,257,45,00:10:37 26-Aug-2025,MC,A,43.9327,-59.8203,43.9327,-59.8203,8,,401677693,-120
260378,260378,UT,DS,1,0,1,,,01:03:05 26-Aug-2025,MB,B,43.9321,-59.8223,43.9321,-59.8223,8,,401677694,-133
260378,260378,UT,DS,2,0,2,48,48,01:55:24 26-Aug-2025,MC,B,43.9339,-59.8156,43.9339,-59.8156,8,,401677698,-119
260378,260378,UT,DS,3,0,3,231,45,02:38:33 26-Aug-2025,O3,A,43.9252,-59.8354,43.9252,-59.8354,8,,401677695,-128
260378,260378,UT,DS,2,0,2,91,91,04:22:57 26-Aug-2025,O3,B,43.9381,-59.8429,43.9381,-59.8429,8,,401677698,-127
260378,260378,UT,DS,3,0,3,256,46,08:23:38 26-Aug-2025,SR,A,43.9340,-59.8155,43.9340,-59.8155,8,,401677696,-125
260378,260378,UT,DS,4,0,4,131,65,09:07:38 26-Aug-2025,CS,3,43.9459,-59.8128,,,58,,401677695,-121
260378,260378,UT,DS,4,0,4,178,45,10:00:01 26-Aug-2025,SR,2,43.9521,-59.8028,43.9521,-59.8028,58,,401677693,-124
260378,260378,UT,DS,8,0,8,62,45,10:47:22 26-Aug-2025,CS,2,43.9451,-59.8015,43.9451,-59.8015,58,,401677697,-128
260378,260378,UT,DS,3,0,3,133,45,12:25:51 26-Aug-2025,MC,A,43.9430,-59.8120,43.9430,-59.8120,8,,401677683,-130
260378,260378,UT,DS,4,0,4,176,45,13:18:04 26-Aug-2025,MB,1,43.9370,-59.8256,43.9370,-59.8256,58,,401677688,-127
260378,260378,UT,DS,3,0,3,268,45,14:07:10 26-Aug-2025,MC,A,43.9543,-59.7936,43.9543,-59.7936,8,,401677691,-121
260378,260378,UT,DS,2,0,2,352,352,14:40:53 26-Aug-2025,O3,B,43.9585,-59.8106,43.9585,-59.8106,8,,401677694,-132
260378,260378,UT,DS,3,0,3,160,45,14:58:25 26-Aug-2025,MB,A,43.9563,-59.8071,43.9563,-59.8071,6,,401677699,-130
260378,260378,UT,DS,2,0,2,411,411,03:35:51 27-Aug-2025,O3,B,43.9498,-59.7836,43.9498,-59.7836,,,401677688,-128
260378,260378,UT,DS,2,0,2,45,45,07:52:31 27-Aug-2025,SR,B,43.9545,-59.8092,43.9545,-59.8092,8,,401677687,-127
260378,260378,UT,DS,2,0,2,334,334,08:24:48 27-Aug-2025,CS,B,43.9586,-59.7977,43.9586,-59.7977,8,,401677694,-125
260378,260378,UT,DS,2,0,2,455,455,09:26:42 27-Aug-2025,SR,B,43.9588,-59.7943,43.9588,-59.7943,8,,401677691,-120
260378,260378,UT,DS,3,0,3,157,45,10:05:56 27-Aug-2025,CS,A,43.9537,-59.7883,43.9537,-59.7883,8,,401677693,-118
260378,260378,UT,DS,2,0,2,76,76,11:11:47 27-Aug-2025,SR,B,43.9550,-59.7844,43.9550,-59.7844,8,,401677692,-130
260378,260378,UT,DS,2,0,2,359,359,12:07:15 27-Aug-2025,MC,B,43.9546,-59.7800,43.9546,-59.7800,8,,401677694,-126
260378,260378,UT,DS,1,0,1,,,13:04:00 27-Aug-2025,MB,B,43.9546,-59.7763,43.9546,-59.7763,8,,401677699,-129
260378,260378,UT,DS,10,0,10,81,45,13:44:44 27-Aug-2025,MC,3,43.9407,-59.8258,43.9407,-59.8258,58,,401677695,-116
260378,260378,UT,DS,3,0,3,251,45,14:35:32 27-Aug-2025,MB,A,43.9381,-59.8326,43.9381,-59.8326,8,,401677695,-131
260378,260378,UT,DS,9,0,9,66,45,15:24:39 27-Aug-2025,MC,2,43.9247,-59.8760,43.9247,-59.8760,58,,401677700,-120
260378,260378,UT,DS,9,0,9,76,50,15:37:45 27-Aug-2025,O3,2,43.9229,-59.8825,43.9229,-59.8825,46,,401677696,-124
260378,260378,UT,DS,1,0,1,,,01:16:14 28-Aug-2025,MC,B,43.8956,-60.1180,,,8,,401677722,-114
260378,260378,UT,DS,2,0,2,45,45,02:46:55 28-Aug-2025,O3,B,43.9293,-59.9755,43.9293,-59.9755,8,,401677718,-127
260378,260378,UT,DS,2,0,2,45,45,02:56:29 28-Aug-2025,MC,B,43.9111,-59.8122,43.9111,-59.8122,8,,401677710,-126
260378,260378,UT,DS,2,0,2,44,44,04:28:12 28-Aug-2025,O3,B,43.9174,-59.7920,43.9174,-59.7920,8,,401677720,-124
260378,260378,UT,DS,1,0,1,,,07:48:16 28-Aug-2025,CS,B,43.9387,-59.7267,43.9387,-59.7267,8,,401677694,-135
260378,260378,UT,DS,2,0,2,45,45,09:02:00 28-Aug-2025,SR,B,43.9586,-59.7776,43.9586,-59.7776,8,,401677693,-125
260378,260378,UT,DS,3,0,3,248,90,09:24:25 28-Aug-2025,CS,A,43.9555,-59.7929,43.9555,-59.7929,6,,401677693,-123
260378,260378,UT,DS,2,0,2,47,47,10:39:54 28-Aug-2025,SR,B,43.9539,-59.7533,43.9539,-59.7533,8,,401677695,-124
260378,260378,UT,DS,7,0,7,87,48,11:01:49 28-Aug-2025,CS,2,43.9512,-59.7868,43.9512,-59.7868,56,,401677696,-126
260378,260378,UT,DS,2,0,2,53,53,11:48:56 28-Aug-2025,MC,B,43.9544,-59.7803,43.9544,-59.7803,8,,401677698,-129
260378,260378,UT,DS,1,0,1,,,12:35:33 28-Aug-2025,MB,B,43.9568,-59.7713,43.9568,-59.7713,8,,401677696,-127
260378,260378,UT,DS,2,0,2,126,126,13:24:36 28-Aug-2025,MC,B,43.9519,-59.7640,43.9519,-59.7640,8,,401677694,-120
260378,260378,UT,DS,6,0,6,104,44,14:15:02 28-Aug-2025,MB,3,43.9514,-59.7818,,,58,,401677696,-127
260378,260378,UT,DS,3,0,3,119,63,14:50:13 28-Aug-2025,O3,A,43.9551,-59.7971,43.9551,-59.7971,8,,401677696,-133
260378,260378,UT,DS,4,0,4,89,64,15:06:18 28-Aug-2025,MC,1,43.9416,-59.7896,43.9416,-59.7896,56,,401677702,-125
260378,260378,UT,DS,13,0,13,52,44,16:31:32 28-Aug-2025,O3,2,43.9355,-59.8762,43.9355,-59.8762,58,,401677699,-120
260378,260378,UT,DS,3,0,3,90,90,18:08:47 28-Aug-2025,O3,A,43.9319,-59.8508,43.9319,-59.8508,8,,401677634,-136
260378,260378,UT,DS,3,0,3,135,90,00:00:08 29-Aug-2025,MB,A,43.9309,-59.8623,43.9309,-59.8623,8,,401677670,-128
260378,260378,UT,DS,1,0,1,,,00:27:08 29-Aug-2025,SR,B,43.9305,-59.8644,43.9305,-59.8644,6,,401677670,-136
260378,260378,UT,DS,3,0,3,129,45,00:46:44 29-Aug-2025,MC,A,43.9327,-59.8696,43.9327,-59.8696,6,,401677670,-122
260378,260378,UT,DS,1,0,1,,,01:47:20 29-Aug-2025,MB,B,43.9344,-59.8690,43.9344,-59.8690,7,,401677683,-130
260378,260378,UT,DS,1,0,1,,,02:02:57 29-Aug-2025,O3,B,43.9339,-59.8658,43.9339,-59.8658,6,,401677679,-129
260378,260378,UT,DS,3,0,3,227,45,02:31:04 29-Aug-2025,MC,A,43.9360,-59.8387,43.9360,-59.8387,6,,401677682,-122
260378,260378,UT,DS,6,0,6,128,45,03:40:25 29-Aug-2025,O3,2,43.9383,-59.8246,43.9383,-59.8246,58,,401677683,-119
260378,260378,UT,DS,3,0,3,46,45,05:21:28 29-Aug-2025,O3,A,43.9414,-59.8299,43.9414,-59.8299,8,,401677685,-128
260378,260378,UT,DS,1,0,1,,,06:49:05 29-Aug-2025,SR,B,43.9425,-59.8300,43.9425,-59.8300,8,,401677685,-138
260378,260378,UT,DS,2,0,2,203,203,08:27:53 29-Aug-2025,SR,B,43.9449,-59.8183,43.9449,-59.8183,8,,401677686,-124
260378,260378,UT,DS,3,0,3,71,46,08:39:01 29-Aug-2025,CS,A,43.9388,-59.8186,43.9388,-59.8186,6,,401677687,-126
260378,260378,UT,DS,3,0,3,196,48,10:02:20 29-Aug-2025,SR,A,43.9413,-59.8177,43.9413,-59.8177,8,,401677690,-129
260378,260378,UT,DS,4,0,4,217,45,10:20:34 29-Aug-2025,CS,2,43.9431,-59.8163,43.9431,-59.8163,56,,401677690,-122
260378,260378,UT,DS,2,0,2,46,46,12:14:55 29-Aug-2025,MB,B,43.9481,-59.8120,43.9481,-59.8120,8,,401677695,-131
260378,260378,UT,DS,5,0,5,96,45,13:06:11 29-Aug-2025,MC,1,43.9499,-59.8144,43.9499,-59.8144,58,,401677698,-117
260378,260378,UT,DS,8,0,7,95,45,13:53:39 29-Aug-2025,MB,1,43.9404,-59.8001,43.9404,-59.8001,48,,401677695,-131
260378,260378,UT,DS,11,0,11,58,45,14:43:01 29-Aug-2025,MC,3,43.9421,-59.8175,43.9421,-59.8175,58,,401677661,-116
260378,260378,UT,DS,4,0,4,90,90,15:42:39 29-Aug-2025,O3,,,,,,,,401650000,
260378,260378,UT,DS,3,0,3,340,45,00:26:16 30-Aug-2025,MC,A,43.9468,-59.7962,43.9468,-59.7962,8,,401677683,-124
260378,260378,UT,DS,1,0,1,,,01:19:08 30-Aug-2025,O3,,,,,,,,401650000,
260378,260378,UT,DS,2,0,2,45,45,02:16:19 30-Aug-2025,MC,B,43.9575,-59.7964,43.9575,-59.7964,8,,401677684,-119
260378,260378,UT,DS,3,0,3,88,44,02:53:49 30-Aug-2025,O3,,,,,,,,401650000,
260378,260378,UT,DS,3,0,3,63,53,04:32:16 30-Aug-2025,O3,,,,,,,,401650000,
260378,260378,UT,DS,2,0,2,46,46,07:55:31 30-Aug-2025,SR,B,43.9589,-59.7959,43.9589,-59.7959,8,,401677681,-128
260378,260378,UT,DS,2,0,2,46,46,08:05:04 30-Aug-2025,CS,B,43.9581,-59.7971,43.9581,-59.7971,6,,401677690,-133
260378,260378,UT,DS,3,0,3,374,177,09:29:01 30-Aug-2025,SR,A,43.9349,-59.7953,43.9349,-59.7953,8,,401677688,-127
260378,260378,UT,DS,2,0,2,46,46,09:41:53 30-Aug-2025,CS,B,43.9455,-59.7893,43.9455,-59.7893,6,,401677685,-124
260378,260378,UT,DS,2,0,2,156,156,11:12:40 30-Aug-2025,SR,B,43.9387,-59.7939,43.9387,-59.7939,8,,401677691,-129
260378,260378,UT,DS,1,0,1,,,11:22:35 30-Aug-2025,CS,B,43.9424,-59.7979,43.9424,-59.7979,6,,401677685,-137
260378,260378,UT,DS,1,0,1,,,11:53:40 30-Aug-2025,MB,B,43.9389,-59.7982,43.9389,-59.7982,8,,401677687,-134
260378,260378,UT,DS,6,0,6,92,52,12:44:59 30-Aug-2025,MC,3,43.9469,-59.8088,,,58,,401677686,-122
260378,260378,UT,DS,5,0,5,127,44,13:35:57 30-Aug-2025,MB,1,43.9533,-59.8194,43.9533,-59.8194,58,,401677689,-125
260378,260378,UT,DS,14,0,14,54,45,14:22:50 30-Aug-2025,MC,3,43.9527,-59.7793,43.9527,-59.7793,58,,401677696,-115
260378,260378,UT,DS,1,0,1,,,16:05:32 30-Aug-2025,MC,B,43.9704,-59.7330,,,8,,401677636,-129
260378,260378,UT,DS,6,0,6,90,90,16:39:17 30-Aug-2025,O3,1,43.9440,-59.7502,,,58,,401677613,-118
260378,260378,UT,DS,6,0,6,116,47,00:12:57 31-Aug-2025,MC,2,43.9814,-59.7608,43.9814,-59.7608,58,,401677685,-120
260378,260378,UT,DS,6,0,6,140,47,00:56:05 31-Aug-2025,MB,2,43.9926,-59.7414,43.9926,-59.7414,58,,401677687,-130
260378,260378,UT,DS,2,0,2,556,556,03:50:45 31-Aug-2025,O3,B,43.9992,-59.7443,43.9992,-59.7443,8,,401677699,-132
260378,260378,UT,DS,3,0,3,97,45,07:20:56 31-Aug-2025,CS,A,43.9428,-59.7673,43.9428,-59.7673,8,,401677695,-136
260378,260378,UT,DS,2,0,2,46,46,07:28:10 31-Aug-2025,SR,B,43.9581,-59.7700,43.9581,-59.7700,6,,401677704,-129
260378,260378,UT,DS,5,0,5,128,45,08:58:22 31-Aug-2025,CS,2,43.9577,-59.7803,43.9577,-59.7803,58,,401677704,-119
260378,260378,UT,DS,3,0,3,72,48,09:00:41 31-Aug-2025,SR,A,43.9590,-59.7810,43.9590,-59.7810,6,,401677703,-119
260378,260378,UT,DS,3,0,3,82,49,10:39:49 31-Aug-2025,SR,A,43.9564,-59.7722,43.9564,-59.7722,6,,401677707,-129
260378,260378,UT,DS,2,0,2,116,116,10:39:13 31-Aug-2025,CS,B,43.9571,-59.7734,43.9571,-59.7734,8,,401677705,-128
260378,260378,UT,DS,2,0,2,49,49,12:22:22 31-Aug-2025,MC,B,43.9366,-59.7712,43.9366,-59.7712,8,,401677699,-123
260378,260378,UT,DS,3,0,3,340,45,13:12:22 31-Aug-2025,MB,A,43.9490,-59.8031,43.9490,-59.8031,8,,401677702,-131
260378,260378,UT,DS,2,0,2,45,45,14:04:28 31-Aug-2025,MC,B,43.9524,-59.8108,43.9524,-59.8108,8,,401677704,-118
260378,260378,UT,DS,8,0,8,73,45,15:44:09 31-Aug-2025,MC,3,43.9617,-59.7869,43.9617,-59.7869,58,,401677712,-121
260378,260378,UT,DS,12,0,12,62,45,15:52:45 31-Aug-2025,O3,2,43.9519,-59.8038,43.9519,-59.8038,56,,401677707,-122
260378,260378,UT,DS,3,0,3,90,90,17:30:19 31-Aug-2025,O3,A,43.9466,-59.7933,43.9466,-59.7933,8,,401677617,-126
260378,260378,UT,DS,4,0,4,198,90,09:58:09 01-Sep-2025,CS,3,43.9482,-59.7971,43.9482,-59.7971,50,,401677677,-120
260378,260378,UT,DS,12,0,12,60,45,10:08:16 01-Sep-2025,SR,3,43.9488,-59.7967,43.9488,-59.7967,56,,401677679,-126
260378,260378,UT,DS,2,0,2,45,45,11:33:30 01-Sep-2025,CS,B,43.9445,-59.7976,43.9445,-59.7976,8,,401677688,-136
260378,260378,UT,DS,1,0,1,,,12:09:59 01-Sep-2025,MC,B,43.9445,-59.7977,43.9445,-59.7977,8,,401677689,-132
260378,260378,UT,DS,4,0,4,234,45,13:40:49 01-Sep-2025,MC,0,43.9457,-59.8077,43.9457,-59.8077,58,,401677691,-122
260378,260378,UT,DS,1,0,1,,,14:36:01 01-Sep-2025,MB,B,43.9455,-59.8100,43.9455,-59.8100,8,,401677693,-130
260378,260378,UT,DS,2,0,2,45,45,15:03:29 01-Sep-2025,O3,B,43.9331,-59.8063,43.9331,-59.8063,6,,401677691,-129
260378,260378,UT,DS,2,0,2,46,46,15:24:36 01-Sep-2025,MC,B,43.9333,-59.8054,43.9333,-59.8054,6,,401677689,-122
260378,260378,UT,DS,4,0,4,145,49,16:48:51 01-Sep-2025,O3,1,43.9442,-59.8016,43.9442,-59.8016,58,,401677694,-122
260378,260378,UT,DS,2,0,2,45,45,18:22:33 01-Sep-2025,O3,B,43.9353,-59.7900,43.9353,-59.7900,8,,401677692,-130
260378,260378,UT,DS,2,0,2,45,45,19:36:04 01-Sep-2025,CS,B,43.9293,-59.7734,43.9293,-59.7734,8,,401677699,-127
260378,260378,UT,DS,5,0,5,101,46,20:39:30 01-Sep-2025,SR,1,43.9319,-59.8088,43.9319,-59.8088,58,,401677680,-126
260378,260378,UT,DS,3,0,3,152,47,21:11:28 01-Sep-2025,CS,A,43.9471,-59.8002,43.9471,-59.8002,8,,401677691,-120
260378,260378,UT,DS,2,0,2,463,463,22:19:13 01-Sep-2025,SR,B,43.9500,-59.8035,43.9500,-59.8035,8,,401677693,-129
260378,260378,UT,DS,2,0,2,45,45,22:40:34 01-Sep-2025,MB,B,43.9513,-59.8153,43.9513,-59.8153,6,,401677688,-134
260378,260378,UT,DS,7,0,7,74,45,23:27:07 01-Sep-2025,MC,2,43.9469,-59.8039,43.9469,-59.8039,58,,401677688,-118
260378,260378,UT,DS,3,0,3,191,45,00:02:44 02-Sep-2025,SR,A,43.9487,-59.7943,43.9487,-59.7943,8,,401677691,-129
260378,260378,UT,DS,9,0,8,77,45,00:16:49 02-Sep-2025,MB,2,43.9533,-59.7968,43.9533,-59.7968,56,,401677692,-129
260378,260378,UT,DS,5,0,5,107,45,01:09:21 02-Sep-2025,MC,2,43.9636,-59.7677,43.9636,-59.7677,58,,401677694,-113
260378,260378,UT,DS,1,0,1,,,01:56:40 02-Sep-2025,MB,B,43.9672,-59.7559,43.9672,-59.7559,8,,401677696,-132
260378,260378,UT,DS,3,0,3,222,68,02:19:12 02-Sep-2025,O3,A,43.9615,-59.7716,43.9615,-59.7716,6,,401677696,-128
260378,260378,UT,DS,3,0,3,156,47,02:48:11 02-Sep-2025,MC,A,43.9597,-59.7798,43.9597,-59.7798,6,,401677696,-129
260378,260378,UT,DS,1,0,1,,,03:57:52 02-Sep-2025,O3,B,43.9639,-59.7624,43.9639,-59.7624,8,,401677695,-122
260378,260378,UT,DS,1,0,1,,,05:36:26 02-Sep-2025,O3,B,43.9624,-59.7715,43.9624,-59.7715,8,,401677690,-135
260378,260378,UT,DS,1,0,1,,,07:36:35 02-Sep-2025,CS,B,43.9635,-59.7318,43.9635,-59.7318,8,,401677698,-133
260378,260378,UT,DS,3,0,3,45,45,08:00:00 02-Sep-2025,SR,A,43.9602,-59.7764,43.9602,-59.7764,6,,401677693,-127
260378,260378,UT,DS,3,0,3,288,46,09:15:05 02-Sep-2025,CS,A,43.9430,-59.7918,43.9430,-59.7918,8,,401677694,-124
260378,260378,UT,DS,2,0,2,94,94,09:40:53 02-Sep-2025,SR,B,43.9480,-59.7911,43.9480,-59.7911,6,,401677700,-123
260378,260378,UT,DS,2,0,2,45,45,10:52:39 02-Sep-2025,CS,B,43.9433,-59.7800,43.9433,-59.7800,8,,401677697,-125
260378,260378,UT,DS,1,0,1,,,11:18:12 02-Sep-2025,SR,B,43.9445,-59.7808,43.9445,-59.7808,6,,401677702,-130
260378,260378,UT,DS,3,0,3,108,93,11:42:57 02-Sep-2025,MC,A,43.9448,-59.7698,43.9448,-59.7698,6,,401677696,-130
260378,260378,UT,DS,6,0,6,90,90,13:24:38 02-Sep-2025,MC,3,43.9566,-59.7805,43.9566,-59.7805,58,,401677646,-121
260378,260378,UT,DS,3,0,3,90,90,14:17:08 02-Sep-2025,MB,A,43.9592,-59.7773,43.9592,-59.7773,8,,401650000,
260378,260378,UT,DS,1,0,1,,,12:12:18 03-Sep-2025,MB,B,43.9065,-59.6419,43.9065,-59.6419,,,401677646,-131
260378,260378,UT,DS,3,0,3,183,44,13:06:04 03-Sep-2025,MC,A,43.9548,-59.8027,43.9548,-59.8027,6,,401677686,-124
260378,260378,UT,DS,7,0,7,120,45,13:50:04 03-Sep-2025,MB,1,43.9713,-59.7186,43.9713,-59.7186,58,,401677690,-124
260378,260378,UT,DS,6,0,6,90,90,14:42:13 03-Sep-2025,MC,2,43.9578,-59.7811,43.9578,-59.7811,58,,401677656,-116
260378,260378,UT,DS,3,0,3,180,90,15:12:13 03-Sep-2025,O3,A,43.9593,-59.7831,43.9593,-59.7831,8,,401677657,-136
260378,260378,UT,DS,4,0,4,120,90,16:55:43 03-Sep-2025,O3,3,43.9574,-59.7765,43.9574,-59.7765,58,,401677648,-120
260378,260378,UT,DS,1,0,1,,,18:09:22 03-Sep-2025,CS,B,43.9658,-59.7877,43.9658,-59.7877,8,,401677655,-140
260378,260378,UT,DS,6,0,6,108,90,19:46:22 03-Sep-2025,CS,3,43.9571,-59.7826,43.9571,-59.7826,58,,401677660,-124
260378,260378,UT,DS,2,0,2,90,90,21:19:07 03-Sep-2025,SR,B,43.9565,-59.7875,43.9565,-59.7875,8,,401677663,-136
260378,260378,UT,DS,1,0,1,,,21:27:22 03-Sep-2025,CS,B,43.9584,-59.7859,43.9584,-59.7859,6,,401677666,-132
260378,260378,UT,DS,7,0,5,105,17,00:22:39 04-Sep-2025,MC,0,43.9771,-59.8622,,,48,,401677666,-116
260378,260378,UT,DS,2,0,2,270,270,01:15:54 04-Sep-2025,MB,B,43.9497,-59.8545,43.9497,-59.8545,8,,401677665,-129
260378,260378,UT,DS,5,0,5,99,44,02:27:28 04-Sep-2025,O3,3,43.9580,-59.7823,43.9580,-59.7823,58,,401677675,-124
260378,260378,UT,DS,3,0,3,45,45,04:05:43 04-Sep-2025,O3,A,43.9590,-59.7741,43.9590,-59.7741,8,,401677685,-125
260378,260378,UT,DS,1,0,1,,,06:59:56 04-Sep-2025,SR,B,43.9547,-59.7378,43.9547,-59.7378,8,,401677697,-134
260378,260378,UT,DS,1,0,1,,,07:52:40 04-Sep-2025,CS,B,43.9562,-59.7450,43.9562,-59.7450,8,,401677691,-129
260378,260378,UT,DS,3,0,2,221,48,08:36:03 04-Sep-2025,SR,A,43.9491,-59.8065,43.9491,-59.8065,8,,401677689,-121
260378,260378,UT,DS,3,0,3,222,150,09:30:48 04-Sep-2025,CS,A,43.9436,-59.8219,43.9436,-59.8219,8,,401677690,-124
260378,260378,UT,DS,2,0,2,44,44,10:18:45 04-Sep-2025,SR,B,43.9326,-59.8200,43.9326,-59.8200,8,,401677698,-123
260378,260378,UT,DS,2,0,2,45,45,11:10:57 04-Sep-2025,CS,B,43.9283,-59.7785,43.9283,-59.7785,8,,401677691,-129
260378,260378,UT,DS,3,0,3,205,45,12:40:45 04-Sep-2025,MC,A,43.9209,-59.8165,43.9209,-59.8165,8,,401677680,-122
260378,260378,UT,DS,4,0,4,185,46,13:31:07 04-Sep-2025,MB,0,43.9455,-59.8222,43.9455,-59.8222,48,,401677690,-124
260378,260378,UT,DS,2,0,2,46,46,14:26:57 04-Sep-2025,MC,B,43.9496,-59.8229,43.9496,-59.8229,,,401677696,-119
260378,260378,UT,DS,2,0,2,46,46,14:26:57 04-Sep-2025,O3,B,43.9302,-59.8119,43.9302,-59.8119,8,,401677688,-132
260378,260378,UT,DS,4,0,4,58,48,16:01:52 04-Sep-2025,MC,1,43.9345,-59.8261,43.9345,-59.8261,58,,401677685,-122
260378,260378,UT,DS,8,0,8,96,44,16:06:51 04-Sep-2025,O3,3,43.9430,-59.8090,43.9430,-59.8090,56,,401677692,-120
260378,260378,UT,DS,1,0,1,,,17:47:45 04-Sep-2025,O3,B,43.9386,-59.8213,43.9386,-59.8213,8,,401677688,-126
260378,260378,UT,DS,2,0,2,45,45,19:08:56 04-Sep-2025,CS,B,43.9333,-59.8263,43.9333,-59.8263,8,,401677689,-127
260378,260378,UT,DS,1,0,1,,,00:02:36 05-Sep-2025,SR,B,43.9305,-59.8313,,,8,,401677666,-125
260378,260378,UT,DS,5,0,3,74,44,00:08:28 05-Sep-2025,MC,0,44.0477,-59.7577,,,46,,401677676,-120
260378,260378,UT,DS,2,0,2,46,46,00:54:15 05-Sep-2025,MB,B,44.0258,-59.7402,44.0258,-59.7402,7,,401677689,-130
260378,260378,UT,DS,2,0,2,416,416,01:38:02 05-Sep-2025,O3,B,44.0026,-59.7823,44.0026,-59.7823,8,,401677677,-136
260378,260378,UT,DS,4,0,4,127,44,01:45:21 05-Sep-2025,MC,1,43.9710,-59.7620,43.9710,-59.7620,56,,401677692,-115
260378,260378,UT,DS,4,0,4,163,45,03:20:24 05-Sep-2025,O3,1,43.9767,-59.7562,43.9767,-59.7562,58,,401677693,-123
260378,260378,UT,DS,4,0,4,73,47,04:56:47 05-Sep-2025,O3,2,43.9653,-59.7505,43.9653,-59.7505,68,,401677697,-124
260378,260378,UT,DS,3,0,3,248,46,08:04:06 05-Sep-2025,SR,A,43.9658,-59.7598,43.9658,-59.7598,8,,401677695,-126
260378,260378,UT,DS,4,0,4,144,44,08:50:51 05-Sep-2025,CS,2,43.9747,-59.7618,43.9747,-59.7618,58,,401677694,-124
260378,260378,UT,DS,4,0,3,189,45,09:39:07 05-Sep-2025,SR,0,43.9729,-59.7687,43.9729,-59.7687,58,,401677694,-127
260378,260378,UT,DS,3,0,3,196,46,10:29:56 05-Sep-2025,CS,A,43.9624,-59.7519,43.9624,-59.7519,8,,401677691,-126
260378,260378,UT,DS,1,0,1,,,12:23:40 05-Sep-2025,MC,B,43.9554,-59.7437,43.9554,-59.7437,8,,401677689,-121
260378,260378,UT,DS,7,0,7,68,45,13:13:44 05-Sep-2025,MB,3,43.9686,-59.7649,43.9686,-59.7649,57,,401677700,-126
260378,260378,UT,DS,6,0,6,108,90,14:01:07 05-Sep-2025,MC,0,43.9600,-59.7223,43.9600,-59.7223,48,,401677676,-115
260378,260378,UT,DS,1,0,1,,,15:19:52 05-Sep-2025,O3,B,43.9573,-59.6702,43.9573,-59.6702,8,,401677627,-135
260378,260378,UT,DS,2,0,2,90,90,15:46:07 05-Sep-2025,MC,B,43.9355,-59.7219,43.9355,-59.7219,6,,401677637,-129
260378,260378,UT,DS,1,0,0,,,23:48:17 05-Sep-2025,MC,B,44.0473,-59.8279,44.0473,-59.8279,8,,401677678,-135
260378,260378,UT,DS,1,0,1,,,00:42:47 06-Sep-2025,MB,B,44.0564,-59.8115,44.0564,-59.8115,8,,401677668,-127
260378,260378,UT,DS,1,0,1,,,00:56:53 06-Sep-2025,O3,B,44.0626,-59.7671,44.0626,-59.7671,6,,401677649,-138
260378,260378,UT,DS,1,0,1,,,01:23:04 06-Sep-2025,MC,B,44.0516,-59.7785,44.0516,-59.7785,6,,401677668,-120
260378,260378,UT,DS,2,0,2,47,47,02:31:47 06-Sep-2025,O3,B,43.9721,-59.7910,43.9721,-59.7910,7,,401677683,-124
260378,260378,UT,DS,3,0,3,136,46,04:10:22 06-Sep-2025,O3,A,43.9736,-59.7566,,,8,,401677682,-124
260378,260378,UT,DS,2,0,2,45,45,07:35:24 06-Sep-2025,SR,B,43.9574,-59.7499,43.9574,-59.7499,8,,401677694,-129
260378,260378,UT,DS,2,0,2,48,48,08:10:40 06-Sep-2025,CS,B,43.9643,-59.7733,43.9643,-59.7733,8,,401677680,-128
260378,260378,UT,DS,4,0,4,159,46,09:08:16 06-Sep-2025,SR,1,43.9781,-59.7424,43.9781,-59.7424,58,,401677686,-122
260378,260378,UT,DS,6,0,6,125,47,09:48:50 06-Sep-2025,CS,3,43.9705,-59.7568,43.9705,-59.7568,58,,401677686,-124
260378,260378,UT,DS,2,0,2,47,47,10:52:32 06-Sep-2025,SR,B,43.9678,-59.7445,43.9678,-59.7445,8,,401677689,-127
260378,260378,UT,DS,2,0,2,45,45,11:25:28 06-Sep-2025,CS,B,43.9667,-59.7447,43.9667,-59.7447,8,,401677690,-130
260378,260378,UT,DS,2,0,2,45,45,12:02:33 06-Sep-2025,MC,B,43.9655,-59.7436,43.9655,-59.7436,8,,401677689,-124
260378,260378,UT,DS,1,0,1,,,12:58:18 06-Sep-2025,MB,B,43.9612,-59.7615,43.9612,-59.7615,8,,401677665,-134
260378,260378,UT,DS,3,0,3,172,48,13:40:23 06-Sep-2025,MC,A,43.9937,-59.8039,43.9937,-59.8039,8,,401677641,-118
260378,260378,UT,DS,4,0,4,70,57,14:33:03 06-Sep-2025,MB,1,43.9695,-59.7583,43.9695,-59.7583,57,,401677668,-125
260378,260378,UT,DS,3,0,3,70,57,14:34:43 06-Sep-2025,O3,A,43.9693,-59.7599,43.9693,-59.7599,6,,401677686,-134
260378,260378,UT,DS,2,0,2,45,45,15:22:29 06-Sep-2025,MC,B,43.9644,-59.7791,43.9644,-59.7791,8,,401677665,-114
260378,260378,UT,DS,4,0,4,225,45,16:13:23 06-Sep-2025,O3,1,43.9674,-59.7697,43.9674,-59.7697,57,,401677676,-125
260378,260378,UT,DS,4,0,4,156,45,08:41:41 07-Sep-2025,SR,1,43.9601,-59.7722,43.9601,-59.7722,50,,401677676,-122
260378,260378,UT,DS,5,0,5,136,45,09:06:08 07-Sep-2025,CS,2,43.9644,-59.7674,43.9644,-59.7674,66,,401677676,-124
260378,260378,UT,DS,3,0,3,122,45,10:18:57 07-Sep-2025,SR,A,43.9625,-59.7703,43.9625,-59.7703,8,,401677683,-123
260378,260378,UT,DS,2,0,2,604,604,10:45:41 07-Sep-2025,CS,B,43.9636,-59.7730,43.9636,-59.7730,6,,401677684,-136
260378,260378,UT,DS,2,0,2,216,216,12:28:35 07-Sep-2025,MB,B,43.9542,-59.7743,43.9542,-59.7743,8,,401677685,-130
260378,260378,UT,DS,3,0,3,271,45,13:16:02 07-Sep-2025,MC,A,43.9599,-59.7860,43.9599,-59.7860,8,,401677687,-131
260378,260378,UT,DS,3,0,3,216,188,14:08:09 07-Sep-2025,MB,A,43.9562,-59.7821,43.9562,-59.7821,8,,401677688,-127
260378,260378,UT,DS,3,0,3,78,45,15:05:40 07-Sep-2025,MC,A,43.9558,-59.7840,43.9558,-59.7840,8,,401677688,-119
260378,260378,UT,DS,3,0,3,246,92,15:29:52 07-Sep-2025,O3,A,43.9613,-59.7936,43.9613,-59.7936,6,,401677689,-125
260378,260378,UT,DS,2,0,2,46,46,17:10:26 07-Sep-2025,O3,B,43.9594,-59.7943,43.9594,-59.7943,8,,401677694,-123
260378,260378,UT,DS,2,0,2,45,45,18:41:23 07-Sep-2025,CS,B,43.9549,-59.8017,43.9549,-59.8017,8,,401677683,-129
260378,260378,UT,DS,10,0,10,72,45,20:15:46 07-Sep-2025,CS,1,43.9527,-59.7991,43.9527,-59.7991,58,,401677683,-129
260378,260378,UT,DS,5,0,5,94,58,20:47:27 07-Sep-2025,SR,2,43.9631,-59.7639,43.9631,-59.7639,58,,401677691,-129
260378,260378,UT,DS,8,0,7,59,45,21:59:36 07-Sep-2025,CS,3,43.9852,-59.7365,43.9852,-59.7365,58,,401677686,-126
260378,260378,UT,DS,6,0,6,145,54,22:31:45 07-Sep-2025,SR,1,43.9889,-59.7307,43.9889,-59.7307,58,,401677688,-119
260378,260378,UT,DS,2,0,2,343,343,23:02:18 07-Sep-2025,MC,B,43.9955,-59.7396,43.9955,-59.7396,8,,401677684,-121
260378,260378,UT,DS,12,0,8,55,7,00:40:20 08-Sep-2025,MC,0,43.9887,-59.7636,43.9887,-59.7636,47,,401677708,-119
260378,260378,UT,DS,1,0,1,,,01:04:54 08-Sep-2025,O3,B,43.9876,-59.7631,43.9876,-59.7631,6,,401677695,-140
260378,260378,UT,DS,1,0,1,,,01:32:17 08-Sep-2025,MB,B,43.9887,-59.7629,43.9887,-59.7629,6,,401677695,-135
260378,260378,UT,DS,2,0,2,45,45,02:27:40 08-Sep-2025,MC,B,43.9971,-59.7723,,,8,,401677687,-122
260378,260378,UT,DS,2,0,2,180,180,02:38:36 08-Sep-2025,O3,B,43.9693,-59.7879,43.9693,-59.7879,6,,401677701,-124
260378,260378,UT,DS,3,0,3,198,94,04:21:24 08-Sep-2025,O3,A,43.9707,-59.7640,43.9707,-59.7640,8,,401677698,-121
260378,260378,UT,DS,1,0,1,,,08:11:26 08-Sep-2025,SR,B,43.9863,-59.7504,43.9863,-59.7504,8,,401677696,-125
260378,260378,UT,DS,4,0,4,217,45,08:25:34 08-Sep-2025,CS,1,43.9761,-59.7627,43.9761,-59.7627,66,,401677697,-130
260378,260378,UT,DS,6,0,6,80,68,09:44:48 08-Sep-2025,SR,2,43.9686,-59.7616,43.9686,-59.7616,58,,401677698,-121
260378,260378,UT,DS,2,0,2,46,46,10:05:41 08-Sep-2025,CS,B,43.9675,-59.7627,43.9675,-59.7627,6,,401677698,-124
260378,260378,UT,DS,2,0,2,133,133,11:42:16 08-Sep-2025,CS,B,43.9787,-59.7807,43.9787,-59.7807,8,,401677705,-134
260378,260378,UT,DS,3,0,3,202,45,13:01:08 08-Sep-2025,MC,A,43.9466,-59.8012,43.9466,-59.8012,8,,401677714,-117
260378,260378,UT,DS,2,0,2,45,45,13:56:51 08-Sep-2025,MB,B,43.9419,-59.8062,43.9419,-59.8062,8,,401677697,-129
260378,260378,UT,DS,4,0,4,220,45,14:37:55 08-Sep-2025,MC,0,43.9473,-59.8021,43.9473,-59.8021,58,,401677696,-123
260378,260378,UT,DS,6,0,5,72,17,00:26:45 09-Sep-2025,MC,0,43.9275,-59.8648,43.9275,-59.8648,48,,401677702,-114
260378,260378,UT,DS,1,0,1,,,01:16:40 09-Sep-2025,MB,B,43.9268,-59.8675,43.9268,-59.8675,8,,401677704,-132
260378,260378,UT,DS,1,0,1,,,01:58:40 09-Sep-2025,O3,B,43.9272,-59.8583,43.9272,-59.8583,8,,401677680,-138
260378,260378,UT,DS,3,0,3,135,90,02:03:10 09-Sep-2025,MC,A,43.9390,-59.8209,43.9390,-59.8209,8,,401677683,-131
260378,260378,UT,DS,5,0,5,112,90,03:33:46 09-Sep-2025,O3,3,43.9418,-59.8249,43.9418,-59.8249,58,,401677684,-129
260378,260378,UT,DS,2,0,2,46,46,07:36:10 09-Sep-2025,SR,B,43.9436,-59.8293,43.9436,-59.8293,8,,401677684,-134
260378,260378,UT,DS,2,0,2,51,51,07:44:09 09-Sep-2025,CS,B,43.9440,-59.8275,43.9440,-59.8275,6,,401677688,-129
260378,260378,UT,DS,2,0,2,45,45,09:14:27 09-Sep-2025,SR,B,43.9436,-59.8273,43.9436,-59.8273,8,,401677689,-118
260378,260378,UT,DS,2,0,2,45,45,09:24:12 09-Sep-2025,CS,B,43.9461,-59.8192,43.9461,-59.8192,6,,401677692,-122
260378,260378,UT,DS,2,0,2,46,46,10:54:47 09-Sep-2025,SR,B,43.9430,-59.8251,43.9430,-59.8251,8,,401677690,-128
260378,260378,UT,DS,1,0,1,,,11:03:28 09-Sep-2025,CS,B,43.9455,-59.8130,43.9455,-59.8130,6,,401677693,-130
260378,260378,UT,DS,1,0,1,,,11:48:49 09-Sep-2025,MB,,,,,,,,401650000,
260378,260378,UT,DS,2,0,2,44,44,12:39:48 09-Sep-2025,MC,B,43.9426,-59.8293,43.9426,-59.8293,8,,401677695,-121
260378,260378,UT,DS,3,0,3,290,173,13:25:50 09-Sep-2025,MB,,,,,,,,401650000,
260378,260378,UT,DS,1,0,0,,,14:00:05 10-Sep-2025,MC,,,,,,,,401650000,-127
260378,260378,UT,DS,6,0,6,86,44,21:36:40 10-Sep-2025,CS,3,43.9432,-59.8037,43.9432,-59.8037,50,,401677679,-126
260378,260378,UT,DS,6,0,6,85,45,22:35:09 10-Sep-2025,SR,2,43.9540,-59.7794,43.9540,-59.7794,58,,401677684,-122
260378,260378,UT,DS,4,0,4,175,44,23:38:48 10-Sep-2025,MC,2,43.9630,-59.7705,43.9630,-59.7705,58,,401677685,-119
260378,260378,UT,DS,3,0,3,61,44,00:10:33 11-Sep-2025,SR,A,43.9716,-59.7629,43.9716,-59.7629,8,,401677686,-133
260378,260378,UT,DS,1,0,1,,,00:39:46 11-Sep-2025,MB,B,43.9716,-59.7643,43.9716,-59.7643,6,,401677686,-129
260378,260378,UT,DS,2,0,2,67,67,01:25:20 11-Sep-2025,MC,B,43.9781,-59.7508,43.9781,-59.7508,8,,401677688,-113
260378,260378,UT,DS,4,0,4,49,44,02:03:16 11-Sep-2025,O3,1,43.9935,-59.7506,43.9935,-59.7506,58,,401677682,-128
260378,260378,UT,DS,2,0,2,93,93,03:05:06 11-Sep-2025,MC,B,44.0049,-59.7598,,,8,,401677681,-129
260378,260378,UT,DS,4,0,4,165,47,03:41:39 11-Sep-2025,O3,2,43.9903,-59.7536,43.9903,-59.7536,58,,401677689,-124
260378,260378,UT,DS,1,0,1,,,05:24:31 11-Sep-2025,O3,B,43.9979,-59.7421,43.9979,-59.7421,8,,401677687,-137
260378,260378,UT,DS,3,0,3,92,44,07:57:22 11-Sep-2025,CS,A,43.9835,-59.7369,43.9835,-59.7369,8,,401677690,-130
260378,260378,UT,DS,4,0,4,151,46,08:15:04 11-Sep-2025,SR,3,43.9880,-59.7448,43.9880,-59.7448,66,,401677692,-125
260378,260378,UT,DS,4,0,4,181,53,09:40:12 11-Sep-2025,CS,1,43.9863,-59.7401,43.9863,-59.7401,58,,401677692,-120
260378,260378,UT,DS,3,0,3,125,50,09:49:18 11-Sep-2025,SR,A,43.9884,-59.7405,43.9884,-59.7405,6,,401677693,-125
260378,260378,UT,DS,1,0,1,,,11:15:10 11-Sep-2025,CS,B,43.9891,-59.7343,43.9891,-59.7343,8,,401677696,-137
260378,260378,UT,DS,2,0,2,44,44,11:58:07 11-Sep-2025,MC,B,43.9898,-59.7344,43.9898,-59.7344,8,,401677693,-128
260378,260378,UT,DS,2,0,2,481,481,12:48:16 11-Sep-2025,MB,B,43.9927,-59.7326,43.9927,-59.7326,8,,401677695,-128
260378,260378,UT,DS,4,0,4,210,44,13:36:08 11-Sep-2025,MC,1,43.9876,-59.7517,43.9876,-59.7517,58,,401677694,-116
260378,260378,UT,DS,2,0,2,77,77,14:24:57 11-Sep-2025,MB,B,43.9903,-59.7479,43.9903,-59.7479,8,,401677694,-131
260378,260378,UT,DS,3,0,3,176,44,15:17:26 11-Sep-2025,MC,A,43.9914,-59.7430,43.9914,-59.7430,8,,401677696,-123
260378,260378,UT,DS,10,0,10,74,44,17:24:14 11-Sep-2025,O3,3,43.9800,-59.7453,43.9800,-59.7453,58,,401677697,-128
260378,260378,UT,DS,2,0,2,269,269,00:17:02 12-Sep-2025,MB,B,43.9650,-59.7360,43.9650,-59.7360,8,,401677685,-129
260378,260378,UT,DS,5,0,4,65,39,01:00:35 12-Sep-2025,MC,A,43.9809,-59.9448,,,48,,401677685,-117
260378,260378,UT,DS,1,0,1,,,01:18:33 12-Sep-2025,O3,B,43.9641,-59.7368,43.9641,-59.7368,8,,401677687,-138
260378,260378,UT,DS,1,0,1,,,01:50:29 12-Sep-2025,MB,B,43.9641,-59.7372,43.9641,-59.7372,8,,401677689,-132
260378,260378,UT,DS,2,0,2,169,169,02:41:57 12-Sep-2025,MC,B,43.9623,-59.7656,43.9623,-59.7656,8,,401677686,-122
260378,260378,UT,DS,3,0,3,78,46,02:55:55 12-Sep-2025,O3,A,43.9655,-59.7676,43.9655,-59.7676,6,,401677687,-121
260378,260378,UT,DS,1,0,1,,,04:36:19 12-Sep-2025,O3,B,43.9636,-59.7846,43.9636,-59.7846,8,,401677688,-127
260378,260378,UT,DS,3,0,3,90,90,07:19:03 12-Sep-2025,CS,A,43.9534,-59.7555,43.9534,-59.7555,8,,401677684,-137
260378,260378,UT,DS,3,0,3,67,45,07:40:37 12-Sep-2025,SR,A,43.9653,-59.7742,43.9653,-59.7742,6,,401677682,-130
260378,260378,UT,DS,5,0,5,124,45,09:03:55 12-Sep-2025,CS,3,43.9634,-59.7709,43.9634,-59.7709,68,,401677684,-124
260378,260378,UT,DS,3,0,3,206,45,09:19:37 12-Sep-2025,SR,A,43.9618,-59.7711,43.9618,-59.7711,6,,401677685,-119
260378,260378,UT,DS,3,0,3,45,45,10:40:32 12-Sep-2025,CS,A,43.9647,-59.7698,43.9647,-59.7698,8,,401677689,-126
260378,260378,UT,DS,1,0,1,,,10:59:31 12-Sep-2025,SR,B,43.9647,-59.7704,43.9647,-59.7704,6,,401677689,-127
260378,260378,UT,DS,1,0,1,,,12:25:52 12-Sep-2025,MB,B,43.9616,-59.7697,43.9616,-59.7697,8,,401677694,-129
260378,260378,UT,DS,4,0,4,174,46,13:14:30 12-Sep-2025,MC,1,43.9606,-59.7663,43.9606,-59.7663,48,,401677692,-125
260378,260378,UT,DS,6,0,6,72,45,14:07:38 12-Sep-2025,MB,3,43.9569,-59.7848,43.9569,-59.7848,58,,401677697,-135
260378,260378,UT,DS,5,0,5,112,90,14:57:08 12-Sep-2025,MC,2,43.9538,-59.7888,43.9538,-59.7888,58,,401677626,-121
260378,260378,UT,DS,2,0,2,180,180,15:00:08 12-Sep-2025,O3,B,43.9479,-59.7729,43.9479,-59.7729,6,,401677618,-132
260378,260378,UT,DS,2,0,0,90,90,00:40:23 13-Sep-2025,MC,B,44.0729,-59.8157,44.0729,-59.8157,8,,401677731,-129
260378,260378,UT,DS,5,0,5,143,45,09:55:35 13-Sep-2025,CS,2,43.9539,-59.7708,43.9539,-59.7708,58,,401677682,-124
260378,260378,UT,DS,1,0,1,,,10:30:15 13-Sep-2025,SR,B,43.9544,-59.7725,43.9544,-59.7725,7,,401677690,-123
260378,260378,UT,DS,2,0,2,48,48,12:11:07 13-Sep-2025,MB,B,43.9644,-59.7842,43.9644,-59.7842,8,,401677691,-131
260378,260378,UT,DS,9,0,9,76,45,12:52:50 13-Sep-2025,MC,3,43.9614,-59.7713,43.9614,-59.7713,58,,401677691,-121
260378,260378,UT,DS,11,0,11,71,46,13:43:27 13-Sep-2025,MB,3,43.9641,-59.7766,43.9641,-59.7766,58,,401677691,-127
260378,260378,UT,DS,4,0,4,185,45,14:36:32 13-Sep-2025,MC,1,43.9603,-59.7631,43.9603,-59.7631,58,,401677690,-115
260378,260378,UT,DS,1,0,1,,,15:29:59 13-Sep-2025,MB,B,43.9606,-59.7592,43.9606,-59.7592,8,,401677684,-134
260378,260378,UT,DS,9,0,9,58,45,15:53:14 13-Sep-2025,O3,3,43.9770,-59.7605,43.9770,-59.7605,56,,401677693,-117
260378,260378,UT,DS,3,0,3,103,49,16:15:16 13-Sep-2025,MC,A,43.9665,-59.7593,43.9665,-59.7593,6,,401677691,-133
260378,260378,UT,DS,2,0,2,48,48,17:28:22 13-Sep-2025,O3,B,43.9787,-59.7407,43.9787,-59.7407,8,,401677691,-124
260378,260378,UT,DS,5,0,5,166,48,19:31:59 13-Sep-2025,CS,1,43.9903,-59.7426,43.9903,-59.7426,48,,401677694,-127
260378,260378,UT,DS,4,0,4,128,45,21:04:27 13-Sep-2025,SR,2,43.9757,-59.7655,,,58,,401677684,-125
260378,260378,UT,DS,4,0,4,113,45,21:08:09 13-Sep-2025,CS,1,43.9927,-59.7388,43.9927,-59.7388,56,,401677690,-124
260378,260378,UT,DS,5,0,5,120,46,22:38:00 13-Sep-2025,SR,2,43.9897,-59.7370,43.9897,-59.7370,58,,401677691,-125
260378,260378,UT,DS,2,0,2,46,46,22:41:40 13-Sep-2025,MC,B,43.9897,-59.7392,43.9897,-59.7392,6,,401677692,-126
260378,260378,UT,DS,1,0,1,,,00:18:58 14-Sep-2025,SR,B,43.9959,-59.7365,43.9959,-59.7365,8,,401677678,-129
260378,260378,UT,DS,2,0,1,127,127,00:21:06 14-Sep-2025,MC,B,44.0107,-59.7340,44.0107,-59.7340,6,,401677702,-120
260378,260378,UT,DS,1,0,1,,,02:00:40 14-Sep-2025,MC,B,44.0211,-59.7486,44.0211,-59.7486,7,,401677727,-118
260378,260378,UT,DS,2,0,2,584,584,03:06:10 14-Sep-2025,O3,B,44.0650,-59.7000,44.0650,-59.7000,8,,401677700,-126
260378,260378,UT,DS,1,0,1,,,04:41:40 14-Sep-2025,O3,B,44.1063,-59.7035,44.1063,-59.7035,7,,401677723,-125
260378,260378,UT,DS,1,0,1,,,07:33:03 14-Sep-2025,CS,B,44.1870,-59.7160,44.1870,-59.7160,8,,401677689,-132
260378,260378,UT,DS,1,0,1,,,08:17:24 14-Sep-2025,SR,B,44.2420,-59.7089,44.2420,-59.7089,6,,401677712,-135
260378,260378,UT,DS,1,0,1,,,09:17:48 14-Sep-2025,CS,B,44.2776,-59.7114,44.2776,-59.7114,8,,401677723,-124
260378,260378,UT,DS,2,0,2,45,45,09:53:05 14-Sep-2025,SR,B,44.8588,-59.4928,41.5887,-78.8134,,,401677684,-130
260378,260378,UT,DS,1,0,1,,,10:58:31 14-Sep-2025,CS,B,44.7566,-59.5442,44.7566,-59.5442,5,,401677804,-139
260378,260378,UT,DS,3,0,3,260,45,12:32:36 14-Sep-2025,MC,A,44.2285,-59.7250,36.2121,-18.1959,40,,401677684,-126
260378,260378,UT,DS,1,0,1,,,13:26:27 14-Sep-2025,MB,B,44.0450,-60.0379,44.0450,-60.0379,8,,401677586,-126
260378,260378,UT,DS,1,0,1,,,14:16:33 14-Sep-2025,MC,B,44.2289,-59.7235,44.2289,-59.7235,8,,401677550,-111
260378,260378,UT,DS,1,0,1,,,15:54:05 14-Sep-2025,MC,B,44.2349,-59.7321,44.2349,-59.7321,7,,401677690,-129
260378,260378,UT,DS,1,0,1,,,16:46:43 14-Sep-2025,O3,B,44.2460,-59.8424,44.2460,-59.8424,8,,401677684,-127
260378,260378,UT,DS,1,0,1,,,18:49:46 14-Sep-2025,CS,B,44.3326,-59.7393,44.3326,-59.7393,8,,401677679,-127
260378,260378,UT,DS,1,0,1,,,20:23:22 14-Sep-2025,SR,B,44.3092,-59.7181,44.3092,-59.7181,,,401677743,-132
260378,260378,UT,DS,2,0,2,527,527,20:23:22 14-Sep-2025,CS,B,44.3189,-59.7419,44.3189,-59.7419,6,,401677726,-127
260378,260378,UT,DS,2,0,2,48,48,22:06:44 14-Sep-2025,SR,B,44.3325,-59.7575,44.3325,-59.7575,,,401677609,-119
260378,260378,UT,DS,2,0,2,48,48,22:06:44 14-Sep-2025,CS,B,44.4122,-59.2665,35.1746,-108.4207,,,401677684,-128
260378,260378,UT,DS,1,0,1,,,23:17:10 14-Sep-2025,MB,B,44.2954,-59.6314,44.2954,-59.6314,5,,401677725,-133
260378,260378,UT,DS,2,0,2,45,45,23:43:52 14-Sep-2025,SR,B,44.2364,-59.6301,44.2364,-59.6301,6,,401677683,-129
260378,260378,UT,DS,2,0,0,91,91,00:01:21 15-Sep-2025,MC,B,44.2112,-59.6137,44.2112,-59.6137,6,,401677595,-130
260378,260378,UT,DS,2,0,2,63,63,00:55:51 15-Sep-2025,MB,B,44.2021,-59.5934,44.2021,-59.5934,4,,401677749,-129
260378,260378,UT,DS,1,0,1,,,01:41:32 15-Sep-2025,MC,B,44.2579,-59.6010,44.2579,-59.6010,5,,401677836,-119
260378,260378,UT,DS,2,0,2,473,473,02:19:43 15-Sep-2025,O3,B,44.3235,-59.4933,44.3235,-59.4933,8,,401677736,-130
260378,260378,UT,DS,1,0,1,,,07:48:41 15-Sep-2025,SR,B,44.6454,-59.1333,44.6454,-59.1333,8,,401677747,-125
260378,260378,UT,DS,2,0,2,51,51,08:35:59 15-Sep-2025,CS,B,44.4992,-59.1194,44.4992,-59.1194,4,,401677846,-124
260378,260378,UT,DS,2,0,2,647,647,10:13:36 15-Sep-2025,CS,B,44.4954,-59.5403,44.4954,-59.5403,8,,401677732,-130
260378,260378,UT,DS,1,0,1,,,11:05:13 15-Sep-2025,SR,B,44.4342,-59.5743,44.4342,-59.5743,8,,401677663,-136
260378,260378,UT,DS,1,0,1,,,11:52:01 15-Sep-2025,CS,B,44.3692,-59.6126,44.3692,-59.6126,5,,401677721,-135
260378,260378,UT,DS,1,0,1,,,12:19:16 15-Sep-2025,MC,B,44.3771,-59.5979,44.3771,-59.5979,6,,401677722,-125
260378,260378,UT,DS,1,0,1,,,13:01:15 15-Sep-2025,MB,B,44.3402,-59.6300,44.3402,-59.6300,8,,401677725,-133
260378,260378,UT,DS,1,0,1,,,14:00:03 15-Sep-2025,MC,B,44.3457,-59.6219,44.3457,-59.6219,8,,401677717,-116
260378,260378,UT,DS,1,0,1,,,14:22:03 15-Sep-2025,O3,B,44.3326,-59.6366,44.3326,-59.6366,6,,401677706,-137
260378,260378,UT,DS,1,0,1,,,15:38:06 15-Sep-2025,MC,B,44.3477,-59.6240,44.3477,-59.6240,8,,401677694,-126
260378,260378,UT,DS,1,0,1,,,16:02:25 15-Sep-2025,O3,B,44.3372,-59.6287,44.3372,-59.6287,6,,401677685,-134
260378,260378,UT,DS,1,0,1,,,17:37:51 15-Sep-2025,O3,B,44.3526,-59.6133,44.3526,-59.6133,8,,401677680,-127
260378,260378,UT,DS,2,0,2,45,45,21:26:26 15-Sep-2025,CS,B,44.3634,-59.3872,44.3634,-59.3872,6,,401677781,-130
260378,260378,UT,DS,2,0,2,51,51,23:11:15 15-Sep-2025,SR,B,44.2495,-59.4724,44.2495,-59.4724,8,,401677715,-127
260378,260378,UT,DS,2,0,2,56,56,23:41:13 15-Sep-2025,MC,B,44.3191,-59.5960,44.3191,-59.5960,6,,401677796,-119
260378,260378,UT,DS,1,0,1,,,00:36:03 16-Sep-2025,MB,B,44.3212,-59.6298,44.3212,-59.6298,8,,401677741,-135
260378,260378,UT,DS,1,0,1,,,01:18:37 16-Sep-2025,MC,B,44.3078,-59.6424,44.3078,-59.6424,8,,401677742,-122
260378,260378,UT,DS,1,0,1,,,01:37:35 16-Sep-2025,O3,B,44.3132,-59.6400,44.3132,-59.6400,6,,401677714,-134
260378,260378,UT,DS,1,0,1,,,03:01:01 16-Sep-2025,MC,B,44.3240,-59.6303,44.3240,-59.6303,6,,401677762,-127
260378,260378,UT,DS,1,0,1,,,03:08:08 16-Sep-2025,O3,B,44.3453,-59.6244,44.3453,-59.6244,6,,401677740,-127
260378,260378,UT,DS,1,0,1,,,04:50:30 16-Sep-2025,O3,B,44.3493,-59.6461,44.3493,-59.6461,8,,401677751,-125
260378,260378,UT,DS,1,0,1,,,07:48:15 16-Sep-2025,CS,B,44.3333,-59.6729,44.3333,-59.6729,8,,401677747,-135
260378,260378,UT,DS,1,0,1,,,09:31:32 16-Sep-2025,CS,B,44.4137,-59.5552,44.4137,-59.5552,8,,401677737,-118
260378,260378,UT,DS,1,0,1,,,10:28:58 16-Sep-2025,SR,B,44.4077,-59.5311,44.4077,-59.5311,8,,401677715,-132
260378,260378,UT,DS,1,0,1,,,11:11:37 16-Sep-2025,CS,B,44.3991,-59.5174,44.3991,-59.5174,7,,401677730,-133
260378,260378,UT,DS,3,0,3,46,46,13:36:10 16-Sep-2025,MC,A,44.4031,-59.5232,44.4031,-59.5232,8,,401677734,-115
260378,260378,UT,DS,2,0,2,72,72,15:14:11 16-Sep-2025,MC,B,44.4174,-59.4981,44.4174,-59.4981,8,,401677651,-120
260378,260378,UT,DS,2,0,2,72,72,15:14:47 16-Sep-2025,O3,B,44.1856,-59.6544,44.1856,-59.6544,6,,401677608,-126
260378,260378,UT,DS,2,0,2,45,45,16:49:50 16-Sep-2025,O3,B,44.1730,-59.5577,44.1730,-59.5577,6,,401677692,-123
260378,260378,UT,DS,2,0,1,90,90,19:04:00 16-Sep-2025,CS,B,44.4195,-59.7591,44.4195,-59.7591,8,,401677708,-128
260378,260378,UT,DS,2,0,2,631,631,20:44:33 16-Sep-2025,CS,B,44.5673,-59.4320,44.5673,-59.4320,8,,401677709,-128
260378,260378,UT,DS,1,0,1,,,21:00:15 16-Sep-2025,SR,B,44.5374,-59.4095,44.5374,-59.4095,6,,401677795,-125
260378,260378,UT,DS,1,0,1,,,22:28:50 16-Sep-2025,MB,,,,,,,,401650000,
260378,260378,UT,DS,3,0,3,238,60,22:44:44 16-Sep-2025,SR,A,44.4344,-59.0718,44.4344,-59.0718,8,,401677730,-123
260378,260378,UT,DS,3,0,3,235,77,23:16:28 16-Sep-2025,MC,A,44.2708,-59.1273,44.2708,-59.1273,5,,401677718,-122
260378,260378,UT,DS,2,0,2,424,424,00:04:26 17-Sep-2025,MB,,,,,,,,401650000,
260378,260378,UT,DS,1,0,1,,,00:26:07 17-Sep-2025,SR,B,44.1931,-59.0887,44.1931,-59.0887,8,,401677664,-138
260378,260378,UT,DS,4,0,3,158,45,00:54:17 17-Sep-2025,MC,0,42.7539,-64.4637,44.2425,-56.9432,40,,401677792,-119
260378,260378,UT,DS,3,0,3,257,46,02:25:17 17-Sep-2025,O3,A,44.0071,-59.1196,49.1006,-31.1757,48,,401677792,-130
260378,260378,UT,DS,1,0,1,,,02:38:11 17-Sep-2025,MC,B,44.0112,-59.1220,49.1031,-31.1761,6,,401677875,-125
260378,260378,UT,DS,2,0,2,449,449,04:07:09 17-Sep-2025,O3,B,44.1894,-59.4720,44.1894,-59.4720,8,,401677766,-124
260378,260378,UT,DS,1,0,1,,,06:45:29 17-Sep-2025,SR,B,44.2599,-59.5963,44.2599,-59.5963,8,,401677675,-137
260378,260378,UT,DS,1,0,1,,,08:25:59 17-Sep-2025,SR,B,44.2245,-59.5280,44.2245,-59.5280,8,,401677695,-127
260378,260378,UT,DS,1,0,1,,,08:47:37 17-Sep-2025,CS,B,44.2204,-59.5167,44.2204,-59.5167,6,,401677707,-127
260378,260378,UT,DS,1,0,1,,,10:04:36 17-Sep-2025,SR,B,44.3329,-59.5637,44.3329,-59.5637,6,,401677756,-128
260378,260378,UT,DS,2,0,2,58,58,10:27:09 17-Sep-2025,CS,B,44.2652,-59.2246,44.2652,-59.2246,6,,401677681,-130
260378,260378,UT,DS,3,0,2,90,45,13:13:32 17-Sep-2025,MC,A,44.2163,-60.5371,39.3848,-35.7674,40,,401677792,-124
260378,260378,UT,DS,1,0,1,,,14:05:36 17-Sep-2025,MB,Z,44.3941,-60.3867,44.3941,-60.3867,1,,401677365,-126
260378,260378,UT,DS,1,0,1,,,14:29:37 17-Sep-2025,O3,B,44.2468,-60.5359,44.2468,-60.5359,8,,401677687,-135
260378,260378,UT,DS,2,0,2,44,44,14:55:35 17-Sep-2025,MC,B,44.3672,-59.1270,49.1377,-84.2803,,,401677792,-115
260378,260378,UT,DS,2,0,2,45,45,16:03:06 17-Sep-2025,O3,B,44.2222,-59.0118,44.2222,-59.0118,8,,401677677,-129
260378,260378,UT,DS,1,0,1,,,17:42:46 17-Sep-2025,O3,B,44.1356,-59.0553,44.1356,-59.0553,5,,401677784,-130
260378,260378,UT,DS,2,0,2,46,46,20:01:01 17-Sep-2025,CS,B,44.4453,-59.2112,44.4453,-59.2112,8,,401677667,-123
260378,260378,UT,DS,1,0,1,,,20:31:26 17-Sep-2025,SR,B,44.4349,-59.2224,44.4349,-59.2224,4,,401677750,-137
260378,260378,UT,DS,1,0,1,,,21:42:13 17-Sep-2025,CS,B,44.3936,-59.1892,44.3936,-59.1892,8,,401677687,-126
260378,260378,UT,DS,4,0,4,194,44,22:12:10 17-Sep-2025,SR,0,44.3355,-59.4611,44.3355,-59.4611,46,,401677719,-124
260378,260378,UT,DS,2,0,2,46,46,22:58:32 17-Sep-2025,MC,B,44.2984,-59.7333,44.2984,-59.7333,8,,401677686,-127
260378,260378,UT,DS,4,0,2,209,93,00:35:02 18-Sep-2025,MC,0,44.0289,-59.4791,44.0289,-59.4791,47,,401677718,-119
260378,260378,UT,DS,1,0,1,,,01:24:07 18-Sep-2025,MB,B,43.9748,-59.5182,43.9748,-59.5182,6,,401677743,-131
260378,260378,UT,DS,2,0,2,392,392,01:38:45 18-Sep-2025,O3,B,44.0154,-59.3814,44.0154,-59.3814,6,,401677780,-134
260378,260378,UT,DS,2,0,2,526,526,02:14:40 18-Sep-2025,MC,B,43.9736,-59.3937,43.9736,-59.3937,8,,401677746,-127
260378,260378,UT,DS,2,0,2,52,52,03:19:42 18-Sep-2025,O3,B,44.0895,-59.7564,44.0895,-59.7564,8,,401677727,-115
260378,260378,UT,DS,1,0,0,,,05:02:07 18-Sep-2025,O3,B,44.0688,-59.9539,44.0688,-59.9539,6,,401677783,-131
260378,260378,UT,DS,2,0,2,195,195,07:53:21 18-Sep-2025,SR,B,43.9925,-60.1111,43.9925,-60.1111,8,,401677649,-131
260378,260378,UT,DS,2,0,2,174,174,08:10:03 18-Sep-2025,CS,B,44.0051,-59.7262,44.0051,-59.7262,6,,401677739,-130
260378,260378,UT,DS,4,0,4,120,90,09:28:16 18-Sep-2025,SR,2,43.9757,-59.7575,43.9757,-59.7575,58,,401677711,-126
260378,260378,UT,DS,8,0,8,90,90,09:48:31 18-Sep-2025,CS,1,43.9804,-59.7724,43.9804,-59.7724,46,,401677710,-122
260378,260378,UT,DS,2,0,2,90,90,11:08:46 18-Sep-2025,SR,B,43.9641,-59.7597,43.9641,-59.7597,8,,401677684,-134
260378,260378,UT,DS,2,0,2,90,90,11:26:01 18-Sep-2025,CS,B,43.9665,-59.7770,43.9665,-59.7770,6,,401677674,-137
260378,260378,UT,DS,3,0,3,343,89,12:49:03 18-Sep-2025,MC,A,43.9626,-59.7796,43.9626,-59.7796,8,,401677685,-135
260378,260378,UT,DS,4,0,4,147,91,13:46:47 18-Sep-2025,MB,1,43.9468,-59.7803,43.9468,-59.7803,48,,401677685,-126
260378,260378,UT,DS,10,0,10,65,45,14:30:35 18-Sep-2025,MC,3,43.9433,-59.8115,43.9433,-59.8115,58,,401677688,-114
260378,260378,UT,DS,3,0,2,56,47,00:18:40 19-Sep-2025,MC,A,43.8176,-59.5301,43.8176,-59.5301,7,,401677882,-121
260378,260378,UT,DS,2,0,2,44,44,01:04:24 19-Sep-2025,MB,B,43.8903,-59.6202,43.8903,-59.6202,8,,401677721,-126
260378,260378,UT,DS,3,0,3,81,45,01:58:13 19-Sep-2025,MC,A,43.9363,-59.8313,43.9363,-59.8313,8,,401677691,-116
260378,260378,UT,DS,2,0,2,44,44,02:34:50 19-Sep-2025,O3,B,43.9637,-59.8679,43.9637,-59.8679,8,,401677666,-123
260378,260378,UT,DS,5,0,5,148,45,04:13:04 19-Sep-2025,O3,2,43.9381,-59.8335,43.9381,-59.8335,57,,401677693,-119
260378,260378,UT,DS,2,0,2,44,44,07:20:57 19-Sep-2025,SR,B,43.9754,-59.9851,43.9754,-59.9851,8,,401677651,-129
260378,260378,UT,DS,3,0,3,44,44,09:01:03 19-Sep-2025,SR,A,43.9216,-59.8643,43.9216,-59.8643,7,,401677694,-126
260378,260378,UT,DS,3,0,3,328,45,09:04:56 19-Sep-2025,CS,A,43.9335,-59.8394,43.9335,-59.8394,6,,401677697,-130
260378,260378,UT,DS,3,0,3,108,44,10:35:59 19-Sep-2025,SR,A,43.9308,-59.8408,43.9308,-59.8408,8,,401677699,-126
260378,260378,UT,DS,5,0,5,61,44,10:48:45 19-Sep-2025,CS,1,43.9326,-59.8355,43.9326,-59.8355,56,,401677697,-125
260378,260378,UT,DS,6,0,6,95,48,12:30:29 19-Sep-2025,MC,3,43.9253,-59.9025,43.9253,-59.9025,68,,401677697,-121
260378,260378,UT,DS,2,0,2,636,636,13:19:14 19-Sep-2025,MB,B,43.9262,-59.9244,43.9262,-59.9244,8,,401677699,-129
260378,260378,UT,DS,14,0,14,52,45,14:09:20 19-Sep-2025,MC,1,43.9248,-59.9541,43.9248,-59.9541,48,,401677699,-119
260378,260378,UT,DS,1,0,1,,,15:54:55 19-Sep-2025,MC,B,43.9566,-59.9825,43.9566,-59.9825,8,,401677632,-130
260378,260378,UT,DS,3,0,3,90,90,16:15:55 19-Sep-2025,O3,A,43.9286,-59.9747,43.9286,-59.9747,6,,401677636,-120
260378,260378,UT,DS,2,0,1,357,357,00:02:27 20-Sep-2025,MC,B,44.1394,-60.0672,44.1394,-60.0672,8,,401677636,-129
260378,260378,UT,DS,2,0,2,158,158,00:24:05 20-Sep-2025,SR,B,43.9469,-59.5046,43.9469,-59.5046,6,,401677777,-131
260378,260378,UT,DS,2,0,2,45,45,00:51:33 20-Sep-2025,MB,B,43.9364,-59.5802,43.9364,-59.5802,6,,401677657,-125
260378,260378,UT,DS,5,0,4,150,44,01:33:47 20-Sep-2025,MC,0,43.9340,-59.8863,43.9340,-59.8863,56,,401677683,-119
260378,260378,UT,DS,2,0,2,216,216,01:51:39 20-Sep-2025,O3,B,43.9391,-59.9270,43.9391,-59.9270,6,,401677673,-129
260378,260378,UT,DS,2,0,2,44,44,03:29:00 20-Sep-2025,O3,B,43.8805,-60.1077,43.8805,-60.1077,8,,401677680,-118
260378,260378,UT,DS,3,0,3,268,53,05:07:03 20-Sep-2025,O3,A,43.9410,-59.8461,43.9410,-59.8461,8,,401677685,-131
260378,260378,UT,DS,1,0,1,,,06:47:58 20-Sep-2025,SR,B,43.9543,-59.9190,43.9543,-59.9190,8,,401677671,-136
260378,260378,UT,DS,2,0,2,44,44,08:21:12 20-Sep-2025,SR,B,43.9221,-59.8787,43.9221,-59.8787,,,401677697,-131
260378,260378,UT,DS,2,0,2,44,44,08:21:12 20-Sep-2025,CS,B,43.9156,-59.8967,43.9156,-59.8967,7,,401677697,-136
260378,260378,UT,DS,3,0,3,243,47,10:04:04 20-Sep-2025,CS,A,43.9427,-59.8628,43.9427,-59.8628,8,,401677693,-124
260378,260378,UT,DS,2,0,2,47,47,10:07:02 20-Sep-2025,SR,B,43.9450,-59.8283,43.9450,-59.8283,6,,401677704,-127
260378,260378,UT,DS,2,0,2,44,44,12:11:22 20-Sep-2025,MC,B,43.9433,-59.8772,43.9433,-59.8772,8,,401677694,-124
260378,260378,UT,DS,2,0,2,488,488,13:02:10 20-Sep-2025,MB,B,43.9396,-59.8271,43.9396,-59.8271,8,,401677691,-127
260378,260378,UT,DS,2,0,2,53,53,13:54:51 20-Sep-2025,MC,B,43.9500,-59.8243,43.9500,-59.8243,8,,401677691,-113
260378,260378,UT,DS,2,0,2,50,50,14:39:35 20-Sep-2025,MB,B,43.9511,-59.8274,43.9511,-59.8274,8,,401677695,-131
260378,260378,UT,DS,5,0,5,112,90,15:31:07 20-Sep-2025,O3,2,43.9480,-59.7913,43.9480,-59.7913,58,,401677653,-131
260378,260378,UT,DS,1,0,1,,,15:34:25 20-Sep-2025,MC,B,43.9481,-59.7913,43.9481,-59.7913,6,,401677663,-129
260378,260378,UT,DS,7,0,7,83,60,17:08:44 20-Sep-2025,O3,2,43.9247,-59.8549,43.9247,-59.8549,58,,401677673,-122
260378,260378,UT,DS,4,0,3,150,90,01:14:26 21-Sep-2025,MC,2,43.9309,-59.8754,43.9309,-59.8754,58,,401677685,-120
260378,260378,UT,DS,1,0,1,,,14:42:27 21-Sep-2025,O3,B,43.9507,-60.0054,43.9507,-60.0054,,,401677671,-134
260378,260378,UT,DS,4,0,3,154,45,15:08:08 21-Sep-2025,MC,0,43.9331,-59.8412,43.9331,-59.8412,40,,401677669,-121
260378,260378,UT,DS,4,0,4,115,46,16:23:44 21-Sep-2025,O3,3,43.9367,-59.8561,43.9367,-59.8561,58,,401677678,-123
260378,260378,UT,DS,1,0,1,,,17:59:36 21-Sep-2025,O3,B,43.9408,-59.8610,43.9408,-59.8610,8,,401677665,-131
260378,260378,UT,DS,3,0,3,47,45,18:59:12 21-Sep-2025,CS,A,43.9673,-59.8100,43.9673,-59.8100,8,,401677675,-129
260378,260378,UT,DS,3,0,3,290,46,20:31:28 21-Sep-2025,CS,A,44.0137,-59.7806,44.0137,-59.7806,8,,401677686,-128
260378,260378,UT,DS,5,0,5,155,48,21:45:25 21-Sep-2025,SR,2,43.9903,-59.7525,43.9903,-59.7525,58,,401677687,-119
260378,260378,UT,DS,2,0,2,46,46,22:14:30 21-Sep-2025,CS,B,43.9933,-59.7439,43.9933,-59.7439,6,,401677687,-130
260378,260378,UT,DS,1,0,1,,,22:31:30 21-Sep-2025,MB,B,43.9930,-59.7460,43.9930,-59.7460,6,,401677688,-133
260378,260378,UT,DS,1,0,1,,,23:13:33 21-Sep-2025,MC,B,43.9972,-59.7326,43.9972,-59.7326,8,,401677687,-125
260378,260378,UT,DS,1,0,1,,,23:23:24 21-Sep-2025,SR,B,44.0018,-59.7303,44.0018,-59.7303,6,,401677681,-120
260378,260378,UT,DS,1,0,1,,,00:59:04 22-Sep-2025,MC,B,44.0110,-59.7056,44.0110,-59.7056,8,,401677682,-118
260378,260378,UT,DS,2,0,2,58,58,01:54:11 22-Sep-2025,O3,B,44.1856,-60.0526,44.1856,-60.0526,8,,401677645,-131
260378,260378,UT,DS,1,0,1,,,02:37:37 22-Sep-2025,MC,B,44.2282,-60.1254,44.2282,-60.1254,8,,401677638,-120
260378,260378,UT,DS,1,0,1,,,03:38:06 22-Sep-2025,O3,B,44.2829,-60.2373,44.2829,-60.2373,6,,401677665,-125
260378,260378,UT,DS,1,0,1,,,05:11:23 22-Sep-2025,O3,B,44.1685,-60.0972,44.1685,-60.0972,8,,401677658,-133
260378,260378,UT,DS,1,0,1,,,07:21:43 22-Sep-2025,SR,B,44.2262,-60.1949,44.2262,-60.1949,8,,401677680,-130
260378,260378,UT,DS,1,0,1,,,08:39:14 22-Sep-2025,CS,B,44.1525,-60.1406,44.1525,-60.1406,6,,401677737,-128
260378,260378,UT,DS,1,0,1,,,08:55:53 22-Sep-2025,SR,B,44.1438,-60.1197,44.1438,-60.1197,6,,401677723,-139
260378,260378,UT,DS,1,0,1,,,10:13:57 22-Sep-2025,CS,B,44.2232,-60.1565,44.2232,-60.1565,8,,401677668,-138
260378,260378,UT,DS,1,0,1,,,10:45:27 22-Sep-2025,SR,B,44.3158,-60.0053,44.3158,-60.0053,5,,401677730,-127
260378,260378,UT,DS,1,0,1,,,12:17:48 22-Sep-2025,MB,B,44.4098,-59.8865,44.4098,-59.8865,8,,401677731,-131
260378,260378,UT,DS,1,0,1,,,14:57:00 22-Sep-2025,MC,B,44.5753,-59.6816,44.5753,-59.6816,8,,401677726,-130
260378,260378,UT,DS,2,0,2,45,45,15:33:01 22-Sep-2025,O3,B,43.9311,-60.1402,37.0802,-31.4584,,,401677687,-129
260378,260378,UT,DS,2,0,2,65,65,17:20:25 22-Sep-2025,O3,B,44.8445,-58.4876,48.1744,-79.2411,,,401677687,-129
260378,260378,UT,DS,1,0,1,,,18:53:22 22-Sep-2025,O3,B,44.6212,-58.9125,44.6212,-58.9125,4,,401677925,-132
260378,260378,UT,DS,3,0,3,276,50,19:55:44 22-Sep-2025,CS,A,44.6026,-60.0875,46.8068,-46.1980,50,,401677687,-130
260378,260378,UT,DS,1,0,1,,,21:06:15 22-Sep-2025,SR,B,44.5953,-60.0708,44.5953,-60.0708,5,,401677764,-137
260378,260378,UT,DS,1,0,1,,,22:50:19 22-Sep-2025,SR,B,44.6396,-59.9646,44.6396,-59.9646,8,,401677699,-124
260378,260378,UT,DS,1,0,1,,,23:00:00 22-Sep-2025,MC,B,44.6197,-59.9529,44.6197,-59.9529,6,,401677667,-124
260378,260378,UT,DS,1,0,1,,,23:52:33 22-Sep-2025,MB,B,44.6150,-59.9147,44.6150,-59.9147,6,,401677697,-134
260378,260378,UT,DS,1,0,1,,,00:28:34 23-Sep-2025,SR,B,44.6160,-59.8945,44.6160,-59.8945,8,,401677696,-135
260378,260378,UT,DS,2,0,1,217,217,00:37:43 23-Sep-2025,MC,B,44.5930,-59.8790,44.5930,-59.8790,6,,401677421,-120
260378,260378,UT,DS,1,0,1,,,01:13:37 23-Sep-2025,O3,B,44.5866,-60.7648,44.5866,-60.7648,4,,401677499,-132
260378,260378,UT,DS,1,0,1,,,01:23:04 23-Sep-2025,MB,B,44.5732,-60.7654,44.5732,-60.7654,4,,401677544,-133
260378,260378,UT,DS,1,0,1,,,02:21:11 23-Sep-2025,MC,B,44.6126,-60.5670,44.6126,-60.5670,3,,401677829,-123
260378,260378,UT,DS,2,0,2,398,398,02:47:14 23-Sep-2025,O3,B,44.3110,-60.1878,44.3110,-60.1878,6,,401677755,-124
260378,260378,UT,DS,2,0,2,541,541,04:28:28 23-Sep-2025,O3,B,44.4175,-59.7571,44.4175,-59.7571,8,,401677752,-128
260378,260378,UT,DS,1,0,1,,,06:51:18 23-Sep-2025,SR,B,44.5012,-59.4481,44.5012,-59.4481,7,,401677785,-133
260378,260378,UT,DS,2,0,2,45,45,08:02:05 23-Sep-2025,CS,B,44.7959,-60.1107,36.4558,-15.6830,,,401677687,-127
260378,260378,UT,DS,1,0,1,,,08:36:25 23-Sep-2025,SR,B,44.7939,-60.1022,44.7939,-60.1022,8,,401677773,-136
260378,260378,UT,DS,2,0,2,489,489,09:38:13 23-Sep-2025,CS,B,44.7463,-59.4192,44.7463,-59.4192,8,,401677706,-126
260378,260378,UT,DS,2,0,2,558,558,10:06:18 23-Sep-2025,SR,B,44.7173,-59.7475,44.7173,-59.7475,6,,401677710,-130
260378,260378,UT,DS,2,0,2,45,45,11:16:42 23-Sep-2025,CS,B,44.6628,-59.5829,44.6628,-59.5829,8,,401677671,-129
260378,260378,UT,DS,1,0,1,,,12:55:44 23-Sep-2025,MC,B,44.7526,-59.4208,44.7526,-59.4208,6,,401677747,-129
260378,260378,UT,DS,1,0,1,,,13:38:12 23-Sep-2025,MB,,,,,,,,401650000,
260378,260378,UT,DS,2,0,2,599,599,14:26:14 23-Sep-2025,MC,B,44.8789,-59.7370,,,8,,401677695,-123
260378,260378,UT,DS,1,0,1,,,14:49:09 23-Sep-2025,O3,B,44.8615,-59.7445,,,6,,401677722,-134
260378,260378,UT,DS,2,0,2,45,45,16:33:42 23-Sep-2025,O3,B,45.0971,-59.6791,45.0971,-59.6791,8,,401677731,-127
260378,260378,UT,DS,1,0,1,,,18:03:31 23-Sep-2025,O3,B,45.2157,-59.6435,45.2157,-59.6435,8,,401677708,-134
260378,260378,UT,DS,1,0,1,,,19:19:16 23-Sep-2025,CS,B,45.3086,-59.6074,45.3086,-59.6074,8,,401677670,-128
260378,260378,UT,DS,1,0,1,,,20:42:16 23-Sep-2025,SR,B,45.0661,-59.6475,45.0661,-59.6475,6,,401677723,-133
260378,260378,UT,DS,2,0,2,45,45,20:51:59 23-Sep-2025,CS,B,45.0718,-59.5608,45.0718,-59.5608,6,,401677639,-121
260378,260378,UT,DS,1,0,1,,,22:19:16 23-Sep-2025,SR,B,45.0482,-59.5456,45.0482,-59.5456,6,,401677689,-120
260378,260378,UT,DS,1,0,1,,,22:36:57 23-Sep-2025,MC,B,45.0579,-59.5454,45.0579,-59.5454,6,,401677711,-128
260378,260378,UT,DS,1,0,1,,,23:29:52 23-Sep-2025,MB,,,,,,,,401650000,
260378,260378,UT,DS,1,0,1,,,23:57:34 23-Sep-2025,SR,B,45.0731,-59.5118,45.0731,-59.5118,8,,401677696,-124
260378,260378,UT,DS,4,0,2,162,89,00:15:11 24-Sep-2025,MC,0,44.0248,-59.8775,44.0248,-59.8775,46,,401677695,-128
260378,260378,UT,DS,1,0,1,,,01:11:31 24-Sep-2025,MB,,,,,,,,401650000,
260378,260378,UT,DS,1,0,1,,,01:54:06 24-Sep-2025,MC,Z,44.2595,-60.0300,44.2595,-60.0300,1,,401678121,-119
260378,260378,UT,DS,2,0,2,45,45,02:02:05 24-Sep-2025,O3,B,45.2084,-59.9331,52.2316,-20.4098,8,,401677695,-128
260378,260378,UT,DS,2,0,2,46,46,03:42:57 24-Sep-2025,O3,B,45.1996,-59.3112,45.1996,-59.3112,8,,401677701,-117
260378,260378,UT,DS,1,0,1,,,07:16:09 24-Sep-2025,CS,B,45.2722,-58.0222,45.2722,-58.0222,8,,401677579,-138
260378,260378,UT,DS,1,0,1,,,07:56:56 24-Sep-2025,SR,B,45.3180,-57.7735,45.3180,-57.7735,5,,401677624,-129
260378,260378,UT,DS,1,0,1,,,09:02:05 24-Sep-2025,CS,Z,45.3088,-58.6842,45.3088,-58.6842,4,,401677806,-130
260378,260378,UT,DS,1,0,1,,,09:36:42 24-Sep-2025,SR,Z,45.3552,-58.8289,45.3552,-58.8289,5,,401677767,-131
260378,260378,UT,DS,2,0,2,403,403,10:36:19 24-Sep-2025,CS,B,45.2443,-59.3792,,,8,,401677695,-127
260378,260378,UT,DS,2,0,2,600,600,14:05:52 24-Sep-2025,MC,B,45.2419,-59.3816,,,8,,401677696,-119
260378,260378,UT,DS,1,0,1,,,17:25:21 24-Sep-2025,O3,B,45.1802,-60.1035,45.1802,-60.1035,8,,401677677,-123
260378,260378,UT,DS,1,0,1,,,19:01:44 24-Sep-2025,O3,B,45.1954,-59.8489,45.1954,-59.8489,8,,401677575,-136
260378,260378,UT,DS,1,0,1,,,20:09:37 24-Sep-2025,CS,B,45.2738,-60.1628,45.2738,-60.1628,6,,401677771,-122
260378,260378,UT,DS,1,0,1,,,21:57:04 24-Sep-2025,CS,B,45.2892,-59.8822,45.2892,-59.8822,7,,401677807,-140
260378,260378,UT,DS,1,0,1,,,22:16:04 24-Sep-2025,MC,B,45.2901,-59.4965,45.2901,-59.4965,6,,401677722,-126
260378,260378,UT,DS,2,0,2,446,446,23:02:33 24-Sep-2025,MB,B,45.3203,-59.4129,45.3203,-59.4129,6,,401677738,-129
260378,260378,UT,DS,2,0,2,59,59,23:25:26 24-Sep-2025,SR,B,45.2896,-59.1982,45.2896,-59.1982,6,,401677693,-127
260378,260378,UT,DS,2,0,2,18,18,23:54:41 24-Sep-2025,MC,Z,48.7167,-40.2112,48.7167,-40.2112,31,,401678660,-117
260378,260378,UT,DS,2,0,2,66,66,00:45:29 25-Sep-2025,MB,B,45.4274,-59.2322,45.4274,-59.2322,6,,401677735,-120
260378,260378,UT,DS,1,0,1,,,01:21:44 25-Sep-2025,O3,B,45.4620,-59.2063,45.4620,-59.2063,7,,401677746,-132
260378,260378,UT,DS,3,0,3,209,58,01:28:43 25-Sep-2025,MC,A,45.4374,-59.2057,45.4374,-59.2057,6,,401677735,-112
260378,260378,UT,DS,2,0,2,395,395,03:00:22 25-Sep-2025,O3,B,45.4836,-59.1212,45.4836,-59.1212,8,,401677731,-122
260378,260378,UT,DS,1,0,1,,,03:16:55 25-Sep-2025,MC,B,45.4770,-59.1694,45.4770,-59.1694,6,,401677703,-130
260378,260378,UT,DS,2,0,2,54,54,04:36:26 25-Sep-2025,O3,B,45.5013,-59.1613,45.5013,-59.1613,7,,401677724,-123
260378,260378,UT,DS,1,0,1,,,07:25:42 25-Sep-2025,SR,B,45.6724,-59.0503,45.6724,-59.0503,8,,401677666,-131
260378,260378,UT,DS,1,0,1,,,08:16:41 25-Sep-2025,CS,B,45.5347,-59.1365,45.5347,-59.1365,6,,401677733,-125
260378,260378,UT,DS,2,0,2,57,57,09:06:40 25-Sep-2025,SR,B,45.5407,-59.3205,45.5407,-59.3205,8,,401677665,-116
260378,260378,UT,DS,2,0,2,45,45,09:56:59 25-Sep-2025,CS,B,45.5804,-59.3183,45.5804,-59.3183,5,,401677742,-121
260378,260378,UT,DS,1,0,1,,,11:29:21 25-Sep-2025,CS,B,45.6163,-59.3405,45.6163,-59.3405,8,,401677700,-136
260378,260378,UT,DS,2,0,2,57,57,12:11:56 25-Sep-2025,MC,B,45.7815,-59.5413,45.7815,-59.5413,5,,401677751,-126
260378,260378,UT,DS,1,0,1,,,12:59:15 25-Sep-2025,MB,B,45.7034,-59.4978,45.7034,-59.4978,4,,401677886,-127
260378,260378,UT,DS,1,0,1,,,13:54:18 25-Sep-2025,MC,B,45.5887,-59.3694,45.5887,-59.3694,8,,401677686,-131
260378,260378,UT,DS,1,0,1,,,14:58:39 25-Sep-2025,O3,B,45.5103,-59.3153,45.5103,-59.3153,6,,401677729,-128
260378,260378,UT,DS,3,0,3,288,47,15:25:08 25-Sep-2025,MC,A,45.2267,-59.3092,45.2267,-59.3092,6,,401677659,-125
260378,260378,UT,DS,1,0,1,,,16:35:04 25-Sep-2025,O3,B,45.1114,-59.2847,45.1114,-59.2847,8,,401677656,-123
260378,260378,UT,DS,1,0,1,,,19:31:08 25-Sep-2025,CS,B,45.3486,-59.3877,45.3486,-59.3877,6,,401677775,-122
260378,260378,UT,DS,1,0,1,,,21:14:08 25-Sep-2025,CS,B,45.2705,-59.3796,45.2705,-59.3796,8,,401677760,-134
260378,260378,UT,DS,1,0,1,,,21:14:08 25-Sep-2025,SR,B,45.3834,-59.3664,45.3834,-59.3664,8,,401677673,-133
260378,260378,UT,DS,3,0,3,247,67,22:55:02 25-Sep-2025,SR,A,45.5133,-59.1675,45.5133,-59.1675,6,,401677730,-120
260378,260378,UT,DS,1,0,1,,,22:49:55 25-Sep-2025,MB,B,45.2285,-59.3294,45.2285,-59.3294,8,,401677735,-133
260378,260378,UT,DS,3,0,3,230,57,23:29:23 25-Sep-2025,MC,A,45.5417,-59.2960,52.5289,-22.5637,40,,401677695,-120
260378,260378,UT,DS,2,0,2,62,62,00:25:59 26-Sep-2025,MB,B,45.4420,-59.2540,,,6,,401677745,-128
260378,260378,UT,DS,2,0,2,66,66,00:34:29 26-Sep-2025,SR,B,45.4663,-59.0156,,,6,,401677764,-129
260378,260378,UT,DS,3,0,3,229,66,01:07:33 26-Sep-2025,MC,A,45.4604,-59.1853,45.4604,-59.1853,8,,401677729,-115
260378,260378,UT,DS,1,0,1,,,02:58:20 26-Sep-2025,MC,B,45.4157,-59.3366,45.4157,-59.3366,8,,401677736,-130
260378,260378,UT,DS,1,0,1,,,03:50:11 26-Sep-2025,O3,B,45.4245,-59.4300,45.4245,-59.4300,7,,401677754,-120
260378,260378,UT,DS,1,0,1,,,05:28:59 26-Sep-2025,O3,B,45.4089,-59.5442,45.4089,-59.5442,8,,401677749,-131
260378,260378,UT,DS,2,0,2,443,443,07:34:11 26-Sep-2025,CS,B,45.4705,-59.2926,45.4705,-59.2926,8,,401677713,-136
260378,260378,UT,DS,1,0,1,,,08:32:05 26-Sep-2025,SR,B,45.4893,-59.3312,45.4893,-59.3312,6,,401677740,-126
260378,260378,UT,DS,2,0,2,65,65,09:12:00 26-Sep-2025,CS,B,45.4770,-59.3597,45.4770,-59.3597,8,,401677685,-122
260378,260378,UT,DS,1,0,1,,,11:47:48 26-Sep-2025,MC,B,45.4782,-59.4608,45.4782,-59.4608,8,,401677670,-129
260378,260378,UT,DS,2,0,2,51,51,13:30:09 26-Sep-2025,MC,B,45.6354,-59.4455,45.6354,-59.4455,8,,401677679,-118
260378,260378,UT,DS,1,0,1,,,14:13:53 26-Sep-2025,MB,B,45.6559,-59.4591,45.6559,-59.4591,8,,401677687,-131
260378,260378,UT,DS,1,0,1,,,15:05:59 26-Sep-2025,MC,B,45.6939,-59.4185,45.6939,-59.4185,8,,401677645,-123
260378,260378,UT,DS,1,0,1,,,16:47:55 26-Sep-2025,MC,B,45.7172,-59.4078,45.7172,-59.4078,7,,401677679,-131
260378,260378,UT,DS,1,0,1,,,17:35:53 26-Sep-2025,O3,B,45.7426,-59.2877,45.7426,-59.2877,5,,401677761,-136
260378,260378,UT,DS,2,0,2,48,48,18:52:22 26-Sep-2025,CS,B,45.4082,-59.1862,45.4082,-59.1862,8,,401677720,-128
260378,260378,UT,DS,2,0,2,589,589,20:28:14 26-Sep-2025,CS,B,45.4218,-58.6014,45.4218,-58.6014,8,,401677722,-132
260378,260378,UT,DS,1,0,1,,,20:41:13 26-Sep-2025,SR,B,45.4656,-58.6149,45.4656,-58.6149,6,,401677616,-126
260378,260378,UT,DS,2,0,2,478,478,22:21:12 26-Sep-2025,SR,B,45.4628,-58.4244,45.4628,-58.4244,5,,401677734,-125
260378,260378,UT,DS,1,0,1,,,23:13:36 26-Sep-2025,MC,B,45.4745,-58.4162,45.4745,-58.4162,5,,401677815,-124
260378,260378,UT,DS,1,0,1,,,00:01:54 27-Sep-2025,MB,B,45.4560,-58.4466,45.4560,-58.4466,8,,401677679,-134
260378,260378,UT,DS,1,0,1,,,01:26:04 27-Sep-2025,O3,B,45.5019,-58.6735,45.5019,-58.6735,6,,401677725,-136
260378,260378,UT,DS,1,0,1,,,02:38:07 27-Sep-2025,MC,B,45.5243,-58.9095,45.5243,-58.9095,8,,401677643,-131
260378,260378,UT,DS,2,0,2,681,681,03:05:28 27-Sep-2025,O3,B,45.4808,-59.2195,45.4808,-59.2195,6,,401677716,-128
260378,260378,UT,DS,1,0,1,,,08:00:50 27-Sep-2025,SR,B,45.4323,-59.4082,45.4323,-59.4082,8,,401677695,-128
260378,260378,UT,DS,1,0,1,,,09:47:04 27-Sep-2025,SR,B,45.3982,-59.4323,45.3982,-59.4323,6,,401677748,-128
260378,260378,UT,DS,1,0,1,,,13:10:46 27-Sep-2025,MC,B,45.4479,-59.2975,45.4479,-59.2975,8,,401677696,-117
260378,260378,UT,DS,1,0,1,,,14:45:44 27-Sep-2025,MC,B,45.4189,-59.1951,45.4189,-59.1951,8,,401677654,-115
260378,260378,UT,DS,1,0,1,,,15:06:07 27-Sep-2025,O3,B,45.3123,-58.9221,45.3123,-58.9221,6,,401677741,-126
260378,260378,UT,DS,1,0,1,,,16:40:43 27-Sep-2025,O3,B,45.2921,-58.9259,45.2921,-58.9259,8,,401677716,-128
260378,260378,UT,DS,1,0,1,,,18:23:10 27-Sep-2025,O3,B,45.3083,-58.8579,45.3083,-58.8579,8,,401677698,-130
260378,260378,UT,DS,2,0,2,463,463,19:46:05 27-Sep-2025,CS,B,45.2807,-58.6797,45.2807,-58.6797,7,,401677726,-122
260378,260378,UT,DS,1,0,1,,,20:13:29 27-Sep-2025,SR,B,45.2845,-58.6529,45.2845,-58.6529,6,,401677716,-135
260378,260378,UT,DS,2,0,2,477,477,21:25:33 27-Sep-2025,CS,B,45.2800,-58.6021,45.2800,-58.6021,8,,401677723,-129
260378,260378,UT,DS,2,0,2,454,454,21:55:24 27-Sep-2025,SR,B,45.2793,-58.6019,45.2793,-58.6019,6,,401677727,-117
260378,260378,UT,DS,2,0,2,70,70,22:56:06 27-Sep-2025,MC,B,45.2717,-58.5243,45.2717,-58.5243,8,,401677826,-124
260378,260378,UT,DS,1,0,1,,,23:27:18 27-Sep-2025,SR,B,45.0868,-58.1599,45.0868,-58.1599,8,,401677803,-131
260378,260378,UT,DS,7,0,4,68,47,00:28:46 28-Sep-2025,MC,0,43.8745,-59.3785,45.8949,-48.9364,40,,401677999,-111
260378,260378,UT,DS,1,0,1,,,02:23:04 28-Sep-2025,O3,B,43.7933,-59.1688,45.9397,-49.3689,8,,401677795,-129
260378,260378,UT,DS,1,0,1,,,07:32:32 28-Sep-2025,SR,B,45.9613,-49.6327,44.2103,-59.2351,8,,401679429,-127
260378,260378,UT,DS,2,0,2,45,45,07:51:22 28-Sep-2025,CS,B,45.7916,-58.8275,37.1070,-12.3056,8,,401677947,-128
260378,260378,UT,DS,1,0,1,,,09:05:30 28-Sep-2025,SR,B,45.7879,-58.8278,45.7879,-58.8278,8,,401677730,-133
260378,260378,UT,DS,2,0,2,45,45,09:26:58 28-Sep-2025,CS,B,45.1690,-59.0303,,,6,,401677664,-130
260378,260378,UT,DS,1,0,1,,,11:11:33 28-Sep-2025,CS,B,45.2584,-59.0531,45.2584,-59.0531,8,,401677667,-133
260378,260378,UT,DS,2,0,2,45,45,12:48:58 28-Sep-2025,MC,B,45.3731,-59.0153,45.3731,-59.0153,8,,401677623,-124
260378,260378,UT,DS,1,0,1,,,13:41:19 28-Sep-2025,MB,B,45.4635,-58.9117,45.4635,-58.9117,5,,401677701,-130
260378,260378,UT,DS,1,0,1,,,14:19:44 28-Sep-2025,O3,B,45.0949,-58.9799,45.0949,-58.9799,8,,401677635,-135
260378,260378,UT,DS,2,0,2,69,69,14:28:16 28-Sep-2025,MC,B,45.6631,-58.9432,45.6631,-58.9432,3,,401677866,-116
260378,260378,UT,DS,1,0,1,,,15:56:55 28-Sep-2025,O3,B,45.5427,-58.8247,45.5427,-58.8247,8,,401677791,-125
260378,260378,UT,DS,1,0,1,,,17:37:45 28-Sep-2025,O3,B,45.4798,-58.6355,45.4798,-58.6355,8,,401677714,-132
260378,260378,UT,DS,1,0,1,,,19:04:14 28-Sep-2025,CS,B,45.4181,-58.5685,45.4181,-58.5685,8,,401677717,-126
260378,260378,UT,DS,1,0,1,,,20:45:20 28-Sep-2025,CS,B,45.3959,-58.5453,45.3959,-58.5453,8,,401677717,-129
260378,260378,UT,DS,1,0,1,,,21:17:42 28-Sep-2025,SR,B,45.3659,-58.5041,45.3659,-58.5041,6,,401677732,-126
260378,260378,UT,DS,1,0,1,,,22:27:29 28-Sep-2025,CS,B,45.3381,-58.4469,45.3381,-58.4469,7,,401677760,-135
260378,260378,UT,DS,2,0,2,426,426,22:58:09 28-Sep-2025,SR,B,45.3880,-58.4411,45.3880,-58.4411,8,,401677722,-120
260378,260378,UT,DS,3,0,1,89,24,00:12:18 29-Sep-2025,MC,A,43.9022,-60.6059,48.2339,-37.9715,40,,401677947,-119
260378,260378,UT,DS,1,0,1,,,01:00:15 29-Sep-2025,MB,B,43.8685,-60.5603,,,8,,401677721,-130
260378,260378,UT,DS,1,0,1,,,01:31:55 29-Sep-2025,O3,Z,43.9261,-60.4773,43.9261,-60.4773,1,,401678226,-129
260378,260378,UT,DS,1,0,1,,,01:52:01 29-Sep-2025,MC,Z,44.3028,-60.4963,44.3028,-60.4963,1,,401678419,-118
260378,260378,UT,DS,1,0,1,,,03:14:12 29-Sep-2025,O3,B,43.9150,-60.6213,43.9150,-60.6213,5,,401677866,-118
260378,260378,UT,DS,2,0,2,377,377,04:50:39 29-Sep-2025,O3,B,44.7542,-58.0288,36.7904,-100.5836,,,401677947,-126
260378,260378,UT,DS,1,0,1,,,06:59:46 29-Sep-2025,SR,B,44.7811,-58.0452,44.7811,-58.0452,6,,401678006,-137
260378,260378,UT,DS,1,0,1,,,08:40:35 29-Sep-2025,SR,B,44.9580,-58.2728,44.9580,-58.2728,5,,401678143,-133
260378,260378,UT,DS,1,0,1,,,08:50:47 29-Sep-2025,CS,Z,45.2979,-58.1764,45.2979,-58.1764,1,,401677676,-126
260378,260378,UT,DS,1,0,1,,,10:16:14 29-Sep-2025,SR,B,44.9859,-58.2650,44.9859,-58.2650,8,,401677875,-129
260378,260378,UT,DS,1,0,1,,,10:28:51 29-Sep-2025,CS,B,45.3903,-58.5726,45.3903,-58.5726,6,,401677650,-122
260378,260378,UT,DS,1,0,1,,,12:21:54 29-Sep-2025,MC,B,45.4796,-58.5157,45.4796,-58.5157,6,,401677751,-131
260378,260378,UT,DS,1,0,1,,,13:16:52 29-Sep-2025,MB,B,45.5074,-58.5229,45.5074,-58.5229,8,,401677744,-124
260378,260378,UT,DS,1,0,1,,,14:08:34 29-Sep-2025,MC,B,45.5580,-58.5472,45.5580,-58.5472,8,,401677753,-116
260378,260378,UT,DS,1,0,1,,,16:55:16 29-Sep-2025,O3,B,45.5529,-58.5327,45.5529,-58.5327,8,,401677771,-124
260378,260378,UT,DS,1,0,1,,,18:22:54 29-Sep-2025,CS,B,45.4896,-58.5215,45.4896,-58.5215,8,,401677705,-137
260378,260378,UT,DS,2,0,2,76,76,20:02:51 29-Sep-2025,CS,B,45.3932,-58.4998,45.3932,-58.4998,8,,401677712,-122
260378,260378,UT,DS,1,0,1,,,21:45:08 29-Sep-2025,CS,B,45.3994,-58.4805,45.3994,-58.4805,7,,401677741,-131
260378,260378,UT,DS,1,0,1,,,22:14:08 29-Sep-2025,MC,B,45.4239,-58.4030,45.4239,-58.4030,6,,401677700,-129
260378,260378,UT,DS,3,0,3,254,55,22:31:23 29-Sep-2025,SR,A,45.4700,-58.1207,45.4700,-58.1207,6,,401677730,-123
260378,260378,UT,DS,1,0,1,,,23:04:01 29-Sep-2025,MB,B,45.4719,-58.1427,45.4719,-58.1427,6,,401677754,-131
260378,260378,UT,DS,4,0,4,255,71,23:45:05 29-Sep-2025,MC,0,45.3797,-58.4097,45.3797,-58.4097,48,,401677726,-120
260378,260378,UT,DS,1,0,1,,,00:05:21 30-Sep-2025,SR,B,45.3810,-58.4072,45.3810,-58.4072,6,,401677704,-129
260378,260378,UT,DS,2,0,2,440,440,00:40:05 30-Sep-2025,MB,B,45.3646,-58.3856,45.3646,-58.3856,5,,401677734,-124
260378,260378,UT,DS,3,0,3,195,69,01:26:29 30-Sep-2025,MC,A,45.3617,-58.2525,45.3617,-58.2525,8,,401677743,-114
260378,260378,UT,DS,4,0,4,131,72,02:23:48 30-Sep-2025,O3,,,,,,,,401678220,-125
260378,260378,UT,DS,2,0,2,348,348,04:05:56 30-Sep-2025,O3,B,45.3059,-58.3672,45.3059,-58.3672,8,,401677754,-125
260378,260378,UT,DS,2,0,2,395,395,08:07:42 30-Sep-2025,CS,B,45.3025,-58.3471,45.3025,-58.3471,8,,401677678,-128
260378,260378,UT,DS,2,0,2,395,395,08:07:42 30-Sep-2025,SR,B,45.2407,-58.3179,45.2407,-58.3179,8,,401677782,-124
260378,260378,UT,DS,2,0,2,492,492,09:48:33 30-Sep-2025,CS,B,45.4358,-58.2864,45.4358,-58.2864,7,,401677714,-122
260378,260378,UT,DS,1,0,1,,,09:52:40 30-Sep-2025,SR,B,45.3291,-58.3510,45.3291,-58.3510,6,,401677731,-130
260378,260378,UT,DS,1,0,1,,,11:20:15 30-Sep-2025,CS,B,45.4543,-58.2845,45.4543,-58.2845,7,,401677732,-139
260378,260378,UT,DS,1,0,1,,,11:30:05 30-Sep-2025,SR,B,45.4471,-58.2900,45.4471,-58.2900,6,,401677713,-138
260378,260378,UT,DS,1,0,1,,,12:50:53 30-Sep-2025,MB,,,,,,,,401650000,
260378,260378,UT,DS,2,0,2,45,45,13:41:21 30-Sep-2025,MC,B,45.4891,-58.2856,45.4891,-58.2856,8,,401677695,-126
260378,260378,UT,DS,2,0,2,91,91,14:28:27 30-Sep-2025,O3,Z,45.1887,-58.6647,45.1887,-58.6647,8,,401677615,-132
260378,260378,UT,DS,2,0,2,515,515,15:20:49 30-Sep-2025,MC,B,45.3137,-58.5236,45.3137,-58.5236,8,,401677737,-127
260378,260378,UT,DS,2,0,2,457,457,16:09:58 30-Sep-2025,O3,B,45.3803,-58.5233,45.3803,-58.5233,6,,401677713,-123
260378,260378,UT,DS,2,0,2,589,589,17:45:24 30-Sep-2025,O3,B,45.3976,-58.2745,45.3976,-58.2745,8,,401677721,-133
260378,260378,UT,DS,1,0,1,,,19:25:49 30-Sep-2025,CS,B,45.4393,-58.2458,45.4393,-58.2458,8,,401677736,-133
260378,260378,UT,DS,3,0,3,238,74,21:03:50 30-Sep-2025,CS,A,41.1975,-78.0537,45.1624,-58.5290,,,401677886,-124
260378,260378,UT,DS,2,0,2,61,61,21:54:57 30-Sep-2025,SR,B,45.3699,-58.4434,45.3699,-58.4434,8,,401677693,-126
260378,260378,UT,DS,1,0,1,,,22:47:08 30-Sep-2025,MB,,,,,,,,401650000,
260378,260378,UT,DS,3,0,3,161,49,23:27:57 30-Sep-2025,MC,A,45.2961,-58.2630,52.3434,-21.4398,,,401677781,-121
260378,260378,UT,DS,3,0,3,178,49,23:34:46 30-Sep-2025,SR,A,51.7964,-92.2350,45.2901,-58.3936,,,401677776,-131
260378,260378,UT,DS,2,0,2,430,430,00:18:48 01-Oct-2025,MB,,,,,,,,401650000,
260378,260378,UT,DS,4,0,4,232,65,01:05:31 01-Oct-2025,MC,0,45.4153,-58.2689,45.4153,-58.2689,46,,401677729,-112
260378,260378,UT,DS,2,0,2,45,45,02:53:30 01-Oct-2025,MC,B,45.3179,-58.0734,45.3179,-58.0734,8,,401677717,-128
260378,260378,UT,DS,1,0,1,,,04:58:23 01-Oct-2025,O3,B,45.3325,-57.9877,45.3325,-57.9877,7,,401677753,-131
260378,260378,UT,DS,1,0,1,,,07:28:58 01-Oct-2025,CS,B,45.3290,-57.8781,45.3290,-57.8781,8,,401677754,-135
260378,260378,UT,DS,1,0,1,,,09:07:46 01-Oct-2025,CS,B,45.3322,-57.9739,45.3322,-57.9739,8,,401677757,-122
260378,260378,UT,DS,1,0,1,,,09:21:52 01-Oct-2025,SR,B,45.3186,-58.0813,45.3186,-58.0813,6,,401677699,-137
260378,260378,UT,DS,1,0,1,,,10:52:30 01-Oct-2025,SR,B,45.3757,-58.1703,45.3757,-58.1703,7,,401677736,-135
260378,260378,UT,DS,1,0,1,,,11:42:38 01-Oct-2025,MC,B,45.3895,-58.1958,45.3895,-58.1958,8,,401677726,-125
260378,260378,UT,DS,1,0,1,,,12:33:44 01-Oct-2025,MB,B,45.4000,-58.2001,45.4000,-58.2001,8,,401677723,-129
260378,260378,UT,DS,1,0,1,,,13:25:43 01-Oct-2025,MC,B,45.3721,-58.2590,45.3721,-58.2590,7,,401677733,-129
260378,260378,UT,DS,1,0,1,,,15:07:09 01-Oct-2025,MC,B,45.3729,-58.2918,,,8,,401677730,-126
260378,260378,UT,DS,2,0,2,70,70,15:22:40 01-Oct-2025,O3,B,45.4251,-58.4374,45.4251,-58.4374,6,,401677738,-125
260378,260378,UT,DS,1,0,1,,,17:05:33 01-Oct-2025,O3,B,45.4299,-58.4727,45.4299,-58.4727,8,,401677742,-133
260378,260378,UT,DS,2,0,2,46,46,20:16:27 01-Oct-2025,CS,B,45.5219,-58.5397,45.5219,-58.5397,8,,401677675,-124
260378,260378,UT,DS,2,0,2,45,45,21:27:47 01-Oct-2025,SR,B,45.5037,-58.6487,45.5037,-58.6487,7,,401677693,-128
260378,260378,UT,DS,2,0,2,47,47,22:03:01 01-Oct-2025,CS,B,44.9973,-57.8303,35.0606,-106.7533,,,401677729,-133
260378,260378,UT,DS,2,0,2,471,471,23:05:19 01-Oct-2025,SR,B,45.1156,-58.1580,45.1156,-58.1580,8,,401677709,-125
260378,260378,UT,DS,1,0,1,,,23:09:14 01-Oct-2025,MC,B,45.1614,-58.1712,45.1614,-58.1712,6,,401677784,-124
260378,260378,UT,DS,1,0,1,,,00:03:11 02-Oct-2025,MB,B,45.1877,-58.2461,45.1877,-58.2461,8,,401677749,-131
260378,260378,UT,DS,2,0,1,382,382,00:47:24 02-Oct-2025,MC,B,43.9837,-61.3522,45.0199,-55.6514,,,401677729,-120
260378,260378,UT,DS,2,0,2,369,369,02:32:35 02-Oct-2025,O3,B,45.2480,-58.1438,49.3046,-36.6065,,,401677729,-122
260378,260378,UT,DS,1,0,1,,,04:13:23 02-Oct-2025,O3,B,45.2325,-58.1435,45.2325,-58.1435,8,,401677711,-123
260378,260378,UT,DS,1,0,1,,,08:28:39 02-Oct-2025,CS,B,45.2000,-58.1670,45.2000,-58.1670,8,,401677742,-133
260378,260378,UT,DS,1,0,1,,,08:43:39 02-Oct-2025,SR,B,45.2198,-58.1717,45.2198,-58.1717,6,,401677749,-137
260378,260378,UT,DS,1,0,1,,,09:57:49 02-Oct-2025,CS,B,45.2204,-58.1784,45.2204,-58.1784,8,,401677732,-126
260378,260378,UT,DS,1,0,1,,,10:20:12 02-Oct-2025,SR,B,45.2275,-58.1895,45.2275,-58.1895,6,,401677753,-127
260378,260378,UT,DS,1,0,1,,,11:41:53 02-Oct-2025,CS,B,45.2213,-58.1777,45.2213,-58.1777,8,,401677741,-131
260378,260378,UT,DS,1,0,1,,,13:53:46 02-Oct-2025,MB,B,45.2155,-58.2081,45.2155,-58.2081,8,,401677758,-127
260378,260378,UT,DS,1,0,1,,,14:36:59 02-Oct-2025,O3,B,45.2327,-58.2629,45.2327,-58.2629,8,,401677726,-132
260378,260378,UT,DS,1,0,1,,,14:51:19 02-Oct-2025,MC,B,45.2052,-58.2802,45.2052,-58.2802,8,,401677719,-133
260378,260378,UT,DS,2,0,2,44,44,16:15:07 02-Oct-2025,O3,B,45.2493,-58.5331,45.2493,-58.5331,8,,401677720,-121
260378,260378,UT,DS,1,0,1,,,16:26:09 02-Oct-2025,MC,B,45.2424,-58.5420,45.2424,-58.5420,6,,401677715,-132
260378,260378,UT,DS,1,0,1,,,17:51:17 02-Oct-2025,O3,B,45.2572,-58.6183,45.2572,-58.6183,8,,401677661,-133
260378,260378,UT,DS,1,0,1,,,19:42:56 02-Oct-2025,CS,B,45.2594,-58.6193,45.2594,-58.6193,8,,401677666,-133
260378,260378,UT,DS,1,0,1,,,21:22:37 02-Oct-2025,CS,B,45.2687,-58.5504,45.2687,-58.5504,6,,401677714,-133
260378,260378,UT,DS,2,0,2,513,513,22:36:07 02-Oct-2025,SR,B,45.1995,-58.5272,45.1995,-58.5272,8,,401677729,-132
260378,260378,UT,DS,1,0,1,,,22:45:54 02-Oct-2025,MC,B,45.1889,-58.5546,45.1889,-58.5546,6,,401677692,-131
260378,260378,UT,DS,2,0,2,46,46,23:35:25 02-Oct-2025,MB,B,45.2789,-58.3487,45.2789,-58.3487,8,,401677678,-131
260378,260378,UT,DS,3,0,2,22,13,00:28:32 03-Oct-2025,MC,A,44.8630,-57.6158,46.4416,-49.3745,40,,401677729,-113
260378,260378,UT,DS,1,0,1,,,01:20:01 03-Oct-2025,MB,B,46.4322,-49.3727,44.9151,-57.6330,8,,401677690,-133
260378,260378,UT,DS,3,0,3,242,82,01:50:07 03-Oct-2025,O3,A,45.0046,-58.3130,52.9524,-14.2767,40,,401677729,-128
260378,260378,UT,DS,1,0,1,,,02:15:35 03-Oct-2025,MC,B,45.0045,-58.3133,45.0045,-58.3133,6,,401677724,-131
260378,260378,UT,DS,2,0,2,427,427,03:28:30 03-Oct-2025,O3,B,45.0211,-58.3330,45.0211,-58.3330,8,,401677727,-123
260378,260378,UT,DS,1,0,1,,,05:09:51 03-Oct-2025,O3,B,45.0271,-58.3430,45.0271,-58.3430,8,,401677724,-133
260378,260378,UT,DS,2,0,2,408,408,07:42:14 03-Oct-2025,CS,B,45.0274,-58.3742,45.0274,-58.3742,8,,401677731,-135
260378,260378,UT,DS,2,0,2,342,342,08:09:09 03-Oct-2025,SR,B,45.0135,-58.3685,45.0135,-58.3685,6,,401677729,-131
260378,260378,UT,DS,2,0,2,388,388,09:25:06 03-Oct-2025,CS,B,45.0137,-58.3803,45.0137,-58.3803,8,,401677722,-120
260378,260378,UT,DS,1,0,1,,,09:50:57 03-Oct-2025,SR,B,45.0153,-58.3821,,,6,,401677727,-122
260378,260378,UT,DS,3,0,3,240,61,11:00:28 03-Oct-2025,CS,A,44.8567,-58.3824,,,8,,401677684,-128
260378,260378,UT,DS,1,0,1,,,11:51:35 03-Oct-2025,MB,B,44.8261,-58.3904,44.8261,-58.3904,8,,401677665,-134
260378,260378,UT,DS,2,0,2,538,538,12:37:54 03-Oct-2025,MC,B,44.8440,-58.2873,44.8440,-58.2873,6,,401677697,-130
260378,260378,UT,DS,3,0,3,274,68,13:32:40 03-Oct-2025,MB,B,44.8147,-58.3886,44.8147,-58.3886,8,,401677693,-125
260378,260378,UT,DS,1,0,1,,,14:26:14 03-Oct-2025,MC,B,44.8642,-58.2413,44.8642,-58.2413,8,,401677631,-114
260378,260378,UT,DS,2,0,2,65,65,15:28:55 03-Oct-2025,O3,B,44.8148,-58.3977,44.8148,-58.3977,8,,401677558,-123
260378,260378,UT,DS,1,0,1,,,17:09:25 03-Oct-2025,O3,B,44.7901,-58.4346,44.7901,-58.4346,8,,401677545,-125
260378,260378,UT,DS,1,0,1,,,18:46:30 03-Oct-2025,O3,B,44.7905,-58.5342,44.7905,-58.5342,6,,401677635,-136
260378,260378,UT,DS,2,0,2,516,516,18:57:38 03-Oct-2025,CS,B,44.8906,-58.4111,44.8906,-58.4111,6,,401677740,-133
260378,260378,UT,DS,2,0,2,58,58,20:22:04 03-Oct-2025,SR,B,45.1110,-58.7683,45.1110,-58.7683,7,,401677759,-133
260378,260378,UT,DS,3,0,3,207,51,20:30:21 03-Oct-2025,CS,A,44.9522,-58.4390,44.9522,-58.4390,6,,401677722,-132
260378,260378,UT,DS,3,0,3,226,67,22:00:13 03-Oct-2025,SR,A,44.8452,-58.4977,44.8452,-58.4977,8,,401677683,-122
260378,260378,UT,DS,1,0,1,,,22:13:33 03-Oct-2025,CS,B,44.8527,-58.5161,44.8527,-58.5161,6,,401677766,-135
260378,260378,UT,DS,1,0,1,,,23:19:55 03-Oct-2025,MB,B,44.8645,-58.6041,44.8645,-58.6041,7,,401677781,-133
260378,260378,UT,DS,2,0,2,401,401,23:38:14 03-Oct-2025,SR,B,44.9900,-58.6830,44.9900,-58.6830,6,,401677689,-131
260378,260378,UT,DS,4,0,2,78,14,00:09:12 04-Oct-2025,MC,0,44.7295,-59.8730,49.0056,-37.5843,40,,401677348,-116
260378,260378,UT,DS,2,0,2,480,480,00:54:50 04-Oct-2025,MB,B,44.9687,-58.4147,41.0647,-78.0654,,,401677729,-131
260378,260378,UT,DS,2,0,2,473,473,01:45:52 04-Oct-2025,MC,B,44.9795,-58.4510,44.9795,-58.4510,8,,401677730,-122
260378,260378,UT,DS,1,0,1,,,02:44:16 04-Oct-2025,O3,B,44.9827,-58.4623,44.9827,-58.4623,8,,401677726,-126
260378,260378,UT,DS,2,0,2,69,69,04:20:10 04-Oct-2025,O3,B,45.0235,-58.3297,45.0235,-58.3297,8,,401677693,-126
260378,260378,UT,DS,1,0,1,,,07:40:32 04-Oct-2025,SR,B,45.0574,-58.2782,45.0574,-58.2782,8,,401677691,-127
260378,260378,UT,DS,2,0,2,84,84,08:38:46 04-Oct-2025,CS,B,44.8532,-58.4352,44.8532,-58.4352,8,,401677661,-126
260378,260378,UT,DS,2,0,2,509,509,09:15:19 04-Oct-2025,SR,B,44.8331,-58.3893,44.8331,-58.3893,5,,401677730,-127
260378,260378,UT,DS,2,0,2,71,71,10:19:09 04-Oct-2025,CS,B,44.8572,-58.4521,44.8572,-58.4521,8,,401677683,-125
260378,260378,UT,DS,1,0,1,,,11:54:50 04-Oct-2025,CS,B,44.8132,-58.4915,44.8132,-58.4915,6,,401677724,-133
260378,260378,UT,DS,1,0,1,,,12:19:54 04-Oct-2025,MC,B,44.8028,-58.4986,44.8028,-58.4986,8,,401677674,-126
260378,260378,UT,DS,1,0,1,,,13:18:36 04-Oct-2025,MB,B,44.7909,-58.5270,44.7909,-58.5270,6,,401677707,-129
260378,260378,UT,DS,2,0,2,48,48,14:05:15 04-Oct-2025,MC,B,44.9472,-58.4252,44.9472,-58.4252,6,,401677744,-113
260378,260378,UT,DS,1,0,1,,,16:22:25 04-Oct-2025,O3,B,44.9244,-58.3981,44.9244,-58.3981,6,,401677802,-118
260378,260378,UT,DS,1,0,1,,,18:15:42 04-Oct-2025,CS,B,44.9261,-58.3336,44.9261,-58.3336,8,,401677743,-133
260378,260378,UT,DS,2,0,2,64,64,19:55:05 04-Oct-2025,CS,B,44.7786,-58.7734,44.7786,-58.7734,8,,401677742,-121
260378,260378,UT,DS,1,0,1,,,21:27:41 04-Oct-2025,SR,B,44.7688,-58.8742,44.7688,-58.8742,8,,401677727,-122
260378,260378,UT,DS,2,0,2,44,44,21:36:21 04-Oct-2025,CS,B,44.6403,-58.7707,44.6403,-58.7707,6,,401677784,-126
260378,260378,UT,DS,3,0,3,153,57,22:59:04 04-Oct-2025,MB,A,44.7481,-58.3118,44.7481,-58.3118,8,,401677799,-131
260378,260378,UT,DS,2,0,2,418,418,23:03:14 04-Oct-2025,SR,B,44.7615,-58.3493,44.7615,-58.3493,6,,401677752,-136
260378,260378,UT,DS,2,0,2,84,84,23:43:33 04-Oct-2025,MC,B,44.9546,-58.4287,,,8,,401677654,-119
260378,260378,UT,DS,1,0,1,,,00:42:27 05-Oct-2025,MB,B,45.0448,-58.4271,45.0448,-58.4271,8,,401677623,-133
260378,260378,UT,DS,2,0,2,50,50,01:24:37 05-Oct-2025,MC,B,45.0089,-58.3603,45.0089,-58.3603,4,,401677718,-118
260378,260378,UT,DS,2,0,2,404,404,01:56:00 05-Oct-2025,O3,B,44.6912,-58.6485,52.1915,-17.3108,,,401677729,-131
260378,260378,UT,DS,1,0,1,,,03:07:56 05-Oct-2025,MC,B,44.6887,-58.6485,44.6887,-58.6485,8,,401677719,-131
260378,260378,UT,DS,1,0,1,,,03:40:48 05-Oct-2025,O3,B,44.6883,-58.6485,44.6883,-58.6485,8,,401677719,-135
260378,260378,UT,DS,1,0,1,,,05:13:50 05-Oct-2025,O3,B,44.6773,-58.6481,44.6773,-58.6481,8,,401677706,-129
260378,260378,UT,DS,1,0,1,,,07:11:17 05-Oct-2025,SR,B,44.6726,-58.6990,44.6726,-58.6990,7,,401677746,-131
260378,260378,UT,DS,1,0,1,,,08:01:17 05-Oct-2025,CS,B,44.6204,-58.6968,44.6204,-58.6968,6,,401677787,-130
260378,260378,UT,DS,2,0,2,44,44,08:48:47 05-Oct-2025,SR,B,44.4775,-58.9541,44.4775,-58.9541,8,,401677826,-126
260378,260378,UT,DS,4,0,4,167,45,09:39:48 05-Oct-2025,CS,0,44.4287,-58.9260,44.4287,-58.9260,48,,401677711,-128
260378,260378,UT,DS,2,0,2,45,45,10:28:31 05-Oct-2025,SR,B,44.3163,-58.9794,44.3163,-58.9794,7,,401677817,-127
260378,260378,UT,DS,2,0,2,46,46,11:17:45 05-Oct-2025,CS,B,44.4018,-58.8176,44.4018,-58.8176,8,,401677728,-130
260378,260378,UT,DS,1,0,1,,,12:05:26 05-Oct-2025,MC,B,44.3694,-58.8186,44.3694,-58.8186,8,,401677679,-129
260378,260378,UT,DS,2,0,2,47,47,13:46:37 05-Oct-2025,MC,B,44.4546,-58.7311,44.4546,-58.7311,6,,401677776,-119
260378,260378,UT,DS,2,0,2,550,550,15:18:56 05-Oct-2025,MC,B,44.4381,-58.7541,44.4381,-58.7541,6,,401677843,-132
260378,260378,UT,DS,1,0,1,,,15:36:51 05-Oct-2025,O3,B,44.5512,-59.2233,44.5512,-59.2233,6,,401677812,-135
260378,260378,UT,DS,1,0,1,,,17:12:33 05-Oct-2025,O3,B,44.5509,-59.3008,44.5509,-59.3008,8,,401677727,-138
260378,260378,UT,DS,1,0,1,,,18:53:59 05-Oct-2025,O3,B,44.5114,-59.3050,44.5114,-59.3050,6,,401677784,-135
260378,260378,UT,DS,3,0,3,44,44,19:13:27 05-Oct-2025,CS,A,44.3863,-59.4905,44.3863,-59.4905,8,,401677681,-124
260378,260378,UT,DS,1,0,1,,,20:45:42 05-Oct-2025,CS,B,44.3531,-59.6160,44.3531,-59.6160,7,,401677717,-138
260378,260378,UT,DS,3,0,3,45,45,20:59:25 05-Oct-2025,SR,A,44.3806,-59.6296,44.3806,-59.6296,6,,401677716,-128
260378,260378,UT,DS,2,0,2,45,45,22:38:48 05-Oct-2025,SR,B,44.3515,-59.7422,44.3515,-59.7422,6,,401677774,-119
260378,260378,UT,DS,4,0,4,168,45,23:24:24 05-Oct-2025,MC,0,44.2500,-59.4907,44.2500,-59.4907,48,,401677727,-120
260378,260378,UT,DS,2,0,2,45,45,00:15:51 06-Oct-2025,SR,B,44.1526,-59.3413,44.1526,-59.3413,7,,401677738,-131
260378,260378,UT,DS,3,0,3,239,45,00:15:51 06-Oct-2025,MB,A,44.1988,-59.6341,44.1988,-59.6341,8,,401677705,-128
260378,260378,UT,DS,2,0,2,403,403,01:00:19 06-Oct-2025,MC,B,44.1575,-59.6505,44.1575,-59.6505,8,,401677719,-118
260378,260378,UT,DS,1,0,1,,,02:48:26 06-Oct-2025,O3,B,44.0942,-59.6887,44.0942,-59.6887,7,,401677757,-126
260378,260378,UT,DS,1,0,1,,,02:48:26 06-Oct-2025,MC,B,44.0796,-59.6790,44.0796,-59.6790,7,,401677758,-124
260378,260378,UT,DS,1,0,1,,,04:27:37 06-Oct-2025,O3,B,44.0448,-59.7101,44.0448,-59.7101,8,,401677753,-124
260378,260378,UT,DS,1,0,1,,,07:17:17 06-Oct-2025,CS,B,43.9601,-59.7417,43.9601,-59.7417,8,,401677724,-138
260378,260378,UT,DS,5,0,5,90,90,08:14:26 06-Oct-2025,SR,3,43.9827,-59.7427,43.9827,-59.7427,58,,401677726,-123
260378,260378,UT,DS,6,0,6,90,90,08:57:11 06-Oct-2025,CS,3,43.9871,-59.7403,43.9871,-59.7403,58,,401677712,-125
260378,260378,UT,DS,5,0,5,112,90,09:54:11 06-Oct-2025,SR,3,43.9880,-59.7481,43.9880,-59.7481,58,,401677710,-127
260378,260378,UT,DS,6,0,6,90,90,10:36:11 06-Oct-2025,CS,3,43.9873,-59.7462,43.9873,-59.7462,68,,401677707,-128
260378,260378,UT,DS,1,0,1,,,11:40:16 06-Oct-2025,MC,B,43.9759,-59.7538,43.9759,-59.7538,8,,401677705,-132
260378,260378,UT,DS,1,0,1,,,12:32:26 06-Oct-2025,MB,B,43.9670,-59.7548,43.9670,-59.7548,8,,401677716,-132
260378,260378,UT,DS,2,0,2,428,428,13:57:28 07-Oct-2025,MB,B,43.7585,-59.8655,43.7585,-59.8655,,,401650000,-131
260378,260378,UT,DS,6,0,6,116,45,14:36:40 07-Oct-2025,MC,1,43.9305,-59.8211,43.9305,-59.8211,46,,401677678,-119
260378,260378,UT,DS,11,0,11,49,45,15:42:13 07-Oct-2025,O3,,,,,,,,401650000,
260378,260378,UT,DS,4,0,4,120,90,17:22:43 07-Oct-2025,O3,,,,,,,,401650000,
260378,260378,UT,DS,6,0,6,108,90,19:29:42 07-Oct-2025,CS,3,43.9292,-59.8682,43.9292,-59.8682,58,,401677649,-125
260378,260378,UT,DS,4,0,4,180,90,21:08:05 07-Oct-2025,CS,2,43.9322,-59.8595,43.9322,-59.8595,58,,401677659,-129
260378,260378,UT,DS,6,0,6,108,90,21:37:42 07-Oct-2025,SR,3,43.9318,-59.8683,43.9318,-59.8683,56,,401677667,-122
260378,260378,UT,DS,2,0,2,90,90,22:48:12 07-Oct-2025,MC,B,43.9326,-59.8732,43.9326,-59.8732,8,,401677672,-129
260378,260378,UT,DS,4,0,4,90,90,23:09:57 07-Oct-2025,SR,2,43.9308,-59.8633,43.9308,-59.8633,56,,401677677,-125
260378,260378,UT,DS,1,0,0,,,00:24:18 08-Oct-2025,MC,B,43.9762,-59.8736,43.9762,-59.8736,6,,401677741,-128
260378,260378,UT,DS,4,0,4,173,139,12:37:28 08-Oct-2025,MC,1,43.9261,-59.8883,43.9261,-59.8883,50,,401677757,-122
260378,260378,UT,DS,1,0,1,,,13:29:33 08-Oct-2025,MB,B,44.1065,-59.7893,44.1065,-59.7893,8,,401677702,-133
260378,260378,UT,DS,4,0,4,90,90,14:16:03 08-Oct-2025,MC,0,43.9259,-59.8673,43.9259,-59.8673,48,,401677643,-118
260378,260378,UT,DS,3,0,3,90,90,15:59:33 08-Oct-2025,MC,A,43.8949,-59.9019,43.8949,-59.9019,8,,401677618,-127
260378,260378,UT,DS,6,0,6,126,90,16:38:18 08-Oct-2025,O3,1,43.9291,-59.8951,43.9291,-59.8951,57,,401677628,-118
260378,260378,UT,DS,1,0,1,,,18:50:33 08-Oct-2025,CS,B,43.8994,-59.9549,43.8994,-59.9549,7,,401677657,-135
260378,260378,UT,DS,3,0,3,188,73,20:27:02 08-Oct-2025,CS,A,43.9226,-59.9216,43.9226,-59.9216,8,,401677675,-126
260378,260378,UT,DS,2,0,2,70,70,21:02:09 08-Oct-2025,SR,B,43.9162,-59.9388,,,8,,401677674,-126
260378,260378,UT,DS,1,0,1,,,22:24:42 08-Oct-2025,MC,B,43.9117,-59.9592,43.9117,-59.9592,7,,401677691,-131
260378,260378,UT,DS,3,0,3,217,209,22:43:58 08-Oct-2025,SR,A,43.9252,-59.9857,43.9252,-59.9857,6,,401677683,-120
260378,260378,UT,DS,2,0,0,92,92,00:05:14 09-Oct-2025,MC,B,44.0086,-59.8838,44.0086,-59.8838,7,,401677707,-131
260378,260378,UT,DS,2,0,2,357,357,00:19:06 09-Oct-2025,SR,B,44.0057,-59.8741,44.0057,-59.8741,6,,401677730,-135
260378,260378,UT,DS,2,0,2,218,218,01:00:00 09-Oct-2025,MB,B,44.0152,-59.8974,,,8,,401677644,-127
260378,260378,UT,DS,3,0,3,161,45,01:40:08 09-Oct-2025,MC,A,43.9354,-60.0575,43.9354,-60.0575,5,,401677689,-115
260378,260378,UT,DS,2,0,2,135,135,02:10:40 09-Oct-2025,O3,B,43.9241,-60.0955,43.9241,-60.0955,7,,401677698,-129
260378,260378,UT,DS,2,0,2,45,45,03:48:26 09-Oct-2025,O3,B,43.9450,-60.0962,43.9450,-60.0962,8,,401677688,-124
260378,260378,UT,DS,2,0,2,46,46,05:29:29 09-Oct-2025,O3,B,43.9279,-60.0954,43.9279,-60.0954,8,,401677696,-131
260378,260378,UT,DS,2,0,2,45,45,08:18:50 09-Oct-2025,SR,B,43.8985,-60.1947,43.8985,-60.1947,8,,401677719,-125
260378,260378,UT,DS,2,0,2,45,45,08:33:35 09-Oct-2025,CS,B,43.9354,-60.1264,43.9354,-60.1264,6,,401677683,-125
260378,260378,UT,DS,2,0,2,44,44,10:01:04 09-Oct-2025,SR,B,43.9245,-60.1459,43.9245,-60.1459,7,,401677713,-124
260378,260378,UT,DS,5,0,5,137,45,10:11:35 09-Oct-2025,CS,3,43.9455,-60.1050,43.9455,-60.1050,56,,401677691,-124
260378,260378,UT,DS,1,0,1,,,11:39:56 09-Oct-2025,SR,B,43.9309,-60.1493,43.9309,-60.1493,8,,401677696,-137
260378,260378,UT,DS,1,0,1,,,11:48:54 09-Oct-2025,CS,B,43.9428,-60.1180,43.9428,-60.1180,6,,401677687,-132
260378,260378,UT,DS,5,0,5,78,45,12:18:18 09-Oct-2025,MC,2,43.9434,-60.0839,43.9434,-60.0839,56,,401677692,-122
260378,260378,UT,DS,5,0,5,135,90,13:09:18 09-Oct-2025,MB,3,43.9444,-60.0945,43.9444,-60.0945,58,,401677680,-121
260378,260378,UT,DS,6,0,6,90,90,13:58:03 09-Oct-2025,MC,3,43.9443,-60.0949,43.9443,-60.0949,68,,401677676,-115
260378,260378,UT,DS,2,0,2,90,90,15:41:33 09-Oct-2025,MC,B,43.9452,-60.0842,43.9452,-60.0842,8,,401677679,-126
260378,260378,UT,DS,3,0,3,90,90,15:54:18 09-Oct-2025,O3,A,43.9446,-60.1006,43.9446,-60.1006,6,,401677681,-132
260378,260378,UT,DS,3,0,3,57,54,00:34:33 10-Oct-2025,MB,A,43.9569,-60.1325,43.9569,-60.1325,8,,401677699,-129
260378,260378,UT,DS,4,0,4,127,52,01:23:05 10-Oct-2025,MC,1,43.9638,-60.1496,43.9638,-60.1496,58,,401677703,-115
260378,260378,UT,DS,1,0,1,,,01:28:06 10-Oct-2025,O3,B,43.9637,-60.1493,43.9637,-60.1493,6,,401677703,-134
260378,260378,UT,DS,3,0,3,251,197,03:05:32 10-Oct-2025,O3,A,43.9458,-60.0639,43.9458,-60.0639,6,,401677699,-120
260378,260378,UT,DS,1,0,1,,,03:04:56 10-Oct-2025,MC,B,43.9613,-60.1674,43.9613,-60.1674,8,,401677691,-126
260378,260378,UT,DS,5,0,5,101,67,04:43:49 10-Oct-2025,O3,1,43.9355,-59.9577,43.9355,-59.9577,58,,401677699,-129
260378,260378,UT,DS,1,0,1,,,07:50:44 10-Oct-2025,SR,B,43.9279,-59.9176,43.9279,-59.9176,8,,401677695,-136
260378,260378,UT,DS,6,0,6,108,90,09:28:44 10-Oct-2025,CS,2,43.9370,-59.9144,43.9370,-59.9144,56,,401677690,-121
260378,260378,UT,DS,5,0,5,112,90,09:26:44 10-Oct-2025,SR,3,43.9362,-59.9186,43.9362,-59.9186,58,,401677689,-119
260378,260378,UT,DS,6,0,6,117,45,15:59:26 11-Oct-2025,O3,1,43.9422,-59.8505,43.9422,-59.8505,40,,401677674,-127
260378,260378,UT,DS,1,0,1,,,16:38:49 11-Oct-2025,MC,B,43.9421,-59.8463,43.9421,-59.8463,8,,401677678,-132
260378,260378,UT,DS,3,0,3,82,69,17:36:30 11-Oct-2025,O3,A,43.9494,-59.8442,43.9494,-59.8442,8,,401677679,-126
260378,260378,UT,DS,2,0,2,72,72,18:28:23 11-Oct-2025,CS,B,43.9569,-59.8443,43.9569,-59.8443,8,,401677677,-132
260378,260378,UT,DS,4,0,4,178,45,20:04:30 11-Oct-2025,CS,2,43.9684,-59.8192,43.9684,-59.8192,58,,401677684,-123
260378,260378,UT,DS,3,0,3,70,45,21:08:57 11-Oct-2025,SR,A,43.9656,-59.7957,43.9656,-59.7957,8,,401677682,-131
260378,260378,UT,DS,3,0,3,289,129,21:40:42 11-Oct-2025,CS,A,43.9839,-59.7533,43.9839,-59.7533,8,,401677687,-128
260378,260378,UT,DS,2,0,2,44,44,22:46:48 11-Oct-2025,SR,B,43.9994,-59.7149,43.9994,-59.7149,8,,401677684,-120
260378,260378,UT,DS,1,0,1,,,23:07:20 11-Oct-2025,MC,B,44.0019,-59.7211,44.0019,-59.7211,6,,401677697,-132
260378,260378,UT,DS,2,0,2,48,48,00:27:22 12-Oct-2025,SR,B,44.1371,-59.4436,44.1371,-59.4436,8,,401677699,-132
260378,260378,UT,DS,3,0,3,322,51,00:37:05 12-Oct-2025,MC,A,44.3862,-59.8847,44.3862,-59.8847,6,,401677661,-131
260378,260378,UT,DS,2,0,2,65,65,04:53:05 12-Oct-2025,O3,B,44.2284,-59.3399,44.2284,-59.3399,8,,401677623,-126
260378,260378,UT,DS,1,0,1,,,08:11:51 12-Oct-2025,CS,B,44.1812,-59.2304,44.1812,-59.2304,6,,401677774,-134
260378,260378,UT,DS,1,0,1,,,09:51:10 12-Oct-2025,CS,B,44.1699,-59.3069,44.1699,-59.3069,8,,401677678,-130
260378,260378,UT,DS,2,0,2,72,72,10:02:39 12-Oct-2025,SR,B,44.3123,-59.5306,44.3123,-59.5306,6,,401677764,-128
260378,260378,UT,DS,1,0,1,,,11:23:35 12-Oct-2025,CS,B,44.3107,-59.4339,44.3107,-59.4339,7,,401677787,-130
260378,260378,UT,DS,1,0,1,,,12:06:39 12-Oct-2025,MB,B,44.3295,-59.7242,44.3295,-59.7242,8,,401677677,-134
260378,260378,UT,DS,1,0,1,,,13:50:38 12-Oct-2025,MB,B,44.3650,-59.8086,44.3650,-59.8086,8,,401677668,-133
260378,260378,UT,DS,2,0,2,44,44,14:33:39 12-Oct-2025,MC,B,44.3876,-59.8620,44.3876,-59.8620,6,,401677684,-124
260378,260378,UT,DS,1,0,1,,,15:14:43 12-Oct-2025,O3,Z,44.2625,-59.9223,44.2625,-59.9223,8,,401677617,-128
260378,260378,UT,DS,1,0,1,,,15:34:16 12-Oct-2025,MB,B,44.0950,-59.8416,44.0950,-59.8416,8,,401677613,-135
260378,260378,UT,DS,2,0,2,52,52,16:20:06 12-Oct-2025,MC,B,44.3034,-59.2429,56.0418,-124.0062,,,401677684,-130
260378,260378,UT,DS,2,0,2,62,62,16:54:38 12-Oct-2025,O3,B,44.3226,-59.3152,44.3226,-59.3152,8,,401677598,-120
260378,260378,UT,DS,1,0,1,,,18:30:39 12-Oct-2025,O3,B,44.3311,-59.5266,44.3311,-59.5266,5,,401677745,-128
260378,260378,UT,DS,2,0,2,73,73,19:24:29 12-Oct-2025,CS,B,44.4466,-59.7943,44.4466,-59.7943,7,,401677763,-128
260378,260378,UT,DS,2,0,2,452,452,20:34:01 12-Oct-2025,SR,B,44.5072,-59.9639,44.5072,-59.9639,8,,401677712,-136
260378,260378,UT,DS,3,0,3,220,62,21:04:10 12-Oct-2025,CS,A,44.4580,-60.1570,44.4580,-60.1570,8,,401677716,-122
260378,260378,UT,DS,3,0,3,191,65,22:14:49 12-Oct-2025,SR,A,44.6127,-59.9835,44.6127,-59.9835,7,,401677732,-125
260378,260378,UT,DS,1,0,1,,,22:39:26 12-Oct-2025,CS,B,44.6092,-59.9833,44.6092,-59.9833,6,,401677702,-135
260378,260378,UT,DS,1,0,1,,,23:35:12 12-Oct-2025,MB,B,44.6132,-60.0269,44.6132,-60.0269,8,,401677667,-129
260378,260378,UT,DS,1,0,1,,,23:48:24 12-Oct-2025,SR,B,44.5994,-60.0183,44.5994,-60.0183,6,,401677713,-130
260378,260378,UT,DS,2,0,2,437,437,00:21:21 13-Oct-2025,MC,B,44.5907,-60.0485,44.5907,-60.0485,8,,401677695,-122
260378,260378,UT,DS,1,0,1,,,02:07:55 13-Oct-2025,MC,B,44.5892,-60.1171,44.5892,-60.1171,8,,401677724,-133
260378,260378,UT,DS,1,0,1,,,02:27:42 13-Oct-2025,O3,B,44.5732,-60.0518,44.5732,-60.0518,6,,401677697,-126
260378,260378,UT,DS,1,0,1,,,04:06:17 13-Oct-2025,O3,B,44.6140,-60.1334,44.6140,-60.1334,8,,401677715,-119
260378,260378,UT,DS,1,0,1,,,07:22:36 13-Oct-2025,CS,B,44.6441,-60.2455,44.6441,-60.2455,8,,401677727,-141
260378,260378,UT,DS,1,0,1,,,07:54:52 13-Oct-2025,SR,B,44.6335,-60.1126,44.6335,-60.1126,8,,401677693,-132
260378,260378,UT,DS,1,0,1,,,09:02:12 13-Oct-2025,CS,B,44.6384,-60.0826,44.6384,-60.0826,8,,401677691,-125
260378,260378,UT,DS,2,0,2,57,57,09:34:36 13-Oct-2025,SR,B,44.6300,-60.0781,44.6300,-60.0781,6,,401677721,-125
260378,260378,UT,DS,1,0,1,,,10:38:41 13-Oct-2025,CS,B,44.6307,-60.0316,44.6307,-60.0316,8,,401677705,-134
260378,260378,UT,DS,1,0,1,,,12:32:20 13-Oct-2025,MC,B,44.6323,-60.0102,44.6323,-60.0102,8,,401677687,-126
260378,260378,UT,DS,1,0,1,,,14:19:47 13-Oct-2025,MC,B,44.6457,-59.9514,44.6457,-59.9514,8,,401677672,-123
260378,260378,UT,DS,1,0,1,,,14:29:11 13-Oct-2025,O3,B,44.6463,-59.9717,44.6463,-59.9717,6,,401677665,-137
260378,260378,UT,DS,2,0,2,55,55,15:56:53 13-Oct-2025,MC,B,44.6525,-59.8814,44.6525,-59.8814,8,,401677651,-126
260378,260378,UT,DS,2,0,2,45,45,16:10:58 13-Oct-2025,O3,B,44.7424,-59.5209,44.7424,-59.5209,6,,401677766,-125
260378,260378,UT,DS,1,0,1,,,17:45:07 13-Oct-2025,O3,B,44.7139,-59.3975,44.7139,-59.3975,6,,401677807,-124
260378,260378,UT,DS,3,0,3,50,44,18:38:33 13-Oct-2025,CS,A,44.9929,-59.6981,53.7705,-10.3675,50,,401677684,-130
260378,260378,UT,DS,1,0,1,,,20:18:27 13-Oct-2025,CS,B,44.9544,-59.6847,53.8975,-10.3590,8,,401677646,-126
260378,260378,UT,DS,1,0,1,,,21:43:56 13-Oct-2025,SR,B,44.8968,-59.7184,44.8968,-59.7184,1,,401677715,-122
260378,260378,UT,DS,2,0,2,54,54,21:59:35 13-Oct-2025,CS,B,44.8379,-59.5362,44.8379,-59.5362,6,,401677726,-126
260378,260378,UT,DS,1,0,1,,,22:24:08 13-Oct-2025,MC,B,44.8308,-59.5586,44.8308,-59.5586,6,,401677797,-129
260378,260378,UT,DS,2,0,2,45,45,23:19:35 13-Oct-2025,SR,B,44.8496,-59.5316,44.8496,-59.5316,8,,401677744,-122
260378,260378,UT,DS,1,0,1,,,23:19:57 13-Oct-2025,MB,B,44.8163,-59.5593,44.8163,-59.5593,8,,401677754,-134
260378,260378,UT,DS,3,0,3,234,44,00:00:51 14-Oct-2025,MC,A,44.9887,-60.0522,49.5548,-35.6071,40,,401677684,-125
260378,260378,UT,DS,1,0,1,,,00:56:59 14-Oct-2025,MB,B,45.0043,-60.0406,45.0043,-60.0406,5,,401677765,-129
260378,260378,UT,DS,2,0,2,45,45,01:41:39 14-Oct-2025,O3,B,45.0561,-59.6983,45.0561,-59.6983,,,401677693,-128
260378,260378,UT,DS,2,0,2,45,45,01:41:39 14-Oct-2025,MC,B,45.0657,-59.6054,40.7411,-81.8988,,,401677684,-120
260378,260378,UT,DS,2,0,2,508,508,03:20:26 14-Oct-2025,O3,B,45.0451,-59.7228,45.0451,-59.7228,8,,401677707,-129
260378,260378,UT,DS,1,0,1,,,07:25:49 14-Oct-2025,SR,B,45.0359,-59.7393,45.0359,-59.7393,8,,401677706,-128
260378,260378,UT,DS,1,0,1,,,08:19:08 14-Oct-2025,CS,B,45.0459,-59.7444,45.0459,-59.7444,8,,401677697,-134
260378,260378,UT,DS,1,0,1,,,09:02:27 14-Oct-2025,SR,B,45.1059,-59.7865,45.1059,-59.7865,5,,401677743,-123
260378,260378,UT,DS,2,0,2,45,45,10:01:30 14-Oct-2025,CS,B,45.2183,-59.6750,45.2183,-59.6750,8,,401677627,-122
260378,260378,UT,DS,1,0,1,,,12:11:21 14-Oct-2025,MC,B,45.3155,-59.5422,45.3155,-59.5422,6,,401677697,-133
260378,260378,UT,DS,2,0,2,45,45,14:03:07 14-Oct-2025,MC,B,45.6037,-59.2441,45.6037,-59.2441,8,,401677711,-130
260378,260378,UT,DS,2,0,2,547,547,14:43:22 14-Oct-2025,MB,B,45.5386,-59.0681,45.5386,-59.0681,5,,401677740,-134
260378,260378,UT,DS,2,0,2,50,50,15:32:06 14-Oct-2025,MC,B,45.0360,-59.2949,54.4138,-101.5277,,,401677684,-127
260378,260378,UT,DS,1,0,1,,,16:57:43 14-Oct-2025,O3,B,45.0388,-59.2912,45.0388,-59.2912,8,,401677670,-126
260378,260378,UT,DS,1,0,1,,,17:58:39 14-Oct-2025,CS,B,45.1949,-59.3378,45.1949,-59.3378,4,,401677797,-137
260378,260378,UT,DS,1,0,1,,,18:36:56 14-Oct-2025,O3,B,45.3093,-59.3165,45.3093,-59.3165,8,,401677672,-133
260378,260378,UT,DS,1,0,1,,,19:41:38 14-Oct-2025,CS,B,45.4431,-59.3397,45.4431,-59.3397,6,,401677706,-131
260378,260378,UT,DS,3,0,3,309,45,21:10:30 14-Oct-2025,SR,A,45.6290,-59.3612,45.6290,-59.3612,7,,401677726,-128
260378,260378,UT,DS,2,0,2,45,45,21:13:49 14-Oct-2025,CS,B,45.5821,-59.3374,45.5821,-59.3374,6,,401677662,-128
260378,260378,UT,DS,3,0,3,288,45,22:43:50 14-Oct-2025,SR,A,45.5684,-59.0850,45.5684,-59.0850,6,,401677721,-132
260378,260378,UT,DS,2,0,2,46,46,23:37:42 14-Oct-2025,MC,B,45.6365,-59.0652,45.6365,-59.0652,8,,401677650,-124
260378,260378,UT,DS,1,0,1,,,00:25:54 15-Oct-2025,SR,B,45.6618,-59.1288,45.6618,-59.1288,4,,401677768,-135
260378,260378,UT,DS,1,0,1,,,00:37:30 15-Oct-2025,MB,B,45.6438,-59.1671,45.6438,-59.1671,6,,401677692,-126
260378,260378,UT,DS,2,0,2,45,45,02:33:07 15-Oct-2025,O3,B,45.5343,-59.0441,,,8,,401677660,-126
260378,260378,UT,DS,1,0,1,,,04:07:24 15-Oct-2025,O3,B,45.5641,-59.0538,45.5641,-59.0538,6,,401677705,-140
260378,260378,UT,DS,1,0,1,,,06:53:52 15-Oct-2025,SR,B,45.6147,-58.9698,,,8,,401677664,-136
260378,260378,UT,DS,1,0,1,,,07:37:18 15-Oct-2025,CS,B,45.5134,-58.9176,45.5134,-58.9176,5,,401677737,-139
260378,260378,UT,DS,1,0,1,,,08:23:42 15-Oct-2025,SR,B,45.4274,-58.9344,45.4274,-58.9344,8,,401677701,-138
260378,260378,UT,DS,2,0,2,45,45,10:09:22 15-Oct-2025,SR,B,45.3596,-58.7912,45.3596,-58.7912,8,,401677695,-125
260378,260378,UT,DS,1,0,1,,,11:00:10 15-Oct-2025,CS,B,45.3190,-58.7602,45.3190,-58.7602,8,,401677699,-130
260378,260378,UT,DS,1,0,1,,,13:35:27 15-Oct-2025,MC,B,45.3926,-58.7568,45.3926,-58.7568,8,,401677668,-113
260378,260378,UT,DS,1,0,1,,,14:28:03 15-Oct-2025,MB,B,45.3911,-58.7859,45.3911,-58.7859,6,,401677701,-128
260378,260378,UT,DS,1,0,1,,,14:35:00 15-Oct-2025,O3,B,45.3913,-58.7880,45.3913,-58.7880,6,,401677700,-132
260378,260378,UT,DS,1,0,1,,,15:16:46 15-Oct-2025,MC,B,45.3823,-58.7853,45.3823,-58.7853,8,,401677694,-128
260378,260378,UT,DS,2,0,2,488,488,16:15:17 15-Oct-2025,O3,B,45.3723,-58.8061,45.3723,-58.8061,8,,401677693,-124
260378,260378,UT,DS,4,0,4,132,45,17:53:27 15-Oct-2025,O3,0,45.3821,-58.8353,45.3821,-58.8353,48,,401677695,-129
260378,260378,UT,DS,3,0,3,192,45,18:56:06 15-Oct-2025,CS,A,45.3475,-58.8484,45.3475,-58.8484,6,,401677725,-128
260378,260378,UT,DS,2,0,2,441,441,20:37:43 15-Oct-2025,SR,B,45.4295,-58.8293,45.4295,-58.8293,6,,401677705,-134
260378,260378,UT,DS,2,0,2,45,45,20:34:25 15-Oct-2025,CS,B,45.4255,-58.8653,45.4255,-58.8653,8,,401677673,-120
260378,260378,UT,DS,3,0,3,243,45,22:19:27 15-Oct-2025,SR,A,45.4444,-59.0152,45.4444,-59.0152,8,,401677714,-120
260378,260378,UT,DS,2,0,2,45,45,22:16:53 15-Oct-2025,CS,B,45.3408,-58.6935,45.3408,-58.6935,7,,401677726,-132
260378,260378,UT,DS,3,0,3,180,45,23:57:28 15-Oct-2025,SR,A,45.4958,-58.7198,45.4958,-58.7198,7,,401677744,-129
260378,260378,UT,DS,3,0,3,212,45,00:13:09 16-Oct-2025,MB,A,45.4082,-58.8474,45.4082,-58.8474,6,,401677702,-119
260378,260378,UT,DS,4,0,4,137,45,00:54:26 16-Oct-2025,MC,0,42.8943,-67.3853,45.4055,-54.1274,48,,401677917,-114
260378,260378,UT,DS,3,0,3,210,45,01:48:22 16-Oct-2025,O3,A,44.7331,-58.5221,52.7361,-13.8492,48,,401677917,-133
260378,260378,UT,DS,2,0,2,45,45,02:40:52 16-Oct-2025,MC,B,44.7539,-58.5128,44.7539,-58.5128,5,,401678007,-121
260378,260378,UT,DS,3,0,3,237,77,03:29:13 16-Oct-2025,O3,A,44.6294,-62.2637,45.4234,-57.8565,48,,401677917,-122
260378,260378,UT,DS,3,0,3,302,51,08:38:04 16-Oct-2025,CS,A,45.2267,-58.8108,45.2267,-58.8108,8,,401677694,-134
260378,260378,UT,DS,1,0,1,,,09:41:42 16-Oct-2025,SR,B,45.2213,-58.8665,45.2213,-58.8665,6,,401677732,-129
260378,260378,UT,DS,1,0,1,,,10:14:17 16-Oct-2025,CS,B,45.2324,-58.8145,,,8,,401677719,-132
260378,260378,UT,DS,1,0,1,,,11:33:09 16-Oct-2025,MC,B,45.2443,-58.9408,45.2443,-58.9408,8,,401677667,-132
260378,260378,UT,DS,2,0,2,60,60,13:13:36 16-Oct-2025,MC,B,45.3335,-58.9218,45.3335,-58.9218,8,,401677685,-115
260378,260378,UT,DS,1,0,1,,,14:04:34 16-Oct-2025,MB,B,45.3402,-58.9239,45.3402,-58.9239,8,,401677666,-131
260378,260378,UT,DS,1,0,1,,,15:00:59 16-Oct-2025,MC,B,45.3307,-58.8918,45.3307,-58.8918,6,,401677708,-127
260378,260378,UT,DS,1,0,1,,,15:32:40 16-Oct-2025,O3,B,45.3404,-58.8657,45.3404,-58.8657,8,,401677676,-132
260378,260378,UT,DS,2,0,2,56,56,17:05:58 16-Oct-2025,O3,B,45.3613,-58.8479,45.3613,-58.8479,8,,401677664,-121
260378,260378,UT,DS,1,0,1,,,19:53:48 16-Oct-2025,CS,B,45.4647,-58.8828,45.4647,-58.8828,8,,401677685,-118
260378,260378,UT,DS,1,0,1,,,21:32:45 16-Oct-2025,CS,B,45.4934,-58.8790,45.4934,-58.8790,8,,401677670,-128
260378,260378,UT,DS,2,0,2,445,445,21:48:54 16-Oct-2025,SR,B,45.4713,-58.7484,45.4713,-58.7484,6,,401677713,-124
260378,260378,UT,DS,2,0,2,454,454,23:24:21 16-Oct-2025,SR,B,45.4928,-58.7394,45.4928,-58.7394,8,,401677723,-125
260378,260378,UT,DS,1,0,1,,,23:54:16 16-Oct-2025,MB,B,45.4831,-58.7483,45.4831,-58.7483,6,,401677696,-130
260378,260378,UT,DS,3,0,1,116,90,00:35:53 17-Oct-2025,MC,A,43.6883,-60.6782,45.5416,-50.9713,40,,401677917,-125
260378,260378,UT,DS,2,0,2,451,451,02:15:42 17-Oct-2025,MC,B,44.7042,-58.4808,36.4930,-100.7914,,,401677917,-122
260378,260378,UT,DS,3,0,3,226,70,02:43:10 17-Oct-2025,O3,A,45.2260,-58.7269,45.2260,-58.7269,6,,401677755,-127
260378,260378,UT,DS,1,0,1,,,07:28:10 17-Oct-2025,SR,B,45.2333,-58.7388,45.2333,-58.7388,8,,401677763,-128
260378,260378,UT,DS,1,0,1,,,07:57:23 17-Oct-2025,CS,B,45.3310,-58.7859,45.3310,-58.7859,6,,401677672,-129
260378,260378,UT,DS,1,0,1,,,09:01:05 17-Oct-2025,SR,B,45.3654,-58.7650,45.3654,-58.7650,6,,401677728,-129
260378,260378,UT,DS,1,0,1,,,09:39:02 17-Oct-2025,CS,B,45.4236,-58.7184,45.4236,-58.7184,8,,401677691,-124
260378,260378,UT,DS,1,0,1,,,10:47:08 17-Oct-2025,SR,B,45.4773,-58.6737,45.4773,-58.6737,7,,401677710,-127
260378,260378,UT,DS,1,0,1,,,11:13:09 17-Oct-2025,CS,B,45.4853,-58.6618,45.4853,-58.6618,6,,401677712,-132
260378,260378,UT,DS,1,0,1,,,12:05:28 17-Oct-2025,MB,B,45.4983,-58.6146,45.4983,-58.6146,7,,401677729,-130
260378,260378,UT,DS,1,0,1,,,13:48:06 17-Oct-2025,MB,B,45.4938,-58.6231,45.4938,-58.6231,8,,401677723,-134
260378,260378,UT,DS,2,0,2,575,575,14:30:13 17-Oct-2025,MC,B,45.4992,-58.5497,45.4992,-58.5497,8,,401677712,-122
260378,260378,UT,DS,2,0,2,444,444,16:22:31 17-Oct-2025,O3,B,45.4493,-58.5908,45.4493,-58.5908,8,,401677714,-123
260378,260378,UT,DS,3,0,3,247,67,17:59:33 17-Oct-2025,O3,A,45.3781,-58.7080,45.3781,-58.7080,8,,401677662,-130
260378,260378,UT,DS,2,0,2,468,468,19:15:39 17-Oct-2025,CS,B,45.5528,-58.6263,45.5528,-58.6263,6,,401677697,-128
260378,260378,UT,DS,2,0,2,406,406,20:52:34 17-Oct-2025,CS,B,45.6003,-58.5466,45.6003,-58.5466,8,,401677701,-125
260378,260378,UT,DS,3,0,3,233,82,21:15:28 17-Oct-2025,SR,A,45.6528,-58.5205,45.6528,-58.5205,6,,401677749,-130
260378,260378,UT,DS,1,0,1,,,22:40:21 17-Oct-2025,MC,B,45.6779,-58.4561,45.6779,-58.4561,8,,401677688,-122
260378,260378,UT,DS,3,0,3,213,86,22:53:46 17-Oct-2025,SR,A,45.4792,-58.4866,45.4792,-58.4866,6,,401677695,-120
260378,260378,UT,DS,2,0,2,46,46,23:33:09 17-Oct-2025,MB,B,45.4595,-58.4940,45.4595,-58.4940,5,,401677757,-130
260378,260378,UT,DS,3,0,3,184,46,00:15:30 18-Oct-2025,MC,A,45.4765,-58.5163,45.4765,-58.5163,8,,401677729,-117
260378,260378,UT,DS,2,0,2,48,48,00:35:00 18-Oct-2025,SR,B,45.5210,-58.4450,45.5210,-58.4450,6,,401677714,-132
260378,260378,UT,DS,2,0,2,77,77,01:09:09 18-Oct-2025,MB,B,45.6439,-58.4863,45.6439,-58.4863,8,,401677687,-127
260378,260378,UT,DS,3,0,3,234,81,01:57:42 18-Oct-2025,MC,A,45.5675,-58.4119,45.5675,-58.4119,7,,401677698,-115
260378,260378,UT,DS,2,0,2,81,81,01:58:22 18-Oct-2025,O3,B,45.5129,-58.5079,45.5129,-58.5079,6,,401677725,-126
260378,260378,UT,DS,2,0,2,389,389,03:35:52 18-Oct-2025,O3,B,45.5532,-58.5571,45.5532,-58.5571,8,,401677696,-124
260378,260378,UT,DS,1,0,1,,,05:12:49 18-Oct-2025,O3,B,45.5878,-58.5529,45.5878,-58.5529,8,,401677687,-132
260378,260378,UT,DS,1,0,1,,,06:53:20 18-Oct-2025,SR,B,45.6129,-58.5493,45.6129,-58.5493,8,,401677683,-135
260378,260378,UT,DS,1,0,1,,,07:14:24 18-Oct-2025,CS,B,45.5541,-58.5522,45.5541,-58.5522,6,,401677710,-137
260378,260378,UT,DS,1,0,1,,,08:35:56 18-Oct-2025,SR,B,45.5734,-58.5286,,,8,,401677673,-129
260378,260378,UT,DS,3,0,3,255,70,08:54:20 18-Oct-2025,CS,A,45.2988,-58.5303,,,6,,401677682,-127
260378,260378,UT,DS,1,0,1,,,10:10:57 18-Oct-2025,SR,B,45.3749,-58.5580,45.3749,-58.5580,5,,401677785,-125
260378,260378,UT,DS,1,0,1,,,10:38:06 18-Oct-2025,CS,B,45.4748,-58.5578,45.4748,-58.5578,6,,401677699,-127
260378,260378,UT,DS,1,0,1,,,11:43:38 18-Oct-2025,MB,B,45.5076,-58.5596,45.5076,-58.5596,8,,401677695,-135
260378,260378,UT,DS,1,0,1,,,13:27:00 18-Oct-2025,MB,B,45.5189,-58.5755,,,8,,401677687,-120
260378,260378,UT,DS,1,0,1,,,14:13:44 18-Oct-2025,MC,B,45.5343,-58.5795,45.5343,-58.5795,6,,401677711,-116
260378,260378,UT,DS,1,0,1,,,15:05:51 18-Oct-2025,MB,B,45.5257,-58.5725,45.5257,-58.5725,8,,401677702,-134
260378,260378,UT,DS,2,0,2,46,46,15:35:08 18-Oct-2025,O3,B,45.4464,-58.5532,45.4464,-58.5532,6,,401677675,-128
260378,260378,UT,DS,2,0,2,48,48,17:18:14 18-Oct-2025,O3,B,45.5449,-58.5217,45.5449,-58.5217,6,,401677737,-123
260378,260378,UT,DS,1,0,1,,,18:34:20 18-Oct-2025,CS,B,45.5773,-58.4662,45.5773,-58.4662,8,,401677708,-130
260378,260378,UT,DS,1,0,1,,,20:11:00 18-Oct-2025,CS,B,45.4875,-58.4341,45.4875,-58.4341,8,,401677678,-120
260378,260378,UT,DS,1,0,1,,,20:47:07 18-Oct-2025,SR,B,45.4686,-58.4357,45.4686,-58.4357,5,,401677725,-136
260378,260378,UT,DS,3,0,3,222,69,21:50:16 18-Oct-2025,CS,A,45.3092,-58.5345,45.3092,-58.5345,6,,401677754,-129
260378,260378,UT,DS,3,0,3,217,45,22:24:07 18-Oct-2025,SR,A,45.4350,-58.6129,45.4350,-58.6129,8,,401677702,-118
260378,260378,UT,DS,1,0,1,,,23:09:20 18-Oct-2025,MB,B,45.4577,-58.6570,45.4577,-58.6570,8,,401677696,-135
260378,260378,UT,DS,2,0,2,432,432,23:53:52 18-Oct-2025,MC,B,45.4571,-58.6497,45.4571,-58.6497,8,,401677704,-124
260378,260378,UT,DS,1,0,1,,,00:01:04 19-Oct-2025,SR,B,45.4513,-58.6553,45.4513,-58.6553,6,,401677719,-126
260378,260378,UT,DS,1,0,1,,,01:12:52 19-Oct-2025,O3,B,45.4663,-58.6929,45.4663,-58.6929,8,,401677695,-128
260378,260378,UT,DS,2,0,2,386,386,01:37:08 19-Oct-2025,MC,B,45.4135,-58.6108,45.4135,-58.6108,6,,401677730,-115
260378,260378,UT,DS,2,0,2,367,367,02:49:21 19-Oct-2025,O3,B,45.4491,-58.6218,45.4491,-58.6218,8,,401677711,-123
260378,260378,UT,DS,3,0,3,206,69,04:25:27 19-Oct-2025,O3,A,45.5306,-58.9111,45.5306,-58.9111,8,,401677661,-127
260378,260378,UT,DS,1,0,1,,,07:57:42 19-Oct-2025,SR,B,45.6831,-59.1469,45.6831,-59.1469,7,,401677709,-130
260378,260378,UT,DS,1,0,1,,,09:39:21 19-Oct-2025,SR,B,45.5907,-58.9430,45.5907,-58.9430,8,,401677601,-128
260378,260378,UT,DS,1,0,1,,,11:28:10 19-Oct-2025,CS,B,45.5658,-58.9596,45.5658,-58.9596,6,,401677654,-137
260378,260378,UT,DS,1,0,1,,,12:09:41 19-Oct-2025,MC,B,45.4593,-58.7652,45.4593,-58.7652,5,,401677732,-125
260378,260378,UT,DS,1,0,1,,,13:56:48 19-Oct-2025,MC,B,45.4669,-58.7838,45.4669,-58.7838,8,,401677705,-125
260378,260378,UT,DS,1,0,1,,,14:43:26 19-Oct-2025,MB,B,45.4822,-58.7334,45.4822,-58.7334,8,,401677686,-133
260378,260378,UT,DS,2,0,2,59,59,16:35:21 19-Oct-2025,O3,B,45.8163,-58.5626,45.8163,-58.5626,6,,401677735,-127
260378,260378,UT,DS,2,0,2,48,48,21:06:41 19-Oct-2025,CS,B,45.4767,-58.4121,45.4767,-58.4121,8,,401677724,-126
260378,260378,UT,DS,2,0,2,60,60,21:55:07 19-Oct-2025,SR,B,45.4947,-58.3010,45.4947,-58.3010,6,,401677763,-130
260378,260378,UT,DS,1,0,1,,,22:50:38 19-Oct-2025,MB,B,45.4935,-58.2131,45.4935,-58.2131,8,,401677732,-133
260378,260378,UT,DS,1,0,1,,,23:31:02 19-Oct-2025,SR,B,45.4580,-58.1936,45.4580,-58.1936,5,,401677782,-125
260378,260378,UT,DS,3,0,3,214,45,23:36:33 19-Oct-2025,MC,A,45.3954,-58.7759,45.3954,-58.7759,6,,401677701,-115
260378,260378,UT,DS,2,0,2,436,436,00:26:33 20-Oct-2025,MB,B,45.4248,-58.6539,45.4248,-58.6539,7,,401677716,-130
260378,260378,UT,DS,1,0,1,,,01:13:41 20-Oct-2025,MC,B,45.4316,-58.5730,45.4316,-58.5730,7,,401677730,-116
260378,260378,UT,DS,1,0,1,,,02:05:12 20-Oct-2025,O3,B,45.4294,-58.4749,45.4294,-58.4749,8,,401677718,-134
260378,260378,UT,DS,1,0,1,,,03:00:41 20-Oct-2025,MC,B,45.4218,-58.4611,45.4218,-58.4611,8,,401677699,-120
260378,260378,UT,DS,3,0,3,194,76,03:44:11 20-Oct-2025,O3,A,45.2940,-58.6538,45.2940,-58.6538,5,,401677745,-120
260378,260378,UT,DS,1,0,1,,,05:21:00 20-Oct-2025,O3,B,45.2228,-58.6746,45.2228,-58.6746,7,,401677772,-137
260378,260378,UT,DS,2,0,2,53,53,07:28:07 20-Oct-2025,SR,B,45.3296,-59.0417,45.3296,-59.0417,8,,401677724,-131
260378,260378,UT,DS,2,0,2,496,496,09:05:26 20-Oct-2025,SR,B,45.4936,-58.6329,45.4936,-58.6329,8,,401677730,-127
260378,260378,UT,DS,2,0,2,48,48,09:13:18 20-Oct-2025,CS,B,45.4113,-58.6397,45.4113,-58.6397,6,,401677771,-118
260378,260378,UT,DS,2,0,2,69,69,10:51:18 20-Oct-2025,CS,B,45.4170,-58.5267,45.4170,-58.5267,8,,401677772,-127
260378,260378,UT,DS,2,0,2,69,69,10:51:18 20-Oct-2025,SR,B,45.2962,-58.5454,45.2962,-58.5454,,,401677724,-130
260378,260378,UT,DS,2,0,2,45,45,13:32:19 20-Oct-2025,MC,B,45.3312,-58.7490,45.3312,-58.7490,8,,401677650,-119
260378,260378,UT,DS,1,0,1,,,14:21:35 20-Oct-2025,MB,B,45.3428,-58.7674,45.3428,-58.7674,5,,401677700,-132
260378,260378,UT,DS,2,0,2,45,45,15:12:02 20-Oct-2025,MC,B,45.2806,-58.6242,45.2806,-58.6242,8,,401677652,-116
260378,260378,UT,DS,1,0,1,,,15:46:47 20-Oct-2025,O3,B,45.2668,-58.5999,45.2668,-58.5999,8,,401677654,-122
260378,260378,UT,DS,1,0,1,,,16:50:49 20-Oct-2025,MC,B,45.2465,-58.5532,45.2465,-58.5532,6,,401677692,-131
260378,260378,UT,DS,3,0,3,45,45,17:24:22 20-Oct-2025,O3,A,45.4075,-58.5719,45.4075,-58.5719,5,,401677739,-124
260378,260378,UT,DS,3,0,3,225,45,18:49:56 20-Oct-2025,CS,A,45.3177,-58.6059,45.3177,-58.6059,8,,401677732,-132
260378,260378,UT,DS,2,0,2,428,428,20:27:24 20-Oct-2025,CS,B,45.3737,-58.6581,45.3737,-58.6581,8,,401677707,-124
260378,260378,UT,DS,3,0,3,217,82,21:17:41 20-Oct-2025,SR,A,45.4565,-58.7262,45.4565,-58.7262,6,,401677742,-126
260378,260378,UT,DS,3,0,3,175,45,22:06:05 20-Oct-2025,CS,A,45.3451,-58.6879,45.3451,-58.6879,8,,401677734,-130
260378,260378,UT,DS,1,0,1,,,22:34:43 20-Oct-2025,MB,B,45.5149,-58.7366,45.5149,-58.7366,8,,401677721,-134
260378,260378,UT,DS,3,0,3,200,45,22:52:56 20-Oct-2025,SR,A,45.3928,-58.6115,45.3928,-58.6115,6,,401677722,-117
260378,260378,UT,DS,3,0,3,178,45,23:12:36 20-Oct-2025,MC,A,45.3404,-58.6856,45.3404,-58.6856,6,,401677729,-119
260378,260378,UT,DS,3,0,3,179,45,00:04:51 21-Oct-2025,MB,A,45.3647,-58.7636,45.3647,-58.7636,8,,401677720,-120
260378,260378,UT,DS,2,0,2,45,45,00:35:30 21-Oct-2025,SR,B,45.3187,-58.7242,45.3187,-58.7242,8,,401677674,-131
260378,260378,UT,DS,4,0,4,235,45,00:51:48 21-Oct-2025,MC,0,45.4248,-58.5646,45.4248,-58.5646,46,,401677724,-115
260378,260378,UT,DS,1,0,1,,,01:23:40 21-Oct-2025,O3,B,45.4124,-58.5664,45.4124,-58.5664,6,,401677742,-132
260378,260378,UT,DS,1,0,1,,,01:50:04 21-Oct-2025,MB,B,45.3983,-58.5676,45.3983,-58.5676,6,,401677729,-133
260378,260378,UT,DS,3,0,3,242,46,02:57:36 21-Oct-2025,O3,A,45.4427,-58.7828,45.4427,-58.7828,8,,401677703,-126
260378,260378,UT,DS,1,0,1,,,04:35:38 21-Oct-2025,O3,B,45.4080,-58.8644,45.4080,-58.8644,8,,401677664,-130
260378,260378,UT,DS,2,0,2,48,48,07:02:54 21-Oct-2025,SR,B,45.1292,-58.8417,45.1292,-58.8417,7,,401677702,-136
260378,260378,UT,DS,1,0,1,,,08:35:59 21-Oct-2025,CS,B,45.0776,-58.8857,45.0776,-58.8857,8,,401677645,-133
260378,260378,UT,DS,2,0,2,347,347,08:38:53 21-Oct-2025,SR,B,45.3115,-58.4704,45.3115,-58.4704,6,,401677748,-131
260378,260378,UT,DS,3,0,3,232,80,10:10:43 21-Oct-2025,CS,A,45.4815,-58.6028,45.4815,-58.6028,8,,401677738,-126
260378,260378,UT,DS,3,0,3,204,70,10:13:45 21-Oct-2025,SR,A,45.3670,-58.7129,45.3670,-58.7129,6,,401677782,-126
260378,260378,UT,DS,1,0,1,,,11:49:04 21-Oct-2025,CS,B,45.4271,-58.7019,45.4271,-58.7019,8,,401677718,-138
260378,260378,UT,DS,1,0,1,,,12:21:16 21-Oct-2025,MB,B,45.4266,-58.6924,45.4266,-58.6924,6,,401677738,-127
260378,260378,UT,DS,3,0,3,222,72,13:09:45 21-Oct-2025,MC,A,45.5279,-58.4731,45.5279,-58.4731,6,,401677760,-122
260378,260378,UT,DS,2,0,2,45,45,14:02:52 21-Oct-2025,MB,B,45.3320,-58.6419,45.3320,-58.6419,8,,401677708,-131
260378,260378,UT,DS,1,0,1,,,14:52:16 21-Oct-2025,MC,B,45.3313,-58.6409,45.3313,-58.6409,8,,401677666,-119
260378,260378,UT,DS,2,0,2,45,45,16:29:19 21-Oct-2025,MC,B,45.1572,-58.5478,45.1572,-58.5478,7,,401677697,-127
260378,260378,UT,DS,2,0,2,45,45,16:38:38 21-Oct-2025,O3,B,45.2885,-58.3750,45.2885,-58.3750,6,,401677653,-120
260378,260378,UT,DS,1,0,1,,,18:17:24 21-Oct-2025,O3,B,45.2086,-58.3493,45.2086,-58.3493,7,,401677674,-128
260378,260378,UT,DS,2,0,2,619,619,19:44:30 21-Oct-2025,CS,B,45.2423,-58.7421,45.2423,-58.7421,6,,401677721,-122
260378,260378,UT,DS,2,0,2,46,46,20:42:50 21-Oct-2025,SR,B,45.2273,-58.8127,45.2273,-58.8127,8,,401677692,-131
260378,260378,UT,DS,2,0,2,399,399,21:27:53 21-Oct-2025,CS,B,45.3118,-58.9227,45.3118,-58.9227,5,,401677756,-125
260378,260378,UT,DS,1,0,1,,,22:09:47 21-Oct-2025,MB,B,45.3093,-58.9049,45.3093,-58.9049,8,,401677713,-136
260378,260378,UT,DS,3,0,3,135,45,22:26:02 21-Oct-2025,SR,A,45.4497,-58.9453,45.4497,-58.9453,6,,401677731,-119
260378,260378,UT,DS,2,0,2,46,46,22:59:13 21-Oct-2025,MC,B,45.2979,-58.4758,,,5,,401677779,-126
260378,260378,UT,DS,2,0,2,61,61,23:47:08 21-Oct-2025,MB,B,45.4660,-58.5115,,,8,,401677676,-130
260378,260378,UT,DS,1,0,1,,,00:01:49 22-Oct-2025,SR,B,45.4582,-58.5746,,,6,,401677743,-138
260378,260378,UT,DS,3,0,3,205,54,00:29:39 22-Oct-2025,MC,A,42.8543,-65.1565,46.7770,-44.8559,40,,401677917,-118
260378,260378,UT,DS,1,0,1,,,01:28:56 22-Oct-2025,MB,B,46.8110,-44.8624,46.8110,-44.8624,4,,401678071,-132
260378,260378,UT,DS,1,0,1,,,02:14:07 22-Oct-2025,MC,Z,46.8533,-44.9080,46.8533,-44.9080,1,,401678575,-127
260378,260378,UT,DS,3,0,3,307,45,03:49:44 22-Oct-2025,O3,A,40.9931,-70.5007,42.6142,-59.2560,40,,401677917,-127
260378,260378,UT,DS,1,0,1,,,07:48:14 22-Oct-2025,CS,B,41.2152,-70.6839,41.2152,-70.6839,8,,401677600,-131
260378,260378,UT,DS,3,0,3,229,50,08:06:01 22-Oct-2025,SR,A,44.5300,-58.9635,50.8607,-25.5066,40,,401677917,-124
260378,260378,UT,DS,3,0,3,225,54,09:31:06 22-Oct-2025,CS,Z,45.4348,-58.6664,45.4348,-58.6664,38,,401677718,-127
260378,260378,UT,DS,1,0,1,,,09:50:12 22-Oct-2025,SR,B,44.5224,-58.9756,44.5224,-58.9756,8,,401677843,-131
260378,260378,UT,DS,1,0,1,,,11:03:07 22-Oct-2025,CS,B,44.5690,-58.8051,44.5690,-58.8051,8,,401677624,-135
260378,260378,UT,DS,1,0,1,,,12:53:05 22-Oct-2025,MC,B,44.7824,-58.6920,44.7824,-58.6920,8,,401677456,-124
260378,260378,UT,DS,3,0,3,243,45,13:41:44 22-Oct-2025,MB,A,45.0723,-58.4927,45.0723,-58.4927,7,,401677682,-126
260378,260378,UT,DS,3,0,2,296,46,14:26:42 22-Oct-2025,MC,A,47.7286,-58.2789,50.0740,-70.2902,40,,401677718,-121
260378,260378,UT,DS,3,0,3,237,45,15:53:15 22-Oct-2025,O3,A,46.4552,-59.0106,42.8308,-38.6243,40,,401677917,-126
260378,260378,UT,DS,1,0,1,,,16:12:14 22-Oct-2025,MC,B,46.4428,-59.0152,42.8005,-38.6465,6,,401678083,-128
260378,260378,UT,DS,1,0,1,,,19:01:51 22-Oct-2025,CS,Z,46.0541,-59.1487,42.6438,-38.5948,1,,401677481,-130
260378,260378,UT,DS,1,0,1,,,20:14:18 22-Oct-2025,SR,B,46.3838,-59.0032,46.3838,-59.0032,1,,401678146,-133
260378,260378,UT,DS,2,0,2,452,452,20:45:00 22-Oct-2025,CS,B,42.5554,-66.9613,43.3938,-61.5976,,,401677917,-127
260378,260378,UT,DS,4,0,4,141,46,21:56:54 22-Oct-2025,SR,0,45.3226,-58.8811,42.4598,-43.8251,40,,401677705,-127
260378,260378,UT,DS,1,0,1,,,22:40:46 22-Oct-2025,MC,B,45.3224,-58.8806,45.3224,-58.8806,8,,401677702,-133
260378,260378,UT,DS,3,0,3,213,47,23:24:44 22-Oct-2025,MB,A,45.4585,-58.7724,45.4585,-58.7724,8,,401677682,-127
260378,260378,UT,DS,2,0,2,429,429,23:35:02 22-Oct-2025,SR,B,45.4549,-58.7788,45.4549,-58.7788,6,,401677739,-125
260378,260378,UT,DS,4,0,4,155,47,00:15:09 23-Oct-2025,MC,0,45.3217,-58.7985,45.3217,-58.7985,48,,401677719,-115
260378,260378,UT,DS,2,0,2,298,298,01:04:08 23-Oct-2025,MB,B,45.3290,-58.7840,45.3290,-58.7840,8,,401677723,-129
260378,260378,UT,DS,2,0,2,87,87,01:29:17 23-Oct-2025,O3,B,45.2119,-58.8755,45.2119,-58.8755,6,,401677743,-131
260378,260378,UT,DS,2,0,2,97,97,01:57:50 23-Oct-2025,MC,B,45.2349,-58.8887,45.2349,-58.8887,6,,401677773,-117
260378,260378,UT,DS,2,0,2,94,94,03:06:07 23-Oct-2025,O3,B,45.3094,-58.8321,45.3094,-58.8321,8,,401677750,-117
260378,260378,UT,DS,3,0,3,168,45,04:43:52 23-Oct-2025,O3,A,45.4144,-58.8209,45.4144,-58.8209,8,,401677690,-128
260378,260378,UT,DS,2,0,2,49,49,07:37:26 23-Oct-2025,SR,B,45.2593,-58.7586,45.2593,-58.7586,7,,401677757,-132
260378,260378,UT,DS,1,0,1,,,08:48:27 23-Oct-2025,CS,B,45.3093,-58.7032,45.3093,-58.7032,8,,401677703,-128
260378,260378,UT,DS,1,0,1,,,09:17:05 23-Oct-2025,SR,B,45.3136,-58.7027,45.3136,-58.7027,6,,401677713,-130
260378,260378,UT,DS,2,0,2,86,86,10:26:01 23-Oct-2025,CS,B,45.3482,-58.7730,45.3482,-58.7730,8,,401677720,-128
260378,260378,UT,DS,2,0,2,67,67,10:54:03 23-Oct-2025,SR,B,45.3596,-58.6837,45.3596,-58.6837,6,,401677709,-129
260378,260378,UT,DS,1,0,1,,,12:24:54 23-Oct-2025,MC,B,45.3910,-58.6830,45.3910,-58.6830,8,,401677707,-132
260378,260378,UT,DS,2,0,2,527,527,13:19:13 23-Oct-2025,MB,B,45.3686,-58.7349,45.3686,-58.7349,7,,401677721,-132
260378,260378,UT,DS,1,0,1,,,15:04:13 23-Oct-2025,O3,B,45.3989,-58.7757,45.3989,-58.7757,8,,401677707,-130
260378,260378,UT,DS,1,0,1,,,15:47:01 23-Oct-2025,MC,B,45.4068,-58.7969,45.4068,-58.7969,6,,401677728,-132
260378,260378,UT,DS,1,0,1,,,16:48:14 23-Oct-2025,O3,B,45.4116,-58.8140,45.4116,-58.8140,7,,401677729,-120
260378,260378,UT,DS,1,0,1,,,18:23:14 23-Oct-2025,O3,B,45.3758,-58.8028,45.3758,-58.8028,,,401677724,-132
260378,260378,UT,DS,1,0,1,,,18:23:14 23-Oct-2025,CS,B,45.3908,-58.8057,45.3908,-58.8057,8,,401677708,-137
260378,260378,UT,DS,1,0,1,,,19:59:39 23-Oct-2025,CS,B,45.3784,-58.8399,45.3784,-58.8399,8,,401677715,-132
260378,260378,UT,DS,2,0,2,45,45,21:19:34 23-Oct-2025,SR,B,45.2670,-58.7713,45.2670,-58.7713,8,,401677688,-126
260378,260378,UT,DS,2,0,2,45,45,21:39:47 23-Oct-2025,CS,B,45.3607,-58.3951,45.3607,-58.3951,6,,401677750,-127
260378,260378,UT,DS,1,0,1,,,22:14:50 23-Oct-2025,MC,B,45.3459,-58.3946,45.3459,-58.3946,7,,401677762,-130
260378,260378,UT,DS,2,0,2,437,437,23:05:39 23-Oct-2025,SR,B,45.3962,-58.6583,45.3962,-58.6583,,,401677728,-127
260378,260378,UT,DS,2,0,2,435,435,23:05:39 23-Oct-2025,MB,B,45.2697,-58.4967,45.2697,-58.4967,8,,401677722,-136
260378,260378,UT,DS,3,0,3,227,45,23:48:48 23-Oct-2025,MC,A,45.4894,-58.5482,45.4894,-58.5482,8,,401677689,-127
260378,260378,UT,DS,1,0,1,,,00:40:18 24-Oct-2025,SR,B,45.4571,-58.5872,45.4571,-58.5872,5,,401677757,-135
260378,260378,UT,DS,1,0,1,,,00:48:22 24-Oct-2025,MB,B,45.4030,-58.6032,45.4030,-58.6032,6,,401677692,-127
260378,260378,UT,DS,1,0,1,,,01:40:47 24-Oct-2025,MC,B,45.3919,-58.5886,45.3919,-58.5886,6,,401677713,-125
260378,260378,UT,DS,4,0,4,156,45,02:20:06 24-Oct-2025,O3,0,45.3879,-58.6448,45.3879,-58.6448,48,,401677710,-127
260378,260378,UT,DS,4,0,4,156,45,04:00:49 24-Oct-2025,O3,0,45.4165,-58.6188,45.4165,-58.6188,48,,401677704,-120
260378,260378,UT,DS,1,0,1,,,05:40:10 24-Oct-2025,O3,B,45.4162,-58.6288,45.4162,-58.6288,8,,401677713,-138
260378,260378,UT,DS,2,0,2,90,90,07:06:24 24-Oct-2025,SR,B,45.2350,-58.6048,45.2350,-58.6048,6,,401677747,-131
260378,260378,UT,DS,3,0,3,237,48,08:05:56 24-Oct-2025,CS,A,45.4918,-58.6198,45.4918,-58.6198,8,,401677728,-132
260378,260378,UT,DS,1,0,1,,,08:38:23 24-Oct-2025,SR,B,45.5150,-58.6231,45.5150,-58.6231,8,,401677689,-136
260378,260378,UT,DS,4,0,4,162,73,09:47:40 24-Oct-2025,CS,0,45.4096,-58.5380,45.4096,-58.5380,47,,401677708,-126
260378,260378,UT,DS,2,0,2,60,60,10:21:43 24-Oct-2025,SR,B,45.4210,-58.4453,45.4210,-58.4453,6,,401677730,-122
260378,260378,UT,DS,2,0,2,76,76,11:25:06 24-Oct-2025,CS,B,45.4569,-58.2876,45.4569,-58.2876,8,,401677742,-131
260378,260378,UT,DS,3,0,3,47,45,12:08:54 24-Oct-2025,MC,A,45.4314,-58.8299,35.1495,-5.6473,58,,401677741,-128
260378,260378,UT,DS,1,0,1,,,13:03:25 24-Oct-2025,MB,B,45.4405,-58.8271,45.4405,-58.8271,8,,401677761,-124
260378,260378,UT,DS,3,0,3,197,45,13:45:55 24-Oct-2025,MC,A,45.4770,-58.5483,45.4770,-58.5483,6,,401677739,-121
260378,260378,UT,DS,1,0,0,,,14:20:40 24-Oct-2025,O3,B,45.4795,-58.4902,45.4795,-58.4902,8,,401677725,-133
260378,260378,UT,DS,2,0,2,45,45,15:27:51 24-Oct-2025,MC,B,45.3419,-58.3792,45.3419,-58.3792,8,,401677736,-121
260378,260378,UT,DS,6,0,6,111,45,16:00:29 24-Oct-2025,O3,0,45.4335,-58.5555,45.4335,-58.5555,48,,401677712,-123
260378,260378,UT,DS,2,0,2,45,45,17:39:29 24-Oct-2025,O3,B,45.4975,-58.4423,45.4975,-58.4423,7,,401677752,-125
260378,260378,UT,DS,2,0,2,476,476,19:20:21 24-Oct-2025,CS,B,45.5327,-58.4579,45.5327,-58.4579,8,,401677722,-134
260378,260378,UT,DS,2,0,2,45,45,20:49:08 24-Oct-2025,SR,B,45.3915,-58.5806,45.3915,-58.5806,8,,401677687,-129
260378,260378,UT,DS,3,0,3,45,45,20:57:32 24-Oct-2025,CS,A,45.4707,-58.6587,45.4707,-58.6587,6,,401677663,-126
260378,260378,UT,DS,1,0,1,,,00:05:36 25-Oct-2025,SR,B,45.4410,-58.7439,45.4410,-58.7439,8,,401677662,-136
260378,260378,UT,DS,2,0,2,45,45,00:27:24 25-Oct-2025,MB,B,45.4749,-58.7441,45.4749,-58.7441,6,,401677640,-121
260378,260378,UT,DS,3,0,3,253,45,01:12:35 25-Oct-2025,MC,A,45.5057,-58.4334,45.5057,-58.4334,5,,401677709,-110
260378,260378,UT,DS,2,0,2,45,45,01:35:23 25-Oct-2025,O3,B,45.4296,-58.5919,45.4296,-58.5919,6,,401677712,-128
260378,260378,UT,DS,1,0,1,,,03:09:31 25-Oct-2025,O3,B,45.4383,-58.4244,45.4383,-58.4244,8,,401677715,-127
260378,260378,UT,DS,3,0,3,213,48,04:52:54 25-Oct-2025,O3,A,45.3311,-58.6008,45.3311,-58.6008,6,,401677764,-135
260378,260378,UT,DS,1,0,1,,,07:25:42 25-Oct-2025,CS,B,45.3671,-58.4814,45.3671,-58.4814,8,,401677664,-135
260378,260378,UT,DS,4,0,4,200,71,09:05:14 25-Oct-2025,CS,0,45.4809,-58.6101,45.4809,-58.6101,46,,401677707,-124
260378,260378,UT,DS,2,0,2,62,62,09:49:41 25-Oct-2025,SR,B,45.5384,-58.4720,45.5384,-58.4720,8,,401677715,-118
260378,260378,UT,DS,1,0,1,,,10:44:59 25-Oct-2025,CS,B,45.5645,-58.4090,45.5645,-58.4090,7,,401677729,-128
260378,260378,UT,DS,2,0,2,45,45,13:23:02 25-Oct-2025,MC,B,45.4636,-58.0895,45.4636,-58.0895,8,,401677673,-126
260378,260378,UT,DS,2,0,2,46,46,14:19:51 25-Oct-2025,MB,B,45.3534,-58.3679,45.3534,-58.3679,6,,401677716,-130
260378,260378,UT,DS,1,0,1,,,15:03:17 25-Oct-2025,MC,B,45.3362,-58.3677,45.3362,-58.3677,7,,401677733,-129
260378,260378,UT,DS,2,0,2,65,65,15:18:01 25-Oct-2025,O3,B,45.6843,-58.6573,45.6843,-58.6573,6,,401677731,-129
260378,260378,UT,DS,2,0,2,48,48,16:51:13 25-Oct-2025,O3,B,45.5597,-58.8099,45.5597,-58.8099,8,,401677658,-129
260378,260378,UT,DS,1,0,1,,,18:36:05 25-Oct-2025,CS,B,45.5066,-58.8512,45.5066,-58.8512,6,,401677720,-139
260378,260378,UT,DS,2,0,2,45,45,20:17:23 25-Oct-2025,CS,B,45.4305,-58.8823,45.4305,-58.8823,8,,401677689,-124
260378,260378,UT,DS,1,0,1,,,20:17:45 25-Oct-2025,SR,B,45.4312,-58.8768,45.4312,-58.8768,6,,401677728,-135
260378,260378,UT,DS,1,0,1,,,21:54:55 25-Oct-2025,CS,B,45.3619,-58.8613,45.3619,-58.8613,8,,401677680,-134
260378,260378,UT,DS,3,0,3,279,45,22:00:53 25-Oct-2025,SR,A,45.7392,-58.3169,45.7392,-58.3169,6,,401677724,-129
260378,260378,UT,DS,3,0,3,45,45,23:13:55 25-Oct-2025,MC,A,45.4731,-58.5546,45.4731,-58.5546,8,,401677696,-121
260378,260378,UT,DS,3,0,3,236,45,23:38:02 25-Oct-2025,SR,A,45.4206,-58.4213,45.4206,-58.4213,6,,401677693,-131
260378,260378,UT,DS,3,0,3,229,46,00:06:15 26-Oct-2025,MB,A,45.4679,-58.5528,45.4679,-58.5528,6,,401677703,-124
260378,260378,UT,DS,4,0,4,177,73,00:49:21 26-Oct-2025,MC,0,45.4448,-58.3571,45.4448,-58.3571,46,,401677722,-119
260378,260378,UT,DS,1,0,1,,,00:49:57 26-Oct-2025,O3,B,45.4490,-58.3427,45.4490,-58.3427,6,,401677739,-134
260378,260378,UT,DS,2,0,2,83,83,02:29:40 26-Oct-2025,O3,B,45.4178,-58.3495,45.4178,-58.3495,8,,401677759,-125
260378,260378,UT,DS,3,0,3,182,67,02:30:22 26-Oct-2025,MC,A,45.2946,-58.2950,45.2946,-58.2950,6,,401677790,-126
260378,260378,UT,DS,2,0,2,357,357,04:06:50 26-Oct-2025,O3,B,45.3421,-58.4524,45.3421,-58.4524,8,,401677768,-129
260378,260378,UT,DS,1,0,1,,,05:45:55 26-Oct-2025,O3,B,45.2965,-58.4379,45.2965,-58.4379,6,,401677806,-138
260378,260378,UT,DS,1,0,1,,,07:38:12 26-Oct-2025,SR,B,45.2837,-58.4611,45.2837,-58.4611,7,,401677832,-127
260378,260378,UT,DS,1,0,1,,,08:25:26 26-Oct-2025,CS,B,45.5065,-58.3898,45.5065,-58.3898,8,,401677700,-139
260378,260378,UT,DS,3,0,3,194,65,09:16:16 26-Oct-2025,SR,A,45.4162,-58.7322,45.4162,-58.7322,6,,401677704,-131
260378,260378,UT,DS,2,0,2,67,67,10:02:36 26-Oct-2025,CS,B,45.6100,-58.3858,45.6100,-58.3858,5,,401677775,-127
260378,260378,UT,DS,1,0,1,,,10:58:11 26-Oct-2025,SR,B,45.6337,-58.2909,45.6337,-58.2909,8,,401677656,-135
260378,260378,UT,DS,1,0,1,,,13:05:50 26-Oct-2025,MC,B,45.5670,-58.2421,45.5670,-58.2421,6,,401677732,-118
260378,260378,UT,DS,1,0,1,,,14:04:23 26-Oct-2025,MB,B,45.6084,-58.1733,45.6084,-58.1733,7,,401677757,-135
260378,260378,UT,DS,3,0,3,326,44,14:43:00 26-Oct-2025,MC,A,45.4387,-58.2151,49.3979,-80.2386,40,,401677707,-124
260378,260378,UT,DS,3,0,3,229,45,16:04:05 26-Oct-2025,O3,,,,,,,,401650000,
260378,260378,UT,DS,1,0,1,,,17:41:25 26-Oct-2025,O3,,,,,,,,401650000,
260378,260378,UT,DS,2,0,2,454,454,19:34:35 26-Oct-2025,CS,B,45.4272,-58.1922,45.4272,-58.1922,8,,401677722,-127
260378,260378,UT,DS,2,0,2,414,414,21:16:54 26-Oct-2025,CS,B,45.4371,-58.1522,45.4371,-58.1522,8,,401677722,-126
260378,260378,UT,DS,2,0,2,454,454,21:25:30 26-Oct-2025,SR,B,45.5207,-58.1163,45.5207,-58.1163,6,,401677722,-127
260378,260378,UT,DS,3,0,3,208,45,23:11:28 26-Oct-2025,SR,A,45.4297,-58.0716,45.4297,-58.0716,8,,401677699,-125
260378,260378,UT,DS,2,0,2,411,411,23:44:34 26-Oct-2025,MB,B,45.4911,-58.0254,45.4911,-58.0254,7,,401677711,-127
260378,260378,UT,DS,3,0,2,26,8,00:32:20 27-Oct-2025,MC,B,47.6813,-41.3201,42.7762,-66.9785,,,401677707,-111
260378,260378,UT,DS,2,0,2,88,88,01:40:12 27-Oct-2025,O3,,,,,,,,401650000,
260378,260378,UT,DS,2,0,2,44,44,02:13:14 27-Oct-2025,MC,B,45.4633,-57.9615,37.6550,-98.2478,,,401677707,-119
260378,260378,UT,DS,2,0,2,78,78,03:20:50 27-Oct-2025,O3,,,,,,,,401650000,
260378,260378,UT,DS,4,0,4,152,45,04:55:35 27-Oct-2025,O3,,,,,,,,401650000,
260378,260378,UT,DS,2,0,2,85,85,07:09:25 27-Oct-2025,SR,B,45.2735,-58.1516,45.2735,-58.1516,8,,401677758,-132
260378,260378,UT,DS,5,0,5,158,47,08:46:52 27-Oct-2025,SR,0,45.4247,-58.1283,45.4247,-58.1283,48,,401677733,-122
260378,260378,UT,DS,5,0,5,168,65,09:21:40 27-Oct-2025,CS,0,45.4405,-58.1183,45.4405,-58.1183,48,,401677723,-120
260378,260378,UT,DS,1,0,1,,,10:24:58 27-Oct-2025,SR,B,45.4575,-58.1171,45.4575,-58.1171,8,,401677704,-124
260378,260378,UT,DS,1,0,1,,,11:00:26 27-Oct-2025,CS,B,45.4468,-58.1187,45.4468,-58.1187,6,,401677723,-128
260378,260378,UT,DS,1,0,1,,,12:52:40 27-Oct-2025,MC,B,45.4657,-58.1060,45.4657,-58.1060,8,,401677708,-134
260378,260378,UT,DS,2,0,2,45,45,13:35:46 27-Oct-2025,MB,B,43.3512,-56.7925,46.0568,-64.4048,8,,401677733,-130
260378,260378,UT,DS,1,0,1,,,14:30:33 27-Oct-2025,MC,Z,45.8122,-64.6655,44.6238,-57.0221,4,,401677947,-118
260378,260378,UT,DS,1,0,1,,,16:09:18 27-Oct-2025,MC,B,46.3908,-64.0151,45.0158,-57.0338,8,,401677707,-130
260378,260378,UT,DS,1,0,1,,,16:59:30 27-Oct-2025,O3,Z,45.4011,-57.4263,46.8645,-63.3086,3,,401677915,-122
260378,260378,UT,DS,3,0,3,231,46,20:33:17 27-Oct-2025,CS,A,45.5359,-58.2183,45.5359,-58.2183,7,,401677704,-124
260378,260378,UT,DS,3,0,3,212,69,20:55:47 27-Oct-2025,SR,A,45.5966,-58.2063,45.5966,-58.2063,6,,401677763,-126
260378,260378,UT,DS,2,0,2,355,355,22:14:20 27-Oct-2025,CS,B,45.7019,-58.2289,45.7019,-58.2289,8,,401677635,-134
260378,260378,UT,DS,4,0,4,207,44,22:34:29 27-Oct-2025,SR,0,45.4588,-58.1082,45.4588,-58.1082,46,,401677716,-125
260378,260378,UT,DS,3,0,3,171,44,22:29:10 27-Oct-2025,MC,A,45.4543,-58.1320,45.4543,-58.1320,6,,401677726,-125
260378,260378,UT,DS,2,0,2,45,45,23:31:16 27-Oct-2025,MB,B,45.4203,-58.0232,45.4203,-58.0232,7,,401677735,-131
260378,260378,UT,DS,4,0,4,142,44,00:11:20 28-Oct-2025,MC,0,45.4905,-58.1527,45.4905,-58.1527,46,,401677707,-116
260378,260378,UT,DS,3,0,3,191,44,00:09:43 28-Oct-2025,SR,A,45.5555,-58.0381,45.5555,-58.0381,6,,401677754,-130
260378,260378,UT,DS,1,0,1,,,00:58:47 28-Oct-2025,O3,B,45.5816,-58.2290,45.5816,-58.2290,8,,401677679,-131
260378,260378,UT,DS,1,0,1,,,01:11:02 28-Oct-2025,MB,B,45.6080,-58.2587,45.6080,-58.2587,8,,401677687,-136
260378,260378,UT,DS,2,0,2,46,46,01:50:49 28-Oct-2025,MC,B,45.5751,-58.2421,45.5751,-58.2421,8,,401677642,-115
260378,260378,UT,DS,3,0,3,247,74,02:38:20 28-Oct-2025,O3,A,45.4371,-58.1603,49.0114,-37.1965,48,,401677716,-127
260378,260378,UT,DS,3,0,3,230,98,04:14:38 28-Oct-2025,O3,A,45.3888,-58.1888,45.3888,-58.1888,7,,401677741,-124
260378,260378,UT,DS,2,0,2,460,460,08:12:20 28-Oct-2025,SR,B,45.3825,-58.2637,45.3825,-58.2637,8,,401677749,-120
260378,260378,UT,DS,4,0,4,119,51,08:44:42 28-Oct-2025,CS,0,45.4704,-58.2370,45.4704,-58.2370,48,,401677718,-125
260378,260378,UT,DS,1,0,1,,,09:55:32 28-Oct-2025,SR,B,45.5002,-58.2404,45.5002,-58.2404,8,,401677687,-129
260378,260378,UT,DS,1,0,1,,,10:16:43 28-Oct-2025,CS,B,45.4889,-58.2507,45.4889,-58.2507,6,,401677709,-126
260378,260378,UT,DS,1,0,1,,,11:37:55 28-Oct-2025,MB,B,45.5344,-58.2341,45.5344,-58.2341,7,,401677734,-135
260378,260378,UT,DS,1,0,1,,,11:57:31 28-Oct-2025,CS,B,45.5265,-58.2275,45.5265,-58.2275,6,,401677711,-136
260378,260378,UT,DS,1,0,1,,,12:29:56 28-Oct-2025,MC,B,45.5397,-58.2275,45.5397,-58.2275,7,,401677720,-126
260378,260378,UT,DS,2,0,2,60,60,14:08:39 28-Oct-2025,MC,B,45.5606,-58.2200,45.5606,-58.2200,8,,401677731,-116
260378,260378,UT,DS,2,0,2,50,50,15:48:13 28-Oct-2025,MC,B,45.5942,-58.0359,45.5942,-58.0359,8,,401677745,-126
260378,260378,UT,DS,3,0,3,249,46,16:16:46 28-Oct-2025,O3,A,45.7337,-58.2376,45.7337,-58.2376,6,,401677723,-129
260378,260378,UT,DS,2,0,2,539,539,17:52:40 28-Oct-2025,O3,B,45.6511,-58.0635,45.6511,-58.0635,8,,401677732,-129
260378,260378,UT,DS,1,0,1,,,19:49:26 28-Oct-2025,CS,B,45.6472,-57.9641,45.6472,-57.9641,8,,401677704,-130
260378,260378,UT,DS,2,0,2,84,84,21:36:17 28-Oct-2025,CS,B,45.4746,-57.9324,45.4746,-57.9324,8,,401677713,-132
260378,260378,UT,DS,3,0,3,216,81,22:01:45 28-Oct-2025,SR,A,45.6104,-58.2142,45.6104,-58.2142,6,,401677722,-121
260378,260378,UT,DS,1,0,1,,,23:05:11 28-Oct-2025,MB,B,45.5831,-58.1699,45.5831,-58.1699,8,,401677728,-132
260378,260378,UT,DS,5,0,5,125,44,23:40:48 28-Oct-2025,SR,0,45.5408,-58.2178,45.5408,-58.2178,48,,401677693,-126
260378,260378,UT,DS,3,0,3,231,44,23:44:43 28-Oct-2025,MC,A,45.5448,-58.2221,45.5448,-58.2221,6,,401677713,-116
260378,260378,UT,DS,2,0,2,45,45,00:45:10 29-Oct-2025,MB,B,45.5260,-58.2249,45.5260,-58.2249,6,,401677739,-127
260378,260378,UT,DS,3,0,3,210,45,01:30:59 29-Oct-2025,MC,A,45.6063,-58.0795,45.6063,-58.0795,8,,401677698,-118
260378,260378,UT,DS,1,0,1,,,01:52:05 29-Oct-2025,O3,B,45.6070,-58.0811,45.6070,-58.0811,6,,401677710,-133
260378,260378,UT,DS,2,0,2,45,45,03:11:35 29-Oct-2025,MC,B,45.6211,-57.9479,45.6211,-57.9479,8,,401677696,-129
260378,260378,UT,DS,4,0,4,153,45,03:28:51 29-Oct-2025,O3,0,45.6218,-58.0818,45.6218,-58.0818,46,,401677704,-121
260378,260378,UT,DS,2,0,2,46,46,05:06:05 29-Oct-2025,O3,B,45.6229,-57.9926,45.6229,-57.9926,8,,401677690,-128
260378,260378,UT,DS,3,0,3,275,45,07:44:28 29-Oct-2025,SR,A,45.4223,-58.0662,45.4223,-58.0662,7,,401677740,-130
260378,260378,UT,DS,1,0,1,,,07:56:01 29-Oct-2025,CS,B,45.4468,-58.0780,45.4468,-58.0780,6,,401677651,-125
260378,260378,UT,DS,2,0,1,46,46,09:19:15 29-Oct-2025,SR,B,45.6027,-58.1538,45.6027,-58.1538,6,,401677705,-124
260378,260378,UT,DS,3,0,3,205,44,09:36:21 29-Oct-2025,CS,A,45.5227,-58.0212,45.5227,-58.0212,6,,401677719,-119
260378,260378,UT,DS,1,0,1,,,11:15:52 29-Oct-2025,CS,B,45.5485,-58.0206,45.5485,-58.0206,8,,401677732,-140
260378,260378,UT,DS,1,0,1,,,12:06:30 29-Oct-2025,MC,B,45.5639,-58.0192,45.5639,-58.0192,8,,401677730,-129
260378,260378,UT,DS,1,0,1,,,12:59:38 29-Oct-2025,MB,B,45.5555,-58.0080,45.5555,-58.0080,7,,401677748,-131
260378,260378,UT,DS,1,0,1,,,14:38:54 29-Oct-2025,MB,B,45.5713,-58.0389,45.5713,-58.0389,7,,401677773,-132
260378,260378,UT,DS,1,0,1,,,15:30:03 29-Oct-2025,MC,B,45.5682,-58.0976,45.5682,-58.0976,8,,401677714,-124
260378,260378,UT,DS,2,0,2,45,45,15:30:25 29-Oct-2025,O3,B,45.5914,-58.2556,45.5914,-58.2556,6,,401677763,-122
260378,260378,UT,DS,1,0,1,,,17:12:20 29-Oct-2025,O3,B,45.5943,-58.3069,45.5943,-58.3069,8,,401677734,-130
260378,260378,UT,DS,2,0,2,44,44,19:08:30 29-Oct-2025,CS,B,45.6053,-58.3608,45.6053,-58.3608,8,,401677683,-132
260378,260378,UT,DS,2,0,2,45,45,20:49:49 29-Oct-2025,CS,B,45.4629,-58.2909,45.4629,-58.2909,8,,401677684,-132
260378,260378,UT,DS,1,0,1,,,21:31:51 29-Oct-2025,SR,B,45.4374,-58.2902,45.4374,-58.2902,6,,401677719,-132
260378,260378,UT,DS,4,0,4,178,46,23:11:56 29-Oct-2025,SR,0,45.3528,-58.3524,45.3528,-58.3524,48,,401677702,-126
260378,260378,UT,DS,2,0,2,51,51,23:30:47 29-Oct-2025,MC,B,45.3308,-58.4391,45.3308,-58.4391,6,,401677743,-121
260378,260378,UT,DS,2,0,2,45,45,00:26:13 30-Oct-2025,MB,B,45.3534,-58.4740,45.3534,-58.4740,8,,401677745,-123
260378,260378,UT,DS,1,0,1,,,01:07:48 30-Oct-2025,O3,B,45.3415,-58.4660,45.3415,-58.4660,8,,401677696,-138
260378,260378,UT,DS,4,0,4,155,44,01:08:12 30-Oct-2025,MC,0,45.4135,-58.3754,45.4135,-58.3754,48,,401677711,-115
260378,260378,UT,DS,1,0,1,,,02:04:55 30-Oct-2025,MB,B,45.4086,-58.3658,45.4086,-58.3658,8,,401677717,-133
260378,260378,UT,DS,4,0,4,129,47,02:44:26 30-Oct-2025,O3,0,45.3874,-58.4655,45.3874,-58.4655,48,,401677710,-124
260378,260378,UT,DS,2,0,2,431,431,04:22:45 30-Oct-2025,O3,B,45.3284,-58.4839,45.3284,-58.4839,7,,401677739,-130
260378,260378,UT,DS,1,0,1,,,07:11:07 30-Oct-2025,SR,B,45.2645,-58.6083,45.2645,-58.6083,8,,401677754,-129
260378,260378,UT,DS,1,0,1,,,07:17:09 30-Oct-2025,CS,B,45.3811,-58.4198,45.3811,-58.4198,6,,401677719,-137
260378,260378,UT,DS,3,0,3,184,53,08:47:54 30-Oct-2025,SR,A,45.4401,-58.6309,45.4401,-58.6309,8,,401677714,-121
260378,260378,UT,DS,2,0,2,333,333,08:56:50 30-Oct-2025,CS,B,45.3913,-58.5772,45.3913,-58.5772,6,,401677731,-129
260378,260378,UT,DS,2,0,2,457,457,10:34:15 30-Oct-2025,CS,B,45.3926,-58.5889,45.3926,-58.5889,6,,401677712,-130
260378,260378,UT,DS,1,0,1,,,10:30:27 30-Oct-2025,SR,B,45.3886,-58.6903,45.3886,-58.6903,8,,401677743,-135
260378,260378,UT,DS,1,0,1,,,11:43:29 30-Oct-2025,MC,B,45.3827,-58.6674,45.3827,-58.6674,7,,401677738,-132
260378,260378,UT,DS,2,0,2,44,44,12:38:21 30-Oct-2025,MB,B,45.3782,-58.8439,45.3782,-58.8439,8,,401677738,-128
260378,260378,UT,DS,4,0,3,179,44,13:21:25 30-Oct-2025,MC,0,45.3151,-58.6536,45.3151,-58.6536,48,,401677707,-120
260378,260378,UT,DS,1,0,1,,,14:17:22 30-Oct-2025,MB,B,45.2851,-58.6377,45.2851,-58.6377,8,,401677714,-130
260378,260378,UT,DS,3,0,3,294,45,15:01:16 30-Oct-2025,MC,A,45.3224,-58.6834,50.8720,-88.3179,58,,401677716,-131
260378,260378,UT,DS,3,0,3,238,47,16:22:26 30-Oct-2025,O3,A,45.3880,-58.7725,45.3880,-58.7725,7,,401677724,-120
260378,260378,UT,DS,1,0,1,,,18:29:46 30-Oct-2025,CS,B,45.4001,-58.8080,45.4001,-58.8080,8,,401677689,-128
260378,260378,UT,DS,2,0,2,446,446,20:09:43 30-Oct-2025,CS,B,45.3823,-58.7287,45.3823,-58.7287,8,,401677706,-125
260378,260378,UT,DS,1,0,1,,,20:57:56 30-Oct-2025,SR,B,45.3211,-58.7394,45.3211,-58.7394,6,,401677747,-135
260378,260378,UT,DS,1,0,1,,,21:45:02 30-Oct-2025,CS,B,45.2856,-58.7351,45.2856,-58.7351,8,,401677718,-136
260378,260378,UT,DS,3,0,3,196,44,22:36:52 30-Oct-2025,SR,A,45.3804,-58.8395,45.3804,-58.8395,7,,401677731,-128
260378,260378,UT,DS,3,0,3,171,46,23:08:53 30-Oct-2025,MC,A,45.3419,-58.8753,45.3419,-58.8753,8,,401677666,-122
260378,260378,UT,DS,1,0,1,,,00:00:52 31-Oct-2025,MB,B,45.3366,-58.9088,45.3366,-58.9088,5,,401677730,-127
260378,260378,UT,DS,2,0,2,54,54,00:18:52 31-Oct-2025,SR,B,45.3144,-58.5881,45.3144,-58.5881,6,,401677764,-130
260378,260378,UT,DS,4,0,4,266,44,00:43:33 31-Oct-2025,MC,0,45.2800,-58.5595,45.2800,-58.5595,46,,401677716,-113
260378,260378,UT,DS,2,0,2,57,57,01:41:14 31-Oct-2025,MB,B,45.3546,-58.5940,45.3546,-58.5940,8,,401677715,-131
260378,260378,UT,DS,3,0,3,224,45,01:56:38 31-Oct-2025,O3,A,45.3244,-58.8981,45.3244,-58.8981,6,,401677687,-128
260378,260378,UT,DS,1,0,1,,,02:29:34 31-Oct-2025,MC,B,45.3253,-58.9122,45.3253,-58.9122,8,,401677651,-125
260378,260378,UT,DS,2,0,2,357,357,03:33:08 31-Oct-2025,O3,B,45.1760,-58.8576,45.1760,-58.8576,5,,401677724,-123
260378,260378,UT,DS,1,0,1,,,05:18:31 31-Oct-2025,O3,B,45.1245,-58.8648,45.1245,-58.8648,8,,401677743,-139
260378,260378,UT,DS,1,0,1,,,08:16:15 31-Oct-2025,CS,B,45.1363,-58.8490,45.1363,-58.8490,8,,401677732,-132
260378,260378,UT,DS,3,0,3,184,45,08:20:06 31-Oct-2025,SR,A,45.0538,-58.8183,45.0538,-58.8183,6,,401677758,-130
260378,260378,UT,DS,2,0,2,375,375,09:51:22 31-Oct-2025,CS,B,45.1471,-58.8660,45.1471,-58.8660,8,,401677727,-132
260378,260378,UT,DS,3,0,3,261,60,09:54:30 31-Oct-2025,SR,A,44.9180,-58.9549,44.9180,-58.9549,8,,401677747,-130
260378,260378,UT,DS,1,0,1,,,11:28:17 31-Oct-2025,CS,B,45.1035,-59.0068,45.1035,-59.0068,8,,401677714,-136
260378,260378,UT,DS,2,0,2,44,44,13:04:19 31-Oct-2025,MC,B,45.0160,-59.1888,45.0160,-59.1888,8,,401677714,-117
260378,260378,UT,DS,1,0,1,,,13:58:50 31-Oct-2025,MB,B,45.0086,-59.2131,,,8,,401677683,-126
260378,260378,UT,DS,2,0,2,46,46,14:40:39 31-Oct-2025,MC,B,44.9556,-59.3708,44.9556,-59.3708,8,,401677665,-122
260378,260378,UT,DS,1,0,1,,,15:33:08 31-Oct-2025,O3,B,44.8885,-59.4004,44.8885,-59.4004,5,,401677750,-132
260378,260378,UT,DS,1,0,1,,,16:21:43 31-Oct-2025,MC,B,44.8350,-59.3665,44.8350,-59.3665,8,,401677642,-132
260378,260378,UT,DS,1,0,1,,,17:16:29 31-Oct-2025,O3,B,44.9003,-59.3209,44.9003,-59.3209,7,,401677662,-128
260378,260378,UT,DS,3,0,3,46,45,19:30:09 31-Oct-2025,CS,A,44.8038,-59.2269,44.8038,-59.2269,6,,401677733,-122
260378,260378,UT,DS,2,0,2,470,470,21:07:15 31-Oct-2025,CS,B,44.7633,-59.1531,44.7633,-59.1531,8,,401677726,-130
260378,260378,UT,DS,3,0,3,260,65,22:07:57 31-Oct-2025,SR,A,44.7521,-59.4405,44.7521,-59.4405,8,,401677714,-120
260378,260378,UT,DS,1,0,1,,,22:53:03 31-Oct-2025,MC,B,44.7327,-59.4894,44.7327,-59.4894,8,,401677674,-125
260378,260378,UT,DS,2,0,2,45,45,23:43:00 31-Oct-2025,SR,B,44.7396,-59.4799,44.7396,-59.4799,8,,401677662,-130
260378,260378,UT,DS,3,0,2,225,103,00:29:26 01-Nov-2025,MC,A,44.9282,-57.9474,49.0572,-50.8698,40,,401677707,-120
260378,260378,UT,DS,1,0,1,,,01:25:09 01-Nov-2025,MB,B,44.8628,-57.9676,44.8628,-57.9676,8,,401677514,-133
260378,260378,UT,DS,1,0,1,,,02:13:40 01-Nov-2025,MC,B,44.8072,-57.9901,44.8072,-57.9901,8,,401677490,-132
260378,260378,UT,DS,2,0,2,69,69,02:47:44 01-Nov-2025,O3,B,44.8602,-58.0203,44.8602,-58.0203,5,,401677553,-121
260378,260378,UT,DS,1,0,1,,,04:29:47 01-Nov-2025,O3,B,44.8189,-58.0775,44.8189,-58.0775,8,,401677545,-131
260378,260378,UT,DS,2,0,2,55,55,07:35:59 01-Nov-2025,CS,B,44.9487,-58.8621,44.9487,-58.8621,5,,401677836,-139
260378,260378,UT,DS,2,0,2,394,394,07:46:30 01-Nov-2025,SR,B,44.8721,-59.2628,44.8721,-59.2628,6,,401677680,-132
260378,260378,UT,DS,2,0,2,45,45,09:15:27 01-Nov-2025,CS,B,44.8622,-59.4060,44.8622,-59.4060,6,,401677738,-124
260378,260378,UT,DS,4,0,4,137,45,09:21:39 01-Nov-2025,SR,0,44.6920,-59.2029,44.6920,-59.2029,46,,401677712,-128
260378,260378,UT,DS,1,0,1,,,10:48:21 01-Nov-2025,CS,B,44.6916,-59.3348,44.6916,-59.3348,8,,401677712,-129
260378,260378,UT,DS,1,0,1,,,11:07:39 01-Nov-2025,SR,B,44.6890,-59.3553,44.6890,-59.3553,6,,401677713,-131
260378,260378,UT,DS,3,0,3,263,47,12:39:56 01-Nov-2025,MC,A,44.8424,-59.4003,44.8424,-59.4003,6,,401677731,-129
260378,260378,UT,DS,1,0,1,,,13:40:20 01-Nov-2025,MB,B,44.6605,-59.5108,44.6605,-59.5108,8,,401677728,-133
260378,260378,UT,DS,1,0,1,,,14:24:27 01-Nov-2025,MC,B,44.6578,-59.4998,44.6578,-59.4998,8,,401677724,-115
260378,260378,UT,DS,1,0,1,,,16:03:21 01-Nov-2025,MC,B,44.6619,-59.4922,44.6619,-59.4922,8,,401677744,-129
260378,260378,UT,DS,2,0,2,46,46,16:32:22 01-Nov-2025,O3,B,44.6286,-59.5201,44.6286,-59.5201,6,,401677749,-115
260378,260378,UT,DS,3,0,3,176,45,18:08:54 01-Nov-2025,O3,A,44.6223,-59.4976,44.6223,-59.4976,8,,401677754,-132
260378,260378,UT,DS,3,0,3,204,48,18:47:46 01-Nov-2025,CS,A,44.5692,-59.5220,44.5692,-59.5220,8,,401677747,-130
260378,260378,UT,DS,2,0,2,46,46,20:24:35 01-Nov-2025,CS,B,44.5733,-59.6035,44.5733,-59.6035,8,,401677709,-117
260378,260378,UT,DS,5,0,5,122,45,21:41:29 01-Nov-2025,SR,0,44.4856,-59.5966,44.4856,-59.5966,48,,401677705,-120
260378,260378,UT,DS,2,0,2,365,365,22:05:21 01-Nov-2025,CS,B,44.4866,-59.5968,44.4866,-59.5968,6,,401677718,-136
260378,260378,UT,DS,2,0,2,45,45,23:13:35 01-Nov-2025,SR,B,44.4207,-59.6244,44.4207,-59.6244,8,,401677671,-126
260378,260378,UT,DS,2,0,2,509,509,23:20:32 01-Nov-2025,MB,B,44.4258,-59.5499,44.4258,-59.5499,6,,401677718,-132
260378,260378,UT,DS,1,0,1,,,00:07:48 02-Nov-2025,MC,B,44.4296,-59.5496,44.4296,-59.5496,8,,401677727,-117
260378,260378,UT,DS,1,0,1,,,00:53:52 02-Nov-2025,SR,B,44.4115,-59.5713,44.4115,-59.5713,8,,401677713,-137
260378,260378,UT,DS,1,0,1,,,01:48:42 02-Nov-2025,MC,B,44.3787,-59.5972,44.3787,-59.5972,8,,401677703,-119
260378,260378,UT,DS,1,0,1,,,02:02:52 02-Nov-2025,O3,B,44.3802,-59.5940,44.3802,-59.5940,6,,401677706,-128
260378,260378,UT,DS,3,0,3,231,45,03:42:52 02-Nov-2025,O3,A,44.3801,-59.6121,44.3801,-59.6121,8,,401677696,-121
260378,260378,UT,DS,2,0,2,47,47,07:19:22 02-Nov-2025,SR,B,44.0394,-59.6429,44.0394,-59.6429,7,,401677759,-135
260378,260378,UT,DS,3,0,3,222,63,08:30:55 02-Nov-2025,CS,A,44.2139,-59.7855,44.2139,-59.7855,8,,401677743,-125
260378,260378,UT,DS,1,0,1,,,08:54:57 02-Nov-2025,SR,B,44.1911,-59.7711,44.1911,-59.7711,6,,401677668,-139
260378,260378,UT,DS,1,0,1,,,10:10:02 02-Nov-2025,CS,B,44.1539,-59.8341,44.1539,-59.8341,6,,401677739,-124
260378,260378,UT,DS,2,0,2,45,45,10:36:01 02-Nov-2025,SR,B,44.0753,-59.6803,44.0753,-59.6803,6,,401677722,-129
260378,260378,UT,DS,2,0,2,299,299,12:22:30 02-Nov-2025,MC,B,44.0851,-59.8887,44.0851,-59.8887,6,,401677767,-128
260378,260378,UT,DS,1,0,1,,,13:16:09 02-Nov-2025,MB,B,44.0864,-59.9482,44.0864,-59.9482,8,,401677773,-133
260378,260378,UT,DS,4,0,4,90,46,14:06:39 02-Nov-2025,MC,0,43.9889,-60.0334,43.9889,-60.0334,48,,401677742,-115
260378,260378,UT,DS,2,0,2,270,270,14:56:47 02-Nov-2025,MB,B,43.9257,-59.8838,43.9257,-59.8838,8,,401677732,-134
260378,260378,UT,DS,8,0,8,57,45,15:39:51 02-Nov-2025,MC,2,43.9286,-59.8129,43.9286,-59.8129,58,,401677729,-126
260378,260378,UT,DS,8,0,8,51,45,15:46:02 02-Nov-2025,O3,3,43.9462,-59.8282,43.9462,-59.8282,56,,401677734,-127
260378,260378,UT,DS,5,0,5,90,90,17:23:21 02-Nov-2025,O3,3,43.9493,-59.8270,43.9493,-59.8270,58,,401677710,-127
260378,260378,UT,DS,3,0,3,193,45,09:26:57 04-Nov-2025,SR,A,43.9505,-59.8126,43.9505,-59.8126,,,401677685,-122
260378,260378,UT,DS,4,0,4,176,45,10:24:50 04-Nov-2025,CS,1,43.9516,-59.8195,43.9516,-59.8195,58,,401677692,-128
260378,260378,UT,DS,1,0,1,,,11:11:13 04-Nov-2025,SR,B,43.9444,-59.8142,43.9444,-59.8142,8,,401677697,-135
260378,260378,UT,DS,1,0,1,,,12:34:41 04-Nov-2025,MB,B,43.9484,-59.8175,43.9484,-59.8175,8,,401677695,-126
260378,260378,UT,DS,4,0,4,100,50,13:20:54 04-Nov-2025,MC,1,43.9631,-59.7849,43.9631,-59.7849,48,,401677697,-115
260378,260378,UT,DS,2,0,2,273,273,14:16:35 04-Nov-2025,MB,B,43.9568,-59.7882,43.9568,-59.7882,8,,401677697,-129
260378,260378,UT,DS,2,0,2,124,124,14:57:10 04-Nov-2025,MC,B,43.9584,-59.7805,43.9584,-59.7805,8,,401677701,-127
260378,260378,UT,DS,4,0,4,90,90,15:52:40 04-Nov-2025,O3,3,43.9570,-59.8008,43.9570,-59.8008,58,,401677694,-127
260378,260378,UT,DS,2,0,2,90,90,17:28:40 04-Nov-2025,O3,B,43.9615,-59.7917,43.9615,-59.7917,8,,401677693,-134
260378,260378,UT,DS,5,0,5,112,90,20:01:13 04-Nov-2025,CS,2,43.9545,-59.8077,43.9545,-59.8077,58,,401677686,-123
260378,260378,UT,DS,1,0,1,,,21:43:07 04-Nov-2025,CS,B,43.9642,-59.7966,43.9642,-59.7966,,,401677724,-127
260378,260378,UT,DS,1,0,1,,,21:43:07 04-Nov-2025,SR,B,43.9521,-59.8109,43.9521,-59.8109,8,,401677694,-125
260378,260378,UT,DS,2,0,2,54,54,00:42:58 05-Nov-2025,MC,B,44.1732,-59.8502,44.1732,-59.8502,8,,401677670,-119
260378,260378,UT,DS,2,0,2,55,55,02:29:22 05-Nov-2025,MC,B,44.0460,-59.5844,44.0460,-59.5844,8,,401677690,-129
260378,260378,UT,DS,2,0,2,427,427,03:03:00 05-Nov-2025,O3,B,44.1341,-59.7588,46.2518,-49.1444,8,,401677686,-131
260378,260378,UT,DS,1,0,1,,,04:41:08 05-Nov-2025,O3,B,44.1369,-59.7618,46.4593,-49.3428,8,,401677695,-130
260378,260378,UT,DS,1,0,1,,,07:23:27 05-Nov-2025,SR,B,44.1389,-59.7704,46.8692,-50.7725,1,,401677704,-136
260378,260378,UT,DS,1,0,1,,,08:06:15 05-Nov-2025,CS,B,44.1406,-59.7717,44.1406,-59.7717,1,,401677703,-130
260378,260378,UT,DS,2,0,2,45,45,10:36:48 05-Nov-2025,SR,B,44.1845,-59.6775,44.1845,-59.6775,8,,401677699,-125
260378,260378,UT,DS,2,0,2,70,70,11:23:42 05-Nov-2025,CS,B,44.1693,-59.6037,44.1693,-59.6037,6,,401677726,-134
260378,260378,UT,DS,1,0,1,,,13:56:05 05-Nov-2025,MB,B,44.1248,-59.5441,44.1248,-59.5441,8,,401677753,-132
260378,260378,UT,DS,2,0,2,48,48,14:43:40 05-Nov-2025,MC,B,44.1532,-59.6150,44.1532,-59.6150,8,,401677686,-116
260378,260378,UT,DS,1,0,1,,,15:08:43 05-Nov-2025,O3,B,44.1578,-59.6337,44.1578,-59.6337,6,,401677718,-125
260378,260378,UT,DS,1,0,1,,,16:43:18 05-Nov-2025,O3,B,44.1662,-59.6393,44.1662,-59.6393,8,,401677721,-124
260378,260378,UT,DS,2,0,2,55,55,19:22:00 05-Nov-2025,CS,B,44.0933,-59.6452,44.0933,-59.6452,7,,401677754,-125
260378,260378,UT,DS,1,0,1,,,20:54:23 05-Nov-2025,CS,B,44.0830,-59.6627,,,8,,401677726,-129
260378,260378,UT,DS,1,0,1,,,22:47:18 05-Nov-2025,MC,B,44.0829,-59.6845,44.0829,-59.6845,8,,401677740,-129
260378,260378,UT,DS,1,0,1,,,22:47:18 05-Nov-2025,SR,B,44.1109,-59.6252,44.1109,-59.6252,8,,401677713,-135
260378,260378,UT,DS,2,0,2,461,461,23:37:19 05-Nov-2025,MB,B,44.0906,-59.6804,44.0906,-59.6804,8,,401677727,-132
260378,260378,UT,DS,1,0,1,,,00:22:49 06-Nov-2025,MC,B,44.0968,-59.6822,44.0968,-59.6822,,,401677727,-122
260378,260378,UT,DS,1,0,1,,,00:22:49 06-Nov-2025,SR,B,44.0923,-59.6842,44.0923,-59.6842,8,,401677718,-133
260378,260378,UT,DS,1,0,1,,,02:08:44 06-Nov-2025,MC,B,44.0965,-59.6914,44.0965,-59.6914,8,,401677728,-119
260378,260378,UT,DS,2,0,2,346,346,02:18:45 06-Nov-2025,O3,B,44.1081,-59.7075,44.1081,-59.7075,6,,401677724,-131
260378,260378,UT,DS,1,0,1,,,03:53:40 06-Nov-2025,O3,B,44.1098,-59.7138,44.1098,-59.7138,8,,401677718,-129
260378,260378,UT,DS,1,0,1,,,06:49:57 06-Nov-2025,SR,B,44.1171,-59.7308,44.1171,-59.7308,8,,401677726,-133
260378,260378,UT,DS,3,0,3,225,45,08:28:59 06-Nov-2025,SR,A,44.0302,-59.7605,44.0302,-59.7605,8,,401677733,-125
260378,260378,UT,DS,3,0,3,213,62,09:02:38 06-Nov-2025,CS,A,44.0079,-59.7454,44.0079,-59.7454,8,,401677730,-125
260378,260378,UT,DS,6,0,6,114,48,10:01:53 06-Nov-2025,SR,3,43.9767,-59.7550,43.9767,-59.7550,58,,401677725,-128
260378,260378,UT,DS,3,0,3,96,64,10:42:21 06-Nov-2025,CS,A,43.9370,-59.7719,43.9370,-59.7719,8,,401677708,-127
260378,260378,UT,DS,4,0,4,120,90,12:35:51 06-Nov-2025,MC,2,43.9594,-59.7906,43.9594,-59.7906,58,,401677722,-122
260378,260378,UT,DS,1,0,1,,,13:35:51 06-Nov-2025,MB,B,43.9480,-59.7960,43.9480,-59.7960,8,,401677708,-132
260378,260378,UT,DS,5,0,5,112,90,14:16:21 06-Nov-2025,MC,1,43.9554,-59.8031,43.9554,-59.8031,48,,401677719,-119
260378,260378,UT,DS,3,0,3,233,46,00:07:42 07-Nov-2025,MC,A,43.9202,-59.7671,43.9202,-59.7671,8,,401677704,-116
260378,260378,UT,DS,1,0,1,,,01:02:00 07-Nov-2025,MB,B,43.9211,-59.7693,43.9211,-59.7693,7,,401677723,-133
260378,260378,UT,DS,1,0,1,,,01:38:40 07-Nov-2025,O3,B,43.9268,-59.7559,43.9268,-59.7559,8,,401677691,-135
260378,260378,UT,DS,3,0,3,278,48,01:39:27 07-Nov-2025,MC,A,43.9514,-59.6975,43.9514,-59.6975,6,,401677699,-119
260378,260378,UT,DS,1,0,1,,,04:47:43 07-Nov-2025,O3,B,43.9452,-59.7000,,,8,,401677710,-136
260378,260378,UT,DS,1,0,1,,,07:53:40 07-Nov-2025,SR,B,43.9274,-59.7031,43.9274,-59.7031,8,,401677701,-129
260378,260378,UT,DS,5,0,5,78,52,08:24:33 07-Nov-2025,CS,1,43.9258,-59.8496,43.9258,-59.8496,48,,401677693,-131
260378,260378,UT,DS,6,0,6,90,90,09:31:30 07-Nov-2025,SR,3,43.9337,-59.8497,43.9337,-59.8497,58,,401677693,-122
260378,260378,UT,DS,5,0,5,90,90,10:01:30 07-Nov-2025,CS,3,43.9333,-59.8539,43.9333,-59.8539,58,,401677695,-125
260378,260378,UT,DS,1,0,1,,,11:13:30 07-Nov-2025,SR,B,43.9297,-59.9069,43.9297,-59.9069,8,,401677690,-136
260378,260378,UT,DS,1,0,1,,,11:40:30 07-Nov-2025,CS,B,43.9218,-59.9098,43.9218,-59.9098,6,,401677707,-140
260378,260378,UT,DS,1,0,1,,,13:15:00 07-Nov-2025,MB,B,43.9412,-59.9854,43.9412,-59.9854,8,,401677692,-135
260378,260378,UT,DS,8,0,8,90,90,13:55:30 07-Nov-2025,MC,1,43.9343,-59.8588,43.9343,-59.8588,58,,401677692,-118
260378,260378,UT,DS,2,0,2,90,90,15:38:15 07-Nov-2025,MC,B,43.9400,-59.8523,43.9400,-59.8523,8,,401677702,-130
260378,260378,UT,DS,3,0,3,49,46,22:12:04 08-Nov-2025,CS,A,43.9232,-59.8123,,,,,401677687,-130
260378,260378,UT,DS,2,0,2,47,47,23:27:30 08-Nov-2025,MC,B,43.9392,-59.8162,43.9392,-59.8162,8,,401677677,-127
260378,260378,UT,DS,3,0,3,297,45,00:57:47 09-Nov-2025,MC,A,43.9963,-59.7090,43.9963,-59.7090,8,,401677688,-121
260378,260378,UT,DS,2,0,2,47,47,01:46:23 09-Nov-2025,O3,B,44.0016,-59.6808,44.0016,-59.6808,7,,401677705,-137
260378,260378,UT,DS,3,0,3,307,59,03:22:55 09-Nov-2025,O3,A,44.0308,-59.4572,44.0308,-59.4572,8,,401677693,-123
260378,260378,UT,DS,1,0,1,,,08:30:06 09-Nov-2025,SR,B,44.1934,-59.1612,44.1934,-59.1612,8,,401677732,-126
260378,260378,UT,DS,1,0,1,,,08:43:17 09-Nov-2025,CS,B,44.1744,-59.1770,44.1744,-59.1770,6,,401677763,-134
260378,260378,UT,DS,1,0,1,,,10:15:32 09-Nov-2025,CS,B,44.1734,-59.1794,44.1734,-59.1794,6,,401677804,-126
260378,260378,UT,DS,1,0,1,,,10:15:32 09-Nov-2025,SR,B,44.1302,-59.3611,44.1302,-59.3611,,,401677675,-133
260378,260378,UT,DS,2,0,2,46,46,14:09:56 09-Nov-2025,MB,B,44.1260,-59.4024,44.1260,-59.4024,8,,401677713,-127
260378,260378,UT,DS,1,0,1,,,14:59:08 09-Nov-2025,MC,B,44.2754,-59.4844,44.2754,-59.4844,8,,401677639,-119
260378,260378,UT,DS,2,0,2,45,45,17:03:49 09-Nov-2025,O3,B,44.4477,-59.4918,44.4477,-59.4918,6,,401677712,-120
260378,260378,UT,DS,3,0,3,206,45,19:54:17 09-Nov-2025,CS,A,44.4746,-59.5496,44.4746,-59.5496,8,,401677715,-131
260378,260378,UT,DS,1,0,1,,,20:44:01 09-Nov-2025,SR,B,44.5155,-59.5602,44.5155,-59.5602,8,,401677718,-134
260378,260378,UT,DS,1,0,1,,,21:28:24 09-Nov-2025,CS,B,44.5476,-59.5691,44.5476,-59.5691,8,,401677721,-134
260378,260378,UT,DS,3,0,3,210,64,22:20:16 09-Nov-2025,SR,A,44.5893,-59.6412,44.5893,-59.6412,8,,401677719,-122
260378,260378,UT,DS,4,0,4,173,66,23:00:22 09-Nov-2025,MC,0,44.5548,-59.5664,44.5548,-59.5664,48,,401677719,-124
260378,260378,UT,DS,2,0,2,327,327,00:00:44 10-Nov-2025,SR,B,44.5747,-59.6053,44.5747,-59.6053,8,,401677714,-126
260378,260378,UT,DS,1,0,1,,,00:04:46 10-Nov-2025,MB,B,44.5802,-59.5580,44.5802,-59.5580,8,,401677718,-136
260378,260378,UT,DS,2,0,2,375,375,00:47:38 10-Nov-2025,MC,B,44.5676,-59.5524,44.5676,-59.5524,8,,401677719,-118
260378,260378,UT,DS,4,0,4,152,45,02:21:15 10-Nov-2025,MC,0,44.5922,-59.5731,44.5922,-59.5731,48,,401677711,-122
260378,260378,UT,DS,5,0,5,116,45,04:11:45 10-Nov-2025,O3,1,44.5890,-59.5675,44.5890,-59.5675,48,,401677719,-119
260378,260378,UT,DS,1,0,1,,,07:58:35 10-Nov-2025,CS,B,44.6396,-59.5500,44.6396,-59.5500,8,,401677700,-132
260378,260378,UT,DS,2,0,2,397,397,08:01:54 10-Nov-2025,SR,B,44.6812,-59.5293,44.6812,-59.5293,6,,401677710,-131
260378,260378,UT,DS,1,0,1,,,09:34:40 10-Nov-2025,CS,B,44.6954,-59.5322,44.6954,-59.5322,8,,401677689,-122
260378,260378,UT,DS,3,0,3,281,66,09:35:13 10-Nov-2025,SR,A,44.8247,-59.5392,44.8247,-59.5392,6,,401677692,-125
260378,260378,UT,DS,1,0,1,,,11:15:20 10-Nov-2025,CS,B,44.8161,-59.5457,44.8161,-59.5457,6,,401677743,-132
260378,260378,UT,DS,1,0,1,,,12:10:22 10-Nov-2025,MB,B,44.8147,-59.5476,44.8147,-59.5476,8,,401677737,-132
260378,260378,UT,DS,2,0,2,73,73,13:50:52 10-Nov-2025,MB,B,44.7042,-59.5955,44.7042,-59.5955,8,,401677673,-128
260378,260378,UT,DS,2,0,2,75,75,14:40:30 10-Nov-2025,MC,B,44.8271,-59.6434,44.8271,-59.6434,5,,401677749,-120
260378,260378,UT,DS,1,0,1,,,16:10:16 10-Nov-2025,O3,B,44.8775,-59.6730,44.8775,-59.6730,8,,401677720,-133
260378,260378,UT,DS,1,0,1,,,17:54:56 10-Nov-2025,O3,B,44.8843,-59.7499,44.8843,-59.7499,6,,401677770,-128
260378,260378,UT,DS,2,0,2,48,48,19:12:22 10-Nov-2025,CS,B,44.6796,-59.5731,44.6796,-59.5731,8,,401677652,-124
260378,260378,UT,DS,4,0,4,184,47,21:48:55 10-Nov-2025,SR,1,44.6600,-59.4501,44.6600,-59.4501,46,,401677717,-122
260378,260378,UT,DS,1,0,1,,,22:39:46 10-Nov-2025,MC,B,44.6404,-59.4286,44.6404,-59.4286,8,,401677699,-131
260378,260378,UT,DS,1,0,1,,,23:27:10 10-Nov-2025,SR,B,44.6071,-59.4206,44.6071,-59.4206,6,,401677725,-126
260378,260378,UT,DS,3,0,3,232,45,23:37:57 10-Nov-2025,MB,A,44.6432,-59.4861,44.6432,-59.4861,6,,401677701,-125
260378,260378,UT,DS,3,0,3,262,51,00:16:14 11-Nov-2025,MC,A,44.5620,-59.5140,44.5620,-59.5140,7,,401677709,-115
260378,260378,UT,DS,1,0,1,,,01:16:06 11-Nov-2025,MB,B,44.5133,-59.5189,44.5133,-59.5189,6,,401677738,-125
260378,260378,UT,DS,2,0,2,47,47,01:51:48 11-Nov-2025,O3,B,44.5371,-59.4947,44.5371,-59.4947,8,,401677731,-129
260378,260378,UT,DS,2,0,2,46,46,02:04:55 11-Nov-2025,MC,B,44.5573,-59.5283,44.5573,-59.5283,8,,401677739,-120
260378,260378,UT,DS,2,0,2,48,48,03:23:06 11-Nov-2025,O3,B,44.5796,-59.5423,44.5796,-59.5423,8,,401677712,-128
260378,260378,UT,DS,2,0,2,375,375,05:08:05 11-Nov-2025,O3,B,44.5686,-59.5492,44.5686,-59.5492,8,,401677725,-126
260378,260378,UT,DS,2,0,2,318,318,07:28:22 11-Nov-2025,SR,B,44.5706,-59.5335,44.5706,-59.5335,8,,401677723,-130
260378,260378,UT,DS,4,0,4,229,73,08:54:11 11-Nov-2025,CS,2,44.5353,-59.5317,44.5353,-59.5317,58,,401677715,-122
260378,260378,UT,DS,6,0,6,158,71,09:01:39 11-Nov-2025,SR,0,44.5401,-59.5756,44.5401,-59.5756,46,,401677718,-119
260378,260378,UT,DS,1,0,1,,,10:36:38 11-Nov-2025,CS,B,44.5226,-59.5777,44.5226,-59.5777,8,,401677709,-131
260378,260378,UT,DS,2,0,2,416,416,10:44:24 11-Nov-2025,SR,B,44.5264,-59.5711,44.5264,-59.5711,6,,401677711,-130
260378,260378,UT,DS,3,0,3,297,45,12:32:29 11-Nov-2025,MC,A,44.4055,-59.6109,44.4055,-59.6109,8,,401677693,-131
260378,260378,UT,DS,1,0,1,,,13:32:27 11-Nov-2025,MB,B,44.3972,-59.5629,44.3972,-59.5629,8,,401677680,-125
260378,260378,UT,DS,1,0,1,,,14:16:44 11-Nov-2025,MC,B,44.3835,-59.6169,44.3835,-59.6169,8,,401677686,-119
260378,260378,UT,DS,3,0,3,278,63,15:30:40 11-Nov-2025,O3,A,44.3727,-59.6489,44.3727,-59.6489,8,,401677695,-124
260378,260378,UT,DS,1,0,1,,,15:56:48 11-Nov-2025,MC,B,44.3739,-59.6477,44.3739,-59.6477,6,,401677686,-124
260378,260378,UT,DS,2,0,2,46,46,18:31:48 11-Nov-2025,CS,B,44.3842,-59.6650,44.3842,-59.6650,8,,401677715,-130
260378,260378,UT,DS,2,0,2,46,46,20:08:11 11-Nov-2025,CS,B,44.4406,-59.7466,44.4406,-59.7466,8,,401677733,-126
260378,260378,UT,DS,1,0,1,,,21:15:46 11-Nov-2025,SR,B,44.4637,-59.7521,44.4637,-59.7521,8,,401677701,-130
260378,260378,UT,DS,2,0,2,545,545,21:48:21 11-Nov-2025,CS,B,44.4837,-59.6959,44.4837,-59.6959,6,,401677728,-133
260378,260378,UT,DS,3,0,3,174,45,22:54:17 11-Nov-2025,SR,A,44.5048,-59.7531,44.5048,-59.7531,8,,401677708,-121
260378,260378,UT,DS,2,0,2,46,46,23:18:03 11-Nov-2025,MB,B,44.5229,-59.7273,44.5229,-59.7273,6,,401677705,-134
260378,260378,UT,DS,1,0,1,,,23:57:02 11-Nov-2025,MC,B,44.5311,-59.7076,44.5311,-59.7076,7,,401677725,-127
260378,260378,UT,DS,1,0,1,,,00:35:25 12-Nov-2025,SR,B,44.5431,-59.7038,44.5431,-59.7038,8,,401677722,-132
260378,260378,UT,DS,1,0,1,,,00:56:45 12-Nov-2025,MB,B,44.5435,-59.7063,44.5435,-59.7063,6,,401677725,-122
260378,260378,UT,DS,1,0,1,,,01:45:06 12-Nov-2025,MC,B,44.5458,-59.7077,44.5458,-59.7077,8,,401677720,-122
260378,260378,UT,DS,2,0,2,65,65,02:43:48 12-Nov-2025,O3,B,44.5385,-59.7250,44.5385,-59.7250,7,,401677731,-121
260378,260378,UT,DS,1,0,1,,,03:24:11 12-Nov-2025,MC,B,44.5444,-59.7340,44.5444,-59.7340,8,,401677722,-133
260378,260378,UT,DS,4,0,4,177,67,04:23:19 12-Nov-2025,O3,0,44.5606,-59.7306,44.5606,-59.7306,48,,401677713,-120
260378,260378,UT,DS,1,0,1,,,07:00:44 12-Nov-2025,SR,B,44.5931,-59.7453,44.5931,-59.7453,8,,401677720,-137
260378,260378,UT,DS,2,0,2,72,72,08:17:31 12-Nov-2025,CS,B,44.7071,-59.7254,44.7071,-59.7254,7,,401677741,-128
260378,260378,UT,DS,2,0,2,57,57,09:51:48 12-Nov-2025,CS,B,44.6357,-59.6087,44.6357,-59.6087,6,,401677786,-118
260378,260378,UT,DS,2,0,2,45,45,12:14:40 12-Nov-2025,MC,B,44.8325,-59.6924,44.8325,-59.6924,8,,401677759,-124
260378,260378,UT,DS,4,0,3,221,47,13:50:13 12-Nov-2025,MC,B,44.7588,-60.1097,44.7588,-60.1097,8,,401677672,-116
260378,260378,UT,DS,1,0,1,,,14:43:46 12-Nov-2025,O3,B,44.5621,-59.9540,44.5621,-59.9540,8,,401677669,-130
260378,260378,UT,DS,1,0,1,,,15:33:44 12-Nov-2025,MC,B,44.5604,-59.9683,44.5604,-59.9683,8,,401677669,-131
260378,260378,UT,DS,1,0,1,,,18:01:02 12-Nov-2025,O3,B,44.5766,-59.9863,44.5766,-59.9863,8,,401677665,-131
260378,260378,UT,DS,4,0,4,228,45,19:27:59 12-Nov-2025,CS,0,44.5992,-59.8548,44.5992,-59.8548,46,,401677712,-132
260378,260378,UT,DS,1,0,1,,,21:00:35 12-Nov-2025,CS,B,44.6095,-59.8399,44.6095,-59.8399,8,,401677707,-141
260378,260378,UT,DS,3,0,3,256,49,22:25:01 12-Nov-2025,SR,A,44.6213,-59.8816,44.6213,-59.8816,8,,401677723,-122
260378,260378,UT,DS,2,0,2,46,46,23:00:34 12-Nov-2025,MB,B,44.5474,-59.7635,44.5474,-59.7635,7,,401677730,-130
260378,260378,UT,DS,4,0,4,146,45,23:37:46 12-Nov-2025,MC,0,44.5498,-59.8126,44.5498,-59.8126,48,,401677718,-124
260378,260378,UT,DS,2,0,2,46,46,00:06:48 13-Nov-2025,SR,B,44.5850,-59.7878,44.5850,-59.7878,6,,401677721,-130
260378,260378,UT,DS,1,0,1,,,00:37:17 13-Nov-2025,MB,B,44.5622,-59.7711,44.5622,-59.7711,8,,401677707,-133
260378,260378,UT,DS,2,0,2,325,325,01:56:16 13-Nov-2025,O3,B,44.5334,-59.7813,44.5334,-59.7813,7,,401677726,-131
260378,260378,UT,DS,1,0,1,,,03:03:05 13-Nov-2025,MC,B,44.5127,-59.7637,44.5127,-59.7637,8,,401677730,-133
260378,260378,UT,DS,3,0,3,175,47,03:35:28 13-Nov-2025,O3,A,44.5458,-59.7611,44.5458,-59.7611,8,,401677723,-121
260378,260378,UT,DS,2,0,2,45,45,05:17:08 13-Nov-2025,O3,B,44.5066,-59.7129,44.5066,-59.7129,8,,401677718,-131
260378,260378,UT,DS,3,0,3,190,65,08:02:29 13-Nov-2025,SR,A,44.5204,-59.9028,44.5204,-59.9028,8,,401677733,-134
260378,260378,UT,DS,3,0,3,216,80,09:12:07 13-Nov-2025,CS,A,44.5585,-59.9121,44.5585,-59.9121,8,,401677712,-122
260378,260378,UT,DS,1,0,1,,,10:50:39 13-Nov-2025,CS,B,44.5636,-59.9258,44.5636,-59.9258,8,,401677719,-126
260378,260378,UT,DS,1,0,1,,,13:39:59 13-Nov-2025,MC,B,44.5581,-59.9083,44.5581,-59.9083,8,,401677698,-122
260378,260378,UT,DS,1,0,1,,,14:36:08 13-Nov-2025,MB,B,44.5597,-59.9036,44.5597,-59.9036,7,,401677713,-130
260378,260378,UT,DS,1,0,1,,,15:10:50 13-Nov-2025,MC,B,44.5553,-59.8947,44.5553,-59.8947,8,,401677707,-134
260378,260378,UT,DS,2,0,2,46,46,15:33:51 13-Nov-2025,O3,B,44.4400,-59.8696,44.4400,-59.8696,6,,401677698,-134
260378,260378,UT,DS,2,0,2,44,44,17:18:29 13-Nov-2025,O3,B,44.5803,-59.6471,44.5803,-59.6471,8,,401677698,-125
260378,260378,UT,DS,1,0,1,,,18:42:24 13-Nov-2025,CS,B,44.6190,-59.5972,44.6190,-59.5972,8,,401677712,-139
260378,260378,UT,DS,1,0,1,,,18:52:46 13-Nov-2025,O3,B,44.6066,-59.6261,44.6066,-59.6261,6,,401677752,-137
260378,260378,UT,DS,2,0,2,45,45,20:19:51 13-Nov-2025,CS,B,44.6391,-59.5869,44.6391,-59.5869,8,,401677710,-138
260378,260378,UT,DS,2,0,2,497,497,21:51:55 13-Nov-2025,SR,B,44.7707,-59.7796,44.7707,-59.7796,7,,401677736,-126
260378,260378,UT,DS,2,0,2,45,45,22:05:42 13-Nov-2025,CS,B,44.5667,-59.6845,44.5667,-59.6845,6,,401677729,-135
260378,260378,UT,DS,2,0,2,47,47,23:23:38 13-Nov-2025,MC,B,44.5558,-59.6820,44.5558,-59.6820,8,,401677737,-122
260378,260378,UT,DS,2,0,2,47,47,23:32:25 13-Nov-2025,SR,B,44.5782,-59.6561,44.5782,-59.6561,6,,401677711,-125
260378,260378,UT,DS,1,0,1,,,00:18:59 14-Nov-2025,MB,B,44.6020,-59.6572,44.6020,-59.6572,8,,401677717,-135
260378,260378,UT,DS,2,0,2,63,63,00:57:56 14-Nov-2025,MC,B,44.6114,-59.6580,44.6114,-59.6580,8,,401677708,-116
260378,260378,UT,DS,1,0,1,,,02:47:15 14-Nov-2025,O3,B,44.6490,-59.6782,44.6490,-59.6782,8,,401677680,-128
260378,260378,UT,DS,2,0,2,467,467,04:29:58 14-Nov-2025,O3,B,44.6605,-59.6533,44.6605,-59.6533,8,,401677688,-128
260378,260378,UT,DS,3,0,3,219,45,07:34:05 14-Nov-2025,SR,A,44.4926,-59.6783,44.4926,-59.6783,8,,401677725,-131
260378,260378,UT,DS,3,0,3,211,45,08:28:43 14-Nov-2025,CS,A,44.5086,-59.6867,44.5086,-59.6867,8,,401677728,-125
260378,260378,UT,DS,3,0,3,186,44,09:08:00 14-Nov-2025,SR,A,44.4724,-59.6795,44.4724,-59.6795,8,,401677724,-131
260378,260378,UT,DS,1,0,1,,,10:06:38 14-Nov-2025,CS,B,44.4754,-59.6705,44.4754,-59.6705,8,,401677706,-134
260378,260378,UT,DS,2,0,2,69,69,10:48:34 14-Nov-2025,SR,B,44.5080,-59.6565,44.5080,-59.6565,8,,401677700,-132
260378,260378,UT,DS,1,0,1,,,12:29:43 14-Nov-2025,MB,B,44.4997,-59.6083,44.4997,-59.6083,6,,401677744,-134
260378,260378,UT,DS,2,0,2,47,47,13:16:48 14-Nov-2025,MC,B,44.4615,-59.6027,44.4615,-59.6027,8,,401677736,-115
260378,260378,UT,DS,1,0,1,,,14:14:24 14-Nov-2025,MB,B,44.4522,-59.5944,44.4522,-59.5944,8,,401677732,-126
260378,260378,UT,DS,2,0,2,89,89,14:52:57 14-Nov-2025,MC,B,44.4500,-59.5760,44.4500,-59.5760,8,,401677688,-126
260378,260378,UT,DS,3,0,3,44,44,14:53:42 14-Nov-2025,O3,A,44.3951,-59.7631,44.3951,-59.7631,6,,401677698,-130
260378,260378,UT,DS,2,0,2,45,45,16:31:55 14-Nov-2025,O3,B,44.4015,-59.7779,44.4015,-59.7779,8,,401677713,-122
260378,260378,UT,DS,1,0,1,,,16:32:18 14-Nov-2025,MC,B,44.4008,-59.7746,44.4008,-59.7746,6,,401677675,-132
260378,260378,UT,DS,1,0,1,,,18:11:54 14-Nov-2025,O3,B,44.3365,-59.7765,44.3365,-59.7765,7,,401677722,-131
260378,260378,UT,DS,2,0,2,45,45,19:39:42 14-Nov-2025,CS,B,44.3371,-59.7665,44.3371,-59.7665,8,,401677713,-126
260378,260378,UT,DS,1,0,1,,,21:21:00 14-Nov-2025,CS,B,44.2126,-59.7426,44.2126,-59.7426,,,401677697,-132
260378,260378,UT,DS,1,0,1,,,21:21:00 14-Nov-2025,SR,B,44.2609,-59.7782,44.2609,-59.7782,7,,401677748,-129
260378,260378,UT,DS,4,0,4,170,46,23:05:54 14-Nov-2025,SR,0,44.1694,-59.6876,44.1694,-59.6876,56,,401677718,-125
260378,260378,UT,DS,2,0,2,46,46,22:57:45 14-Nov-2025,MC,B,44.1672,-59.7344,44.1672,-59.7344,7,,401677726,-123
260378,260378,UT,DS,1,0,1,,,23:52:00 14-Nov-2025,MB,B,44.1433,-59.6691,44.1433,-59.6691,8,,401677720,-125
260378,260378,UT,DS,2,0,2,44,44,00:37:07 15-Nov-2025,MC,B,44.1092,-59.6507,44.1092,-59.6507,8,,401677716,-113
260378,260378,UT,DS,1,0,1,,,01:33:05 15-Nov-2025,MB,B,44.0787,-59.6453,44.0787,-59.6453,6,,401677741,-130
260378,260378,UT,DS,2,0,2,45,45,02:06:55 15-Nov-2025,O3,B,44.0426,-59.6408,44.0426,-59.6408,6,,401677753,-129
260378,260378,UT,DS,1,0,1,,,02:23:40 15-Nov-2025,MC,B,44.0292,-59.6571,44.0292,-59.6571,6,,401677733,-126
260378,260378,UT,DS,2,0,2,47,47,05:20:19 15-Nov-2025,O3,B,43.9092,-59.6546,43.9092,-59.6546,8,,401677768,-133
260378,260378,UT,DS,3,0,3,135,90,07:47:18 15-Nov-2025,CS,A,43.9725,-59.7643,43.9725,-59.7643,8,,401677717,-138
260378,260378,UT,DS,5,0,5,90,90,08:39:48 15-Nov-2025,SR,3,43.9801,-59.7583,43.9801,-59.7583,58,,401677712,-125
260378,260378,UT,DS,6,0,6,90,90,09:27:03 15-Nov-2025,CS,2,43.9801,-59.7491,43.9801,-59.7491,58,,401677712,-122
260378,260378,UT,DS,3,0,3,90,90,10:18:48 15-Nov-2025,SR,A,43.9819,-59.7516,43.9819,-59.7516,8,,401677716,-127
260378,260378,UT,DS,2,0,2,90,90,11:06:03 15-Nov-2025,CS,B,43.9762,-59.7539,43.9762,-59.7539,8,,401677719,-137
260378,260378,UT,DS,4,0,4,90,90,12:53:18 15-Nov-2025,MC,2,43.9857,-59.7681,43.9857,-59.7681,58,,401677705,-124
260378,260378,UT,DS,2,0,2,45,45,19:59:13 16-Nov-2025,CS,B,43.9625,-59.7974,43.9625,-59.7974,,,401677724,-119
260378,260378,UT,DS,1,0,1,,,20:17:32 16-Nov-2025,SR,B,43.9911,-59.7430,43.9911,-59.7430,6,,401677691,-135
260378,260378,UT,DS,1,0,1,,,21:36:29 16-Nov-2025,CS,B,43.9928,-59.7459,43.9928,-59.7459,8,,401677703,-132
260378,260378,UT,DS,3,0,3,201,49,21:59:42 16-Nov-2025,SR,A,44.0221,-59.7125,44.0221,-59.7125,6,,401677697,-126
260378,260378,UT,DS,1,0,1,,,23:19:04 16-Nov-2025,MB,B,44.0198,-59.7150,44.0198,-59.7150,8,,401677697,-135
260378,260378,UT,DS,3,0,3,172,61,23:36:13 16-Nov-2025,SR,A,44.0440,-59.6867,44.0440,-59.6867,6,,401677701,-129
260378,260378,UT,DS,4,0,4,218,51,23:52:31 16-Nov-2025,MC,1,44.0397,-59.6749,44.0397,-59.6749,56,,401677703,-117
260378,260378,UT,DS,1,0,1,,,00:50:21 17-Nov-2025,MB,B,44.0381,-59.6770,44.0381,-59.6770,8,,401677704,-131
260378,260378,UT,DS,1,0,1,,,01:33:15 17-Nov-2025,MC,B,44.0378,-59.6773,44.0378,-59.6773,8,,401677702,-129
260378,260378,UT,DS,3,0,3,139,50,02:12:23 17-Nov-2025,O3,A,44.0209,-59.7102,44.0209,-59.7102,8,,401677696,-130
260378,260378,UT,DS,9,0,9,70,45,03:50:21 17-Nov-2025,O3,3,43.9826,-59.7530,43.9826,-59.7530,58,,401677703,-123
260378,260378,UT,DS,3,0,3,180,180,07:36:06 17-Nov-2025,SR,A,43.9801,-59.7603,43.9801,-59.7603,8,,401677707,-136
260378,260378,UT,DS,3,0,3,135,90,08:01:36 17-Nov-2025,CS,A,43.9777,-59.7466,43.9777,-59.7466,6,,401677712,-138
260378,260378,UT,DS,8,0,8,90,90,09:09:06 17-Nov-2025,SR,1,43.9768,-59.7577,43.9768,-59.7577,58,,401677708,-121
260378,260378,UT,DS,5,0,5,167,46,09:42:47 17-Nov-2025,CS,1,43.9946,-59.7766,43.9946,-59.7766,58,,401677691,-120
260378,260378,UT,DS,2,0,2,47,47,10:54:40 17-Nov-2025,SR,B,44.0023,-59.7651,44.0023,-59.7651,8,,401677682,-129
260378,260378,UT,DS,2,0,2,45,45,11:18:44 17-Nov-2025,CS,B,43.9877,-59.7596,43.9877,-59.7596,6,,401677687,-132
260378,260378,UT,DS,8,0,8,55,44,12:12:16 17-Nov-2025,MC,1,43.9832,-59.7623,43.9832,-59.7623,58,,401677693,-126
260378,260378,UT,DS,2,0,2,644,644,00:29:01 18-Nov-2025,MB,B,43.9792,-59.7409,43.9792,-59.7409,,,401677696,-129
260378,260378,UT,DS,1,0,1,,,00:39:44 18-Nov-2025,SR,B,43.9718,-59.7503,43.9718,-59.7503,6,,401677701,-138
260378,260378,UT,DS,1,0,1,,,01:19:06 18-Nov-2025,MC,B,44.0371,-59.7257,44.0371,-59.7257,6,,401677733,-129
260378,260378,UT,DS,1,0,1,,,01:29:11 18-Nov-2025,O3,B,44.0346,-59.7292,44.0346,-59.7292,6,,401677741,-138
260378,260378,UT,DS,2,0,2,46,46,03:01:16 18-Nov-2025,O3,B,44.1501,-59.7219,44.1501,-59.7219,8,,401677692,-131
260378,260378,UT,DS,2,0,2,46,46,03:01:16 18-Nov-2025,MC,B,44.1001,-59.7550,44.1001,-59.7550,8,,401677698,-124
260378,260378,UT,DS,1,0,1,,,08:46:00 18-Nov-2025,SR,B,44.1653,-60.0025,,,7,,401677792,-129
260378,260378,UT,DS,2,0,2,544,544,09:00:52 18-Nov-2025,CS,B,44.1776,-60.1262,44.1776,-60.1262,6,,401677698,-129
260378,260378,UT,DS,1,0,1,,,10:18:07 18-Nov-2025,SR,B,44.2341,-60.1497,44.2341,-60.1497,7,,401677718,-132
260378,260378,UT,DS,2,0,2,68,68,10:43:14 18-Nov-2025,CS,B,44.3432,-60.1586,44.3432,-60.1586,6,,401677710,-128
260378,260378,UT,DS,1,0,1,,,12:53:32 18-Nov-2025,MB,B,44.4280,-60.2019,44.4280,-60.2019,7,,401677735,-131
260378,260378,UT,DS,1,0,1,,,13:34:12 18-Nov-2025,MC,B,44.3610,-60.1838,44.3610,-60.1838,8,,401677735,-116
260378,260378,UT,DS,3,0,3,251,45,14:23:21 18-Nov-2025,MB,A,44.4223,-60.3150,44.4223,-60.3150,8,,401677738,-131
260378,260378,UT,DS,1,0,1,,,15:05:57 18-Nov-2025,O3,B,44.4461,-60.3531,44.4461,-60.3531,8,,401677722,-127
260378,260378,UT,DS,2,0,2,45,45,15:15:50 18-Nov-2025,MC,B,44.4669,-60.3511,44.4669,-60.3511,6,,401677730,-116
260378,260378,UT,DS,3,0,3,177,45,16:44:08 18-Nov-2025,O3,A,44.4304,-60.3759,44.4304,-60.3759,8,,401677728,-121
260378,260378,UT,DS,1,0,1,,,18:22:21 18-Nov-2025,O3,B,44.4572,-60.4529,44.4572,-60.4529,8,,401677730,-134
260378,260378,UT,DS,2,0,2,285,285,18:35:31 18-Nov-2025,CS,B,44.4671,-60.4870,44.4671,-60.4870,6,,401677728,-138
260378,260378,UT,DS,1,0,1,,,20:17:36 18-Nov-2025,CS,B,44.5010,-60.5686,44.5010,-60.5686,8,,401677728,-122
260378,260378,UT,DS,1,0,1,,,20:53:55 18-Nov-2025,SR,B,44.5266,-60.5946,44.5266,-60.5946,8,,401677708,-132
260378,260378,UT,DS,3,0,3,211,45,21:55:37 18-Nov-2025,CS,A,44.5718,-60.5608,44.5718,-60.5608,8,,401677717,-131
260378,260378,UT,DS,2,0,2,419,419,22:34:29 18-Nov-2025,SR,B,44.5786,-60.5819,44.5786,-60.5819,7,,401677726,-128
260378,260378,UT,DS,3,0,3,171,46,23:12:46 18-Nov-2025,MC,A,44.5816,-60.5124,44.5816,-60.5124,8,,401677720,-120
260378,260378,UT,DS,2,0,2,448,448,00:10:05 19-Nov-2025,MB,B,44.5978,-60.5044,44.5978,-60.5044,,,401677722,-125
260378,260378,UT,DS,1,0,1,,,00:10:05 19-Nov-2025,SR,B,44.5983,-60.5039,44.5983,-60.5039,8,,401677725,-137
260378,260378,UT,DS,4,0,4,157,46,00:54:15 19-Nov-2025,MC,0,44.5909,-60.4979,44.5909,-60.4979,48,,401677719,-115
260378,260378,UT,DS,2,0,2,77,77,01:48:52 19-Nov-2025,MB,B,44.5697,-60.4881,44.5697,-60.4881,8,,401677725,-135
260378,260378,UT,DS,2,0,2,84,84,02:40:02 19-Nov-2025,MC,B,44.5898,-60.4910,44.5898,-60.4910,8,,401677719,-122
260378,260378,UT,DS,2,0,2,399,399,03:58:53 19-Nov-2025,O3,B,44.5976,-60.4986,44.5976,-60.4986,8,,401677720,-124
260378,260378,UT,DS,1,0,1,,,05:38:37 19-Nov-2025,O3,B,44.6040,-60.4935,44.6040,-60.4935,8,,401677714,-137
260378,260378,UT,DS,1,0,1,,,08:10:40 19-Nov-2025,SR,B,44.6200,-60.4878,44.6200,-60.4878,8,,401677720,-133
260378,260378,UT,DS,2,0,2,69,69,08:22:29 19-Nov-2025,CS,B,44.6199,-60.4991,44.6199,-60.4991,6,,401677722,-126
260378,260378,UT,DS,3,0,3,192,45,09:49:18 19-Nov-2025,SR,A,44.6760,-60.4768,44.6760,-60.4768,8,,401677716,-126
260378,260378,UT,DS,1,0,1,,,11:29:49 19-Nov-2025,SR,B,44.7002,-60.4636,44.7002,-60.4636,8,,401677705,-137
260378,260378,UT,DS,1,0,1,,,12:29:25 19-Nov-2025,MB,B,44.7323,-60.4506,44.7323,-60.4506,8,,401677692,-133
260378,260378,UT,DS,5,0,5,129,46,13:09:07 19-Nov-2025,MC,0,44.7095,-60.4243,,,48,,401677688,-121
260378,260378,UT,DS,4,0,4,160,46,14:03:25 19-Nov-2025,MB,0,44.7975,-60.3197,44.7975,-60.3197,47,,401677708,-123
260378,260378,UT,DS,3,0,3,46,45,14:50:06 19-Nov-2025,MC,A,44.7429,-60.3530,44.7429,-60.3530,8,,401677696,-116
260378,260378,UT,DS,1,0,1,,,15:47:19 19-Nov-2025,MB,B,44.7466,-60.3319,44.7466,-60.3319,8,,401677692,-135
260378,260378,UT,DS,2,0,2,330,330,15:58:48 19-Nov-2025,O3,B,44.7767,-60.3040,44.7767,-60.3040,6,,401677688,-130
260378,260378,UT,DS,2,0,2,45,45,17:35:49 19-Nov-2025,O3,B,44.7220,-60.4138,44.7220,-60.4138,8,,401677681,-126
260378,260378,UT,DS,2,0,2,48,48,22:00:55 19-Nov-2025,SR,B,44.7017,-60.4669,44.7017,-60.4669,8,,401677671,-122
260378,260378,UT,DS,2,0,2,51,51,22:56:47 19-Nov-2025,MC,B,44.7177,-60.4930,44.7177,-60.4930,6,,401677713,-124
260378,260378,UT,DS,2,0,2,85,85,23:39:28 19-Nov-2025,SR,B,44.6574,-60.5822,44.6574,-60.5822,8,,401677663,-126
260378,260378,UT,DS,2,0,2,336,336,23:46:51 19-Nov-2025,MB,B,44.6844,-60.5892,44.6844,-60.5892,6,,401677725,-131
260378,260378,UT,DS,3,0,3,179,48,00:30:54 20-Nov-2025,MC,A,44.7162,-60.5039,44.7162,-60.5039,8,,401677714,-122
260378,260378,UT,DS,3,0,3,203,45,02:15:03 20-Nov-2025,MC,A,44.6898,-60.5472,44.6898,-60.5472,8,,401677734,-122
260378,260378,UT,DS,2,0,2,315,315,03:14:45 20-Nov-2025,O3,B,44.6868,-60.5473,44.6868,-60.5473,8,,401677726,-119
260378,260378,UT,DS,3,0,3,182,65,04:50:32 20-Nov-2025,O3,A,44.6626,-60.5381,44.6626,-60.5381,8,,401677732,-129
260378,260378,UT,DS,2,0,2,301,301,07:41:22 20-Nov-2025,SR,B,44.6302,-60.5765,44.6302,-60.5765,8,,401677741,-132
260378,260378,UT,DS,4,0,4,156,45,09:14:52 20-Nov-2025,SR,0,44.6915,-60.6818,44.6915,-60.6818,48,,401677704,-137
260378,260378,UT,DS,3,0,3,252,59,10:55:39 20-Nov-2025,SR,A,44.6611,-60.6226,,,8,,401677721,-134
260378,260378,UT,DS,3,0,3,316,90,12:46:09 20-Nov-2025,MC,A,44.8517,-60.5865,44.8517,-60.5865,8,,401677700,-127
260378,260378,UT,DS,1,0,1,,,13:54:17 20-Nov-2025,MB,B,44.8851,-60.5837,44.8851,-60.5837,8,,401677717,-134
260378,260378,UT,DS,2,0,2,697,697,14:24:47 20-Nov-2025,MC,B,44.8649,-60.5284,44.8649,-60.5284,8,,401677717,-129
260378,260378,UT,DS,1,0,1,,,15:14:24 20-Nov-2025,O3,B,44.8489,-60.5090,44.8489,-60.5090,6,,401677759,-125
260378,260378,UT,DS,2,0,2,58,58,16:08:08 20-Nov-2025,MC,B,44.6694,-60.6248,44.6694,-60.6248,8,,401677685,-126
260378,260378,UT,DS,2,0,2,45,45,16:51:36 20-Nov-2025,O3,B,44.6789,-60.5425,44.6789,-60.5425,7,,401677696,-122
260378,260378,UT,DS,2,0,2,45,45,18:27:41 20-Nov-2025,O3,B,44.6199,-60.5234,44.6199,-60.5234,8,,401677711,-134
260378,260378,UT,DS,2,0,2,334,334,21:26:28 20-Nov-2025,SR,B,44.6002,-60.5701,44.6002,-60.5701,8,,401677685,-129
260378,260378,UT,DS,3,0,3,142,57,22:33:26 20-Nov-2025,MC,A,44.6636,-60.5575,44.6636,-60.5575,6,,401677736,-126
260378,260378,UT,DS,4,0,4,124,45,23:06:49 20-Nov-2025,SR,1,44.6846,-60.5667,44.6846,-60.5667,58,,401677726,-122
260378,260378,UT,DS,5,0,5,167,45,23:26:33 20-Nov-2025,MB,2,44.6897,-60.5623,44.6897,-60.5623,56,,401677729,-129
260378,260378,UT,DS,4,0,4,203,45,00:08:34 21-Nov-2025,MC,3,44.6825,-60.5689,44.6825,-60.5689,58,,401677727,-115
260378,260378,UT,DS,2,0,2,45,45,00:48:19 21-Nov-2025,SR,B,44.6875,-60.5847,44.6875,-60.5847,8,,401677724,-136
260378,260378,UT,DS,1,0,1,,,01:10:23 21-Nov-2025,MB,B,44.6856,-60.5852,44.6856,-60.5852,6,,401677722,-131
260378,260378,UT,DS,4,0,4,140,48,01:54:09 21-Nov-2025,MC,1,44.6862,-60.5627,44.6862,-60.5627,58,,401677727,-120
260378,260378,UT,DS,4,0,4,116,47,02:28:21 21-Nov-2025,O3,2,44.6870,-60.5580,44.6870,-60.5580,58,,401677725,-126
260378,260378,UT,DS,2,0,2,250,250,04:05:45 21-Nov-2025,O3,B,44.6935,-60.5427,44.6935,-60.5427,8,,401677723,-123
260378,260378,UT,DS,2,0,2,46,46,07:08:49 21-Nov-2025,SR,B,44.7098,-60.6054,44.7098,-60.6054,8,,401677707,-134
260378,260378,UT,DS,3,0,3,152,45,08:42:59 21-Nov-2025,SR,A,44.7599,-60.5697,44.7599,-60.5697,8,,401677728,-136
260378,260378,UT,DS,2,0,2,68,68,10:17:24 21-Nov-2025,CS,,,,,,,,401650000,
260378,260378,UT,DS,2,0,2,78,78,10:30:19 21-Nov-2025,SR,B,44.7388,-60.5495,44.7388,-60.5495,8,,401677715,-127
260378,260378,UT,DS,2,0,2,546,546,12:26:08 21-Nov-2025,MC,B,44.7528,-60.5927,44.7528,-60.5927,8,,401677708,-123
260378,260378,UT,DS,1,0,1,,,14:09:07 21-Nov-2025,MC,B,44.7648,-60.5924,44.7648,-60.5924,8,,401677704,-113
260378,260378,UT,DS,1,0,1,,,15:47:22 21-Nov-2025,MC,B,44.7745,-60.5951,44.7745,-60.5951,8,,401677708,-121
260378,260378,UT,DS,1,0,1,,,17:50:02 21-Nov-2025,O3,B,44.7781,-60.5889,44.7781,-60.5889,8,,401677715,-128
260378,260378,UT,DS,3,0,3,196,69,19:50:47 21-Nov-2025,CS,,,,,,,,401650000,
260378,260378,UT,DS,4,0,4,134,64,20:53:12 21-Nov-2025,SR,1,44.6865,-60.5748,44.6865,-60.5748,58,,401677727,-133
260378,260378,UT,DS,2,0,2,307,307,21:30:43 21-Nov-2025,CS,,,,,,,,401650000,
260378,260378,UT,DS,4,0,4,117,46,22:34:34 21-Nov-2025,SR,1,44.6781,-60.5713,44.6781,-60.5713,58,,401677728,-119
260378,260378,UT,DS,3,0,3,165,47,23:09:00 21-Nov-2025,MB,A,44.6758,-60.5591,44.6758,-60.5591,8,,401677727,-131
260378,260378,UT,DS,3,0,3,169,46,23:53:13 21-Nov-2025,MC,A,44.6640,-60.5546,44.6640,-60.5546,8,,401677724,-117
260378,260378,UT,DS,3,0,3,184,45,00:16:39 22-Nov-2025,SR,A,44.6574,-60.5400,44.6574,-60.5400,6,,401677730,-131
260378,260378,UT,DS,2,0,2,69,69,00:51:50 22-Nov-2025,MB,B,44.6511,-60.5361,44.6511,-60.5361,8,,401677728,-124
260378,260378,UT,DS,4,0,4,196,49,01:30:15 22-Nov-2025,MC,3,44.6508,-60.5313,44.6508,-60.5313,68,,401677727,-114
260378,260378,UT,DS,4,0,4,114,47,01:42:07 22-Nov-2025,O3,1,44.6508,-60.5244,44.6508,-60.5244,56,,401677728,-129
260378,260378,UT,DS,4,0,4,193,47,03:21:18 22-Nov-2025,O3,1,44.6469,-60.5286,44.6469,-60.5286,58,,401677727,-129
260378,260378,UT,DS,2,0,2,277,277,04:58:28 22-Nov-2025,O3,B,44.6425,-60.5175,44.6425,-60.5175,8,,401677728,-126
260378,260378,UT,DS,2,0,2,287,287,07:52:50 22-Nov-2025,CS,,,,,,,,401650000,
260378,260378,UT,DS,2,0,2,361,361,08:17:55 22-Nov-2025,SR,B,44.6678,-60.4962,44.6678,-60.4962,8,,401677742,-128
260378,260378,UT,DS,3,0,3,193,49,09:33:38 22-Nov-2025,CS,,,,,,,,401650000,
260378,260378,UT,DS,3,0,3,181,59,09:51:37 22-Nov-2025,SR,A,44.7484,-60.5481,44.7484,-60.5481,8,,401677717,-118
260378,260378,UT,DS,2,0,2,45,45,12:09:11 22-Nov-2025,MC,B,44.7915,-60.7066,44.7915,-60.7066,8,,401677696,-128
260378,260378,UT,DS,3,0,3,46,45,13:10:38 22-Nov-2025,MB,A,44.9272,-60.6663,44.9272,-60.6663,7,,401677710,-129
260378,260378,UT,DS,2,0,2,45,45,13:46:44 22-Nov-2025,MC,B,44.7981,-60.5015,44.7981,-60.5015,8,,401677699,-119
260378,260378,UT,DS,1,0,1,,,14:47:19 22-Nov-2025,MB,B,44.7668,-60.4261,44.7668,-60.4261,8,,401677707,-134
260378,260378,UT,DS,2,0,2,47,47,15:23:07 22-Nov-2025,O3,B,44.7995,-60.6362,44.7995,-60.6362,8,,401677695,-126
260378,260378,UT,DS,3,0,3,45,45,16:58:06 22-Nov-2025,O3,A,44.8233,-60.6956,44.8233,-60.6956,8,,401677690,-121
260378,260378,UT,DS,1,0,1,,,18:36:06 22-Nov-2025,O3,B,44.8293,-60.7582,44.8293,-60.7582,8,,401677662,-136
260378,260378,UT,DS,2,0,2,46,46,19:09:19 22-Nov-2025,CS,,,,,,,,401650000,
260378,260378,UT,DS,1,0,1,,,20:24:02 22-Nov-2025,SR,B,44.7847,-60.6039,,,6,,401677751,-134
260378,260378,UT,DS,2,0,2,63,63,20:47:54 22-Nov-2025,CS,,,,,,,,401650000,
260378,260378,UT,DS,1,0,1,,,21:59:39 22-Nov-2025,SR,B,44.7728,-60.6228,44.7728,-60.6228,8,,401677743,-135
260378,260378,UT,DS,6,0,6,125,45,00:25:47 23-Nov-2025,MB,1,44.6833,-60.5247,44.6833,-60.5247,58,,401677731,-124
260378,260378,UT,DS,5,0,5,162,47,01:10:47 23-Nov-2025,MC,2,44.6816,-60.5342,44.6816,-60.5342,58,,401677730,-115
260378,260378,UT,DS,5,0,5,144,46,02:34:31 23-Nov-2025,O3,2,44.6841,-60.5336,44.6841,-60.5336,58,,401677728,-122
260378,260378,UT,DS,4,0,4,124,86,02:55:36 23-Nov-2025,MC,0,44.6853,-60.5420,44.6853,-60.5420,46,,401677728,-122
260378,260378,UT,DS,4,0,4,115,46,04:13:53 23-Nov-2025,O3,2,44.6893,-60.5575,44.6893,-60.5575,58,,401677727,-122
260378,260378,UT,DS,1,0,1,,,07:47:38 23-Nov-2025,SR,B,44.6809,-60.5883,44.6809,-60.5883,8,,401677741,-127
260378,260378,UT,DS,3,0,3,321,302,08:48:43 23-Nov-2025,CS,,,,,,,,401650000,
260378,260378,UT,DS,2,0,2,373,373,09:21:20 23-Nov-2025,SR,B,44.6691,-60.5912,44.6691,-60.5912,8,,401677732,-126
260378,260378,UT,DS,1,0,1,,,10:34:40 23-Nov-2025,CS,,,,,,,,401650000,
260378,260378,UT,DS,3,0,3,244,76,11:00:14 23-Nov-2025,SR,A,44.6937,-60.5667,44.6937,-60.5667,8,,401677728,-131
260378,260378,UT,DS,1,0,1,,,12:42:51 23-Nov-2025,MB,B,44.7106,-60.5813,44.7106,-60.5813,8,,401677682,-127
260378,260378,UT,DS,1,0,1,,,13:35:41 23-Nov-2025,MC,B,44.7170,-60.5916,44.7170,-60.5916,7,,401677700,-133
260378,260378,UT,DS,3,0,3,46,46,15:07:37 23-Nov-2025,MC,A,44.7519,-60.5524,44.7519,-60.5524,8,,401677687,-118
260378,260378,UT,DS,1,0,1,,,16:20:21 23-Nov-2025,O3,B,44.7639,-60.5459,44.7639,-60.5459,7,,401677704,-130
260378,260378,UT,DS,1,0,1,,,17:49:42 23-Nov-2025,O3,B,44.7755,-60.5412,44.7755,-60.5412,8,,401677704,-134
260378,260378,UT,DS,1,0,1,,,18:26:05 23-Nov-2025,CS,B,44.7793,-60.5396,44.7793,-60.5396,8,,401677701,-138
260378,260378,UT,DS,1,0,1,,,20:03:31 23-Nov-2025,CS,B,44.7818,-60.5342,,,8,,401677717,-128
260378,260378,UT,DS,3,0,3,188,48,21:32:21 23-Nov-2025,SR,A,44.7021,-60.6353,44.7021,-60.6353,8,,401677727,-122
260378,260378,UT,DS,1,0,1,,,21:48:26 23-Nov-2025,CS,B,44.6993,-60.6399,44.6993,-60.6399,6,,401677723,-130
260378,260378,UT,DS,4,0,4,112,45,23:09:43 23-Nov-2025,SR,2,44.6830,-60.6049,44.6830,-60.6049,58,,401677728,-126
260378,260378,UT,DS,2,0,2,45,45,23:11:47 23-Nov-2025,MC,B,44.6769,-60.6157,44.6769,-60.6157,8,,401677730,-121
260378,260378,UT,DS,1,0,1,,,00:06:42 24-Nov-2025,MB,B,44.6667,-60.6221,44.6667,-60.6221,8,,401677730,-124
260378,260378,UT,DS,4,0,4,191,47,00:48:58 24-Nov-2025,MC,1,44.6663,-60.5816,44.6663,-60.5816,58,,401677729,-116
260378,260378,UT,DS,2,0,2,294,294,00:48:58 24-Nov-2025,SR,B,44.6668,-60.5794,44.6668,-60.5794,,,401677730,-135
260378,260378,UT,DS,2,0,2,336,336,01:49:57 24-Nov-2025,O3,B,44.6580,-60.5695,44.6580,-60.5695,6,,401677729,-131
260378,260378,UT,DS,1,0,1,,,01:47:09 24-Nov-2025,MB,B,44.6567,-60.5713,44.6567,-60.5713,8,,401677728,-132
260378,260378,UT,DS,3,0,3,166,45,02:29:55 24-Nov-2025,MC,A,44.6698,-60.5462,44.6698,-60.5462,8,,401677726,-121
260378,260378,UT,DS,1,0,1,,,03:27:16 24-Nov-2025,O3,B,44.6721,-60.5310,44.6721,-60.5310,8,,401677732,-121
260378,260378,UT,DS,1,0,1,,,05:04:49 24-Nov-2025,O3,B,44.6713,-60.5106,44.6713,-60.5106,8,,401677730,-126
260378,260378,UT,DS,2,0,2,253,253,07:16:17 24-Nov-2025,SR,B,44.7049,-60.4854,44.7049,-60.4854,8,,401677731,-133
260378,260378,UT,DS,2,0,2,255,255,08:14:39 24-Nov-2025,CS,B,44.7238,-60.5314,44.7238,-60.5314,8,,401677716,-128
260378,260378,UT,DS,3,0,3,178,74,08:47:56 24-Nov-2025,SR,A,44.7443,-60.5714,44.7443,-60.5714,8,,401677716,-130
260378,260378,UT,DS,10,0,10,70,45,09:51:56 24-Nov-2025,CS,1,44.7471,-60.5362,44.7471,-60.5362,48,,401677721,-118
260378,260378,UT,DS,2,0,2,49,49,10:35:36 24-Nov-2025,SR,B,44.7407,-60.5435,44.7407,-60.5435,8,,401677710,-130
260378,260378,UT,DS,4,0,4,131,45,11:29:20 24-Nov-2025,CS,1,44.8152,-60.5706,44.8152,-60.5706,57,,401677730,-133
260378,260378,UT,DS,1,0,1,,,12:20:14 24-Nov-2025,MB,B,44.8414,-60.5849,44.8414,-60.5849,8,,401677716,-131
260378,260378,UT,DS,6,0,6,93,45,13:06:31 24-Nov-2025,MC,0,44.7867,-60.6313,44.7867,-60.6313,48,,401677702,-121
260378,260378,UT,DS,3,0,3,45,45,14:07:32 24-Nov-2025,MB,A,44.8330,-60.6300,44.8330,-60.6300,7,,401677717,-125
260378,260378,UT,DS,4,0,4,121,46,00:20:52 25-Nov-2025,SR,1,44.6882,-60.5491,44.6882,-60.5491,60,,401677732,-130
260378,260378,UT,DS,7,0,5,105,5,00:28:51 25-Nov-2025,MC,0,43.8014,-60.5702,43.8013,-60.5702,40,,401677832,-117
260378,260378,UT,DS,2,0,2,45,45,01:06:10 25-Nov-2025,O3,Z,43.9754,-60.3881,43.9754,-60.3881,4,,401677958,-135
260378,260378,UT,DS,2,0,2,45,45,01:27:19 25-Nov-2025,MB,Z,44.4991,-60.5289,44.4991,-60.5289,8,,401677792,-129
260378,260378,UT,DS,4,0,4,207,45,02:08:44 25-Nov-2025,MC,3,44.6757,-60.5433,44.6757,-60.5433,60,,401677723,-121
260378,260378,UT,DS,4,0,4,112,45,02:41:27 25-Nov-2025,O3,2,44.6627,-60.5269,44.6627,-60.5269,58,,401677725,-122
260378,260378,UT,DS,1,0,1,,,07:30:21 25-Nov-2025,CS,B,44.6520,-60.4869,44.6520,-60.4869,8,,401677705,-137
260378,260378,UT,DS,3,0,3,165,45,08:18:12 25-Nov-2025,SR,A,44.7170,-60.5225,44.7170,-60.5225,8,,401677716,-132
260378,260378,UT,DS,3,0,3,182,48,09:10:32 25-Nov-2025,CS,A,44.7359,-60.5360,44.7359,-60.5360,8,,401677711,-124
260378,260378,UT,DS,5,0,5,136,45,09:59:05 25-Nov-2025,SR,3,44.7632,-60.5304,44.7632,-60.5304,58,,401677717,-116
260378,260378,UT,DS,2,0,2,45,45,10:47:44 25-Nov-2025,CS,B,44.7655,-60.4990,44.7655,-60.4990,8,,401677700,-125
260378,260378,UT,DS,1,0,1,,,12:03:10 25-Nov-2025,MB,B,44.7867,-60.4895,44.7867,-60.4895,8,,401677710,-133
260378,260378,UT,DS,3,0,3,209,50,12:42:10 25-Nov-2025,MC,A,44.8379,-60.5776,44.8379,-60.5776,6,,401677714,-132
260378,260378,UT,DS,1,0,1,,,13:46:05 25-Nov-2025,MB,B,44.8142,-60.5300,44.8142,-60.5300,8,,401677719,-131
260378,260378,UT,DS,2,0,2,507,507,14:25:48 25-Nov-2025,MC,B,44.8239,-60.5282,44.8239,-60.5282,8,,401677705,-124
260378,260378,UT,DS,1,0,1,,,16:08:04 25-Nov-2025,MC,B,44.8691,-60.6594,44.8691,-60.6594,8,,401677720,-121
260378,260378,UT,DS,1,0,1,,,16:19:59 25-Nov-2025,O3,B,44.8653,-60.6554,44.8653,-60.6554,6,,401677717,-131
260378,260378,UT,DS,1,0,1,,,17:57:53 25-Nov-2025,O3,B,44.8680,-60.6408,44.8680,-60.6408,8,,401677690,-132
260378,260378,UT,DS,2,0,2,47,47,18:45:22 25-Nov-2025,CS,B,44.8099,-60.5879,44.8099,-60.5879,8,,401677677,-130
260378,260378,UT,DS,2,0,2,46,46,20:21:39 25-Nov-2025,CS,B,44.7323,-60.5809,44.7323,-60.5809,7,,401677713,-121
260378,260378,UT,DS,2,0,2,47,47,20:30:14 25-Nov-2025,SR,B,44.7288,-60.6016,44.7288,-60.6016,6,,401677721,-135
260378,260378,UT,DS,2,0,2,446,446,22:07:03 25-Nov-2025,SR,B,44.7062,-60.6181,44.7062,-60.6181,6,,401677737,-116
260378,260378,UT,DS,1,0,1,,,22:04:06 25-Nov-2025,CS,B,44.7114,-60.6212,44.7114,-60.6212,8,,401677716,-135
260378,260378,UT,DS,5,0,4,155,6,00:10:55 26-Nov-2025,MC,0,44.2631,-59.9037,48.1329,-39.2310,40,,401677817,-117
260378,260378,UT,DS,2,0,2,305,305,01:06:34 26-Nov-2025,MB,B,44.6706,-60.5280,40.8317,-80.3706,,,401677715,-128
260378,260378,UT,DS,5,0,5,139,46,01:57:55 26-Nov-2025,O3,2,44.6414,-60.5171,44.6414,-60.5171,56,,401677728,-127
260378,260378,UT,DS,3,0,3,141,46,01:54:16 26-Nov-2025,MC,A,44.6404,-60.5318,44.6404,-60.5318,7,,401677731,-116
260378,260378,UT,DS,5,0,5,134,45,03:37:26 26-Nov-2025,O3,1,44.6375,-60.5080,44.6375,-60.5080,58,,401677728,-116
260378,260378,UT,DS,4,0,4,129,46,05:15:03 26-Nov-2025,O3,2,44.6381,-60.5452,44.6381,-60.5452,58,,401677726,-125
260378,260378,UT,DS,2,0,2,302,302,07:48:38 26-Nov-2025,SR,B,44.6290,-60.5997,44.6290,-60.5997,8,,401677738,-129
260378,260378,UT,DS,4,0,4,125,45,08:30:05 26-Nov-2025,CS,0,44.6962,-60.6032,44.6962,-60.6032,48,,401677714,-128
260378,260378,UT,DS,1,0,1,,,09:30:47 26-Nov-2025,SR,B,44.7203,-60.6127,44.7203,-60.6127,8,,401677720,-131
260378,260378,UT,DS,2,0,2,87,87,10:07:11 26-Nov-2025,CS,B,44.7394,-60.6106,44.7394,-60.6106,8,,401677712,-118
260378,260378,UT,DS,2,0,2,45,45,11:07:32 26-Nov-2025,SR,B,44.7760,-60.5781,44.7760,-60.5781,8,,401677702,-127
260378,260378,UT,DS,1,0,1,,,11:42:51 26-Nov-2025,CS,B,44.7830,-60.5781,44.7830,-60.5781,6,,401677732,-140
260378,260378,UT,DS,2,0,2,93,93,12:24:59 26-Nov-2025,MC,B,44.8053,-60.5887,44.8053,-60.5887,8,,401677689,-121
260378,260378,UT,DS,3,0,3,235,49,13:21:57 26-Nov-2025,MB,A,44.7746,-60.6863,44.7746,-60.6863,7,,401677691,-135
260378,260378,UT,DS,4,0,4,179,45,14:02:41 26-Nov-2025,MC,0,44.8484,-60.6991,44.8484,-60.6991,47,,401677710,-122
260378,260378,UT,DS,2,0,2,97,97,15:39:32 26-Nov-2025,O3,B,44.8202,-60.6681,44.8202,-60.6681,8,,401677731,-125
260378,260378,UT,DS,3,0,3,49,48,15:51:25 26-Nov-2025,MC,A,44.8613,-60.5923,44.8613,-60.5923,6,,401677746,-127
260378,260378,UT,DS,2,0,2,45,45,17:20:01 26-Nov-2025,O3,B,44.8381,-60.5893,44.8381,-60.5893,8,,401677715,-126
260378,260378,UT,DS,2,0,2,46,46,18:05:59 26-Nov-2025,CS,B,44.7869,-60.7635,44.7869,-60.7635,8,,401677685,-135
260378,260378,UT,DS,1,0,1,,,00:48:37 27-Nov-2025,MB,B,44.6355,-60.6917,44.6355,-60.6917,8,,401677681,-132
260378,260378,UT,DS,1,0,1,,,00:54:49 27-Nov-2025,SR,B,44.6198,-60.8309,44.6198,-60.8309,6,,401677680,-137
260378,260378,UT,DS,4,0,4,210,45,01:27:08 27-Nov-2025,MC,1,44.6050,-60.5563,41.4359,-76.5256,50,,401677731,-120
260378,260378,UT,DS,5,0,5,155,44,02:50:49 27-Nov-2025,O3,2,44.6145,-60.5530,44.6145,-60.5530,58,,401677730,-127
260378,260378,UT,DS,1,0,1,,,03:11:41 27-Nov-2025,MC,B,44.6144,-60.5530,44.6144,-60.5530,6,,401677729,-132
260378,260378,UT,DS,4,0,4,122,44,04:28:14 27-Nov-2025,O3,1,44.6205,-60.5407,44.6205,-60.5407,58,,401677726,-124
260378,260378,UT,DS,3,0,3,150,46,07:18:48 27-Nov-2025,SR,A,44.6111,-60.5295,44.6111,-60.5295,8,,401677739,-130
260378,260378,UT,DS,3,0,3,162,52,07:45:06 27-Nov-2025,CS,A,44.6172,-60.5717,44.6172,-60.5717,6,,401677727,-133
260378,260378,UT,DS,3,0,3,182,45,08:51:37 27-Nov-2025,SR,A,44.6544,-60.5925,44.6544,-60.5925,8,,401677723,-132
260378,260378,UT,DS,4,0,4,140,45,09:28:14 27-Nov-2025,CS,1,44.6586,-60.6105,,,58,,401677720,-124
260378,260378,UT,DS,2,0,2,472,472,10:33:04 27-Nov-2025,SR,B,44.6740,-60.6593,44.6740,-60.6593,8,,401677715,-129
260378,260378,UT,DS,2,0,2,47,47,11:02:39 27-Nov-2025,CS,B,44.6714,-60.6529,44.6714,-60.6529,6,,401677676,-134
260378,260378,UT,DS,2,0,2,89,89,12:07:58 27-Nov-2025,MC,B,44.6863,-60.6814,,,8,,401677696,-131
260378,260378,UT,DS,1,0,1,,,13:01:47 27-Nov-2025,MB,B,44.8196,-60.8325,44.8196,-60.8325,6,,401677744,-131
260378,260378,UT,DS,1,0,1,,,13:47:51 27-Nov-2025,MC,B,44.8289,-60.7629,44.8289,-60.7629,8,,401677676,-115
260378,260378,UT,DS,3,0,3,192,44,14:39:49 27-Nov-2025,MB,A,44.8789,-60.5652,44.8789,-60.5652,6,,401677722,-129
260378,260378,UT,DS,1,0,1,,,14:51:56 27-Nov-2025,O3,B,44.8791,-60.5653,44.8791,-60.5653,6,,401677719,-127
260378,260378,UT,DS,3,0,3,184,44,15:21:25 27-Nov-2025,MC,A,44.8761,-60.5729,44.8761,-60.5729,6,,401677730,-128
260378,260378,UT,DS,1,0,1,,,16:31:19 27-Nov-2025,O3,B,44.8963,-60.5158,44.8963,-60.5158,7,,401677747,-123
260378,260378,UT,DS,2,0,2,47,47,19:00:29 27-Nov-2025,CS,B,45.0040,-60.6344,45.0040,-60.6344,8,,401677669,-131
260378,260378,UT,DS,2,0,2,89,89,20:42:06 27-Nov-2025,CS,B,44.9223,-60.6230,44.9223,-60.6230,6,,401677716,-122
260378,260378,UT,DS,2,0,2,46,46,21:04:22 27-Nov-2025,SR,B,44.9018,-60.7323,44.9018,-60.7323,6,,401677704,-126
260378,260378,UT,DS,1,0,1,,,22:22:45 27-Nov-2025,CS,B,44.9211,-60.7079,44.9211,-60.7079,8,,401677714,-135
260378,260378,UT,DS,4,0,4,196,44,22:40:56 27-Nov-2025,SR,0,44.8689,-60.6163,44.8689,-60.6163,46,,401677711,-130
260378,260378,UT,DS,1,0,1,,,22:50:22 27-Nov-2025,MB,B,44.8602,-60.7850,44.8602,-60.7850,6,,401677678,-135
260378,260378,UT,DS,3,0,3,276,46,00:23:15 28-Nov-2025,MB,A,44.9151,-60.7610,44.9151,-60.7610,7,,401677704,-126
260378,260378,UT,DS,1,0,1,,,00:23:38 28-Nov-2025,SR,B,44.9124,-60.7686,44.9124,-60.7686,6,,401677699,-130
260378,260378,UT,DS,1,0,1,,,01:13:30 28-Nov-2025,MC,B,44.8759,-60.7414,44.8759,-60.7414,7,,401677706,-121
260378,260378,UT,DS,1,0,1,,,02:01:10 28-Nov-2025,O3,B,44.8803,-60.7316,44.8803,-60.7316,8,,401677690,-139
260378,260378,UT,DS,1,0,1,,,02:54:46 28-Nov-2025,MC,B,44.8866,-60.7190,44.8866,-60.7190,8,,401677692,-129
260378,260378,UT,DS,3,0,3,230,44,03:43:15 28-Nov-2025,O3,A,44.6909,-60.5583,44.6909,-60.5583,6,,401677730,-131
260378,260378,UT,DS,2,0,2,45,45,05:24:47 28-Nov-2025,O3,B,44.6585,-60.4771,44.6585,-60.4771,8,,401677723,-132
260378,260378,UT,DS,1,0,1,,,06:45:55 28-Nov-2025,SR,B,44.6587,-60.4789,44.6587,-60.4789,8,,401677726,-138
260378,260378,UT,DS,4,0,4,129,44,08:23:13 28-Nov-2025,SR,0,44.6071,-60.5195,44.6071,-60.5195,48,,401677729,-125
260378,260378,UT,DS,2,0,1,44,44,08:43:07 28-Nov-2025,CS,B,44.5975,-60.5062,44.5975,-60.5062,6,,401677729,-126
260378,260378,UT,DS,3,0,3,211,46,09:59:38 28-Nov-2025,SR,A,44.6013,-60.5556,44.6013,-60.5556,8,,401677732,-127
260378,260378,UT,DS,2,0,2,45,45,10:25:01 28-Nov-2025,CS,B,44.6069,-60.5565,44.6069,-60.5565,6,,401677718,-122
260378,260378,UT,DS,2,0,2,47,47,12:39:17 28-Nov-2025,MB,B,44.6277,-60.5751,44.6277,-60.5751,8,,401677686,-131
260378,260378,UT,DS,1,0,1,,,13:27:56 28-Nov-2025,MC,B,44.6117,-60.5855,44.6117,-60.5855,7,,401677700,-119
260378,260378,UT,DS,1,0,1,,,14:20:46 28-Nov-2025,MB,B,44.6022,-60.5941,44.6022,-60.5941,7,,401677714,-132
260378,260378,UT,DS,3,0,3,45,45,15:09:00 28-Nov-2025,MC,A,44.7494,-60.6427,44.7494,-60.6427,8,,401677711,-119
260378,260378,UT,DS,2,0,2,45,45,15:41:26 28-Nov-2025,O3,B,44.7380,-60.5668,44.7380,-60.5668,8,,401677679,-134
260378,260378,UT,DS,3,0,3,45,45,17:28:04 28-Nov-2025,O3,A,44.8101,-60.5312,44.8101,-60.5312,7,,401677713,-128
260378,260378,UT,DS,2,0,2,46,46,18:20:24 28-Nov-2025,CS,B,44.8027,-60.8032,44.8027,-60.8032,8,,401677681,-133
260378,260378,UT,DS,1,0,1,,,18:59:10 28-Nov-2025,O3,B,44.8063,-60.8564,44.8063,-60.8564,6,,401677701,-138
260378,260378,UT,DS,2,0,2,46,46,20:00:04 28-Nov-2025,CS,B,44.7211,-60.9108,44.7211,-60.9108,8,,401677659,-122
260378,260378,UT,DS,2,0,2,51,51,20:33:47 28-Nov-2025,SR,B,44.7094,-60.8610,44.7094,-60.8610,5,,401677722,-133
260378,260378,UT,DS,2,0,2,48,48,21:41:35 28-Nov-2025,CS,B,44.6859,-60.8839,44.6859,-60.8839,7,,401677742,-129
260378,260378,UT,DS,2,0,2,45,45,22:08:40 28-Nov-2025,SR,B,44.6552,-60.8484,44.6552,-60.8484,6,,401677732,-129
260378,260378,UT,DS,3,0,3,224,45,23:06:49 28-Nov-2025,MC,A,44.6741,-60.7181,44.6741,-60.7181,8,,401677719,-129
260378,260378,UT,DS,4,0,4,155,44,23:53:22 28-Nov-2025,SR,1,44.6444,-60.6922,44.6444,-60.6922,58,,401677727,-127
260378,260378,UT,DS,3,0,3,200,46,00:03:23 29-Nov-2025,MB,A,44.6514,-60.6897,44.6514,-60.6897,6,,401677725,-127
260378,260378,UT,DS,3,0,3,200,45,00:46:17 29-Nov-2025,MC,A,44.6401,-60.6794,44.6401,-60.6794,8,,401677727,-120
260378,260378,UT,DS,2,0,2,46,46,01:21:17 29-Nov-2025,O3,B,44.6122,-60.6877,44.6122,-60.6877,8,,401677733,-136
260378,260378,UT,DS,1,0,1,,,01:44:16 29-Nov-2025,MB,B,44.6068,-60.6885,44.6068,-60.6885,6,,401677730,-130
260378,260378,UT,DS,3,0,3,211,48,02:26:22 29-Nov-2025,MC,A,44.6092,-60.6472,44.6092,-60.6472,8,,401677734,-125
260378,260378,UT,DS,4,0,4,125,45,02:55:45 29-Nov-2025,O3,2,44.6279,-60.6551,44.6279,-60.6551,56,,401677731,-119
260378,260378,UT,DS,3,0,3,166,74,07:55:06 29-Nov-2025,SR,A,44.6240,-60.6585,44.6240,-60.6585,8,,401677722,-129
260378,260378,UT,DS,2,0,1,354,354,08:01:18 29-Nov-2025,CS,B,44.6219,-60.6546,44.6219,-60.6546,6,,401677691,-133
260378,260378,UT,DS,2,0,2,263,263,09:28:08 29-Nov-2025,SR,B,44.6144,-60.6293,44.6144,-60.6293,8,,401677730,-127
260378,260378,UT,DS,4,0,4,117,49,09:45:40 29-Nov-2025,CS,0,44.6110,-60.6713,44.6110,-60.6713,56,,401677723,-121
260378,260378,UT,DS,2,0,2,45,45,11:12:44 29-Nov-2025,SR,B,44.6113,-60.6584,44.6113,-60.6584,8,,401677724,-131
260378,260378,UT,DS,4,0,4,134,44,11:21:31 29-Nov-2025,CS,0,44.6120,-60.7189,44.6120,-60.7189,56,,401677716,-129
260378,260378,UT,DS,4,0,3,132,45,13:01:42 29-Nov-2025,MC,1,44.6624,-60.7499,44.6624,-60.7499,58,,401677713,-119
260378,260378,UT,DS,5,0,5,109,44,13:58:50 29-Nov-2025,MB,0,44.7272,-60.7521,44.7272,-60.7521,48,,401677714,-125
260378,260378,UT,DS,6,0,6,162,45,14:39:09 29-Nov-2025,MC,0,44.7420,-60.7645,44.7420,-60.7645,48,,401677713,-114
260378,260378,UT,DS,3,0,3,142,51,14:59:57 29-Nov-2025,O3,A,44.7248,-60.7727,44.7248,-60.7727,6,,401677712,-129
260378,260378,UT,DS,1,0,1,,,16:39:58 29-Nov-2025,O3,B,44.7535,-60.7816,44.7535,-60.7816,8,,401677721,-118
260378,260378,UT,DS,1,0,1,,,18:20:48 29-Nov-2025,O3,B,44.7830,-60.7820,44.7830,-60.7820,8,,401677727,-137
260378,260378,UT,DS,5,0,4,156,48,00:22:58 30-Nov-2025,MC,0,44.3363,-58.4295,46.2625,-48.4522,48,,401677910,-118
260378,260378,UT,DS,2,0,2,46,46,01:00:15 30-Nov-2025,SR,B,44.6185,-60.6827,57.2054,-132.3531,8,,401677713,-132
260378,260378,UT,DS,3,0,3,161,47,01:21:44 30-Nov-2025,MB,A,44.6537,-60.7315,44.6537,-60.7315,6,,401677713,-131
260378,260378,UT,DS,3,0,3,155,47,02:07:32 30-Nov-2025,MC,A,44.6465,-60.6721,44.6465,-60.6721,8,,401677722,-118
260378,260378,UT,DS,3,0,3,155,47,02:09:07 30-Nov-2025,O3,A,44.6436,-60.6716,44.6436,-60.6716,6,,401677721,-130
260378,260378,UT,DS,5,0,4,98,46,03:50:43 30-Nov-2025,O3,2,44.6284,-60.6634,44.6284,-60.6634,58,,401677724,-123
260378,260378,UT,DS,4,0,4,110,45,05:30:25 30-Nov-2025,O3,0,44.6109,-60.6828,44.6109,-60.6828,48,,401677730,-132
260378,260378,UT,DS,6,0,6,141,54,08:55:51 30-Nov-2025,SR,1,44.6369,-60.6768,44.6369,-60.6768,58,,401677717,-125
260378,260378,UT,DS,5,0,5,163,54,09:00:02 30-Nov-2025,CS,2,44.6216,-60.6720,44.6216,-60.6720,56,,401677717,-120
260378,260378,UT,DS,3,0,3,219,76,10:40:29 30-Nov-2025,CS,A,44.6441,-60.6897,44.6441,-60.6897,6,,401677719,-130
260378,260378,UT,DS,3,0,3,219,76,10:36:02 30-Nov-2025,SR,A,44.6298,-60.6783,44.6298,-60.6783,8,,401677718,-129
260378,260378,UT,DS,3,0,3,285,89,12:39:25 30-Nov-2025,MC,A,44.5995,-60.7621,44.5995,-60.7621,8,,401677706,-125
260378,260378,UT,DS,2,0,2,374,374,13:40:16 30-Nov-2025,MB,B,44.6095,-60.7590,44.6095,-60.7590,8,,401677706,-132
260378,260378,UT,DS,3,0,3,294,45,00:04:26 01-Dec-2025,MC,A,44.6493,-60.6690,44.6493,-60.6690,8,,401677719,-122
260378,260378,UT,DS,1,0,1,,,01:05:39 01-Dec-2025,MB,B,44.6410,-60.6647,44.6410,-60.6647,8,,401677713,-129
260378,260378,UT,DS,3,0,3,180,44,01:28:30 01-Dec-2025,O3,A,44.6511,-60.6657,44.6511,-60.6657,6,,401677719,-135
260378,260378,UT,DS,2,0,2,338,338,01:47:18 01-Dec-2025,MC,B,44.6311,-60.6477,44.6311,-60.6477,6,,401677725,-120
260378,260378,UT,DS,4,0,4,213,44,03:04:15 01-Dec-2025,O3,1,44.6144,-60.6401,44.6144,-60.6401,58,,401677725,-120
260378,260378,UT,DS,4,0,4,175,66,04:45:25 01-Dec-2025,O3,3,44.6094,-60.5958,44.6094,-60.5958,58,,401677725,-128
260378,260378,UT,DS,2,0,2,92,92,06:50:58 01-Dec-2025,SR,B,44.6025,-60.5752,,,8,,401677730,-133
260378,260378,UT,DS,6,0,6,113,46,08:18:27 01-Dec-2025,CS,2,44.6027,-60.5810,44.6027,-60.5810,58,,401677729,-128
260378,260378,UT,DS,5,0,5,90,44,08:30:44 01-Dec-2025,SR,1,44.6016,-60.5861,44.6016,-60.5861,56,,401677724,-122
260378,260378,UT,DS,5,0,5,161,45,09:58:23 01-Dec-2025,CS,1,44.6132,-60.5909,44.6132,-60.5909,48,,401677723,-121
260378,260378,UT,DS,4,0,4,116,46,10:08:37 01-Dec-2025,SR,1,44.6147,-60.5940,44.6147,-60.5940,58,,401677725,-120
260378,260378,UT,DS,2,0,2,47,47,11:35:58 01-Dec-2025,CS,B,44.6339,-60.6108,44.6339,-60.6108,8,,401677716,-132
260378,260378,UT,DS,2,0,2,45,45,12:23:22 01-Dec-2025,MC,B,44.6354,-60.5999,44.6354,-60.5999,8,,401677718,-122
260378,260378,UT,DS,1,0,1,,,13:21:34 01-Dec-2025,MB,B,44.6121,-60.6017,,,8,,401677722,-132
260378,260378,UT,DS,5,0,5,132,45,13:58:31 01-Dec-2025,MC,0,44.6026,-60.5666,,,58,,401677722,-116
260378,260378,UT,DS,3,0,3,213,47,15:06:15 01-Dec-2025,O3,A,44.6140,-60.6123,44.6140,-60.6123,6,,401677722,-128
260378,260378,UT,DS,2,0,2,47,47,15:04:00 01-Dec-2025,MB,B,44.6009,-60.5642,44.6009,-60.5642,8,,401677716,-130
260378,260378,UT,DS,3,0,3,295,45,00:39:53 02-Dec-2025,MB,A,44.5408,-60.6596,44.5408,-60.6596,8,,401677722,-129
260378,260378,UT,DS,2,0,2,350,350,01:25:41 02-Dec-2025,MC,B,44.5246,-60.6352,44.5246,-60.6352,8,,401677727,-121
260378,260378,UT,DS,4,0,4,139,44,02:21:44 02-Dec-2025,O3,1,44.5664,-60.6078,44.5664,-60.6078,58,,401677718,-127
260378,260378,UT,DS,1,0,1,,,03:07:26 02-Dec-2025,MC,B,44.5712,-60.5944,44.5712,-60.5944,8,,401677721,-130
260378,260378,UT,DS,2,0,2,404,404,03:56:06 02-Dec-2025,O3,B,44.5954,-60.5741,44.5954,-60.5741,8,,401677722,-120
260378,260378,UT,DS,1,0,1,,,05:36:13 02-Dec-2025,O3,B,44.6155,-60.5401,44.6155,-60.5401,8,,401677717,-138
260378,260378,UT,DS,3,0,3,168,46,07:56:35 02-Dec-2025,SR,A,44.5966,-60.5643,44.5966,-60.5643,8,,401677722,-125
260378,260378,UT,DS,6,0,6,119,44,09:33:46 02-Dec-2025,SR,2,44.6006,-60.5568,44.6006,-60.5568,58,,401677723,-119
260378,260378,UT,DS,3,0,3,155,45,11:15:02 02-Dec-2025,SR,A,44.6194,-60.4894,44.6194,-60.4894,8,,401677718,-132
260378,260378,UT,DS,3,0,3,172,45,11:58:05 02-Dec-2025,MC,A,44.6243,-60.4672,44.6243,-60.4672,7,,401677730,-132
260378,260378,UT,DS,9,0,9,67,45,12:58:04 02-Dec-2025,MB,3,44.5974,-60.4080,44.5974,-60.4080,57,,401677751,-122
260378,260378,UT,DS,4,0,4,210,45,00:19:36 03-Dec-2025,MB,0,44.6290,-60.5979,44.6290,-60.5979,48,,401677708,-125
260378,260378,UT,DS,5,0,4,156,45,01:03:06 03-Dec-2025,MC,1,44.6014,-60.5545,44.6014,-60.5545,58,,401677711,-114
260378,260378,UT,DS,2,0,2,45,45,01:03:06 03-Dec-2025,SR,B,44.6019,-60.5406,44.6019,-60.5406,,,401677725,-134
260378,260378,UT,DS,2,0,2,265,265,01:36:31 03-Dec-2025,O3,B,44.5929,-60.5887,44.5929,-60.5887,8,,401677710,-131
260378,260378,UT,DS,2,0,2,338,338,02:44:33 03-Dec-2025,MC,B,44.5733,-60.5561,44.5733,-60.5561,8,,401677721,-124
260378,260378,UT,DS,4,0,4,199,45,03:13:35 03-Dec-2025,O3,1,44.5989,-60.5860,44.5989,-60.5860,56,,401677711,-129
260378,260378,UT,DS,2,0,2,44,44,04:53:45 03-Dec-2025,O3,B,44.6087,-60.5756,44.6087,-60.5756,8,,401677723,-130
260378,260378,UT,DS,2,0,2,45,45,07:24:53 03-Dec-2025,SR,B,44.6100,-60.5942,44.6100,-60.5942,8,,401677723,-131
260378,260378,UT,DS,2,0,2,385,385,09:01:19 03-Dec-2025,SR,B,44.5884,-60.5863,44.5884,-60.5863,8,,401677723,-120
260378,260378,UT,DS,2,0,2,434,434,10:42:21 03-Dec-2025,SR,B,44.6144,-60.5918,44.6144,-60.5918,8,,401677733,-126
260378,260378,UT,DS,1,0,1,,,13:17:24 03-Dec-2025,MC,B,44.6172,-60.5804,44.6172,-60.5804,8,,401677711,-124
260378,260378,UT,DS,2,0,2,666,666,14:15:24 03-Dec-2025,MB,B,44.6188,-60.5799,44.6188,-60.5799,8,,401677714,-130
260378,260378,UT,DS,2,0,2,81,81,15:00:24 03-Dec-2025,MC,B,44.6636,-60.5648,44.6636,-60.5648,8,,401677714,-113
260378,260378,UT,DS,2,0,2,44,44,15:12:26 03-Dec-2025,O3,B,44.6598,-60.5710,44.6598,-60.5710,6,,401677710,-128
260378,260378,UT,DS,2,0,2,624,624,16:53:24 03-Dec-2025,O3,B,44.6835,-60.5422,44.6835,-60.5422,8,,401677717,-130
260378,260378,UT,DS,1,0,1,,,18:33:01 03-Dec-2025,O3,B,44.6828,-60.5416,44.6828,-60.5416,7,,401677749,-132
260378,260378,UT,DS,4,0,4,124,44,21:13:50 03-Dec-2025,SR,0,44.6147,-60.6449,44.6147,-60.6449,48,,401677708,-131
260378,260378,UT,DS,2,0,2,45,45,00:05:14 04-Dec-2025,MB,B,44.6226,-60.6676,44.6226,-60.6676,8,,401677715,-128
260378,260378,UT,DS,1,0,1,,,00:32:40 04-Dec-2025,SR,B,44.6238,-60.6679,44.6238,-60.6679,6,,401677704,-127
260378,260378,UT,DS,3,0,3,336,47,00:40:24 04-Dec-2025,MC,A,44.6280,-60.6028,44.6280,-60.6028,6,,401677708,-121
260378,260378,UT,DS,3,0,3,165,45,02:27:16 04-Dec-2025,MC,A,44.6433,-60.6481,44.6433,-60.6481,8,,401677704,-123
260378,260378,UT,DS,3,0,3,165,46,02:31:04 04-Dec-2025,O3,A,44.6428,-60.6313,44.6428,-60.6313,6,,401677710,-120
260378,260378,UT,DS,4,0,4,128,78,04:07:33 04-Dec-2025,O3,2,44.6457,-60.6350,44.6457,-60.6350,58,,401677707,-122
260378,260378,UT,DS,1,0,1,,,05:45:46 04-Dec-2025,O3,B,44.6490,-60.6503,44.6490,-60.6503,8,,401677702,-138
260378,260378,UT,DS,1,0,1,,,06:54:55 04-Dec-2025,SR,B,44.6507,-60.6567,44.6507,-60.6567,8,,401677708,-138
260378,260378,UT,DS,2,0,2,48,48,08:32:06 04-Dec-2025,SR,B,44.6295,-60.6418,44.6295,-60.6418,8,,401677713,-122
260378,260378,UT,DS,2,0,2,66,66,10:15:57 04-Dec-2025,SR,B,44.6411,-60.6371,44.6411,-60.6371,8,,401677711,-123
260378,260378,UT,DS,8,0,8,77,45,12:56:23 04-Dec-2025,MC,2,44.6513,-60.6513,44.6513,-60.6513,58,,401677725,-119
260378,260378,UT,DS,1,0,1,,,14:05:29 04-Dec-2025,MB,B,44.6535,-60.6566,44.6535,-60.6566,8,,401677715,-130
260378,260378,UT,DS,3,0,3,204,82,14:39:20 04-Dec-2025,MC,A,44.6522,-60.5534,44.6522,-60.5534,8,,401677714,-118
260378,260378,UT,DS,2,0,2,89,89,16:07:49 04-Dec-2025,O3,B,44.6204,-60.5412,44.6204,-60.5412,8,,401677700,-120
260378,260378,UT,DS,3,0,3,296,45,00:18:38 05-Dec-2025,MC,A,44.5800,-60.5158,44.5800,-60.5158,8,,401677714,-115
260378,260378,UT,DS,1,0,1,,,01:20:16 05-Dec-2025,MB,B,44.5712,-60.4920,44.5712,-60.4920,8,,401677713,-129
260378,260378,UT,DS,1,0,1,,,01:43:13 05-Dec-2025,O3,B,44.5719,-60.4944,44.5719,-60.4944,6,,401677710,-130
260378,260378,UT,DS,3,0,3,207,47,02:03:33 05-Dec-2025,MC,A,44.5814,-60.4826,44.5814,-60.4826,6,,401677709,-118
260378,260378,UT,DS,3,0,3,177,46,03:22:55 05-Dec-2025,O3,A,44.5787,-60.4907,44.5787,-60.4907,8,,401677711,-126
260378,260378,UT,DS,2,0,2,380,380,04:58:40 05-Dec-2025,O3,B,44.5676,-60.4697,44.5676,-60.4697,8,,401677714,-131
260378,260378,UT,DS,3,0,3,168,45,08:02:53 05-Dec-2025,SR,A,44.5883,-60.4932,44.5883,-60.4932,8,,401677704,-123
260378,260378,UT,DS,3,0,3,182,47,09:37:54 05-Dec-2025,SR,A,44.5918,-60.4927,44.5918,-60.4927,8,,401677706,-124
260378,260378,UT,DS,1,0,1,,,11:20:16 05-Dec-2025,SR,B,44.5873,-60.4784,44.5873,-60.4784,8,,401677700,-134
260378,260378,UT,DS,1,0,1,,,11:56:24 05-Dec-2025,MB,B,44.5748,-60.4736,44.5748,-60.4736,6,,401677718,-134
260378,260378,UT,DS,4,0,4,137,44,12:37:40 05-Dec-2025,MC,1,44.5388,-60.4186,44.5388,-60.4186,58,,401677722,-124
260378,260378,UT,DS,4,0,4,160,44,13:37:16 05-Dec-2025,MB,0,44.5282,-60.3769,44.5282,-60.3769,58,,401677709,-128
260378,260378,UT,DS,3,0,3,205,46,14:20:05 05-Dec-2025,MC,A,44.5300,-60.4085,44.5300,-60.4085,8,,401677714,-125
260378,260378,UT,DS,5,0,5,115,44,15:23:40 05-Dec-2025,O3,0,44.5076,-60.4204,44.5076,-60.4204,46,,401677706,-125
260378,260378,UT,DS,1,0,1,,,15:20:17 05-Dec-2025,MB,B,44.5335,-60.4311,44.5335,-60.4311,8,,401677710,-132
260378,260378,UT,DS,1,0,1,,,16:02:41 05-Dec-2025,MC,B,44.4970,-60.4074,44.4970,-60.4074,8,,401677718,-129
260378,260378,UT,DS,4,0,4,164,47,17:02:18 05-Dec-2025,O3,2,44.4689,-60.3826,44.4689,-60.3826,58,,401677710,-124
260378,260378,UT,DS,1,0,1,,,18:40:11 05-Dec-2025,O3,B,44.4365,-60.3484,44.4365,-60.3484,8,,401677718,-135
260378,260378,UT,DS,2,0,2,459,459,00:59:49 06-Dec-2025,MB,B,44.4615,-60.4959,44.4615,-60.4959,8,,401677712,-132
260378,260378,UT,DS,1,0,1,,,01:07:27 06-Dec-2025,SR,B,44.4721,-60.4930,44.4721,-60.4930,6,,401677706,-135
260378,260378,UT,DS,3,0,3,220,47,01:39:19 06-Dec-2025,MC,A,44.4927,-60.4829,44.4927,-60.4829,8,,401677711,-115
260378,260378,UT,DS,3,0,3,209,48,02:33:49 06-Dec-2025,O3,A,44.5003,-60.4708,44.5003,-60.4708,8,,401677709,-127
260378,260378,UT,DS,1,0,1,,,04:15:05 06-Dec-2025,O3,B,44.5065,-60.4487,44.5065,-60.4487,8,,401677712,-122
260378,260378,UT,DS,1,0,1,,,07:29:52 06-Dec-2025,SR,B,44.4996,-60.4444,44.4996,-60.4444,8,,401677702,-131
260378,260378,UT,DS,2,0,2,45,45,09:08:12 06-Dec-2025,SR,B,44.4961,-60.3749,44.4961,-60.3749,8,,401677717,-119
260378,260378,UT,DS,2,0,2,45,45,12:17:38 06-Dec-2025,MC,B,44.4523,-60.4477,44.4523,-60.4477,8,,401677714,-122
260378,260378,UT,DS,2,0,2,46,46,13:17:50 06-Dec-2025,MB,B,44.4858,-60.3932,44.4858,-60.3932,6,,401677741,-124
260378,260378,UT,DS,2,0,2,45,45,13:59:45 06-Dec-2025,MC,B,44.4625,-60.3638,44.4625,-60.3638,8,,401677708,-114
260378,260378,UT,DS,2,0,2,45,45,14:38:05 06-Dec-2025,O3,B,44.4512,-60.3237,44.4512,-60.3237,8,,401677710,-131
260378,260378,UT,DS,2,0,2,45,45,15:41:57 06-Dec-2025,MC,B,44.4527,-60.3220,44.4527,-60.3220,8,,401677721,-124
260378,260378,UT,DS,3,0,3,45,45,16:13:19 06-Dec-2025,O3,A,44.4018,-60.1768,44.4018,-60.1768,8,,401677701,-124
260378,260378,UT,DS,2,0,2,46,46,17:54:46 06-Dec-2025,O3,B,44.3403,-60.1214,44.3403,-60.1214,8,,401677700,-129
260378,260378,UT,DS,2,0,2,44,44,21:16:49 06-Dec-2025,SR,B,44.1847,-59.9490,44.1847,-59.9490,8,,401677663,-127
260378,260378,UT,DS,2,0,2,371,371,22:55:25 06-Dec-2025,SR,B,44.1479,-59.9454,44.1479,-59.9454,6,,401677731,-129
260378,260378,UT,DS,1,0,1,,,23:06:00 06-Dec-2025,MB,B,44.1590,-60.0128,44.1590,-60.0128,6,,401677745,-133
260378,260378,UT,DS,2,0,2,46,46,23:45:26 06-Dec-2025,MC,B,44.1275,-59.9751,44.1275,-59.9751,8,,401677752,-121
260378,260378,UT,DS,1,0,1,,,00:35:27 07-Dec-2025,SR,B,44.0956,-59.9335,44.0956,-59.9335,8,,401677758,-133
260378,260378,UT,DS,2,0,2,45,45,00:40:49 07-Dec-2025,MB,B,44.1043,-59.9450,44.1043,-59.9450,6,,401677755,-128
260378,260378,UT,DS,2,0,2,205,205,01:20:19 07-Dec-2025,MC,B,44.0783,-59.9194,44.0783,-59.9194,8,,401677742,-115
260378,260378,UT,DS,3,0,3,155,45,01:52:05 07-Dec-2025,O3,A,44.0369,-60.0685,44.0369,-60.0685,8,,401677729,-136
260378,260378,UT,DS,4,0,4,166,45,03:27:58 07-Dec-2025,O3,0,43.9626,-60.1142,43.9626,-60.1142,58,,401677719,-126
260378,260378,UT,DS,4,0,4,90,90,08:38:07 07-Dec-2025,SR,2,43.9558,-60.1222,43.9558,-60.1222,58,,401677701,-126
260378,260378,UT,DS,4,0,4,90,90,10:14:52 07-Dec-2025,SR,3,43.9554,-60.1133,43.9554,-60.1133,58,,401677707,-130
260378,260378,UT,DS,2,0,2,46,46,18:00:17 08-Dec-2025,O3,B,43.9714,-60.0548,43.9714,-60.0548,,,401677702,-126
260378,260378,UT,DS,4,0,4,156,46,21:56:47 08-Dec-2025,SR,0,44.0206,-60.2519,44.0206,-60.2519,48,,401677685,-130
260378,260378,UT,DS,2,0,2,45,45,23:03:55 08-Dec-2025,MC,B,44.0102,-60.2839,44.0102,-60.2839,8,,401677691,-126
260378,260378,UT,DS,3,0,3,232,46,23:37:01 08-Dec-2025,SR,A,44.0193,-60.3272,44.0193,-60.3272,8,,401677684,-126
260378,260378,UT,DS,2,0,2,45,45,23:56:30 08-Dec-2025,MB,B,44.0207,-60.3264,44.0207,-60.3264,6,,401677687,-126
260378,260378,UT,DS,2,0,2,46,46,00:41:24 09-Dec-2025,MC,B,44.0173,-60.3630,44.0173,-60.3630,8,,401677690,-116
260378,260378,UT,DS,1,0,1,,,01:57:38 09-Dec-2025,O3,B,44.0142,-60.4174,44.0142,-60.4174,8,,401677690,-134
260378,260378,UT,DS,3,0,3,215,46,02:17:55 09-Dec-2025,MC,A,44.0414,-60.4073,44.0414,-60.4073,6,,401677685,-125
260378,260378,UT,DS,2,0,2,46,46,03:34:47 09-Dec-2025,O3,B,44.0478,-60.4658,44.0478,-60.4658,8,,401677687,-118
260378,260378,UT,DS,1,0,1,,,05:18:25 09-Dec-2025,O3,B,44.0439,-60.4756,44.0439,-60.4756,8,,401677673,-132
260378,260378,UT,DS,1,0,1,,,07:32:16 09-Dec-2025,SR,B,44.0550,-60.5472,44.0550,-60.5472,8,,401677697,-139
260378,260378,UT,DS,3,0,3,63,47,09:13:47 09-Dec-2025,SR,A,44.1082,-60.6830,44.1082,-60.6830,8,,401677679,-123
260378,260378,UT,DS,2,0,2,45,45,10:51:24 09-Dec-2025,SR,B,44.1205,-60.7657,44.1205,-60.7657,8,,401677670,-133
260378,260378,UT,DS,1,0,1,,,12:12:14 09-Dec-2025,MB,B,44.1869,-60.6855,44.1869,-60.6855,6,,401677695,-131
260378,260378,UT,DS,2,0,2,48,48,12:57:38 09-Dec-2025,MC,B,44.1982,-60.7323,44.1982,-60.7323,8,,401677703,-117
260378,260378,UT,DS,2,0,2,49,49,13:53:52 09-Dec-2025,MB,B,44.1783,-60.7793,44.1783,-60.7793,8,,401677672,-126
260378,260378,UT,DS,4,0,4,177,45,14:31:23 09-Dec-2025,MC,1,44.1720,-60.6076,44.1720,-60.6076,46,,401677683,-131
260378,260378,UT,DS,5,0,5,139,45,15:38:07 09-Dec-2025,O3,1,44.1665,-60.6405,44.1665,-60.6405,48,,401677689,-126
260378,260378,UT,DS,2,0,2,431,431,16:13:19 09-Dec-2025,MC,B,44.1943,-60.6621,44.1943,-60.6621,8,,401677717,-132
260378,260378,UT,DS,3,0,3,47,47,17:15:05 09-Dec-2025,O3,A,44.1879,-60.6236,44.1879,-60.6236,8,,401677690,-120
260378,260378,UT,DS,1,0,1,,,18:55:45 09-Dec-2025,O3,B,44.1749,-60.5878,44.1749,-60.5878,8,,401677702,-135
260378,260378,UT,DS,5,0,5,141,45,21:27:44 09-Dec-2025,SR,1,44.1545,-60.6478,44.1545,-60.6478,58,,401677691,-131
260378,260378,UT,DS,5,0,5,134,45,00:17:20 10-Dec-2025,MC,0,44.1787,-60.6430,44.1787,-60.6430,48,,401677691,-120
260378,260378,UT,DS,2,0,2,91,91,00:39:29 10-Dec-2025,SR,B,44.1556,-60.6294,44.1556,-60.6294,6,,401677693,-131
260378,260378,UT,DS,1,0,1,,,01:15:01 10-Dec-2025,O3,B,44.1547,-60.6265,44.1547,-60.6265,8,,401677699,-138
260378,260378,UT,DS,1,0,1,,,01:16:35 10-Dec-2025,MB,B,44.1546,-60.6260,44.1546,-60.6260,8,,401677699,-131
260378,260378,UT,DS,6,0,6,103,45,02:00:36 10-Dec-2025,MC,2,44.1830,-60.6255,44.1830,-60.6255,58,,401677694,-120
260378,260378,UT,DS,2,0,2,289,289,02:53:24 10-Dec-2025,O3,B,44.1878,-60.6240,44.1878,-60.6240,8,,401677695,-121
260378,260378,UT,DS,3,0,3,187,136,04:28:19 10-Dec-2025,O3,A,44.1780,-60.6263,44.1780,-60.6263,8,,401677700,-124
260378,260378,UT,DS,4,0,4,194,45,08:40:24 10-Dec-2025,SR,1,44.1829,-60.6392,44.1829,-60.6392,58,,401677691,-126
260378,260378,UT,DS,4,0,4,177,46,10:18:29 10-Dec-2025,SR,1,44.1884,-60.6512,44.1884,-60.6512,58,,401677697,-122
260378,260378,UT,DS,2,0,2,49,49,12:41:05 10-Dec-2025,MC,,,,,,,,401650000,
260378,260378,UT,DS,2,0,2,46,46,13:35:18 10-Dec-2025,MB,B,44.1817,-60.6546,44.1817,-60.6546,8,,401677685,-126
260378,260378,UT,DS,2,0,2,45,45,14:20:16 10-Dec-2025,MC,,,,,,,,401650000,
260378,260378,UT,DS,1,0,1,,,15:17:26 10-Dec-2025,MB,B,44.1778,-60.6645,44.1778,-60.6645,8,,401677703,-132
260378,260378,UT,DS,3,0,3,45,45,15:54:29 10-Dec-2025,MC,,,,,,,,401650000,
260378,260378,UT,DS,4,0,4,156,45,16:31:25 10-Dec-2025,O3,1,44.1888,-60.6669,44.1888,-60.6669,58,,401677706,-123
260378,260378,UT,DS,2,0,2,384,384,18:08:40 10-Dec-2025,O3,B,44.1627,-60.6107,44.1627,-60.6107,8,,401677703,-130
260378,260378,UT,DS,1,0,1,,,00:02:45 11-Dec-2025,MC,,,,,,,,401650000,
260378,260378,UT,DS,4,0,4,152,45,00:58:09 11-Dec-2025,MB,2,44.1601,-60.6380,44.1601,-60.6380,58,,401677702,-126
260378,260378,UT,DS,3,0,3,46,45,01:42:39 11-Dec-2025,MC,,,,,,,,401650000,
260378,260378,UT,DS,2,0,2,46,46,02:07:24 11-Dec-2025,O3,B,44.1411,-60.6294,44.1411,-60.6294,8,,401677707,-130
260378,260378,UT,DS,2,0,2,45,45,03:21:35 11-Dec-2025,MC,,,,,,,,401650000,
260378,260378,UT,DS,5,0,5,133,46,03:40:22 11-Dec-2025,O3,0,44.1712,-60.6028,44.1712,-60.6028,48,,401677698,-118
260378,260378,UT,DS,4,0,4,45,45,05:21:38 11-Dec-2025,O3,0,44.1556,-60.6169,44.1556,-60.6169,58,,401677713,-132
260378,260378,UT,DS,2,0,2,500,500,08:10:55 11-Dec-2025,SR,B,44.1443,-60.6082,44.1443,-60.6082,8,,401677701,-132
260378,260378,UT,DS,2,0,2,45,45,09:47:43 11-Dec-2025,SR,B,44.1750,-60.6336,44.1750,-60.6336,8,,401677698,-122
260378,260378,UT,DS,1,0,1,,,11:29:05 11-Dec-2025,SR,B,44.1823,-60.6345,44.1823,-60.6345,8,,401677703,-133
260378,260378,UT,DS,1,0,1,,,12:20:11 11-Dec-2025,MC,B,44.1875,-60.6306,44.1875,-60.6306,8,,401677697,-132
260378,260378,UT,DS,2,0,2,45,45,13:15:21 11-Dec-2025,MB,B,44.2037,-60.6714,,,8,,401677694,-126
260378,260378,UT,DS,2,0,2,45,45,13:55:48 11-Dec-2025,MC,B,44.2053,-60.6823,44.2053,-60.6823,8,,401677698,-110
260378,260378,UT,DS,4,0,4,158,48,00:37:03 12-Dec-2025,MB,1,44.1716,-60.6354,44.1716,-60.6354,58,,401677704,-123
260378,260378,UT,DS,5,0,5,130,45,01:17:08 12-Dec-2025,MC,1,44.1852,-60.6414,,,48,,401677702,-116
260378,260378,UT,DS,5,0,5,137,47,02:56:22 12-Dec-2025,O3,1,44.1579,-60.6442,44.1579,-60.6442,58,,401677711,-128
260378,260378,UT,DS,2,0,2,49,49,02:59:57 12-Dec-2025,MC,B,44.1598,-60.6416,44.1598,-60.6416,6,,401677713,-125
260378,260378,UT,DS,5,0,5,120,46,04:35:22 12-Dec-2025,O3,2,44.1519,-60.6433,44.1519,-60.6433,58,,401677715,-130
260378,260378,UT,DS,3,0,3,46,45,07:38:26 12-Dec-2025,SR,A,44.1462,-60.6899,44.1462,-60.6899,8,,401677707,-125
260378,260378,UT,DS,3,0,3,45,45,09:18:33 12-Dec-2025,SR,A,44.1742,-60.6189,44.1742,-60.6189,8,,401677705,-120
260378,260378,UT,DS,1,0,1,,,10:52:49 12-Dec-2025,SR,B,44.1807,-60.6126,44.1807,-60.6126,8,,401677706,-135
260378,260378,UT,DS,1,0,1,,,11:51:28 12-Dec-2025,MC,B,44.1860,-60.6099,44.1860,-60.6099,8,,401677703,-134
260378,260378,UT,DS,5,0,5,132,46,13:32:29 12-Dec-2025,MC,0,44.1877,-60.6436,44.1877,-60.6436,48,,401677704,-118
260378,260378,UT,DS,1,0,1,,,14:35:20 12-Dec-2025,MB,B,44.1894,-60.6475,44.1894,-60.6475,8,,401677710,-130
260378,260378,UT,DS,1,0,1,,,15:02:06 12-Dec-2025,O3,B,44.1881,-60.6465,44.1881,-60.6465,6,,401677711,-130
260378,260378,UT,DS,5,0,5,148,45,15:10:14 12-Dec-2025,MC,0,44.1759,-60.6263,44.1759,-60.6263,46,,401677701,-127
260378,260378,UT,DS,3,0,3,182,46,00:18:26 13-Dec-2025,MB,A,44.1731,-60.7691,44.1731,-60.7691,8,,401677715,-127
260378,260378,UT,DS,2,0,2,46,46,00:43:06 13-Dec-2025,SR,B,44.1905,-60.7733,44.1905,-60.7733,6,,401677708,-134
260378,260378,UT,DS,3,0,3,266,47,00:57:30 13-Dec-2025,MC,A,44.1883,-60.7758,44.1883,-60.7758,6,,401677715,-119
260378,260378,UT,DS,1,0,1,,,02:02:40 13-Dec-2025,MB,B,44.1923,-60.7809,44.1923,-60.7809,8,,401677722,-135
260378,260378,UT,DS,3,0,3,210,45,02:39:02 13-Dec-2025,MC,A,44.2212,-60.7323,,,8,,401677706,-124
260378,260378,UT,DS,5,0,5,129,45,03:51:09 13-Dec-2025,O3,1,44.2084,-60.7540,44.2084,-60.7540,58,,401677714,-118
260378,260378,UT,DS,2,0,2,381,381,05:29:47 13-Dec-2025,O3,B,44.2235,-60.7733,44.2235,-60.7733,8,,401677712,-137
260378,260378,UT,DS,2,0,2,491,491,08:47:28 13-Dec-2025,SR,B,44.2458,-60.7671,44.2458,-60.7671,8,,401677710,-120
260378,260378,UT,DS,2,0,2,337,337,10:19:35 13-Dec-2025,SR,B,44.2555,-60.7630,44.2555,-60.7630,8,,401677719,-124
260378,260378,UT,DS,3,0,3,323,47,13:10:34 13-Dec-2025,MC,A,44.2722,-60.8429,44.2722,-60.8429,8,,401677690,-121
260378,260378,UT,DS,2,0,2,139,139,14:15:58 13-Dec-2025,MB,B,44.2821,-60.8455,44.2821,-60.8455,8,,401677705,-129
260378,260378,UT,DS,1,0,1,,,14:55:20 13-Dec-2025,MC,B,44.2848,-60.8510,44.2848,-60.8510,7,,401677714,-123
260378,260378,UT,DS,2,0,2,379,379,15:55:06 13-Dec-2025,O3,B,44.2734,-60.8372,,,8,,401677710,-122
260378,260378,UT,DS,2,0,2,45,45,16:34:35 13-Dec-2025,MC,B,44.2946,-60.8614,44.2946,-60.8614,8,,401677722,-129
260378,260378,UT,DS,4,0,4,157,45,17:31:22 13-Dec-2025,O3,1,44.2556,-60.8711,44.2556,-60.8711,58,,401677708,-125
260378,260378,UT,DS,2,0,2,45,45,00:11:54 14-Dec-2025,SR,B,44.2021,-60.9725,44.2021,-60.9725,8,,401677688,-136
260378,260378,UT,DS,4,0,4,167,45,00:32:51 14-Dec-2025,MC,2,44.1923,-60.8760,44.1923,-60.8760,66,,401677717,-120
260378,260378,UT,DS,1,0,1,,,01:28:09 14-Dec-2025,O3,B,44.1887,-60.8929,44.1887,-60.8929,8,,401677714,-138
260378,260378,UT,DS,1,0,1,,,01:35:58 14-Dec-2025,MB,B,44.1900,-60.8868,44.1900,-60.8868,6,,401677716,-131
260378,260378,UT,DS,3,0,3,244,45,02:16:03 14-Dec-2025,MC,A,44.1810,-60.9063,44.1810,-60.9063,8,,401677717,-124
260378,260378,UT,DS,4,0,4,174,45,03:07:37 14-Dec-2025,O3,1,44.1808,-60.9090,44.1808,-60.9090,58,,401677717,-126
260378,260378,UT,DS,3,0,3,230,45,04:45:06 14-Dec-2025,O3,A,44.1516,-60.9087,44.1516,-60.9087,8,,401677722,-130
260378,260378,UT,DS,2,0,2,46,46,08:15:16 14-Dec-2025,SR,B,44.1805,-60.9146,44.1805,-60.9146,8,,401677717,-122
260378,260378,UT,DS,2,0,2,45,45,09:53:18 14-Dec-2025,SR,B,44.1761,-60.9179,44.1761,-60.9179,8,,401677723,-120
260378,260378,UT,DS,1,0,1,,,11:36:26 14-Dec-2025,SR,B,44.1732,-60.9333,,,8,,401677718,-137
260378,260378,UT,DS,4,0,4,158,45,12:52:05 14-Dec-2025,MC,0,44.1840,-60.9572,44.1840,-60.9572,48,,401677693,-119
260378,260378,UT,DS,4,0,4,144,46,13:53:15 14-Dec-2025,MB,0,44.1932,-60.9324,44.1932,-60.9324,48,,401677697,-127
260378,260378,UT,DS,4,0,4,133,45,14:32:29 14-Dec-2025,MC,1,44.1881,-60.9241,44.1881,-60.9241,48,,401677696,-120
260378,260378,UT,DS,2,0,2,341,341,15:03:27 14-Dec-2025,O3,B,44.1891,-60.9180,44.1891,-60.9180,8,,401677700,-134
260378,260378,UT,DS,2,0,2,45,45,16:12:46 14-Dec-2025,MC,B,44.1848,-60.9086,44.1848,-60.9086,8,,401677699,-128
260378,260378,UT,DS,4,0,4,137,45,16:47:18 14-Dec-2025,O3,0,44.1911,-60.8984,44.1911,-60.8984,48,,401677702,-122
260378,260378,UT,DS,2,0,2,50,50,18:23:57 14-Dec-2025,O3,B,44.2058,-60.9252,44.2058,-60.9252,8,,401677716,-128
260378,260378,UT,DS,4,0,4,200,45,00:12:05 15-Dec-2025,MC,2,44.2232,-60.9319,44.2232,-60.9319,68,,401677701,-119
260378,260378,UT,DS,2,0,2,45,45,01:16:04 15-Dec-2025,MB,B,44.1875,-60.9409,44.1875,-60.9409,8,,401677710,-127
260378,260378,UT,DS,2,0,2,45,45,01:58:03 15-Dec-2025,MC,B,44.1834,-60.9418,44.1834,-60.9418,8,,401677713,-118
260378,260378,UT,DS,2,0,2,45,45,02:20:12 15-Dec-2025,O3,B,44.2008,-60.9178,44.2008,-60.9178,6,,401677709,-122
260378,260378,UT,DS,4,0,4,159,45,03:56:59 15-Dec-2025,O3,2,44.1918,-60.9179,44.1918,-60.9179,58,,401677712,-118
260378,260378,UT,DS,2,0,2,45,45,05:38:08 15-Dec-2025,O3,B,44.1931,-60.9172,44.1931,-60.9172,8,,401677716,-134
260378,260378,UT,DS,4,0,4,176,45,07:45:16 15-Dec-2025,SR,2,44.1930,-60.9209,44.1930,-60.9209,68,,401677707,-130
260378,260378,UT,DS,3,0,3,45,45,09:23:13 15-Dec-2025,SR,A,44.2245,-60.9319,44.2245,-60.9319,8,,401677703,-118
260378,260378,UT,DS,4,0,4,176,45,10:58:23 15-Dec-2025,SR,0,44.2461,-60.9082,44.2461,-60.9082,58,,401677708,-127
260378,260378,UT,DS,1,0,1,,,12:34:33 15-Dec-2025,MC,B,44.2518,-60.9051,44.2518,-60.9051,8,,401677716,-130
260378,260378,UT,DS,3,0,3,236,46,13:30:34 15-Dec-2025,MB,A,44.2584,-60.8855,44.2584,-60.8855,8,,401677713,-125
260378,260378,UT,DS,2,0,2,351,351,14:09:52 15-Dec-2025,MC,B,44.2471,-60.8883,44.2471,-60.8883,8,,401677710,-118
260378,260378,UT,DS,2,0,2,91,91,15:51:52 15-Dec-2025,MC,B,44.2337,-60.8531,44.2337,-60.8531,8,,401677705,-124
260378,260378,UT,DS,2,0,2,374,374,16:03:12 15-Dec-2025,O3,B,44.2734,-60.8161,44.2734,-60.8161,6,,401677712,-125
260378,260378,UT,DS,2,0,2,93,93,17:39:15 15-Dec-2025,O3,B,44.2669,-60.9032,44.2669,-60.9032,8,,401677705,-125
260378,260378,UT,DS,1,0,1,,,00:00:17 16-Dec-2025,MC,B,44.2329,-60.9475,44.2329,-60.9475,8,,401677693,-117
260378,260378,UT,DS,3,0,3,45,45,00:47:40 16-Dec-2025,SR,A,44.2863,-60.9077,,,6,,401677724,-130
260378,260378,UT,DS,3,0,3,226,92,00:54:46 16-Dec-2025,MB,A,44.2120,-60.9293,44.2120,-60.9293,6,,401677670,-128
260378,260378,UT,DS,2,0,2,50,50,01:33:33 16-Dec-2025,O3,B,44.2199,-60.8868,44.2199,-60.8868,8,,401677709,-132
260378,260378,UT,DS,3,0,3,232,47,01:33:58 16-Dec-2025,MC,A,44.2403,-60.9143,44.2403,-60.9143,6,,401677702,-116
260378,260378,UT,DS,6,0,6,101,45,03:13:09 16-Dec-2025,O3,3,44.2077,-60.9110,44.2077,-60.9110,58,,401677695,-122
260378,260378,UT,DS,3,0,3,133,45,04:50:59 16-Dec-2025,O3,A,44.2093,-60.9283,44.2093,-60.9283,8,,401677696,-128
260378,260378,UT,DS,1,0,1,,,07:10:24 16-Dec-2025,SR,B,44.2182,-60.9133,44.2182,-60.9133,8,,401677700,-139
260378,260378,UT,DS,2,0,2,45,45,08:46:36 16-Dec-2025,SR,B,44.2023,-60.9175,44.2023,-60.9175,8,,401677698,-127
260378,260378,UT,DS,2,0,2,46,46,10:27:51 16-Dec-2025,SR,B,44.1864,-60.9354,44.1864,-60.9354,8,,401677701,-128
260378,260378,UT,DS,1,0,1,,,12:13:24 16-Dec-2025,MC,B,44.1809,-60.9339,44.1809,-60.9339,8,,401677701,-131
260378,260378,UT,DS,1,0,1,,,13:12:44 16-Dec-2025,MB,B,44.1841,-60.9299,44.1841,-60.9299,8,,401677700,-125
260378,260378,UT,DS,4,0,4,159,45,13:48:18 16-Dec-2025,MC,0,44.1686,-60.8590,44.1686,-60.8590,48,,401677698,-123
260378,260378,UT,DS,1,0,1,,,14:51:33 16-Dec-2025,MB,B,44.1565,-60.8211,44.1565,-60.8211,8,,401677708,-133
260378,260378,UT,DS,3,0,3,194,45,15:10:52 16-Dec-2025,O3,,,,,,,,401650000,
260378,260378,UT,DS,4,0,4,134,45,15:30:19 16-Dec-2025,MC,0,44.1613,-60.8292,44.1613,-60.8292,48,,401677709,-125
260378,260378,UT,DS,4,0,4,174,45,16:48:57 16-Dec-2025,O3,,,,,,,,401650000,
260378,260378,UT,DS,2,0,2,453,453,00:17:31 17-Dec-2025,SR,B,44.1839,-60.8160,44.1839,-60.8160,8,,401677728,-137
260378,260378,UT,DS,5,0,5,137,48,00:34:00 17-Dec-2025,MB,1,44.0983,-60.9144,44.0983,-60.9144,56,,401677700,-122
260378,260378,UT,DS,5,0,5,134,45,01:15:00 17-Dec-2025,MC,0,44.0785,-60.9353,44.0785,-60.9353,47,,401677710,-119
260378,260378,UT,DS,2,0,2,46,46,02:26:35 17-Dec-2025,O3,,,,,,,,401650000,
260378,260378,UT,DS,2,0,2,45,45,03:01:38 17-Dec-2025,MC,B,44.0964,-60.9440,44.0964,-60.9440,8,,401677699,-130
260378,260378,UT,DS,3,0,3,255,46,03:59:29 17-Dec-2025,O3,,,,,,,,401650000,
260378,260378,UT,DS,1,0,1,,,08:19:09 17-Dec-2025,SR,B,44.0611,-60.9385,44.0611,-60.9385,8,,401677697,-125
260378,260378,UT,DS,3,0,3,49,47,09:55:19 17-Dec-2025,SR,A,44.0530,-60.8776,44.0530,-60.8776,7,,401677718,-125
260378,260378,UT,DS,3,0,3,267,46,13:27:26 17-Dec-2025,MC,A,44.0246,-60.9386,44.0246,-60.9386,8,,401677708,-132
260378,260378,UT,DS,1,0,1,,,14:33:53 17-Dec-2025,MB,B,44.0161,-60.9365,44.0161,-60.9365,8,,401677717,-126
260378,260378,UT,DS,4,0,4,123,45,15:12:10 17-Dec-2025,MC,1,44.0254,-60.9763,44.0254,-60.9763,58,,401677715,-116
260378,260378,UT,DS,2,0,2,45,45,16:14:19 17-Dec-2025,O3,B,44.0349,-60.9589,44.0349,-60.9589,8,,401677716,-133
260378,260378,UT,DS,3,0,3,45,45,17:46:48 17-Dec-2025,O3,A,44.0609,-60.9862,44.0609,-60.9862,8,,401677691,-123
260378,260378,UT,DS,3,0,2,243,92,00:09:45 18-Dec-2025,MB,A,44.1353,-60.8978,44.1353,-60.8978,8,,401677709,-129
260378,260378,UT,DS,3,0,3,214,45,00:54:10 18-Dec-2025,MC,A,44.1393,-60.8882,44.1393,-60.8882,8,,401677710,-113
260378,260378,UT,DS,2,0,2,45,45,02:38:45 18-Dec-2025,MC,B,44.1490,-60.8917,44.1490,-60.8917,8,,401677703,-121
260378,260378,UT,DS,3,0,3,46,46,03:19:53 18-Dec-2025,O3,A,44.1409,-60.8923,44.1409,-60.8923,8,,401677707,-118
260378,260378,UT,DS,2,0,2,44,44,04:59:16 18-Dec-2025,O3,B,44.1467,-60.9182,44.1467,-60.9182,8,,401677705,-128
260378,260378,UT,DS,4,0,4,112,50,07:45:53 18-Dec-2025,SR,2,44.1389,-60.8938,44.1389,-60.8938,58,,401677712,-132
260378,260378,UT,DS,1,0,1,,,09:27:26 18-Dec-2025,SR,B,44.1432,-60.8953,44.1432,-60.8953,8,,401677717,-118
260378,260378,UT,DS,2,0,2,45,45,11:07:08 18-Dec-2025,SR,B,44.1390,-60.8812,44.1390,-60.8812,8,,401677724,-130
260378,260378,UT,DS,4,0,4,123,44,13:09:32 18-Dec-2025,MC,0,44.1727,-60.8495,44.1727,-60.8495,48,,401677710,-122
260378,260378,UT,DS,2,0,2,45,45,14:15:36 18-Dec-2025,MB,B,44.1752,-60.8420,44.1752,-60.8420,8,,401677712,-125
260378,260378,UT,DS,3,0,3,187,46,14:47:37 18-Dec-2025,MC,A,44.1738,-60.7901,44.1738,-60.7901,8,,401677710,-121
260378,260378,UT,DS,2,0,2,360,360,15:20:47 18-Dec-2025,O3,B,44.1506,-60.8120,44.1506,-60.8120,8,,401677706,-132
260378,260378,UT,DS,1,0,1,,,16:32:37 18-Dec-2025,MC,B,44.1377,-60.7974,44.1377,-60.7974,8,,401677727,-131
260378,260378,UT,DS,1,0,1,,,00:00:19 19-Dec-2025,MB,B,44.0654,-60.7210,44.0654,-60.7210,8,,401677719,-133
260378,260378,UT,DS,3,0,3,281,50,00:29:29 19-Dec-2025,MC,A,44.2022,-60.8991,44.2022,-60.8991,6,,401677700,-131
260378,260378,UT,DS,2,0,2,44,44,01:31:35 19-Dec-2025,MB,B,44.1760,-60.8876,44.1760,-60.8876,8,,401677702,-129
260378,260378,UT,DS,2,0,2,45,45,02:33:43 19-Dec-2025,O3,B,44.1835,-60.9177,44.1835,-60.9177,7,,401677715,-126
260378,260378,UT,DS,2,0,2,45,45,04:12:11 19-Dec-2025,O3,B,44.2344,-60.8721,44.2344,-60.8721,8,,401677700,-123
260378,260378,UT,DS,2,0,2,50,50,07:16:57 19-Dec-2025,SR,B,44.2770,-60.8264,44.2770,-60.8264,8,,401677707,-130
260378,260378,UT,DS,4,0,4,175,44,08:57:05 19-Dec-2025,SR,1,44.2655,-60.8605,44.2655,-60.8605,58,,401677700,-124
260378,260378,UT,DS,1,0,1,,,10:36:55 19-Dec-2025,SR,B,44.2680,-60.8601,44.2680,-60.8601,8,,401677695,-131
260378,260378,UT,DS,2,0,2,382,382,12:46:23 19-Dec-2025,MC,B,44.2778,-60.8180,44.2778,-60.8180,8,,401677709,-127
260378,260378,UT,DS,1,0,1,,,13:53:10 19-Dec-2025,MB,B,44.2796,-60.8096,44.2796,-60.8096,8,,401677704,-126
260378,260378,UT,DS,2,0,2,430,430,14:30:00 19-Dec-2025,MC,B,44.2648,-60.8195,44.2648,-60.8195,8,,401677704,-122
260378,260378,UT,DS,2,0,2,45,45,14:37:10 19-Dec-2025,O3,B,44.3003,-60.8699,44.3003,-60.8699,6,,401677702,-135
260378,260378,UT,DS,1,0,1,,,16:09:53 19-Dec-2025,MC,B,44.3077,-60.8610,44.3077,-60.8610,8,,401677729,-128
260378,260378,UT,DS,2,0,2,46,46,16:15:42 19-Dec-2025,O3,B,44.2832,-60.8751,44.2832,-60.8751,6,,401677733,-118
260378,260378,UT,DS,1,0,1,,,17:53:27 19-Dec-2025,O3,B,44.2929,-60.8605,44.2929,-60.8605,8,,401677733,-126
260378,260378,UT,DS,2,0,2,44,44,21:02:01 19-Dec-2025,SR,B,44.2374,-60.8969,44.2374,-60.8969,8,,401677715,-129
260378,260378,UT,DS,5,0,5,163,45,00:15:49 20-Dec-2025,MC,2,44.2346,-60.9102,44.2346,-60.9102,58,,401677710,-118
260378,260378,UT,DS,3,0,3,103,45,00:23:35 20-Dec-2025,SR,A,44.2379,-60.9052,44.2379,-60.9052,6,,401677708,-129
260378,260378,UT,DS,1,0,1,,,01:10:54 20-Dec-2025,MB,B,44.2372,-60.9039,44.2372,-60.9039,8,,401677709,-129
260378,260378,UT,DS,4,0,4,45,44,01:48:49 20-Dec-2025,O3,0,44.2449,-60.9132,44.2449,-60.9132,58,,401677714,-130
260378,260378,UT,DS,2,0,2,605,605,01:49:12 20-Dec-2025,MC,B,44.2493,-60.9114,44.2493,-60.9114,6,,401677710,-127
260378,260378,UT,DS,4,0,4,188,46,03:27:05 20-Dec-2025,O3,0,44.2644,-60.8970,44.2644,-60.8970,58,,401677710,-127
260378,260378,UT,DS,2,0,2,47,47,05:04:49 20-Dec-2025,O3,B,44.2661,-60.8999,44.2661,-60.8999,8,,401677710,-127
260378,260378,UT,DS,3,0,3,203,46,08:16:20 20-Dec-2025,SR,A,44.2635,-60.8243,44.2635,-60.8243,8,,401677709,-123
260378,260378,UT,DS,2,0,2,351,351,09:55:35 20-Dec-2025,SR,B,44.2360,-60.8083,44.2360,-60.8083,8,,401677702,-125
260378,260378,UT,DS,3,0,3,201,45,12:24:19 20-Dec-2025,MC,A,44.1998,-60.7401,44.1998,-60.7401,8,,401677711,-122
260378,260378,UT,DS,2,0,2,45,45,13:30:49 20-Dec-2025,MB,B,44.1581,-60.7218,44.1581,-60.7218,8,,401677712,-121
260378,260378,UT,DS,2,0,2,432,432,14:09:11 20-Dec-2025,MC,B,44.1426,-60.7480,44.1426,-60.7480,8,,401677718,-118
260378,260378,UT,DS,3,0,3,282,46,15:28:34 20-Dec-2025,O3,A,44.0870,-60.6671,44.0870,-60.6671,8,,401677713,-132
260378,260378,UT,DS,2,0,2,45,45,15:51:53 20-Dec-2025,MC,B,44.1033,-60.6602,44.1033,-60.6602,8,,401677722,-125
260378,260378,UT,DS,4,0,4,145,44,17:07:15 20-Dec-2025,O3,1,44.0764,-60.6858,44.0764,-60.6858,58,,401677712,-124
260378,260378,UT,DS,1,0,1,,,18:48:24 20-Dec-2025,O3,B,44.0480,-60.6621,44.0480,-60.6621,8,,401677696,-137
260378,260378,UT,DS,1,0,1,,,00:00:17 21-Dec-2025,MC,B,43.9748,-60.6189,43.9748,-60.6189,8,,401677712,-129
260378,260378,UT,DS,3,0,3,197,47,00:52:37 21-Dec-2025,MB,A,44.0002,-60.6921,44.0002,-60.6921,8,,401677708,-125
260378,260378,UT,DS,2,0,2,44,44,01:06:37 21-Dec-2025,O3,B,44.0051,-60.6884,44.0051,-60.6884,6,,401677709,-136
260378,260378,UT,DS,2,0,2,367,367,01:31:42 21-Dec-2025,MC,B,43.9951,-60.6918,43.9951,-60.6918,6,,401677709,-121
260378,260378,UT,DS,1,0,1,,,03:15:57 21-Dec-2025,MC,B,43.9708,-60.7006,43.9708,-60.7006,8,,401677721,-130
260378,260378,UT,DS,3,0,3,189,44,04:18:55 21-Dec-2025,O3,A,44.0442,-60.6975,44.0442,-60.6975,8,,401677699,-120
260378,260378,UT,DS,2,0,2,49,49,07:49:25 21-Dec-2025,SR,B,44.0781,-60.7190,44.0781,-60.7190,8,,401677704,-127
260378,260378,UT,DS,3,0,3,259,46,09:26:49 21-Dec-2025,SR,A,44.0273,-60.7286,44.0273,-60.7286,8,,401677694,-132
260378,260378,UT,DS,1,0,1,,,11:12:50 21-Dec-2025,SR,B,44.0341,-60.7218,44.0341,-60.7218,8,,401677722,-135
260378,260378,UT,DS,2,0,2,89,89,12:09:55 21-Dec-2025,MC,B,44.0408,-60.6583,44.0408,-60.6583,8,,401677698,-130
260378,260378,UT,DS,4,0,4,153,46,13:04:48 21-Dec-2025,MB,2,44.0542,-60.6397,44.0542,-60.6397,57,,401677713,-127
260378,260378,UT,DS,3,0,3,189,45,13:48:12 21-Dec-2025,MC,A,44.0477,-60.6241,44.0477,-60.6241,8,,401677708,-114
260378,260378,UT,DS,2,0,2,258,258,14:42:30 21-Dec-2025,O3,B,44.0471,-60.5713,44.0471,-60.5713,8,,401677716,-130
260378,260378,UT,DS,4,0,4,200,46,15:24:10 21-Dec-2025,MC,1,44.0462,-60.5305,44.0462,-60.5305,48,,401677715,-121
260378,260378,UT,DS,5,0,5,108,45,16:22:55 21-Dec-2025,O3,2,44.0406,-60.4748,44.0406,-60.4748,58,,401677705,-121
260378,260378,UT,DS,3,0,3,159,45,18:00:46 21-Dec-2025,O3,A,44.0460,-60.3787,44.0460,-60.3787,8,,401677706,-130
260378,260378,UT,DS,2,0,2,90,90,00:31:47 22-Dec-2025,MB,B,43.9787,-60.1020,,,8,,401677707,-132
260378,260378,UT,DS,4,0,4,90,90,01:11:32 22-Dec-2025,MC,3,43.9751,-60.1635,43.9751,-60.1635,58,,401677728,-127
260378,260378,UT,DS,2,0,2,180,180,01:57:17 22-Dec-2025,O3,B,43.9621,-60.1590,43.9621,-60.1590,8,,401677728,-134
260378,260378,UT,DS,3,0,3,90,90,03:34:47 22-Dec-2025,O3,A,43.9704,-60.1731,43.9704,-60.1731,8,,401677727,-135
260378,260378,UT,DS,1,0,1,,,10:40:38 22-Dec-2025,SR,B,43.8937,-59.9936,43.8937,-59.9936,8,,401677685,-134
260378,260378,UT,DS,1,0,1,,,11:45:18 22-Dec-2025,MC,B,43.9422,-60.1564,43.9422,-60.1564,8,,401677688,-133
260378,260378,UT,DS,1,0,1,,,12:46:09 22-Dec-2025,MB,B,43.9374,-60.1128,43.9374,-60.1128,8,,401677692,-133
260378,260378,UT,DS,3,0,3,171,49,13:25:41 22-Dec-2025,MC,A,43.9216,-60.0316,,,8,,401677685,-119
260378,260378,UT,DS,3,0,3,274,44,08:27:22 23-Dec-2025,SR,A,43.9116,-59.9900,43.9116,-59.9900,,,401677711,-127
260378,260378,UT,DS,2,0,2,530,530,09:59:27 23-Dec-2025,SR,B,43.9106,-59.9908,43.9106,-59.9908,8,,401677710,-125
260378,260378,UT,DS,4,0,4,172,46,13:03:28 23-Dec-2025,MC,2,43.8943,-59.9885,43.8943,-59.9885,58,,401677711,-116
260378,260378,UT,DS,1,0,1,,,14:07:50 23-Dec-2025,MB,B,43.8849,-59.9680,43.8849,-59.9680,8,,401677716,-126
260378,260378,UT,DS,1,0,1,,,14:45:32 23-Dec-2025,MC,B,43.8845,-59.9664,43.8845,-59.9664,8,,401677717,-124
260378,260378,UT,DS,3,0,3,202,52,16:30:32 23-Dec-2025,O3,A,43.8760,-60.0306,43.8760,-60.0306,6,,401677708,-125
260378,260378,UT,DS,2,0,2,52,52,16:28:01 23-Dec-2025,MC,B,43.8921,-59.9986,43.8921,-59.9986,8,,401677713,-127
260378,260378,UT,DS,1,0,1,,,18:08:12 23-Dec-2025,O3,B,43.8702,-60.0133,43.8702,-60.0133,8,,401677705,-127
260378,260378,UT,DS,1,0,1,,,20:32:20 23-Dec-2025,SR,B,43.8635,-59.9952,43.8635,-59.9952,8,,401677704,-133
260378,260378,UT,DS,4,0,4,156,44,22:17:55 23-Dec-2025,SR,1,43.8881,-59.9858,43.8881,-59.9858,58,,401677711,-120
260378,260378,UT,DS,2,0,2,46,46,22:51:26 23-Dec-2025,MC,B,43.8884,-59.9808,43.8884,-59.9808,8,,401677709,-127
260378,260378,UT,DS,4,0,4,153,46,23:55:10 23-Dec-2025,SR,2,43.8904,-60.0152,43.8904,-60.0152,66,,401677711,-131
260378,260378,UT,DS,1,0,1,,,23:52:06 23-Dec-2025,MB,B,43.8890,-60.0020,43.8890,-60.0020,8,,401677709,-129
260378,260378,UT,DS,2,0,2,399,399,00:33:39 24-Dec-2025,MC,B,43.8853,-60.0180,43.8853,-60.0180,8,,401677710,-115
260378,260378,UT,DS,2,0,2,46,46,01:27:19 24-Dec-2025,MB,B,43.8772,-60.0116,43.8772,-60.0116,8,,401677712,-132
260378,260378,UT,DS,3,0,3,181,46,02:03:13 24-Dec-2025,O3,A,43.8782,-60.0139,43.8782,-60.0139,8,,401677713,-124
260378,260378,UT,DS,3,0,3,45,44,02:11:46 24-Dec-2025,MC,A,43.8728,-60.0198,43.8728,-60.0198,6,,401677721,-120
260378,260378,UT,DS,3,0,3,185,45,03:45:17 24-Dec-2025,O3,A,43.8829,-60.0179,43.8829,-60.0179,8,,401677711,-121
260378,260378,UT,DS,3,0,3,45,45,05:21:23 24-Dec-2025,O3,A,43.8936,-60.0054,43.8936,-60.0054,8,,401677707,-130
260378,260378,UT,DS,4,0,4,158,44,07:54:33 24-Dec-2025,SR,3,43.8885,-59.9822,43.8885,-59.9822,58,,401677713,-131
260378,260378,UT,DS,5,0,5,132,45,09:30:52 24-Dec-2025,SR,1,43.8875,-60.0032,43.8875,-60.0032,58,,401677713,-124
260378,260378,UT,DS,3,0,3,243,47,11:10:23 24-Dec-2025,SR,A,43.8667,-59.9980,43.8667,-59.9980,8,,401677714,-134
260378,260378,UT,DS,1,0,1,,,12:08:32 24-Dec-2025,MB,B,43.8709,-59.9955,43.8709,-59.9955,8,,401677702,-134
260378,260378,UT,DS,3,0,3,221,47,12:46:01 24-Dec-2025,MC,A,43.8709,-59.9570,43.8709,-59.9570,8,,401677717,-119
260378,260378,UT,DS,2,0,2,457,457,13:44:39 24-Dec-2025,MB,B,43.8691,-59.9413,43.8691,-59.9413,8,,401677711,-128
260378,260378,UT,DS,3,0,3,243,46,14:21:28 24-Dec-2025,MC,A,43.8757,-59.9557,43.8757,-59.9557,8,,401677712,-115
260378,260378,UT,DS,4,0,4,174,47,15:47:28 24-Dec-2025,O3,0,43.8768,-59.9642,43.8768,-59.9642,48,,401677710,-123
260378,260378,UT,DS,2,0,2,45,45,16:05:30 24-Dec-2025,MC,B,43.8582,-59.9384,43.8582,-59.9384,8,,401677706,-125
260378,260378,UT,DS,2,0,2,45,45,17:22:07 24-Dec-2025,O3,B,43.8726,-59.9575,43.8726,-59.9575,8,,401677694,-124
260378,260378,UT,DS,1,0,1,,,19:02:11 24-Dec-2025,O3,B,43.8708,-59.9537,43.8708,-59.9537,8,,401677699,-136
260378,260378,UT,DS,3,0,3,253,47,00:11:22 25-Dec-2025,MC,A,43.9087,-59.8533,43.9087,-59.8533,8,,401677705,-120
260378,260378,UT,DS,2,0,2,47,47,01:00:25 25-Dec-2025,SR,B,43.9238,-59.8558,43.9238,-59.8558,8,,401677706,-138
260378,260378,UT,DS,2,0,2,361,361,01:08:29 25-Dec-2025,MB,B,43.9220,-59.8573,43.9220,-59.8573,6,,401677700,-131
260378,260378,UT,DS,1,0,1,,,01:21:40 25-Dec-2025,O3,B,43.9245,-59.8525,43.9245,-59.8525,6,,401677700,-135
260378,260378,UT,DS,4,0,4,139,46,01:47:52 25-Dec-2025,MC,2,43.9284,-59.8529,43.9284,-59.8529,56,,401677699,-118
260378,260378,UT,DS,11,0,11,49,45,02:55:06 25-Dec-2025,O3,3,43.9339,-59.8374,43.9339,-59.8374,58,,401677678,-126
260378,260378,UT,DS,4,0,4,90,90,04:35:28 25-Dec-2025,O3,3,43.9373,-59.8343,43.9373,-59.8343,57,,401677699,-131
260378,260378,UT,DS,5,0,5,112,90,08:58:43 25-Dec-2025,SR,3,43.9355,-59.8390,43.9355,-59.8390,58,,401677710,-132
260378,260378,UT,DS,4,0,4,120,90,00:48:17 26-Dec-2025,MB,3,43.9372,-59.8396,43.9372,-59.8396,50,,401677735,-131
260378,260378,UT,DS,6,0,6,108,90,01:28:02 26-Dec-2025,MC,3,43.9362,-59.8406,43.9362,-59.8406,58,,401677738,-121
260378,260378,UT,DS,3,0,3,90,90,02:12:17 26-Dec-2025,O3,A,43.9376,-59.8401,43.9376,-59.8401,8,,401677729,-134
260378,260378,UT,DS,3,0,3,135,90,03:50:47 26-Dec-2025,O3,A,43.9365,-59.8517,43.9365,-59.8517,8,,401677713,-129
260378,260378,UT,DS,3,0,3,76,46,14:29:02 27-Dec-2025,MB,A,43.9135,-59.7746,43.9135,-59.7746,,,401677698,-127
260378,260378,UT,DS,3,0,3,194,45,15:02:22 27-Dec-2025,MC,A,43.9173,-59.8187,43.9173,-59.8187,8,,401677702,-119
260378,260378,UT,DS,2,0,2,45,45,15:08:29 27-Dec-2025,O3,B,43.9199,-59.8300,43.9199,-59.8300,6,,401677704,-126
260378,260378,UT,DS,2,0,2,49,49,16:46:32 27-Dec-2025,O3,B,43.9059,-59.8307,43.9059,-59.8307,8,,401677718,-116
260378,260378,UT,DS,2,0,2,47,47,18:21:56 27-Dec-2025,O3,B,43.8907,-59.8526,43.8907,-59.8526,8,,401677699,-133
260378,260378,UT,DS,4,0,4,201,46,21:49:28 27-Dec-2025,SR,2,43.9159,-59.8601,43.9159,-59.8601,58,,401677697,-119
260378,260378,UT,DS,7,0,7,94,45,23:05:15 27-Dec-2025,MC,2,43.9264,-59.8988,43.9264,-59.8988,58,,401677696,-122
260378,260378,UT,DS,8,0,8,61,44,23:27:56 27-Dec-2025,SR,3,43.9289,-59.9106,43.9289,-59.9106,56,,401677696,-126
260378,260378,UT,DS,5,0,5,146,45,00:13:31 28-Dec-2025,MB,1,43.9252,-59.9369,43.9252,-59.9369,58,,401677693,-125
260378,260378,UT,DS,5,0,5,180,79,00:50:38 28-Dec-2025,MC,1,43.9223,-59.9191,43.9223,-59.9191,58,,401677695,-116
260378,260378,UT,DS,1,0,1,,,01:46:25 28-Dec-2025,MB,B,43.9190,-59.9222,43.9190,-59.9222,8,,401677679,-134
260378,260378,UT,DS,5,0,5,112,90,02:19:51 28-Dec-2025,O3,2,43.9297,-59.8913,43.9297,-59.8913,58,,401677677,-130
260378,260378,UT,DS,6,0,6,108,90,02:27:03 28-Dec-2025,MC,2,43.9323,-59.8705,43.9323,-59.8705,56,,401677683,-120
260378,260378,UT,DS,5,0,5,90,90,03:58:33 28-Dec-2025,O3,3,43.9338,-59.8846,43.9338,-59.8846,58,,401677701,-123
260378,260378,UT,DS,1,0,1,,,07:28:33 28-Dec-2025,SR,B,43.9437,-59.8657,43.9437,-59.8657,8,,401677699,-137
260378,260378,UT,DS,6,0,6,108,90,09:03:03 28-Dec-2025,SR,1,43.9356,-59.8684,43.9356,-59.8684,58,,401677699,-133
260378,260378,UT,DS,1,0,1,,,00:27:18 06-Jan-2026,MB,,,,,,,,401650000,-136
260378,260378,UT,DS,5,0,5,112,90,01:01:02 06-Jan-2026,MC,0,43.9244,-59.9364,43.9244,-59.9364,40,,401677701,-119
260378,260378,UT,DS,5,0,5,90,90,02:06:17 06-Jan-2026,O3,2,43.9398,-59.8824,43.9398,-59.8824,58,,401677694,-124
260378,260378,UT,DS,2,0,2,180,180,02:43:47 06-Jan-2026,MC,B,43.9440,-59.8765,43.9440,-59.8765,8,,401677687,-129
260378,260378,UT,DS,6,0,6,108,90,03:43:47 06-Jan-2026,O3,3,43.9334,-59.8865,43.9334,-59.8865,58,,401677688,-128
260378,260378,UT,DS,3,0,3,90,90,07:40:47 06-Jan-2026,SR,A,43.9308,-59.8840,43.9308,-59.8840,8,,401677707,-129
260378,260378,UT,DS,5,0,5,90,90,09:16:47 06-Jan-2026,SR,1,43.9331,-59.8889,,,58,,401677704,-126
260378,260378,UT,DS,1,0,1,,,21:04:04 10-Jan-2026,SR,,,,,,,,401650000,-138
260378,260378,UT,DS,3,1,3,,,22:40:04 10-Jan-2026,SR,A,43.9588,-59.7826,43.9588,-59.7826,,,401677733,-125
260378,260378,UT,DS,2,0,2,90,90,23:20:34 10-Jan-2026,MC,B,43.9588,-59.7824,43.9588,-59.7824,8,,401677737,-128
260378,260378,UT,DS,4,1,4,,,00:58:04 11-Jan-2026,MC,1,43.9609,-59.7754,43.9609,-59.7754,58,,401677738,-122
260378,260378,UT,DS,1,0,1,,,01:00:19 19-Jan-2026,MB,,,,,,,,401650000,-135
260378,260378,UT,DS,1,0,1,,,01:34:49 19-Jan-2026,MC,,,,,,,,401650000,-132
260378,260378,UT,DS,2,0,2,90,90,02:04:04 19-Jan-2026,O3,B,43.9064,-59.8101,43.9064,-59.8101,,,401677737,-132
260378,260378,UT,DS,3,0,3,90,90,03:45:19 19-Jan-2026,O3,A,43.9603,-59.7811,43.9603,-59.7811,8,,401677709,-128
260378,260378,UT,DS,5,0,5,112,90,09:00:19 19-Jan-2026,SR,3,43.9600,-59.7828,43.9600,-59.7828,58,,401677695,-138
260378,260378,UT,DS,3,0,3,90,90,00:07:50 27-Jan-2026,SR,A,43.9601,-59.7815,43.9601,-59.7815,,,401677737,-130
260378,260378,UT,DS,4,0,4,90,90,00:28:50 27-Jan-2026,MC,3,43.9608,-59.7822,43.9608,-59.7822,66,,401677735,-119
260378,260378,UT,DS,4,0,4,120,90,02:08:20 27-Jan-2026,MC,3,43.9610,-59.7842,43.9610,-59.7842,58,,401677730,-122
260378,260378,UT,DS,5,0,5,90,90,02:36:20 27-Jan-2026,O3,3,43.9607,-59.7829,43.9607,-59.7829,56,,401677728,-132
260378,260378,UT,DS,7,0,7,90,90,04:12:20 27-Jan-2026,O3,3,43.9600,-59.7826,43.9600,-59.7826,68,,401677722,-124
260378,260378,UT,DS,3,0,3,180,90,08:08:20 27-Jan-2026,SR,A,43.9593,-59.7836,43.9593,-59.7836,8,,401677716,-132
260378,260378,UT,DS,6,0,6,90,90,09:43:50 27-Jan-2026,SR,3,43.9599,-59.7832,43.9599,-59.7832,68,,401677714,-126
260378,260378,UT,DS,1,0,1,,,01:03:21 04-Feb-2026,MC,,,,,,,,401650000,-133
