DeployID,Ptt,DepthSensor,Instr,SW,RTC,Received,Time Offset,LocationQuality,Latitude,Longitude,Type,HauledOut,BrokenThermistor,BrokenLink,Transmits,BattVoltage,TransmitVoltage,TransmitCurrent,Temperature,Depth,MaxDepth,ZeroDepthOffset,LightLevel,NoDawnDusk,ReleaseType,ReleaseTime,InitiallyBroken,BurnMinutes,ReleaseDepth,FastGPSPower,TWICPower,PowerLimit,WetDry,MinWetDry,MaxWetDry,WetDryThreshold,StatusWord,TransmitPower,Resets,PreReleaseTilt,PreReleaseTiltSd,PreReleaseTiltCount,XmitQueue,FastGPSLocNumber,FastGPSFailures,BattDiscon,Tilt,S11,ReleaseWetDry,ReleaseTemperature,MaxDepth,LLRangeToday,DeployStart,FirstPostReleaseTX,upright,SWBuild
260358,260358,0.500000,UT,1.00b,,11:21:39 16-Feb-2024,,,,,,0,,,,,,,,,,,,,,,,,,,,,,,,,,,,,,,,,,0,,,,,,,05:00:00 16-Feb-2024,,,
260358,260358,0.500000,UT,,,11:57:01 16-Feb-2024,,1,43.7957,-59.8182,,,,,,,,,3.05,,,,,,,,,,,,,,,,,,,,,,,,,,,0,,,,,,,05:00:00 16-Feb-2024,,,
260358,260358,0.500000,UT,,,11:58:43 16-Feb-2024,,1,43.7957,-59.8182,,,,,521,,,,,,,,,,,,,,,,,,,,,,,,,,,,,,,0,,,,,,,05:00:00 16-Feb-2024,,,
260358,260358,0.500000,UT,,,11:59:28 16-Feb-2024,,1,43.7957,-59.8182,,,,,,3.450,,,,,,,,,,,,,,,,,,,,,,,,,,,,,,0,,,,,,,05:00:00 16-Feb-2024,,,
260358,260358,0.500000,UT,1.00b,,12:00:53 16-Feb-2024,,1,43.7957,-59.8182,,0,,,,,,,,,,,,,,,,,,,,,,,,,,,,,,,,,,0,,,,,,,05:00:00 16-Feb-2024,,,
260358,260358,0.500000,UT,,,12:03:04 16-Feb-2024,,1,43.7957,-59.8182,,,,,,,,,,,,,,,,,,,,,,,,,,,,,,,,,,,,0,,,,,,,05:00:00 16-Feb-2024,,,7311
260358,260358,0.500000,UT,,,12:40:42 16-Feb-2024,,3,43.7813,-59.8327,,,,,,,,,3.50,,,,,,,,,,,,,,,,,,,,,,,,,,,0,,,,,,,05:00:00 16-Feb-2024,,,
260358,260358,0.500000,UT,,,12:42:52 16-Feb-2024,,3,43.7813,-59.8327,,,,,,3.450,,,,,,,,,,,,,,,,,,,,,,,,,,,,,,0,,,,,,,05:00:00 16-Feb-2024,,,
260358,260358,0.500000,UT,1.00b,,12:45:29 16-Feb-2024,,3,43.7813,-59.8327,,0,,,,,,,,,,,,,,,,,,,,,,,,,,,,,,,,,,0,,,,,,,05:00:00 16-Feb-2024,,,
260358,260358,0.500000,UT,,,12:48:19 16-Feb-2024,,3,43.7813,-59.8327,,,,,,,,,,,,,,,,,,,,,,,,,,,,,,,,,,,,0,,,,,,,05:00:00 16-Feb-2024,,,7311
260358,260358,0.500000,UT,,,12:49:59 16-Feb-2024,,3,43.7813,-59.8327,,,,,,,,,3.40,,,,,,,,,,,,,,,,,,,,,,,,,,,0,,,,,,,05:00:00 16-Feb-2024,,,
260358,260358,0.500000,UT,,12:52:24 16-Feb-2024,12:51:50 16-Feb-2024,-33,3,43.7813,-59.8327,CRC,,,,557,3.425,,,3.40,,,,,,,,,,,,,,255,1,,0,,,,,,,0,,,0,89,,,,,,05:00:00 16-Feb-2024,,,
260358,260358,0.500000,UT,,,12:54:10 16-Feb-2024,,2,43.7665,-59.8425,,,,,558,,,,,,,,,,,,,,,,,,,,,,,,,,,,,,,0,,,,,,,05:00:00 16-Feb-2024,,,
260358,260358,0.500000,UT,,,12:56:53 16-Feb-2024,,2,43.7665,-59.8425,,,,,,3.425,,,,,,,,,,,,,,,,,,,,,,,,,,,,,,0,,,,,,,05:00:00 16-Feb-2024,,,
260358,260358,0.500000,UT,,13:41:50 16-Feb-2024,13:41:16 16-Feb-2024,-33,B,43.7462,-59.8485,CRC,,,,582,3.425,,,3.40,,,,,,,,,,,,,,255,1,,0,,,,,,,0,,,0,77,,,,,,05:00:00 16-Feb-2024,,,
260358,260358,0.500000,UT,,,13:45:37 16-Feb-2024,,B,43.7462,-59.8485,,,,,584,,,,,,,,,,,,,,,,,,,,,,,,,,,,,,,0,,,,,,,05:00:00 16-Feb-2024,,,
260358,260358,0.500000,UT,,,14:15:56 16-Feb-2024,,2,43.7287,-59.8531,,,,,,,,,3.50,,,,,,,,,,,,,,,,,,,,,,,,,,,0,,,,,,,05:00:00 16-Feb-2024,,,
260358,260358,0.500000,UT,,,14:17:24 16-Feb-2024,,2,43.7287,-59.8531,,,,,604,,,,,,,,,,,,,,,,,,,,,,,,,,,,,,,0,,,,,,,05:00:00 16-Feb-2024,,,
260358,260358,0.500000,UT,1.00b,,14:20:21 16-Feb-2024,,2,43.7287,-59.8531,,0,,,,,,,,,,,,,,,,,,,,,,,,,,,,,,,,,,0,,,,,,,05:00:00 16-Feb-2024,,,
260358,260358,0.500000,UT,,,14:22:44 16-Feb-2024,,2,43.7287,-59.8531,,,,,,,,,,,,,,,,,,,,,,,,,,,,,,,,,,,,0,,,,,,,05:00:00 16-Feb-2024,,,7311
260358,260358,0.500000,UT,,,14:23:59 16-Feb-2024,,3,43.7231,-59.8493,,,,,,,,,3.15,,,,,,,,,,,,,,,,,,,,,,,,,,,0,,,,,,,05:00:00 16-Feb-2024,,,
260358,260358,0.500000,UT,,,14:25:41 16-Feb-2024,,2,43.7287,-59.8531,,,,,610,,,,,,,,,,,,,,,,,,,,,,,,,,,,,,,0,,,,,,,05:00:00 16-Feb-2024,,,
260358,260358,0.500000,UT,1.00b,,14:29:15 16-Feb-2024,,3,43.7231,-59.8493,,0,,,,,,,,,,,,,,,,,,,,,,,,,,,,,,,,,,0,,,,,,,05:00:00 16-Feb-2024,,,
260358,260358,0.500000,UT,,,14:30:33 16-Feb-2024,,3,43.7165,-59.8485,,,,,,,,,,,,,,,,,,,,,,,,,,,,,,,,,,,,0,,,,,,,05:00:00 16-Feb-2024,,,7311
260358,260358,0.500000,UT,,,14:32:42 16-Feb-2024,,3,43.7231,-59.8493,,,,,,,,,3.30,,,,,,,,,,,,,,,,,,,,,,,,,,,0,,,,,,,05:00:00 16-Feb-2024,,,
260358,260358,0.500000,UT,,,14:33:47 16-Feb-2024,,3,43.7165,-59.8485,,,,,615,,,,,,,,,,,,,,,,,,,,,,,,,,,,,,,0,,,,,,,05:00:00 16-Feb-2024,,,
260358,260358,0.500000,UT,,,14:34:32 16-Feb-2024,,3,43.7165,-59.8485,,,,,,3.425,,,,,,,,,,,,,,,,,,,,,,,,,,,,,,0,,,,,,,05:00:00 16-Feb-2024,,,
260358,260358,0.500000,UT,1.00b,,14:36:08 16-Feb-2024,,3,43.7165,-59.8485,,0,,,,,,,,,,,,,,,,,,,,,,,,,,,,,,,,,,0,,,,,,,05:00:00 16-Feb-2024,,,
260358,260358,0.500000,UT,,,14:47:35 16-Feb-2024,,2,43.7044,-59.8668,,,,,,,,,,,,,,,,,,,,,,,,,,,,,,,,,,,,0,,,,,,,05:00:00 16-Feb-2024,,,7311
260358,260358,0.500000,UT,,,14:48:36 16-Feb-2024,,2,43.7044,-59.8668,,,,,,,,,3.45,,,,,,,,,,,,,,,,,,,,,,,,,,,0,,,,,,,05:00:00 16-Feb-2024,,,
260358,260358,0.500000,UT,,,14:51:09 16-Feb-2024,,2,43.7044,-59.8668,,,,,,3.425,,,,,,,,,,,,,,,,,,,,,,,,,,,,,,0,,,,,,,05:00:00 16-Feb-2024,,,
260358,260358,0.500000,UT,1.00b,,14:52:32 16-Feb-2024,,2,43.7044,-59.8668,,0,,,,,,,,,,,,,,,,,,,,,,,,,,,,,,,,,,0,,,,,,,05:00:00 16-Feb-2024,,,
260358,260358,0.500000,UT,,,15:58:44 16-Feb-2024,,0,43.6927,-59.8996,,,,,,,,,,,,,,,,,,,,,,,,,,,,,,,,,,,,0,,,,,,,05:00:00 16-Feb-2024,,,7311
260358,260358,0.500000,UT,,,16:03:40 16-Feb-2024,,0,43.6927,-59.8996,,,,,662,,,,,,,,,,,,,,,,,,,,,,,,,,,,,,,0,,,,,,,05:00:00 16-Feb-2024,,,
260358,260358,0.500000,UT,,,16:05:36 16-Feb-2024,,0,43.6927,-59.8996,,,,,,3.400,,,,,,,,,,,,,,,,,,,,,,,,,,,,,,0,,,,,,,05:00:00 16-Feb-2024,,,
260358,260358,0.500000,UT,1.00b,,16:06:53 16-Feb-2024,,0,43.6927,-59.8996,,0,,,,,,,,,,,,,,,,,,,,,,,,,,,,,,,,,,0,,,,,,,05:00:00 16-Feb-2024,,,
260358,260358,0.500000,UT,,,16:28:15 16-Feb-2024,,1,43.6759,-59.9452,,,,,,3.400,,,,,,,,,,,,,,,,,,,,,,,,,,,,,,0,,,,,,,05:00:00 16-Feb-2024,,,
260358,260358,0.500000,UT,1.00b,,16:30:31 16-Feb-2024,,1,43.6759,-59.9452,,0,,,,,,,,,,,,,,,,,,,,,,,,,,,,,,,,,,0,,,,,,,05:00:00 16-Feb-2024,,,
260358,260358,0.500000,UT,,,16:32:37 16-Feb-2024,,1,43.6759,-59.9452,,,,,,,,,,,,,,,,,,,,,,,,,,,,,,,,,,,,0,,,,,,,05:00:00 16-Feb-2024,,,7311
260358,260358,0.500000,UT,,,16:34:46 16-Feb-2024,,1,43.6759,-59.9452,,,,,,,,,3.15,,,,,,,,,,,,,,,,,,,,,,,,,,,0,,,,,,,05:00:00 16-Feb-2024,,,
260358,260358,0.500000,UT,,,21:37:12 16-Feb-2024,,2,43.5593,-59.9553,,,,,709,,,,,,,,,,,,,,,,,,,,,,,,,,,,,,,0,,,,,,,05:00:00 16-Feb-2024,,,
260358,260358,0.500000,UT,,,21:41:00 16-Feb-2024,,2,43.5593,-59.9553,,,,,,,,,3.00,,,,,,,,,,,,,,,,,,,,,,,,,,,0,,,,,,,05:00:00 16-Feb-2024,,,
260358,260358,0.500000,UT,,,21:42:02 16-Feb-2024,,2,43.5593,-59.9553,,,,,714,,,,,,,,,,,,,,,,,,,,,,,,,,,,,,,0,,,,,,,05:00:00 16-Feb-2024,,,
260358,260358,0.500000,UT,,,21:42:47 16-Feb-2024,,2,43.5593,-59.9553,,,,,,3.425,,,,,,,,,,,,,,,,,,,,,,,,,,,,,,0,,,,,,,05:00:00 16-Feb-2024,,,
260358,260358,0.500000,UT,1.00b,,21:43:49 16-Feb-2024,,2,43.5593,-59.9553,,0,,,,,,,,,,,,,,,,,,,,,,,,,,,,,,,,,,0,,,,,,,05:00:00 16-Feb-2024,,,
260358,260358,0.500000,UT,,,21:44:57 16-Feb-2024,,2,43.5593,-59.9553,,,,,,,,,,,,,,,,,,,,,,,,,,,,,,,,,,,,0,,,,,,,05:00:00 16-Feb-2024,,,7311
260358,260358,0.500000,UT,,,21:46:53 16-Feb-2024,,3,43.5600,-59.9549,,,,,,,,,3.00,,,,,,,,,,,,,,,,,,,,,,,,,,,0,,,,,,,05:00:00 16-Feb-2024,,,
260358,260358,0.500000,UT,,,21:49:02 16-Feb-2024,,3,43.5600,-59.9549,,,,,719,,,,,,,,,,,,,,,,,,,,,,,,,,,,,,,0,,,,,,,05:00:00 16-Feb-2024,,,
260358,260358,0.500000,UT,1.00b,,21:51:19 16-Feb-2024,,3,43.5604,-59.9573,,0,,,,,,,,,,,,,,,,,,,,,,,,,,,,,,,,,,0,,,,,,,05:00:00 16-Feb-2024,,,
260358,260358,0.500000,UT,,,21:53:41 16-Feb-2024,,3,43.5600,-59.9549,,,,,,,,,2.85,,,,,,,,,,,,,,,,,,,,,,,,,,,0,,,,,,,05:00:00 16-Feb-2024,,,
260358,260358,0.500000,UT,,,21:54:50 16-Feb-2024,,3,43.5600,-59.9549,,,,,724,,,,,,,,,,,,,,,,,,,,,,,,,,,,,,,0,,,,,,,05:00:00 16-Feb-2024,,,
260358,260358,0.500000,UT,,,21:56:22 16-Feb-2024,,3,43.5600,-59.9549,,,,,,3.425,,,,,,,,,,,,,,,,,,,,,,,,,,,,,,0,,,,,,,05:00:00 16-Feb-2024,,,
260358,260358,0.500000,UT,1.00b,,21:58:04 16-Feb-2024,,3,43.5600,-59.9549,,0,,,,,,,,,,,,,,,,,,,,,,,,,,,,,,,,,,0,,,,,,,05:00:00 16-Feb-2024,,,
260358,260358,0.500000,UT,,,22:01:33 16-Feb-2024,,3,43.5530,-59.9561,,,,,729,,,,,,,,,,,,,,,,,,,,,,,,,,,,,,,0,,,,,,,05:00:00 16-Feb-2024,,,
260358,260358,0.500000,UT,,22:05:20 16-Feb-2024,22:04:45 16-Feb-2024,-34,3,43.5530,-59.9561,CRC,,,,732,3.375,,,2.90,,,,,,,,,,,,,,255,1,,0,,,,,,,0,,,0,126,,,,,,05:00:00 16-Feb-2024,,,
260358,260358,0.500000,UT,,,22:06:16 16-Feb-2024,,3,43.5530,-59.9561,,,,,,,,,,,,,,,,,,,,,,,,,,,,,,,,,,,,0,,,,,,,05:00:00 16-Feb-2024,,,7311
260358,260358,0.500000,UT,,,22:07:07 16-Feb-2024,,3,43.5530,-59.9561,,,,,,,,,2.95,,,,,,,,,,,,,,,,,,,,,,,,,,,0,,,,,,,05:00:00 16-Feb-2024,,,
260358,260358,0.500000,UT,,,22:08:24 16-Feb-2024,,3,43.5530,-59.9561,,,,,735,,,,,,,,,,,,,,,,,,,,,,,,,,,,,,,0,,,,,,,05:00:00 16-Feb-2024,,,
260358,260358,0.500000,UT,,,22:09:48 16-Feb-2024,,3,43.5530,-59.9561,,,,,,3.400,,,,,,,,,,,,,,,,,,,,,,,,,,,,,,0,,,,,,,05:00:00 16-Feb-2024,,,
260358,260358,0.500000,UT,1.00b,,22:10:47 16-Feb-2024,,3,43.5530,-59.9561,,0,,,,,,,,,,,,,,,,,,,,,,,,,,,,,,,,,,0,,,,,,,05:00:00 16-Feb-2024,,,
260358,260358,0.500000,UT,1.00b,,22:31:48 16-Feb-2024,,2,43.5554,-59.9578,,0,,,,,,,,,,,,,,,,,,,,,,,,,,,,,,,,,,0,,,,,,,05:00:00 16-Feb-2024,,,
260358,260358,0.500000,UT,,,22:33:24 16-Feb-2024,,2,43.5554,-59.9578,,,,,,,,,,,,,,,,,,,,,,,,,,,,,,,,,,,,0,,,,,,,05:00:00 16-Feb-2024,,,7311
260358,260358,0.500000,UT,,,22:35:03 16-Feb-2024,,2,43.5554,-59.9578,,,,,,,,,2.80,,,,,,,,,,,,,,,,,,,,,,,,,,,0,,,,,,,05:00:00 16-Feb-2024,,,
260358,260358,0.500000,UT,,,22:36:46 16-Feb-2024,,1,43.5427,-59.9521,,,,,755,,,,,,,,,,,,,,,,,,,,,,,,,,,,,,,0,,,,,,,05:00:00 16-Feb-2024,,,
260358,260358,0.500000,UT,,,22:37:58 16-Feb-2024,,2,43.5554,-59.9578,,,,,,3.425,,,,,,,,,,,,,,,,,,,,,,,,,,,,,,0,,,,,,,05:00:00 16-Feb-2024,,,
260358,260358,0.500000,UT,,22:40:38 16-Feb-2024,22:40:03 16-Feb-2024,-34,1,43.5427,-59.9521,CRC,,,,757,3.375,,,2.85,,,,,,,,,,,,,,255,1,,0,,,,,,,0,,,0,80,,,,,,05:00:00 16-Feb-2024,,,
260358,260358,0.500000,UT,,,23:17:34 16-Feb-2024,,3,43.5220,-59.9253,,,,,,,,,2.80,,,,,,,,,,,,,,,,,,,,,,,,,,,0,,,,,,,05:00:00 16-Feb-2024,,,
260358,260358,0.500000,UT,,,23:19:27 16-Feb-2024,,3,43.5220,-59.9253,,,,,781,,,,,,,,,,,,,,,,,,,,,,,,,,,,,,,0,,,,,,,05:00:00 16-Feb-2024,,,
260358,260358,0.500000,UT,,23:22:13 16-Feb-2024,23:21:38 16-Feb-2024,-34,3,43.5220,-59.9253,CRC,,,,782,3.400,,,2.80,,,,,,,,,,,,,,255,1,,0,,,,,,,0,,,0,85,,,,,,05:00:00 16-Feb-2024,,,
260358,260358,0.500000,UT,,,23:22:41 16-Feb-2024,,3,43.5220,-59.9253,,,,,,3.400,,,,,,,,,,,,,,,,,,,,,,,,,,,,,,0,,,,,,,05:00:00 16-Feb-2024,,,
260358,260358,0.500000,UT,1.00b,,23:23:35 16-Feb-2024,,3,43.5220,-59.9253,,0,,,,,,,,,,,,,,,,,,,,,,,,,,,,,,,,,,0,,,,,,,05:00:00 16-Feb-2024,,,
260358,260358,0.500000,UT,,,23:25:25 16-Feb-2024,,3,43.5220,-59.9253,,,,,,,,,,,,,,,,,,,,,,,,,,,,,,,,,,,,0,,,,,,,05:00:00 16-Feb-2024,,,7311
260358,260358,0.500000,UT,,,23:26:34 16-Feb-2024,,3,43.5220,-59.9253,,,,,,,,,2.85,,,,,,,,,,,,,,,,,,,,,,,,,,,0,,,,,,,05:00:00 16-Feb-2024,,,
260358,260358,0.500000,UT,,,23:31:58 16-Feb-2024,,B,43.5216,-59.9253,,,,,,3.425,,,,,,,,,,,,,,,,,,,,,,,,,,,,,,0,,,,,,,05:00:00 16-Feb-2024,,,
260358,260358,0.500000,UT,,,23:37:20 16-Feb-2024,,1,43.5211,-59.9373,,,,,,,,,2.75,,,,,,,,,,,,,,,,,,,,,,,,,,,0,,,,,,,05:00:00 16-Feb-2024,,,
260358,260358,0.500000,UT,,,23:38:26 16-Feb-2024,,1,43.5211,-59.9373,,,,,792,,,,,,,,,,,,,,,,,,,,,,,,,,,,,,,0,,,,,,,05:00:00 16-Feb-2024,,,
260358,260358,0.500000,UT,,,23:39:54 16-Feb-2024,,1,43.5211,-59.9373,,,,,,3.400,,,,,,,,,,,,,,,,,,,,,,,,,,,,,,0,,,,,,,05:00:00 16-Feb-2024,,,
260358,260358,0.500000,UT,1.00b,,23:41:18 16-Feb-2024,,1,43.5211,-59.9373,,0,,,,,,,,,,,,,,,,,,,,,,,,,,,,,,,,,,0,,,,,,,05:00:00 16-Feb-2024,,,
260358,260358,0.500000,UT,,,00:03:30 17-Feb-2024,,B,43.5100,-59.9450,,,,,809,,,,,,,,,,,,,,,,,,,,,,,,,,,,,,,0,,,,,,,05:00:00 16-Feb-2024,,,
260358,260358,0.500000,UT,,,00:05:17 17-Feb-2024,,B,43.5100,-59.9450,,,,,,3.400,,,,,,,,,,,,,,,,,,,,,,,,,,,,,,0,,,,,,,05:00:00 16-Feb-2024,,,
260358,260358,0.500000,UT,1.00b,,00:07:36 17-Feb-2024,,3,43.5096,-59.9267,,0,,,,,,,,,,,,,,,,,,,,,,,,,,,,,,,,,,0,,,,,,,05:00:00 16-Feb-2024,,,
260358,260358,0.500000,UT,,,00:12:39 17-Feb-2024,,3,43.5096,-59.9267,,,,,,,,,2.75,,,,,,,,,,,,,,,,,,,,,,,,,,,0,,,,,,,05:00:00 16-Feb-2024,,,
260358,260358,0.500000,UT,,,00:14:33 17-Feb-2024,,3,43.5096,-59.9267,,,,,814,,,,,,,,,,,,,,,,,,,,,,,,,,,,,,,0,,,,,,,05:00:00 16-Feb-2024,,,
260358,260358,0.500000,UT,,,00:16:33 17-Feb-2024,,3,43.5096,-59.9267,,,,,,3.400,,,,,,,,,,,,,,,,,,,,,,,,,,,,,,0,,,,,,,05:00:00 16-Feb-2024,,,
260358,260358,0.500000,UT,1.00b,,00:19:02 17-Feb-2024,,3,43.5096,-59.9267,,0,,,,,,,,,,,,,,,,,,,,,,,,,,,,,,,,,,0,,,,,,,05:00:00 16-Feb-2024,,,
260358,260358,0.500000,UT,,,00:21:16 17-Feb-2024,,3,43.5089,-59.9243,,,,,,,,,,,,,,,,,,,,,,,,,,,,,,,,,,,,0,,,,,,,05:00:00 16-Feb-2024,,,7311
260358,260358,0.500000,UT,,,01:01:49 17-Feb-2024,,1,43.5035,-59.9112,,,,,846,,,,,,,,,,,,,,,,,,,,,,,,,,,,,,,0,,,,,,,05:00:00 16-Feb-2024,,,
260358,260358,0.500000,UT,1.00b,,01:05:29 17-Feb-2024,,1,43.5035,-59.9112,,0,,,,,,,,,,,,,,,,,,,,,,,,,,,,,,,,,,0,,,,,,,05:00:00 16-Feb-2024,,,
260358,260358,0.500000,UT,,,01:07:28 17-Feb-2024,,1,43.5035,-59.9112,,,,,,,,,,,,,,,,,,,,,,,,,,,,,,,,,,,,0,,,,,,,05:00:00 16-Feb-2024,,,7311
260358,260358,0.500000,UT,,,01:09:01 17-Feb-2024,,1,43.5035,-59.9112,,,,,,,,,2.70,,,,,,,,,,,,,,,,,,,,,,,,,,,0,,,,,,,05:00:00 16-Feb-2024,,,
260358,260358,0.500000,UT,1.00b,,01:42:21 17-Feb-2024,,1,43.4973,-59.8817,,0,,,,,,,,,,,,,,,,,,,,,,,,,,,,,,,,,,0,,,,,,,05:00:00 16-Feb-2024,,,
260358,260358,0.500000,UT,,,01:45:11 17-Feb-2024,,1,43.4973,-59.8817,,,,,,,,,,,,,,,,,,,,,,,,,,,,,,,,,,,,0,,,,,,,05:00:00 16-Feb-2024,,,7311
260358,260358,0.500000,UT,,,01:47:30 17-Feb-2024,,1,43.4973,-59.8817,,,,,,,,,2.80,,,,,,,,,,,,,,,,,,,,,,,,,,,0,,,,,,,05:00:00 16-Feb-2024,,,
260358,260358,0.500000,UT,,,01:49:39 17-Feb-2024,,1,43.4973,-59.8817,,,,,873,,,,,,,,,,,,,,,,,,,,,,,,,,,,,,,0,,,,,,,05:00:00 16-Feb-2024,,,
260358,260358,0.500000,UT,,,01:51:44 17-Feb-2024,,1,43.4973,-59.8817,,,,,,3.400,,,,,,,,,,,,,,,,,,,,,,,,,,,,,,0,,,,,,,05:00:00 16-Feb-2024,,,
260358,260358,0.500000,UT,,,01:56:17 17-Feb-2024,,A,43.4940,-59.8897,,,,,,,,,,,,,,,,,,,,,,,,,,,,,,,,,,,,0,,,,,,,05:00:00 16-Feb-2024,,,7311
260358,260358,0.500000,UT,,,01:59:45 17-Feb-2024,,A,43.4940,-59.8897,,,,,878,,,,,,,,,,,,,,,,,,,,,,,,,,,,,,,0,,,,,,,05:00:00 16-Feb-2024,,,
260358,260358,0.500000,UT,,,02:02:19 17-Feb-2024,,A,43.4987,-59.8740,,,,,,3.400,,,,,,,,,,,,,,,,,,,,,,,,,,,,,,0,,,,,,,05:00:00 16-Feb-2024,,,
260358,260358,0.500000,UT,1.00b,,02:03:26 17-Feb-2024,,1,43.4935,-59.8942,,0,,,,,,,,,,,,,,,,,,,,,,,,,,,,,,,,,,0,,,,,,,05:00:00 16-Feb-2024,,,
260358,260358,0.500000,UT,,,02:04:45 17-Feb-2024,,1,43.4935,-59.8942,,,,,,,,,,,,,,,,,,,,,,,,,,,,,,,,,,,,0,,,,,,,05:00:00 16-Feb-2024,,,7311
260358,260358,0.500000,UT,1.00b,,11:31:45 17-Feb-2024,,2,43.3703,-59.7671,,0,,,,,,,,,,,,,,,,,,,,,,,,,,,,,,,,,,0,,,,,,,05:00:00 16-Feb-2024,,,
260358,260358,0.500000,UT,,,11:35:05 17-Feb-2024,,2,43.3703,-59.7671,,,,,,,,,3.10,,,,,,,,,,,,,,,,,,,,,,,,,,,0,,,,,,,05:00:00 16-Feb-2024,,,
260358,260358,0.500000,UT,,,11:37:36 17-Feb-2024,,2,43.3703,-59.7671,,,,,933,,,,,,,,,,,,,,,,,,,,,,,,,,,,,,,0,,,,,,,05:00:00 16-Feb-2024,,,
260358,260358,0.500000,UT,,,12:29:35 17-Feb-2024,,A,43.3424,-59.7890,,,,,,,,,3.10,,,,,,,,,,,,,,,,,,,,,,,,,,,0,,,,,,,05:00:00 16-Feb-2024,,,
260358,260358,0.500000,UT,,,12:35:01 17-Feb-2024,,A,43.3424,-59.7890,,,,,961,,,,,,,,,,,,,,,,,,,,,,,,,,,,,,,0,,,,,,,05:00:00 16-Feb-2024,,,
260358,260358,0.500000,UT,,,12:37:27 17-Feb-2024,,2,43.3386,-59.7834,,,,,,3.450,,,,,,,,,,,,,,,,,,,,,,,,,,,,,,0,,,,,,,05:00:00 16-Feb-2024,,,
260358,260358,0.500000,UT,1.00b,,12:39:31 17-Feb-2024,,2,43.3386,-59.7834,,0,,,,,,,,,,,,,,,,,,,,,,,,,,,,,,,,,,0,,,,,,,05:00:00 16-Feb-2024,,,
260358,260358,0.500000,UT,,,13:09:45 17-Feb-2024,,B,43.3226,-59.7855,,,,,,,,,,,,,,,,,,,,,,,,,,,,,,,,,,,,0,,,,,,,05:00:00 16-Feb-2024,,,7311
260358,260358,0.500000,UT,,,13:17:09 17-Feb-2024,,A,43.3140,-59.7896,,,,,,3.425,,,,,,,,,,,,,,,,,,,,,,,,,,,,,,0,,,,,,,05:00:00 16-Feb-2024,,,
260358,260358,0.500000,UT,1.00b,,13:23:27 17-Feb-2024,,A,43.3140,-59.7896,,0,,,,,,,,,,,,,,,,,,,,,,,,,,,,,,,,,,0,,,,,,,05:00:00 16-Feb-2024,,,
260358,260358,0.500000,UT,,,14:02:40 17-Feb-2024,,A,43.2892,-59.8204,,,,,,,,,,,,,,,,,,,,,,,,,,,,,,,,,,,,0,,,,,,,05:00:00 16-Feb-2024,,,7311
260358,260358,0.500000,UT,,,14:07:45 17-Feb-2024,,A,43.2892,-59.8204,,,,,,,,,3.50,,,,,,,,,,,,,,,,,,,,,,,,,,,0,,,,,,,05:00:00 16-Feb-2024,,,
260358,260358,0.500000,UT,,,14:10:33 17-Feb-2024,,A,43.2892,-59.8204,,,,,999,,,,,,,,,,,,,,,,,,,,,,,,,,,,,,,0,,,,,,,05:00:00 16-Feb-2024,,,
260358,260358,0.500000,UT,,,14:12:46 17-Feb-2024,,1,43.2799,-59.7969,,,,,,3.425,,,,,,,,,,,,,,,,,,,,,,,,,,,,,,0,,,,,,,05:00:00 16-Feb-2024,,,
260358,260358,0.500000,UT,,,14:17:10 17-Feb-2024,,1,43.2799,-59.7969,,,,,,,,,,,,,,,,,,,,,,,,,,,,,,,,,,,,0,,,,,,,05:00:00 16-Feb-2024,,,7311
260358,260358,0.500000,UT,,,14:19:48 17-Feb-2024,,A,43.2858,-59.8067,,,,,,,,,3.75,,,,,,,,,,,,,,,,,,,,,,,,,,,0,,,,,,,05:00:00 16-Feb-2024,,,
260358,260358,0.500000,UT,,,15:01:03 17-Feb-2024,,B,43.2527,-59.8311,,,,,,,,,,,,,,,,,,,,,,,,,,,,,,,,,,,,0,,,,,,,05:00:00 16-Feb-2024,,,7311
260358,260358,0.500000,UT,1.00b,,15:40:41 17-Feb-2024,,2,43.2418,-59.8584,,0,,,,,,,,,,,,,,,,,,,,,,,,,,,,,,,,,,0,,,,,,,05:00:00 16-Feb-2024,,,
260358,260358,0.500000,UT,,,15:41:58 17-Feb-2024,,2,43.2418,-59.8584,,,,,,,,,,,,,,,,,,,,,,,,,,,,,,,,,,,,0,,,,,,,05:00:00 16-Feb-2024,,,7311
260358,260358,0.500000,UT,,,15:42:45 17-Feb-2024,,2,43.2418,-59.8584,,,,,,,,,4.05,,,,,,,,,,,,,,,,,,,,,,,,,,,0,,,,,,,05:00:00 16-Feb-2024,,,
260358,260358,0.500000,UT,,,15:44:20 17-Feb-2024,,2,43.2418,-59.8584,,,,,,3.425,,,,,,,,,,,,,,,,,,,,,,,,,,,,,,0,,,,,,,05:00:00 16-Feb-2024,,,
260358,260358,0.500000,UT,,,15:47:13 17-Feb-2024,,2,43.2418,-59.8584,,,,,,,,,4.20,,,,,,,,,,,,,,,,,,,,,,,,,,,0,,,,,,,05:00:00 16-Feb-2024,,,
260358,260358,0.500000,UT,,,15:48:46 17-Feb-2024,,2,43.2418,-59.8584,,,,,,3.375,,,,,,,,,,,,,,,,,,,,,,,,,,,,,,0,,,,,,,05:00:00 16-Feb-2024,,,
260358,260358,0.500000,UT,,,15:52:17 17-Feb-2024,,1,43.2333,-59.8474,,,,,,,,,,,,,,,,,,,,,,,,,,,,,,,,,,,,0,,,,,,,05:00:00 16-Feb-2024,,,7311
260358,260358,0.500000,UT,,21:06:47 17-Feb-2024,21:06:11 17-Feb-2024,-35,2,43.1321,-59.9667,CRC,,,,1107,3.450,,,2.95,,,,,,,,,,,,,,255,46,255,0,,,,,,,0,,,0,78,,,,,,05:00:00 16-Feb-2024,,,
260358,260358,0.500000,UT,,,21:08:32 17-Feb-2024,,2,43.1321,-59.9667,,,,,,,,,,,,,,,,,,,,,,,,,,,,,,,,,,,,0,,,,,,,05:00:00 16-Feb-2024,,,7311
260358,260358,0.500000,UT,,,21:10:18 17-Feb-2024,,2,43.1321,-59.9667,,,,,,,,,2.85,,,,,,,,,,,,,,,,,,,,,,,,,,,0,,,,,,,05:00:00 16-Feb-2024,,,
260358,260358,0.500000,UT,,,21:12:19 17-Feb-2024,,2,43.1321,-59.9667,,,,,1110,,,,,,,,,,,,,,,,,,,,,,,,,,,,,,,0,,,,,,,05:00:00 16-Feb-2024,,,
260358,260358,0.500000,UT,,,21:14:36 17-Feb-2024,,2,43.1279,-59.9701,,,,,,3.450,,,,,,,,,,,,,,,,,,,,,,,,,,,,,,0,,,,,,,05:00:00 16-Feb-2024,,,
260358,260358,0.500000,UT,1.00b,,21:17:03 17-Feb-2024,,2,43.1279,-59.9701,,0,,,,,,,,,,,,,,,,,,,,,,,,,,,,,,,,,,0,,,,,,,05:00:00 16-Feb-2024,,,
260358,260358,0.500000,UT,,,21:19:56 17-Feb-2024,,2,43.1279,-59.9701,,,,,,,,,,,,,,,,,,,,,,,,,,,,,,,,,,,,0,,,,,,,05:00:00 16-Feb-2024,,,7311
260358,260358,0.500000,UT,,,21:22:08 17-Feb-2024,,3,43.1306,-59.9750,,,,,,,,,2.85,,,,,,,,,,,,,,,,,,,,,,,,,,,0,,,,,,,05:00:00 16-Feb-2024,,,
260358,260358,0.500000,UT,,,21:24:13 17-Feb-2024,,3,43.1306,-59.9750,,,,,1115,,,,,,,,,,,,,,,,,,,,,,,,,,,,,,,0,,,,,,,05:00:00 16-Feb-2024,,,
260358,260358,0.500000,UT,,,21:41:40 17-Feb-2024,,A,43.1173,-59.9880,,,,,,,,,,,,,,,,,,,,,,,,,,,,,,,,,,,,0,,,,,,,05:00:00 16-Feb-2024,,,7311
260358,260358,0.500000,UT,,,21:44:08 17-Feb-2024,,A,43.1173,-59.9880,,,,,,,,,2.95,,,,,,,,,,,,,,,,,,,,,,,,,,,0,,,,,,,05:00:00 16-Feb-2024,,,
260358,260358,0.500000,UT,,,21:46:33 17-Feb-2024,,A,43.1173,-59.9880,,,,,1125,,,,,,,,,,,,,,,,,,,,,,,,,,,,,,,0,,,,,,,05:00:00 16-Feb-2024,,,
260358,260358,0.500000,UT,1.00b,,22:20:38 17-Feb-2024,,B,43.1022,-60.0027,,0,,,,,,,,,,,,,,,,,,,,,,,,,,,,,,,,,,0,,,,,,,05:00:00 16-Feb-2024,,,
260358,260358,0.500000,UT,1.00b,,22:52:07 17-Feb-2024,,1,43.0910,-59.9893,,0,,,,,,,,,,,,,,,,,,,,,,,,,,,,,,,,,,0,,,,,,,05:00:00 16-Feb-2024,,,
260358,260358,0.500000,UT,,,22:54:51 17-Feb-2024,,1,43.0910,-59.9893,,,,,,,,,,,,,,,,,,,,,,,,,,,,,,,,,,,,0,,,,,,,05:00:00 16-Feb-2024,,,7311
260358,260358,0.500000,UT,,,22:57:31 17-Feb-2024,,2,43.0878,-59.9897,,,,,,,,,2.95,,,,,,,,,,,,,,,,,,,,,,,,,,,0,,,,,,,05:00:00 16-Feb-2024,,,
260358,260358,0.500000,UT,,,23:00:10 17-Feb-2024,,1,43.0910,-59.9893,,,,,1156,,,,,,,,,,,,,,,,,,,,,,,,,,,,,,,0,,,,,,,05:00:00 16-Feb-2024,,,
260358,260358,0.500000,UT,,23:03:24 17-Feb-2024,23:02:48 17-Feb-2024,-35,1,43.0910,-59.9893,CRC,,,,1157,3.425,,,2.90,,,,,,,,,,,,,,255,46,255,0,,,,,,,0,,,0,97,,,,,,05:00:00 16-Feb-2024,,,
260358,260358,0.500000,UT,,,23:05:22 17-Feb-2024,,2,43.0878,-59.9897,,,,,,3.400,,,,,,,,,,,,,,,,,,,,,,,,,,,,,,0,,,,,,,05:00:00 16-Feb-2024,,,
260358,260358,0.500000,UT,,,23:17:36 17-Feb-2024,,A,43.0789,-59.9932,,,,,,,,,,,,,,,,,,,,,,,,,,,,,,,,,,,,0,,,,,,,05:00:00 16-Feb-2024,,,7311
260358,260358,0.500000,UT,,,23:19:02 17-Feb-2024,,A,43.0789,-59.9932,,,,,,,,,2.90,,,,,,,,,,,,,,,,,,,,,,,,,,,0,,,,,,,05:00:00 16-Feb-2024,,,
260358,260358,0.500000,UT,,,23:20:51 17-Feb-2024,,A,43.0789,-59.9932,,,,,1167,,,,,,,,,,,,,,,,,,,,,,,,,,,,,,,0,,,,,,,05:00:00 16-Feb-2024,,,
260358,260358,0.500000,UT,,,23:50:48 17-Feb-2024,,2,43.0592,-59.9996,,,,,1183,,,,,,,,,,,,,,,,,,,,,,,,,,,,,,,0,,,,,,,05:00:00 16-Feb-2024,,,
260358,260358,0.500000,UT,,,23:52:57 17-Feb-2024,,2,43.0592,-59.9996,,,,,,3.425,,,,,,,,,,,,,,,,,,,,,,,,,,,,,,0,,,,,,,05:00:00 16-Feb-2024,,,
260358,260358,0.500000,UT,1.00b,,23:55:09 17-Feb-2024,,2,43.0592,-59.9996,,0,,,,,,,,,,,,,,,,,,,,,,,,,,,,,,,,,,0,,,,,,,05:00:00 16-Feb-2024,,,
260358,260358,0.500000,UT,,,23:56:43 17-Feb-2024,,3,43.0566,-60.0043,,,,,,,,,,,,,,,,,,,,,,,,,,,,,,,,,,,,0,,,,,,,05:00:00 16-Feb-2024,,,7311
260358,260358,0.500000,UT,,,23:58:32 17-Feb-2024,,3,43.0566,-60.0043,,,,,,,,,2.90,,,,,,,,,,,,,,,,,,,,,,,,,,,0,,,,,,,05:00:00 16-Feb-2024,,,
260358,260358,0.500000,UT,,,00:03:14 18-Feb-2024,,3,43.0566,-60.0043,,,,,1189,,,,,,,,,,,,,,,,,,,,,,,,,,,,,,,0,,,,,,,05:00:00 16-Feb-2024,,,
260358,260358,0.500000,UT,,,00:35:51 18-Feb-2024,,A,43.0421,-60.0188,,,,,1210,,,,,,,,,,,,,,,,,,,,,,,,,,,,,,,0,,,,,,,05:00:00 16-Feb-2024,,,
260358,260358,0.500000,UT,1.00b,,00:37:28 18-Feb-2024,,A,43.0421,-60.0188,,0,,,,,,,,,,,,,,,,,,,,,,,,,,,,,,,,,,0,,,,,,,05:00:00 16-Feb-2024,,,
260358,260358,0.500000,UT,,,00:40:42 18-Feb-2024,,A,43.0421,-60.0188,,,,,,3.425,,,,,,,,,,,,,,,,,,,,,,,,,,,,,,0,,,,,,,05:00:00 16-Feb-2024,,,
260358,260358,0.500000,UT,,,01:20:09 18-Feb-2024,,B,43.0211,-60.0252,,,,,,3.400,,,,,,,,,,,,,,,,,,,,,,,,,,,,,,0,,,,,,,05:00:00 16-Feb-2024,,,
260358,260358,0.500000,UT,,,01:33:43 18-Feb-2024,,3,43.0369,-60.0065,,,,,,,,,,,,,,,,,,,,,,,,,,,,,,,,,,,,0,,,,,,,05:00:00 16-Feb-2024,,,7311
260358,260358,0.500000,UT,,,01:34:32 18-Feb-2024,,3,43.0369,-60.0065,,,,,,,,,2.95,,,,,,,,,,,,,,,,,,,,,,,,,,,0,,,,,,,05:00:00 16-Feb-2024,,,
260358,260358,0.500000,UT,,,01:35:18 18-Feb-2024,,3,43.0369,-60.0065,,,,,1269,,,,,,,,,,,,,,,,,,,,,,,,,,,,,,,0,,,,,,,05:00:00 16-Feb-2024,,,
260358,260358,0.500000,UT,,,01:39:06 18-Feb-2024,,3,43.0369,-60.0065,,,,,,,,,,,,,,,,,,,,,,,,,,,,,,,,,,,,0,,,,,,,05:00:00 16-Feb-2024,,,7311
260358,260358,0.500000,UT,,,01:40:37 18-Feb-2024,,3,43.0369,-60.0065,,,,,1274,,,,,,,,,,,,,,,,,,,,,,,,,,,,,,,0,,,,,,,05:00:00 16-Feb-2024,,,
260358,260358,0.500000,UT,,,01:42:10 18-Feb-2024,,2,43.0367,-60.0035,,,,,,3.325,,,,,,,,,,,,,,,,,,,,,,,,,,,,,,0,,,,,,,05:00:00 16-Feb-2024,,,
260358,260358,0.500000,UT,,,01:44:50 18-Feb-2024,,A,43.0343,-60.0051,,,,,,,,,,,,,,,,,,,,,,,,,,,,,,,,,,,,0,,,,,,,05:00:00 16-Feb-2024,,,7311
260358,260358,0.500000,UT,,,02:22:18 18-Feb-2024,,B,43.0191,-60.0092,,,,,1306,,,,,,,,,,,,,,,,,,,,,,,,,,,,,,,0,,,,,,,05:00:00 16-Feb-2024,,,
260358,260358,0.500000,UT,,,11:10:34 18-Feb-2024,,3,42.8213,-59.9754,,,,,,,,,,,,,,,,,,,,,,,,,,,,,,,,,,,,0,,,,,,,05:00:00 16-Feb-2024,,,7311
260358,260358,0.500000,UT,,,11:12:39 18-Feb-2024,,3,42.8213,-59.9754,,,,,,,,,3.45,,,,,,,,,,,,,,,,,,,,,,,,,,,0,,,,,,,05:00:00 16-Feb-2024,,,
260358,260358,0.500000,UT,,,11:14:36 18-Feb-2024,,3,42.8213,-59.9754,,,,,1340,,,,,,,,,,,,,,,,,,,,,,,,,,,,,,,0,,,,,,,05:00:00 16-Feb-2024,,,
260358,260358,0.500000,UT,,,11:16:38 18-Feb-2024,,3,42.8213,-59.9754,,,,,,3.450,,,,,,,,,,,,,,,,,,,,,,,,,,,,,,0,,,,,,,05:00:00 16-Feb-2024,,,
260358,260358,0.500000,UT,1.00b,,12:09:03 18-Feb-2024,,A,42.7868,-59.9392,,0,,,,,,,,,,,,,,,,,,,,,,,,,,,,,,,,,,0,,,,,,,05:00:00 16-Feb-2024,,,
260358,260358,0.500000,UT,,,12:09:54 18-Feb-2024,,A,42.7868,-59.9392,,,,,,,,,,,,,,,,,,,,,,,,,,,,,,,,,,,,0,,,,,,,05:00:00 16-Feb-2024,,,7311
260358,260358,0.500000,UT,,,12:12:39 18-Feb-2024,,A,42.7868,-59.9392,,,,,,3.425,,,,,,,,,,,,,,,,,,,,,,,,,,,,,,0,,,,,,,05:00:00 16-Feb-2024,,,
260358,260358,0.500000,UT,,,12:19:11 18-Feb-2024,,1,42.8182,-59.9586,,,,,1398,,,,,,,,,,,,,,,,,,,,,,,,,,,,,,,0,,,,,,,05:00:00 16-Feb-2024,,,
260358,260358,0.500000,UT,1.00b,,12:20:48 18-Feb-2024,,1,42.8182,-59.9586,,0,,,,,,,,,,,,,,,,,,,,,,,,,,,,,,,,,,0,,,,,,,05:00:00 16-Feb-2024,,,
260358,260358,0.500000,UT,,,12:24:47 18-Feb-2024,,1,42.8182,-59.9586,,,,,,3.375,,,,,,,,,,,,,,,,,,,,,,,,,,,,,,0,,,,,,,05:00:00 16-Feb-2024,,,
260358,260358,0.500000,UT,,,12:26:42 18-Feb-2024,,1,42.8182,-59.9586,,,,,,,,,,,,,,,,,,,,,,,,,,,,,,,,,,,,0,,,,,,,05:00:00 16-Feb-2024,,,7311
260358,260358,0.500000,UT,1.00b,,12:50:14 18-Feb-2024,,1,42.8220,-59.9544,,0,,,,,,,,,,,,,,,,,,,,,,,,,,,,,,,,,,0,,,,,,,05:00:00 16-Feb-2024,,,
260358,260358,0.500000,UT,,,12:51:59 18-Feb-2024,,1,42.8220,-59.9544,,,,,,,,,4.10,,,,,,,,,,,,,,,,,,,,,,,,,,,0,,,,,,,05:00:00 16-Feb-2024,,,
260358,260358,0.500000,UT,,,12:52:44 18-Feb-2024,,1,42.8220,-59.9544,,,,,1425,,,,,,,,,,,,,,,,,,,,,,,,,,,,,,,0,,,,,,,05:00:00 16-Feb-2024,,,
260358,260358,0.500000,UT,,,12:59:19 18-Feb-2024,,B,42.8111,-59.9485,,,,,,,,,3.75,,,,,,,,,,,,,,,,,,,,,,,,,,,0,,,,,,,05:00:00 16-Feb-2024,,,
260358,260358,0.500000,UT,,,13:49:27 18-Feb-2024,,2,42.8014,-59.9674,,,,,1458,,,,,,,,,,,,,,,,,,,,,,,,,,,,,,,0,,,,,,,05:00:00 16-Feb-2024,,,
260358,260358,0.500000,UT,,,13:51:28 18-Feb-2024,,2,42.8014,-59.9674,,,,,,3.425,,,,,,,,,,,,,,,,,,,,,,,,,,,,,,0,,,,,,,05:00:00 16-Feb-2024,,,
260358,260358,0.500000,UT,1.00b,,13:53:43 18-Feb-2024,,2,42.7939,-59.9564,,0,,,,,,,,,,,,,,,,,,,,,,,,,,,,,,,,,,0,,,,,,,05:00:00 16-Feb-2024,,,
260358,260358,0.500000,UT,,,13:56:22 18-Feb-2024,,2,42.8014,-59.9674,,,,,,,,,,,,,,,,,,,,,,,,,,,,,,,,,,,,0,,,,,,,05:00:00 16-Feb-2024,,,7311
260358,260358,0.500000,UT,,,13:57:42 18-Feb-2024,,2,42.7939,-59.9564,,,,,,,,,4.30,,,,,,,,,,,,,,,,,,,,,,,,,,,0,,,,,,,05:00:00 16-Feb-2024,,,
260358,260358,0.500000,UT,,,14:00:34 18-Feb-2024,,2,42.7939,-59.9564,,,,,1464,,,,,,,,,,,,,,,,,,,,,,,,,,,,,,,0,,,,,,,05:00:00 16-Feb-2024,,,
260358,260358,0.500000,UT,1.00b,,14:03:52 18-Feb-2024,,1,42.7980,-59.9563,,0,,,,,,,,,,,,,,,,,,,,,,,,,,,,,,,,,,0,,,,,,,05:00:00 16-Feb-2024,,,
260358,260358,0.500000,UT,,,14:36:31 18-Feb-2024,,3,42.7847,-59.9456,,,,,,,,,4.45,,,,,,,,,,,,,,,,,,,,,,,,,,,0,,,,,,,05:00:00 16-Feb-2024,,,
260358,260358,0.500000,UT,1.00b,,14:39:57 18-Feb-2024,,3,42.7847,-59.9456,,0,,,,,,,,,,,,,,,,,,,,,,,,,,,,,,,,,,0,,,,,,,05:00:00 16-Feb-2024,,,
260358,260358,0.500000,UT,,,14:42:39 18-Feb-2024,,3,42.7847,-59.9456,,,,,,,,,4.30,,,,,,,,,,,,,,,,,,,,,,,,,,,0,,,,,,,05:00:00 16-Feb-2024,,,
260358,260358,0.500000,UT,,,14:55:04 18-Feb-2024,,1,42.7766,-59.9543,,,,,1495,,,,,,,,,,,,,,,,,,,,,,,,,,,,,,,0,,,,,,,05:00:00 16-Feb-2024,,,
260358,260358,0.500000,UT,,,14:57:27 18-Feb-2024,,1,42.7766,-59.9543,,,,,,,,,,,,,,,,,,,,,,,,,,,,,,,,,,,,0,,,,,,,05:00:00 16-Feb-2024,,,7311
260358,260358,0.500000,UT,,,14:59:27 18-Feb-2024,,1,42.7766,-59.9543,,,,,1500,,,,,,,,,,,,,,,,,,,,,,,,,,,,,,,0,,,,,,,05:00:00 16-Feb-2024,,,
260358,260358,0.500000,UT,,,15:00:33 18-Feb-2024,,1,42.7766,-59.9543,,,,,,3.400,,,,,,,,,,,,,,,,,,,,,,,,,,,,,,0,,,,,,,05:00:00 16-Feb-2024,,,
260358,260358,0.500000,UT,1.00b,,15:32:41 18-Feb-2024,,0,42.7838,-59.9336,,0,,,,,,,,,,,,,,,,,,,,,,,,,,,,,,,,,,0,,,,,,,05:00:00 16-Feb-2024,,,
260358,260358,0.500000,UT,,,15:33:31 18-Feb-2024,,0,42.7838,-59.9336,,,,,,,,,,,,,,,,,,,,,,,,,,,,,,,,,,,,0,,,,,,,05:00:00 16-Feb-2024,,,7311
260358,260358,0.500000,UT,,,15:35:09 18-Feb-2024,,3,42.7760,-59.9344,,,,,1537,,,,,,,,,,,,,,,,,,,,,,,,,,,,,,,0,,,,,,,05:00:00 16-Feb-2024,,,
260358,260358,0.500000,UT,,,15:38:45 18-Feb-2024,,3,42.7760,-59.9344,,,,,,,,,4.60,,,,,,,,,,,,,,,,,,,,,,,,,,,0,,,,,,,05:00:00 16-Feb-2024,,,
260358,260358,0.500000,UT,,,15:43:01 18-Feb-2024,,B,42.7694,-59.9372,,,,,,,,,,,,,,,,,,,,,,,,,,,,,,,,,,,,0,,,,,,,05:00:00 16-Feb-2024,,,7311
260358,260358,0.500000,UT,,,16:34:50 18-Feb-2024,,0,42.7603,-59.8922,,,,,,,,,5.30,,,,,,,,,,,,,,,,,,,,,,,,,,,0,,,,,,,05:00:00 16-Feb-2024,,,
260358,260358,0.500000,UT,,,16:37:04 18-Feb-2024,,0,42.7603,-59.8922,,,,,,3.400,,,,,,,,,,,,,,,,,,,,,,,,,,,,,,0,,,,,,,05:00:00 16-Feb-2024,,,
260358,260358,0.500000,UT,1.00b,,16:37:51 18-Feb-2024,,0,42.7603,-59.8922,,0,,,,,,,,,,,,,,,,,,,,,,,,,,,,,,,,,,0,,,,,,,05:00:00 16-Feb-2024,,,
260358,260358,0.500000,UT,,,16:38:45 18-Feb-2024,,0,42.7603,-59.8922,,,,,,,,,,,,,,,,,,,,,,,,,,,,,,,,,,,,0,,,,,,,05:00:00 16-Feb-2024,,,7311
260358,260358,0.500000,UT,,,16:41:52 18-Feb-2024,,0,42.7603,-59.8922,,,,,,3.425,,,,,,,,,,,,,,,,,,,,,,,,,,,,,,0,,,,,,,05:00:00 16-Feb-2024,,,
260358,260358,0.500000,UT,1.00b,,21:18:40 18-Feb-2024,,1,42.6613,-59.8939,,0,,,,,,,,,,,,,,,,,,,,,,,,,,,,,,,,,,0,,,,,,,05:00:00 16-Feb-2024,,,
260358,260358,0.500000,UT,,,21:19:25 18-Feb-2024,,1,42.6613,-59.8939,,,,,,,,,,,,,,,,,,,,,,,,,,,,,,,,,,,,0,,,,,,,05:00:00 16-Feb-2024,,,7311
260358,260358,0.500000,UT,,,21:20:13 18-Feb-2024,,1,42.6613,-59.8939,,,,,,,,,3.80,,,,,,,,,,,,,,,,,,,,,,,,,,,0,,,,,,,05:00:00 16-Feb-2024,,,
260358,260358,0.500000,UT,,,21:21:17 18-Feb-2024,,1,42.6613,-59.8939,,,,,1620,,,,,,,,,,,,,,,,,,,,,,,,,,,,,,,0,,,,,,,05:00:00 16-Feb-2024,,,
260358,260358,0.500000,UT,,,21:23:14 18-Feb-2024,,1,42.6613,-59.8939,,,,,,3.450,,,,,,,,,,,,,,,,,,,,,,,,,,,,,,0,,,,,,,05:00:00 16-Feb-2024,,,
260358,260358,0.500000,UT,,,22:05:44 18-Feb-2024,,1,42.6479,-59.9166,,,,,1646,,,,,,,,,,,,,,,,,,,,,,,,,,,,,,,0,,,,,,,05:00:00 16-Feb-2024,,,
260358,260358,0.500000,UT,,,22:06:48 18-Feb-2024,,1,42.6479,-59.9166,,,,,,3.450,,,,,,,,,,,,,,,,,,,,,,,,,,,,,,0,,,,,,,05:00:00 16-Feb-2024,,,
260358,260358,0.500000,UT,1.00b,,22:07:33 18-Feb-2024,,1,42.6479,-59.9166,,0,,,,,,,,,,,,,,,,,,,,,,,,,,,,,,,,,,0,,,,,,,05:00:00 16-Feb-2024,,,
260358,260358,0.500000,UT,,,22:08:49 18-Feb-2024,,1,42.6479,-59.9166,,,,,,,,,,,,,,,,,,,,,,,,,,,,,,,,,,,,0,,,,,,,05:00:00 16-Feb-2024,,,7311
260358,260358,0.500000,UT,,,22:11:27 18-Feb-2024,,1,42.6479,-59.9166,,,,,,,,,4.60,,,,,,,,,,,,,,,,,,,,,,,,,,,0,,,,,,,05:00:00 16-Feb-2024,,,
260358,260358,0.500000,UT,,,22:14:47 18-Feb-2024,,1,42.6479,-59.9166,,,,,,3.425,,,,,,,,,,,,,,,,,,,,,,,,,,,,,,0,,,,,,,05:00:00 16-Feb-2024,,,
260358,260358,0.500000,UT,,22:23:44 18-Feb-2024,22:23:06 18-Feb-2024,-37,1,42.6264,-59.8685,CRC,,,,1657,3.450,,,4.30,,,,,,,,,,,,,,255,46,255,0,,,,,,,0,,,0,95,,,,,,05:00:00 16-Feb-2024,,,
260358,260358,0.500000,UT,,,22:24:36 18-Feb-2024,,B,42.6420,-59.9123,,,,,,3.425,,,,,,,,,,,,,,,,,,,,,,,,,,,,,,0,,,,,,,05:00:00 16-Feb-2024,,,
260358,260358,0.500000,UT,,,22:27:43 18-Feb-2024,,1,42.6264,-59.8685,,,,,,,,,4.30,,,,,,,,,,,,,,,,,,,,,,,,,,,0,,,,,,,05:00:00 16-Feb-2024,,,
260358,260358,0.500000,UT,,,22:28:28 18-Feb-2024,,1,42.6264,-59.8685,,,,,1662,,,,,,,,,,,,,,,,,,,,,,,,,,,,,,,0,,,,,,,05:00:00 16-Feb-2024,,,
260358,260358,0.500000,UT,,,22:29:30 18-Feb-2024,,1,42.6264,-59.8685,,,,,,3.425,,,,,,,,,,,,,,,,,,,,,,,,,,,,,,0,,,,,,,05:00:00 16-Feb-2024,,,
260358,260358,0.500000,UT,,,22:31:59 18-Feb-2024,,1,42.6264,-59.8685,,,,,,,,,,,,,,,,,,,,,,,,,,,,,,,,,,,,0,,,,,,,05:00:00 16-Feb-2024,,,7311
260358,260358,0.500000,UT,,,22:32:44 18-Feb-2024,,1,42.6264,-59.8685,,,,,,,,,4.40,,,,,,,,,,,,,,,,,,,,,,,,,,,0,,,,,,,05:00:00 16-Feb-2024,,,
260358,260358,0.500000,UT,,,22:53:53 18-Feb-2024,,A,42.6249,-59.9068,,,,,,,,,4.30,,,,,,,,,,,,,,,,,,,,,,,,,,,0,,,,,,,05:00:00 16-Feb-2024,,,
260358,260358,0.500000,UT,,22:57:27 18-Feb-2024,22:56:49 18-Feb-2024,-37,A,42.6249,-59.9068,CRC,,,,1682,3.400,,,4.25,,,,,,,,,,,,,,255,46,255,0,,,,,,,0,,,0,88,,,,,,05:00:00 16-Feb-2024,,,
260358,260358,0.500000,UT,,,22:59:49 18-Feb-2024,,A,42.6249,-59.9068,,,,,1683,,,,,,,,,,,,,,,,,,,,,,,,,,,,,,,0,,,,,,,05:00:00 16-Feb-2024,,,
260358,260358,0.500000,UT,,,23:30:35 18-Feb-2024,,1,42.6136,-59.9306,,,,,,,,,4.60,,,,,,,,,,,,,,,,,,,,,,,,,,,0,,,,,,,05:00:00 16-Feb-2024,,,
260358,260358,0.500000,UT,,,23:31:20 18-Feb-2024,,1,42.6136,-59.9306,,,,,1703,,,,,,,,,,,,,,,,,,,,,,,,,,,,,,,0,,,,,,,05:00:00 16-Feb-2024,,,
260358,260358,0.500000,UT,,,23:36:01 18-Feb-2024,,1,42.6136,-59.9306,,,,,,,,,,,,,,,,,,,,,,,,,,,,,,,,,,,,0,,,,,,,05:00:00 16-Feb-2024,,,7311
260358,260358,0.500000,UT,1.00b,,23:40:39 18-Feb-2024,,1,42.6136,-59.9306,,0,,,,,,,,,,,,,,,,,,,,,,,,,,,,,,,,,,0,,,,,,,05:00:00 16-Feb-2024,,,
260358,260358,0.500000,UT,,,23:47:59 18-Feb-2024,,3,42.6161,-59.9285,,,,,,,,,5.45,,,,,,,,,,,,,,,,,,,,,,,,,,,0,,,,,,,05:00:00 16-Feb-2024,,,
260358,260358,0.500000,UT,,,23:48:44 18-Feb-2024,,3,42.6161,-59.9285,,,,,1714,,,,,,,,,,,,,,,,,,,,,,,,,,,,,,,0,,,,,,,05:00:00 16-Feb-2024,,,
260358,260358,0.500000,UT,,,23:50:04 18-Feb-2024,,3,42.6161,-59.9285,,,,,,3.425,,,,,,,,,,,,,,,,,,,,,,,,,,,,,,0,,,,,,,05:00:00 16-Feb-2024,,,
260358,260358,0.500000,UT,1.00b,,23:51:25 18-Feb-2024,,3,42.6161,-59.9285,,0,,,,,,,,,,,,,,,,,,,,,,,,,,,,,,,,,,0,,,,,,,05:00:00 16-Feb-2024,,,
260358,260358,0.500000,UT,,,00:02:51 19-Feb-2024,,A,42.6044,-59.8935,,,,,,,,,5.25,,,,,,,,,,,,,,,,,,,,,,,,,,,0,,,,,,,05:00:00 16-Feb-2024,,,
260358,260358,0.500000,UT,,,00:03:37 19-Feb-2024,,A,42.6044,-59.8935,,,,,1725,,,,,,,,,,,,,,,,,,,,,,,,,,,,,,,0,,,,,,,05:00:00 16-Feb-2024,,,
260358,260358,0.500000,UT,1.00b,,00:06:48 19-Feb-2024,,3,42.6090,-59.9354,,0,,,,,,,,,,,,,,,,,,,,,,,,,,,,,,,,,,0,,,,,,,05:00:00 16-Feb-2024,,,
260358,260358,0.500000,UT,,,00:09:09 19-Feb-2024,,A,42.6044,-59.8935,,,,,,,,,,,,,,,,,,,,,,,,,,,,,,,,,,,,0,,,,,,,05:00:00 16-Feb-2024,,,7311
260358,260358,0.500000,UT,,,00:11:54 19-Feb-2024,,3,42.6090,-59.9354,,,,,,,,,6.25,,,,,,,,,,,,,,,,,,,,,,,,,,,0,,,,,,,05:00:00 16-Feb-2024,,,
260358,260358,0.500000,UT,,,00:12:55 19-Feb-2024,,3,42.6090,-59.9354,,,,,1730,,,,,,,,,,,,,,,,,,,,,,,,,,,,,,,0,,,,,,,05:00:00 16-Feb-2024,,,
260358,260358,0.500000,UT,,,00:14:05 19-Feb-2024,,3,42.6090,-59.9354,,,,,,3.450,,,,,,,,,,,,,,,,,,,,,,,,,,,,,,0,,,,,,,05:00:00 16-Feb-2024,,,
260358,260358,0.500000,UT,,00:15:36 19-Feb-2024,00:14:58 19-Feb-2024,-37,3,42.6090,-59.9354,CRC,,,,1732,3.450,,,6.10,,,,,,,,,,,,,,255,44,255,0,,,,,,,9,,,0,83,,,,,,05:00:00 16-Feb-2024,,,
260358,260358,0.500000,UT,1.00b,,00:15:46 19-Feb-2024,,3,42.6090,-59.9354,,0,,,,,,,,,,,,,,,,,,,,,,,,,,,,,,,,,,0,,,,,,,05:00:00 16-Feb-2024,,,
260358,260358,0.500000,UT,,,00:18:59 19-Feb-2024,,1,42.6035,-59.9458,,,,,,,,,6.20,,,,,,,,,,,,,,,,,,,,,,,,,,,0,,,,,,,05:00:00 16-Feb-2024,,,
260358,260358,0.500000,UT,,,00:20:39 19-Feb-2024,,1,42.6035,-59.9458,,,,,,3.400,,,,,,,,,,,,,,,,,,,,,,,,,,,,,,0,,,,,,,05:00:00 16-Feb-2024,,,
260358,260358,0.500000,UT,,,00:26:02 19-Feb-2024,,1,42.6035,-59.9458,,,,,,3.375,,,,,,,,,,,,,,,,,,,,,,,,,,,,,,0,,,,,,,05:00:00 16-Feb-2024,,,
260358,260358,0.500000,UT,,,00:27:44 19-Feb-2024,,1,42.6035,-59.9458,,,,,,,,,,,,,,,,,,,,,,,,,,,,,,,,,,,,0,,,,,,,05:00:00 16-Feb-2024,,,7311
260358,260358,0.500000,UT,,,01:17:52 19-Feb-2024,,3,42.5998,-59.9324,,,,,,3.450,,,,,,,,,,,,,,,,,,,,,,,,,,,,,,0,,,,,,,05:00:00 16-Feb-2024,,,
260358,260358,0.500000,UT,1.00b,,01:18:45 19-Feb-2024,,3,42.5998,-59.9324,,0,,,,,,,,,,,,,,,,,,,,,,,,,,,,,,,,,,0,,,,,,,05:00:00 16-Feb-2024,,,
260358,260358,0.500000,UT,,,01:19:31 19-Feb-2024,,3,42.5998,-59.9324,,,,,,,,,,,,,,,,,,,,,,,,,,,,,,,,,,,,0,,,,,,,05:00:00 16-Feb-2024,,,7311
260358,260358,0.500000,UT,,,01:20:39 19-Feb-2024,,3,42.5998,-59.9324,,,,,,,,,6.35,,,,,,,,,,,,,,,,,,,,,,,,,,,0,,,,,,,05:00:00 16-Feb-2024,,,
260358,260358,0.500000,UT,,,01:21:36 19-Feb-2024,,3,42.5998,-59.9324,,,,,1794,,,,,,,,,,,,,,,,,,,,,,,,,,,,,,,0,,,,,,,05:00:00 16-Feb-2024,,,
260358,260358,0.500000,UT,,,01:22:32 19-Feb-2024,,1,42.5972,-59.9379,,,,,,3.450,,,,,,,,,,,,,,,,,,,,,,,,,,,,,,0,,,,,,,05:00:00 16-Feb-2024,,,
260358,260358,0.500000,UT,,,11:50:00 19-Feb-2024,,B,42.4781,-59.7973,,,,,,3.450,,,,,,,,,,,,,,,,,,,,,,,,,,,,,,0,,,,,,,05:00:00 16-Feb-2024,,,
260358,260358,0.500000,UT,,,11:52:19 19-Feb-2024,,B,42.4781,-59.7973,,,,,,,,,5.95,,,,,,,,,,,,,,,,,,,,,,,,,,,0,,,,,,,05:00:00 16-Feb-2024,,,
260358,260358,0.500000,UT,1.00b,,11:54:50 19-Feb-2024,,A,42.5168,-59.7877,,0,,,,,,,,,,,,,,,,,,,,,,,,,,,,,,,,,,0,,,,,,,05:00:00 16-Feb-2024,,,
260358,260358,0.500000,UT,,,12:08:23 19-Feb-2024,,1,42.5195,-59.7774,,,,,,,,,,,,,,,,,,,,,,,,,,,,,,,,,,,,0,,,,,,,05:00:00 16-Feb-2024,,,7311
260358,260358,0.500000,UT,,,12:09:09 19-Feb-2024,,1,42.5195,-59.7774,,,,,,,,,6.00,,,,,,,,,,,,,,,,,,,,,,,,,,,0,,,,,,,05:00:00 16-Feb-2024,,,
260358,260358,0.500000,UT,1.00b,,12:11:28 19-Feb-2024,,1,42.5195,-59.7774,,0,,,,,,,,,,,,,,,,,,,,,,,,,,,,,,,,,,0,,,,,,,05:00:00 16-Feb-2024,,,
260358,260358,0.500000,UT,,,12:13:01 19-Feb-2024,,1,42.5195,-59.7774,,,,,,,,,6.10,,,,,,,,,,,,,,,,,,,,,,,,,,,0,,,,,,,05:00:00 16-Feb-2024,,,
260358,260358,0.500000,UT,,,12:22:46 19-Feb-2024,,2,42.5228,-59.7625,,,,,,,,,6.05,,,,,,,,,,,,,,,,,,,,,,,,,,,0,,,,,,,05:00:00 16-Feb-2024,,,
260358,260358,0.500000,UT,,,12:23:44 19-Feb-2024,,2,42.5228,-59.7625,,,,,1856,,,,,,,,,,,,,,,,,,,,,,,,,,,,,,,0,,,,,,,05:00:00 16-Feb-2024,,,
260358,260358,0.500000,UT,,12:25:35 19-Feb-2024,12:24:56 19-Feb-2024,-38,2,42.5228,-59.7625,CRC,,,,1857,3.425,,,6.10,,,,,,,,,,,,,,255,44,255,0,,,,,,,3,,,0,100,,,,,,05:00:00 16-Feb-2024,,,
260358,260358,0.500000,UT,1.00b,,12:28:22 19-Feb-2024,,2,42.5228,-59.7625,,0,,,,,,,,,,,,,,,,,,,,,,,,,,,,,,,,,,0,,,,,,,05:00:00 16-Feb-2024,,,
260358,260358,0.500000,UT,,,12:29:29 19-Feb-2024,,2,42.5228,-59.7625,,,,,,,,,,,,,,,,,,,,,,,,,,,,,,,,,,,,0,,,,,,,05:00:00 16-Feb-2024,,,7311
260358,260358,0.500000,UT,,,12:33:32 19-Feb-2024,,B,42.5230,-59.7775,,,,,,3.450,,,,,,,,,,,,,,,,,,,,,,,,,,,,,,0,,,,,,,05:00:00 16-Feb-2024,,,
260358,260358,0.500000,UT,1.00b,,12:34:29 19-Feb-2024,,B,42.5230,-59.7775,,0,,,,,,,,,,,,,,,,,,,,,,,,,,,,,,,,,,0,,,,,,,05:00:00 16-Feb-2024,,,
260358,260358,0.500000,UT,,,13:28:17 19-Feb-2024,,2,42.5145,-59.7041,,,,,,,,,,,,,,,,,,,,,,,,,,,,,,,,,,,,0,,,,,,,05:00:00 16-Feb-2024,,,7311
260358,260358,0.500000,UT,,,13:29:47 19-Feb-2024,,2,42.5145,-59.7041,,,,,,,,,5.70,,,,,,,,,,,,,,,,,,,,,,,,,,,0,,,,,,,05:00:00 16-Feb-2024,,,
260358,260358,0.500000,UT,,,13:30:33 19-Feb-2024,,2,42.5145,-59.7041,,,,,1904,,,,,,,,,,,,,,,,,,,,,,,,,,,,,,,0,,,,,,,05:00:00 16-Feb-2024,,,
260358,260358,0.500000,UT,,,13:31:18 19-Feb-2024,,2,42.5145,-59.7041,,,,,,3.425,,,,,,,,,,,,,,,,,,,,,,,,,,,,,,0,,,,,,,05:00:00 16-Feb-2024,,,
260358,260358,0.500000,UT,1.00b,,13:33:15 19-Feb-2024,,2,42.5145,-59.7041,,0,,,,,,,,,,,,,,,,,,,,,,,,,,,,,,,,,,0,,,,,,,05:00:00 16-Feb-2024,,,
260358,260358,0.500000,UT,,13:34:58 19-Feb-2024,13:34:19 19-Feb-2024,-38,2,42.5145,-59.7041,CRC,,,,1907,3.425,,,5.65,,,,,,,,,,,,,,158,44,255,0,,,,,,,2,,,0,67,,,,,,05:00:00 16-Feb-2024,,,
260358,260358,0.500000,UT,,,13:38:06 19-Feb-2024,,2,42.5179,-59.6973,,,,,,,,,6.00,,,,,,,,,,,,,,,,,,,,,,,,,,,0,,,,,,,05:00:00 16-Feb-2024,,,
260358,260358,0.500000,UT,,,13:40:44 19-Feb-2024,,2,42.5179,-59.6973,,,,,,3.425,,,,,,,,,,,,,,,,,,,,,,,,,,,,,,0,,,,,,,05:00:00 16-Feb-2024,,,
260358,260358,0.500000,UT,1.00b,,13:41:36 19-Feb-2024,,2,42.5179,-59.6973,,0,,,,,,,,,,,,,,,,,,,,,,,,,,,,,,,,,,0,,,,,,,05:00:00 16-Feb-2024,,,
260358,260358,0.500000,UT,,,13:45:33 19-Feb-2024,,2,42.5179,-59.6973,,,,,,,,,5.95,,,,,,,,,,,,,,,,,,,,,,,,,,,0,,,,,,,05:00:00 16-Feb-2024,,,
260358,260358,0.500000,UT,,,13:48:32 19-Feb-2024,,1,42.5124,-59.6865,,,,,1915,,,,,,,,,,,,,,,,,,,,,,,,,,,,,,,0,,,,,,,05:00:00 16-Feb-2024,,,
260358,260358,0.500000,UT,,,13:50:41 19-Feb-2024,,1,42.5124,-59.6865,,,,,,3.350,,,,,,,,,,,,,,,,,,,,,,,,,,,,,,0,,,,,,,05:00:00 16-Feb-2024,,,
260358,260358,0.500000,UT,,,13:54:51 19-Feb-2024,,1,42.5124,-59.6865,,,,,,,,,,,,,,,,,,,,,,,,,,,,,,,,,,,,0,,,,,,,05:00:00 16-Feb-2024,,,7311
260358,260358,0.500000,UT,1.00b,,14:03:22 19-Feb-2024,,B,42.5125,-59.6862,,0,,,,,,,,,,,,,,,,,,,,,,,,,,,,,,,,,,0,,,,,,,05:00:00 16-Feb-2024,,,
260358,260358,0.500000,UT,,,14:14:49 19-Feb-2024,,3,42.5004,-59.6731,,,,,,3.400,,,,,,,,,,,,,,,,,,,,,,,,,,,,,,0,,,,,,,05:00:00 16-Feb-2024,,,
260358,260358,0.500000,UT,,,14:17:14 19-Feb-2024,,3,42.5004,-59.6731,,,,,,,,,5.95,,,,,,,,,,,,,,,,,,,,,,,,,,,0,,,,,,,05:00:00 16-Feb-2024,,,
260358,260358,0.500000,UT,,,14:18:00 19-Feb-2024,,3,42.5004,-59.6731,,,,,1937,,,,,,,,,,,,,,,,,,,,,,,,,,,,,,,0,,,,,,,05:00:00 16-Feb-2024,,,
260358,260358,0.500000,UT,,,14:21:03 19-Feb-2024,,3,42.5004,-59.6731,,,,,,,,,6.15,,,,,,,,,,,,,,,,,,,,,,,,,,,0,,,,,,,05:00:00 16-Feb-2024,,,
260358,260358,0.500000,UT,,,14:22:35 19-Feb-2024,,3,42.5004,-59.6731,,,,,,3.425,,,,,,,,,,,,,,,,,,,,,,,,,,,,,,0,,,,,,,05:00:00 16-Feb-2024,,,
260358,260358,0.500000,UT,,,21:25:40 19-Feb-2024,,3,42.4493,-59.5238,,,,,,,,,,,,,,,,,,,,,,,,,,,,,,,,,,,,0,,,,,,,05:00:00 16-Feb-2024,,,7311
260358,260358,0.500000,UT,,,21:26:56 19-Feb-2024,,3,42.4493,-59.5238,,,,,,,,,5.05,,,,,,,,,,,,,,,,,,,,,,,,,,,0,,,,,,,05:00:00 16-Feb-2024,,,
260358,260358,0.500000,UT,,,21:29:14 19-Feb-2024,,3,42.4493,-59.5238,,,,,1953,,,,,,,,,,,,,,,,,,,,,,,,,,,,,,,0,,,,,,,05:00:00 16-Feb-2024,,,
260358,260358,0.500000,UT,,,21:30:33 19-Feb-2024,,3,42.4493,-59.5238,,,,,,3.475,,,,,,,,,,,,,,,,,,,,,,,,,,,,,,0,,,,,,,05:00:00 16-Feb-2024,,,
260358,260358,0.500000,UT,1.00b,,21:31:54 19-Feb-2024,,3,42.4493,-59.5238,,0,,,,,,,,,,,,,,,,,,,,,,,,,,,,,,,,,,0,,,,,,,05:00:00 16-Feb-2024,,,
260358,260358,0.500000,UT,,,21:52:52 19-Feb-2024,,1,42.4527,-59.5069,,,,,,,,,4.75,,,,,,,,,,,,,,,,,,,,,,,,,,,0,,,,,,,05:00:00 16-Feb-2024,,,
260358,260358,0.500000,UT,,,21:55:22 19-Feb-2024,,1,42.4527,-59.5069,,,,,,3.475,,,,,,,,,,,,,,,,,,,,,,,,,,,,,,0,,,,,,,05:00:00 16-Feb-2024,,,
260358,260358,0.500000,UT,1.00b,,21:57:02 19-Feb-2024,,1,42.4527,-59.5069,,0,,,,,,,,,,,,,,,,,,,,,,,,,,,,,,,,,,0,,,,,,,05:00:00 16-Feb-2024,,,
260358,260358,0.500000,UT,,,21:57:47 19-Feb-2024,,1,42.4527,-59.5069,,,,,,,,,,,,,,,,,,,,,,,,,,,,,,,,,,,,0,,,,,,,05:00:00 16-Feb-2024,,,7311
260358,260358,0.500000,UT,,,21:58:32 19-Feb-2024,,1,42.4527,-59.5069,,,,,,,,,4.65,,,,,,,,,,,,,,,,,,,,,,,,,,,0,,,,,,,05:00:00 16-Feb-2024,,,
260358,260358,0.500000,UT,,,22:02:03 19-Feb-2024,,2,42.4623,-59.5085,,,,,1974,,,,,,,,,,,,,,,,,,,,,,,,,,,,,,,0,,,,,,,05:00:00 16-Feb-2024,,,
260358,260358,0.500000,UT,,,22:05:36 19-Feb-2024,,2,42.4623,-59.5085,,,,,,3.450,,,,,,,,,,,,,,,,,,,,,,,,,,,,,,0,,,,,,,05:00:00 16-Feb-2024,,,
260358,260358,0.500000,UT,1.00b,,22:06:26 19-Feb-2024,,2,42.4623,-59.5085,,0,,,,,,,,,,,,,,,,,,,,,,,,,,,,,,,,,,0,,,,,,,05:00:00 16-Feb-2024,,,
260358,260358,0.500000,UT,,,22:08:37 19-Feb-2024,,2,42.4623,-59.5085,,,,,,,,,,,,,,,,,,,,,,,,,,,,,,,,,,,,0,,,,,,,05:00:00 16-Feb-2024,,,7311
260358,260358,0.500000,UT,,,22:28:51 19-Feb-2024,,1,42.4537,-59.4700,,,,,,,,,4.65,,,,,,,,,,,,,,,,,,,,,,,,,,,0,,,,,,,05:00:00 16-Feb-2024,,,
260358,260358,0.500000,UT,,,22:32:54 19-Feb-2024,,1,42.4537,-59.4700,,,,,,3.450,,,,,,,,,,,,,,,,,,,,,,,,,,,,,,0,,,,,,,05:00:00 16-Feb-2024,,,
260358,260358,0.500000,UT,1.00b,,22:35:38 19-Feb-2024,,1,42.4537,-59.4700,,0,,,,,,,,,,,,,,,,,,,,,,,,,,,,,,,,,,0,,,,,,,05:00:00 16-Feb-2024,,,
260358,260358,0.500000,UT,,,22:36:50 19-Feb-2024,,1,42.4537,-59.4700,,,,,,,,,,,,,,,,,,,,,,,,,,,,,,,,,,,,0,,,,,,,05:00:00 16-Feb-2024,,,7311
260358,260358,0.500000,UT,,,00:02:26 20-Feb-2024,,B,42.4619,-59.4581,,,,,2027,,,,,,,,,,,,,,,,,,,,,,,,,,,,,,,0,,,,,,,05:00:00 16-Feb-2024,,,
260358,260358,0.500000,UT,,,00:04:04 20-Feb-2024,,B,42.4619,-59.4581,,,,,,3.425,,,,,,,,,,,,,,,,,,,,,,,,,,,,,,0,,,,,,,05:00:00 16-Feb-2024,,,
260358,260358,0.500000,UT,1.00b,,00:04:56 20-Feb-2024,,B,42.4624,-59.4598,,0,,,,,,,,,,,,,,,,,,,,,,,,,,,,,,,,,,0,,,,,,,05:00:00 16-Feb-2024,,,
260358,260358,0.500000,UT,,,00:52:32 20-Feb-2024,,0,42.4737,-59.4155,,,,,,,,,,,,,,,,,,,,,,,,,,,,,,,,,,,,0,,,,,,,05:00:00 16-Feb-2024,,,7311
260358,260358,0.500000,UT,,,00:53:41 20-Feb-2024,,0,42.4737,-59.4155,,,,,,,,,4.15,,,,,,,,,,,,,,,,,,,,,,,,,,,0,,,,,,,05:00:00 16-Feb-2024,,,
260358,260358,0.500000,UT,,,00:54:40 20-Feb-2024,,0,42.4737,-59.4155,,,,,2054,,,,,,,,,,,,,,,,,,,,,,,,,,,,,,,0,,,,,,,05:00:00 16-Feb-2024,,,
260358,260358,0.500000,UT,1.00b,,00:56:30 20-Feb-2024,,0,42.4737,-59.4155,,0,,,,,,,,,,,,,,,,,,,,,,,,,,,,,,,,,,0,,,,,,,05:00:00 16-Feb-2024,,,
260358,260358,0.500000,UT,,,00:58:45 20-Feb-2024,,0,42.4737,-59.4155,,,,,,,,,,,,,,,,,,,,,,,,,,,,,,,,,,,,0,,,,,,,05:00:00 16-Feb-2024,,,7311
260358,260358,0.500000,UT,1.00b,,01:06:20 20-Feb-2024,,2,42.4736,-59.4140,,0,,,,,,,,,,,,,,,,,,,,,,,,,,,,,,,,,,0,,,,,,,05:00:00 16-Feb-2024,,,
260358,260358,0.500000,UT,,,01:08:21 20-Feb-2024,,2,42.4736,-59.4140,,,,,,,,,,,,,,,,,,,,,,,,,,,,,,,,,,,,0,,,,,,,05:00:00 16-Feb-2024,,,7311
260358,260358,0.500000,UT,,,01:10:33 20-Feb-2024,,2,42.4736,-59.4140,,,,,,,,,4.35,,,,,,,,,,,,,,,,,,,,,,,,,,,0,,,,,,,05:00:00 16-Feb-2024,,,
260358,260358,0.500000,UT,,,01:12:27 20-Feb-2024,,2,42.4736,-59.4140,,,,,2065,,,,,,,,,,,,,,,,,,,,,,,,,,,,,,,0,,,,,,,05:00:00 16-Feb-2024,,,
260358,260358,0.500000,UT,,,01:16:21 20-Feb-2024,,2,42.4736,-59.4140,,,,,,,,,4.45,,,,,,,,,,,,,,,,,,,,,,,,,,,0,,,,,,,05:00:00 16-Feb-2024,,,
260358,260358,0.500000,UT,1.00b,,01:18:45 20-Feb-2024,,2,42.4733,-59.4091,,0,,,,,,,,,,,,,,,,,,,,,,,,,,,,,,,,,,0,,,,,,,05:00:00 16-Feb-2024,,,
260358,260358,0.500000,UT,,,01:20:49 20-Feb-2024,,2,42.4733,-59.4091,,,,,,,,,4.50,,,,,,,,,,,,,,,,,,,,,,,,,,,0,,,,,,,05:00:00 16-Feb-2024,,,
260358,260358,0.500000,UT,,,01:22:40 20-Feb-2024,,2,42.4733,-59.4091,,,,,,3.425,,,,,,,,,,,,,,,,,,,,,,,,,,,,,,0,,,,,,,05:00:00 16-Feb-2024,,,
260358,260358,0.500000,UT,,,01:24:22 20-Feb-2024,,B,42.4740,-59.4198,,,,,,,,,,,,,,,,,,,,,,,,,,,,,,,,,,,,0,,,,,,,05:00:00 16-Feb-2024,,,7311
260358,260358,0.500000,UT,,,01:39:05 20-Feb-2024,,B,42.4771,-59.4127,,,,,,,,,,,,,,,,,,,,,,,,,,,,,,,,,,,,0,,,,,,,05:00:00 16-Feb-2024,,,7311
260358,260358,0.500000,UT,1.00b,,01:42:58 20-Feb-2024,,B,42.4771,-59.4127,,0,,,,,,,,,,,,,,,,,,,,,,,,,,,,,,,,,,0,,,,,,,05:00:00 16-Feb-2024,,,
260358,260358,0.500000,UT,1.00b,,11:54:57 20-Feb-2024,,A,42.6623,-59.2249,,0,,,,,,,,,,,,,,,,,,,,,,,,,,,,,,,,,,0,,,,,,,05:00:00 16-Feb-2024,,,
260358,260358,0.500000,UT,,,11:58:00 20-Feb-2024,,A,42.6623,-59.2249,,,,,,,,,,,,,,,,,,,,,,,,,,,,,,,,,,,,0,,,,,,,05:00:00 16-Feb-2024,,,7311
260358,260358,0.500000,UT,,,12:02:02 20-Feb-2024,,A,42.6623,-59.2249,,,,,2111,,,,,,,,,,,,,,,,,,,,,,,,,,,,,,,0,,,,,,,05:00:00 16-Feb-2024,,,
260358,260358,0.500000,UT,,,13:07:30 20-Feb-2024,,A,42.6950,-59.2278,,,,,,,,,,,,,,,,,,,,,,,,,,,,,,,,,,,,0,,,,,,,05:00:00 16-Feb-2024,,,7311
260358,260358,0.500000,UT,,,13:09:56 20-Feb-2024,,A,42.6950,-59.2278,,,,,,,,,4.70,,,,,,,,,,,,,,,,,,,,,,,,,,,0,,,,,,,05:00:00 16-Feb-2024,,,
260358,260358,0.500000,UT,,,13:32:10 20-Feb-2024,,2,42.7052,-59.2136,,,,,,,,,4.60,,,,,,,,,,,,,,,,,,,,,,,,,,,0,,,,,,,05:00:00 16-Feb-2024,,,
260358,260358,0.500000,UT,,,13:35:48 20-Feb-2024,,2,42.7052,-59.2136,,,,,2139,,,,,,,,,,,,,,,,,,,,,,,,,,,,,,,0,,,,,,,05:00:00 16-Feb-2024,,,
260358,260358,0.500000,UT,,,13:39:17 20-Feb-2024,,2,42.7052,-59.2136,,,,,,3.450,,,,,,,,,,,,,,,,,,,,,,,,,,,,,,0,,,,,,,05:00:00 16-Feb-2024,,,
260358,260358,0.500000,UT,1.00b,,13:42:31 20-Feb-2024,,2,42.7052,-59.2136,,0,,,,,,,,,,,,,,,,,,,,,,,,,,,,,,,,,,0,,,,,,,05:00:00 16-Feb-2024,,,
260358,260358,0.500000,UT,,,13:44:24 20-Feb-2024,,2,42.7052,-59.2136,,,,,,,,,,,,,,,,,,,,,,,,,,,,,,,,,,,,0,,,,,,,05:00:00 16-Feb-2024,,,7311
260358,260358,0.500000,UT,,,13:55:01 20-Feb-2024,,1,42.7081,-59.2200,,,,,2149,,,,,,,,,,,,,,,,,,,,,,,,,,,,,,,0,,,,,,,05:00:00 16-Feb-2024,,,
260358,260358,0.500000,UT,,,13:55:51 20-Feb-2024,,1,42.7081,-59.2200,,,,,,3.475,,,,,,,,,,,,,,,,,,,,,,,,,,,,,,0,,,,,,,05:00:00 16-Feb-2024,,,
260358,260358,0.500000,UT,,,13:58:47 20-Feb-2024,,1,42.7081,-59.2200,,,,,,,,,5.00,,,,,,,,,,,,,,,,,,,,,,,,,,,0,,,,,,,05:00:00 16-Feb-2024,,,
260358,260358,0.500000,UT,,,13:59:44 20-Feb-2024,,1,42.7081,-59.2200,,,,,2154,,,,,,,,,,,,,,,,,,,,,,,,,,,,,,,0,,,,,,,05:00:00 16-Feb-2024,,,
260358,260358,0.500000,UT,,,14:01:57 20-Feb-2024,,1,42.7081,-59.2200,,,,,,3.450,,,,,,,,,,,,,,,,,,,,,,,,,,,,,,0,,,,,,,05:00:00 16-Feb-2024,,,
260358,260358,0.500000,UT,,14:03:52 20-Feb-2024,14:03:10 20-Feb-2024,-41,1,42.7081,-59.2200,CRC,,,,2157,3.450,,,5.60,,,,,,,,,,,,,,105,40,255,0,,,,,,,1,,,0,84,,,,,,05:00:00 16-Feb-2024,,,
260358,260358,0.500000,UT,1.00b,,14:03:59 20-Feb-2024,,1,42.7081,-59.2200,,0,,,,,,,,,,,,,,,,,,,,,,,,,,,,,,,,,,0,,,,,,,05:00:00 16-Feb-2024,,,
260358,260358,0.500000,UT,,,14:04:44 20-Feb-2024,,1,42.7081,-59.2200,,,,,,,,,,,,,,,,,,,,,,,,,,,,,,,,,,,,0,,,,,,,05:00:00 16-Feb-2024,,,7311
260358,260358,0.500000,UT,1.00b,,14:49:42 20-Feb-2024,,A,42.7018,-59.2168,,0,,,,,,,,,,,,,,,,,,,,,,,,,,,,,,,,,,0,,,,,,,05:00:00 16-Feb-2024,,,
260358,260358,0.500000,UT,,,14:53:21 20-Feb-2024,,A,42.7018,-59.2168,,,,,,3.425,,,,,,,,,,,,,,,,,,,,,,,,,,,,,,0,,,,,,,05:00:00 16-Feb-2024,,,
260358,260358,0.500000,UT,,,15:05:48 20-Feb-2024,,0,42.7250,-59.1927,,,,,2229,,,,,,,,,,,,,,,,,,,,,,,,,,,,,,,0,,,,,,,05:00:00 16-Feb-2024,,,
260358,260358,0.500000,UT,,,15:06:40 20-Feb-2024,,0,42.7250,-59.1927,,,,,,3.350,,,,,,,,,,,,,,,,,,,,,,,,,,,,,,0,,,,,,,05:00:00 16-Feb-2024,,,
260358,260358,0.500000,UT,,15:08:55 20-Feb-2024,15:08:14 20-Feb-2024,-40,0,42.7250,-59.1927,CRC,,,,2232,3.450,,,5.65,,,,,,,,,,,,,,255,40,255,0,,,,,,,0,,,0,97,,,,,,05:00:00 16-Feb-2024,,,
260358,260358,0.500000,UT,,,15:08:59 20-Feb-2024,,A,42.7185,-59.2325,,,,,,,,,,,,,,,,,,,,,,,,,,,,,,,,,,,,0,,,,,,,05:00:00 16-Feb-2024,,,7311
260358,260358,0.500000,UT,,,15:10:32 20-Feb-2024,,0,42.7250,-59.1927,,,,,2235,,,,,,,,,,,,,,,,,,,,,,,,,,,,,,,0,,,,,,,05:00:00 16-Feb-2024,,,
260358,260358,0.500000,UT,,,15:11:18 20-Feb-2024,,0,42.7250,-59.1927,,,,,,3.375,,,,,,,,,,,,,,,,,,,,,,,,,,,,,,0,,,,,,,05:00:00 16-Feb-2024,,,
260358,260358,0.500000,UT,,,15:14:37 20-Feb-2024,,0,42.7250,-59.1927,,,,,2240,,,,,,,,,,,,,,,,,,,,,,,,,,,,,,,0,,,,,,,05:00:00 16-Feb-2024,,,
260358,260358,0.500000,UT,,,15:15:33 20-Feb-2024,,0,42.7250,-59.1927,,,,,,3.375,,,,,,,,,,,,,,,,,,,,,,,,,,,,,,0,,,,,,,05:00:00 16-Feb-2024,,,
260358,260358,0.500000,UT,1.00b,,15:20:29 20-Feb-2024,,0,42.7461,-59.2323,,0,,,,,,,,,,,,,,,,,,,,,,,,,,,,,,,,,,0,,,,,,,05:00:00 16-Feb-2024,,,
260358,260358,0.500000,UT,,,15:21:16 20-Feb-2024,,0,42.7461,-59.2323,,,,,,,,,,,,,,,,,,,,,,,,,,,,,,,,,,,,0,,,,,,,05:00:00 16-Feb-2024,,,7311
260358,260358,0.500000,UT,,,21:22:15 20-Feb-2024,,B,42.8279,-59.1954,,,,,2266,,,,,,,,,,,,,,,,,,,,,,,,,,,,,,,0,,,,,,,05:00:00 16-Feb-2024,,,
260358,260358,0.500000,UT,,,21:25:47 20-Feb-2024,,B,42.8279,-59.1954,,,,,,3.475,,,,,,,,,,,,,,,,,,,,,,,,,,,,,,0,,,,,,,05:00:00 16-Feb-2024,,,
260358,260358,0.500000,UT,,,21:40:43 20-Feb-2024,,B,42.8547,-59.2447,,,,,2271,,,,,,,,,,,,,,,,,,,,,,,,,,,,,,,0,,,,,,,05:00:00 16-Feb-2024,,,
260358,260358,0.500000,UT,,,22:07:25 20-Feb-2024,,A,42.8646,-59.2422,,,,,,,,,,,,,,,,,,,,,,,,,,,,,,,,,,,,0,,,,,,,05:00:00 16-Feb-2024,,,7311
260358,260358,0.500000,UT,,,22:08:50 20-Feb-2024,,A,42.8646,-59.2422,,,,,,,,,5.95,,,,,,,,,,,,,,,,,,,,,,,,,,,0,,,,,,,05:00:00 16-Feb-2024,,,
260358,260358,0.500000,UT,,,22:12:36 20-Feb-2024,,A,42.8646,-59.2422,,,,,2281,,,,,,,,,,,,,,,,,,,,,,,,,,,,,,,0,,,,,,,05:00:00 16-Feb-2024,,,
260358,260358,0.500000,UT,,,22:27:05 20-Feb-2024,,B,42.8641,-59.2426,,,,,,,,,,,,,,,,,,,,,,,,,,,,,,,,,,,,0,,,,,,,05:00:00 16-Feb-2024,,,7311
260358,260358,0.500000,UT,,,22:56:03 20-Feb-2024,,B,42.8711,-59.2368,,,,,,,,,5.45,,,,,,,,,,,,,,,,,,,,,,,,,,,0,,,,,,,05:00:00 16-Feb-2024,,,
260358,260358,0.500000,UT,,,23:01:00 20-Feb-2024,,2,42.8835,-59.2578,,,,,,3.450,,,,,,,,,,,,,,,,,,,,,,,,,,,,,,0,,,,,,,05:00:00 16-Feb-2024,,,
260358,260358,0.500000,UT,1.00b,,23:02:57 20-Feb-2024,,2,42.8835,-59.2578,,0,,,,,,,,,,,,,,,,,,,,,,,,,,,,,,,,,,0,,,,,,,05:00:00 16-Feb-2024,,,
260358,260358,0.500000,UT,,,23:06:09 20-Feb-2024,,2,42.8835,-59.2578,,,,,2302,,,,,,,,,,,,,,,,,,,,,,,,,,,,,,,0,,,,,,,05:00:00 16-Feb-2024,,,
260358,260358,0.500000,UT,,,23:07:06 20-Feb-2024,,2,42.8835,-59.2578,,,,,,3.375,,,,,,,,,,,,,,,,,,,,,,,,,,,,,,0,,,,,,,05:00:00 16-Feb-2024,,,
260358,260358,0.500000,UT,,,23:08:36 20-Feb-2024,,2,42.8835,-59.2578,,,,,,,,,,,,,,,,,,,,,,,,,,,,,,,,,,,,0,,,,,,,05:00:00 16-Feb-2024,,,7311
260358,260358,0.500000,UT,,,23:09:28 20-Feb-2024,,2,42.8835,-59.2578,,,,,,,,,5.20,,,,,,,,,,,,,,,,,,,,,,,,,,,0,,,,,,,05:00:00 16-Feb-2024,,,
260358,260358,0.500000,UT,1.00b,,23:15:23 20-Feb-2024,,3,42.8832,-59.2475,,0,,,,,,,,,,,,,,,,,,,,,,,,,,,,,,,,,,0,,,,,,,05:00:00 16-Feb-2024,,,
260358,260358,0.500000,UT,,,23:17:51 20-Feb-2024,,3,42.8832,-59.2475,,,,,,,,,,,,,,,,,,,,,,,,,,,,,,,,,,,,0,,,,,,,05:00:00 16-Feb-2024,,,7311
260358,260358,0.500000,UT,,,23:20:20 20-Feb-2024,,3,42.8832,-59.2475,,,,,,,,,5.20,,,,,,,,,,,,,,,,,,,,,,,,,,,0,,,,,,,05:00:00 16-Feb-2024,,,
260358,260358,0.500000,UT,,,23:23:00 20-Feb-2024,,B,42.8810,-59.2580,,,,,2313,,,,,,,,,,,,,,,,,,,,,,,,,,,,,,,0,,,,,,,05:00:00 16-Feb-2024,,,
260358,260358,0.500000,UT,,,23:25:41 20-Feb-2024,,3,42.8832,-59.2475,,,,,,3.450,,,,,,,,,,,,,,,,,,,,,,,,,,,,,,0,,,,,,,05:00:00 16-Feb-2024,,,
260358,260358,0.500000,UT,1.00b,,23:28:29 20-Feb-2024,,B,42.8810,-59.2580,,0,,,,,,,,,,,,,,,,,,,,,,,,,,,,,,,,,,0,,,,,,,05:00:00 16-Feb-2024,,,
260358,260358,0.500000,UT,1.00b,,23:42:03 20-Feb-2024,,B,42.8835,-59.2565,,0,,,,,,,,,,,,,,,,,,,,,,,,,,,,,,,,,,0,,,,,,,05:00:00 16-Feb-2024,,,
260358,260358,0.500000,UT,,,00:27:46 21-Feb-2024,,1,42.9039,-59.2772,,,,,,,,,4.55,,,,,,,,,,,,,,,,,,,,,,,,,,,0,,,,,,,05:00:00 16-Feb-2024,,,
260358,260358,0.500000,UT,,,00:32:27 21-Feb-2024,,1,42.9039,-59.2772,,,,,,3.425,,,,,,,,,,,,,,,,,,,,,,,,,,,,,,0,,,,,,,05:00:00 16-Feb-2024,,,
260358,260358,0.500000,UT,1.00b,,00:34:23 21-Feb-2024,,1,42.9039,-59.2772,,0,,,,,,,,,,,,,,,,,,,,,,,,,,,,,,,,,,0,,,,,,,05:00:00 16-Feb-2024,,,
260358,260358,0.500000,UT,,,00:36:24 21-Feb-2024,,1,42.9039,-59.2772,,,,,,,,,,,,,,,,,,,,,,,,,,,,,,,,,,,,0,,,,,,,05:00:00 16-Feb-2024,,,7311
260358,260358,0.500000,UT,,,00:38:52 21-Feb-2024,,1,42.9039,-59.2772,,,,,,,,,4.55,,,,,,,,,,,,,,,,,,,,,,,,,,,0,,,,,,,05:00:00 16-Feb-2024,,,
260358,260358,0.500000,UT,,,00:44:10 21-Feb-2024,,B,42.9039,-59.2772,,,,,,3.425,,,,,,,,,,,,,,,,,,,,,,,,,,,,,,0,,,,,,,05:00:00 16-Feb-2024,,,
260358,260358,0.500000,UT,,,00:55:47 21-Feb-2024,,3,42.9080,-59.2880,,,,,,,,,4.60,,,,,,,,,,,,,,,,,,,,,,,,,,,0,,,,,,,05:00:00 16-Feb-2024,,,
260358,260358,0.500000,UT,,,00:57:51 21-Feb-2024,,3,42.9080,-59.2880,,,,,2351,,,,,,,,,,,,,,,,,,,,,,,,,,,,,,,0,,,,,,,05:00:00 16-Feb-2024,,,
260358,260358,0.500000,UT,,,00:59:14 21-Feb-2024,,3,42.9080,-59.2880,,,,,,3.425,,,,,,,,,,,,,,,,,,,,,,,,,,,,,,0,,,,,,,05:00:00 16-Feb-2024,,,
260358,260358,0.500000,UT,1.00b,,01:02:03 21-Feb-2024,,3,42.9080,-59.2880,,0,,,,,,,,,,,,,,,,,,,,,,,,,,,,,,,,,,0,,,,,,,05:00:00 16-Feb-2024,,,
260358,260358,0.500000,UT,1.00b,,01:02:04 21-Feb-2024,,B,42.9074,-59.2886,,0,,,,,,,,,,,,,,,,,,,,,,,,,,,,,,,,,,0,,,,,,,05:00:00 16-Feb-2024,,,
260358,260358,0.500000,UT,,01:10:55 21-Feb-2024,01:10:13 21-Feb-2024,-41,B,42.9074,-59.2886,CRC,,,,2357,3.450,,,5.05,,,,,,,,,,,,,,154,39,255,0,,,,,,,8,,,0,78,,,,,,05:00:00 16-Feb-2024,,,
260358,260358,0.500000,UT,,,01:18:03 21-Feb-2024,,A,42.9208,-59.2907,,,,,,,,,,,,,,,,,,,,,,,,,,,,,,,,,,,,0,,,,,,,05:00:00 16-Feb-2024,,,7311
260358,260358,0.500000,UT,,,01:20:53 21-Feb-2024,,A,42.9208,-59.2907,,,,,,,,,5.35,,,,,,,,,,,,,,,,,,,,,,,,,,,0,,,,,,,05:00:00 16-Feb-2024,,,
260358,260358,0.500000,UT,,,01:24:10 21-Feb-2024,,A,42.9208,-59.2907,,,,,2362,,,,,,,,,,,,,,,,,,,,,,,,,,,,,,,0,,,,,,,05:00:00 16-Feb-2024,,,
260358,260358,0.500000,UT,,,02:14:57 21-Feb-2024,,3,42.9163,-59.3011,,,,,,,,,5.65,,,,,,,,,,,,,,,,,,,,,,,,,,,0,,,,,,,05:00:00 16-Feb-2024,,,
260358,260358,0.500000,UT,,,02:15:45 21-Feb-2024,,3,42.9163,-59.3011,,,,,2394,,,,,,,,,,,,,,,,,,,,,,,,,,,,,,,0,,,,,,,05:00:00 16-Feb-2024,,,
260358,260358,0.500000,UT,,,02:18:05 21-Feb-2024,,3,42.9163,-59.3011,,,,,,,,,,,,,,,,,,,,,,,,,,,,,,,,,,,,0,,,,,,,05:00:00 16-Feb-2024,,,7311
260358,260358,0.500000,UT,,,02:22:03 21-Feb-2024,,1,42.9226,-59.3022,,,,,,3.350,,,,,,,,,,,,,,,,,,,,,,,,,,,,,,0,,,,,,,05:00:00 16-Feb-2024,,,
260358,260358,0.500000,UT,,,11:28:04 21-Feb-2024,,2,43.1339,-59.5156,,,,,,,,,2.70,,,,,,,,,,,,,,,,,,,,,,,,,,,0,,,,,,,05:00:00 16-Feb-2024,,,
260358,260358,0.500000,UT,,,11:31:57 21-Feb-2024,,2,43.1339,-59.5156,,,,,2412,,,,,,,,,,,,,,,,,,,,,,,,,,,,,,,0,,,,,,,05:00:00 16-Feb-2024,,,
260358,260358,0.500000,UT,,,11:35:46 21-Feb-2024,,2,43.1339,-59.5156,,,,,,3.450,,,,,,,,,,,,,,,,,,,,,,,,,,,,,,0,,,,,,,05:00:00 16-Feb-2024,,,
260358,260358,0.500000,UT,1.00b,,11:39:08 21-Feb-2024,,2,43.1339,-59.5156,,0,,,,,,,,,,,,,,,,,,,,,,,,,,,,,,,,,,0,,,,,,,05:00:00 16-Feb-2024,,,
260358,260358,0.500000,UT,,,11:44:16 21-Feb-2024,,B,43.1362,-59.5175,,,,,,,,,2.70,,,,,,,,,,,,,,,,,,,,,,,,,,,0,,,,,,,05:00:00 16-Feb-2024,,,
260358,260358,0.500000,UT,,,12:46:08 21-Feb-2024,,B,43.1493,-59.5498,,,,,,,,,2.80,,,,,,,,,,,,,,,,,,,,,,,,,,,0,,,,,,,05:00:00 16-Feb-2024,,,
260358,260358,0.500000,UT,,,12:53:07 21-Feb-2024,,B,43.1493,-59.5498,,,,,,3.450,,,,,,,,,,,,,,,,,,,,,,,,,,,,,,0,,,,,,,05:00:00 16-Feb-2024,,,
260358,260358,0.500000,UT,,,13:09:05 21-Feb-2024,,3,43.1693,-59.5565,,,,,,3.450,,,,,,,,,,,,,,,,,,,,,,,,,,,,,,0,,,,,,,05:00:00 16-Feb-2024,,,
260358,260358,0.500000,UT,1.00b,,13:10:34 21-Feb-2024,,3,43.1693,-59.5565,,0,,,,,,,,,,,,,,,,,,,,,,,,,,,,,,,,,,0,,,,,,,05:00:00 16-Feb-2024,,,
260358,260358,0.500000,UT,,,13:13:17 21-Feb-2024,,3,43.1693,-59.5565,,,,,,,,,,,,,,,,,,,,,,,,,,,,,,,,,,,,0,,,,,,,05:00:00 16-Feb-2024,,,7311
260358,260358,0.500000,UT,,,13:16:20 21-Feb-2024,,3,43.1693,-59.5565,,,,,,,,,2.80,,,,,,,,,,,,,,,,,,,,,,,,,,,0,,,,,,,05:00:00 16-Feb-2024,,,
260358,260358,0.500000,UT,,,13:18:23 21-Feb-2024,,B,43.1702,-59.5573,,,,,2450,,,,,,,,,,,,,,,,,,,,,,,,,,,,,,,0,,,,,,,05:00:00 16-Feb-2024,,,
260358,260358,0.500000,UT,,,13:19:59 21-Feb-2024,,2,43.1738,-59.5545,,,,,,3.450,,,,,,,,,,,,,,,,,,,,,,,,,,,,,,0,,,,,,,05:00:00 16-Feb-2024,,,
260358,260358,0.500000,UT,1.00b,,13:20:47 21-Feb-2024,,2,43.1738,-59.5545,,0,,,,,,,,,,,,,,,,,,,,,,,,,,,,,,,,,,0,,,,,,,05:00:00 16-Feb-2024,,,
260358,260358,0.500000,UT,,,13:25:36 21-Feb-2024,,2,43.1738,-59.5545,,,,,,,,,3.00,,,,,,,,,,,,,,,,,,,,,,,,,,,0,,,,,,,05:00:00 16-Feb-2024,,,
260358,260358,0.500000,UT,,,13:26:21 21-Feb-2024,,2,43.1738,-59.5545,,,,,2456,,,,,,,,,,,,,,,,,,,,,,,,,,,,,,,0,,,,,,,05:00:00 16-Feb-2024,,,
260358,260358,0.500000,UT,,13:27:53 21-Feb-2024,13:27:10 21-Feb-2024,-42,2,43.1738,-59.5545,CRC,,,,2457,3.450,,,3.10,,,,,,,,,,,,,,255,39,255,0,,,,,,,2,,,0,70,,,,,,05:00:00 16-Feb-2024,,,
260358,260358,0.500000,UT,,,13:29:18 21-Feb-2024,,2,43.1738,-59.5545,,,,,,3.450,,,,,,,,,,,,,,,,,,,,,,,,,,,,,,0,,,,,,,05:00:00 16-Feb-2024,,,
260358,260358,0.500000,UT,1.00b,,13:30:26 21-Feb-2024,,2,43.1738,-59.5545,,0,,,,,,,,,,,,,,,,,,,,,,,,,,,,,,,,,,0,,,,,,,05:00:00 16-Feb-2024,,,
260358,260358,0.500000,UT,,,13:32:48 21-Feb-2024,,B,43.1841,-59.5679,,,,,,,,,,,,,,,,,,,,,,,,,,,,,,,,,,,,0,,,,,,,05:00:00 16-Feb-2024,,,7311
260358,260358,0.500000,UT,,,13:38:43 21-Feb-2024,,B,43.1841,-59.5679,,,,,2462,,,,,,,,,,,,,,,,,,,,,,,,,,,,,,,0,,,,,,,05:00:00 16-Feb-2024,,,
260358,260358,0.500000,UT,,,14:28:52 21-Feb-2024,,3,43.1939,-59.5417,,,,,,,,,,,,,,,,,,,,,,,,,,,,,,,,,,,,0,,,,,,,05:00:00 16-Feb-2024,,,7311
260358,260358,0.500000,UT,,14:31:09 21-Feb-2024,14:30:26 21-Feb-2024,-42,3,43.1939,-59.5417,CRC,,,,2482,3.425,,,2.95,,,,,,,,,,,,,,208,39,255,0,,,,,,,1,,,0,86,,,,,,05:00:00 16-Feb-2024,,,
260358,260358,0.500000,UT,,,14:32:37 21-Feb-2024,,3,43.1939,-59.5417,,,,,,,,,2.95,,,,,,,,,,,,,,,,,,,,,,,,,,,0,,,,,,,05:00:00 16-Feb-2024,,,
260358,260358,0.500000,UT,,,14:54:24 21-Feb-2024,,A,43.2054,-59.5609,,,,,2490,,,,,,,,,,,,,,,,,,,,,,,,,,,,,,,0,,,,,,,05:00:00 16-Feb-2024,,,
260358,260358,0.500000,UT,1.00b,,15:00:14 21-Feb-2024,,A,43.2054,-59.5609,,0,,,,,,,,,,,,,,,,,,,,,,,,,,,,,,,,,,0,,,,,,,05:00:00 16-Feb-2024,,,
260358,260358,0.500000,UT,,,15:04:01 21-Feb-2024,,A,43.2054,-59.5609,,,,,,,,,,,,,,,,,,,,,,,,,,,,,,,,,,,,0,,,,,,,05:00:00 16-Feb-2024,,,7311
260358,260358,0.500000,UT,,,15:08:51 21-Feb-2024,,B,43.2024,-59.5457,,,,,,,,,3.00,,,,,,,,,,,,,,,,,,,,,,,,,,,0,,,,,,,05:00:00 16-Feb-2024,,,
260358,260358,0.500000,UT,,15:54:18 21-Feb-2024,15:53:35 21-Feb-2024,-42,A,43.2092,-59.5555,CRC,,,,2507,3.425,,,3.05,,,,,,,,,,,,,,255,39,255,0,,,,,,,0,,,0,101,,,,,,05:00:00 16-Feb-2024,,,
260358,260358,0.500000,UT,1.00b,,15:58:16 21-Feb-2024,,A,43.2092,-59.5555,,0,,,,,,,,,,,,,,,,,,,,,,,,,,,,,,,,,,0,,,,,,,05:00:00 16-Feb-2024,,,
260358,260358,0.500000,UT,,,16:02:26 21-Feb-2024,,A,43.2092,-59.5555,,,,,,,,,,,,,,,,,,,,,,,,,,,,,,,,,,,,0,,,,,,,05:00:00 16-Feb-2024,,,7311
260358,260358,0.500000,UT,,,16:11:41 21-Feb-2024,,B,43.2295,-59.5930,,,,,2511,,,,,,,,,,,,,,,,,,,,,,,,,,,,,,,0,,,,,,,05:00:00 16-Feb-2024,,,
260358,260358,0.500000,UT,,,16:33:34 21-Feb-2024,,3,43.2124,-59.5421,,,,,,,,,,,,,,,,,,,,,,,,,,,,,,,,,,,,0,,,,,,,05:00:00 16-Feb-2024,,,7311
260358,260358,0.500000,UT,,,16:37:01 21-Feb-2024,,3,43.2124,-59.5421,,,,,,,,,3.05,,,,,,,,,,,,,,,,,,,,,,,,,,,0,,,,,,,05:00:00 16-Feb-2024,,,
260358,260358,0.500000,UT,,,16:39:27 21-Feb-2024,,3,43.2124,-59.5421,,,,,2521,,,,,,,,,,,,,,,,,,,,,,,,,,,,,,,0,,,,,,,05:00:00 16-Feb-2024,,,
260358,260358,0.500000,UT,,,16:41:42 21-Feb-2024,,3,43.2124,-59.5421,,,,,,3.450,,,,,,,,,,,,,,,,,,,,,,,,,,,,,,0,,,,,,,05:00:00 16-Feb-2024,,,
260358,260358,0.500000,UT,1.00b,,21:45:45 21-Feb-2024,,B,43.2153,-59.6018,,0,,,,,,,,,,,,,,,,,,,,,,,,,,,,,,,,,,0,,,,,,,05:00:00 16-Feb-2024,,,
260358,260358,0.500000,UT,,,21:49:53 21-Feb-2024,,B,43.2153,-59.6018,,,,,,,,,,,,,,,,,,,,,,,,,,,,,,,,,,,,0,,,,,,,05:00:00 16-Feb-2024,,,7311
260358,260358,0.500000,UT,,,22:31:00 21-Feb-2024,,2,43.2221,-59.6139,,,,,,3.450,,,,,,,,,,,,,,,,,,,,,,,,,,,,,,0,,,,,,,05:00:00 16-Feb-2024,,,
260358,260358,0.500000,UT,,,22:32:53 21-Feb-2024,,2,43.2221,-59.6139,,,,,,,,,,,,,,,,,,,,,,,,,,,,,,,,,,,,0,,,,,,,05:00:00 16-Feb-2024,,,7311
260358,260358,0.500000,UT,,,22:34:56 21-Feb-2024,,2,43.2221,-59.6139,,,,,2568,,,,,,,,,,,,,,,,,,,,,,,,,,,,,,,0,,,,,,,05:00:00 16-Feb-2024,,,
260358,260358,0.500000,UT,,,22:35:41 21-Feb-2024,,2,43.2221,-59.6139,,,,,,3.400,,,,,,,,,,,,,,,,,,,,,,,,,,,,,,0,,,,,,,05:00:00 16-Feb-2024,,,
260358,260358,0.500000,UT,1.00b,,22:36:34 21-Feb-2024,,2,43.2221,-59.6139,,0,,,,,,,,,,,,,,,,,,,,,,,,,,,,,,,,,,0,,,,,,,05:00:00 16-Feb-2024,,,
260358,260358,0.500000,UT,,,22:38:56 21-Feb-2024,,2,43.2221,-59.6139,,,,,,,,,,,,,,,,,,,,,,,,,,,,,,,,,,,,0,,,,,,,05:00:00 16-Feb-2024,,,3215
260358,260358,0.500000,UT,,,22:53:35 21-Feb-2024,,1,43.2362,-59.5979,,,,,,,,,,,,,,,,,,,,,,,,,,,,,,,,,,,,0,,,,,,,05:00:00 16-Feb-2024,,,7311
260358,260358,0.500000,UT,,,22:56:49 21-Feb-2024,,1,43.2362,-59.5979,,,,,,3.450,,,,,,,,,,,,,,,,,,,,,,,,,,,,,,0,,,,,,,05:00:00 16-Feb-2024,,,
260358,260358,0.500000,UT,1.00b,,22:58:21 21-Feb-2024,,1,43.2362,-59.5979,,0,,,,,,,,,,,,,,,,,,,,,,,,,,,,,,,,,,0,,,,,,,05:00:00 16-Feb-2024,,,
260358,260358,0.500000,UT,,,22:59:58 21-Feb-2024,,1,43.2362,-59.5979,,,,,,,,,2.75,,,,,,,,,,,,,,,,,,,,,,,,,,,0,,,,,,,05:00:00 16-Feb-2024,,,
260358,260358,0.500000,UT,,,23:00:52 21-Feb-2024,,1,43.2362,-59.5979,,,,,6717,,,,,,,,,,,,,,,,,,,,,,,,,,,,,,,0,,,,,,,05:00:00 16-Feb-2024,,,
260358,260358,0.500000,UT,,,23:10:35 21-Feb-2024,,B,43.2256,-59.6242,,,,,,,,,,,,,,,,,,,,,,,,,,,,,,,,,,,,0,,,,,,,05:00:00 16-Feb-2024,,,7311
260358,260358,0.500000,UT,,,23:15:41 21-Feb-2024,,B,43.2256,-59.6242,,,,,,3.425,,,,,,,,,,,,,,,,,,,,,,,,,,,,,,0,,,,,,,05:00:00 16-Feb-2024,,,
260358,260358,0.500000,UT,,,23:21:07 21-Feb-2024,,B,43.2219,-59.6348,,,,,,,,,,,,,,,,,,,,,,,,,,,,,,,,,,,,0,,,,,,,05:00:00 16-Feb-2024,,,7311
260358,260358,0.500000,UT,,,23:23:17 21-Feb-2024,,B,43.2219,-59.6348,,,,,,,,,2.70,,,,,,,,,,,,,,,,,,,,,,,,,,,0,,,,,,,05:00:00 16-Feb-2024,,,
260358,260358,0.500000,UT,,,00:08:51 22-Feb-2024,,2,43.2543,-59.6624,,,,,,,,,2.55,,,,,,,,,,,,,,,,,,,,,,,,,,,0,,,,,,,05:00:00 16-Feb-2024,,,
260358,260358,0.500000,UT,,,00:10:02 22-Feb-2024,,2,43.2543,-59.6624,,,,,2611,,,,,,,,,,,,,,,,,,,,,,,,,,,,,,,0,,,,,,,05:00:00 16-Feb-2024,,,
260358,260358,0.500000,UT,1.00b,,00:11:41 22-Feb-2024,,3,43.2553,-59.6690,,0,,,,,,,,,,,,,,,,,,,,,,,,,,,,,,,,,,0,,,,,,,05:00:00 16-Feb-2024,,,
260358,260358,0.500000,UT,,,00:12:28 22-Feb-2024,,2,43.2543,-59.6624,,,,,,,,,,,,,,,,,,,,,,,,,,,,,,,,,,,,0,,,,,,,05:00:00 16-Feb-2024,,,7311
260358,260358,0.500000,UT,,,00:14:11 22-Feb-2024,,2,43.2543,-59.6624,,,,,2616,,,,,,,,,,,,,,,,,,,,,,,,,,,,,,,0,,,,,,,05:00:00 16-Feb-2024,,,
260358,260358,0.500000,UT,,,00:15:10 22-Feb-2024,,3,43.2553,-59.6690,,,,,,3.425,,,,,,,,,,,,,,,,,,,,,,,,,,,,,,0,,,,,,,05:00:00 16-Feb-2024,,,
260358,260358,0.500000,UT,1.00b,,00:16:14 22-Feb-2024,,2,43.2543,-59.6624,,0,,,,,,,,,,,,,,,,,,,,,,,,,,,,,,,,,,0,,,,,,,05:00:00 16-Feb-2024,,,
260358,260358,0.500000,UT,,,00:17:57 22-Feb-2024,,3,43.2553,-59.6690,,,,,,,,,,,,,,,,,,,,,,,,,,,,,,,,,,,,0,,,,,,,05:00:00 16-Feb-2024,,,7311
260358,260358,0.500000,UT,,,00:32:20 22-Feb-2024,,0,42.7857,-59.8834,,,,,2637,,,,,,,,,,,,,,,,,,,,,,,,,,,,,,,0,,,,,,,05:00:00 16-Feb-2024,,,
260358,260358,0.500000,UT,,,00:33:06 22-Feb-2024,,0,42.7857,-59.8834,,,,,,3.400,,,,,,,,,,,,,,,,,,,,,,,,,,,,,,0,,,,,,,05:00:00 16-Feb-2024,,,
260358,260358,0.500000,UT,1.00b,,00:33:57 22-Feb-2024,,0,42.7857,-59.8834,,0,,,,,,,,,,,,,,,,,,,,,,,,,,,,,,,,,,0,,,,,,,05:00:00 16-Feb-2024,,,
260358,260358,0.500000,UT,,,00:35:33 22-Feb-2024,,0,42.7857,-59.8834,,,,,,,,,2.75,,,,,,,,,,,,,,,,,,,,,,,,,,,0,,,,,,,05:00:00 16-Feb-2024,,,
260358,260358,0.500000,UT,,,00:36:20 22-Feb-2024,,0,42.7857,-59.8834,,,,,2642,,,,,,,,,,,,,,,,,,,,,,,,,,,,,,,0,,,,,,,05:00:00 16-Feb-2024,,,
260358,260358,0.500000,UT,,,00:37:08 22-Feb-2024,,0,42.7857,-59.8834,,,,,,3.425,,,,,,,,,,,,,,,,,,,,,,,,,,,,,,0,,,,,,,05:00:00 16-Feb-2024,,,
260358,260358,0.500000,UT,,,00:44:24 22-Feb-2024,,1,43.2530,-59.6747,,,,,,,,,,,,,,,,,,,,,,,,,,,,,,,,,,,,0,,,,,,,05:00:00 16-Feb-2024,,,7311
260358,260358,0.500000,UT,,,00:46:01 22-Feb-2024,,1,43.2530,-59.6747,,,,,2653,,,,,,,,,,,,,,,,,,,,,,,,,,,,,,,0,,,,,,,05:00:00 16-Feb-2024,,,
260358,260358,0.500000,UT,,,00:46:48 22-Feb-2024,,1,43.2530,-59.6747,,,,,,3.400,,,,,,,,,,,,,,,,,,,,,,,,,,,,,,0,,,,,,,05:00:00 16-Feb-2024,,,
260358,260358,0.500000,UT,1.00b,,00:47:42 22-Feb-2024,,1,43.2530,-59.6747,,0,,,,,,,,,,,,,,,,,,,,,,,,,,,,,,,,,,0,,,,,,,05:00:00 16-Feb-2024,,,
260358,260358,0.500000,UT,,,00:59:17 22-Feb-2024,,A,43.2573,-59.6727,,,,,,,,,,,,,,,,,,,,,,,,,,,,,,,,,,,,0,,,,,,,05:00:00 16-Feb-2024,,,7311
260358,260358,0.500000,UT,,,01:01:41 22-Feb-2024,,3,43.2593,-59.6760,,,,,2669,,,,,,,,,,,,,,,,,,,,,,,,,,,,,,,0,,,,,,,05:00:00 16-Feb-2024,,,
260358,260358,0.500000,UT,,,01:02:26 22-Feb-2024,,3,43.2593,-59.6760,,,,,,3.375,,,,,,,,,,,,,,,,,,,,,,,,,,,,,,0,,,,,,,05:00:00 16-Feb-2024,,,
260358,260358,0.500000,UT,,,01:05:25 22-Feb-2024,,3,43.2593,-59.6760,,,,,,,,,2.70,,,,,,,,,,,,,,,,,,,,,,,,,,,0,,,,,,,05:00:00 16-Feb-2024,,,
260358,260358,0.500000,UT,,,12:23:36 22-Feb-2024,,2,43.3289,-59.8470,,,,,,,,,2.75,,,,,,,,,,,,,,,,,,,,,,,,,,,0,,,,,,,05:00:00 16-Feb-2024,,,
260358,260358,0.500000,UT,,,12:24:28 22-Feb-2024,,2,43.3289,-59.8470,,,,,2711,,,,,,,,,,,,,,,,,,,,,,,,,,,,,,,0,,,,,,,05:00:00 16-Feb-2024,,,
260358,260358,0.500000,UT,1.00b,,12:25:58 22-Feb-2024,,2,43.3289,-59.8470,,0,,,,,,,,,,,,,,,,,,,,,,,,,,,,,,,,,,0,,,,,,,05:00:00 16-Feb-2024,,,
260358,260358,0.500000,UT,,,12:27:31 22-Feb-2024,,2,43.3289,-59.8470,,,,,,,,,2.85,,,,,,,,,,,,,,,,,,,,,,,,,,,0,,,,,,,05:00:00 16-Feb-2024,,,
260358,260358,0.500000,UT,,,12:29:03 22-Feb-2024,,2,43.3289,-59.8470,,,,,,3.450,,,,,,,,,,,,,,,,,,,,,,,,,,,,,,0,,,,,,,05:00:00 16-Feb-2024,,,
260358,260358,0.500000,UT,,,12:30:43 22-Feb-2024,,2,43.3289,-59.8470,,,,,,,,,,,,,,,,,,,,,,,,,,,,,,,,,,,,0,,,,,,,05:00:00 16-Feb-2024,,,7311
260358,260358,0.500000,UT,,,12:33:14 22-Feb-2024,,2,43.3289,-59.8470,,,,,,3.425,,,,,,,,,,,,,,,,,,,,,,,,,,,,,,0,,,,,,,05:00:00 16-Feb-2024,,,
260358,260358,0.500000,UT,1.00b,,12:43:36 22-Feb-2024,,1,43.3366,-59.8454,,0,,,,,,,,,,,,,,,,,,,,,,,,,,,,,,,,,,0,,,,,,,05:00:00 16-Feb-2024,,,
260358,260358,0.500000,UT,,,12:47:15 22-Feb-2024,,1,43.3366,-59.8454,,,,,,3.400,,,,,,,,,,,,,,,,,,,,,,,,,,,,,,0,,,,,,,05:00:00 16-Feb-2024,,,
260358,260358,0.500000,UT,,,12:49:03 22-Feb-2024,,1,43.3366,-59.8454,,,,,,,,,,,,,,,,,,,,,,,,,,,,,,,,,,,,0,,,,,,,05:00:00 16-Feb-2024,,,7311
260358,260358,0.500000,UT,,,13:03:36 22-Feb-2024,,0,43.3411,-59.8311,,,,,,,,,2.95,,,,,,,,,,,,,,,,,,,,,,,,,,,0,,,,,,,05:00:00 16-Feb-2024,,,
260358,260358,0.500000,UT,,,13:08:05 22-Feb-2024,,3,43.3354,-59.8655,,,,,,3.400,,,,,,,,,,,,,,,,,,,,,,,,,,,,,,0,,,,,,,05:00:00 16-Feb-2024,,,
260358,260358,0.500000,UT,1.00b,,13:09:00 22-Feb-2024,,3,43.3354,-59.8655,,0,,,,,,,,,,,,,,,,,,,,,,,,,,,,,,,,,,0,,,,,,,05:00:00 16-Feb-2024,,,
260358,260358,0.500000,UT,,,13:10:51 22-Feb-2024,,3,43.3354,-59.8655,,,,,,,,,3.00,,,,,,,,,,,,,,,,,,,,,,,,,,,0,,,,,,,05:00:00 16-Feb-2024,,,
260358,260358,0.500000,UT,,,13:11:39 22-Feb-2024,,3,43.3354,-59.8655,,,,,2764,,,,,,,,,,,,,,,,,,,,,,,,,,,,,,,0,,,,,,,05:00:00 16-Feb-2024,,,
260358,260358,0.500000,UT,,,13:12:33 22-Feb-2024,,3,43.3354,-59.8655,,,,,,3.325,,,,,,,,,,,,,,,,,,,,,,,,,,,,,,0,,,,,,,05:00:00 16-Feb-2024,,,
260358,260358,0.500000,UT,,,13:16:26 22-Feb-2024,,3,43.3354,-59.8655,,,,,2769,,,,,,,,,,,,,,,,,,,,,,,,,,,,,,,0,,,,,,,05:00:00 16-Feb-2024,,,
260358,260358,0.500000,UT,,,13:18:58 22-Feb-2024,,3,43.3354,-59.8655,,,,,,,,,,,,,,,,,,,,,,,,,,,,,,,,,,,,0,,,,,,,05:00:00 16-Feb-2024,,,7311
260358,260358,0.500000,UT,,,14:06:22 22-Feb-2024,,1,43.3153,-59.8060,,,,,,,,,3.15,,,,,,,,,,,,,,,,,,,,,,,,,,,0,,,,,,,05:00:00 16-Feb-2024,,,
260358,260358,0.500000,UT,1.00b,,14:08:47 22-Feb-2024,,1,43.3153,-59.8060,,0,,,,,,,,,,,,,,,,,,,,,,,,,,,,,,,,,,0,,,,,,,05:00:00 16-Feb-2024,,,
260358,260358,0.500000,UT,,,14:13:14 22-Feb-2024,,1,43.3153,-59.8060,,,,,,3.350,,,,,,,,,,,,,,,,,,,,,,,,,,,,,,0,,,,,,,05:00:00 16-Feb-2024,,,
260358,260358,0.500000,UT,,,21:26:06 22-Feb-2024,,B,43.4172,-59.8438,,,,,,,,,,,,,,,,,,,,,,,,,,,,,,,,,,,,0,,,,,,,05:00:00 16-Feb-2024,,,7311
260358,260358,0.500000,UT,,,21:28:30 22-Feb-2024,,B,43.4172,-59.8438,,,,,2839,,,,,,,,,,,,,,,,,,,,,,,,,,,,,,,0,,,,,,,05:00:00 16-Feb-2024,,,
260358,260358,0.500000,UT,,,21:56:34 22-Feb-2024,,2,43.4015,-59.9799,,,,,,,,,2.90,,,,,,,,,,,,,,,,,,,,,,,,,,,0,,,,,,,05:00:00 16-Feb-2024,,,
260358,260358,0.500000,UT,,,21:58:15 22-Feb-2024,,2,43.4015,-59.9799,,,,,2860,,,,,,,,,,,,,,,,,,,,,,,,,,,,,,,0,,,,,,,05:00:00 16-Feb-2024,,,
260358,260358,0.500000,UT,,,21:59:02 22-Feb-2024,,2,43.4015,-59.9799,,,,,,3.475,,,,,,,,,,,,,,,,,,,,,,,,,,,,,,0,,,,,,,05:00:00 16-Feb-2024,,,
260358,260358,0.500000,UT,1.00b,,21:59:57 22-Feb-2024,,2,43.4015,-59.9799,,0,,,,,,,,,,,,,,,,,,,,,,,,,,,,,,,,,,0,,,,,,,05:00:00 16-Feb-2024,,,
260358,260358,0.500000,UT,,,22:02:04 22-Feb-2024,,2,43.4015,-59.9799,,,,,,,,,,,,,,,,,,,,,,,,,,,,,,,,,,,,0,,,,,,,05:00:00 16-Feb-2024,,,7311
260358,260358,0.500000,UT,,,22:03:44 22-Feb-2024,,2,43.4015,-59.9799,,,,,,,,,2.85,,,,,,,,,,,,,,,,,,,,,,,,,,,0,,,,,,,05:00:00 16-Feb-2024,,,
260358,260358,0.500000,UT,,,22:24:02 22-Feb-2024,,2,43.4043,-59.9894,,,,,,3.425,,,,,,,,,,,,,,,,,,,,,,,,,,,,,,0,,,,,,,05:00:00 16-Feb-2024,,,
260358,260358,0.500000,UT,1.00b,,22:26:33 22-Feb-2024,,2,43.4043,-59.9894,,0,,,,,,,,,,,,,,,,,,,,,,,,,,,,,,,,,,0,,,,,,,05:00:00 16-Feb-2024,,,
260358,260358,0.500000,UT,,,22:29:05 22-Feb-2024,,2,43.4043,-59.9894,,,,,,,,,,,,,,,,,,,,,,,,,,,,,,,,,,,,0,,,,,,,05:00:00 16-Feb-2024,,,7311
260358,260358,0.500000,UT,,,22:31:37 22-Feb-2024,,2,43.4043,-59.9894,,,,,,,,,3.00,,,,,,,,,,,,,,,,,,,,,,,,,,,0,,,,,,,05:00:00 16-Feb-2024,,,
260358,260358,0.500000,UT,,,22:32:45 22-Feb-2024,,2,43.4043,-59.9894,,,,,2880,,,,,,,,,,,,,,,,,,,,,,,,,,,,,,,0,,,,,,,05:00:00 16-Feb-2024,,,
260358,260358,0.500000,UT,,,22:58:38 22-Feb-2024,,B,43.4118,-59.9800,,,,,2891,,,,,,,,,,,,,,,,,,,,,,,,,,,,,,,0,,,,,,,05:00:00 16-Feb-2024,,,
260358,260358,0.500000,UT,,,23:02:59 22-Feb-2024,,B,43.4118,-59.9800,,,,,,3.450,,,,,,,,,,,,,,,,,,,,,,,,,,,,,,0,,,,,,,05:00:00 16-Feb-2024,,,
260358,260358,0.500000,UT,,,00:13:57 23-Feb-2024,,B,43.4074,-60.0639,,,,,2918,,,,,,,,,,,,,,,,,,,,,,,,,,,,,,,0,,,,,,,05:00:00 16-Feb-2024,,,
260358,260358,0.500000,UT,,,00:29:51 23-Feb-2024,,B,43.4247,-59.9780,,,,,2923,,,,,,,,,,,,,,,,,,,,,,,,,,,,,,,0,,,,,,,05:00:00 16-Feb-2024,,,
260358,260358,0.500000,UT,1.00b,,00:36:24 23-Feb-2024,,B,43.4247,-59.9780,,0,,,,,,,,,,,,,,,,,,,,,,,,,,,,,,,,,,0,,,,,,,05:00:00 16-Feb-2024,,,
260358,260358,0.500000,UT,,,00:39:41 23-Feb-2024,,B,43.4542,-59.9834,,,,,,,,,,,,,,,,,,,,,,,,,,,,,,,,,,,,0,,,,,,,05:00:00 16-Feb-2024,,,7311
260358,260358,0.500000,UT,,,00:42:50 23-Feb-2024,,B,43.4542,-59.9834,,,,,,,,,2.60,,,,,,,,,,,,,,,,,,,,,,,,,,,0,,,,,,,05:00:00 16-Feb-2024,,,
260358,260358,0.500000,UT,,,01:30:41 23-Feb-2024,,2,43.4782,-59.9591,,,,,,,,,,,,,,,,,,,,,,,,,,,,,,,,,,,,0,,,,,,,05:00:00 16-Feb-2024,,,7311
260358,260358,0.500000,UT,,,01:32:49 23-Feb-2024,,2,43.4782,-59.9591,,,,,,,,,2.55,,,,,,,,,,,,,,,,,,,,,,,,,,,0,,,,,,,05:00:00 16-Feb-2024,,,
260358,260358,0.500000,UT,,,01:34:36 23-Feb-2024,,2,43.4782,-59.9591,,,,,2946,,,,,,,,,,,,,,,,,,,,,,,,,,,,,,,0,,,,,,,05:00:00 16-Feb-2024,,,
260358,260358,0.500000,UT,,,01:36:14 23-Feb-2024,,2,43.4782,-59.9591,,,,,,3.450,,,,,,,,,,,,,,,,,,,,,,,,,,,,,,0,,,,,,,05:00:00 16-Feb-2024,,,
260358,260358,0.500000,UT,1.00b,,01:38:12 23-Feb-2024,,2,43.4782,-59.9591,,0,,,,,,,,,,,,,,,,,,,,,,,,,,,,,,,,,,0,,,,,,,05:00:00 16-Feb-2024,,,
260358,260358,0.500000,UT,,,02:09:12 23-Feb-2024,,1,43.4898,-59.9782,,,,,,3.425,,,,,,,,,,,,,,,,,,,,,,,,,,,,,,0,,,,,,,05:00:00 16-Feb-2024,,,
260358,260358,0.500000,UT,1.00b,,02:10:10 23-Feb-2024,,1,43.4898,-59.9782,,0,,,,,,,,,,,,,,,,,,,,,,,,,,,,,,,,,,0,,,,,,,05:00:00 16-Feb-2024,,,
260358,260358,0.500000,UT,,,02:10:57 23-Feb-2024,,1,43.4898,-59.9782,,,,,,,,,,,,,,,,,,,,,,,,,,,,,,,,,,,,0,,,,,,,05:00:00 16-Feb-2024,,,7311
260358,260358,0.500000,UT,,,02:16:16 23-Feb-2024,,1,43.4898,-59.9782,,,,,,,,,,,,,,,,,,,,,,,,,,,,,,,,,,,,0,,,,,,,05:00:00 16-Feb-2024,,,7311
260358,260358,0.500000,UT,,,02:23:35 23-Feb-2024,,B,43.4899,-59.9783,,,,,,,,,,,,,,,,,,,,,,,,,,,,,,,,,,,,0,,,,,,,05:00:00 16-Feb-2024,,,7311
260358,260358,0.500000,UT,,,02:27:21 23-Feb-2024,,,,,,,,,,,,,2.70,,,,,,,,,,,,,,,,,,,,,,,,,,,0,,,,,,,05:00:00 16-Feb-2024,,,
260358,260358,0.500000,UT,,,02:28:57 23-Feb-2024,,,,,,,,,,3.350,,,,,,,,,,,,,,,,,,,,,,,,,,,,,,0,,,,,,,05:00:00 16-Feb-2024,,,
260358,260358,0.500000,UT,1.00b,,02:29:49 23-Feb-2024,,,,,,0,,,,,,,,,,,,,,,,,,,,,,,,,,,,,,,,,,0,,,,,,,05:00:00 16-Feb-2024,,,
260358,260358,0.500000,UT,,,02:30:34 23-Feb-2024,,,,,,,,,,,,,,,,,,,,,,,,,,,,,,,,,,,,,,,,0,,,,,,,05:00:00 16-Feb-2024,,,7311
260358,260358,0.500000,UT,,,12:08:30 23-Feb-2024,,B,43.6072,-60.3371,,,,,,,,,2.50,,,,,,,,,,,,,,,,,,,,,,,,,,,0,,,,,,,05:00:00 16-Feb-2024,,,
260358,260358,0.500000,UT,,,12:15:13 23-Feb-2024,,A,43.6222,-59.9646,,,,,,3.450,,,,,,,,,,,,,,,,,,,,,,,,,,,,,,0,,,,,,,05:00:00 16-Feb-2024,,,
260358,260358,0.500000,UT,1.00b,,12:18:05 23-Feb-2024,,A,43.6222,-59.9646,,0,,,,,,,,,,,,,,,,,,,,,,,,,,,,,,,,,,0,,,,,,,05:00:00 16-Feb-2024,,,
260358,260358,0.500000,UT,,,12:21:21 23-Feb-2024,,A,43.6222,-59.9646,,,,,,,,,,,,,,,,,,,,,,,,,,,,,,,,,,,,0,,,,,,,05:00:00 16-Feb-2024,,,7311
260358,260358,0.500000,UT,,,12:51:30 23-Feb-2024,,Z,43.5687,-59.9976,,,,,3040,,,,,,,,,,,,,,,,,,,,,,,,,,,,,,,0,,,,,,,05:00:00 16-Feb-2024,,,
260358,260358,0.500000,UT,1.00b,,12:55:23 23-Feb-2024,,2,43.6392,-59.9806,,0,,,,,,,,,,,,,,,,,,,,,,,,,,,,,,,,,,0,,,,,,,05:00:00 16-Feb-2024,,,
260358,260358,0.500000,UT,,,12:56:08 23-Feb-2024,,2,43.6392,-59.9806,,,,,,,,,,,,,,,,,,,,,,,,,,,,,,,,,,,,0,,,,,,,05:00:00 16-Feb-2024,,,7311
260358,260358,0.500000,UT,,,12:57:57 23-Feb-2024,,2,43.6392,-59.9806,,,,,3013,,,,,,,,,,,,,,,,,,,,,,,,,,,,,,,0,,,,,,,05:00:00 16-Feb-2024,,,
260358,260358,0.500000,UT,,,13:00:58 23-Feb-2024,,2,43.6392,-59.9806,,,,,,3.450,,,,,,,,,,,,,,,,,,,,,,,,,,,,,,0,,,,,,,05:00:00 16-Feb-2024,,,
260358,260358,0.500000,UT,,,13:47:33 23-Feb-2024,,A,43.6600,-59.9869,,,,,,,,,2.85,,,,,,,,,,,,,,,,,,,,,,,,,,,0,,,,,,,05:00:00 16-Feb-2024,,,
260358,260358,0.500000,UT,,,13:51:11 23-Feb-2024,,A,43.6600,-59.9869,,,,,3029,,,,,,,,,,,,,,,,,,,,,,,,,,,,,,,0,,,,,,,05:00:00 16-Feb-2024,,,
260358,260358,0.500000,UT,,,14:30:03 23-Feb-2024,,B,43.6695,-59.9967,,,,,3041,,,,,,,,,,,,,,,,,,,,,,,,,,,,,,,0,,,,,,,05:00:00 16-Feb-2024,,,
260358,260358,0.500000,UT,,,14:38:17 23-Feb-2024,,B,43.6695,-59.9967,,,,,,3.450,,,,,,,,,,,,,,,,,,,,,,,,,,,,,,0,,,,,,,05:00:00 16-Feb-2024,,,
260358,260358,0.500000,UT,1.00b,,14:44:19 23-Feb-2024,,B,43.6219,-60.0194,,0,,,,,,,,,,,,,,,,,,,,,,,,,,,,,,,,,,0,,,,,,,05:00:00 16-Feb-2024,,,
260358,260358,0.500000,UT,1.00b,,15:26:05 23-Feb-2024,,B,43.6225,-60.0187,,0,,,,,,,,,,,,,,,,,,,,,,,,,,,,,,,,,,0,,,,,,,05:00:00 16-Feb-2024,,,
260358,260358,0.500000,UT,1.00b,,16:03:44 23-Feb-2024,,A,43.6956,-60.0401,,0,,,,,,,,,,,,,,,,,,,,,,,,,,,,,,,,,,0,,,,,,,05:00:00 16-Feb-2024,,,
260358,260358,0.500000,UT,,,16:06:48 23-Feb-2024,,A,43.6956,-60.0401,,,,,,,,,,,,,,,,,,,,,,,,,,,,,,,,,,,,0,,,,,,,05:00:00 16-Feb-2024,,,7311
260358,260358,0.500000,UT,,,16:09:13 23-Feb-2024,,A,43.6956,-60.0401,,,,,,,,,3.45,,,,,,,,,,,,,,,,,,,,,,,,,,,0,,,,,,,05:00:00 16-Feb-2024,,,
260358,260358,0.500000,UT,1.00b,,16:17:10 23-Feb-2024,,B,43.6234,-60.0199,,0,,,,,,,,,,,,,,,,,,,,,,,,,,,,,,,,,,0,,,,,,,05:00:00 16-Feb-2024,,,
260358,260358,0.500000,UT,,,21:32:44 23-Feb-2024,,B,43.6633,-59.9862,,,,,,3.450,,,,,,,,,,,,,,,,,,,,,,,,,,,,,,0,,,,,,,05:00:00 16-Feb-2024,,,
260358,260358,0.500000,UT,,,21:57:44 23-Feb-2024,,2,43.8411,-60.2415,,,,,,,,,2.55,,,,,,,,,,,,,,,,,,,,,,,,,,,0,,,,,,,05:00:00 16-Feb-2024,,,
260358,260358,0.500000,UT,,,21:59:48 23-Feb-2024,,2,43.8411,-60.2415,,,,,3094,,,,,,,,,,,,,,,,,,,,,,,,,,,,,,,0,,,,,,,05:00:00 16-Feb-2024,,,
260358,260358,0.500000,UT,,,22:02:48 23-Feb-2024,,2,43.8411,-60.2415,,,,,,3.450,,,,,,,,,,,,,,,,,,,,,,,,,,,,,,0,,,,,,,05:00:00 16-Feb-2024,,,
260358,260358,0.500000,UT,1.00b,,22:05:47 23-Feb-2024,,2,43.8411,-60.2415,,0,,,,,,,,,,,,,,,,,,,,,,,,,,,,,,,,,,0,,,,,,,05:00:00 16-Feb-2024,,,
260358,260358,0.500000,UT,,,22:07:15 23-Feb-2024,,2,43.8411,-60.2415,,,,,,,,,,,,,,,,,,,,,,,,,,,,,,,,,,,,0,,,,,,,05:00:00 16-Feb-2024,,,7311
260358,260358,0.500000,UT,,,22:34:55 23-Feb-2024,,B,43.8598,-60.1970,,,,,,3.450,,,,,,,,,,,,,,,,,,,,,,,,,,,,,,0,,,,,,,05:00:00 16-Feb-2024,,,
260358,260358,0.500000,UT,1.00b,,22:38:00 23-Feb-2024,,B,43.8598,-60.1970,,0,,,,,,,,,,,,,,,,,,,,,,,,,,,,,,,,,,0,,,,,,,05:00:00 16-Feb-2024,,,
260358,260358,0.500000,UT,,,22:44:36 23-Feb-2024,,A,43.8440,-60.2311,,,,,,,,,,,,,,,,,,,,,,,,,,,,,,,,,,,,0,,,,,,,05:00:00 16-Feb-2024,,,7311
260358,260358,0.500000,UT,,,22:45:31 23-Feb-2024,,A,43.8440,-60.2311,,,,,,,,,2.40,,,,,,,,,,,,,,,,,,,,,,,,,,,0,,,,,,,05:00:00 16-Feb-2024,,,
260358,260358,0.500000,UT,,,22:51:40 23-Feb-2024,,A,43.8440,-60.2311,,,,,,3.450,,,,,,,,,,,,,,,,,,,,,,,,,,,,,,0,,,,,,,05:00:00 16-Feb-2024,,,
260358,260358,0.500000,UT,,,23:06:14 23-Feb-2024,,A,43.8533,-60.2581,,,,,,3.450,,,,,,,,,,,,,,,,,,,,,,,,,,,,,,0,,,,,,,05:00:00 16-Feb-2024,,,
260358,260358,0.500000,UT,1.00b,,23:10:48 23-Feb-2024,,A,43.8533,-60.2581,,0,,,,,,,,,,,,,,,,,,,,,,,,,,,,,,,,,,0,,,,,,,05:00:00 16-Feb-2024,,,
260358,260358,0.500000,UT,,,23:15:52 23-Feb-2024,,A,43.8533,-60.2581,,,,,,,,,,,,,,,,,,,,,,,,,,,,,,,,,,,,0,,,,,,,05:00:00 16-Feb-2024,,,7311
260358,260358,0.500000,UT,,,23:33:30 23-Feb-2024,,B,43.8591,-60.2765,,,,,3125,,,,,,,,,,,,,,,,,,,,,,,,,,,,,,,0,,,,,,,05:00:00 16-Feb-2024,,,
260358,260358,0.500000,UT,,,23:37:12 23-Feb-2024,,B,43.8568,-60.2726,,,,,,3.425,,,,,,,,,,,,,,,,,,,,,,,,,,,,,,0,,,,,,,05:00:00 16-Feb-2024,,,
260358,260358,0.500000,UT,,,23:46:36 23-Feb-2024,,B,43.8568,-60.2726,,,,,,,,,2.65,,,,,,,,,,,,,,,,,,,,,,,,,,,0,,,,,,,05:00:00 16-Feb-2024,,,
260358,260358,0.500000,UT,,,00:15:54 24-Feb-2024,,A,43.8669,-60.2675,,,,,,,,,2.60,,,,,,,,,,,,,,,,,,,,,,,,,,,0,,,,,,,05:00:00 16-Feb-2024,,,
260358,260358,0.500000,UT,,,00:20:22 24-Feb-2024,,A,43.8669,-60.2675,,,,,3137,,,,,,,,,,,,,,,,,,,,,,,,,,,,,,,0,,,,,,,05:00:00 16-Feb-2024,,,
260358,260358,0.500000,UT,,,00:23:48 24-Feb-2024,,A,43.8669,-60.2675,,,,,,3.425,,,,,,,,,,,,,,,,,,,,,,,,,,,,,,0,,,,,,,05:00:00 16-Feb-2024,,,
260358,260358,0.500000,UT,1.00b,,00:27:30 24-Feb-2024,,B,43.8634,-60.2626,,0,,,,,,,,,,,,,,,,,,,,,,,,,,,,,,,,,,0,,,,,,,05:00:00 16-Feb-2024,,,
260358,260358,0.500000,UT,,,01:10:34 24-Feb-2024,,B,43.8672,-60.2910,,,,,,,,,,,,,,,,,,,,,,,,,,,,,,,,,,,,0,,,,,,,05:00:00 16-Feb-2024,,,7311
260358,260358,0.500000,UT,,,01:15:31 24-Feb-2024,,B,43.8672,-60.2910,,,,,3153,,,,,,,,,,,,,,,,,,,,,,,,,,,,,,,0,,,,,,,05:00:00 16-Feb-2024,,,
260358,260358,0.500000,UT,,,01:37:43 24-Feb-2024,,B,43.8727,-60.3131,,,,,3159,,,,,,,,,,,,,,,,,,,,,,,,,,,,,,,0,,,,,,,05:00:00 16-Feb-2024,,,
260358,260358,0.500000,UT,,,01:55:52 24-Feb-2024,,B,43.8705,-60.3004,,,,,,3.425,,,,,,,,,,,,,,,,,,,,,,,,,,,,,,0,,,,,,,05:00:00 16-Feb-2024,,,
260358,260358,0.500000,UT,,,02:00:14 24-Feb-2024,,1,43.8876,-60.2943,,,,,,,,,,,,,,,,,,,,,,,,,,,,,,,,,,,,0,,,,,,,05:00:00 16-Feb-2024,,,7311
260358,260358,0.500000,UT,,,02:02:06 24-Feb-2024,,1,43.8876,-60.2943,,,,,,,,,2.55,,,,,,,,,,,,,,,,,,,,,,,,,,,0,,,,,,,05:00:00 16-Feb-2024,,,
260358,260358,0.500000,UT,,,02:04:25 24-Feb-2024,,1,43.8876,-60.2943,,,,,3170,,,,,,,,,,,,,,,,,,,,,,,,,,,,,,,0,,,,,,,05:00:00 16-Feb-2024,,,
260358,260358,0.500000,UT,,,02:06:16 24-Feb-2024,,1,43.8876,-60.2943,,,,,,3.425,,,,,,,,,,,,,,,,,,,,,,,,,,,,,,0,,,,,,,05:00:00 16-Feb-2024,,,
260358,260358,0.500000,UT,1.00b,,02:09:00 24-Feb-2024,,2,43.8876,-60.2996,,0,,,,,,,,,,,,,,,,,,,,,,,,,,,,,,,,,,0,,,,,,,05:00:00 16-Feb-2024,,,
260358,260358,0.500000,UT,,,02:11:39 24-Feb-2024,,2,43.8876,-60.2996,,,,,,,,,,,,,,,,,,,,,,,,,,,,,,,,,,,,0,,,,,,,05:00:00 16-Feb-2024,,,7311
260358,260358,0.500000,UT,,,02:15:14 24-Feb-2024,,2,43.8876,-60.2996,,,,,,,,,2.60,,,,,,,,,,,,,,,,,,,,,,,,,,,0,,,,,,,05:00:00 16-Feb-2024,,,
260358,260358,0.500000,UT,,,02:54:20 24-Feb-2024,,B,43.8874,-60.3311,,,,,,,,,2.60,,,,,,,,,,,,,,,,,,,,,,,,,,,0,,,,,,,05:00:00 16-Feb-2024,,,
260358,260358,0.500000,UT,,,02:56:22 24-Feb-2024,,B,43.8874,-60.3311,,,,,3187,,,,,,,,,,,,,,,,,,,,,,,,,,,,,,,0,,,,,,,05:00:00 16-Feb-2024,,,
260358,260358,0.500000,UT,,,12:31:48 24-Feb-2024,,B,43.9243,-60.3562,,,,,,3.450,,,,,,,,,,,,,,,,,,,,,,,,,,,,,,0,,,,,,,05:00:00 16-Feb-2024,,,
260358,260358,0.500000,UT,1.00b,,12:52:20 24-Feb-2024,,B,44.0519,-60.3375,,0,,,,,,,,,,,,,,,,,,,,,,,,,,,,,,,,,,0,,,,,,,05:00:00 16-Feb-2024,,,
260358,260358,0.500000,UT,,,12:54:42 24-Feb-2024,,B,44.0519,-60.3375,,,,,,,,,3.05,,,,,,,,,,,,,,,,,,,,,,,,,,,0,,,,,,,05:00:00 16-Feb-2024,,,
260358,260358,0.500000,UT,,,13:21:45 24-Feb-2024,,1,44.0512,-60.2990,,,,,3262,,,,,,,,,,,,,,,,,,,,,,,,,,,,,,,0,,,,,,,05:00:00 16-Feb-2024,,,
260358,260358,0.500000,UT,,,13:23:11 24-Feb-2024,,1,44.0512,-60.2990,,,,,,3.400,,,,,,,,,,,,,,,,,,,,,,,,,,,,,,0,,,,,,,05:00:00 16-Feb-2024,,,
260358,260358,0.500000,UT,,,13:25:01 24-Feb-2024,,1,44.0512,-60.2990,,,,,,,,,,,,,,,,,,,,,,,,,,,,,,,,,,,,0,,,,,,,05:00:00 16-Feb-2024,,,7311
260358,260358,0.500000,UT,,,13:28:23 24-Feb-2024,,1,44.0512,-60.2990,,,,,3267,,,,,,,,,,,,,,,,,,,,,,,,,,,,,,,0,,,,,,,05:00:00 16-Feb-2024,,,
260358,260358,0.500000,UT,,,13:32:32 24-Feb-2024,,B,44.0510,-60.2986,,,,,,3.425,,,,,,,,,,,,,,,,,,,,,,,,,,,,,,0,,,,,,,05:00:00 16-Feb-2024,,,
260358,260358,0.500000,UT,,,14:12:48 24-Feb-2024,,B,44.0560,-60.3298,,,,,,,,,,,,,,,,,,,,,,,,,,,,,,,,,,,,0,,,,,,,05:00:00 16-Feb-2024,,,7311
260358,260358,0.500000,UT,,,14:21:00 24-Feb-2024,,B,44.0541,-60.3064,,,,,,3.425,,,,,,,,,,,,,,,,,,,,,,,,,,,,,,0,,,,,,,05:00:00 16-Feb-2024,,,
260358,260358,0.500000,UT,1.00b,,14:25:07 24-Feb-2024,,B,44.0541,-60.3064,,0,,,,,,,,,,,,,,,,,,,,,,,,,,,,,,,,,,0,,,,,,,05:00:00 16-Feb-2024,,,
260358,260358,0.500000,UT,,,14:30:08 24-Feb-2024,,2,44.0648,-60.2797,,,,,,,,,,,,,,,,,,,,,,,,,,,,,,,,,,,,0,,,,,,,05:00:00 16-Feb-2024,,,7311
260358,260358,0.500000,UT,,,14:30:53 24-Feb-2024,,2,44.0648,-60.2797,,,,,,,,,2.65,,,,,,,,,,,,,,,,,,,,,,,,,,,0,,,,,,,05:00:00 16-Feb-2024,,,
260358,260358,0.500000,UT,,,14:31:43 24-Feb-2024,,2,44.0648,-60.2797,,,,,3290,,,,,,,,,,,,,,,,,,,,,,,,,,,,,,,0,,,,,,,05:00:00 16-Feb-2024,,,
260358,260358,0.500000,UT,,,14:32:30 24-Feb-2024,,2,44.0648,-60.2797,,,,,,3.425,,,,,,,,,,,,,,,,,,,,,,,,,,,,,,0,,,,,,,05:00:00 16-Feb-2024,,,
260358,260358,0.500000,UT,,15:07:59 24-Feb-2024,15:07:12 24-Feb-2024,-46,B,44.0732,-60.3078,CRC,,,,3307,3.425,,,2.40,,,,,,,,,,,,,,102,46,255,0,,,,,,,2,,,0,118,,,,,,05:00:00 16-Feb-2024,,,
260358,260358,0.500000,UT,,,15:19:44 24-Feb-2024,,A,44.0666,-60.2736,,,,,,,,,,,,,,,,,,,,,,,,,,,,,,,,,,,,0,,,,,,,05:00:00 16-Feb-2024,,,7311
260358,260358,0.500000,UT,,,15:20:29 24-Feb-2024,,A,44.0666,-60.2736,,,,,,,,,2.55,,,,,,,,,,,,,,,,,,,,,,,,,,,0,,,,,,,05:00:00 16-Feb-2024,,,
260358,260358,0.500000,UT,,,16:06:42 24-Feb-2024,,B,44.0801,-60.3055,,,,,3323,,,,,,,,,,,,,,,,,,,,,,,,,,,,,,,0,,,,,,,05:00:00 16-Feb-2024,,,
260358,260358,0.500000,UT,,,16:56:12 24-Feb-2024,,B,44.0798,-60.3254,,,,,,3.425,,,,,,,,,,,,,,,,,,,,,,,,,,,,,,0,,,,,,,05:00:00 16-Feb-2024,,,
260358,260358,0.500000,UT,,,21:33:47 24-Feb-2024,,3,44.1348,-60.2641,,,,,,,,,2.55,,,,,,,,,,,,,,,,,,,,,,,,,,,0,,,,,,,05:00:00 16-Feb-2024,,,
260358,260358,0.500000,UT,,,21:35:20 24-Feb-2024,,3,44.1348,-60.2641,,,,,,3.450,,,,,,,,,,,,,,,,,,,,,,,,,,,,,,0,,,,,,,05:00:00 16-Feb-2024,,,
260358,260358,0.500000,UT,1.00b,,21:36:06 24-Feb-2024,,3,44.1348,-60.2641,,0,,,,,,,,,,,,,,,,,,,,,,,,,,,,,,,,,,0,,,,,,,05:00:00 16-Feb-2024,,,
260358,260358,0.500000,UT,,,21:40:41 24-Feb-2024,,3,44.1348,-60.2641,,,,,,,,,,,,,,,,,,,,,,,,,,,,,,,,,,,,0,,,,,,,05:00:00 16-Feb-2024,,,7311
260358,260358,0.500000,UT,,,22:10:13 24-Feb-2024,,2,44.1409,-60.2596,,,,,,,,,2.60,,,,,,,,,,,,,,,,,,,,,,,,,,,0,,,,,,,05:00:00 16-Feb-2024,,,
260358,260358,0.500000,UT,,,22:11:46 24-Feb-2024,,2,44.1409,-60.2596,,,,,,3.425,,,,,,,,,,,,,,,,,,,,,,,,,,,,,,0,,,,,,,05:00:00 16-Feb-2024,,,
260358,260358,0.500000,UT,,,22:14:54 24-Feb-2024,,2,44.1409,-60.2596,,,,,,,,,2.50,,,,,,,,,,,,,,,,,,,,,,,,,,,0,,,,,,,05:00:00 16-Feb-2024,,,
260358,260358,0.500000,UT,,,22:15:40 24-Feb-2024,,2,44.1409,-60.2596,,,,,3386,,,,,,,,,,,,,,,,,,,,,,,,,,,,,,,0,,,,,,,05:00:00 16-Feb-2024,,,
260358,260358,0.500000,UT,1.00b,,22:17:14 24-Feb-2024,,2,44.1409,-60.2596,,0,,,,,,,,,,,,,,,,,,,,,,,,,,,,,,,,,,0,,,,,,,05:00:00 16-Feb-2024,,,
260358,260358,0.500000,UT,,,22:17:59 24-Feb-2024,,2,44.1409,-60.2596,,,,,,,,,,,,,,,,,,,,,,,,,,,,,,,,,,,,0,,,,,,,05:00:00 16-Feb-2024,,,7311
260358,260358,0.500000,UT,,,22:33:10 24-Feb-2024,,A,44.1434,-60.2652,,,,,3406,,,,,,,,,,,,,,,,,,,,,,,,,,,,,,,0,,,,,,,05:00:00 16-Feb-2024,,,
260358,260358,0.500000,UT,,22:34:43 24-Feb-2024,22:33:55 24-Feb-2024,-47,A,44.1434,-60.2652,CRC,,,,3407,3.425,,,2.50,,,,,,,,,,,,,,255,46,255,0,,,,,,,0,,,0,103,,,,,,05:00:00 16-Feb-2024,,,
260358,260358,0.500000,UT,1.00b,,22:35:32 24-Feb-2024,,A,44.1434,-60.2652,,0,,,,,,,,,,,,,,,,,,,,,,,,,,,,,,,,,,0,,,,,,,05:00:00 16-Feb-2024,,,
260358,260358,0.500000,UT,,,00:00:20 25-Feb-2024,,B,44.1501,-60.2794,,,,,,,,,2.50,,,,,,,,,,,,,,,,,,,,,,,,,,,0,,,,,,,05:00:00 16-Feb-2024,,,
260358,260358,0.500000,UT,,,00:07:21 25-Feb-2024,,B,44.1335,-60.2010,,,,,,3.450,,,,,,,,,,,,,,,,,,,,,,,,,,,,,,0,,,,,,,05:00:00 16-Feb-2024,,,
260358,260358,0.500000,UT,1.00b,,00:10:14 25-Feb-2024,,2,44.1501,-60.2062,,0,,,,,,,,,,,,,,,,,,,,,,,,,,,,,,,,,,0,,,,,,,05:00:00 16-Feb-2024,,,
260358,260358,0.500000,UT,,,00:10:59 25-Feb-2024,,B,44.1335,-60.2010,,,,,,,,,,,,,,,,,,,,,,,,,,,,,,,,,,,,0,,,,,,,05:00:00 16-Feb-2024,,,7311
260358,260358,0.500000,UT,,,00:13:51 25-Feb-2024,,2,44.1501,-60.2062,,,,,,,,,2.50,,,,,,,,,,,,,,,,,,,,,,,,,,,0,,,,,,,05:00:00 16-Feb-2024,,,
260358,260358,0.500000,UT,,,00:18:03 25-Feb-2024,,2,44.1501,-60.2062,,,,,3418,,,,,,,,,,,,,,,,,,,,,,,,,,,,,,,0,,,,,,,05:00:00 16-Feb-2024,,,
260358,260358,0.500000,UT,,,00:21:59 25-Feb-2024,,2,44.1501,-60.2062,,,,,,3.425,,,,,,,,,,,,,,,,,,,,,,,,,,,,,,0,,,,,,,05:00:00 16-Feb-2024,,,
260358,260358,0.500000,UT,,,00:46:54 25-Feb-2024,,1,44.1273,-60.2089,,,,,3429,,,,,,,,,,,,,,,,,,,,,,,,,,,,,,,0,,,,,,,05:00:00 16-Feb-2024,,,
260358,260358,0.500000,UT,,,00:49:12 25-Feb-2024,,1,44.1273,-60.2089,,,,,,3.425,,,,,,,,,,,,,,,,,,,,,,,,,,,,,,0,,,,,,,05:00:00 16-Feb-2024,,,
260358,260358,0.500000,UT,1.00b,,00:49:58 25-Feb-2024,,1,44.1273,-60.2089,,0,,,,,,,,,,,,,,,,,,,,,,,,,,,,,,,,,,0,,,,,,,05:00:00 16-Feb-2024,,,
260358,260358,0.500000,UT,,,00:53:13 25-Feb-2024,,1,44.1273,-60.2089,,,,,,,,,2.30,,,,,,,,,,,,,,,,,,,,,,,,,,,0,,,,,,,05:00:00 16-Feb-2024,,,
260358,260358,0.500000,UT,,,00:57:17 25-Feb-2024,,1,44.1273,-60.2089,,,,,,3.425,,,,,,,,,,,,,,,,,,,,,,,,,,,,,,0,,,,,,,05:00:00 16-Feb-2024,,,
260358,260358,0.500000,UT,,,01:37:09 25-Feb-2024,,B,44.1207,-60.2238,,,,,3456,,,,,,,,,,,,,,,,,,,,,,,,,,,,,,,0,,,,,,,05:00:00 16-Feb-2024,,,
260358,260358,0.500000,UT,,,01:39:03 25-Feb-2024,,B,44.1207,-60.2238,,,,,,3.425,,,,,,,,,,,,,,,,,,,,,,,,,,,,,,0,,,,,,,05:00:00 16-Feb-2024,,,
260358,260358,0.500000,UT,,,01:46:52 25-Feb-2024,,3,44.1103,-60.1812,,,,,,3.425,,,,,,,,,,,,,,,,,,,,,,,,,,,,,,0,,,,,,,05:00:00 16-Feb-2024,,,
260358,260358,0.500000,UT,1.00b,,01:47:44 25-Feb-2024,,3,44.1103,-60.1812,,0,,,,,,,,,,,,,,,,,,,,,,,,,,,,,,,,,,0,,,,,,,05:00:00 16-Feb-2024,,,
260358,260358,0.500000,UT,,,01:49:39 25-Feb-2024,,3,44.1103,-60.1812,,,,,,,,,,,,,,,,,,,,,,,,,,,,,,,,,,,,0,,,,,,,05:00:00 16-Feb-2024,,,7311
260358,260358,0.500000,UT,,,01:53:34 25-Feb-2024,,3,44.1103,-60.1812,,,,,,,,,2.30,,,,,,,,,,,,,,,,,,,,,,,,,,,0,,,,,,,05:00:00 16-Feb-2024,,,
260358,260358,0.500000,UT,,,01:53:35 25-Feb-2024,,2,44.1050,-60.1744,,,,,,,,,2.30,,,,,,,,,,,,,,,,,,,,,,,,,,,0,,,,,,,05:00:00 16-Feb-2024,,,
260358,260358,0.500000,UT,1.00b,,01:56:26 25-Feb-2024,,2,44.1050,-60.1744,,0,,,,,,,,,,,,,,,,,,,,,,,,,,,,,,,,,,0,,,,,,,05:00:00 16-Feb-2024,,,
260358,260358,0.500000,UT,,,01:58:58 25-Feb-2024,,2,44.1050,-60.1744,,,,,3477,,,,,,,,,,,,,,,,,,,,,,,,,,,,,,,0,,,,,,,05:00:00 16-Feb-2024,,,
260358,260358,0.500000,UT,,,01:59:44 25-Feb-2024,,2,44.1050,-60.1744,,,,,,3.400,,,,,,,,,,,,,,,,,,,,,,,,,,,,,,0,,,,,,,05:00:00 16-Feb-2024,,,
260358,260358,0.500000,UT,,,02:02:10 25-Feb-2024,,2,44.1050,-60.1744,,,,,,,,,2.30,,,,,,,,,,,,,,,,,,,,,,,,,,,0,,,,,,,05:00:00 16-Feb-2024,,,
260358,260358,0.500000,UT,,,12:35:23 25-Feb-2024,,B,44.0859,-60.2671,,,,,3495,,,,,,,,,,,,,,,,,,,,,,,,,,,,,,,0,,,,,,,05:00:00 16-Feb-2024,,,
260358,260358,0.500000,UT,,,12:39:39 25-Feb-2024,,B,44.0859,-60.2671,,,,,,3.450,,,,,,,,,,,,,,,,,,,,,,,,,,,,,,0,,,,,,,05:00:00 16-Feb-2024,,,
260358,260358,0.500000,UT,1.00b,,13:08:07 25-Feb-2024,,B,44.1388,-60.1812,,0,,,,,,,,,,,,,,,,,,,,,,,,,,,,,,,,,,0,,,,,,,05:00:00 16-Feb-2024,,,
260358,260358,0.500000,UT,,,13:09:40 25-Feb-2024,,B,44.1388,-60.1812,,,,,,,,,3.30,,,,,,,,,,,,,,,,,,,,,,,,,,,0,,,,,,,05:00:00 16-Feb-2024,,,
260358,260358,0.500000,UT,,,13:52:44 25-Feb-2024,,B,44.1577,-60.1854,,,,,,,,,,,,,,,,,,,,,,,,,,,,,,,,,,,,0,,,,,,,05:00:00 16-Feb-2024,,,7311
260358,260358,0.500000,UT,,,13:57:18 25-Feb-2024,,B,44.1577,-60.1854,,,,,,,,,3.00,,,,,,,,,,,,,,,,,,,,,,,,,,,0,,,,,,,05:00:00 16-Feb-2024,,,
260358,260358,0.500000,UT,,,14:01:50 25-Feb-2024,,0,44.1338,-60.1897,,,,,19902,,,,,,,,,,,,,,,,,,,,,,,,,,,,,,,0,,,,,,,05:00:00 16-Feb-2024,,,
260358,260358,0.500000,UT,,,14:06:36 25-Feb-2024,,0,44.1338,-60.1897,,,,,,3.450,,,,,,,,,,,,,,,,,,,,,,,,,,,,,,0,,,,,,,05:00:00 16-Feb-2024,,,
260358,260358,0.500000,UT,1.00b,,14:11:20 25-Feb-2024,,0,44.1338,-60.1897,,0,,,,,,,,,,,,,,,,,,,,,,,,,,,,,,,,,,0,,,,,,,05:00:00 16-Feb-2024,,,
260358,260358,0.500000,UT,,,14:12:48 25-Feb-2024,,0,44.1338,-60.1897,,,,,,,,,,,,,,,,,,,,,,,,,,,,,,,,,,,,0,,,,,,,05:00:00 16-Feb-2024,,,7311
260358,260358,0.500000,UT,,,14:32:43 25-Feb-2024,,B,44.1342,-60.1955,,,,,,,,,3.05,,,,,,,,,,,,,,,,,,,,,,,,,,,0,,,,,,,05:00:00 16-Feb-2024,,,
260358,260358,0.500000,UT,1.00b,,14:45:30 25-Feb-2024,,B,44.1351,-60.1885,,0,,,,,,,,,,,,,,,,,,,,,,,,,,,,,,,,,,0,,,,,,,05:00:00 16-Feb-2024,,,
260358,260358,0.500000,UT,,14:50:54 25-Feb-2024,14:50:05 25-Feb-2024,-48,B,44.1351,-60.1885,CRC,,,,3532,3.450,,,3.60,,,,,,,,,,,,,,169,46,255,0,,,,,,,2,,,0,91,,,,,,05:00:00 16-Feb-2024,,,
260358,260358,0.500000,UT,,,15:48:40 25-Feb-2024,,B,44.1452,-60.1970,,,,,,,,,3.05,,,,,,,,,,,,,,,,,,,,,,,,,,,0,,,,,,,05:00:00 16-Feb-2024,,,
260358,260358,0.500000,UT,,,16:12:00 25-Feb-2024,,B,44.1511,-60.2000,,,,,,,,,207.95,,,,,,,,,,,,,,,,,,,,,,,,,,,0,,,,,,,05:00:00 16-Feb-2024,,,
260358,260358,0.500000,UT,1.00b,,16:18:22 25-Feb-2024,,B,44.1511,-60.2000,,0,,,,,,,,,,,,,,,,,,,,,,,,,,,,,,,,,,0,,,,,,,05:00:00 16-Feb-2024,,,
260358,260358,0.500000,UT,,,21:50:05 25-Feb-2024,,B,44.2097,-60.1545,,,,,,,,,,,,,,,,,,,,,,,,,,,,,,,,,,,,0,,,,,,,05:00:00 16-Feb-2024,,,7311
260358,260358,0.500000,UT,,,21:52:21 25-Feb-2024,,B,44.2097,-60.1545,,,,,,,,,2.65,,,,,,,,,,,,,,,,,,,,,,,,,,,0,,,,,,,05:00:00 16-Feb-2024,,,
260358,260358,0.500000,UT,,,22:04:38 25-Feb-2024,,B,44.2287,-60.1689,,,,,,,,,,,,,,,,,,,,,,,,,,,,,,,,,,,,0,,,,,,,05:00:00 16-Feb-2024,,,7311
260358,260358,0.500000,UT,,,22:07:40 25-Feb-2024,,B,44.2287,-60.1689,,,,,,,,,2.65,,,,,,,,,,,,,,,,,,,,,,,,,,,0,,,,,,,05:00:00 16-Feb-2024,,,
260358,260358,0.500000,UT,,,22:54:35 25-Feb-2024,,B,44.2535,-60.1853,,,,,,,,,,,,,,,,,,,,,,,,,,,,,,,,,,,,0,,,,,,,05:00:00 16-Feb-2024,,,7311
260358,260358,0.500000,UT,,,22:57:48 25-Feb-2024,,B,44.2535,-60.1853,,,,,,,,,2.40,,,,,,,,,,,,,,,,,,,,,,,,,,,0,,,,,,,05:00:00 16-Feb-2024,,,
260358,260358,0.500000,UT,,,23:22:26 25-Feb-2024,,B,44.2328,-60.1709,,,,,,,,,2.55,,,,,,,,,,,,,,,,,,,,,,,,,,,0,,,,,,,05:00:00 16-Feb-2024,,,
260358,260358,0.500000,UT,,,23:45:06 25-Feb-2024,,B,44.2358,-60.1715,,,,,,3.450,,,,,,,,,,,,,,,,,,,,,,,,,,,,,,0,,,,,,,05:00:00 16-Feb-2024,,,
260358,260358,0.500000,UT,,,00:02:49 26-Feb-2024,,B,44.2887,-60.1799,,,,,3637,,,,,,,,,,,,,,,,,,,,,,,,,,,,,,,0,,,,,,,05:00:00 16-Feb-2024,,,
260358,260358,0.500000,UT,1.00b,,00:09:31 26-Feb-2024,,B,44.2887,-60.1799,,0,,,,,,,,,,,,,,,,,,,,,,,,,,,,,,,,,,0,,,,,,,05:00:00 16-Feb-2024,,,
260358,260358,0.500000,UT,1.00b,,00:28:13 26-Feb-2024,,B,44.2963,-60.2109,,0,,,,,,,,,,,,,,,,,,,,,,,,,,,,,,,,,,0,,,,,,,05:00:00 16-Feb-2024,,,
260358,260358,0.500000,UT,,,00:31:18 26-Feb-2024,,B,44.2963,-60.2109,,,,,,,,,,,,,,,,,,,,,,,,,,,,,,,,,,,,0,,,,,,,05:00:00 16-Feb-2024,,,7311
260358,260358,0.500000,UT,1.00b,,01:45:55 26-Feb-2024,,B,44.3282,-60.2249,,0,,,,,,,,,,,,,,,,,,,,,,,,,,,,,,,,,,0,,,,,,,05:00:00 16-Feb-2024,,,
260358,260358,0.500000,UT,,,01:49:04 26-Feb-2024,,B,44.3282,-60.2249,,,,,,,,,,,,,,,,,,,,,,,,,,,,,,,,,,,,0,,,,,,,05:00:00 16-Feb-2024,,,7311
260358,260358,0.500000,UT,,,12:24:55 26-Feb-2024,,B,44.4205,-60.2701,,,,,,3.450,,,,,,,,,,,,,,,,,,,,,,,,,,,,,,0,,,,,,,05:00:00 16-Feb-2024,,,
260358,260358,0.500000,UT,,,12:40:50 26-Feb-2024,,B,44.4767,-60.4119,,,,,,,,,145.15,,,,,,,,,,,,,,,,,,,,,,,,,,,0,,,,,,,05:00:00 16-Feb-2024,,,
260358,260358,0.500000,UT,,,12:44:23 26-Feb-2024,,B,44.4767,-60.4119,,,,,,3.475,,,,,,,,,,,,,,,,,,,,,,,,,,,,,,0,,,,,,,05:00:00 16-Feb-2024,,,
260358,260358,0.500000,UT,1.00b,,13:35:17 26-Feb-2024,,B,44.4878,-60.4691,,0,,,,,,,,,,,,,,,,,,,,,,,,,,,,,,,,,,0,,,,,,,05:00:00 16-Feb-2024,,,
260358,260358,0.500000,UT,1.00b,,13:57:09 26-Feb-2024,,B,44.4889,-60.4756,,0,,,,,,,,,,,,,,,,,,,,,,,,,,,,,,,,,,0,,,,,,,05:00:00 16-Feb-2024,,,
260358,260358,0.500000,UT,,,14:00:26 26-Feb-2024,,B,44.5003,-60.4590,,,,,,,,,,,,,,,,,,,,,,,,,,,,,,,,,,,,0,,,,,,,05:00:00 16-Feb-2024,,,3215
260358,260358,0.500000,UT,,,14:03:53 26-Feb-2024,,B,44.5003,-60.4590,,,,,,,,,2.35,,,,,,,,,,,,,,,,,,,,,,,,,,,0,,,,,,,05:00:00 16-Feb-2024,,,
260358,260358,0.500000,UT,,,14:24:48 26-Feb-2024,,B,44.5004,-60.4612,,,,,,,,,2.25,,,,,,,,,,,,,,,,,,,,,,,,,,,0,,,,,,,05:00:00 16-Feb-2024,,,
260358,260358,0.500000,UT,,,15:25:36 26-Feb-2024,,B,44.5388,-60.5382,,,,,,,,,,,,,,,,,,,,,,,,,,,,,,,,,,,,0,,,,,,,05:00:00 16-Feb-2024,,,7311
260358,260358,0.500000,UT,,,15:31:30 26-Feb-2024,,B,44.5388,-60.5382,,,,,3749,,,,,,,,,,,,,,,,,,,,,,,,,,,,,,,0,,,,,,,05:00:00 16-Feb-2024,,,
260358,260358,0.500000,UT,,,15:47:45 26-Feb-2024,,B,44.5441,-60.5463,,,,,3754,,,,,,,,,,,,,,,,,,,,,,,,,,,,,,,0,,,,,,,05:00:00 16-Feb-2024,,,
260358,260358,0.500000,UT,,,21:35:00 26-Feb-2024,,2,44.6673,-60.4302,,,,,,,,,,,,,,,,,,,,,,,,,,,,,,,,,,,,0,,,,,,,05:00:00 16-Feb-2024,,,7311
260358,260358,0.500000,UT,,,21:35:45 26-Feb-2024,,2,44.6673,-60.4302,,,,,,,,,2.00,,,,,,,,,,,,,,,,,,,,,,,,,,,0,,,,,,,05:00:00 16-Feb-2024,,,
260358,260358,0.500000,UT,,,21:36:30 26-Feb-2024,,2,44.6673,-60.4302,,,,,3781,,,,,,,,,,,,,,,,,,,,,,,,,,,,,,,0,,,,,,,05:00:00 16-Feb-2024,,,
260358,260358,0.500000,UT,,21:38:38 26-Feb-2024,21:37:47 26-Feb-2024,-50,2,44.6673,-60.4302,CRC,,,,3782,3.475,,,1.65,,,,,,,,,,,,,,246,45,255,0,,,,,,,0,,,0,87,,,,,,05:00:00 16-Feb-2024,,,
260358,260358,0.500000,UT,,,22:13:47 26-Feb-2024,,B,44.6737,-60.4375,,,,,,3.450,,,,,,,,,,,,,,,,,,,,,,,,,,,,,,0,,,,,,,05:00:00 16-Feb-2024,,,
260358,260358,0.500000,UT,,,22:19:59 26-Feb-2024,,3,44.6890,-60.4064,,,,,,,,,1.90,,,,,,,,,,,,,,,,,,,,,,,,,,,0,,,,,,,05:00:00 16-Feb-2024,,,
260358,260358,0.500000,UT,,,22:24:08 26-Feb-2024,,3,44.6890,-60.4064,,,,,3802,,,,,,,,,,,,,,,,,,,,,,,,,,,,,,,0,,,,,,,05:00:00 16-Feb-2024,,,
260358,260358,0.500000,UT,1.00b,,22:28:14 26-Feb-2024,,3,44.6890,-60.4064,,0,,,,,,,,,,,,,,,,,,,,,,,,,,,,,,,,,,0,,,,,,,05:00:00 16-Feb-2024,,,
260358,260358,0.500000,UT,,,22:59:49 26-Feb-2024,,A,44.6917,-60.4052,,,,,,,,,1.75,,,,,,,,,,,,,,,,,,,,,,,,,,,0,,,,,,,05:00:00 16-Feb-2024,,,
260358,260358,0.500000,UT,,,23:00:34 26-Feb-2024,,A,44.6917,-60.4052,,,,,3818,,,,,,,,,,,,,,,,,,,,,,,,,,,,,,,0,,,,,,,05:00:00 16-Feb-2024,,,
260358,260358,0.500000,UT,,,23:04:23 26-Feb-2024,,A,44.6917,-60.4052,,,,,,3.450,,,,,,,,,,,,,,,,,,,,,,,,,,,,,,0,,,,,,,05:00:00 16-Feb-2024,,,
260358,260358,0.500000,UT,,,23:10:43 26-Feb-2024,,2,44.6966,-60.4044,,,,,3823,,,,,,,,,,,,,,,,,,,,,,,,,,,,,,,0,,,,,,,05:00:00 16-Feb-2024,,,
260358,260358,0.500000,UT,1.00b,,23:15:18 26-Feb-2024,,2,44.6966,-60.4044,,0,,,,,,,,,,,,,,,,,,,,,,,,,,,,,,,,,,0,,,,,,,05:00:00 16-Feb-2024,,,
260358,260358,0.500000,UT,,,23:16:36 26-Feb-2024,,2,44.6966,-60.4044,,,,,,,,,,,,,,,,,,,,,,,,,,,,,,,,,,,,0,,,,,,,05:00:00 16-Feb-2024,,,7311
260358,260358,0.500000,UT,,,23:18:00 26-Feb-2024,,2,44.6966,-60.4044,,,,,,,,,1.65,,,,,,,,,,,,,,,,,,,,,,,,,,,0,,,,,,,05:00:00 16-Feb-2024,,,
260358,260358,0.500000,UT,,,23:18:45 26-Feb-2024,,2,44.6966,-60.4044,,,,,3828,,,,,,,,,,,,,,,,,,,,,,,,,,,,,,,0,,,,,,,05:00:00 16-Feb-2024,,,
260358,260358,0.500000,UT,,,23:20:28 26-Feb-2024,,2,44.6966,-60.4044,,,,,,3.425,,,,,,,,,,,,,,,,,,,,,,,,,,,,,,0,,,,,,,05:00:00 16-Feb-2024,,,
260358,260358,0.500000,UT,1.00b,,23:44:17 26-Feb-2024,,B,44.6964,-60.4040,,0,,,,,,,,,,,,,,,,,,,,,,,,,,,,,,,,,,0,,,,,,,05:00:00 16-Feb-2024,,,
260358,260358,0.500000,UT,,,23:50:19 26-Feb-2024,,3,44.7149,-60.3810,,,,,3849,,,,,,,,,,,,,,,,,,,,,,,,,,,,,,,0,,,,,,,05:00:00 16-Feb-2024,,,
260358,260358,0.500000,UT,,,23:51:29 26-Feb-2024,,3,44.7149,-60.3810,,,,,,3.400,,,,,,,,,,,,,,,,,,,,,,,,,,,,,,0,,,,,,,05:00:00 16-Feb-2024,,,
260358,260358,0.500000,UT,1.00b,,23:52:47 26-Feb-2024,,3,44.7149,-60.3810,,0,,,,,,,,,,,,,,,,,,,,,,,,,,,,,,,,,,0,,,,,,,05:00:00 16-Feb-2024,,,
260358,260358,0.500000,UT,,,23:54:48 26-Feb-2024,,3,44.7149,-60.3810,,,,,,,,,,,,,,,,,,,,,,,,,,,,,,,,,,,,0,,,,,,,05:00:00 16-Feb-2024,,,7311
260358,260358,0.500000,UT,,,23:57:00 26-Feb-2024,,3,44.7149,-60.3810,,,,,,,,,1.40,,,,,,,,,,,,,,,,,,,,,,,,,,,0,,,,,,,05:00:00 16-Feb-2024,,,
260358,260358,0.500000,UT,,,00:03:08 27-Feb-2024,,2,44.7245,-60.3693,,,,,3855,,,,,,,,,,,,,,,,,,,,,,,,,,,,,,,0,,,,,,,05:00:00 16-Feb-2024,,,
260358,260358,0.500000,UT,,,00:05:23 27-Feb-2024,,2,44.7245,-60.3693,,,,,,3.425,,,,,,,,,,,,,,,,,,,,,,,,,,,,,,0,,,,,,,05:00:00 16-Feb-2024,,,
260358,260358,0.500000,UT,,,00:10:37 27-Feb-2024,,2,44.7245,-60.3693,,,,,,,,,,,,,,,,,,,,,,,,,,,,,,,,,,,,0,,,,,,,05:00:00 16-Feb-2024,,,7311
260358,260358,0.500000,UT,,,00:12:06 27-Feb-2024,,2,44.7245,-60.3693,,,,,,,,,1.35,,,,,,,,,,,,,,,,,,,,,,,,,,,0,,,,,,,05:00:00 16-Feb-2024,,,
260358,260358,0.500000,UT,,,00:51:50 27-Feb-2024,,B,44.7280,-60.3785,,,,,,,,,,,,,,,,,,,,,,,,,,,,,,,,,,,,0,,,,,,,05:00:00 16-Feb-2024,,,7311
260358,260358,0.500000,UT,,,00:56:49 27-Feb-2024,,1,44.7211,-60.3735,,,,,,,,,,,,,,,,,,,,,,,,,,,,,,,,,,,,0,,,,,,,05:00:00 16-Feb-2024,,,7311
260358,260358,0.500000,UT,1.00b,,01:00:27 27-Feb-2024,,1,44.7211,-60.3735,,0,,,,,,,,,,,,,,,,,,,,,,,,,,,,,,,,,,0,,,,,,,05:00:00 16-Feb-2024,,,
260358,260358,0.500000,UT,,,01:01:59 27-Feb-2024,,1,44.7211,-60.3735,,,,,,,,,1.40,,,,,,,,,,,,,,,,,,,,,,,,,,,0,,,,,,,05:00:00 16-Feb-2024,,,
260358,260358,0.500000,UT,1.00b,,01:21:16 27-Feb-2024,,B,44.7230,-60.3623,,0,,,,,,,,,,,,,,,,,,,,,,,,,,,,,,,,,,0,,,,,,,05:00:00 16-Feb-2024,,,
260358,260358,0.500000,UT,,,01:26:22 27-Feb-2024,,B,44.7230,-60.3623,,,,,,,,,1.45,,,,,,,,,,,,,,,,,,,,,,,,,,,0,,,,,,,05:00:00 16-Feb-2024,,,
260358,260358,0.500000,UT,1.00b,,12:09:58 27-Feb-2024,,B,44.7258,-60.3735,,0,,,,,,,,,,,,,,,,,,,,,,,,,,,,,,,,,,0,,,,,,,05:00:00 16-Feb-2024,,,
260358,260358,0.500000,UT,,,12:15:04 27-Feb-2024,,B,44.7258,-60.3735,,,,,,,,,1.75,,,,,,,,,,,,,,,,,,,,,,,,,,,0,,,,,,,05:00:00 16-Feb-2024,,,
260358,260358,0.500000,UT,,,12:22:29 27-Feb-2024,,B,44.7549,-60.3458,,,,,,,,,,,,,,,,,,,,,,,,,,,,,,,,,,,,0,,,,,,,05:00:00 16-Feb-2024,,,7311
260358,260358,0.500000,UT,,,12:24:04 27-Feb-2024,,B,44.7368,-60.3554,,,,,,,,,1.95,,,,,,,,,,,,,,,,,,,,,,,,,,,0,,,,,,,05:00:00 16-Feb-2024,,,
260358,260358,0.500000,UT,,,13:11:02 27-Feb-2024,,B,44.7469,-60.3603,,,,,,,,,,,,,,,,,,,,,,,,,,,,,,,,,,,,0,,,,,,,05:00:00 16-Feb-2024,,,7311
260358,260358,0.500000,UT,,,13:44:01 27-Feb-2024,,B,44.7414,-60.3616,,,,,3972,,,,,,,,,,,,,,,,,,,,,,,,,,,,,,,0,,,,,,,05:00:00 16-Feb-2024,,,
260358,260358,0.500000,UT,1.00b,,13:49:28 27-Feb-2024,,A,44.7506,-60.4005,,0,,,,,,,,,,,,,,,,,,,,,,,,,,,,,,,,,,0,,,,,,,05:00:00 16-Feb-2024,,,
260358,260358,0.500000,UT,,,13:52:50 27-Feb-2024,,A,44.7506,-60.4005,,,,,,,,,,,,,,,,,,,,,,,,,,,,,,,,,,,,0,,,,,,,05:00:00 16-Feb-2024,,,7311
260358,260358,0.500000,UT,,,13:58:19 27-Feb-2024,,A,44.7506,-60.4005,,,,,3977,,,,,,,,,,,,,,,,,,,,,,,,,,,,,,,0,,,,,,,05:00:00 16-Feb-2024,,,
260358,260358,0.500000,UT,1.00b,,14:08:46 27-Feb-2024,,B,44.7514,-60.4048,,0,,,,,,,,,,,,,,,,,,,,,,,,,,,,,,,,,,0,,,,,,,05:00:00 16-Feb-2024,,,
260358,260358,0.500000,UT,,,14:43:48 27-Feb-2024,,B,44.7592,-60.4100,,,,,,,,,,,,,,,,,,,,,,,,,,,,,,,,,,,,0,,,,,,,05:00:00 16-Feb-2024,,,7311
260358,260358,0.500000,UT,,,14:56:36 27-Feb-2024,,B,44.7619,-60.4126,,,,,,3.500,,,,,,,,,,,,,,,,,,,,,,,,,,,,,,0,,,,,,,05:00:00 16-Feb-2024,,,
260358,260358,0.500000,UT,,,15:27:42 27-Feb-2024,,B,44.7628,-60.4124,,,,,,3.450,,,,,,,,,,,,,,,,,,,,,,,,,,,,,,0,,,,,,,05:00:00 16-Feb-2024,,,
260358,260358,0.500000,UT,,,16:20:30 27-Feb-2024,,B,44.8107,-60.4380,,,,,,,,,,,,,,,,,,,,,,,,,,,,,,,,,,,,0,,,,,,,05:00:00 16-Feb-2024,,,7311
260358,260358,0.500000,UT,,,21:58:36 27-Feb-2024,,2,44.9339,-60.3955,,,,,4047,,,,,,,,,,,,,,,,,,,,,,,,,,,,,,,0,,,,,,,05:00:00 16-Feb-2024,,,
260358,260358,0.500000,UT,,,21:59:21 27-Feb-2024,,2,44.9339,-60.3955,,,,,,3.450,,,,,,,,,,,,,,,,,,,,,,,,,,,,,,0,,,,,,,05:00:00 16-Feb-2024,,,
260358,260358,0.500000,UT,1.00b,,22:00:16 27-Feb-2024,,2,44.9339,-60.3955,,0,,,,,,,,,,,,,,,,,,,,,,,,,,,,,,,,,,0,,,,,,,05:00:00 16-Feb-2024,,,
260358,260358,0.500000,UT,,,22:01:42 27-Feb-2024,,2,44.9339,-60.3955,,,,,,,,,,,,,,,,,,,,,,,,,,,,,,,,,,,,0,,,,,,,05:00:00 16-Feb-2024,,,7311
260358,260358,0.500000,UT,,,22:02:48 27-Feb-2024,,2,44.9339,-60.3955,,,,,,,,,1.40,,,,,,,,,,,,,,,,,,,,,,,,,,,0,,,,,,,05:00:00 16-Feb-2024,,,
260358,260358,0.500000,UT,,,22:41:27 27-Feb-2024,,2,44.9364,-60.3854,,,,,,3.500,,,,,,,,,,,,,,,,,,,,,,,,,,,,,,0,,,,,,,05:00:00 16-Feb-2024,,,
260358,260358,0.500000,UT,1.00b,,22:42:12 27-Feb-2024,,2,44.9364,-60.3854,,0,,,,,,,,,,,,,,,,,,,,,,,,,,,,,,,,,,0,,,,,,,05:00:00 16-Feb-2024,,,
260358,260358,0.500000,UT,,,22:45:05 27-Feb-2024,,2,44.9364,-60.3854,,,,,,,,,,,,,,,,,,,,,,,,,,,,,,,,,,,,0,,,,,,,05:00:00 16-Feb-2024,,,7311
260358,260358,0.500000,UT,,,23:35:24 27-Feb-2024,,2,44.9467,-60.3917,,,,,,,,,1.30,,,,,,,,,,,,,,,,,,,,,,,,,,,0,,,,,,,05:00:00 16-Feb-2024,,,
260358,260358,0.500000,UT,,,23:37:55 27-Feb-2024,,2,44.9467,-60.3917,,,,,4099,,,,,,,,,,,,,,,,,,,,,,,,,,,,,,,0,,,,,,,05:00:00 16-Feb-2024,,,
260358,260358,0.500000,UT,,,23:40:16 27-Feb-2024,,2,44.9467,-60.3917,,,,,,3.450,,,,,,,,,,,,,,,,,,,,,,,,,,,,,,0,,,,,,,05:00:00 16-Feb-2024,,,
260358,260358,0.500000,UT,1.00b,,23:43:23 27-Feb-2024,,2,44.9467,-60.3917,,0,,,,,,,,,,,,,,,,,,,,,,,,,,,,,,,,,,0,,,,,,,05:00:00 16-Feb-2024,,,
260358,260358,0.500000,UT,,,23:46:32 27-Feb-2024,,A,44.9449,-60.3913,,,,,,,,,,,,,,,,,,,,,,,,,,,,,,,,,,,,0,,,,,,,05:00:00 16-Feb-2024,,,7311
260358,260358,0.500000,UT,,,23:49:12 27-Feb-2024,,A,44.9449,-60.3913,,,,,,,,,1.30,,,,,,,,,,,,,,,,,,,,,,,,,,,0,,,,,,,05:00:00 16-Feb-2024,,,
260358,260358,0.500000,UT,,,23:52:05 27-Feb-2024,,A,44.9449,-60.3913,,,,,4104,,,,,,,,,,,,,,,,,,,,,,,,,,,,,,,0,,,,,,,05:00:00 16-Feb-2024,,,
260358,260358,0.500000,UT,,,00:13:34 28-Feb-2024,,B,44.9459,-60.3906,,,,,,3.450,,,,,,,,,,,,,,,,,,,,,,,,,,,,,,0,,,,,,,05:00:00 16-Feb-2024,,,
260358,260358,0.500000,UT,1.00b,,00:14:46 28-Feb-2024,,B,44.9459,-60.3906,,0,,,,,,,,,,,,,,,,,,,,,,,,,,,,,,,,,,0,,,,,,,05:00:00 16-Feb-2024,,,
260358,260358,0.500000,UT,,,00:23:14 28-Feb-2024,,B,44.9535,-60.3923,,,,,,3.425,,,,,,,,,,,,,,,,,,,,,,,,,,,,,,0,,,,,,,05:00:00 16-Feb-2024,,,
260358,260358,0.500000,UT,,,00:34:12 28-Feb-2024,,1,44.9637,-60.4002,,,,,,3.425,,,,,,,,,,,,,,,,,,,,,,,,,,,,,,0,,,,,,,05:00:00 16-Feb-2024,,,
260358,260358,0.500000,UT,1.00b,,00:36:07 28-Feb-2024,,1,44.9637,-60.4002,,0,,,,,,,,,,,,,,,,,,,,,,,,,,,,,,,,,,0,,,,,,,05:00:00 16-Feb-2024,,,
260358,260358,0.500000,UT,,,00:38:18 28-Feb-2024,,1,44.9637,-60.4002,,,,,,,,,,,,,,,,,,,,,,,,,,,,,,,,,,,,0,,,,,,,05:00:00 16-Feb-2024,,,7311
260358,260358,0.500000,UT,,,00:40:25 28-Feb-2024,,1,44.9637,-60.4002,,,,,,,,,1.15,,,,,,,,,,,,,,,,,,,,,,,,,,,0,,,,,,,05:00:00 16-Feb-2024,,,
260358,260358,0.500000,UT,,,01:06:16 28-Feb-2024,,2,44.9729,-60.4091,,,,,,3.450,,,,,,,,,,,,,,,,,,,,,,,,,,,,,,0,,,,,,,05:00:00 16-Feb-2024,,,
260358,260358,0.500000,UT,,,01:07:56 28-Feb-2024,,2,44.9729,-60.4091,,,,,,,,,,,,,,,,,,,,,,,,,,,,,,,,,,,,0,,,,,,,05:00:00 16-Feb-2024,,,7311
260358,260358,0.500000,UT,,,01:08:45 28-Feb-2024,,2,44.9729,-60.4091,,,,,,,,,1.15,,,,,,,,,,,,,,,,,,,,,,,,,,,0,,,,,,,05:00:00 16-Feb-2024,,,
260358,260358,0.500000,UT,,,01:09:30 28-Feb-2024,,2,44.9729,-60.4091,,,,,4143,,,,,,,,,,,,,,,,,,,,,,,,,,,,,,,0,,,,,,,05:00:00 16-Feb-2024,,,
260358,260358,0.500000,UT,,,01:12:00 28-Feb-2024,,2,44.9729,-60.4091,,,,,,3.425,,,,,,,,,,,,,,,,,,,,,,,,,,,,,,0,,,,,,,05:00:00 16-Feb-2024,,,
260358,260358,0.500000,UT,,,01:18:20 28-Feb-2024,,3,44.9737,-60.4165,,,,,4148,,,,,,,,,,,,,,,,,,,,,,,,,,,,,,,0,,,,,,,05:00:00 16-Feb-2024,,,
260358,260358,0.500000,UT,,,01:19:37 28-Feb-2024,,3,44.9737,-60.4165,,,,,,3.400,,,,,,,,,,,,,,,,,,,,,,,,,,,,,,0,,,,,,,05:00:00 16-Feb-2024,,,
260358,260358,0.500000,UT,1.00b,,01:20:36 28-Feb-2024,,3,44.9737,-60.4165,,0,,,,,,,,,,,,,,,,,,,,,,,,,,,,,,,,,,0,,,,,,,05:00:00 16-Feb-2024,,,
260358,260358,0.500000,UT,,,01:22:16 28-Feb-2024,,3,44.9737,-60.4165,,,,,,,,,,,,,,,,,,,,,,,,,,,,,,,,,,,,0,,,,,,,05:00:00 16-Feb-2024,,,7311
260358,260358,0.500000,UT,,,01:23:47 28-Feb-2024,,3,44.9737,-60.4165,,,,,,,,,1.20,,,,,,,,,,,,,,,,,,,,,,,,,,,0,,,,,,,05:00:00 16-Feb-2024,,,
260358,260358,0.500000,UT,,,01:27:52 28-Feb-2024,,3,44.9725,-60.4229,,,,,,3.475,,,,,,,,,,,,,,,,,,,,,,,,,,,,,,0,,,,,,,05:00:00 16-Feb-2024,,,
260358,260358,0.500000,UT,1.00b,,01:29:59 28-Feb-2024,,3,44.9725,-60.4229,,0,,,,,,,,,,,,,,,,,,,,,,,,,,,,,,,,,,0,,,,,,,05:00:00 16-Feb-2024,,,
260358,260358,0.500000,UT,,,01:31:39 28-Feb-2024,,3,44.9725,-60.4229,,,,,,,,,,,,,,,,,,,,,,,,,,,,,,,,,,,,0,,,,,,,05:00:00 16-Feb-2024,,,7311
260358,260358,0.500000,UT,1.00b,,01:57:55 28-Feb-2024,,B,44.9810,-60.4273,,0,,,,,,,,,,,,,,,,,,,,,,,,,,,,,,,,,,0,,,,,,,05:00:00 16-Feb-2024,,,
260358,260358,0.500000,UT,,,11:47:54 28-Feb-2024,,1,45.0766,-60.6792,,,,,,,,,0.90,,,,,,,,,,,,,,,,,,,,,,,,,,,0,,,,,,,05:00:00 16-Feb-2024,,,
260358,260358,0.500000,UT,,,11:51:17 28-Feb-2024,,1,45.0766,-60.6792,,,,,4203,,,,,,,,,,,,,,,,,,,,,,,,,,,,,,,0,,,,,,,05:00:00 16-Feb-2024,,,
260358,260358,0.500000,UT,,,11:55:37 28-Feb-2024,,1,45.0766,-60.6792,,,,,,3.450,,,,,,,,,,,,,,,,,,,,,,,,,,,,,,0,,,,,,,05:00:00 16-Feb-2024,,,
260358,260358,0.500000,UT,1.00b,,11:56:35 28-Feb-2024,,1,45.0766,-60.6792,,0,,,,,,,,,,,,,,,,,,,,,,,,,,,,,,,,,,0,,,,,,,05:00:00 16-Feb-2024,,,
260358,260358,0.500000,UT,,11:58:25 28-Feb-2024,11:57:32 28-Feb-2024,-52,1,45.0766,-60.6792,CRC,,,,4207,3.475,,,1.10,,,,,,,,,,,,,,255,46,255,0,,,,,,,4,,,0,75,,,,,,05:00:00 16-Feb-2024,,,
260358,260358,0.500000,UT,,,11:58:20 28-Feb-2024,,1,45.0761,-60.6544,,,,,,,,,,,,,,,,,,,,,,,,,,,,,,,,,,,,0,,,,,,,05:00:00 16-Feb-2024,,,7311
260358,260358,0.500000,UT,,,11:59:25 28-Feb-2024,,1,45.0766,-60.6792,,,,,,,,,0.95,,,,,,,,,,,,,,,,,,,,,,,,,,,0,,,,,,,05:00:00 16-Feb-2024,,,
260358,260358,0.500000,UT,,,12:01:03 28-Feb-2024,,1,45.0761,-60.6544,,,,,4210,,,,,,,,,,,,,,,,,,,,,,,,,,,,,,,0,,,,,,,05:00:00 16-Feb-2024,,,
260358,260358,0.500000,UT,,,13:33:22 28-Feb-2024,,B,45.1011,-60.6698,,,,,4243,,,,,,,,,,,,,,,,,,,,,,,,,,,,,,,0,,,,,,,05:00:00 16-Feb-2024,,,
260358,260358,0.500000,UT,,,13:38:06 28-Feb-2024,,A,45.1018,-60.7295,,,,,,3.425,,,,,,,,,,,,,,,,,,,,,,,,,,,,,,0,,,,,,,05:00:00 16-Feb-2024,,,
260358,260358,0.500000,UT,,,13:45:20 28-Feb-2024,,A,45.1018,-60.7295,,,,,,,,,,,,,,,,,,,,,,,,,,,,,,,,,,,,0,,,,,,,05:00:00 16-Feb-2024,,,7311
260358,260358,0.500000,UT,1.00b,,14:29:59 28-Feb-2024,,A,45.0850,-60.6825,,0,,,,,,,,,,,,,,,,,,,,,,,,,,,,,,,,,,0,,,,,,,05:00:00 16-Feb-2024,,,
260358,260358,0.500000,UT,,14:33:42 28-Feb-2024,14:32:49 28-Feb-2024,-52,A,45.0850,-60.6825,CRC,,,,4257,3.425,,,1.05,,,,,,,,,,,,,,255,46,255,0,,,,,,,1,,,0,93,,,,,,05:00:00 16-Feb-2024,,,
260358,260358,0.500000,UT,,,14:36:20 28-Feb-2024,,A,45.0850,-60.6825,,,,,,,,,,,,,,,,,,,,,,,,,,,,,,,,,,,,0,,,,,,,05:00:00 16-Feb-2024,,,7311
260358,260358,0.500000,UT,,,15:09:19 28-Feb-2024,,1,45.1049,-60.7059,,,,,,,,,,,,,,,,,,,,,,,,,,,,,,,,,,,,0,,,,,,,05:00:00 16-Feb-2024,,,7311
260358,260358,0.500000,UT,,,15:13:18 28-Feb-2024,,1,45.1049,-60.7059,,,,,4276,,,,,,,,,,,,,,,,,,,,,,,,,,,,,,,0,,,,,,,05:00:00 16-Feb-2024,,,
260358,260358,0.500000,UT,,,15:16:25 28-Feb-2024,,1,45.1049,-60.7059,,,,,,3.425,,,,,,,,,,,,,,,,,,,,,,,,,,,,,,0,,,,,,,05:00:00 16-Feb-2024,,,
260358,260358,0.500000,UT,1.00b,,15:17:32 28-Feb-2024,,1,45.1049,-60.7059,,0,,,,,,,,,,,,,,,,,,,,,,,,,,,,,,,,,,0,,,,,,,05:00:00 16-Feb-2024,,,
260358,260358,0.500000,UT,,,15:19:04 28-Feb-2024,,2,45.1072,-60.7176,,,,,,,,,,,,,,,,,,,,,,,,,,,,,,,,,,,,0,,,,,,,05:00:00 16-Feb-2024,,,7311
260358,260358,0.500000,UT,,,15:20:29 28-Feb-2024,,2,45.1072,-60.7176,,,,,,,,,1.40,,,,,,,,,,,,,,,,,,,,,,,,,,,0,,,,,,,05:00:00 16-Feb-2024,,,
260358,260358,0.500000,UT,,,15:21:20 28-Feb-2024,,2,45.1072,-60.7176,,,,,4281,,,,,,,,,,,,,,,,,,,,,,,,,,,,,,,0,,,,,,,05:00:00 16-Feb-2024,,,
260358,260358,0.500000,UT,,15:25:06 28-Feb-2024,15:24:12 28-Feb-2024,-53,2,45.1099,-60.7244,CRC,,,,4282,3.400,,,1.00,,,,,,,,,,,,,,255,46,255,0,,,,,,,0,,,0,103,,,,,,05:00:00 16-Feb-2024,,,
260358,260358,0.500000,UT,,,15:27:06 28-Feb-2024,,2,45.1099,-60.7244,,,,,,3.425,,,,,,,,,,,,,,,,,,,,,,,,,,,,,,0,,,,,,,05:00:00 16-Feb-2024,,,
260358,260358,0.500000,UT,1.00b,,15:30:13 28-Feb-2024,,2,45.1099,-60.7244,,0,,,,,,,,,,,,,,,,,,,,,,,,,,,,,,,,,,0,,,,,,,05:00:00 16-Feb-2024,,,
260358,260358,0.500000,UT,,,15:33:21 28-Feb-2024,,2,45.1118,-60.7271,,,,,,,,,,,,,,,,,,,,,,,,,,,,,,,,,,,,0,,,,,,,05:00:00 16-Feb-2024,,,7311
260358,260358,0.500000,UT,,,15:34:18 28-Feb-2024,,2,45.1118,-60.7271,,,,,,,,,1.30,,,,,,,,,,,,,,,,,,,,,,,,,,,0,,,,,,,05:00:00 16-Feb-2024,,,
260358,260358,0.500000,UT,,,15:35:13 28-Feb-2024,,2,45.1118,-60.7271,,,,,4287,,,,,,,,,,,,,,,,,,,,,,,,,,,,,,,0,,,,,,,05:00:00 16-Feb-2024,,,
260358,260358,0.500000,UT,,,15:36:37 28-Feb-2024,,2,45.1118,-60.7271,,,,,,3.425,,,,,,,,,,,,,,,,,,,,,,,,,,,,,,0,,,,,,,05:00:00 16-Feb-2024,,,
260358,260358,0.500000,UT,1.00b,,15:38:25 28-Feb-2024,,2,45.1118,-60.7271,,0,,,,,,,,,,,,,,,,,,,,,,,,,,,,,,,,,,0,,,,,,,05:00:00 16-Feb-2024,,,
260358,260358,0.500000,UT,,,21:30:19 28-Feb-2024,,2,45.1727,-60.7864,,,,,,,,,,,,,,,,,,,,,,,,,,,,,,,,,,,,0,,,,,,,05:00:00 16-Feb-2024,,,7311
260358,260358,0.500000,UT,,,21:37:34 28-Feb-2024,,2,45.1727,-60.7864,,,,,4339,,,,,,,,,,,,,,,,,,,,,,,,,,,,,,,0,,,,,,,05:00:00 16-Feb-2024,,,
260358,260358,0.500000,UT,,,21:38:34 28-Feb-2024,,2,45.1727,-60.7864,,,,,,3.425,,,,,,,,,,,,,,,,,,,,,,,,,,,,,,0,,,,,,,05:00:00 16-Feb-2024,,,
260358,260358,0.500000,UT,,,21:40:59 28-Feb-2024,,2,45.1727,-60.7864,,,,,,,,,,,,,,,,,,,,,,,,,,,,,,,,,,,,0,,,,,,,05:00:00 16-Feb-2024,,,7311
260358,260358,0.500000,UT,,,22:01:48 28-Feb-2024,,B,45.1849,-60.7899,,,,,,,,,,,,,,,,,,,,,,,,,,,,,,,,,,,,0,,,,,,,05:00:00 16-Feb-2024,,,7311
260358,260358,0.500000,UT,,,22:11:07 28-Feb-2024,,B,45.1835,-60.7904,,,,,4349,,,,,,,,,,,,,,,,,,,,,,,,,,,,,,,0,,,,,,,05:00:00 16-Feb-2024,,,
260358,260358,0.500000,UT,1.00b,,22:19:34 28-Feb-2024,,B,45.1806,-60.7886,,0,,,,,,,,,,,,,,,,,,,,,,,,,,,,,,,,,,0,,,,,,,05:00:00 16-Feb-2024,,,
260358,260358,0.500000,UT,1.00b,,23:09:59 28-Feb-2024,,A,45.2069,-60.7998,,0,,,,,,,,,,,,,,,,,,,,,,,,,,,,,,,,,,0,,,,,,,05:00:00 16-Feb-2024,,,
260358,260358,0.500000,UT,,,23:11:43 28-Feb-2024,,A,45.2069,-60.7998,,,,,,,,,,,,,,,,,,,,,,,,,,,,,,,,,,,,0,,,,,,,05:00:00 16-Feb-2024,,,7311
260358,260358,0.500000,UT,,,23:14:22 28-Feb-2024,,A,45.2069,-60.7998,,,,,,,,,0.55,,,,,,,,,,,,,,,,,,,,,,,,,,,0,,,,,,,05:00:00 16-Feb-2024,,,
260358,260358,0.500000,UT,1.00b,,23:24:28 28-Feb-2024,,B,45.2021,-60.8153,,0,,,,,,,,,,,,,,,,,,,,,,,,,,,,,,,,,,0,,,,,,,05:00:00 16-Feb-2024,,,
260358,260358,0.500000,UT,,,23:27:54 28-Feb-2024,,B,45.2089,-60.8219,,,,,,,,,,,,,,,,,,,,,,,,,,,,,,,,,,,,0,,,,,,,05:00:00 16-Feb-2024,,,7311
260358,260358,0.500000,UT,,,23:32:51 28-Feb-2024,,B,45.2021,-60.8153,,,,,4375,,,,,,,,,,,,,,,,,,,,,,,,,,,,,,,0,,,,,,,05:00:00 16-Feb-2024,,,
260358,260358,0.500000,UT,,,23:47:02 28-Feb-2024,,2,45.2217,-60.8211,,,,,,,,,0.70,,,,,,,,,,,,,,,,,,,,,,,,,,,0,,,,,,,05:00:00 16-Feb-2024,,,
260358,260358,0.500000,UT,,,23:48:04 28-Feb-2024,,2,45.2217,-60.8211,,,,,4386,,,,,,,,,,,,,,,,,,,,,,,,,,,,,,,0,,,,,,,05:00:00 16-Feb-2024,,,
260358,260358,0.500000,UT,,,23:50:09 28-Feb-2024,,2,45.2217,-60.8211,,,,,,3.425,,,,,,,,,,,,,,,,,,,,,,,,,,,,,,0,,,,,,,05:00:00 16-Feb-2024,,,
260358,260358,0.500000,UT,,,23:53:54 28-Feb-2024,,2,45.2217,-60.8211,,,,,,,,,,,,,,,,,,,,,,,,,,,,,,,,,,,,0,,,,,,,05:00:00 16-Feb-2024,,,7311
260358,260358,0.500000,UT,,,00:14:50 29-Feb-2024,,3,45.2337,-60.8259,,,,,,3.400,,,,,,,,,,,,,,,,,,,,,,,,,,,,,,0,,,,,,,05:00:00 16-Feb-2024,,,
260358,260358,0.500000,UT,1.00b,,00:18:08 29-Feb-2024,,3,45.2337,-60.8259,,0,,,,,,,,,,,,,,,,,,,,,,,,,,,,,,,,,,0,,,,,,,05:00:00 16-Feb-2024,,,
260358,260358,0.500000,UT,,,00:21:17 29-Feb-2024,,3,45.2337,-60.8259,,,,,,,,,,,,,,,,,,,,,,,,,,,,,,,,,,,,0,,,,,,,05:00:00 16-Feb-2024,,,7311
260358,260358,0.500000,UT,,,00:56:56 29-Feb-2024,,B,45.2409,-60.8324,,,,,,,,,0.75,,,,,,,,,,,,,,,,,,,,,,,,,,,0,,,,,,,05:00:00 16-Feb-2024,,,
260358,260358,0.500000,UT,,,01:00:15 29-Feb-2024,,B,45.2402,-60.8327,,,,,4414,,,,,,,,,,,,,,,,,,,,,,,,,,,,,,,0,,,,,,,05:00:00 16-Feb-2024,,,
260358,260358,0.500000,UT,1.00b,,01:06:05 29-Feb-2024,,A,45.2586,-60.7831,,0,,,,,,,,,,,,,,,,,,,,,,,,,,,,,,,,,,0,,,,,,,05:00:00 16-Feb-2024,,,
260358,260358,0.500000,UT,,,01:08:35 29-Feb-2024,,A,45.2586,-60.7831,,,,,,,,,,,,,,,,,,,,,,,,,,,,,,,,,,,,0,,,,,,,05:00:00 16-Feb-2024,,,7311
260358,260358,0.500000,UT,,,01:11:13 29-Feb-2024,,B,45.2534,-60.8333,,,,,,,,,0.90,,,,,,,,,,,,,,,,,,,,,,,,,,,0,,,,,,,05:00:00 16-Feb-2024,,,
260358,260358,0.500000,UT,,,01:14:01 29-Feb-2024,,A,45.2586,-60.7831,,,,,4419,,,,,,,,,,,,,,,,,,,,,,,,,,,,,,,0,,,,,,,05:00:00 16-Feb-2024,,,
260358,260358,0.500000,UT,1.00b,,01:53:30 29-Feb-2024,,B,45.2720,-60.8333,,0,,,,,,,,,,,,,,,,,,,,,,,,,,,,,,,,,,0,,,,,,,05:00:00 16-Feb-2024,,,
260358,260358,0.500000,UT,,,01:55:42 29-Feb-2024,,B,45.2720,-60.8333,,,,,,,,,,,,,,,,,,,,,,,,,,,,,,,,,,,,0,,,,,,,05:00:00 16-Feb-2024,,,7311
260358,260358,0.500000,UT,,,02:38:44 29-Feb-2024,,B,45.2790,-60.8198,,,,,,,,,,,,,,,,,,,,,,,,,,,,,,,,,,,,0,,,,,,,05:00:00 16-Feb-2024,,,7311
260358,260358,0.500000,UT,,,02:47:13 29-Feb-2024,,2,45.2987,-60.8074,,,,,4458,,,,,,,,,,,,,,,,,,,,,,,,,,,,,,,0,,,,,,,05:00:00 16-Feb-2024,,,
260358,260358,0.500000,UT,,,02:48:47 29-Feb-2024,,2,45.2987,-60.8074,,,,,,3.500,,,,,,,,,,,,,,,,,,,,,,,,,,,,,,0,,,,,,,05:00:00 16-Feb-2024,,,
260358,260358,0.500000,UT,1.00b,,02:50:52 29-Feb-2024,,2,45.2987,-60.8074,,0,,,,,,,,,,,,,,,,,,,,,,,,,,,,,,,,,,0,,,,,,,05:00:00 16-Feb-2024,,,
260358,260358,0.500000,UT,1.00b,,12:26:12 29-Feb-2024,,B,45.4211,-60.7956,,0,,,,,,,,,,,,,,,,,,,,,,,,,,,,,,,,,,0,,,,,,,05:00:00 16-Feb-2024,,,
260358,260358,0.500000,UT,,,13:04:01 29-Feb-2024,,1,45.4856,-60.7352,,,,,,,,,,,,,,,,,,,,,,,,,,,,,,,,,,,,0,,,,,,,05:00:00 16-Feb-2024,,,7311
260358,260358,0.500000,UT,,,13:04:48 29-Feb-2024,,1,45.4856,-60.7352,,,,,,,,,1.00,,,,,,,,,,,,,,,,,,,,,,,,,,,0,,,,,,,05:00:00 16-Feb-2024,,,
260358,260358,0.500000,UT,,,13:06:23 29-Feb-2024,,1,45.4856,-60.7352,,,,,,3.425,,,,,,,,,,,,,,,,,,,,,,,,,,,,,,0,,,,,,,05:00:00 16-Feb-2024,,,
260358,260358,0.500000,UT,1.00b,,13:07:08 29-Feb-2024,,1,45.4856,-60.7352,,0,,,,,,,,,,,,,,,,,,,,,,,,,,,,,,,,,,0,,,,,,,05:00:00 16-Feb-2024,,,
260358,260358,0.500000,UT,,,13:08:50 29-Feb-2024,,1,45.4856,-60.7352,,,,,,,,,1.15,,,,,,,,,,,,,,,,,,,,,,,,,,,0,,,,,,,05:00:00 16-Feb-2024,,,
260358,260358,0.500000,UT,1.00b,,13:20:04 29-Feb-2024,,1,45.4919,-60.7636,,0,,,,,,,,,,,,,,,,,,,,,,,,,,,,,,,,,,0,,,,,,,05:00:00 16-Feb-2024,,,
260358,260358,0.500000,UT,,,13:20:58 29-Feb-2024,,1,45.4919,-60.7636,,,,,,,,,,,,,,,,,,,,,,,,,,,,,,,,,,,,0,,,,,,,05:00:00 16-Feb-2024,,,7311
260358,260358,0.500000,UT,,,13:22:47 29-Feb-2024,,1,45.4919,-60.7636,,,,,4527,,,,,,,,,,,,,,,,,,,,,,,,,,,,,,,0,,,,,,,05:00:00 16-Feb-2024,,,
260358,260358,0.500000,UT,,,13:23:32 29-Feb-2024,,1,45.4919,-60.7636,,,,,,3.425,,,,,,,,,,,,,,,,,,,,,,,,,,,,,,0,,,,,,,05:00:00 16-Feb-2024,,,
260358,260358,0.500000,UT,1.00b,,13:24:24 29-Feb-2024,,1,45.4919,-60.7636,,0,,,,,,,,,,,,,,,,,,,,,,,,,,,,,,,,,,0,,,,,,,05:00:00 16-Feb-2024,,,
260358,260358,0.500000,UT,,,13:26:13 29-Feb-2024,,1,45.4919,-60.7636,,,,,,,,,1.35,,,,,,,,,,,,,,,,,,,,,,,,,,,0,,,,,,,05:00:00 16-Feb-2024,,,
260358,260358,0.500000,UT,,,13:27:46 29-Feb-2024,,1,45.4919,-60.7636,,,,,4533,,,,,,,,,,,,,,,,,,,,,,,,,,,,,,,0,,,,,,,05:00:00 16-Feb-2024,,,
260358,260358,0.500000,UT,,,14:06:39 29-Feb-2024,,0,45.4884,-60.7348,,,,,,3.375,,,,,,,,,,,,,,,,,,,,,,,,,,,,,,0,,,,,,,05:00:00 16-Feb-2024,,,
260358,260358,0.500000,UT,,14:08:33 29-Feb-2024,14:07:38 29-Feb-2024,-54,0,45.4884,-60.7348,CRC,,,,4582,3.375,,,1.65,,,,,,,,,,,,,,255,46,255,0,,,,,,,3,,,0,123,,,,,,05:00:00 16-Feb-2024,,,
260358,260358,0.500000,UT,1.01b,,14:08:29 29-Feb-2024,,0,45.4884,-60.7348,,0,,,,,,,,,,,,,,,,,,,,,,,,,,,,,,,,,,0,,,,,,,05:00:00 16-Feb-2024,,,
260358,260358,0.500000,UT,,,14:11:01 29-Feb-2024,,0,45.4884,-60.7348,,,,,4586,,,,,,,,,,,,,,,,,,,,,,,,,,,,,,,0,,,,,,,05:00:00 16-Feb-2024,,,
260358,260358,0.500000,UT,,,14:11:55 29-Feb-2024,,0,45.4884,-60.7348,,,,,,3.425,,,,,,,,,,,,,,,,,,,,,,,,,,,,,,0,,,,,,,05:00:00 16-Feb-2024,,,
260358,260358,0.500000,UT,,,14:13:46 29-Feb-2024,,0,45.4884,-60.7348,,,,,,,,,,,,,,,,,,,,,,,,,,,,,,,,,,,,0,,,,,,,05:00:00 16-Feb-2024,,,7311
260358,260358,0.500000,UT,,,21:35:16 29-Feb-2024,,2,45.4709,-60.7344,,,,,,3.425,,,,,,,,,,,,,,,,,,,,,,,,,,,,,,0,,,,,,,05:00:00 16-Feb-2024,,,
260358,260358,0.500000,UT,,,21:38:34 29-Feb-2024,,2,45.4709,-60.7344,,,,,,,,,1.05,,,,,,,,,,,,,,,,,,,,,,,,,,,0,,,,,,,05:00:00 16-Feb-2024,,,
260358,260358,0.500000,UT,,,21:40:13 29-Feb-2024,,2,45.4709,-60.7344,,,,,,3.450,,,,,,,,,,,,,,,,,,,,,,,,,,,,,,0,,,,,,,05:00:00 16-Feb-2024,,,
260358,260358,0.500000,UT,1.00b,,21:41:16 29-Feb-2024,,2,45.4709,-60.7344,,0,,,,,,,,,,,,,,,,,,,,,,,,,,,,,,,,,,0,,,,,,,05:00:00 16-Feb-2024,,,
260358,260358,0.500000,UT,,,21:43:18 29-Feb-2024,,2,45.4709,-60.7344,,,,,,,,,,,,,,,,,,,,,,,,,,,,,,,,,,,,0,,,,,,,05:00:00 16-Feb-2024,,,7311
260358,260358,0.500000,UT,,,21:54:16 29-Feb-2024,,3,45.4722,-60.7419,,,,,4199,,,,,,,,,,,,,,,,,,,,,,,,,,,,,,,0,,,,,,,05:00:00 16-Feb-2024,,,
260358,260358,0.500000,UT,,,21:55:46 29-Feb-2024,,3,45.4722,-60.7419,,,,,,3.450,,,,,,,,,,,,,,,,,,,,,,,,,,,,,,0,,,,,,,05:00:00 16-Feb-2024,,,
260358,260358,0.500000,UT,1.00b,,21:57:49 29-Feb-2024,,3,45.4722,-60.7419,,0,,,,,,,,,,,,,,,,,,,,,,,,,,,,,,,,,,0,,,,,,,05:00:00 16-Feb-2024,,,
260358,260358,0.500000,UT,,,22:44:15 29-Feb-2024,,1,45.4707,-60.7013,,,,,,,,,,,,,,,,,,,,,,,,,,,,,,,,,,,,0,,,,,,,05:00:00 16-Feb-2024,,,7311
260358,260358,0.500000,UT,,,22:47:57 29-Feb-2024,,1,45.4707,-60.7013,,,,,,,,,1.00,,,,,,,,,,,,,,,,,,,,,,,,,,,0,,,,,,,05:00:00 16-Feb-2024,,,
260358,260358,0.500000,UT,,,22:51:11 29-Feb-2024,,1,45.4707,-60.7013,,,,,4667,,,,,,,,,,,,,,,,,,,,,,,,,,,,,,,0,,,,,,,05:00:00 16-Feb-2024,,,
260358,260358,0.500000,UT,,,22:54:21 29-Feb-2024,,1,45.4707,-60.7013,,,,,,3.425,,,,,,,,,,,,,,,,,,,,,,,,,,,,,,0,,,,,,,05:00:00 16-Feb-2024,,,
260358,260358,0.500000,UT,1.00b,,23:08:54 29-Feb-2024,,B,45.4732,-60.7072,,0,,,,,,,,,,,,,,,,,,,,,,,,,,,,,,,,,,0,,,,,,,05:00:00 16-Feb-2024,,,
260358,260358,0.500000,UT,,,23:10:59 29-Feb-2024,,B,45.4664,-60.7094,,,,,,,,,,,,,,,,,,,,,,,,,,,,,,,,,,,,0,,,,,,,05:00:00 16-Feb-2024,,,7311
260358,260358,0.500000,UT,,,23:13:47 29-Feb-2024,,B,45.4664,-60.7094,,,,,,,,,0.90,,,,,,,,,,,,,,,,,,,,,,,,,,,0,,,,,,,05:00:00 16-Feb-2024,,,
260358,260358,0.500000,UT,,,23:16:25 29-Feb-2024,,2,45.4579,-60.7349,,,,,4677,,,,,,,,,,,,,,,,,,,,,,,,,,,,,,,0,,,,,,,05:00:00 16-Feb-2024,,,
260358,260358,0.500000,UT,,,23:18:45 29-Feb-2024,,2,45.4579,-60.7349,,,,,,3.425,,,,,,,,,,,,,,,,,,,,,,,,,,,,,,0,,,,,,,05:00:00 16-Feb-2024,,,
260358,260358,0.500000,UT,1.00b,,23:21:12 29-Feb-2024,,2,45.4579,-60.7349,,0,,,,,,,,,,,,,,,,,,,,,,,,,,,,,,,,,,0,,,,,,,05:00:00 16-Feb-2024,,,
260358,260358,0.500000,UT,,,23:23:20 29-Feb-2024,,2,45.4579,-60.7349,,,,,,,,,0.85,,,,,,,,,,,,,,,,,,,,,,,,,,,0,,,,,,,05:00:00 16-Feb-2024,,,
260358,260358,0.500000,UT,,,23:27:37 29-Feb-2024,,B,45.4569,-60.7393,,,,,4683,,,,,,,,,,,,,,,,,,,,,,,,,,,,,,,0,,,,,,,05:00:00 16-Feb-2024,,,
260358,260358,0.500000,UT,1.00b,,23:32:14 29-Feb-2024,,B,45.4569,-60.7393,,0,,,,,,,,,,,,,,,,,,,,,,,,,,,,,,,,,,0,,,,,,,05:00:00 16-Feb-2024,,,
260358,260358,0.500000,UT,,,00:26:55 01-Mar-2024,,B,45.4730,-60.7131,,,,,,3.425,,,,,,,,,,,,,,,,,,,,,,,,,,,,,,0,,,,,,,05:00:00 16-Feb-2024,,,
260358,260358,0.500000,UT,1.00b,,00:47:35 01-Mar-2024,,A,45.4503,-60.7598,,0,,,,,,,,,,,,,,,,,,,,,,,,,,,,,,,,,,0,,,,,,,05:00:00 16-Feb-2024,,,
260358,260358,0.500000,UT,,,00:50:29 01-Mar-2024,,A,45.4503,-60.7598,,,,,,,,,,,,,,,,,,,,,,,,,,,,,,,,,,,,0,,,,,,,05:00:00 16-Feb-2024,,,7311
260358,260358,0.500000,UT,,,00:53:26 01-Mar-2024,,A,45.4457,-60.7592,,,,,,,,,0.85,,,,,,,,,,,,,,,,,,,,,,,,,,,0,,,,,,,05:00:00 16-Feb-2024,,,
260358,260358,0.500000,UT,,,00:56:32 01-Mar-2024,,A,45.4457,-60.7592,,,,,4716,,,,,,,,,,,,,,,,,,,,,,,,,,,,,,,0,,,,,,,05:00:00 16-Feb-2024,,,
260358,260358,0.500000,UT,,,01:32:02 01-Mar-2024,,3,45.4352,-60.7678,,,,,,,,,1.05,,,,,,,,,,,,,,,,,,,,,,,,,,,0,,,,,,,05:00:00 16-Feb-2024,,,
260358,260358,0.500000,UT,,,01:35:06 01-Mar-2024,,3,45.4352,-60.7678,,,,,,,,,,,,,,,,,,,,,,,,,,,,,,,,,,,,0,,,,,,,05:00:00 16-Feb-2024,,,7311
260358,260358,0.500000,UT,1.00b,,01:38:35 01-Mar-2024,,3,45.4352,-60.7678,,0,,,,,,,,,,,,,,,,,,,,,,,,,,,,,,,,,,0,,,,,,,05:00:00 16-Feb-2024,,,
260358,260358,0.500000,UT,,,01:40:52 01-Mar-2024,,3,45.4352,-60.7678,,,,,4748,,,,,,,,,,,,,,,,,,,,,,,,,,,,,,,0,,,,,,,05:00:00 16-Feb-2024,,,
260358,260358,0.500000,UT,,,12:39:16 01-Mar-2024,,A,45.3600,-60.6765,,,,,,,,,,,,,,,,,,,,,,,,,,,,,,,,,,,,0,,,,,,,05:00:00 16-Feb-2024,,,7311
260358,260358,0.500000,UT,,,12:44:06 01-Mar-2024,,A,45.3600,-60.6765,,,,,,,,,1.05,,,,,,,,,,,,,,,,,,,,,,,,,,,0,,,,,,,05:00:00 16-Feb-2024,,,
260358,260358,0.500000,UT,,,12:45:13 01-Mar-2024,,A,45.3600,-60.6765,,,,,4789,,,,,,,,,,,,,,,,,,,,,,,,,,,,,,,0,,,,,,,05:00:00 16-Feb-2024,,,
260358,260358,0.500000,UT,,,12:58:53 01-Mar-2024,,B,45.3932,-60.7270,,,,,,,,,,,,,,,,,,,,,,,,,,,,,,,,,,,,0,,,,,,,05:00:00 16-Feb-2024,,,7311
260358,260358,0.500000,UT,,,13:03:40 01-Mar-2024,,B,45.3932,-60.7270,,,,,,,,,1.15,,,,,,,,,,,,,,,,,,,,,,,,,,,0,,,,,,,05:00:00 16-Feb-2024,,,
260358,260358,0.500000,UT,,,13:12:22 01-Mar-2024,,A,45.3715,-60.6707,,,,,,3.425,,,,,,,,,,,,,,,,,,,,,,,,,,,,,,0,,,,,,,05:00:00 16-Feb-2024,,,
260358,260358,0.500000,UT,,,13:21:08 01-Mar-2024,,A,45.3715,-60.6707,,,,,,,,,,,,,,,,,,,,,,,,,,,,,,,,,,,,0,,,,,,,05:00:00 16-Feb-2024,,,7311
260358,260358,0.500000,UT,,,13:46:06 01-Mar-2024,,A,45.3700,-60.6842,,,,,,,,,,,,,,,,,,,,,,,,,,,,,,,,,,,,0,,,,,,,05:00:00 16-Feb-2024,,,7311
260358,260358,0.500000,UT,,,13:51:02 01-Mar-2024,,A,45.3700,-60.6842,,,,,,,,,1.05,,,,,,,,,,,,,,,,,,,,,,,,,,,0,,,,,,,05:00:00 16-Feb-2024,,,
260358,260358,0.500000,UT,,,13:56:12 01-Mar-2024,,A,45.3700,-60.6842,,,,,,3.400,,,,,,,,,,,,,,,,,,,,,,,,,,,,,,0,,,,,,,05:00:00 16-Feb-2024,,,
260358,260358,0.500000,UT,,,14:17:32 01-Mar-2024,,B,45.3712,-60.6864,,,,,,3.425,,,,,,,,,,,,,,,,,,,,,,,,,,,,,,0,,,,,,,05:00:00 16-Feb-2024,,,
260358,260358,0.500000,UT,1.00b,,14:21:44 01-Mar-2024,,B,45.3712,-60.6864,,0,,,,,,,,,,,,,,,,,,,,,,,,,,,,,,,,,,0,,,,,,,05:00:00 16-Feb-2024,,,
260358,260358,0.500000,UT,,,14:36:33 01-Mar-2024,,A,45.3523,-60.6254,,,,,,,,,1.50,,,,,,,,,,,,,,,,,,,,,,,,,,,0,,,,,,,05:00:00 16-Feb-2024,,,
260358,260358,0.500000,UT,,,14:40:22 01-Mar-2024,,A,45.3523,-60.6254,,,,,4822,,,,,,,,,,,,,,,,,,,,,,,,,,,,,,,0,,,,,,,05:00:00 16-Feb-2024,,,
260358,260358,0.500000,UT,,,14:41:07 01-Mar-2024,,A,45.3523,-60.6254,,,,,,3.425,,,,,,,,,,,,,,,,,,,,,,,,,,,,,,0,,,,,,,05:00:00 16-Feb-2024,,,
260358,260358,0.500000,UT,,,14:50:11 01-Mar-2024,,A,45.3790,-60.6525,,,,,,,,,1.70,,,,,,,,,,,,,,,,,,,,,,,,,,,0,,,,,,,05:00:00 16-Feb-2024,,,
260358,260358,0.500000,UT,,,14:50:56 01-Mar-2024,,A,45.3790,-60.6525,,,,,4827,,,,,,,,,,,,,,,,,,,,,,,,,,,,,,,0,,,,,,,05:00:00 16-Feb-2024,,,
260358,260358,0.500000,UT,,,14:55:05 01-Mar-2024,,2,45.3677,-60.6511,,,,,,3.425,,,,,,,,,,,,,,,,,,,,,,,,,,,,,,0,,,,,,,05:00:00 16-Feb-2024,,,
260358,260358,0.500000,UT,1.00b,,14:59:49 01-Mar-2024,,2,45.3677,-60.6511,,0,,,,,,,,,,,,,,,,,,,,,,,,,,,,,,,,,,0,,,,,,,05:00:00 16-Feb-2024,,,
260358,260358,0.500000,UT,,,15:25:56 01-Mar-2024,,B,45.3429,-60.6396,,,,,4844,,,,,,,,,,,,,,,,,,,,,,,,,,,,,,,0,,,,,,,05:00:00 16-Feb-2024,,,
260358,260358,0.500000,UT,,,15:32:16 01-Mar-2024,,B,45.3429,-60.6396,,,,,,,,,,,,,,,,,,,,,,,,,,,,,,,,,,,,0,,,,,,,05:00:00 16-Feb-2024,,,7311
260358,260358,0.500000,UT,,,15:38:24 01-Mar-2024,,3,45.3555,-60.6218,,,,,4860,,,,,,,,,,,,,,,,,,,,,,,,,,,,,,,0,,,,,,,05:00:00 16-Feb-2024,,,
260358,260358,0.500000,UT,,,15:39:10 01-Mar-2024,,3,45.3555,-60.6218,,,,,,3.400,,,,,,,,,,,,,,,,,,,,,,,,,,,,,,0,,,,,,,05:00:00 16-Feb-2024,,,
260358,260358,0.500000,UT,,,15:41:26 01-Mar-2024,,3,45.3555,-60.6218,,,,,,,,,2.80,,,,,,,,,,,,,,,,,,,,,,,,,,,0,,,,,,,05:00:00 16-Feb-2024,,,
260358,260358,0.500000,UT,,,15:42:12 01-Mar-2024,,3,45.3555,-60.6218,,,,,4865,,,,,,,,,,,,,,,,,,,,,,,,,,,,,,,0,,,,,,,05:00:00 16-Feb-2024,,,
260358,260358,0.500000,UT,,,15:44:27 01-Mar-2024,,3,45.3555,-60.6218,,,,,,,,,,,,,,,,,,,,,,,,,,,,,,,,,,,,0,,,,,,,05:00:00 16-Feb-2024,,,7311
260358,260358,0.500000,UT,,,15:45:36 01-Mar-2024,,3,45.3555,-60.6218,,,,,,,,,1.80,,,,,,,,,,,,,,,,,,,,,,,,,,,0,,,,,,,05:00:00 16-Feb-2024,,,
260358,260358,0.500000,UT,,,15:46:22 01-Mar-2024,,3,45.3555,-60.6218,,,,,4870,,,,,,,,,,,,,,,,,,,,,,,,,,,,,,,0,,,,,,,05:00:00 16-Feb-2024,,,
260358,260358,0.500000,UT,,,15:47:08 01-Mar-2024,,3,45.3555,-60.6218,,,,,,3.425,,,,,,,,,,,,,,,,,,,,,,,,,,,,,,0,,,,,,,05:00:00 16-Feb-2024,,,
260358,260358,0.500000,UT,1.00b,,15:47:53 01-Mar-2024,,3,45.3555,-60.6218,,0,,,,,,,,,,,,,,,,,,,,,,,,,,,,,,,,,,0,,,,,,,05:00:00 16-Feb-2024,,,
260358,260358,0.500000,UT,,,16:19:26 01-Mar-2024,,1,45.3587,-60.6128,,,,,,3.400,,,,,,,,,,,,,,,,,,,,,,,,,,,,,,0,,,,,,,05:00:00 16-Feb-2024,,,
260358,260358,0.500000,UT,,,16:20:59 01-Mar-2024,,1,45.3587,-60.6128,,,,,,,,,,,,,,,,,,,,,,,,,,,,,,,,,,,,0,,,,,,,05:00:00 16-Feb-2024,,,7311
260358,260358,0.500000,UT,,,16:21:45 01-Mar-2024,,1,45.3587,-60.6128,,,,,,,,,3.05,,,,,,,,,,,,,,,,,,,,,,,,,,,0,,,,,,,05:00:00 16-Feb-2024,,,
260358,260358,0.500000,UT,,,16:22:33 01-Mar-2024,,1,45.3587,-60.6128,,,,,4917,,,,,,,,,,,,,,,,,,,,,,,,,,,,,,,0,,,,,,,05:00:00 16-Feb-2024,,,
260358,260358,0.500000,UT,1.00b,,16:24:03 01-Mar-2024,,1,45.3587,-60.6128,,0,,,,,,,,,,,,,,,,,,,,,,,,,,,,,,,,,,0,,,,,,,05:00:00 16-Feb-2024,,,
260358,260358,0.500000,UT,,,22:13:38 01-Mar-2024,,B,45.3163,-60.5990,,,,,,3.450,,,,,,,,,,,,,,,,,,,,,,,,,,,,,,0,,,,,,,05:00:00 16-Feb-2024,,,
260358,260358,0.500000,UT,1.00b,,22:17:36 01-Mar-2024,,1,45.3292,-60.5920,,0,,,,,,,,,,,,,,,,,,,,,,,,,,,,,,,,,,0,,,,,,,05:00:00 16-Feb-2024,,,
260358,260358,0.500000,UT,1.00b,,22:17:37 01-Mar-2024,,B,45.3163,-60.5990,,0,,,,,,,,,,,,,,,,,,,,,,,,,,,,,,,,,,0,,,,,,,05:00:00 16-Feb-2024,,,
260358,260358,0.500000,UT,,,22:22:06 01-Mar-2024,,1,45.3292,-60.5920,,,,,,,,,,,,,,,,,,,,,,,,,,,,,,,,,,,,0,,,,,,,05:00:00 16-Feb-2024,,,7311
260358,260358,0.500000,UT,,,22:22:55 01-Mar-2024,,1,45.3292,-60.5920,,,,,,,,,0.90,,,,,,,,,,,,,,,,,,,,,,,,,,,0,,,,,,,05:00:00 16-Feb-2024,,,
260358,260358,0.500000,UT,,,22:26:24 01-Mar-2024,,1,45.3292,-60.5920,,,,,4927,,,,,,,,,,,,,,,,,,,,,,,,,,,,,,,0,,,,,,,05:00:00 16-Feb-2024,,,
260358,260358,0.500000,UT,,,22:45:39 01-Mar-2024,,A,45.3245,-60.5834,,,,,,3.450,,,,,,,,,,,,,,,,,,,,,,,,,,,,,,0,,,,,,,05:00:00 16-Feb-2024,,,
260358,260358,0.500000,UT,1.00b,,22:49:03 01-Mar-2024,,A,45.3245,-60.5834,,0,,,,,,,,,,,,,,,,,,,,,,,,,,,,,,,,,,0,,,,,,,05:00:00 16-Feb-2024,,,
260358,260358,0.500000,UT,,,22:52:50 01-Mar-2024,,A,45.3245,-60.5834,,,,,,,,,,,,,,,,,,,,,,,,,,,,,,,,,,,,0,,,,,,,05:00:00 16-Feb-2024,,,7311
260358,260358,0.500000,UT,1.00b,,22:58:17 01-Mar-2024,,A,45.3217,-60.5880,,0,,,,,,,,,,,,,,,,,,,,,,,,,,,,,,,,,,0,,,,,,,05:00:00 16-Feb-2024,,,
260358,260358,0.500000,UT,,,23:01:54 01-Mar-2024,,A,45.3217,-60.5880,,,,,,,,,,,,,,,,,,,,,,,,,,,,,,,,,,,,0,,,,,,,05:00:00 16-Feb-2024,,,7311
260358,260358,0.500000,UT,,,23:05:08 01-Mar-2024,,A,45.3217,-60.5880,,,,,,,,,0.90,,,,,,,,,,,,,,,,,,,,,,,,,,,0,,,,,,,05:00:00 16-Feb-2024,,,
260358,260358,0.500000,UT,,,23:08:13 01-Mar-2024,,B,45.3220,-60.5887,,,,,4943,,,,,,,,,,,,,,,,,,,,,,,,,,,,,,,0,,,,,,,05:00:00 16-Feb-2024,,,
260358,260358,0.500000,UT,,,00:01:40 02-Mar-2024,,B,45.3166,-60.5775,,,,,,3.450,,,,,,,,,,,,,,,,,,,,,,,,,,,,,,0,,,,,,,05:00:00 16-Feb-2024,,,
260358,260358,0.500000,UT,,,00:22:21 02-Mar-2024,,3,45.3083,-60.6097,,,,,4975,,,,,,,,,,,,,,,,,,,,,,,,,,,,,,,0,,,,,,,05:00:00 16-Feb-2024,,,
260358,260358,0.500000,UT,,,00:25:23 02-Mar-2024,,3,45.3083,-60.6097,,,,,,3.425,,,,,,,,,,,,,,,,,,,,,,,,,,,,,,0,,,,,,,05:00:00 16-Feb-2024,,,
260358,260358,0.500000,UT,1.00b,,00:27:44 02-Mar-2024,,3,45.3083,-60.6097,,0,,,,,,,,,,,,,,,,,,,,,,,,,,,,,,,,,,0,,,,,,,05:00:00 16-Feb-2024,,,
260358,260358,0.500000,UT,,,00:30:19 02-Mar-2024,,3,45.3083,-60.6097,,,,,,,,,,,,,,,,,,,,,,,,,,,,,,,,,,,,0,,,,,,,05:00:00 16-Feb-2024,,,7311
260358,260358,0.500000,UT,,00:40:08 02-Mar-2024,00:39:11 02-Mar-2024,-56,3,45.3090,-60.6024,CRC,,,,4982,3.425,,,0.65,,,,,,,,,,,,,,255,46,255,0,,,,,,,9,,,0,89,,,,,,05:00:00 16-Feb-2024,,,
260358,260358,0.500000,UT,1.00b,,00:42:08 02-Mar-2024,,3,45.3090,-60.6024,,0,,,,,,,,,,,,,,,,,,,,,,,,,,,,,,,,,,0,,,,,,,05:00:00 16-Feb-2024,,,
260358,260358,0.500000,UT,,,00:47:57 02-Mar-2024,,3,45.3090,-60.6024,,,,,,,,,,,,,,,,,,,,,,,,,,,,,,,,,,,,0,,,,,,,05:00:00 16-Feb-2024,,,7311
260358,260358,0.500000,UT,,,01:13:41 02-Mar-2024,,1,45.3043,-60.6182,,,,,,3.350,,,,,,,,,,,,,,,,,,,,,,,,,,,,,,0,,,,,,,05:00:00 16-Feb-2024,,,
260358,260358,0.500000,UT,,01:17:44 02-Mar-2024,01:16:47 02-Mar-2024,-56,A,45.3063,-60.6133,CRC,,,,5007,3.400,,,0.90,,,,,,,,,,,,,,255,46,255,0,,,,,,,8,,,0,110,,,,,,05:00:00 16-Feb-2024,,,
260358,260358,0.500000,UT,,,01:18:19 02-Mar-2024,,A,45.3063,-60.6133,,,,,,3.350,,,,,,,,,,,,,,,,,,,,,,,,,,,,,,0,,,,,,,05:00:00 16-Feb-2024,,,
260358,260358,0.500000,UT,1.00b,,01:19:10 02-Mar-2024,,1,45.3043,-60.6182,,0,,,,,,,,,,,,,,,,,,,,,,,,,,,,,,,,,,0,,,,,,,05:00:00 16-Feb-2024,,,
260358,260358,0.500000,UT,,,01:20:46 02-Mar-2024,,1,45.3043,-60.6182,,,,,,,,,0.90,,,,,,,,,,,,,,,,,,,,,,,,,,,0,,,,,,,05:00:00 16-Feb-2024,,,
260358,260358,0.500000,UT,,,12:10:41 02-Mar-2024,,1,45.2543,-60.7973,,,,,,,,,,,,,,,,,,,,,,,,,,,,,,,,,,,,0,,,,,,,05:00:00 16-Feb-2024,,,7311
260358,260358,0.500000,UT,,,12:15:11 02-Mar-2024,,1,45.2543,-60.7973,,,,,,,,,1.40,,,,,,,,,,,,,,,,,,,,,,,,,,,0,,,,,,,05:00:00 16-Feb-2024,,,
260358,260358,0.500000,UT,,,12:17:24 02-Mar-2024,,1,45.2543,-60.7973,,,,,5053,,,,,,,,,,,,,,,,,,,,,,,,,,,,,,,0,,,,,,,05:00:00 16-Feb-2024,,,
260358,260358,0.500000,UT,1.00b,,12:22:16 02-Mar-2024,,1,45.2543,-60.7973,,0,,,,,,,,,,,,,,,,,,,,,,,,,,,,,,,,,,0,,,,,,,05:00:00 16-Feb-2024,,,
260358,260358,0.500000,UT,,,12:38:16 02-Mar-2024,,B,45.2491,-60.7995,,,,,,,,,1.35,,,,,,,,,,,,,,,,,,,,,,,,,,,0,,,,,,,05:00:00 16-Feb-2024,,,
260358,260358,0.500000,UT,,,12:40:21 02-Mar-2024,,B,45.2491,-60.7995,,,,,5060,,,,,,,,,,,,,,,,,,,,,,,,,,,,,,,0,,,,,,,05:00:00 16-Feb-2024,,,
260358,260358,0.500000,UT,1.00b,,13:00:32 02-Mar-2024,,2,45.2469,-60.8351,,0,,,,,,,,,,,,,,,,,,,,,,,,,,,,,,,,,,0,,,,,,,05:00:00 16-Feb-2024,,,
260358,260358,0.500000,UT,,,13:01:23 02-Mar-2024,,2,45.2469,-60.8351,,,,,,,,,,,,,,,,,,,,,,,,,,,,,,,,,,,,0,,,,,,,05:00:00 16-Feb-2024,,,7311
260358,260358,0.500000,UT,,,13:03:49 02-Mar-2024,,2,45.2469,-60.8351,,,,,,,,,1.35,,,,,,,,,,,,,,,,,,,,,,,,,,,0,,,,,,,05:00:00 16-Feb-2024,,,
260358,260358,0.500000,UT,,,13:07:06 02-Mar-2024,,2,45.2469,-60.8351,,,,,5070,,,,,,,,,,,,,,,,,,,,,,,,,,,,,,,0,,,,,,,05:00:00 16-Feb-2024,,,
260358,260358,0.500000,UT,,,13:09:24 02-Mar-2024,,2,45.2469,-60.8351,,,,,,3.450,,,,,,,,,,,,,,,,,,,,,,,,,,,,,,0,,,,,,,05:00:00 16-Feb-2024,,,
260358,260358,0.500000,UT,1.00b,,13:26:47 02-Mar-2024,,2,45.2356,-60.8559,,0,,,,,,,,,,,,,,,,,,,,,,,,,,,,,,,,,,0,,,,,,,05:00:00 16-Feb-2024,,,
260358,260358,0.500000,UT,,,13:28:53 02-Mar-2024,,2,45.2356,-60.8559,,,,,,,,,,,,,,,,,,,,,,,,,,,,,,,,,,,,0,,,,,,,05:00:00 16-Feb-2024,,,7311
260358,260358,0.500000,UT,,,13:30:35 02-Mar-2024,,2,45.2356,-60.8559,,,,,,,,,1.30,,,,,,,,,,,,,,,,,,,,,,,,,,,0,,,,,,,05:00:00 16-Feb-2024,,,
260358,260358,0.500000,UT,,,13:32:46 02-Mar-2024,,2,45.2356,-60.8559,,,,,5081,,,,,,,,,,,,,,,,,,,,,,,,,,,,,,,0,,,,,,,05:00:00 16-Feb-2024,,,
260358,260358,0.500000,UT,1.00b,,14:21:34 02-Mar-2024,,B,45.2241,-60.8579,,0,,,,,,,,,,,,,,,,,,,,,,,,,,,,,,,,,,0,,,,,,,05:00:00 16-Feb-2024,,,
260358,260358,0.500000,UT,,,14:57:07 02-Mar-2024,,B,45.2174,-60.8498,,,,,,,,,2.20,,,,,,,,,,,,,,,,,,,,,,,,,,,0,,,,,,,05:00:00 16-Feb-2024,,,
260358,260358,0.500000,UT,,,14:58:39 02-Mar-2024,,B,45.2174,-60.8498,,,,,5130,,,,,,,,,,,,,,,,,,,,,,,,,,,,,,,0,,,,,,,05:00:00 16-Feb-2024,,,
260358,260358,0.500000,UT,,,15:11:23 02-Mar-2024,,B,45.2145,-60.8497,,,,,,,,,1.35,,,,,,,,,,,,,,,,,,,,,,,,,,,0,,,,,,,05:00:00 16-Feb-2024,,,
260358,260358,0.500000,UT,,,16:00:13 02-Mar-2024,,B,45.2066,-60.8488,,,,,5156,,,,,,,,,,,,,,,,,,,,,,,,,,,,,,,0,,,,,,,05:00:00 16-Feb-2024,,,
260358,260358,0.500000,UT,,,16:13:05 02-Mar-2024,,A,45.1699,-60.8657,,,,,,,,,,,,,,,,,,,,,,,,,,,,,,,,,,,,0,,,,,,,05:00:00 16-Feb-2024,,,7311
260358,260358,0.500000,UT,,,16:19:21 02-Mar-2024,,A,45.1699,-60.8657,,,,,5162,,,,,,,,,,,,,,,,,,,,,,,,,,,,,,,0,,,,,,,05:00:00 16-Feb-2024,,,
260358,260358,0.500000,UT,,,16:33:22 02-Mar-2024,,B,45.1717,-60.8704,,,,,820,,,,,,,,,,,,,,,,,,,,,,,,,,,,,,,0,,,,,,,05:00:00 16-Feb-2024,,,
260358,260358,0.500000,UT,,,16:39:58 02-Mar-2024,,B,45.1717,-60.8704,,,,,,3.425,,,,,,,,,,,,,,,,,,,,,,,,,,,,,,0,,,,,,,05:00:00 16-Feb-2024,,,
260358,260358,0.500000,UT,1.00b,,21:33:43 02-Mar-2024,,A,45.1625,-60.8968,,0,,,,,,,,,,,,,,,,,,,,,,,,,,,,,,,,,,0,,,,,,,05:00:00 16-Feb-2024,,,
260358,260358,0.500000,UT,,,21:35:07 02-Mar-2024,,A,45.1625,-60.8968,,,,,,,,,,,,,,,,,,,,,,,,,,,,,,,,,,,,0,,,,,,,05:00:00 16-Feb-2024,,,7311
260358,260358,0.500000,UT,,,21:37:35 02-Mar-2024,,A,45.1625,-60.8968,,,,,,,,,0.90,,,,,,,,,,,,,,,,,,,,,,,,,,,0,,,,,,,05:00:00 16-Feb-2024,,,
260358,260358,0.500000,UT,,,21:56:40 02-Mar-2024,,A,45.1645,-60.8847,,,,,,3.450,,,,,,,,,,,,,,,,,,,,,,,,,,,,,,0,,,,,,,05:00:00 16-Feb-2024,,,
260358,260358,0.500000,UT,1.00b,,21:58:13 02-Mar-2024,,A,45.1645,-60.8847,,0,,,,,,,,,,,,,,,,,,,,,,,,,,,,,,,,,,0,,,,,,,05:00:00 16-Feb-2024,,,
260358,260358,0.500000,UT,,,22:00:10 02-Mar-2024,,A,45.1645,-60.8847,,,,,,,,,,,,,,,,,,,,,,,,,,,,,,,,,,,,0,,,,,,,05:00:00 16-Feb-2024,,,7311
260358,260358,0.500000,UT,,,22:15:51 02-Mar-2024,,B,45.1633,-60.8924,,,,,,,,,1.20,,,,,,,,,,,,,,,,,,,,,,,,,,,0,,,,,,,05:00:00 16-Feb-2024,,,
260358,260358,0.500000,UT,,,22:18:56 02-Mar-2024,,B,45.1633,-60.8924,,,,,5193,,,,,,,,,,,,,,,,,,,,,,,,,,,,,,,0,,,,,,,05:00:00 16-Feb-2024,,,
260358,260358,0.500000,UT,1.00b,,22:40:17 02-Mar-2024,,1,45.1710,-60.9083,,0,,,,,,,,,,,,,,,,,,,,,,,,,,,,,,,,,,0,,,,,,,05:00:00 16-Feb-2024,,,
260358,260358,0.500000,UT,,,22:41:33 02-Mar-2024,,1,45.1710,-60.9083,,,,,,,,,,,,,,,,,,,,,,,,,,,,,,,,,,,,0,,,,,,,05:00:00 16-Feb-2024,,,7311
260358,260358,0.500000,UT,,,22:42:18 02-Mar-2024,,1,45.1710,-60.9083,,,,,,,,,0.90,,,,,,,,,,,,,,,,,,,,,,,,,,,0,,,,,,,05:00:00 16-Feb-2024,,,
260358,260358,0.500000,UT,,,22:47:46 02-Mar-2024,,1,45.1710,-60.9083,,,,,,3.450,,,,,,,,,,,,,,,,,,,,,,,,,,,,,,0,,,,,,,05:00:00 16-Feb-2024,,,
260358,260358,0.500000,UT,,,22:51:52 02-Mar-2024,,B,45.1664,-60.8995,,,,,,,,,,,,,,,,,,,,,,,,,,,,,,,,,,,,0,,,,,,,05:00:00 16-Feb-2024,,,7311
260358,260358,0.500000,UT,,,23:31:42 02-Mar-2024,,3,45.1452,-60.9091,,,,,5224,,,,,,,,,,,,,,,,,,,,,,,,,,,,,,,0,,,,,,,05:00:00 16-Feb-2024,,,
260358,260358,0.500000,UT,,,23:33:51 02-Mar-2024,,3,45.1452,-60.9091,,,,,,3.825,,,,,,,,,,,,,,,,,,,,,,,,,,,,,,0,,,,,,,05:00:00 16-Feb-2024,,,
260358,260358,0.500000,UT,,,23:36:08 02-Mar-2024,,3,45.1452,-60.9091,,,,,,,,,,,,,,,,,,,,,,,,,,,,,,,,,,,,0,,,,,,,05:00:00 16-Feb-2024,,,7311
260358,260358,0.500000,UT,,,23:41:29 02-Mar-2024,,3,45.1452,-60.9091,,,,,5229,,,,,,,,,,,,,,,,,,,,,,,,,,,,,,,0,,,,,,,05:00:00 16-Feb-2024,,,
260358,260358,0.500000,UT,,,23:56:15 02-Mar-2024,,B,45.1409,-60.9098,,,,,,3.425,,,,,,,,,,,,,,,,,,,,,,,,,,,,,,0,,,,,,,05:00:00 16-Feb-2024,,,
260358,260358,0.500000,UT,,,23:57:59 02-Mar-2024,,B,45.1409,-60.9098,,,,,,,,,,,,,,,,,,,,,,,,,,,,,,,,,,,,0,,,,,,,05:00:00 16-Feb-2024,,,7311
260358,260358,0.500000,UT,,,00:04:31 03-Mar-2024,,3,45.1372,-60.9163,,,,,,,,,0.75,,,,,,,,,,,,,,,,,,,,,,,,,,,0,,,,,,,05:00:00 16-Feb-2024,,,
260358,260358,0.500000,UT,,,00:05:34 03-Mar-2024,,3,45.1372,-60.9163,,,,,5246,,,,,,,,,,,,,,,,,,,,,,,,,,,,,,,0,,,,,,,05:00:00 16-Feb-2024,,,
260358,260358,0.500000,UT,1.00b,,00:07:08 03-Mar-2024,,3,45.1372,-60.9163,,0,,,,,,,,,,,,,,,,,,,,,,,,,,,,,,,,,,0,,,,,,,05:00:00 16-Feb-2024,,,
260358,260358,0.500000,UT,,,00:08:14 03-Mar-2024,,3,45.1372,-60.9163,,,,,,,,,,,,,,,,,,,,,,,,,,,,,,,,,,,,0,,,,,,,05:00:00 16-Feb-2024,,,7311
260358,260358,0.500000,UT,,,00:12:31 03-Mar-2024,,3,45.1372,-60.9163,,,,,,,,,,,,,,,,,,,,,,,,,,,,,,,,,,,,0,,,,,,,05:00:00 16-Feb-2024,,,23695
260358,260358,0.500000,UT,,,00:15:37 03-Mar-2024,,B,45.1374,-60.9140,,,,,,3.325,,,,,,,,,,,,,,,,,,,,,,,,,,,,,,0,,,,,,,05:00:00 16-Feb-2024,,,
260358,260358,0.500000,UT,,,00:17:23 03-Mar-2024,,B,45.1374,-60.9140,,,,,,,,,,,,,,,,,,,,,,,,,,,,,,,,,,,,0,,,,,,,05:00:00 16-Feb-2024,,,7343
260358,260358,0.500000,UT,1.00b,,00:20:47 03-Mar-2024,,2,45.1366,-60.9101,,0,,,,,,,,,,,,,,,,,,,,,,,,,,,,,,,,,,0,,,,,,,05:00:00 16-Feb-2024,,,
260358,260358,0.500000,UT,,,00:23:15 03-Mar-2024,,2,45.1366,-60.9101,,,,,5267,,,,,,,,,,,,,,,,,,,,,,,,,,,,,,,0,,,,,,,05:00:00 16-Feb-2024,,,
260358,260358,0.500000,UT,,,00:24:04 03-Mar-2024,,2,45.1366,-60.9101,,,,,,3.350,,,,,,,,,,,,,,,,,,,,,,,,,,,,,,0,,,,,,,05:00:00 16-Feb-2024,,,
260358,260358,0.500000,UT,,,00:27:29 03-Mar-2024,,2,45.1366,-60.9101,,,,,,,,,0.70,,,,,,,,,,,,,,,,,,,,,,,,,,,0,,,,,,,05:00:00 16-Feb-2024,,,
260358,260358,0.500000,UT,,,00:28:25 03-Mar-2024,,2,45.1366,-60.9101,,,,,5272,,,,,,,,,,,,,,,,,,,,,,,,,,,,,,,0,,,,,,,05:00:00 16-Feb-2024,,,
260358,260358,0.500000,UT,1.00b,,00:34:13 03-Mar-2024,,1,45.1331,-60.9075,,0,,,,,,,,,,,,,,,,,,,,,,,,,,,,,,,,,,0,,,,,,,05:00:00 16-Feb-2024,,,
260358,260358,0.500000,UT,,,00:35:02 03-Mar-2024,,1,45.1331,-60.9075,,,,,,,,,,,,,,,,,,,,,,,,,,,,,,,,,,,,0,,,,,,,05:00:00 16-Feb-2024,,,7311
260358,260358,0.500000,UT,,,00:58:05 03-Mar-2024,,B,45.1295,-60.9066,,,,,5304,,,,,,,,,,,,,,,,,,,,,,,,,,,,,,,0,,,,,,,05:00:00 16-Feb-2024,,,
260358,260358,0.500000,UT,,,11:46:01 03-Mar-2024,,A,45.1330,-60.9552,,,,,,,,,,,,,,,,,,,,,,,,,,,,,,,,,,,,0,,,,,,,05:00:00 16-Feb-2024,,,7311
260358,260358,0.500000,UT,,,11:51:08 03-Mar-2024,,A,45.1330,-60.9552,,,,,5324,,,,,,,,,,,,,,,,,,,,,,,,,,,,,,,0,,,,,,,05:00:00 16-Feb-2024,,,
260358,260358,0.500000,UT,,,11:54:16 03-Mar-2024,,A,45.1330,-60.9552,,,,,,3.475,,,,,,,,,,,,,,,,,,,,,,,,,,,,,,0,,,,,,,05:00:00 16-Feb-2024,,,
260358,260358,0.500000,UT,,,12:50:27 03-Mar-2024,,A,45.1613,-61.0074,,,,,,,,,1.20,,,,,,,,,,,,,,,,,,,,,,,,,,,0,,,,,,,05:00:00 16-Feb-2024,,,
260358,260358,0.500000,UT,,,12:54:47 03-Mar-2024,,A,45.1613,-61.0074,,,,,5341,,,,,,,,,,,,,,,,,,,,,,,,,,,,,,,0,,,,,,,05:00:00 16-Feb-2024,,,
260358,260358,0.500000,UT,,,14:03:53 03-Mar-2024,,B,45.1888,-60.9912,,,,,5359,,,,,,,,,,,,,,,,,,,,,,,,,,,,,,,0,,,,,,,05:00:00 16-Feb-2024,,,
260358,260358,0.500000,UT,,,14:07:23 03-Mar-2024,,B,45.1888,-60.9912,,,,,,3.450,,,,,,,,,,,,,,,,,,,,,,,,,,,,,,0,,,,,,,05:00:00 16-Feb-2024,,,
260358,260358,0.500000,UT,,,14:17:25 03-Mar-2024,,3,45.1995,-61.0311,,,,,5364,,,,,,,,,,,,,,,,,,,,,,,,,,,,,,,0,,,,,,,05:00:00 16-Feb-2024,,,
260358,260358,0.500000,UT,,,14:20:54 03-Mar-2024,,3,45.1995,-61.0311,,,,,,3.425,,,,,,,,,,,,,,,,,,,,,,,,,,,,,,0,,,,,,,05:00:00 16-Feb-2024,,,
260358,260358,0.500000,UT,1.00b,,14:24:14 03-Mar-2024,,3,45.1995,-61.0311,,0,,,,,,,,,,,,,,,,,,,,,,,,,,,,,,,,,,0,,,,,,,05:00:00 16-Feb-2024,,,
260358,260358,0.500000,UT,,,14:27:27 03-Mar-2024,,3,45.1995,-61.0311,,,,,,,,,,,,,,,,,,,,,,,,,,,,,,,,,,,,0,,,,,,,05:00:00 16-Feb-2024,,,7311
260358,260358,0.500000,UT,,,15:40:54 03-Mar-2024,,B,45.2020,-61.0307,,,,,,,,,1.35,,,,,,,,,,,,,,,,,,,,,,,,,,,0,,,,,,,05:00:00 16-Feb-2024,,,
260358,260358,0.500000,UT,,,15:46:52 03-Mar-2024,,A,45.2121,-61.0700,,,,,,3.425,,,,,,,,,,,,,,,,,,,,,,,,,,,,,,0,,,,,,,05:00:00 16-Feb-2024,,,
260358,260358,0.500000,UT,,,15:50:43 03-Mar-2024,,A,45.2121,-61.0700,,,,,,,,,,,,,,,,,,,,,,,,,,,,,,,,,,,,0,,,,,,,05:00:00 16-Feb-2024,,,7311
260358,260358,0.500000,UT,,,15:53:34 03-Mar-2024,,A,45.2121,-61.0700,,,,,,,,,1.30,,,,,,,,,,,,,,,,,,,,,,,,,,,0,,,,,,,05:00:00 16-Feb-2024,,,
260358,260358,0.500000,UT,1.00b,,16:02:12 03-Mar-2024,,A,45.2139,-61.0637,,0,,,,,,,,,,,,,,,,,,,,,,,,,,,,,,,,,,0,,,,,,,05:00:00 16-Feb-2024,,,
260358,260358,0.500000,UT,,,16:07:15 03-Mar-2024,,A,45.2139,-61.0637,,,,,,,,,1.30,,,,,,,,,,,,,,,,,,,,,,,,,,,0,,,,,,,05:00:00 16-Feb-2024,,,
260358,260358,0.500000,UT,,,21:35:19 03-Mar-2024,,B,45.1583,-61.0548,,,,,,3.450,,,,,,,,,,,,,,,,,,,,,,,,,,,,,,0,,,,,,,05:00:00 16-Feb-2024,,,
260358,260358,0.500000,UT,,,21:42:40 03-Mar-2024,,A,45.1380,-61.0988,,,,,,,,,,,,,,,,,,,,,,,,,,,,,,,,,,,,0,,,,,,,05:00:00 16-Feb-2024,,,3215
260358,260358,0.500000,UT,,,21:47:32 03-Mar-2024,,A,45.1380,-61.0988,,,,,,,,,1.25,,,,,,,,,,,,,,,,,,,,,,,,,,,0,,,,,,,05:00:00 16-Feb-2024,,,
260358,260358,0.500000,UT,,,21:48:17 03-Mar-2024,,A,45.1380,-61.0988,,,,,5422,,,,,,,,,,,,,,,,,,,,,,,,,,,,,,,0,,,,,,,05:00:00 16-Feb-2024,,,
260358,260358,0.500000,UT,,,22:17:56 03-Mar-2024,,A,45.1493,-61.1205,,,,,5433,,,,,,,,,,,,,,,,,,,,,,,,,,,,,,,0,,,,,,,05:00:00 16-Feb-2024,,,
260358,260358,0.500000,UT,,,22:18:41 03-Mar-2024,,A,45.1493,-61.1205,,,,,,3.425,,,,,,,,,,,,,,,,,,,,,,,,,,,,,,0,,,,,,,05:00:00 16-Feb-2024,,,
260358,260358,0.500000,UT,1.00b,,22:23:00 03-Mar-2024,,A,45.1493,-61.1205,,0,,,,,,,,,,,,,,,,,,,,,,,,,,,,,,,,,,0,,,,,,,05:00:00 16-Feb-2024,,,
260358,260358,0.500000,UT,,,22:35:44 03-Mar-2024,,B,45.1494,-61.1237,,,,,5438,,,,,,,,,,,,,,,,,,,,,,,,,,,,,,,0,,,,,,,05:00:00 16-Feb-2024,,,
260358,260358,0.500000,UT,,,22:38:47 03-Mar-2024,,0,45.1297,-61.0867,,,,,,3.450,,,,,,,,,,,,,,,,,,,,,,,,,,,,,,0,,,,,,,05:00:00 16-Feb-2024,,,
260358,260358,0.500000,UT,1.00b,,22:42:04 03-Mar-2024,,0,45.1297,-61.0867,,0,,,,,,,,,,,,,,,,,,,,,,,,,,,,,,,,,,0,,,,,,,05:00:00 16-Feb-2024,,,
260358,260358,0.500000,UT,,,22:44:35 03-Mar-2024,,0,45.1297,-61.0867,,,,,,,,,,,,,,,,,,,,,,,,,,,,,,,,,,,,0,,,,,,,05:00:00 16-Feb-2024,,,7311
260358,260358,0.500000,UT,1.00b,,23:08:26 03-Mar-2024,,A,45.1143,-61.1136,,0,,,,,,,,,,,,,,,,,,,,,,,,,,,,,,,,,,0,,,,,,,05:00:00 16-Feb-2024,,,
260358,260358,0.500000,UT,,,23:15:47 03-Mar-2024,,A,45.1143,-61.1136,,,,,5453,,,,,,,,,,,,,,,,,,,,,,,,,,,,,,,0,,,,,,,05:00:00 16-Feb-2024,,,
260358,260358,0.500000,UT,,,23:17:57 03-Mar-2024,,A,45.1143,-61.1136,,,,,,3.400,,,,,,,,,,,,,,,,,,,,,,,,,,,,,,0,,,,,,,05:00:00 16-Feb-2024,,,
260358,260358,0.500000,UT,,,23:22:27 03-Mar-2024,,3,45.1061,-61.1242,,,,,,,,,,,,,,,,,,,,,,,,,,,,,,,,,,,,0,,,,,,,05:00:00 16-Feb-2024,,,7311
260358,260358,0.500000,UT,,23:25:43 03-Mar-2024,23:24:43 03-Mar-2024,-59,3,45.1061,-61.1242,CRC,,,,5457,3.450,,,1.05,,,,,,,,,,,,,,255,47,255,0,,,,,,,0,,,0,77,,,,,,05:00:00 16-Feb-2024,,,
260358,260358,0.500000,UT,,,23:27:07 03-Mar-2024,,3,45.1061,-61.1242,,,,,,,,,1.00,,,,,,,,,,,,,,,,,,,,,,,,,,,0,,,,,,,05:00:00 16-Feb-2024,,,
260358,260358,0.500000,UT,,,23:29:29 03-Mar-2024,,3,45.1061,-61.1242,,,,,5459,,,,,,,,,,,,,,,,,,,,,,,,,,,,,,,0,,,,,,,05:00:00 16-Feb-2024,,,
260358,260358,0.500000,UT,,,23:44:21 03-Mar-2024,,B,45.1025,-61.1275,,,,,,3.450,,,,,,,,,,,,,,,,,,,,,,,,,,,,,,0,,,,,,,05:00:00 16-Feb-2024,,,
260358,260358,0.500000,UT,1.00b,,23:46:33 03-Mar-2024,,B,45.1025,-61.1275,,0,,,,,,,,,,,,,,,,,,,,,,,,,,,,,,,,,,0,,,,,,,05:00:00 16-Feb-2024,,,
260358,260358,0.500000,UT,,,23:53:06 03-Mar-2024,,B,45.0971,-61.1133,,,,,5469,,,,,,,,,,,,,,,,,,,,,,,,,,,,,,,0,,,,,,,05:00:00 16-Feb-2024,,,
260358,260358,0.500000,UT,,,23:55:09 03-Mar-2024,,B,45.0971,-61.1133,,,,,,3.425,,,,,,,,,,,,,,,,,,,,,,,,,,,,,,0,,,,,,,05:00:00 16-Feb-2024,,,
260358,260358,0.500000,UT,,,00:06:36 04-Mar-2024,,3,45.0842,-61.1429,,,,,5475,,,,,,,,,,,,,,,,,,,,,,,,,,,,,,,0,,,,,,,05:00:00 16-Feb-2024,,,
260358,260358,0.500000,UT,,,00:08:40 04-Mar-2024,,3,45.0842,-61.1429,,,,,,3.450,,,,,,,,,,,,,,,,,,,,,,,,,,,,,,0,,,,,,,05:00:00 16-Feb-2024,,,
260358,260358,0.500000,UT,1.00b,,00:11:24 04-Mar-2024,,3,45.0842,-61.1429,,0,,,,,,,,,,,,,,,,,,,,,,,,,,,,,,,,,,0,,,,,,,05:00:00 16-Feb-2024,,,
260358,260358,0.500000,UT,,,00:14:05 04-Mar-2024,,3,45.0842,-61.1429,,,,,,,,,,,,,,,,,,,,,,,,,,,,,,,,,,,,0,,,,,,,05:00:00 16-Feb-2024,,,7311
260358,260358,0.500000,UT,,,00:16:33 04-Mar-2024,,3,45.0883,-61.1474,,,,,,,,,1.05,,,,,,,,,,,,,,,,,,,,,,,,,,,0,,,,,,,05:00:00 16-Feb-2024,,,
260358,260358,0.500000,UT,,,00:18:53 04-Mar-2024,,3,45.0883,-61.1474,,,,,5480,,,,,,,,,,,,,,,,,,,,,,,,,,,,,,,0,,,,,,,05:00:00 16-Feb-2024,,,
260358,260358,0.500000,UT,,00:24:30 04-Mar-2024,00:23:30 04-Mar-2024,-59,3,45.0883,-61.1474,CRC,,,,5482,3.425,,,1.00,,,,,,,,,,,,,,139,47,255,0,,,,,,,9,,,0,70,,,,,,05:00:00 16-Feb-2024,,,
260358,260358,0.500000,UT,,,00:28:09 04-Mar-2024,,A,45.0795,-61.1625,,,,,,,,,,,,,,,,,,,,,,,,,,,,,,,,,,,,0,,,,,,,05:00:00 16-Feb-2024,,,7311
260358,260358,0.500000,UT,,,00:30:18 04-Mar-2024,,A,45.0795,-61.1625,,,,,,,,,1.10,,,,,,,,,,,,,,,,,,,,,,,,,,,0,,,,,,,05:00:00 16-Feb-2024,,,
260358,260358,0.500000,UT,,,00:35:31 04-Mar-2024,,A,45.0795,-61.1625,,,,,,3.425,,,,,,,,,,,,,,,,,,,,,,,,,,,,,,0,,,,,,,05:00:00 16-Feb-2024,,,
260358,260358,0.500000,UT,1.00b,,00:51:41 04-Mar-2024,,B,45.0776,-61.1717,,0,,,,,,,,,,,,,,,,,,,,,,,,,,,,,,,,,,0,,,,,,,05:00:00 16-Feb-2024,,,
260358,260358,0.500000,UT,,,00:53:54 04-Mar-2024,,B,45.0776,-61.1717,,,,,,,,,1.05,,,,,,,,,,,,,,,,,,,,,,,,,,,0,,,,,,,05:00:00 16-Feb-2024,,,
260358,260358,0.500000,UT,,,01:22:54 04-Mar-2024,,B,45.0622,-61.1828,,,,,5508,,,,,,,,,,,,,,,,,,,,,,,,,,,,,,,0,,,,,,,05:00:00 16-Feb-2024,,,
260358,260358,0.500000,UT,,,01:26:12 04-Mar-2024,,B,45.0622,-61.1828,,,,,,3.425,,,,,,,,,,,,,,,,,,,,,,,,,,,,,,0,,,,,,,05:00:00 16-Feb-2024,,,
260358,260358,0.500000,UT,,,01:50:23 04-Mar-2024,,B,45.0630,-61.1797,,,,,,3.425,,,,,,,,,,,,,,,,,,,,,,,,,,,,,,0,,,,,,,05:00:00 16-Feb-2024,,,
260358,260358,0.500000,UT,1.00b,,01:55:00 04-Mar-2024,,B,45.0587,-61.2014,,0,,,,,,,,,,,,,,,,,,,,,,,,,,,,,,,,,,0,,,,,,,05:00:00 16-Feb-2024,,,
260358,260358,0.500000,UT,,,02:03:51 04-Mar-2024,,B,45.0587,-61.2014,,,,,5519,,,,,,,,,,,,,,,,,,,,,,,,,,,,,,,0,,,,,,,05:00:00 16-Feb-2024,,,
260358,260358,0.500000,UT,,,02:58:05 04-Mar-2024,,B,45.0479,-61.2245,,,,,,3.425,,,,,,,,,,,,,,,,,,,,,,,,,,,,,,0,,,,,,,05:00:00 16-Feb-2024,,,
260358,260358,0.500000,UT,1.00b,,13:00:33 04-Mar-2024,,A,44.9001,-61.4428,,0,,,,,,,,,,,,,,,,,,,,,,,,,,,,,,,,,,0,,,,,,,05:00:00 16-Feb-2024,,,
260358,260358,0.500000,UT,,,13:01:18 04-Mar-2024,,A,44.9001,-61.4428,,,,,,,,,,,,,,,,,,,,,,,,,,,,,,,,,,,,0,,,,,,,05:00:00 16-Feb-2024,,,7311
260358,260358,0.500000,UT,,13:06:35 04-Mar-2024,13:05:35 04-Mar-2024,-59,A,44.9001,-61.4428,CRC,,,,5557,3.450,,,2.00,,,,,,,,,,,,,,255,47,255,0,,,,,,,4,,,0,105,,,,,,05:00:00 16-Feb-2024,,,
260358,260358,0.500000,UT,,,13:38:36 04-Mar-2024,,A,44.9003,-61.4692,,,,,,,,,,,,,,,,,,,,,,,,,,,,,,,,,,,,0,,,,,,,05:00:00 16-Feb-2024,,,7311
260358,260358,0.500000,UT,,,13:42:29 04-Mar-2024,,A,44.9003,-61.4692,,,,,,,,,2.20,,,,,,,,,,,,,,,,,,,,,,,,,,,0,,,,,,,05:00:00 16-Feb-2024,,,
260358,260358,0.500000,UT,1.00b,,14:09:45 04-Mar-2024,,B,44.8947,-61.4829,,0,,,,,,,,,,,,,,,,,,,,,,,,,,,,,,,,,,0,,,,,,,05:00:00 16-Feb-2024,,,
260358,260358,0.500000,UT,,,14:13:11 04-Mar-2024,,B,44.8947,-61.4829,,,,,,,,,,,,,,,,,,,,,,,,,,,,,,,,,,,,0,,,,,,,05:00:00 16-Feb-2024,,,7311
260358,260358,0.500000,UT,,,14:16:33 04-Mar-2024,,A,44.8804,-61.4843,,,,,,,,,1.25,,,,,,,,,,,,,,,,,,,,,,,,,,,0,,,,,,,05:00:00 16-Feb-2024,,,
260358,260358,0.500000,UT,,,14:21:11 04-Mar-2024,,A,44.8804,-61.4843,,,,,5580,,,,,,,,,,,,,,,,,,,,,,,,,,,,,,,0,,,,,,,05:00:00 16-Feb-2024,,,
260358,260358,0.500000,UT,,,14:24:03 04-Mar-2024,,A,44.8804,-61.4843,,,,,,3.525,,,,,,,,,,,,,,,,,,,,,,,,,,,,,,0,,,,,,,05:00:00 16-Feb-2024,,,
260358,260358,0.500000,UT,,14:28:10 04-Mar-2024,14:27:10 04-Mar-2024,-59,B,44.8897,-61.4960,CRC,,,,5582,3.450,,,1.35,,,,,,,,,,,,,,255,47,255,0,,,,,,,3,,,0,88,,,,,,05:00:00 16-Feb-2024,,,
260358,260358,0.500000,UT,,,15:19:39 04-Mar-2024,,1,44.8659,-61.5579,,,,,5598,,,,,,,,,,,,,,,,,,,,,,,,,,,,,,,0,,,,,,,05:00:00 16-Feb-2024,,,
260358,260358,0.500000,UT,,,15:22:51 04-Mar-2024,,1,44.8659,-61.5579,,,,,,3.450,,,,,,,,,,,,,,,,,,,,,,,,,,,,,,0,,,,,,,05:00:00 16-Feb-2024,,,
260358,260358,0.500000,UT,1.00b,,15:24:13 04-Mar-2024,,1,44.8659,-61.5579,,0,,,,,,,,,,,,,,,,,,,,,,,,,,,,,,,,,,0,,,,,,,05:00:00 16-Feb-2024,,,
260358,260358,0.500000,UT,,,16:00:55 04-Mar-2024,,B,44.8529,-61.5808,,,,,5614,,,,,,,,,,,,,,,,,,,,,,,,,,,,,,,0,,,,,,,05:00:00 16-Feb-2024,,,
260358,260358,0.500000,UT,,,16:43:22 04-Mar-2024,,B,44.8234,-61.6267,,,,,,,,,,,,,,,,,,,,,,,,,,,,,,,,,,,,0,,,,,,,05:00:00 16-Feb-2024,,,7311
260358,260358,0.500000,UT,,,16:46:02 04-Mar-2024,,B,44.8234,-61.6267,,,,,,,,,1.75,,,,,,,,,,,,,,,,,,,,,,,,,,,0,,,,,,,05:00:00 16-Feb-2024,,,
260358,260358,0.500000,UT,,,21:49:27 04-Mar-2024,,B,44.7529,-61.8345,,,,,,,,,,,,,,,,,,,,,,,,,,,,,,,,,,,,0,,,,,,,05:00:00 16-Feb-2024,,,7311
260358,260358,0.500000,UT,,,21:53:50 04-Mar-2024,,B,44.7529,-61.8345,,,,,5641,,,,,,,,,,,,,,,,,,,,,,,,,,,,,,,0,,,,,,,05:00:00 16-Feb-2024,,,
260358,260358,0.500000,UT,,,21:58:53 04-Mar-2024,,B,44.7642,-61.8471,,,,,,3.450,,,,,,,,,,,,,,,,,,,,,,,,,,,,,,0,,,,,,,05:00:00 16-Feb-2024,,,
260358,260358,0.500000,UT,,,22:24:41 04-Mar-2024,,B,44.7767,-61.7607,,,,,,,,,1.40,,,,,,,,,,,,,,,,,,,,,,,,,,,0,,,,,,,05:00:00 16-Feb-2024,,,
260358,260358,0.500000,UT,,,22:46:18 04-Mar-2024,,B,44.7820,-61.8805,,,,,5656,,,,,,,,,,,,,,,,,,,,,,,,,,,,,,,0,,,,,,,05:00:00 16-Feb-2024,,,
260358,260358,0.500000,UT,,22:50:41 04-Mar-2024,22:49:40 04-Mar-2024,-60,B,44.7820,-61.8805,CRC,,,,5657,3.500,,,1.05,,,,,,,,,,,,,,255,47,255,0,,,,,,,0,,,0,93,,,,,,05:00:00 16-Feb-2024,,,
260358,260358,0.500000,UT,,,22:52:54 04-Mar-2024,,B,44.7746,-61.9182,,,,,,3.525,,,,,,,,,,,,,,,,,,,,,,,,,,,,,,0,,,,,,,05:00:00 16-Feb-2024,,,
260358,260358,0.500000,UT,,,01:02:41 05-Mar-2024,,B,44.7329,-62.0090,,,,,,,,,,,,,,,,,,,,,,,,,,,,,,,,,,,,0,,,,,,,05:00:00 16-Feb-2024,,,7311
260358,260358,0.500000,UT,,,01:49:08 05-Mar-2024,,B,44.7272,-62.0219,,,,,,,,,,,,,,,,,,,,,,,,,,,,,,,,,,,,0,,,,,,,05:00:00 16-Feb-2024,,,7311
260358,260358,0.500000,UT,,,12:21:52 05-Mar-2024,,1,44.5895,-62.4623,,,,,,,,,2.00,,,,,,,,,,,,,,,,,,,,,,,,,,,0,,,,,,,05:00:00 16-Feb-2024,,,
260358,260358,0.500000,UT,,,12:22:37 05-Mar-2024,,1,44.5895,-62.4623,,,,,5740,,,,,,,,,,,,,,,,,,,,,,,,,,,,,,,0,,,,,,,05:00:00 16-Feb-2024,,,
260358,260358,0.500000,UT,,,12:27:26 05-Mar-2024,,1,44.5895,-62.4623,,,,,,3.450,,,,,,,,,,,,,,,,,,,,,,,,,,,,,,0,,,,,,,05:00:00 16-Feb-2024,,,
260358,260358,0.500000,UT,1.00b,,12:28:19 05-Mar-2024,,1,44.5895,-62.4623,,0,,,,,,,,,,,,,,,,,,,,,,,,,,,,,,,,,,0,,,,,,,05:00:00 16-Feb-2024,,,
260358,260358,0.500000,UT,,,12:33:19 05-Mar-2024,,1,44.5945,-62.4531,,,,,,,,,,,,,,,,,,,,,,,,,,,,,,,,,,,,0,,,,,,,05:00:00 16-Feb-2024,,,7311
260358,260358,0.500000,UT,,,12:34:55 05-Mar-2024,,1,44.5945,-62.4531,,,,,5745,,,,,,,,,,,,,,,,,,,,,,,,,,,,,,,0,,,,,,,05:00:00 16-Feb-2024,,,
260358,260358,0.500000,UT,,,12:35:40 05-Mar-2024,,1,44.5945,-62.4531,,,,,,3.450,,,,,,,,,,,,,,,,,,,,,,,,,,,,,,0,,,,,,,05:00:00 16-Feb-2024,,,
260358,260358,0.500000,UT,1.00b,,12:38:11 05-Mar-2024,,1,44.5945,-62.4531,,0,,,,,,,,,,,,,,,,,,,,,,,,,,,,,,,,,,0,,,,,,,05:00:00 16-Feb-2024,,,
260358,260358,0.500000,UT,,,13:22:09 05-Mar-2024,,B,44.5753,-62.5097,,,,,,,,,,,,,,,,,,,,,,,,,,,,,,,,,,,,0,,,,,,,05:00:00 16-Feb-2024,,,7311
260358,260358,0.500000,UT,,,13:23:55 05-Mar-2024,,B,44.5753,-62.5097,,,,,,,,,1.80,,,,,,,,,,,,,,,,,,,,,,,,,,,0,,,,,,,05:00:00 16-Feb-2024,,,
260358,260358,0.500000,UT,1.00b,,13:55:23 05-Mar-2024,,B,44.5679,-62.4788,,0,,,,,,,,,,,,,,,,,,,,,,,,,,,,,,,,,,0,,,,,,,05:00:00 16-Feb-2024,,,
260358,260358,0.500000,UT,,,13:56:52 05-Mar-2024,,B,44.5679,-62.4788,,,,,,,,,,,,,,,,,,,,,,,,,,,,,,,,,,,,0,,,,,,,05:00:00 16-Feb-2024,,,7311
260358,260358,0.500000,UT,,,14:05:43 05-Mar-2024,,B,44.5625,-62.5375,,,,,5778,,,,,,,,,,,,,,,,,,,,,,,,,,,,,,,0,,,,,,,05:00:00 16-Feb-2024,,,
260358,260358,0.500000,UT,,,14:56:06 05-Mar-2024,,A,44.5639,-62.5035,,,,,,,,,2.10,,,,,,,,,,,,,,,,,,,,,,,,,,,0,,,,,,,05:00:00 16-Feb-2024,,,
260358,260358,0.500000,UT,,,14:59:43 05-Mar-2024,,A,44.5639,-62.5035,,,,,,3.450,,,,,,,,,,,,,,,,,,,,,,,,,,,,,,0,,,,,,,05:00:00 16-Feb-2024,,,
260358,260358,0.500000,UT,1.00b,,15:04:56 05-Mar-2024,,A,44.5639,-62.5035,,0,,,,,,,,,,,,,,,,,,,,,,,,,,,,,,,,,,0,,,,,,,05:00:00 16-Feb-2024,,,
260358,260358,0.500000,UT,,,15:31:47 05-Mar-2024,,A,44.5425,-62.5171,,,,,,,,,1.60,,,,,,,,,,,,,,,,,,,,,,,,,,,0,,,,,,,05:00:00 16-Feb-2024,,,
260358,260358,0.500000,UT,,,15:36:54 05-Mar-2024,,A,44.5425,-62.5171,,,,,5812,,,,,,,,,,,,,,,,,,,,,,,,,,,,,,,0,,,,,,,05:00:00 16-Feb-2024,,,
260358,260358,0.500000,UT,,,15:38:41 05-Mar-2024,,A,44.5425,-62.5171,,,,,,3.450,,,,,,,,,,,,,,,,,,,,,,,,,,,,,,0,,,,,,,05:00:00 16-Feb-2024,,,
260358,260358,0.500000,UT,,,15:54:35 05-Mar-2024,,3,44.5346,-62.5193,,,,,,,,,1.65,,,,,,,,,,,,,,,,,,,,,,,,,,,0,,,,,,,05:00:00 16-Feb-2024,,,
260358,260358,0.500000,UT,,,15:59:48 05-Mar-2024,,3,44.5346,-62.5193,,,,,5823,,,,,,,,,,,,,,,,,,,,,,,,,,,,,,,0,,,,,,,05:00:00 16-Feb-2024,,,
260358,260358,0.500000,UT,,,16:00:34 05-Mar-2024,,3,44.5346,-62.5193,,,,,,3.425,,,,,,,,,,,,,,,,,,,,,,,,,,,,,,0,,,,,,,05:00:00 16-Feb-2024,,,
260358,260358,0.500000,UT,,,21:36:20 05-Mar-2024,,B,44.4191,-62.6595,,,,,,3.450,,,,,,,,,,,,,,,,,,,,,,,,,,,,,,0,,,,,,,05:00:00 16-Feb-2024,,,
260358,260358,0.500000,UT,,22:21:39 05-Mar-2024,22:20:37 05-Mar-2024,-61,B,44.3794,-62.6719,CRC,,,,5857,3.450,,,1.55,,,,,,,,,,,,,,255,45,255,0,,,,,,,0,,,0,82,,,,,,05:00:00 16-Feb-2024,,,
260358,260358,0.500000,UT,,,22:24:02 05-Mar-2024,,B,44.4035,-62.6631,,,,,,,,,,,,,,,,,,,,,,,,,,,,,,,,,,,,0,,,,,,,05:00:00 16-Feb-2024,,,7311
260358,260358,0.500000,UT,,,23:12:47 05-Mar-2024,,B,44.3494,-62.5538,,,,,,,,,1.45,,,,,,,,,,,,,,,,,,,,,,,,,,,0,,,,,,,05:00:00 16-Feb-2024,,,
260358,260358,0.500000,UT,,,23:52:36 05-Mar-2024,,B,44.3387,-62.5478,,,,,5891,,,,,,,,,,,,,,,,,,,,,,,,,,,,,,,0,,,,,,,05:00:00 16-Feb-2024,,,
260358,260358,0.500000,UT,1.00b,,23:57:29 05-Mar-2024,,B,44.3387,-62.5478,,0,,,,,,,,,,,,,,,,,,,,,,,,,,,,,,,,,,0,,,,,,,05:00:00 16-Feb-2024,,,
260358,260358,0.500000,UT,,,01:23:28 06-Mar-2024,,B,44.2444,-62.5175,,,,,5929,,,,,,,,,,,,,,,,,,,,,,,,,,,,,,,0,,,,,,,05:00:00 16-Feb-2024,,,
260358,260358,0.500000,UT,,,01:37:31 06-Mar-2024,,A,44.2455,-62.5226,,,,,5936,,,,,,,,,,,,,,,,,,,,,,,,,,,,,,,0,,,,,,,05:00:00 16-Feb-2024,,,
260358,260358,0.500000,UT,,,01:40:31 06-Mar-2024,,A,44.2455,-62.5226,,,,,,,,,1.10,,,,,,,,,,,,,,,,,,,,,,,,,,,0,,,,,,,05:00:00 16-Feb-2024,,,
260358,260358,0.500000,UT,,,12:17:11 06-Mar-2024,,B,43.9695,-62.5314,,,,,,,,,2.05,,,,,,,,,,,,,,,,,,,,,,,,,,,0,,,,,,,05:00:00 16-Feb-2024,,,
260358,260358,0.500000,UT,1.00b,,12:58:12 06-Mar-2024,,B,43.9489,-62.8314,,0,,,,,,,,,,,,,,,,,,,,,,,,,,,,,,,,,,0,,,,,,,05:00:00 16-Feb-2024,,,
260358,260358,0.500000,UT,,,13:01:40 06-Mar-2024,,B,43.9489,-62.8314,,,,,,,,,,,,,,,,,,,,,,,,,,,,,,,,,,,,0,,,,,,,05:00:00 16-Feb-2024,,,7311
260358,260358,0.500000,UT,1.00b,,13:43:03 06-Mar-2024,,A,44.2067,-62.9513,,0,,,,,,,,,,,,,,,,,,,,,,,,,,,,,,,,,,0,,,,,,,05:00:00 16-Feb-2024,,,
260358,260358,0.500000,UT,,,13:45:47 06-Mar-2024,,A,44.2067,-62.9513,,,,,,,,,,,,,,,,,,,,,,,,,,,,,,,,,,,,0,,,,,,,05:00:00 16-Feb-2024,,,7311
260358,260358,0.500000,UT,,,13:53:26 06-Mar-2024,,A,44.2142,-62.9727,,,,,6008,,,,,,,,,,,,,,,,,,,,,,,,,,,,,,,0,,,,,,,05:00:00 16-Feb-2024,,,
260358,260358,0.500000,UT,,,14:00:48 06-Mar-2024,,A,44.2131,-62.9626,,,,,,,,,,,,,,,,,,,,,,,,,,,,,,,,,,,,0,,,,,,,05:00:00 16-Feb-2024,,,7311
260358,260358,0.500000,UT,,,14:35:06 06-Mar-2024,,2,44.2111,-63.0049,,,,,6024,,,,,,,,,,,,,,,,,,,,,,,,,,,,,,,0,,,,,,,05:00:00 16-Feb-2024,,,
260358,260358,0.500000,UT,,,14:37:10 06-Mar-2024,,2,44.2111,-63.0049,,,,,,3.350,,,,,,,,,,,,,,,,,,,,,,,,,,,,,,0,,,,,,,05:00:00 16-Feb-2024,,,
260358,260358,0.500000,UT,1.00b,,14:42:23 06-Mar-2024,,2,44.2111,-63.0049,,0,,,,,,,,,,,,,,,,,,,,,,,,,,,,,,,,,,0,,,,,,,05:00:00 16-Feb-2024,,,
260358,260358,0.500000,UT,,,14:46:49 06-Mar-2024,,2,44.2111,-63.0049,,,,,,,,,,,,,,,,,,,,,,,,,,,,,,,,,,,,0,,,,,,,05:00:00 16-Feb-2024,,,7311
260358,260358,0.500000,UT,,,15:09:37 06-Mar-2024,,A,44.2146,-63.0472,,,,,6035,,,,,,,,,,,,,,,,,,,,,,,,,,,,,,,0,,,,,,,05:00:00 16-Feb-2024,,,
260358,260358,0.500000,UT,,,15:13:32 06-Mar-2024,,A,44.2146,-63.0472,,,,,,3.450,,,,,,,,,,,,,,,,,,,,,,,,,,,,,,0,,,,,,,05:00:00 16-Feb-2024,,,
260358,260358,0.500000,UT,,,15:21:46 06-Mar-2024,,A,44.2043,-63.0467,,,,,,,,,,,,,,,,,,,,,,,,,,,,,,,,,,,,0,,,,,,,05:00:00 16-Feb-2024,,,7311
260358,260358,0.500000,UT,,,15:22:31 06-Mar-2024,,A,44.2043,-63.0467,,,,,,,,,2.35,,,,,,,,,,,,,,,,,,,,,,,,,,,0,,,,,,,05:00:00 16-Feb-2024,,,
260358,260358,0.500000,UT,,,15:24:47 06-Mar-2024,,A,44.2043,-63.0467,,,,,6041,,,,,,,,,,,,,,,,,,,,,,,,,,,,,,,0,,,,,,,05:00:00 16-Feb-2024,,,
260358,260358,0.500000,UT,,,15:33:47 06-Mar-2024,,B,44.2059,-63.0550,,,,,,,,,,,,,,,,,,,,,,,,,,,,,,,,,,,,0,,,,,,,05:00:00 16-Feb-2024,,,7311
260358,260358,0.500000,UT,,,15:37:55 06-Mar-2024,,B,44.2059,-63.0550,,,,,6046,,,,,,,,,,,,,,,,,,,,,,,,,,,,,,,0,,,,,,,05:00:00 16-Feb-2024,,,
260358,260358,0.500000,UT,,,16:48:25 06-Mar-2024,,B,44.2192,-63.0395,,,,,,,,,1.80,,,,,,,,,,,,,,,,,,,,,,,,,,,0,,,,,,,05:00:00 16-Feb-2024,,,
260358,260358,0.500000,UT,,,16:55:11 06-Mar-2024,,B,44.2192,-63.0395,,,,,,3.425,,,,,,,,,,,,,,,,,,,,,,,,,,,,,,0,,,,,,,05:00:00 16-Feb-2024,,,
260358,260358,0.500000,UT,,,21:48:24 06-Mar-2024,,A,44.1055,-63.3619,,,,,,3.475,,,,,,,,,,,,,,,,,,,,,,,,,,,,,,0,,,,,,,05:00:00 16-Feb-2024,,,
260358,260358,0.500000,UT,1.00b,,21:51:52 06-Mar-2024,,A,44.1055,-63.3619,,0,,,,,,,,,,,,,,,,,,,,,,,,,,,,,,,,,,0,,,,,,,05:00:00 16-Feb-2024,,,
260358,260358,0.500000,UT,,,21:58:22 06-Mar-2024,,A,44.1055,-63.3619,,,,,,,,,,,,,,,,,,,,,,,,,,,,,,,,,,,,0,,,,,,,05:00:00 16-Feb-2024,,,7311
260358,260358,0.500000,UT,,22:00:47 06-Mar-2024,21:59:43 06-Mar-2024,-63,A,44.1085,-63.3755,CRC,,,,6082,3.475,,,3.50,,,,,,,,,,,,,,255,42,255,0,,,,,,,0,,,0,92,,,,,,05:00:00 16-Feb-2024,,,
260358,260358,0.500000,UT,,,22:06:15 06-Mar-2024,,A,44.1014,-63.3404,,,,,,3.475,,,,,,,,,,,,,,,,,,,,,,,,,,,,,,0,,,,,,,05:00:00 16-Feb-2024,,,
260358,260358,0.500000,UT,1.00b,,22:09:50 06-Mar-2024,,A,44.1014,-63.3404,,0,,,,,,,,,,,,,,,,,,,,,,,,,,,,,,,,,,0,,,,,,,05:00:00 16-Feb-2024,,,
260358,260358,0.500000,UT,,,22:11:05 06-Mar-2024,,A,44.1014,-63.3404,,,,,,,,,,,,,,,,,,,,,,,,,,,,,,,,,,,,0,,,,,,,05:00:00 16-Feb-2024,,,7311
260358,260358,0.500000,UT,,,22:46:16 06-Mar-2024,,B,44.1154,-63.3929,,,,,,3.450,,,,,,,,,,,,,,,,,,,,,,,,,,,,,,0,,,,,,,05:00:00 16-Feb-2024,,,
260358,260358,0.500000,UT,1.00b,,22:49:46 06-Mar-2024,,B,44.1154,-63.3929,,0,,,,,,,,,,,,,,,,,,,,,,,,,,,,,,,,,,0,,,,,,,05:00:00 16-Feb-2024,,,
260358,260358,0.500000,UT,,,23:29:04 06-Mar-2024,,B,44.0716,-63.3646,,,,,6115,,,,,,,,,,,,,,,,,,,,,,,,,,,,,,,0,,,,,,,05:00:00 16-Feb-2024,,,
260358,260358,0.500000,UT,1.00b,,23:34:43 06-Mar-2024,,B,44.0716,-63.3646,,0,,,,,,,,,,,,,,,,,,,,,,,,,,,,,,,,,,0,,,,,,,05:00:00 16-Feb-2024,,,
260358,260358,0.500000,UT,,,23:43:17 06-Mar-2024,,B,44.0481,-63.3768,,,,,6120,,,,,,,,,,,,,,,,,,,,,,,,,,,,,,,0,,,,,,,05:00:00 16-Feb-2024,,,
260358,260358,0.500000,UT,,,23:46:01 06-Mar-2024,,B,44.0481,-63.3768,,,,,,3.450,,,,,,,,,,,,,,,,,,,,,,,,,,,,,,0,,,,,,,05:00:00 16-Feb-2024,,,
260358,260358,0.500000,UT,,,00:24:48 07-Mar-2024,,B,44.0427,-63.4293,,,,,,3.450,,,,,,,,,,,,,,,,,,,,,,,,,,,,,,0,,,,,,,05:00:00 16-Feb-2024,,,
260358,260358,0.500000,UT,,,12:35:21 07-Mar-2024,,B,43.8603,-63.9527,,,,,6193,,,,,,,,,,,,,,,,,,,,,,,,,,,,,,,0,,,,,,,05:00:00 16-Feb-2024,,,
260358,260358,0.500000,UT,1.00b,,12:41:40 07-Mar-2024,,B,43.8603,-63.9527,,0,,,,,,,,,,,,,,,,,,,,,,,,,,,,,,,,,,0,,,,,,,05:00:00 16-Feb-2024,,,
260358,260358,0.500000,UT,,,13:26:47 07-Mar-2024,,B,43.8374,-63.9782,,,,,6210,,,,,,,,,,,,,,,,,,,,,,,,,,,,,,,0,,,,,,,05:00:00 16-Feb-2024,,,
260358,260358,0.500000,UT,,,13:41:15 07-Mar-2024,,A,43.8175,-64.0079,,,,,,,,,1.65,,,,,,,,,,,,,,,,,,,,,,,,,,,0,,,,,,,05:00:00 16-Feb-2024,,,
260358,260358,0.500000,UT,,,13:45:11 07-Mar-2024,,A,43.8175,-64.0079,,,,,6215,,,,,,,,,,,,,,,,,,,,,,,,,,,,,,,0,,,,,,,05:00:00 16-Feb-2024,,,
260358,260358,0.500000,UT,,,13:48:29 07-Mar-2024,,A,43.8175,-64.0079,,,,,,3.425,,,,,,,,,,,,,,,,,,,,,,,,,,,,,,0,,,,,,,05:00:00 16-Feb-2024,,,
260358,260358,0.500000,UT,,,14:14:07 07-Mar-2024,,A,43.8134,-64.0332,,,,,6231,,,,,,,,,,,,,,,,,,,,,,,,,,,,,,,0,,,,,,,05:00:00 16-Feb-2024,,,
260358,260358,0.500000,UT,,,14:17:53 07-Mar-2024,,A,43.8134,-64.0332,,,,,,3.425,,,,,,,,,,,,,,,,,,,,,,,,,,,,,,0,,,,,,,05:00:00 16-Feb-2024,,,
260358,260358,0.500000,UT,,,14:24:28 07-Mar-2024,,A,43.8134,-64.0332,,,,,,,,,1.55,,,,,,,,,,,,,,,,,,,,,,,,,,,0,,,,,,,05:00:00 16-Feb-2024,,,
260358,260358,0.500000,UT,,,15:02:40 07-Mar-2024,,3,43.8030,-64.0715,,,,,,,,,1.85,,,,,,,,,,,,,,,,,,,,,,,,,,,0,,,,,,,05:00:00 16-Feb-2024,,,
260358,260358,0.500000,UT,,,15:04:01 07-Mar-2024,,3,43.8030,-64.0715,,,,,6253,,,,,,,,,,,,,,,,,,,,,,,,,,,,,,,0,,,,,,,05:00:00 16-Feb-2024,,,
260358,260358,0.500000,UT,,,15:07:50 07-Mar-2024,,3,43.8030,-64.0715,,,,,,,,,,,,,,,,,,,,,,,,,,,,,,,,,,,,0,,,,,,,05:00:00 16-Feb-2024,,,7311
260358,260358,0.500000,UT,,15:10:16 07-Mar-2024,15:09:11 07-Mar-2024,-64,3,43.8030,-64.0715,CRC,,,,6257,3.400,,,1.85,,,,,,,,,,,,,,255,41,255,0,,,,,,,2,,,0,95,,,,,,05:00:00 16-Feb-2024,,,
260358,260358,0.500000,UT,,,15:13:51 07-Mar-2024,,1,43.7963,-64.0704,,,,,6259,,,,,,,,,,,,,,,,,,,,,,,,,,,,,,,0,,,,,,,05:00:00 16-Feb-2024,,,
260358,260358,0.500000,UT,,,15:16:17 07-Mar-2024,,1,43.7963,-64.0704,,,,,,3.425,,,,,,,,,,,,,,,,,,,,,,,,,,,,,,0,,,,,,,05:00:00 16-Feb-2024,,,
260358,260358,0.500000,UT,,,15:19:48 07-Mar-2024,,1,43.7963,-64.0704,,,,,,,,,,,,,,,,,,,,,,,,,,,,,,,,,,,,0,,,,,,,05:00:00 16-Feb-2024,,,7311
260358,260358,0.500000,UT,,,15:23:47 07-Mar-2024,,B,43.7932,-64.0694,,,,,6264,,,,,,,,,,,,,,,,,,,,,,,,,,,,,,,0,,,,,,,05:00:00 16-Feb-2024,,,
260358,260358,0.500000,UT,,,16:00:10 07-Mar-2024,,B,43.7854,-64.0957,,,,,,3.425,,,,,,,,,,,,,,,,,,,,,,,,,,,,,,0,,,,,,,05:00:00 16-Feb-2024,,,
260358,260358,0.500000,UT,1.00b,,16:03:30 07-Mar-2024,,B,43.7854,-64.0957,,0,,,,,,,,,,,,,,,,,,,,,,,,,,,,,,,,,,0,,,,,,,05:00:00 16-Feb-2024,,,
260358,260358,0.500000,UT,,,16:07:47 07-Mar-2024,,A,43.7968,-64.1183,,,,,,,,,,,,,,,,,,,,,,,,,,,,,,,,,,,,0,,,,,,,05:00:00 16-Feb-2024,,,7311
260358,260358,0.500000,UT,,,16:11:36 07-Mar-2024,,A,43.7968,-64.1183,,,,,,,,,2.15,,,,,,,,,,,,,,,,,,,,,,,,,,,0,,,,,,,05:00:00 16-Feb-2024,,,
260358,260358,0.500000,UT,,,16:50:22 07-Mar-2024,,2,43.8025,-64.1216,,,,,6313,,,,,,,,,,,,,,,,,,,,,,,,,,,,,,,0,,,,,,,05:00:00 16-Feb-2024,,,
260358,260358,0.500000,UT,,,16:51:10 07-Mar-2024,,2,43.8025,-64.1216,,,,,,3.425,,,,,,,,,,,,,,,,,,,,,,,,,,,,,,0,,,,,,,05:00:00 16-Feb-2024,,,
260358,260358,0.500000,UT,1.00b,,16:51:56 07-Mar-2024,,2,43.8025,-64.1216,,0,,,,,,,,,,,,,,,,,,,,,,,,,,,,,,,,,,0,,,,,,,05:00:00 16-Feb-2024,,,
260358,260358,0.500000,UT,,,16:54:21 07-Mar-2024,,2,43.8025,-64.1216,,,,,6318,,,,,,,,,,,,,,,,,,,,,,,,,,,,,,,0,,,,,,,05:00:00 16-Feb-2024,,,
260358,260358,0.500000,UT,,,16:55:30 07-Mar-2024,,2,43.8025,-64.1216,,,,,,3.375,,,,,,,,,,,,,,,,,,,,,,,,,,,,,,0,,,,,,,05:00:00 16-Feb-2024,,,
260358,260358,0.500000,UT,,,16:58:05 07-Mar-2024,,2,43.8025,-64.1216,,,,,,,,,,,,,,,,,,,,,,,,,,,,,,,,,,,,0,,,,,,,05:00:00 16-Feb-2024,,,7311
260358,260358,0.500000,UT,,,21:33:50 07-Mar-2024,,0,43.8498,-64.0667,,,,,,3.450,,,,,,,,,,,,,,,,,,,,,,,,,,,,,,0,,,,,,,05:00:00 16-Feb-2024,,,
260358,260358,0.500000,UT,1.00b,,21:34:35 07-Mar-2024,,0,43.8498,-64.0667,,0,,,,,,,,,,,,,,,,,,,,,,,,,,,,,,,,,,0,,,,,,,05:00:00 16-Feb-2024,,,
260358,260358,0.500000,UT,,,21:35:36 07-Mar-2024,,0,43.8498,-64.0667,,,,,,,,,,,,,,,,,,,,,,,,,,,,,,,,,,,,0,,,,,,,05:00:00 16-Feb-2024,,,7311
260358,260358,0.500000,UT,1.00b,,22:22:52 07-Mar-2024,,B,43.8811,-64.2586,,0,,,,,,,,,,,,,,,,,,,,,,,,,,,,,,,,,,0,,,,,,,05:00:00 16-Feb-2024,,,
260358,260358,0.500000,UT,,,22:26:49 07-Mar-2024,,B,43.8811,-64.2586,,,,,,,,,,,,,,,,,,,,,,,,,,,,,,,,,,,,0,,,,,,,05:00:00 16-Feb-2024,,,7311
260358,260358,0.500000,UT,,,22:59:36 07-Mar-2024,,A,43.7892,-64.2392,,,,,,,,,,,,,,,,,,,,,,,,,,,,,,,,,,,,0,,,,,,,05:00:00 16-Feb-2024,,,7311
260358,260358,0.500000,UT,,,23:03:31 07-Mar-2024,,A,43.7892,-64.2392,,,,,6354,,,,,,,,,,,,,,,,,,,,,,,,,,,,,,,0,,,,,,,05:00:00 16-Feb-2024,,,
260358,260358,0.500000,UT,,,23:05:53 07-Mar-2024,,A,43.7892,-64.2392,,,,,,3.425,,,,,,,,,,,,,,,,,,,,,,,,,,,,,,0,,,,,,,05:00:00 16-Feb-2024,,,
260358,260358,0.500000,UT,1.00b,,23:27:05 07-Mar-2024,,1,43.7681,-64.2502,,0,,,,,,,,,,,,,,,,,,,,,,,,,,,,,,,,,,0,,,,,,,05:00:00 16-Feb-2024,,,
260358,260358,0.500000,UT,,,23:29:05 07-Mar-2024,,1,43.7681,-64.2502,,,,,,,,,,,,,,,,,,,,,,,,,,,,,,,,,,,,0,,,,,,,05:00:00 16-Feb-2024,,,7311
260358,260358,0.500000,UT,,,23:31:00 07-Mar-2024,,1,43.7681,-64.2502,,,,,,,,,2.20,,,,,,,,,,,,,,,,,,,,,,,,,,,0,,,,,,,05:00:00 16-Feb-2024,,,
260358,260358,0.500000,UT,,,23:33:52 07-Mar-2024,,1,43.7681,-64.2502,,,,,,3.425,,,,,,,,,,,,,,,,,,,,,,,,,,,,,,0,,,,,,,05:00:00 16-Feb-2024,,,
260358,260358,0.500000,UT,,,23:54:46 07-Mar-2024,,3,43.7665,-64.2812,,,,,,,,,,,,,,,,,,,,,,,,,,,,,,,,,,,,0,,,,,,,05:00:00 16-Feb-2024,,,7311
260358,260358,0.500000,UT,,,23:56:34 07-Mar-2024,,3,43.7665,-64.2812,,,,,,,,,2.25,,,,,,,,,,,,,,,,,,,,,,,,,,,0,,,,,,,05:00:00 16-Feb-2024,,,
260358,260358,0.500000,UT,,,23:58:06 07-Mar-2024,,3,43.7665,-64.2812,,,,,6386,,,,,,,,,,,,,,,,,,,,,,,,,,,,,,,0,,,,,,,05:00:00 16-Feb-2024,,,
260358,260358,0.500000,UT,,,00:01:02 08-Mar-2024,,3,43.7665,-64.2812,,,,,,3.425,,,,,,,,,,,,,,,,,,,,,,,,,,,,,,0,,,,,,,05:00:00 16-Feb-2024,,,
260358,260358,0.500000,UT,1.00b,,00:03:18 08-Mar-2024,,3,43.7607,-64.2861,,0,,,,,,,,,,,,,,,,,,,,,,,,,,,,,,,,,,0,,,,,,,05:00:00 16-Feb-2024,,,
260358,260358,0.500000,UT,,,00:04:55 08-Mar-2024,,3,43.7607,-64.2861,,,,,,,,,,,,,,,,,,,,,,,,,,,,,,,,,,,,0,,,,,,,05:00:00 16-Feb-2024,,,7311
260358,260358,0.500000,UT,,,00:06:55 08-Mar-2024,,3,43.7607,-64.2861,,,,,,,,,2.20,,,,,,,,,,,,,,,,,,,,,,,,,,,0,,,,,,,05:00:00 16-Feb-2024,,,
260358,260358,0.500000,UT,,,00:39:12 08-Mar-2024,,1,43.7571,-64.3087,,,,,,,,,,,,,,,,,,,,,,,,,,,,,,,,,,,,0,,,,,,,05:00:00 16-Feb-2024,,,7311
260358,260358,0.500000,UT,,,00:40:01 08-Mar-2024,,1,43.7571,-64.3087,,,,,,,,,2.55,,,,,,,,,,,,,,,,,,,,,,,,,,,0,,,,,,,05:00:00 16-Feb-2024,,,
260358,260358,0.500000,UT,,,00:41:35 08-Mar-2024,,1,43.7571,-64.3087,,,,,,3.350,,,,,,,,,,,,,,,,,,,,,,,,,,,,,,0,,,,,,,05:00:00 16-Feb-2024,,,
260358,260358,0.500000,UT,1.00b,,00:42:20 08-Mar-2024,,1,43.7571,-64.3087,,0,,,,,,,,,,,,,,,,,,,,,,,,,,,,,,,,,,0,,,,,,,05:00:00 16-Feb-2024,,,
260358,260358,0.500000,UT,,,00:49:26 08-Mar-2024,,2,43.7514,-64.3028,,,,,,,,,2.65,,,,,,,,,,,,,,,,,,,,,,,,,,,0,,,,,,,05:00:00 16-Feb-2024,,,
260358,260358,0.500000,UT,,,00:52:36 08-Mar-2024,,2,43.7514,-64.3028,,,,,,,,,,,,,,,,,,,,,,,,,,,,,,,,,,,,0,,,,,,,05:00:00 16-Feb-2024,,,7311
260358,260358,0.500000,UT,,,00:53:21 08-Mar-2024,,2,43.7514,-64.3028,,,,,,,,,2.70,,,,,,,,,,,,,,,,,,,,,,,,,,,0,,,,,,,05:00:00 16-Feb-2024,,,
260358,260358,0.500000,UT,,,00:57:16 08-Mar-2024,,3,43.7446,-64.2952,,,,,,,,,2.65,,,,,,,,,,,,,,,,,,,,,,,,,,,0,,,,,,,05:00:00 16-Feb-2024,,,
260358,260358,0.500000,UT,,,01:00:20 08-Mar-2024,,3,43.7446,-64.2952,,,,,,,,,,,,,,,,,,,,,,,,,,,,,,,,,,,,0,,,,,,,05:00:00 16-Feb-2024,,,7311
260358,260358,0.500000,UT,,,01:01:06 08-Mar-2024,,3,43.7446,-64.2952,,,,,,,,,2.75,,,,,,,,,,,,,,,,,,,,,,,,,,,0,,,,,,,05:00:00 16-Feb-2024,,,
260358,260358,0.500000,UT,,,01:01:54 08-Mar-2024,,3,43.7446,-64.2952,,,,,6455,,,,,,,,,,,,,,,,,,,,,,,,,,,,,,,0,,,,,,,05:00:00 16-Feb-2024,,,
260358,260358,0.500000,UT,,,01:02:40 08-Mar-2024,,3,43.7446,-64.2952,,,,,,3.400,,,,,,,,,,,,,,,,,,,,,,,,,,,,,,0,,,,,,,05:00:00 16-Feb-2024,,,
260358,260358,0.500000,UT,1.00b,,01:04:17 08-Mar-2024,,3,43.7446,-64.2952,,0,,,,,,,,,,,,,,,,,,,,,,,,,,,,,,,,,,0,,,,,,,05:00:00 16-Feb-2024,,,
260358,260358,0.500000,UT,,,01:05:06 08-Mar-2024,,3,43.7446,-64.2952,,,,,,,,,,,,,,,,,,,,,,,,,,,,,,,,,,,,0,,,,,,,05:00:00 16-Feb-2024,,,7311
260358,260358,0.500000,UT,,,01:06:02 08-Mar-2024,,3,43.7446,-64.2952,,,,,,,,,2.65,,,,,,,,,,,,,,,,,,,,,,,,,,,0,,,,,,,05:00:00 16-Feb-2024,,,
260358,260358,0.500000,UT,,,01:06:47 08-Mar-2024,,0,43.7475,-64.3099,,,,,6461,,,,,,,,,,,,,,,,,,,,,,,,,,,,,,,0,,,,,,,05:00:00 16-Feb-2024,,,
260358,260358,0.500000,UT,,,12:16:21 08-Mar-2024,,B,43.5910,-64.6501,,,,,,3.850,,,,,,,,,,,,,,,,,,,,,,,,,,,,,,0,,,,,,,05:00:00 16-Feb-2024,,,
260358,260358,0.500000,UT,,,12:18:20 08-Mar-2024,,B,43.5910,-64.6501,,,,,,,,,,,,,,,,,,,,,,,,,,,,,,,,,,,,0,,,,,,,05:00:00 16-Feb-2024,,,7311
260358,260358,0.500000,UT,,,12:55:54 08-Mar-2024,,A,43.6441,-64.7349,,,,,,,,,1.90,,,,,,,,,,,,,,,,,,,,,,,,,,,0,,,,,,,05:00:00 16-Feb-2024,,,
260358,260358,0.500000,UT,,,12:59:58 08-Mar-2024,,A,43.6441,-64.7349,,,,,6487,,,,,,,,,,,,,,,,,,,,,,,,,,,,,,,0,,,,,,,05:00:00 16-Feb-2024,,,
260358,260358,0.500000,UT,,,13:04:06 08-Mar-2024,,A,43.6441,-64.7349,,,,,,3.450,,,,,,,,,,,,,,,,,,,,,,,,,,,,,,0,,,,,,,05:00:00 16-Feb-2024,,,
260358,260358,0.500000,UT,,,13:27:16 08-Mar-2024,,B,43.6014,-64.6777,,,,,6493,,,,,,,,,,,,,,,,,,,,,,,,,,,,,,,0,,,,,,,05:00:00 16-Feb-2024,,,
260358,260358,0.500000,UT,1.00b,,13:57:21 08-Mar-2024,,B,43.6118,-64.7068,,0,,,,,,,,,,,,,,,,,,,,,,,,,,,,,,,,,,0,,,,,,,05:00:00 16-Feb-2024,,,
260358,260358,0.500000,UT,,,14:47:11 08-Mar-2024,,B,43.6535,-64.8524,,,,,,,,,,,,,,,,,,,,,,,,,,,,,,,,,,,,0,,,,,,,05:00:00 16-Feb-2024,,,7311
260358,260358,0.500000,UT,,,15:02:17 08-Mar-2024,,B,43.6535,-64.8524,,,,,,3.450,,,,,,,,,,,,,,,,,,,,,,,,,,,,,,0,,,,,,,05:00:00 16-Feb-2024,,,
260358,260358,0.500000,UT,,,15:08:15 08-Mar-2024,,A,43.6452,-64.8267,,,,,,,,,,,,,,,,,,,,,,,,,,,,,,,,,,,,0,,,,,,,05:00:00 16-Feb-2024,,,7311
260358,260358,0.500000,UT,,,15:09:03 08-Mar-2024,,A,43.6452,-64.8267,,,,,,,,,3.10,,,,,,,,,,,,,,,,,,,,,,,,,,,0,,,,,,,05:00:00 16-Feb-2024,,,
260358,260358,0.500000,UT,1.00b,,15:15:33 08-Mar-2024,,A,43.6452,-64.8267,,0,,,,,,,,,,,,,,,,,,,,,,,,,,,,,,,,,,0,,,,,,,05:00:00 16-Feb-2024,,,
260358,260358,0.500000,UT,,,15:21:21 08-Mar-2024,,B,43.6452,-64.8186,,,,,,,,,3.15,,,,,,,,,,,,,,,,,,,,,,,,,,,0,,,,,,,05:00:00 16-Feb-2024,,,
260358,260358,0.500000,UT,1.00b,,15:36:18 08-Mar-2024,,A,43.6398,-64.8209,,0,,,,,,,,,,,,,,,,,,,,,,,,,,,,,,,,,,0,,,,,,,05:00:00 16-Feb-2024,,,
260358,260358,0.500000,UT,,,15:41:34 08-Mar-2024,,A,43.6398,-64.8209,,,,,,,,,,,,,,,,,,,,,,,,,,,,,,,,,,,,0,,,,,,,05:00:00 16-Feb-2024,,,7311
260358,260358,0.500000,UT,,,15:42:19 08-Mar-2024,,A,43.6398,-64.8209,,,,,,,,,3.30,,,,,,,,,,,,,,,,,,,,,,,,,,,0,,,,,,,05:00:00 16-Feb-2024,,,
260358,260358,0.500000,UT,,,16:36:58 08-Mar-2024,,3,43.6143,-64.8468,,,,,6558,,,,,,,,,,,,,,,,,,,,,,,,,,,,,,,0,,,,,,,05:00:00 16-Feb-2024,,,
260358,260358,0.500000,UT,,,16:37:51 08-Mar-2024,,3,43.6143,-64.8468,,,,,,3.475,,,,,,,,,,,,,,,,,,,,,,,,,,,,,,0,,,,,,,05:00:00 16-Feb-2024,,,
260358,260358,0.500000,UT,1.00b,,16:38:37 08-Mar-2024,,3,43.6143,-64.8468,,0,,,,,,,,,,,,,,,,,,,,,,,,,,,,,,,,,,0,,,,,,,05:00:00 16-Feb-2024,,,
260358,260358,0.500000,UT,,,16:39:24 08-Mar-2024,,3,43.6143,-64.8468,,,,,,,,,,,,,,,,,,,,,,,,,,,,,,,,,,,,0,,,,,,,05:00:00 16-Feb-2024,,,7311
260358,260358,0.500000,UT,1.00b,,16:57:27 08-Mar-2024,,B,43.6144,-64.8466,,0,,,,,,,,,,,,,,,,,,,,,,,,,,,,,,,,,,0,,,,,,,05:00:00 16-Feb-2024,,,
260358,260358,0.500000,UT,,,22:01:53 08-Mar-2024,,B,43.6023,-64.8745,,,,,,,,,,,,,,,,,,,,,,,,,,,,,,,,,,,,0,,,,,,,05:00:00 16-Feb-2024,,,7311
260358,260358,0.500000,UT,,,22:25:32 08-Mar-2024,,3,43.5799,-64.9146,,,,,,,,,2.15,,,,,,,,,,,,,,,,,,,,,,,,,,,0,,,,,,,05:00:00 16-Feb-2024,,,
260358,260358,0.500000,UT,,,22:26:17 08-Mar-2024,,3,43.5799,-64.9146,,,,,6594,,,,,,,,,,,,,,,,,,,,,,,,,,,,,,,0,,,,,,,05:00:00 16-Feb-2024,,,
260358,260358,0.500000,UT,,,22:27:12 08-Mar-2024,,3,43.5799,-64.9146,,,,,,3.425,,,,,,,,,,,,,,,,,,,,,,,,,,,,,,0,,,,,,,05:00:00 16-Feb-2024,,,
260358,260358,0.500000,UT,1.00b,,22:27:57 08-Mar-2024,,2,43.5806,-64.9213,,0,,,,,,,,,,,,,,,,,,,,,,,,,,,,,,,,,,0,,,,,,,05:00:00 16-Feb-2024,,,
260358,260358,0.500000,UT,,,22:30:14 08-Mar-2024,,2,43.5806,-64.9213,,,,,6599,,,,,,,,,,,,,,,,,,,,,,,,,,,,,,,0,,,,,,,05:00:00 16-Feb-2024,,,
260358,260358,0.500000,UT,,,22:31:02 08-Mar-2024,,3,43.5799,-64.9146,,,,,,3.450,,,,,,,,,,,,,,,,,,,,,,,,,,,,,,0,,,,,,,05:00:00 16-Feb-2024,,,
260358,260358,0.500000,UT,1.00b,,22:31:50 08-Mar-2024,,3,43.5799,-64.9146,,0,,,,,,,,,,,,,,,,,,,,,,,,,,,,,,,,,,0,,,,,,,05:00:00 16-Feb-2024,,,
260358,260358,0.500000,UT,,,22:32:40 08-Mar-2024,,3,43.5799,-64.9146,,,,,,,,,,,,,,,,,,,,,,,,,,,,,,,,,,,,0,,,,,,,05:00:00 16-Feb-2024,,,7311
260358,260358,0.500000,UT,,,22:33:27 08-Mar-2024,,2,43.5806,-64.9213,,,,,,,,,2.20,,,,,,,,,,,,,,,,,,,,,,,,,,,0,,,,,,,05:00:00 16-Feb-2024,,,
260358,260358,0.500000,UT,,,22:41:05 08-Mar-2024,,3,43.5798,-64.9126,,,,,,,,,,,,,,,,,,,,,,,,,,,,,,,,,,,,0,,,,,,,05:00:00 16-Feb-2024,,,7311
260358,260358,0.500000,UT,,,22:43:25 08-Mar-2024,,3,43.5798,-64.9126,,,,,,3.450,,,,,,,,,,,,,,,,,,,,,,,,,,,,,,0,,,,,,,05:00:00 16-Feb-2024,,,
260358,260358,0.500000,UT,,,22:46:03 08-Mar-2024,,3,43.5798,-64.9126,,,,,,,,,2.15,,,,,,,,,,,,,,,,,,,,,,,,,,,0,,,,,,,05:00:00 16-Feb-2024,,,
260358,260358,0.500000,UT,1.00b,,22:48:23 08-Mar-2024,,3,43.5798,-64.9126,,0,,,,,,,,,,,,,,,,,,,,,,,,,,,,,,,,,,0,,,,,,,05:00:00 16-Feb-2024,,,
260358,260358,0.500000,UT,,,00:03:50 09-Mar-2024,,3,43.5599,-64.9351,,,,,6647,,,,,,,,,,,,,,,,,,,,,,,,,,,,,,,0,,,,,,,05:00:00 16-Feb-2024,,,
260358,260358,0.500000,UT,,,00:04:35 09-Mar-2024,,3,43.5599,-64.9351,,,,,,3.375,,,,,,,,,,,,,,,,,,,,,,,,,,,,,,0,,,,,,,05:00:00 16-Feb-2024,,,
260358,260358,0.500000,UT,,,00:06:08 09-Mar-2024,,3,43.5599,-64.9351,,,,,,,,,,,,,,,,,,,,,,,,,,,,,,,,,,,,0,,,,,,,05:00:00 16-Feb-2024,,,7311
260358,260358,0.500000,UT,,,00:07:49 09-Mar-2024,,3,43.5599,-64.9351,,,,,6652,,,,,,,,,,,,,,,,,,,,,,,,,,,,,,,0,,,,,,,05:00:00 16-Feb-2024,,,
260358,260358,0.500000,UT,,,00:08:36 09-Mar-2024,,3,43.5599,-64.9351,,,,,,3.450,,,,,,,,,,,,,,,,,,,,,,,,,,,,,,0,,,,,,,05:00:00 16-Feb-2024,,,
260358,260358,0.500000,UT,1.00b,,00:09:22 09-Mar-2024,,3,43.5599,-64.9351,,0,,,,,,,,,,,,,,,,,,,,,,,,,,,,,,,,,,0,,,,,,,05:00:00 16-Feb-2024,,,
260358,260358,0.500000,UT,,,00:11:09 09-Mar-2024,,3,43.5599,-64.9351,,,,,,,,,2.20,,,,,,,,,,,,,,,,,,,,,,,,,,,0,,,,,,,05:00:00 16-Feb-2024,,,
260358,260358,0.500000,UT,,00:13:02 09-Mar-2024,00:11:55 09-Mar-2024,-66,3,43.5599,-64.9351,CRC,,,,6657,3.425,,,2.25,,,,,,,,,,,,,,255,42,255,0,,,,,,,9,,,0,86,,,,,,05:00:00 16-Feb-2024,,,
260358,260358,0.500000,UT,,,00:12:58 09-Mar-2024,,3,43.5599,-64.9351,,,,,6658,,,,,,,,,,,,,,,,,,,,,,,,,,,,,,,0,,,,,,,05:00:00 16-Feb-2024,,,
260358,260358,0.500000,UT,,,00:17:51 09-Mar-2024,,2,43.5577,-64.9475,,,,,,3.425,,,,,,,,,,,,,,,,,,,,,,,,,,,,,,0,,,,,,,05:00:00 16-Feb-2024,,,
260358,260358,0.500000,UT,1.00b,,00:18:41 09-Mar-2024,,2,43.5577,-64.9475,,0,,,,,,,,,,,,,,,,,,,,,,,,,,,,,,,,,,0,,,,,,,05:00:00 16-Feb-2024,,,
260358,260358,0.500000,UT,,,00:21:45 09-Mar-2024,,2,43.5577,-64.9475,,,,,,3.400,,,,,,,,,,,,,,,,,,,,,,,,,,,,,,0,,,,,,,05:00:00 16-Feb-2024,,,
260358,260358,0.500000,UT,,,00:23:19 09-Mar-2024,,2,43.5577,-64.9475,,,,,,,,,,,,,,,,,,,,,,,,,,,,,,,,,,,,0,,,,,,,05:00:00 16-Feb-2024,,,7311
260358,260358,0.500000,UT,,,00:24:06 09-Mar-2024,,2,43.5577,-64.9475,,,,,,,,,2.10,,,,,,,,,,,,,,,,,,,,,,,,,,,0,,,,,,,05:00:00 16-Feb-2024,,,
260358,260358,0.500000,UT,,,00:24:52 09-Mar-2024,,2,43.5577,-64.9475,,,,,6673,,,,,,,,,,,,,,,,,,,,,,,,,,,,,,,0,,,,,,,05:00:00 16-Feb-2024,,,
260358,260358,0.500000,UT,,,00:29:05 09-Mar-2024,,2,43.5577,-64.9475,,,,,6678,,,,,,,,,,,,,,,,,,,,,,,,,,,,,,,0,,,,,,,05:00:00 16-Feb-2024,,,
260358,260358,0.500000,UT,,,00:29:59 09-Mar-2024,,2,43.5586,-64.9509,,,,,,3.350,,,,,,,,,,,,,,,,,,,,,,,,,,,,,,0,,,,,,,05:00:00 16-Feb-2024,,,
260358,260358,0.500000,UT,,,00:33:04 09-Mar-2024,,2,43.5586,-64.9509,,,,,,,,,2.15,,,,,,,,,,,,,,,,,,,,,,,,,,,0,,,,,,,05:00:00 16-Feb-2024,,,
260358,260358,0.500000,UT,,,00:34:45 09-Mar-2024,,2,43.5586,-64.9509,,,,,,3.425,,,,,,,,,,,,,,,,,,,,,,,,,,,,,,0,,,,,,,05:00:00 16-Feb-2024,,,
260358,260358,0.500000,UT,1.00b,,00:46:00 09-Mar-2024,,2,43.5524,-64.9405,,0,,,,,,,,,,,,,,,,,,,,,,,,,,,,,,,,,,0,,,,,,,05:00:00 16-Feb-2024,,,
260358,260358,0.500000,UT,,,00:51:13 09-Mar-2024,,2,43.5524,-64.9405,,,,,,,,,,,,,,,,,,,,,,,,,,,,,,,,,,,,0,,,,,,,05:00:00 16-Feb-2024,,,7311
260358,260358,0.500000,UT,,,00:52:02 09-Mar-2024,,2,43.5524,-64.9405,,,,,,,,,2.25,,,,,,,,,,,,,,,,,,,,,,,,,,,0,,,,,,,05:00:00 16-Feb-2024,,,
260358,260358,0.500000,UT,,,00:52:48 09-Mar-2024,,2,43.5524,-64.9405,,,,,6705,,,,,,,,,,,,,,,,,,,,,,,,,,,,,,,0,,,,,,,05:00:00 16-Feb-2024,,,
260358,260358,0.500000,UT,,,00:53:33 09-Mar-2024,,2,43.5524,-64.9405,,,,,,3.400,,,,,,,,,,,,,,,,,,,,,,,,,,,,,,0,,,,,,,05:00:00 16-Feb-2024,,,
260358,260358,0.500000,UT,1.00b,,00:55:06 09-Mar-2024,,1,43.5576,-64.9400,,0,,,,,,,,,,,,,,,,,,,,,,,,,,,,,,,,,,0,,,,,,,05:00:00 16-Feb-2024,,,
260358,260358,0.500000,UT,,,00:58:15 09-Mar-2024,,1,43.5576,-64.9400,,,,,,3.400,,,,,,,,,,,,,,,,,,,,,,,,,,,,,,0,,,,,,,05:00:00 16-Feb-2024,,,
260358,260358,0.500000,UT,,,00:59:46 09-Mar-2024,,1,43.5576,-64.9400,,,,,,,,,,,,,,,,,,,,,,,,,,,,,,,,,,,,0,,,,,,,05:00:00 16-Feb-2024,,,7311
260358,260358,0.500000,UT,,,01:00:34 09-Mar-2024,,1,43.5576,-64.9400,,,,,,,,,2.25,,,,,,,,,,,,,,,,,,,,,,,,,,,0,,,,,,,05:00:00 16-Feb-2024,,,
260358,260358,0.500000,UT,,,12:33:51 09-Mar-2024,,B,43.5144,-65.3946,,,,,,,,,,,,,,,,,,,,,,,,,,,,,,,,,,,,0,,,,,,,05:00:00 16-Feb-2024,,,7311
260358,260358,0.500000,UT,,,13:37:56 09-Mar-2024,,B,43.4904,-65.4936,,,,,,3.450,,,,,,,,,,,,,,,,,,,,,,,,,,,,,,0,,,,,,,05:00:00 16-Feb-2024,,,
260358,260358,0.500000,UT,,,14:25:55 09-Mar-2024,,B,43.5052,-65.2441,,,,,,,,,2.75,,,,,,,,,,,,,,,,,,,,,,,,,,,0,,,,,,,05:00:00 16-Feb-2024,,,
260358,260358,0.500000,UT,1.00b,,14:28:50 09-Mar-2024,,B,43.5052,-65.2441,,0,,,,,,,,,,,,,,,,,,,,,,,,,,,,,,,,,,0,,,,,,,05:00:00 16-Feb-2024,,,
260358,260358,0.500000,UT,1.00b,,14:48:32 09-Mar-2024,,A,43.4901,-65.2210,,0,,,,,,,,,,,,,,,,,,,,,,,,,,,,,,,,,,0,,,,,,,05:00:00 16-Feb-2024,,,
260358,260358,0.500000,UT,,,14:50:57 09-Mar-2024,,A,43.4901,-65.2210,,,,,,,,,,,,,,,,,,,,,,,,,,,,,,,,,,,,0,,,,,,,05:00:00 16-Feb-2024,,,7311
260358,260358,0.500000,UT,,,14:55:29 09-Mar-2024,,B,43.4904,-65.2211,,,,,,,,,2.35,,,,,,,,,,,,,,,,,,,,,,,,,,,0,,,,,,,05:00:00 16-Feb-2024,,,
260358,260358,0.500000,UT,,,15:18:55 09-Mar-2024,,B,43.4883,-65.2231,,,,,,,,,2.55,,,,,,,,,,,,,,,,,,,,,,,,,,,0,,,,,,,05:00:00 16-Feb-2024,,,
260358,260358,0.500000,UT,1.00b,,15:23:45 09-Mar-2024,,B,43.4883,-65.2231,,0,,,,,,,,,,,,,,,,,,,,,,,,,,,,,,,,,,0,,,,,,,05:00:00 16-Feb-2024,,,
260358,260358,0.500000,UT,,16:11:17 09-Mar-2024,16:10:09 09-Mar-2024,-67,B,43.4850,-65.2516,CRC,,,,6807,3.425,,,2.60,,,,,,,,,,,,,,255,42,255,0,,,,,,,0,,,0,94,,,,,,05:00:00 16-Feb-2024,,,
260358,260358,0.500000,UT,,,16:19:14 09-Mar-2024,,B,43.4850,-65.2516,,,,,,3.450,,,,,,,,,,,,,,,,,,,,,,,,,,,,,,0,,,,,,,05:00:00 16-Feb-2024,,,
260358,260358,0.500000,UT,1.00b,,16:24:50 09-Mar-2024,,A,43.4746,-65.2613,,0,,,,,,,,,,,,,,,,,,,,,,,,,,,,,,,,,,0,,,,,,,05:00:00 16-Feb-2024,,,
260358,260358,0.500000,UT,,,16:25:35 09-Mar-2024,,A,43.4746,-65.2613,,,,,,,,,,,,,,,,,,,,,,,,,,,,,,,,,,,,0,,,,,,,05:00:00 16-Feb-2024,,,7311
260358,260358,0.500000,UT,,,16:27:40 09-Mar-2024,,A,43.4746,-65.2613,,,,,,,,,2.75,,,,,,,,,,,,,,,,,,,,,,,,,,,0,,,,,,,05:00:00 16-Feb-2024,,,
260358,260358,0.500000,UT,,,21:36:50 09-Mar-2024,,B,43.4860,-65.3970,,,,,,,,,,,,,,,,,,,,,,,,,,,,,,,,,,,,0,,,,,,,05:00:00 16-Feb-2024,,,7311
260358,260358,0.500000,UT,,,21:44:05 09-Mar-2024,,B,43.4860,-65.3970,,,,,6823,,,,,,,,,,,,,,,,,,,,,,,,,,,,,,,0,,,,,,,05:00:00 16-Feb-2024,,,
260358,260358,0.500000,UT,,,21:47:56 09-Mar-2024,,B,43.4026,-65.4290,,,,,,3.525,,,,,,,,,,,,,,,,,,,,,,,,,,,,,,0,,,,,,,05:00:00 16-Feb-2024,,,
260358,260358,0.500000,UT,,,21:57:15 09-Mar-2024,,A,43.3924,-65.4388,,,,,6828,,,,,,,,,,,,,,,,,,,,,,,,,,,,,,,0,,,,,,,05:00:00 16-Feb-2024,,,
260358,260358,0.500000,UT,1.00b,,22:01:20 09-Mar-2024,,A,43.3924,-65.4388,,0,,,,,,,,,,,,,,,,,,,,,,,,,,,,,,,,,,0,,,,,,,05:00:00 16-Feb-2024,,,
260358,260358,0.500000,UT,,,22:13:17 09-Mar-2024,,A,43.3805,-65.4302,,,,,6834,,,,,,,,,,,,,,,,,,,,,,,,,,,,,,,0,,,,,,,05:00:00 16-Feb-2024,,,
260358,260358,0.500000,UT,,,22:17:03 09-Mar-2024,,A,43.3805,-65.4302,,,,,,3.450,,,,,,,,,,,,,,,,,,,,,,,,,,,,,,0,,,,,,,05:00:00 16-Feb-2024,,,
260358,260358,0.500000,UT,1.00b,,22:20:37 09-Mar-2024,,A,43.3805,-65.4302,,0,,,,,,,,,,,,,,,,,,,,,,,,,,,,,,,,,,0,,,,,,,05:00:00 16-Feb-2024,,,
260358,260358,0.500000,UT,1.00b,,23:13:47 09-Mar-2024,,B,43.3537,-65.4674,,0,,,,,,,,,,,,,,,,,,,,,,,,,,,,,,,,,,0,,,,,,,05:00:00 16-Feb-2024,,,
260358,260358,0.500000,UT,,,23:17:47 09-Mar-2024,,B,43.3537,-65.4674,,,,,,,,,,,,,,,,,,,,,,,,,,,,,,,,,,,,0,,,,,,,05:00:00 16-Feb-2024,,,7311
260358,260358,0.500000,UT,1.00b,,23:55:32 09-Mar-2024,,B,43.3383,-65.4511,,0,,,,,,,,,,,,,,,,,,,,,,,,,,,,,,,,,,0,,,,,,,05:00:00 16-Feb-2024,,,
260358,260358,0.500000,UT,,,00:33:58 10-Mar-2024,,B,43.3287,-65.4696,,,,,,3.450,,,,,,,,,,,,,,,,,,,,,,,,,,,,,,0,,,,,,,05:00:00 16-Feb-2024,,,
260358,260358,0.500000,UT,,,00:51:21 10-Mar-2024,,B,43.2723,-65.4560,,,,,6877,,,,,,,,,,,,,,,,,,,,,,,,,,,,,,,0,,,,,,,05:00:00 16-Feb-2024,,,
260358,260358,0.500000,UT,,,00:55:49 10-Mar-2024,,1,43.2629,-65.4651,,,,,,3.450,,,,,,,,,,,,,,,,,,,,,,,,,,,,,,0,,,,,,,05:00:00 16-Feb-2024,,,
260358,260358,0.500000,UT,,,00:59:44 10-Mar-2024,,1,43.2629,-65.4651,,,,,,,,,,,,,,,,,,,,,,,,,,,,,,,,,,,,0,,,,,,,05:00:00 16-Feb-2024,,,7311
260358,260358,0.500000,UT,,,01:03:53 10-Mar-2024,,1,43.2629,-65.4651,,,,,,,,,2.50,,,,,,,,,,,,,,,,,,,,,,,,,,,0,,,,,,,05:00:00 16-Feb-2024,,,
260358,260358,0.500000,UT,,01:06:31 10-Mar-2024,01:05:23 10-Mar-2024,-67,1,43.2629,-65.4651,CRC,,,,6882,3.450,,,2.45,,,,,,,,,,,,,,255,46,255,0,,,,,,,8,,,0,71,,,,,,05:00:00 16-Feb-2024,,,
260358,260358,0.500000,UT,,,01:46:46 10-Mar-2024,,B,43.2368,-65.4703,,,,,6899,,,,,,,,,,,,,,,,,,,,,,,,,,,,,,,0,,,,,,,05:00:00 16-Feb-2024,,,
260358,260358,0.500000,UT,1.00b,,02:09:01 10-Mar-2024,,B,43.2394,-65.4685,,0,,,,,,,,,,,,,,,,,,,,,,,,,,,,,,,,,,0,,,,,,,05:00:00 16-Feb-2024,,,
260358,260358,0.500000,UT,1.00b,,02:41:38 10-Mar-2024,,B,43.2112,-65.4679,,0,,,,,,,,,,,,,,,,,,,,,,,,,,,,,,,,,,0,,,,,,,05:00:00 16-Feb-2024,,,
260358,260358,0.500000,UT,,,02:46:19 10-Mar-2024,,B,43.2112,-65.4679,,,,,,,,,,,,,,,,,,,,,,,,,,,,,,,,,,,,0,,,,,,,05:00:00 16-Feb-2024,,,7311
260358,260358,0.500000,UT,,,12:07:21 10-Mar-2024,,1,43.0426,-65.3946,,,,,,,,,,,,,,,,,,,,,,,,,,,,,,,,,,,,0,,,,,,,05:00:00 16-Feb-2024,,,7311
260358,260358,0.500000,UT,,,12:08:10 10-Mar-2024,,1,43.0426,-65.3946,,,,,,,,,3.30,,,,,,,,,,,,,,,,,,,,,,,,,,,0,,,,,,,05:00:00 16-Feb-2024,,,
260358,260358,0.500000,UT,1.00b,,12:10:31 10-Mar-2024,,1,43.0426,-65.3946,,0,,,,,,,,,,,,,,,,,,,,,,,,,,,,,,,,,,0,,,,,,,05:00:00 16-Feb-2024,,,
260358,260358,0.500000,UT,,,12:13:31 10-Mar-2024,,1,43.0426,-65.3946,,,,,,3.450,,,,,,,,,,,,,,,,,,,,,,,,,,,,,,0,,,,,,,05:00:00 16-Feb-2024,,,
260358,260358,0.500000,UT,,,13:03:44 10-Mar-2024,,2,43.0479,-65.4185,,,,,6991,,,,,,,,,,,,,,,,,,,,,,,,,,,,,,,0,,,,,,,05:00:00 16-Feb-2024,,,
260358,260358,0.500000,UT,,,13:04:32 10-Mar-2024,,2,43.0479,-65.4185,,,,,,3.425,,,,,,,,,,,,,,,,,,,,,,,,,,,,,,0,,,,,,,05:00:00 16-Feb-2024,,,
260358,260358,0.500000,UT,,,13:06:11 10-Mar-2024,,2,43.0479,-65.4185,,,,,,,,,,,,,,,,,,,,,,,,,,,,,,,,,,,,0,,,,,,,05:00:00 16-Feb-2024,,,7311
260358,260358,0.500000,UT,,,13:06:56 10-Mar-2024,,2,43.0479,-65.4185,,,,,,,,,3.10,,,,,,,,,,,,,,,,,,,,,,,,,,,0,,,,,,,05:00:00 16-Feb-2024,,,
260358,260358,0.500000,UT,,,13:07:41 10-Mar-2024,,2,43.0479,-65.4185,,,,,6996,,,,,,,,,,,,,,,,,,,,,,,,,,,,,,,0,,,,,,,05:00:00 16-Feb-2024,,,
260358,260358,0.500000,UT,,,13:08:27 10-Mar-2024,,2,43.0479,-65.4185,,,,,,3.375,,,,,,,,,,,,,,,,,,,,,,,,,,,,,,0,,,,,,,05:00:00 16-Feb-2024,,,
260358,260358,0.500000,UT,1.00b,,13:09:13 10-Mar-2024,,2,43.0479,-65.4185,,0,,,,,,,,,,,,,,,,,,,,,,,,,,,,,,,,,,0,,,,,,,05:00:00 16-Feb-2024,,,
260358,260358,0.500000,UT,,,13:09:58 10-Mar-2024,,2,43.0479,-65.4185,,,,,,,,,,,,,,,,,,,,,,,,,,,,,,,,,,,,0,,,,,,,05:00:00 16-Feb-2024,,,7311
260358,260358,0.500000,UT,,,13:11:31 10-Mar-2024,,2,43.0479,-65.4185,,,,,7001,,,,,,,,,,,,,,,,,,,,,,,,,,,,,,,0,,,,,,,05:00:00 16-Feb-2024,,,
260358,260358,0.500000,UT,,,13:12:19 10-Mar-2024,,2,43.0479,-65.4185,,,,,,3.425,,,,,,,,,,,,,,,,,,,,,,,,,,,,,,0,,,,,,,05:00:00 16-Feb-2024,,,
260358,260358,0.500000,UT,,,13:15:57 10-Mar-2024,,3,43.0526,-65.4249,,,,,7006,,,,,,,,,,,,,,,,,,,,,,,,,,,,,,,0,,,,,,,05:00:00 16-Feb-2024,,,
260358,260358,0.500000,UT,,13:17:52 10-Mar-2024,13:16:42 10-Mar-2024,-69,3,43.0526,-65.4249,CRC,,,,7007,3.400,,,3.20,,,,,,,,,,,,,,255,46,255,0,,,,,,,4,,,0,64,,,,,,05:00:00 16-Feb-2024,,,
260358,260358,0.500000,UT,,,13:19:51 10-Mar-2024,,3,43.0526,-65.4249,,,,,,,,,3.05,,,,,,,,,,,,,,,,,,,,,,,,,,,0,,,,,,,05:00:00 16-Feb-2024,,,
260358,260358,0.500000,UT,,,13:20:50 10-Mar-2024,,3,43.0526,-65.4249,,,,,7012,,,,,,,,,,,,,,,,,,,,,,,,,,,,,,,0,,,,,,,05:00:00 16-Feb-2024,,,
260358,260358,0.500000,UT,,,13:21:41 10-Mar-2024,,3,43.0526,-65.4249,,,,,,3.375,,,,,,,,,,,,,,,,,,,,,,,,,,,,,,0,,,,,,,05:00:00 16-Feb-2024,,,
260358,260358,0.500000,UT,1.00b,,13:22:43 10-Mar-2024,,3,43.0526,-65.4249,,0,,,,,,,,,,,,,,,,,,,,,,,,,,,,,,,,,,0,,,,,,,05:00:00 16-Feb-2024,,,
260358,260358,0.500000,UT,,,13:23:28 10-Mar-2024,,3,43.0526,-65.4249,,,,,,,,,,,,,,,,,,,,,,,,,,,,,,,,,,,,0,,,,,,,05:00:00 16-Feb-2024,,,7311
260358,260358,0.500000,UT,,,13:46:32 10-Mar-2024,,A,43.0588,-65.4271,,,,,,,,,,,,,,,,,,,,,,,,,,,,,,,,,,,,0,,,,,,,05:00:00 16-Feb-2024,,,7311
260358,260358,0.500000,UT,,,13:47:17 10-Mar-2024,,A,43.0588,-65.4271,,,,,,,,,3.45,,,,,,,,,,,,,,,,,,,,,,,,,,,0,,,,,,,05:00:00 16-Feb-2024,,,
260358,260358,0.500000,UT,,,13:52:30 10-Mar-2024,,A,43.0588,-65.4271,,,,,7039,,,,,,,,,,,,,,,,,,,,,,,,,,,,,,,0,,,,,,,05:00:00 16-Feb-2024,,,
260358,260358,0.500000,UT,,,14:03:55 10-Mar-2024,,A,43.0433,-65.4689,,,,,,,,,3.65,,,,,,,,,,,,,,,,,,,,,,,,,,,0,,,,,,,05:00:00 16-Feb-2024,,,
260358,260358,0.500000,UT,,,14:10:04 10-Mar-2024,,A,43.0433,-65.4689,,,,,,3.425,,,,,,,,,,,,,,,,,,,,,,,,,,,,,,0,,,,,,,05:00:00 16-Feb-2024,,,
260358,260358,0.500000,UT,1.00b,,14:10:50 10-Mar-2024,,A,43.0433,-65.4689,,0,,,,,,,,,,,,,,,,,,,,,,,,,,,,,,,,,,0,,,,,,,05:00:00 16-Feb-2024,,,
260358,260358,0.500000,UT,1.00b,,14:32:25 10-Mar-2024,,A,43.0530,-65.4387,,0,,,,,,,,,,,,,,,,,,,,,,,,,,,,,,,,,,0,,,,,,,05:00:00 16-Feb-2024,,,
260358,260358,0.500000,UT,,,14:33:10 10-Mar-2024,,A,43.0530,-65.4387,,,,,,,,,,,,,,,,,,,,,,,,,,,,,,,,,,,,0,,,,,,,05:00:00 16-Feb-2024,,,7311
260358,260358,0.500000,UT,,,14:38:48 10-Mar-2024,,A,43.0530,-65.4387,,,,,,,,,3.70,,,,,,,,,,,,,,,,,,,,,,,,,,,0,,,,,,,05:00:00 16-Feb-2024,,,
260358,260358,0.500000,UT,,,14:44:48 10-Mar-2024,,B,43.0519,-65.4366,,,,,,3.425,,,,,,,,,,,,,,,,,,,,,,,,,,,,,,0,,,,,,,05:00:00 16-Feb-2024,,,
260358,260358,0.500000,UT,,,14:51:52 10-Mar-2024,,1,43.0568,-65.4351,,,,,,,,,,,,,,,,,,,,,,,,,,,,,,,,,,,,0,,,,,,,05:00:00 16-Feb-2024,,,7311
260358,260358,0.500000,UT,,,14:57:15 10-Mar-2024,,1,43.0568,-65.4351,,,,,,,,,3.65,,,,,,,,,,,,,,,,,,,,,,,,,,,0,,,,,,,05:00:00 16-Feb-2024,,,
260358,260358,0.500000,UT,,,14:58:00 10-Mar-2024,,1,43.0568,-65.4351,,,,,7061,,,,,,,,,,,,,,,,,,,,,,,,,,,,,,,0,,,,,,,05:00:00 16-Feb-2024,,,
260358,260358,0.500000,UT,,,21:47:37 10-Mar-2024,,2,42.9775,-65.2789,,,,,7073,,,,,,,,,,,,,,,,,,,,,,,,,,,,,,,0,,,,,,,05:00:00 16-Feb-2024,,,
260358,260358,0.500000,UT,,,21:48:28 10-Mar-2024,,2,42.9775,-65.2789,,,,,,3.450,,,,,,,,,,,,,,,,,,,,,,,,,,,,,,0,,,,,,,05:00:00 16-Feb-2024,,,
260358,260358,0.500000,UT,1.00b,,21:49:27 10-Mar-2024,,2,42.9775,-65.2789,,0,,,,,,,,,,,,,,,,,,,,,,,,,,,,,,,,,,0,,,,,,,05:00:00 16-Feb-2024,,,
260358,260358,0.500000,UT,,,21:50:33 10-Mar-2024,,2,42.9775,-65.2789,,,,,,,,,,,,,,,,,,,,,,,,,,,,,,,,,,,,0,,,,,,,05:00:00 16-Feb-2024,,,7311
260358,260358,0.500000,UT,,,21:52:40 10-Mar-2024,,2,42.9775,-65.2789,,,,,,,,,2.55,,,,,,,,,,,,,,,,,,,,,,,,,,,0,,,,,,,05:00:00 16-Feb-2024,,,
260358,260358,0.500000,UT,,,21:55:29 10-Mar-2024,,2,42.9775,-65.2789,,,,,7078,,,,,,,,,,,,,,,,,,,,,,,,,,,,,,,0,,,,,,,05:00:00 16-Feb-2024,,,
260358,260358,0.500000,UT,,,22:47:33 10-Mar-2024,,B,42.9621,-65.2779,,,,,,3.450,,,,,,,,,,,,,,,,,,,,,,,,,,,,,,0,,,,,,,05:00:00 16-Feb-2024,,,
260358,260358,0.500000,UT,1.00b,,22:51:26 10-Mar-2024,,B,42.9621,-65.2779,,0,,,,,,,,,,,,,,,,,,,,,,,,,,,,,,,,,,0,,,,,,,05:00:00 16-Feb-2024,,,
260358,260358,0.500000,UT,,,22:59:21 10-Mar-2024,,B,42.9623,-65.2802,,,,,,,,,,,,,,,,,,,,,,,,,,,,,,,,,,,,0,,,,,,,05:00:00 16-Feb-2024,,,7311
260358,260358,0.500000,UT,,,23:03:14 10-Mar-2024,,A,42.9532,-65.2802,,,,,,,,,2.55,,,,,,,,,,,,,,,,,,,,,,,,,,,0,,,,,,,05:00:00 16-Feb-2024,,,
260358,260358,0.500000,UT,,,23:05:54 10-Mar-2024,,A,42.9532,-65.2802,,,,,7110,,,,,,,,,,,,,,,,,,,,,,,,,,,,,,,0,,,,,,,05:00:00 16-Feb-2024,,,
260358,260358,0.500000,UT,,,23:08:51 10-Mar-2024,,A,42.9532,-65.2802,,,,,,3.450,,,,,,,,,,,,,,,,,,,,,,,,,,,,,,0,,,,,,,05:00:00 16-Feb-2024,,,
260358,260358,0.500000,UT,,,23:26:36 10-Mar-2024,,A,42.9404,-65.2760,,,,,,,,,2.55,,,,,,,,,,,,,,,,,,,,,,,,,,,0,,,,,,,05:00:00 16-Feb-2024,,,
260358,260358,0.500000,UT,,,23:31:12 10-Mar-2024,,A,42.9404,-65.2760,,,,,,3.450,,,,,,,,,,,,,,,,,,,,,,,,,,,,,,0,,,,,,,05:00:00 16-Feb-2024,,,
260358,260358,0.500000,UT,,,23:36:55 10-Mar-2024,,A,42.9404,-65.2760,,,,,,,,,,,,,,,,,,,,,,,,,,,,,,,,,,,,0,,,,,,,05:00:00 16-Feb-2024,,,7311
260358,260358,0.500000,UT,,,23:47:50 10-Mar-2024,,B,42.9339,-65.2799,,,,,,,,,,,,,,,,,,,,,,,,,,,,,,,,,,,,0,,,,,,,05:00:00 16-Feb-2024,,,7311
260358,260358,0.500000,UT,,,00:20:21 11-Mar-2024,,1,42.9210,-65.3043,,,,,,,,,,,,,,,,,,,,,,,,,,,,,,,,,,,,0,,,,,,,05:00:00 16-Feb-2024,,,7311
260358,260358,0.500000,UT,,,00:21:53 11-Mar-2024,,1,42.9210,-65.3043,,,,,7152,,,,,,,,,,,,,,,,,,,,,,,,,,,,,,,0,,,,,,,05:00:00 16-Feb-2024,,,
260358,260358,0.500000,UT,,,00:22:38 11-Mar-2024,,1,42.9210,-65.3043,,,,,,3.400,,,,,,,,,,,,,,,,,,,,,,,,,,,,,,0,,,,,,,05:00:00 16-Feb-2024,,,
260358,260358,0.500000,UT,1.00b,,00:23:27 11-Mar-2024,,A,42.9275,-65.3090,,0,,,,,,,,,,,,,,,,,,,,,,,,,,,,,,,,,,0,,,,,,,05:00:00 16-Feb-2024,,,
260358,260358,0.500000,UT,,,00:30:36 11-Mar-2024,,2,42.9188,-65.3128,,,,,7163,,,,,,,,,,,,,,,,,,,,,,,,,,,,,,,0,,,,,,,05:00:00 16-Feb-2024,,,
260358,260358,0.500000,UT,1.00b,,00:32:11 11-Mar-2024,,2,42.9188,-65.3128,,0,,,,,,,,,,,,,,,,,,,,,,,,,,,,,,,,,,0,,,,,,,05:00:00 16-Feb-2024,,,
260358,260358,0.500000,UT,,,00:33:45 11-Mar-2024,,2,42.9188,-65.3128,,,,,,,,,2.80,,,,,,,,,,,,,,,,,,,,,,,,,,,0,,,,,,,05:00:00 16-Feb-2024,,,
260358,260358,0.500000,UT,,,00:34:30 11-Mar-2024,,2,42.9188,-65.3128,,,,,7168,,,,,,,,,,,,,,,,,,,,,,,,,,,,,,,0,,,,,,,05:00:00 16-Feb-2024,,,
260358,260358,0.500000,UT,,,00:35:15 11-Mar-2024,,2,42.9188,-65.3128,,,,,,3.400,,,,,,,,,,,,,,,,,,,,,,,,,,,,,,0,,,,,,,05:00:00 16-Feb-2024,,,
260358,260358,0.500000,UT,,,00:36:54 11-Mar-2024,,2,42.9188,-65.3128,,,,,,,,,,,,,,,,,,,,,,,,,,,,,,,,,,,,0,,,,,,,05:00:00 16-Feb-2024,,,7311
260358,260358,0.500000,UT,,,00:38:29 11-Mar-2024,,2,42.9188,-65.3128,,,,,7173,,,,,,,,,,,,,,,,,,,,,,,,,,,,,,,0,,,,,,,05:00:00 16-Feb-2024,,,
260358,260358,0.500000,UT,,,00:39:16 11-Mar-2024,,2,42.9188,-65.3128,,,,,,3.350,,,,,,,,,,,,,,,,,,,,,,,,,,,,,,0,,,,,,,05:00:00 16-Feb-2024,,,
260358,260358,0.500000,UT,,,00:41:38 11-Mar-2024,,2,42.9230,-65.3080,,,,,,,,,2.70,,,,,,,,,,,,,,,,,,,,,,,,,,,0,,,,,,,05:00:00 16-Feb-2024,,,
260358,260358,0.500000,UT,,,00:43:59 11-Mar-2024,,2,42.9230,-65.3080,,,,,,3.400,,,,,,,,,,,,,,,,,,,,,,,,,,,,,,0,,,,,,,05:00:00 16-Feb-2024,,,
260358,260358,0.500000,UT,1.00b,,00:44:44 11-Mar-2024,,2,42.9230,-65.3080,,0,,,,,,,,,,,,,,,,,,,,,,,,,,,,,,,,,,0,,,,,,,05:00:00 16-Feb-2024,,,
260358,260358,0.500000,UT,,,11:42:15 11-Mar-2024,,0,42.9132,-65.4354,,,,,,,,,4.30,,,,,,,,,,,,,,,,,,,,,,,,,,,0,,,,,,,05:00:00 16-Feb-2024,,,
260358,260358,0.500000,UT,,,11:43:00 11-Mar-2024,,0,42.9132,-65.4354,,,,,7215,,,,,,,,,,,,,,,,,,,,,,,,,,,,,,,0,,,,,,,05:00:00 16-Feb-2024,,,
260358,260358,0.500000,UT,,,11:49:01 11-Mar-2024,,0,42.9132,-65.4354,,,,,,3.475,,,,,,,,,,,,,,,,,,,,,,,,,,,,,,0,,,,,,,05:00:00 16-Feb-2024,,,
260358,260358,0.500000,UT,1.00b,,11:49:46 11-Mar-2024,,0,42.9132,-65.4354,,0,,,,,,,,,,,,,,,,,,,,,,,,,,,,,,,,,,0,,,,,,,05:00:00 16-Feb-2024,,,
260358,260358,0.500000,UT,,,12:49:53 11-Mar-2024,,B,42.8981,-65.3529,,,,,7237,,,,,,,,,,,,,,,,,,,,,,,,,,,,,,,0,,,,,,,05:00:00 16-Feb-2024,,,
260358,260358,0.500000,UT,,,12:53:52 11-Mar-2024,,B,42.8981,-65.3529,,,,,,,,,,,,,,,,,,,,,,,,,,,,,,,,,,,,0,,,,,,,05:00:00 16-Feb-2024,,,7311
260358,260358,0.500000,UT,1.00b,,13:01:56 11-Mar-2024,,B,42.9333,-65.5010,,0,,,,,,,,,,,,,,,,,,,,,,,,,,,,,,,,,,0,,,,,,,05:00:00 16-Feb-2024,,,
260358,260358,0.500000,UT,,,13:20:16 11-Mar-2024,,B,42.9281,-65.5102,,,,,,,,,4.05,,,,,,,,,,,,,,,,,,,,,,,,,,,0,,,,,,,05:00:00 16-Feb-2024,,,
260358,260358,0.500000,UT,,,13:43:46 11-Mar-2024,,B,42.9250,-65.5095,,,,,,3.450,,,,,,,,,,,,,,,,,,,,,,,,,,,,,,0,,,,,,,05:00:00 16-Feb-2024,,,
260358,260358,0.500000,UT,3.100p,,14:19:31 11-Mar-2024,,1,42.9049,-65.5403,,0,,,,,,,,,,,,,,,,,,,,,,,,,,,,,,,,,,0,,,,,,,05:00:00 16-Feb-2024,,,
260358,260358,0.500000,UT,,,14:20:16 11-Mar-2024,,1,42.9049,-65.5403,,,,,,,,,4.25,,,,,,,,,,,,,,,,,,,,,,,,,,,0,,,,,,,05:00:00 16-Feb-2024,,,
260358,260358,0.500000,UT,,,14:25:15 11-Mar-2024,,1,42.9049,-65.5403,,,,,7280,,,,,,,,,,,,,,,,,,,,,,,,,,,,,,,0,,,,,,,05:00:00 16-Feb-2024,,,
260358,260358,0.500000,UT,,,14:27:12 11-Mar-2024,,1,42.9049,-65.5403,,,,,,3.425,,,,,,,,,,,,,,,,,,,,,,,,,,,,,,0,,,,,,,05:00:00 16-Feb-2024,,,
260358,260358,0.500000,UT,1.00b,,14:32:36 11-Mar-2024,,2,42.9191,-65.5593,,0,,,,,,,,,,,,,,,,,,,,,,,,,,,,,,,,,,0,,,,,,,05:00:00 16-Feb-2024,,,
260358,260358,0.500000,UT,,,14:37:31 11-Mar-2024,,2,42.9191,-65.5593,,,,,,,,,,,,,,,,,,,,,,,,,,,,,,,,,,,,0,,,,,,,05:00:00 16-Feb-2024,,,7311
260358,260358,0.500000,UT,,,14:42:33 11-Mar-2024,,2,42.9191,-65.5593,,,,,,,,,4.10,,,,,,,,,,,,,,,,,,,,,,,,,,,0,,,,,,,05:00:00 16-Feb-2024,,,
260358,260358,0.500000,UT,,,15:27:41 11-Mar-2024,,B,42.9015,-65.5834,,,,,,3.400,,,,,,,,,,,,,,,,,,,,,,,,,,,,,,0,,,,,,,05:00:00 16-Feb-2024,,,
260358,260358,0.500000,UT,1.00b,,16:00:12 11-Mar-2024,,1,42.9219,-65.5773,,0,,,,,,,,,,,,,,,,,,,,,,,,,,,,,,,,,,0,,,,,,,05:00:00 16-Feb-2024,,,
260358,260358,0.500000,UT,,,16:05:07 11-Mar-2024,,1,42.9219,-65.5773,,,,,,,,,,,,,,,,,,,,,,,,,,,,,,,,,,,,0,,,,,,,05:00:00 16-Feb-2024,,,7311
260358,260358,0.500000,UT,,,16:05:52 11-Mar-2024,,1,42.9219,-65.5773,,,,,,,,,4.55,,,,,,,,,,,,,,,,,,,,,,,,,,,0,,,,,,,05:00:00 16-Feb-2024,,,
260358,260358,0.500000,UT,,,16:10:40 11-Mar-2024,,1,42.9219,-65.5773,,,,,7318,,,,,,,,,,,,,,,,,,,,,,,,,,,,,,,0,,,,,,,05:00:00 16-Feb-2024,,,
260358,260358,0.500000,UT,,,16:11:25 11-Mar-2024,,1,42.9219,-65.5773,,,,,,3.425,,,,,,,,,,,,,,,,,,,,,,,,,,,,,,0,,,,,,,05:00:00 16-Feb-2024,,,
260358,260358,0.500000,UT,1.00b,,16:16:04 11-Mar-2024,,B,42.9215,-65.5805,,0,,,,,,,,,,,,,,,,,,,,,,,,,,,,,,,,,,0,,,,,,,05:00:00 16-Feb-2024,,,
260358,260358,0.500000,UT,,,16:16:49 11-Mar-2024,,B,42.9215,-65.5805,,,,,,,,,,,,,,,,,,,,,,,,,,,,,,,,,,,,0,,,,,,,05:00:00 16-Feb-2024,,,7311
260358,260358,0.500000,UT,,,16:21:23 11-Mar-2024,,A,42.9224,-65.5991,,,,,,,,,4.10,,,,,,,,,,,,,,,,,,,,,,,,,,,0,,,,,,,05:00:00 16-Feb-2024,,,
260358,260358,0.500000,UT,,,16:22:08 11-Mar-2024,,A,42.9224,-65.5991,,,,,7323,,,,,,,,,,,,,,,,,,,,,,,,,,,,,,,0,,,,,,,05:00:00 16-Feb-2024,,,
260358,260358,0.500000,UT,,,22:04:50 11-Mar-2024,,B,42.7721,-65.6821,,,,,,,,,,,,,,,,,,,,,,,,,,,,,,,,,,,,0,,,,,,,05:00:00 16-Feb-2024,,,7311
260358,260358,0.500000,UT,1.00b,,22:08:35 11-Mar-2024,,B,42.7721,-65.6821,,0,,,,,,,,,,,,,,,,,,,,,,,,,,,,,,,,,,0,,,,,,,05:00:00 16-Feb-2024,,,
260358,260358,0.500000,UT,,,22:24:47 11-Mar-2024,,3,42.7716,-65.6067,,,,,,,,,,,,,,,,,,,,,,,,,,,,,,,,,,,,0,,,,,,,05:00:00 16-Feb-2024,,,7311
260358,260358,0.500000,UT,,,22:27:13 11-Mar-2024,,3,42.7716,-65.6067,,,,,7365,,,,,,,,,,,,,,,,,,,,,,,,,,,,,,,0,,,,,,,05:00:00 16-Feb-2024,,,
260358,260358,0.500000,UT,,,22:28:15 11-Mar-2024,,3,42.7716,-65.6067,,,,,,3.425,,,,,,,,,,,,,,,,,,,,,,,,,,,,,,0,,,,,,,05:00:00 16-Feb-2024,,,
260358,260358,0.500000,UT,1.00b,,22:31:39 11-Mar-2024,,3,42.7716,-65.6067,,0,,,,,,,,,,,,,,,,,,,,,,,,,,,,,,,,,,0,,,,,,,05:00:00 16-Feb-2024,,,
260358,260358,0.500000,UT,,,22:35:45 11-Mar-2024,,A,42.7697,-65.6080,,,,,,,,,,,,,,,,,,,,,,,,,,,,,,,,,,,,0,,,,,,,05:00:00 16-Feb-2024,,,7311
260358,260358,0.500000,UT,,,22:36:31 11-Mar-2024,,A,42.7697,-65.6080,,,,,,,,,3.20,,,,,,,,,,,,,,,,,,,,,,,,,,,0,,,,,,,05:00:00 16-Feb-2024,,,
260358,260358,0.500000,UT,,,22:59:58 11-Mar-2024,,1,42.7509,-65.6214,,,,,,,,,,,,,,,,,,,,,,,,,,,,,,,,,,,,0,,,,,,,05:00:00 16-Feb-2024,,,7311
260358,260358,0.500000,UT,,,23:03:29 11-Mar-2024,,1,42.7509,-65.6214,,,,,,,,,2.95,,,,,,,,,,,,,,,,,,,,,,,,,,,0,,,,,,,05:00:00 16-Feb-2024,,,
260358,260358,0.500000,UT,,,23:07:04 11-Mar-2024,,1,42.7509,-65.6214,,,,,7380,,,,,,,,,,,,,,,,,,,,,,,,,,,,,,,0,,,,,,,05:00:00 16-Feb-2024,,,
260358,260358,0.500000,UT,,,23:10:38 11-Mar-2024,,1,42.7509,-65.6214,,,,,,3.450,,,,,,,,,,,,,,,,,,,,,,,,,,,,,,0,,,,,,,05:00:00 16-Feb-2024,,,
260358,260358,0.500000,UT,,,00:12:48 12-Mar-2024,,B,42.7316,-65.6405,,,,,7402,,,,,,,,,,,,,,,,,,,,,,,,,,,,,,,0,,,,,,,05:00:00 16-Feb-2024,,,
260358,260358,0.500000,UT,,,00:15:44 12-Mar-2024,,3,42.7155,-65.6717,,,,,,3.450,,,,,,,,,,,,,,,,,,,,,,,,,,,,,,0,,,,,,,05:00:00 16-Feb-2024,,,
260358,260358,0.500000,UT,1.00b,,00:18:40 12-Mar-2024,,3,42.7155,-65.6717,,0,,,,,,,,,,,,,,,,,,,,,,,,,,,,,,,,,,0,,,,,,,05:00:00 16-Feb-2024,,,
260358,260358,0.500000,UT,,,00:21:31 12-Mar-2024,,3,42.7155,-65.6717,,,,,,,,,,,,,,,,,,,,,,,,,,,,,,,,,,,,0,,,,,,,05:00:00 16-Feb-2024,,,7311
260358,260358,0.500000,UT,,,00:24:35 12-Mar-2024,,3,42.7155,-65.6717,,,,,,,,,3.00,,,,,,,,,,,,,,,,,,,,,,,,,,,0,,,,,,,05:00:00 16-Feb-2024,,,
260358,260358,0.500000,UT,,,00:43:49 12-Mar-2024,,B,42.7096,-65.6883,,,,,,3.425,,,,,,,,,,,,,,,,,,,,,,,,,,,,,,0,,,,,,,05:00:00 16-Feb-2024,,,
260358,260358,0.500000,UT,,,00:49:36 12-Mar-2024,,B,42.7096,-65.6883,,,,,7419,,,,,,,,,,,,,,,,,,,,,,,,,,,,,,,0,,,,,,,05:00:00 16-Feb-2024,,,
260358,260358,0.500000,UT,,,01:46:17 12-Mar-2024,,B,42.6946,-65.7064,,,,,,,,,3.30,,,,,,,,,,,,,,,,,,,,,,,,,,,0,,,,,,,05:00:00 16-Feb-2024,,,
260358,260358,0.500000,UT,,,01:49:00 12-Mar-2024,,B,42.6946,-65.7064,,,,,7451,,,,,,,,,,,,,,,,,,,,,,,,,,,,,,,0,,,,,,,05:00:00 16-Feb-2024,,,
260358,260358,0.500000,UT,,,01:57:52 12-Mar-2024,,3,42.6971,-65.7398,,,,,7456,,,,,,,,,,,,,,,,,,,,,,,,,,,,,,,0,,,,,,,05:00:00 16-Feb-2024,,,
260358,260358,0.500000,UT,,,02:01:48 12-Mar-2024,,3,42.6971,-65.7398,,,,,,,,,3.50,,,,,,,,,,,,,,,,,,,,,,,,,,,0,,,,,,,05:00:00 16-Feb-2024,,,
260358,260358,0.500000,UT,,,02:02:34 12-Mar-2024,,3,42.6971,-65.7398,,,,,7462,,,,,,,,,,,,,,,,,,,,,,,,,,,,,,,0,,,,,,,05:00:00 16-Feb-2024,,,
260358,260358,0.500000,UT,,,02:03:19 12-Mar-2024,,3,42.6971,-65.7398,,,,,,3.450,,,,,,,,,,,,,,,,,,,,,,,,,,,,,,0,,,,,,,05:00:00 16-Feb-2024,,,
260358,260358,0.500000,UT,1.00b,,02:04:04 12-Mar-2024,,3,42.6938,-65.7353,,0,,,,,,,,,,,,,,,,,,,,,,,,,,,,,,,,,,0,,,,,,,05:00:00 16-Feb-2024,,,
260358,260358,0.500000,UT,,,02:04:49 12-Mar-2024,,3,42.6971,-65.7398,,,,,,,,,,,,,,,,,,,,,,,,,,,,,,,,,,,,0,,,,,,,05:00:00 16-Feb-2024,,,7311
260358,260358,0.500000,UT,,,02:06:20 12-Mar-2024,,3,42.6971,-65.7398,,,,,7467,,,,,,,,,,,,,,,,,,,,,,,,,,,,,,,0,,,,,,,05:00:00 16-Feb-2024,,,
260358,260358,0.500000,UT,1.00b,,02:07:53 12-Mar-2024,,3,42.6971,-65.7398,,0,,,,,,,,,,,,,,,,,,,,,,,,,,,,,,,,,,0,,,,,,,05:00:00 16-Feb-2024,,,
260358,260358,0.500000,UT,,,11:50:46 12-Mar-2024,,B,42.5087,-65.9083,,,,,,,,,,,,,,,,,,,,,,,,,,,,,,,,,,,,0,,,,,,,05:00:00 16-Feb-2024,,,7311
260358,260358,0.500000,UT,,,12:33:48 12-Mar-2024,,B,42.4725,-65.6316,,,,,,,,,,,,,,,,,,,,,,,,,,,,,,,,,,,,0,,,,,,,05:00:00 16-Feb-2024,,,7311
260358,260358,0.500000,UT,,,12:37:58 12-Mar-2024,,B,42.4725,-65.6316,,,,,,,,,4.20,,,,,,,,,,,,,,,,,,,,,,,,,,,0,,,,,,,05:00:00 16-Feb-2024,,,
260358,260358,0.500000,UT,,,12:38:46 12-Mar-2024,,A,42.4690,-65.6434,,,,,7492,,,,,,,,,,,,,,,,,,,,,,,,,,,,,,,0,,,,,,,05:00:00 16-Feb-2024,,,
260358,260358,0.500000,UT,1.00b,,12:44:15 12-Mar-2024,,A,42.4690,-65.6434,,0,,,,,,,,,,,,,,,,,,,,,,,,,,,,,,,,,,0,,,,,,,05:00:00 16-Feb-2024,,,
260358,260358,0.500000,UT,,,13:22:41 12-Mar-2024,,B,42.4897,-65.6373,,,,,,,,,4.80,,,,,,,,,,,,,,,,,,,,,,,,,,,0,,,,,,,05:00:00 16-Feb-2024,,,
260358,260358,0.500000,UT,,,13:23:26 12-Mar-2024,,B,42.4897,-65.6373,,,,,7509,,,,,,,,,,,,,,,,,,,,,,,,,,,,,,,0,,,,,,,05:00:00 16-Feb-2024,,,
260358,260358,0.500000,UT,,,14:05:44 12-Mar-2024,,1,42.4929,-65.6723,,,,,,3.450,,,,,,,,,,,,,,,,,,,,,,,,,,,,,,0,,,,,,,05:00:00 16-Feb-2024,,,
260358,260358,0.500000,UT,1.00b,,14:10:13 12-Mar-2024,,1,42.4929,-65.6723,,0,,,,,,,,,,,,,,,,,,,,,,,,,,,,,,,,,,0,,,,,,,05:00:00 16-Feb-2024,,,
260358,260358,0.500000,UT,,,14:10:58 12-Mar-2024,,1,42.4929,-65.6723,,,,,,,,,,,,,,,,,,,,,,,,,,,,,,,,,,,,0,,,,,,,05:00:00 16-Feb-2024,,,7311
260358,260358,0.500000,UT,,,14:14:52 12-Mar-2024,,1,42.4929,-65.6723,,,,,,,,,4.65,,,,,,,,,,,,,,,,,,,,,,,,,,,0,,,,,,,05:00:00 16-Feb-2024,,,
260358,260358,0.500000,UT,,,14:19:20 12-Mar-2024,,A,42.4957,-65.6948,,,,,7530,,,,,,,,,,,,,,,,,,,,,,,,,,,,,,,0,,,,,,,05:00:00 16-Feb-2024,,,
260358,260358,0.500000,UT,,,14:24:16 12-Mar-2024,,B,42.4942,-65.6951,,,,,,3.450,,,,,,,,,,,,,,,,,,,,,,,,,,,,,,0,,,,,,,05:00:00 16-Feb-2024,,,
260358,260358,0.500000,UT,,,15:07:04 12-Mar-2024,,B,42.4921,-65.7077,,,,,,3.425,,,,,,,,,,,,,,,,,,,,,,,,,,,,,,0,,,,,,,05:00:00 16-Feb-2024,,,
260358,260358,0.500000,UT,,,15:36:30 12-Mar-2024,,B,42.5060,-65.7265,,,,,,,,,3.25,,,,,,,,,,,,,,,,,,,,,,,,,,,0,,,,,,,05:00:00 16-Feb-2024,,,
260358,260358,0.500000,UT,,,15:41:27 12-Mar-2024,,B,42.5060,-65.7265,,,,,7552,,,,,,,,,,,,,,,,,,,,,,,,,,,,,,,0,,,,,,,05:00:00 16-Feb-2024,,,
260358,260358,0.500000,UT,1.00b,,15:47:15 12-Mar-2024,,A,42.4826,-65.7186,,0,,,,,,,,,,,,,,,,,,,,,,,,,,,,,,,,,,0,,,,,,,05:00:00 16-Feb-2024,,,
260358,260358,0.500000,UT,,,15:51:39 12-Mar-2024,,A,42.4826,-65.7186,,,,,,,,,,,,,,,,,,,,,,,,,,,,,,,,,,,,0,,,,,,,05:00:00 16-Feb-2024,,,7311
260358,260358,0.500000,UT,,,15:52:24 12-Mar-2024,,A,42.4826,-65.7186,,,,,,,,,4.35,,,,,,,,,,,,,,,,,,,,,,,,,,,0,,,,,,,05:00:00 16-Feb-2024,,,
260358,260358,0.500000,UT,,,16:03:30 12-Mar-2024,,B,42.4880,-65.7281,,,,,,,,,,,,,,,,,,,,,,,,,,,,,,,,,,,,0,,,,,,,05:00:00 16-Feb-2024,,,7311
260358,260358,0.500000,UT,,,16:05:19 12-Mar-2024,,B,42.4880,-65.7281,,,,,,,,,3.25,,,,,,,,,,,,,,,,,,,,,,,,,,,0,,,,,,,05:00:00 16-Feb-2024,,,
260358,260358,0.500000,UT,,,21:58:27 12-Mar-2024,,A,42.3732,-65.8179,,,,,,3.475,,,,,,,,,,,,,,,,,,,,,,,,,,,,,,0,,,,,,,05:00:00 16-Feb-2024,,,
260358,260358,0.500000,UT,1.00b,,22:03:33 12-Mar-2024,,A,42.3732,-65.8179,,0,,,,,,,,,,,,,,,,,,,,,,,,,,,,,,,,,,0,,,,,,,05:00:00 16-Feb-2024,,,
260358,260358,0.500000,UT,,,22:08:45 12-Mar-2024,,A,42.3732,-65.8179,,,,,,,,,,,,,,,,,,,,,,,,,,,,,,,,,,,,0,,,,,,,05:00:00 16-Feb-2024,,,7311
260358,260358,0.500000,UT,,,22:34:06 12-Mar-2024,,A,42.3351,-65.8303,,,,,,,,,5.15,,,,,,,,,,,,,,,,,,,,,,,,,,,0,,,,,,,05:00:00 16-Feb-2024,,,
260358,260358,0.500000,UT,,,22:35:47 12-Mar-2024,,A,42.3351,-65.8303,,,,,7604,,,,,,,,,,,,,,,,,,,,,,,,,,,,,,,0,,,,,,,05:00:00 16-Feb-2024,,,
260358,260358,0.500000,UT,,,22:39:07 12-Mar-2024,,A,42.3351,-65.8303,,,,,,3.475,,,,,,,,,,,,,,,,,,,,,,,,,,,,,,0,,,,,,,05:00:00 16-Feb-2024,,,
260358,260358,0.500000,UT,,,23:00:47 12-Mar-2024,,B,42.3244,-65.8438,,,,,,3.450,,,,,,,,,,,,,,,,,,,,,,,,,,,,,,0,,,,,,,05:00:00 16-Feb-2024,,,
260358,260358,0.500000,UT,,,23:38:46 12-Mar-2024,,B,42.3315,-65.8060,,,,,7620,,,,,,,,,,,,,,,,,,,,,,,,,,,,,,,0,,,,,,,05:00:00 16-Feb-2024,,,
260358,260358,0.500000,UT,,,23:41:16 12-Mar-2024,,B,42.3315,-65.8060,,,,,,3.450,,,,,,,,,,,,,,,,,,,,,,,,,,,,,,0,,,,,,,05:00:00 16-Feb-2024,,,
260358,260358,0.500000,UT,1.00b,,23:43:48 12-Mar-2024,,A,42.3343,-65.8067,,0,,,,,,,,,,,,,,,,,,,,,,,,,,,,,,,,,,0,,,,,,,05:00:00 16-Feb-2024,,,
260358,260358,0.500000,UT,,,23:45:19 12-Mar-2024,,A,42.3343,-65.8067,,,,,,,,,,,,,,,,,,,,,,,,,,,,,,,,,,,,0,,,,,,,05:00:00 16-Feb-2024,,,7311
260358,260358,0.500000,UT,,,23:47:24 12-Mar-2024,,A,42.3343,-65.8067,,,,,,,,,3.05,,,,,,,,,,,,,,,,,,,,,,,,,,,0,,,,,,,05:00:00 16-Feb-2024,,,
260358,260358,0.500000,UT,,,23:56:11 12-Mar-2024,,B,42.3372,-65.8136,,,,,,,,,3.05,,,,,,,,,,,,,,,,,,,,,,,,,,,0,,,,,,,05:00:00 16-Feb-2024,,,
260358,260358,0.500000,UT,,,00:10:19 13-Mar-2024,,2,42.3334,-65.8364,,,,,,,,,,,,,,,,,,,,,,,,,,,,,,,,,,,,0,,,,,,,05:00:00 16-Feb-2024,,,7311
260358,260358,0.500000,UT,,,00:14:00 13-Mar-2024,,2,42.3334,-65.8364,,,,,,3.450,,,,,,,,,,,,,,,,,,,,,,,,,,,,,,0,,,,,,,05:00:00 16-Feb-2024,,,
260358,260358,0.500000,UT,1.00b,,00:16:05 13-Mar-2024,,2,42.3334,-65.8364,,0,,,,,,,,,,,,,,,,,,,,,,,,,,,,,,,,,,0,,,,,,,05:00:00 16-Feb-2024,,,
260358,260358,0.500000,UT,,,00:26:38 13-Mar-2024,,B,42.3299,-65.8409,,,,,,,,,3.20,,,,,,,,,,,,,,,,,,,,,,,,,,,0,,,,,,,05:00:00 16-Feb-2024,,,
260358,260358,0.500000,UT,,,00:45:44 13-Mar-2024,,B,42.3230,-65.8485,,,,,7659,,,,,,,,,,,,,,,,,,,,,,,,,,,,,,,0,,,,,,,05:00:00 16-Feb-2024,,,
260358,260358,0.500000,UT,,,01:37:35 13-Mar-2024,,A,42.3419,-65.8144,,,,,,,,,,,,,,,,,,,,,,,,,,,,,,,,,,,,0,,,,,,,05:00:00 16-Feb-2024,,,7311
260358,260358,0.500000,UT,,,12:27:36 13-Mar-2024,,A,42.3726,-66.1202,,,,,,3.475,,,,,,,,,,,,,,,,,,,,,,,,,,,,,,0,,,,,,,05:00:00 16-Feb-2024,,,
260358,260358,0.500000,UT,1.00b,,12:30:20 13-Mar-2024,,A,42.3726,-66.1202,,0,,,,,,,,,,,,,,,,,,,,,,,,,,,,,,,,,,0,,,,,,,05:00:00 16-Feb-2024,,,
260358,260358,0.500000,UT,,,12:33:25 13-Mar-2024,,A,42.3726,-66.1202,,,,,,,,,,,,,,,,,,,,,,,,,,,,,,,,,,,,0,,,,,,,05:00:00 16-Feb-2024,,,7311
260358,260358,0.500000,UT,,,12:39:18 13-Mar-2024,,B,42.3679,-66.1249,,,,,7731,,,,,,,,,,,,,,,,,,,,,,,,,,,,,,,0,,,,,,,05:00:00 16-Feb-2024,,,
260358,260358,0.500000,UT,1.00b,,12:59:31 13-Mar-2024,,B,42.3711,-66.1287,,0,,,,,,,,,,,,,,,,,,,,,,,,,,,,,,,,,,0,,,,,,,05:00:00 16-Feb-2024,,,
260358,260358,0.500000,UT,,,14:01:34 13-Mar-2024,,A,42.3971,-66.2178,,,,,,,,,3.90,,,,,,,,,,,,,,,,,,,,,,,,,,,0,,,,,,,05:00:00 16-Feb-2024,,,
260358,260358,0.500000,UT,,,14:10:35 13-Mar-2024,,1,42.4063,-66.2324,,,,,,,,,3.90,,,,,,,,,,,,,,,,,,,,,,,,,,,0,,,,,,,05:00:00 16-Feb-2024,,,
260358,260358,0.500000,UT,,,14:12:54 13-Mar-2024,,1,42.4063,-66.2324,,,,,7765,,,,,,,,,,,,,,,,,,,,,,,,,,,,,,,0,,,,,,,05:00:00 16-Feb-2024,,,
260358,260358,0.500000,UT,,,14:14:51 13-Mar-2024,,1,42.4063,-66.2324,,,,,,3.450,,,,,,,,,,,,,,,,,,,,,,,,,,,,,,0,,,,,,,05:00:00 16-Feb-2024,,,
260358,260358,0.500000,UT,1.00b,,14:38:53 13-Mar-2024,,1,42.4062,-66.2493,,0,,,,,,,,,,,,,,,,,,,,,,,,,,,,,,,,,,0,,,,,,,05:00:00 16-Feb-2024,,,
260358,260358,0.500000,UT,,,14:42:12 13-Mar-2024,,1,42.4062,-66.2493,,,,,,,,,,,,,,,,,,,,,,,,,,,,,,,,,,,,0,,,,,,,05:00:00 16-Feb-2024,,,7311
260358,260358,0.500000,UT,,,14:47:52 13-Mar-2024,,1,42.4062,-66.2493,,,,,,,,,4.10,,,,,,,,,,,,,,,,,,,,,,,,,,,0,,,,,,,05:00:00 16-Feb-2024,,,
260358,260358,0.500000,UT,,,14:50:36 13-Mar-2024,,1,42.4062,-66.2493,,,,,7781,,,,,,,,,,,,,,,,,,,,,,,,,,,,,,,0,,,,,,,05:00:00 16-Feb-2024,,,
260358,260358,0.500000,UT,,,15:31:41 13-Mar-2024,,2,42.4218,-66.3339,,,,,7797,,,,,,,,,,,,,,,,,,,,,,,,,,,,,,,0,,,,,,,05:00:00 16-Feb-2024,,,
260358,260358,0.500000,UT,,,15:33:13 13-Mar-2024,,2,42.4218,-66.3339,,,,,,3.425,,,,,,,,,,,,,,,,,,,,,,,,,,,,,,0,,,,,,,05:00:00 16-Feb-2024,,,
260358,260358,0.500000,UT,1.00b,,15:35:10 13-Mar-2024,,2,42.4218,-66.3339,,0,,,,,,,,,,,,,,,,,,,,,,,,,,,,,,,,,,0,,,,,,,05:00:00 16-Feb-2024,,,
260358,260358,0.500000,UT,,,15:37:08 13-Mar-2024,,2,42.4218,-66.3339,,,,,,,,,,,,,,,,,,,,,,,,,,,,,,,,,,,,0,,,,,,,05:00:00 16-Feb-2024,,,7311
260358,260358,0.500000,UT,,,15:39:48 13-Mar-2024,,2,42.4218,-66.3339,,,,,,,,,4.50,,,,,,,,,,,,,,,,,,,,,,,,,,,0,,,,,,,05:00:00 16-Feb-2024,,,
260358,260358,0.500000,UT,,,15:41:07 13-Mar-2024,,2,42.4218,-66.3339,,,,,7802,,,,,,,,,,,,,,,,,,,,,,,,,,,,,,,0,,,,,,,05:00:00 16-Feb-2024,,,
260358,260358,0.500000,UT,,,15:44:01 13-Mar-2024,,1,42.4234,-66.3232,,,,,,3.450,,,,,,,,,,,,,,,,,,,,,,,,,,,,,,0,,,,,,,05:00:00 16-Feb-2024,,,
260358,260358,0.500000,UT,1.00b,,15:45:33 13-Mar-2024,,1,42.4234,-66.3232,,0,,,,,,,,,,,,,,,,,,,,,,,,,,,,,,,,,,0,,,,,,,05:00:00 16-Feb-2024,,,
260358,260358,0.500000,UT,,,15:49:48 13-Mar-2024,,B,42.4291,-66.3530,,,,,,,,,4.70,,,,,,,,,,,,,,,,,,,,,,,,,,,0,,,,,,,05:00:00 16-Feb-2024,,,
260358,260358,0.500000,UT,,15:54:49 13-Mar-2024,15:53:34 13-Mar-2024,-74,B,42.4291,-66.3530,CRC,,,,7807,3.425,,,4.30,,,,,,,,,,,,,,156,42,255,0,,,,,,,0,,,0,85,,,,,,05:00:00 16-Feb-2024,,,
260358,260358,0.500000,UT,,,16:31:17 13-Mar-2024,,B,42.4243,-66.4029,,,,,7818,,,,,,,,,,,,,,,,,,,,,,,,,,,,,,,0,,,,,,,05:00:00 16-Feb-2024,,,
260358,260358,0.500000,UT,1.00b,,22:12:44 13-Mar-2024,,B,42.4333,-66.7548,,0,,,,,,,,,,,,,,,,,,,,,,,,,,,,,,,,,,0,,,,,,,05:00:00 16-Feb-2024,,,
260358,260358,0.500000,UT,,,22:18:41 13-Mar-2024,,B,42.4333,-66.7548,,,,,,,,,4.70,,,,,,,,,,,,,,,,,,,,,,,,,,,0,,,,,,,05:00:00 16-Feb-2024,,,
260358,260358,0.500000,UT,,,23:08:49 13-Mar-2024,,A,42.3762,-66.6897,,,,,,,,,,,,,,,,,,,,,,,,,,,,,,,,,,,,0,,,,,,,05:00:00 16-Feb-2024,,,7311
260358,260358,0.500000,UT,,,23:12:58 13-Mar-2024,,A,42.3762,-66.6897,,,,,,,,,3.90,,,,,,,,,,,,,,,,,,,,,,,,,,,0,,,,,,,05:00:00 16-Feb-2024,,,
260358,260358,0.500000,UT,,,23:14:28 13-Mar-2024,,A,42.3762,-66.6897,,,,,7860,,,,,,,,,,,,,,,,,,,,,,,,,,,,,,,0,,,,,,,05:00:00 16-Feb-2024,,,
260358,260358,0.500000,UT,,,23:16:12 13-Mar-2024,,B,42.3762,-66.6900,,,,,,3.525,,,,,,,,,,,,,,,,,,,,,,,,,,,,,,0,,,,,,,05:00:00 16-Feb-2024,,,
260358,260358,0.500000,UT,,,23:38:24 13-Mar-2024,,B,42.3755,-66.7076,,,,,,,,,,,,,,,,,,,,,,,,,,,,,,,,,,,,0,,,,,,,05:00:00 16-Feb-2024,,,7311
260358,260358,0.500000,UT,,,23:52:54 13-Mar-2024,,A,42.3834,-66.6935,,,,,,,,,,,,,,,,,,,,,,,,,,,,,,,,,,,,0,,,,,,,05:00:00 16-Feb-2024,,,7311
260358,260358,0.500000,UT,,,23:55:47 13-Mar-2024,,A,42.3834,-66.6935,,,,,,,,,3.70,,,,,,,,,,,,,,,,,,,,,,,,,,,0,,,,,,,05:00:00 16-Feb-2024,,,
260358,260358,0.500000,UT,,,00:27:31 14-Mar-2024,,B,42.3806,-66.7244,,,,,,,,,3.85,,,,,,,,,,,,,,,,,,,,,,,,,,,0,,,,,,,05:00:00 16-Feb-2024,,,
260358,260358,0.500000,UT,1.00b,,01:19:24 14-Mar-2024,,B,42.3867,-66.7504,,0,,,,,,,,,,,,,,,,,,,,,,,,,,,,,,,,,,0,,,,,,,05:00:00 16-Feb-2024,,,
260358,260358,0.500000,UT,,01:25:37 14-Mar-2024,01:24:22 14-Mar-2024,-74,B,42.3903,-66.7456,CRC,,,,7907,3.475,,,3.70,,,,,,,,,,,,,,255,41,255,0,,,,,,,8,,,0,96,,,,,,05:00:00 16-Feb-2024,,,
260358,260358,0.500000,UT,,,02:04:54 14-Mar-2024,,B,42.3907,-66.7802,,,,,,3.450,,,,,,,,,,,,,,,,,,,,,,,,,,,,,,0,,,,,,,05:00:00 16-Feb-2024,,,
260358,260358,0.500000,UT,1.00b,,12:06:44 14-Mar-2024,,B,42.4321,-67.2160,,0,,,,,,,,,,,,,,,,,,,,,,,,,,,,,,,,,,0,,,,,,,05:00:00 16-Feb-2024,,,
260358,260358,0.500000,UT,,,12:11:09 14-Mar-2024,,1,42.4162,-67.0323,,,,,,,,,,,,,,,,,,,,,,,,,,,,,,,,,,,,0,,,,,,,05:00:00 16-Feb-2024,,,7311
260358,260358,0.500000,UT,,,12:13:36 14-Mar-2024,,1,42.4162,-67.0323,,,,,,,,,4.20,,,,,,,,,,,,,,,,,,,,,,,,,,,0,,,,,,,05:00:00 16-Feb-2024,,,
260358,260358,0.500000,UT,,,12:16:53 14-Mar-2024,,B,42.4159,-67.0298,,,,,16140,,,,,,,,,,,,,,,,,,,,,,,,,,,,,,,0,,,,,,,05:00:00 16-Feb-2024,,,
260358,260358,0.500000,UT,1.00b,,13:32:47 14-Mar-2024,,B,42.4161,-67.0750,,0,,,,,,,,,,,,,,,,,,,,,,,,,,,,,,,,,,0,,,,,,,05:00:00 16-Feb-2024,,,
260358,260358,0.500000,UT,,,13:40:37 14-Mar-2024,,B,42.4161,-67.0750,,,,,7975,,,,,,,,,,,,,,,,,,,,,,,,,,,,,,,0,,,,,,,05:00:00 16-Feb-2024,,,
260358,260358,0.500000,UT,,,13:57:58 14-Mar-2024,,1,42.4318,-67.1075,,,,,,,,,3.85,,,,,,,,,,,,,,,,,,,,,,,,,,,0,,,,,,,05:00:00 16-Feb-2024,,,
260358,260358,0.500000,UT,,,13:59:19 14-Mar-2024,,1,42.4318,-67.1075,,,,,7981,,,,,,,,,,,,,,,,,,,,,,,,,,,,,,,0,,,,,,,05:00:00 16-Feb-2024,,,
260358,260358,0.500000,UT,,14:05:50 14-Mar-2024,14:04:34 14-Mar-2024,-75,1,42.4318,-67.1075,CRC,,,,7982,3.475,,,4.55,,,,,,,,,,,,,,255,41,255,0,,,,,,,3,,,0,76,,,,,,05:00:00 16-Feb-2024,,,
260358,260358,0.500000,UT,,,14:05:19 14-Mar-2024,,1,42.4318,-67.1075,,,,,,3.475,,,,,,,,,,,,,,,,,,,,,,,,,,,,,,0,,,,,,,05:00:00 16-Feb-2024,,,
260358,260358,0.500000,UT,,,15:09:57 14-Mar-2024,,2,42.4142,-67.1445,,,,,,3.450,,,,,,,,,,,,,,,,,,,,,,,,,,,,,,0,,,,,,,05:00:00 16-Feb-2024,,,
260358,260358,0.500000,UT,1.00b,,15:11:38 14-Mar-2024,,2,42.4142,-67.1445,,0,,,,,,,,,,,,,,,,,,,,,,,,,,,,,,,,,,0,,,,,,,05:00:00 16-Feb-2024,,,
260358,260358,0.500000,UT,,,15:13:40 14-Mar-2024,,2,42.4142,-67.1445,,,,,,,,,,,,,,,,,,,,,,,,,,,,,,,,,,,,0,,,,,,,05:00:00 16-Feb-2024,,,7311
260358,260358,0.500000,UT,,,15:19:38 14-Mar-2024,,2,42.4142,-67.1445,,,,,8020,,,,,,,,,,,,,,,,,,,,,,,,,,,,,,,0,,,,,,,05:00:00 16-Feb-2024,,,
260358,260358,0.500000,UT,,,15:20:35 14-Mar-2024,,2,42.4142,-67.1445,,,,,,3.450,,,,,,,,,,,,,,,,,,,,,,,,,,,,,,0,,,,,,,05:00:00 16-Feb-2024,,,
260358,260358,0.500000,UT,1.00b,,15:21:20 14-Mar-2024,,2,42.4142,-67.1445,,0,,,,,,,,,,,,,,,,,,,,,,,,,,,,,,,,,,0,,,,,,,05:00:00 16-Feb-2024,,,
260358,260358,0.500000,UT,,,15:26:08 14-Mar-2024,,1,42.4053,-67.1624,,,,,,,,,,,,,,,,,,,,,,,,,,,,,,,,,,,,0,,,,,,,05:00:00 16-Feb-2024,,,7311
260358,260358,0.500000,UT,,,15:26:53 14-Mar-2024,,1,42.4053,-67.1624,,,,,,,,,5.30,,,,,,,,,,,,,,,,,,,,,,,,,,,0,,,,,,,05:00:00 16-Feb-2024,,,
260358,260358,0.500000,UT,,,15:28:05 14-Mar-2024,,1,42.4053,-67.1624,,,,,8025,,,,,,,,,,,,,,,,,,,,,,,,,,,,,,,0,,,,,,,05:00:00 16-Feb-2024,,,
260358,260358,0.500000,UT,,,15:29:33 14-Mar-2024,,1,42.4053,-67.1624,,,,,,3.425,,,,,,,,,,,,,,,,,,,,,,,,,,,,,,0,,,,,,,05:00:00 16-Feb-2024,,,
260358,260358,0.500000,UT,,,15:37:16 14-Mar-2024,,A,42.4061,-67.1965,,,,,,,,,,,,,,,,,,,,,,,,,,,,,,,,,,,,0,,,,,,,05:00:00 16-Feb-2024,,,7311
260358,260358,0.500000,UT,,,15:40:30 14-Mar-2024,,A,42.4061,-67.1965,,,,,8030,,,,,,,,,,,,,,,,,,,,,,,,,,,,,,,0,,,,,,,05:00:00 16-Feb-2024,,,
260358,260358,0.500000,UT,,15:43:25 14-Mar-2024,15:42:09 14-Mar-2024,-75,3,42.4155,-67.1903,CRC,,,,8032,3.450,,,4.55,,,,,,,,,,,,,,255,41,255,0,,,,,,,1,,,0,92,,,,,,05:00:00 16-Feb-2024,,,
260358,260358,0.500000,UT,1.00b,,15:44:08 14-Mar-2024,,A,42.4061,-67.1965,,0,,,,,,,,,,,,,,,,,,,,,,,,,,,,,,,,,,0,,,,,,,05:00:00 16-Feb-2024,,,
260358,260358,0.500000,UT,,,15:45:03 14-Mar-2024,,3,42.4155,-67.1903,,,,,,,,,,,,,,,,,,,,,,,,,,,,,,,,,,,,0,,,,,,,05:00:00 16-Feb-2024,,,7311
260358,260358,0.500000,UT,,,15:46:09 14-Mar-2024,,3,42.4155,-67.1903,,,,,,,,,4.80,,,,,,,,,,,,,,,,,,,,,,,,,,,0,,,,,,,05:00:00 16-Feb-2024,,,
260358,260358,0.500000,UT,,,15:47:19 14-Mar-2024,,3,42.4155,-67.1903,,,,,8036,,,,,,,,,,,,,,,,,,,,,,,,,,,,,,,0,,,,,,,05:00:00 16-Feb-2024,,,
260358,260358,0.500000,UT,,,16:54:53 14-Mar-2024,,B,42.4048,-67.2544,,,,,,,,,,,,,,,,,,,,,,,,,,,,,,,,,,,,0,,,,,,,05:00:00 16-Feb-2024,,,7311
260358,260358,0.500000,UT,1.00b,,21:36:26 14-Mar-2024,,3,42.3985,-67.5000,,0,,,,,,,,,,,,,,,,,,,,,,,,,,,,,,,,,,0,,,,,,,05:00:00 16-Feb-2024,,,
260358,260358,0.500000,UT,,,21:38:38 14-Mar-2024,,3,42.3985,-67.5000,,,,,,,,,,,,,,,,,,,,,,,,,,,,,,,,,,,,0,,,,,,,05:00:00 16-Feb-2024,,,7311
260358,260358,0.500000,UT,,,21:41:34 14-Mar-2024,,3,42.3985,-67.5000,,,,,,,,,5.10,,,,,,,,,,,,,,,,,,,,,,,,,,,0,,,,,,,05:00:00 16-Feb-2024,,,
260358,260358,0.500000,UT,,,21:43:40 14-Mar-2024,,3,42.3985,-67.5000,,,,,8073,,,,,,,,,,,,,,,,,,,,,,,,,,,,,,,0,,,,,,,05:00:00 16-Feb-2024,,,
260358,260358,0.500000,UT,,,21:45:50 14-Mar-2024,,3,42.3985,-67.5000,,,,,,3.475,,,,,,,,,,,,,,,,,,,,,,,,,,,,,,0,,,,,,,05:00:00 16-Feb-2024,,,
260358,260358,0.500000,UT,1.00b,,21:47:50 14-Mar-2024,,B,42.3985,-67.5069,,0,,,,,,,,,,,,,,,,,,,,,,,,,,,,,,,,,,0,,,,,,,05:00:00 16-Feb-2024,,,
260358,260358,0.500000,UT,,,21:48:36 14-Mar-2024,,B,42.3985,-67.5069,,,,,,,,,,,,,,,,,,,,,,,,,,,,,,,,,,,,0,,,,,,,05:00:00 16-Feb-2024,,,7311
260358,260358,0.500000,UT,1.00b,,22:40:32 14-Mar-2024,,B,42.4022,-67.5455,,0,,,,,,,,,,,,,,,,,,,,,,,,,,,,,,,,,,0,,,,,,,05:00:00 16-Feb-2024,,,
260358,260358,0.500000,UT,,,22:45:08 14-Mar-2024,,B,42.4022,-67.5455,,,,,,,,,,,,,,,,,,,,,,,,,,,,,,,,,,,,0,,,,,,,05:00:00 16-Feb-2024,,,7311
260358,260358,0.500000,UT,,,22:53:45 14-Mar-2024,,B,42.4031,-67.5445,,,,,8099,,,,,,,,,,,,,,,,,,,,,,,,,,,,,,,0,,,,,,,05:00:00 16-Feb-2024,,,
260358,260358,0.500000,UT,,,22:57:05 14-Mar-2024,,B,42.4031,-67.5445,,,,,,3.475,,,,,,,,,,,,,,,,,,,,,,,,,,,,,,0,,,,,,,05:00:00 16-Feb-2024,,,
260358,260358,0.500000,UT,,,23:27:16 14-Mar-2024,,B,42.4031,-67.5496,,,,,,,,,,,,,,,,,,,,,,,,,,,,,,,,,,,,0,,,,,,,05:00:00 16-Feb-2024,,,7311
260358,260358,0.500000,UT,,,00:15:12 15-Mar-2024,,2,42.4098,-67.5554,,,,,8126,,,,,,,,,,,,,,,,,,,,,,,,,,,,,,,0,,,,,,,05:00:00 16-Feb-2024,,,
260358,260358,0.500000,UT,1.00b,,00:19:52 15-Mar-2024,,2,42.4098,-67.5554,,0,,,,,,,,,,,,,,,,,,,,,,,,,,,,,,,,,,0,,,,,,,05:00:00 16-Feb-2024,,,
260358,260358,0.500000,UT,,,00:21:44 15-Mar-2024,,2,42.4098,-67.5554,,,,,,,,,,,,,,,,,,,,,,,,,,,,,,,,,,,,0,,,,,,,05:00:00 16-Feb-2024,,,7311
260358,260358,0.500000,UT,,,00:23:12 15-Mar-2024,,2,42.4098,-67.5554,,,,,,,,,4.65,,,,,,,,,,,,,,,,,,,,,,,,,,,0,,,,,,,05:00:00 16-Feb-2024,,,
260358,260358,0.500000,UT,,,00:52:17 15-Mar-2024,,2,42.4151,-67.5799,,,,,,,,,4.30,,,,,,,,,,,,,,,,,,,,,,,,,,,0,,,,,,,05:00:00 16-Feb-2024,,,
260358,260358,0.500000,UT,,,00:54:57 15-Mar-2024,,2,42.4151,-67.5799,,,,,8143,,,,,,,,,,,,,,,,,,,,,,,,,,,,,,,0,,,,,,,05:00:00 16-Feb-2024,,,
260358,260358,0.500000,UT,1.00b,,00:59:41 15-Mar-2024,,2,42.4151,-67.5799,,0,,,,,,,,,,,,,,,,,,,,,,,,,,,,,,,,,,0,,,,,,,05:00:00 16-Feb-2024,,,
260358,260358,0.500000,UT,,,01:01:36 15-Mar-2024,,2,42.4151,-67.5799,,,,,,,,,,,,,,,,,,,,,,,,,,,,,,,,,,,,0,,,,,,,05:00:00 16-Feb-2024,,,7311
260358,260358,0.500000,UT,,,01:06:27 15-Mar-2024,,A,42.4203,-67.5874,,,,,8148,,,,,,,,,,,,,,,,,,,,,,,,,,,,,,,0,,,,,,,05:00:00 16-Feb-2024,,,
260358,260358,0.500000,UT,1.00b,,01:09:36 15-Mar-2024,,2,42.4154,-67.5851,,0,,,,,,,,,,,,,,,,,,,,,,,,,,,,,,,,,,0,,,,,,,05:00:00 16-Feb-2024,,,
260358,260358,0.500000,UT,,,01:11:03 15-Mar-2024,,A,42.4203,-67.5874,,,,,,,,,,,,,,,,,,,,,,,,,,,,,,,,,,,,0,,,,,,,05:00:00 16-Feb-2024,,,7311
260358,260358,0.500000,UT,,,01:12:54 15-Mar-2024,,A,42.4203,-67.5874,,,,,,,,,4.45,,,,,,,,,,,,,,,,,,,,,,,,,,,0,,,,,,,05:00:00 16-Feb-2024,,,
260358,260358,0.500000,UT,,,01:14:47 15-Mar-2024,,2,42.4154,-67.5851,,,,,8153,,,,,,,,,,,,,,,,,,,,,,,,,,,,,,,0,,,,,,,05:00:00 16-Feb-2024,,,
260358,260358,0.500000,UT,,,01:18:50 15-Mar-2024,,2,42.4154,-67.5851,,,,,,,,,,,,,,,,,,,,,,,,,,,,,,,,,,,,0,,,,,,,05:00:00 16-Feb-2024,,,7311
260358,260358,0.500000,UT,,01:22:24 15-Mar-2024,01:21:07 15-Mar-2024,-76,3,42.4136,-67.5934,CRC,,,,8157,3.450,,,4.35,,,,,,,,,,,,,,255,41,255,0,,,,,,,8,,,0,86,,,,,,05:00:00 16-Feb-2024,,,
260358,260358,0.500000,UT,,,01:22:00 15-Mar-2024,,3,42.4136,-67.5934,,,,,,,,,4.40,,,,,,,,,,,,,,,,,,,,,,,,,,,0,,,,,,,05:00:00 16-Feb-2024,,,
260358,260358,0.500000,UT,,,01:22:53 15-Mar-2024,,3,42.4136,-67.5934,,,,,8159,,,,,,,,,,,,,,,,,,,,,,,,,,,,,,,0,,,,,,,05:00:00 16-Feb-2024,,,
260358,260358,0.500000,UT,1.00b,,01:24:39 15-Mar-2024,,3,42.4136,-67.5934,,0,,,,,,,,,,,,,,,,,,,,,,,,,,,,,,,,,,0,,,,,,,05:00:00 16-Feb-2024,,,
260358,260358,0.500000,UT,,,01:25:42 15-Mar-2024,,3,42.4136,-67.5934,,,,,,,,,,,,,,,,,,,,,,,,,,,,,,,,,,,,0,,,,,,,05:00:00 16-Feb-2024,,,7311
260358,260358,0.500000,UT,,,01:28:50 15-Mar-2024,,3,42.4136,-67.5934,,,,,8165,,,,,,,,,,,,,,,,,,,,,,,,,,,,,,,0,,,,,,,05:00:00 16-Feb-2024,,,
260358,260358,0.500000,UT,1.00b,,01:44:05 15-Mar-2024,,B,42.4121,-67.5905,,0,,,,,,,,,,,,,,,,,,,,,,,,,,,,,,,,,,0,,,,,,,05:00:00 16-Feb-2024,,,
260358,260358,0.500000,UT,,,01:51:48 15-Mar-2024,,B,42.4121,-67.5905,,,,,,,,,,,,,,,,,,,,,,,,,,,,,,,,,,,,0,,,,,,,05:00:00 16-Feb-2024,,,7327
260358,260358,0.500000,UT,,,11:35:31 15-Mar-2024,,A,42.4826,-67.6872,,,,,,,,,4.30,,,,,,,,,,,,,,,,,,,,,,,,,,,0,,,,,,,05:00:00 16-Feb-2024,,,
260358,260358,0.500000,UT,,,11:40:22 15-Mar-2024,,A,42.4826,-67.6872,,,,,8199,,,,,,,,,,,,,,,,,,,,,,,,,,,,,,,0,,,,,,,05:00:00 16-Feb-2024,,,
260358,260358,0.500000,UT,,,13:12:27 15-Mar-2024,,3,42.4970,-67.7594,,,,,,,,,,,,,,,,,,,,,,,,,,,,,,,,,,,,0,,,,,,,05:00:00 16-Feb-2024,,,7311
260358,260358,0.500000,UT,,,13:15:39 15-Mar-2024,,3,42.4970,-67.7594,,,,,,,,,4.35,,,,,,,,,,,,,,,,,,,,,,,,,,,0,,,,,,,05:00:00 16-Feb-2024,,,
260358,260358,0.500000,UT,,,13:18:45 15-Mar-2024,,3,42.4970,-67.7594,,,,,8243,,,,,,,,,,,,,,,,,,,,,,,,,,,,,,,0,,,,,,,05:00:00 16-Feb-2024,,,
260358,260358,0.500000,UT,,,13:41:46 15-Mar-2024,,2,42.5004,-67.7996,,,,,8253,,,,,,,,,,,,,,,,,,,,,,,,,,,,,,,0,,,,,,,05:00:00 16-Feb-2024,,,
260358,260358,0.500000,UT,1.00b,,13:47:34 15-Mar-2024,,2,42.5004,-67.7996,,0,,,,,,,,,,,,,,,,,,,,,,,,,,,,,,,,,,0,,,,,,,05:00:00 16-Feb-2024,,,
260358,260358,0.500000,UT,,,13:48:44 15-Mar-2024,,2,42.5004,-67.7996,,,,,,,,,,,,,,,,,,,,,,,,,,,,,,,,,,,,0,,,,,,,05:00:00 16-Feb-2024,,,7311
260358,260358,0.500000,UT,,13:51:34 15-Mar-2024,13:50:16 15-Mar-2024,-77,2,42.5004,-67.7996,CRC,,,,8257,3.450,,,4.35,,,,,,,,,,,,,,255,41,255,0,,,,,,,2,,,0,110,,,,,,05:00:00 16-Feb-2024,,,
260358,260358,0.500000,UT,,,14:00:39 15-Mar-2024,,3,42.5034,-67.8101,,,,,,,,,,,,,,,,,,,,,,,,,,,,,,,,,,,,0,,,,,,,05:00:00 16-Feb-2024,,,7311
260358,260358,0.500000,UT,,,14:02:55 15-Mar-2024,,3,42.5034,-67.8101,,,,,,,,,4.30,,,,,,,,,,,,,,,,,,,,,,,,,,,0,,,,,,,05:00:00 16-Feb-2024,,,
260358,260358,0.500000,UT,,,14:05:08 15-Mar-2024,,3,42.5034,-67.8101,,,,,8265,,,,,,,,,,,,,,,,,,,,,,,,,,,,,,,0,,,,,,,05:00:00 16-Feb-2024,,,
260358,260358,0.500000,UT,,,14:06:53 15-Mar-2024,,3,42.5034,-67.8101,,,,,,3.425,,,,,,,,,,,,,,,,,,,,,,,,,,,,,,0,,,,,,,05:00:00 16-Feb-2024,,,
260358,260358,0.500000,UT,,,14:50:22 15-Mar-2024,,3,42.5091,-67.8637,,,,,,,,,4.40,,,,,,,,,,,,,,,,,,,,,,,,,,,0,,,,,,,05:00:00 16-Feb-2024,,,
260358,260358,0.500000,UT,,,14:52:19 15-Mar-2024,,3,42.5091,-67.8637,,,,,8287,,,,,,,,,,,,,,,,,,,,,,,,,,,,,,,0,,,,,,,05:00:00 16-Feb-2024,,,
260358,260358,0.500000,UT,,,14:53:53 15-Mar-2024,,3,42.5091,-67.8637,,,,,,3.425,,,,,,,,,,,,,,,,,,,,,,,,,,,,,,0,,,,,,,05:00:00 16-Feb-2024,,,
260358,260358,0.500000,UT,1.00b,,14:56:30 15-Mar-2024,,3,42.5091,-67.8637,,0,,,,,,,,,,,,,,,,,,,,,,,,,,,,,,,,,,0,,,,,,,05:00:00 16-Feb-2024,,,
260358,260358,0.500000,UT,,,14:58:22 15-Mar-2024,,3,42.5091,-67.8637,,,,,,,,,,,,,,,,,,,,,,,,,,,,,,,,,,,,0,,,,,,,05:00:00 16-Feb-2024,,,7311
260358,260358,0.500000,UT,,,15:00:09 15-Mar-2024,,3,42.5091,-67.8637,,,,,,,,,4.55,,,,,,,,,,,,,,,,,,,,,,,,,,,0,,,,,,,05:00:00 16-Feb-2024,,,
260358,260358,0.500000,UT,,,15:13:52 15-Mar-2024,,3,42.5195,-67.9064,,,,,,3.425,,,,,,,,,,,,,,,,,,,,,,,,,,,,,,0,,,,,,,05:00:00 16-Feb-2024,,,
260358,260358,0.500000,UT,1.00b,,15:16:45 15-Mar-2024,,3,42.5195,-67.9064,,0,,,,,,,,,,,,,,,,,,,,,,,,,,,,,,,,,,0,,,,,,,05:00:00 16-Feb-2024,,,
260358,260358,0.500000,UT,,,15:20:53 15-Mar-2024,,3,42.5195,-67.9064,,,,,,,,,4.65,,,,,,,,,,,,,,,,,,,,,,,,,,,0,,,,,,,05:00:00 16-Feb-2024,,,
260358,260358,0.500000,UT,1.00b,,15:27:33 15-Mar-2024,,A,42.5180,-67.9097,,0,,,,,,,,,,,,,,,,,,,,,,,,,,,,,,,,,,0,,,,,,,05:00:00 16-Feb-2024,,,
260358,260358,0.500000,UT,,,15:30:25 15-Mar-2024,,A,42.5180,-67.9097,,,,,,,,,,,,,,,,,,,,,,,,,,,,,,,,,,,,0,,,,,,,05:00:00 16-Feb-2024,,,7311
260358,260358,0.500000,UT,,,15:31:49 15-Mar-2024,,A,42.5180,-67.9097,,,,,,,,,4.85,,,,,,,,,,,,,,,,,,,,,,,,,,,0,,,,,,,05:00:00 16-Feb-2024,,,
260358,260358,0.500000,UT,,,15:37:34 15-Mar-2024,,B,42.5207,-67.9201,,,,,,3.450,,,,,,,,,,,,,,,,,,,,,,,,,,,,,,0,,,,,,,05:00:00 16-Feb-2024,,,
260358,260358,0.500000,UT,1.00b,,16:32:05 15-Mar-2024,,B,42.5446,-67.9636,,0,,,,,,,,,,,,,,,,,,,,,,,,,,,,,,,,,,0,,,,,,,05:00:00 16-Feb-2024,,,
260358,260358,0.500000,UT,,,16:35:20 15-Mar-2024,,B,42.5446,-67.9636,,,,,,,,,,,,,,,,,,,,,,,,,,,,,,,,,,,,0,,,,,,,05:00:00 16-Feb-2024,,,7311
260358,260358,0.500000,UT,,,16:38:45 15-Mar-2024,,A,42.5359,-68.0023,,,,,,,,,4.50,,,,,,,,,,,,,,,,,,,,,,,,,,,0,,,,,,,05:00:00 16-Feb-2024,,,
260358,260358,0.500000,UT,,,16:42:13 15-Mar-2024,,A,42.5359,-68.0023,,,,,8339,,,,,,,,,,,,,,,,,,,,,,,,,,,,,,,0,,,,,,,05:00:00 16-Feb-2024,,,
260358,260358,0.500000,UT,,,16:50:56 15-Mar-2024,,A,42.5342,-68.0168,,,,,,,,,,,,,,,,,,,,,,,,,,,,,,,,,,,,0,,,,,,,05:00:00 16-Feb-2024,,,7311
260358,260358,0.500000,UT,,,16:53:57 15-Mar-2024,,A,42.5342,-68.0168,,,,,,,,,4.50,,,,,,,,,,,,,,,,,,,,,,,,,,,0,,,,,,,05:00:00 16-Feb-2024,,,
260358,260358,0.500000,UT,,,16:56:55 15-Mar-2024,,A,42.5342,-68.0168,,,,,8344,,,,,,,,,,,,,,,,,,,,,,,,,,,,,,,0,,,,,,,05:00:00 16-Feb-2024,,,
260358,260358,0.500000,UT,,,22:05:12 15-Mar-2024,,3,42.4721,-68.2342,,,,,,,,,4.65,,,,,,,,,,,,,,,,,,,,,,,,,,,0,,,,,,,05:00:00 16-Feb-2024,,,
260358,260358,0.500000,UT,,,22:06:01 15-Mar-2024,,3,42.4721,-68.2342,,,,,8370,,,,,,,,,,,,,,,,,,,,,,,,,,,,,,,0,,,,,,,05:00:00 16-Feb-2024,,,
260358,260358,0.500000,UT,,,22:06:55 15-Mar-2024,,3,42.4721,-68.2342,,,,,,3.450,,,,,,,,,,,,,,,,,,,,,,,,,,,,,,0,,,,,,,05:00:00 16-Feb-2024,,,
260358,260358,0.500000,UT,,,22:10:58 15-Mar-2024,,3,42.4721,-68.2342,,,,,,,,,4.75,,,,,,,,,,,,,,,,,,,,,,,,,,,0,,,,,,,05:00:00 16-Feb-2024,,,
260358,260358,0.500000,UT,,,22:11:43 15-Mar-2024,,3,42.4721,-68.2342,,,,,8375,,,,,,,,,,,,,,,,,,,,,,,,,,,,,,,0,,,,,,,05:00:00 16-Feb-2024,,,
260358,260358,0.500000,UT,,,22:12:28 15-Mar-2024,,3,42.4721,-68.2342,,,,,,3.525,,,,,,,,,,,,,,,,,,,,,,,,,,,,,,0,,,,,,,05:00:00 16-Feb-2024,,,
260358,260358,0.500000,UT,1.00b,,22:14:31 15-Mar-2024,,3,42.4721,-68.2342,,0,,,,,,,,,,,,,,,,,,,,,,,,,,,,,,,,,,0,,,,,,,05:00:00 16-Feb-2024,,,
260358,260358,0.500000,UT,,,22:15:38 15-Mar-2024,,3,42.4721,-68.2342,,,,,,,,,,,,,,,,,,,,,,,,,,,,,,,,,,,,0,,,,,,,05:00:00 16-Feb-2024,,,7311
260358,260358,0.500000,UT,,,22:29:12 15-Mar-2024,,3,42.4555,-68.2332,,,,,,,,,4.55,,,,,,,,,,,,,,,,,,,,,,,,,,,0,,,,,,,05:00:00 16-Feb-2024,,,
260358,260358,0.500000,UT,,,22:30:32 15-Mar-2024,,3,42.4555,-68.2332,,,,,8386,,,,,,,,,,,,,,,,,,,,,,,,,,,,,,,0,,,,,,,05:00:00 16-Feb-2024,,,
260358,260358,0.500000,UT,,,22:31:57 15-Mar-2024,,3,42.4555,-68.2332,,,,,,3.450,,,,,,,,,,,,,,,,,,,,,,,,,,,,,,0,,,,,,,05:00:00 16-Feb-2024,,,
260358,260358,0.500000,UT,1.00b,,22:34:38 15-Mar-2024,,3,42.4555,-68.2332,,0,,,,,,,,,,,,,,,,,,,,,,,,,,,,,,,,,,0,,,,,,,05:00:00 16-Feb-2024,,,
260358,260358,0.500000,UT,,,22:36:46 15-Mar-2024,,3,42.4555,-68.2332,,,,,,,,,,,,,,,,,,,,,,,,,,,,,,,,,,,,0,,,,,,,05:00:00 16-Feb-2024,,,7311
260358,260358,0.500000,UT,,,22:38:50 15-Mar-2024,,A,42.4499,-68.2337,,,,,,,,,4.60,,,,,,,,,,,,,,,,,,,,,,,,,,,0,,,,,,,05:00:00 16-Feb-2024,,,
260358,260358,0.500000,UT,,,22:40:36 15-Mar-2024,,A,42.4499,-68.2337,,,,,8391,,,,,,,,,,,,,,,,,,,,,,,,,,,,,,,0,,,,,,,05:00:00 16-Feb-2024,,,
260358,260358,0.500000,UT,,,22:57:03 15-Mar-2024,,1,42.4352,-68.2231,,,,,8396,,,,,,,,,,,,,,,,,,,,,,,,,,,,,,,0,,,,,,,05:00:00 16-Feb-2024,,,
260358,260358,0.500000,UT,,,22:59:28 15-Mar-2024,,1,42.4352,-68.2231,,,,,,3.450,,,,,,,,,,,,,,,,,,,,,,,,,,,,,,0,,,,,,,05:00:00 16-Feb-2024,,,
260358,260358,0.500000,UT,,,23:01:43 15-Mar-2024,,1,42.4352,-68.2231,,,,,,,,,,,,,,,,,,,,,,,,,,,,,,,,,,,,0,,,,,,,05:00:00 16-Feb-2024,,,7311
260358,260358,0.500000,UT,1.00b,,23:06:46 15-Mar-2024,,1,42.4352,-68.2231,,0,,,,,,,,,,,,,,,,,,,,,,,,,,,,,,,,,,0,,,,,,,05:00:00 16-Feb-2024,,,
260358,260358,0.500000,UT,,,23:30:51 15-Mar-2024,,A,42.4250,-68.2466,,,,,8412,,,,,,,,,,,,,,,,,,,,,,,,,,,,,,,0,,,,,,,05:00:00 16-Feb-2024,,,
260358,260358,0.500000,UT,,,23:33:43 15-Mar-2024,,A,42.4250,-68.2466,,,,,,3.425,,,,,,,,,,,,,,,,,,,,,,,,,,,,,,0,,,,,,,05:00:00 16-Feb-2024,,,
260358,260358,0.500000,UT,1.00b,,23:37:10 15-Mar-2024,,A,42.4250,-68.2466,,0,,,,,,,,,,,,,,,,,,,,,,,,,,,,,,,,,,0,,,,,,,05:00:00 16-Feb-2024,,,
260358,260358,0.500000,UT,,,23:43:35 15-Mar-2024,,3,42.4196,-68.2564,,,,,,,,,4.75,,,,,,,,,,,,,,,,,,,,,,,,,,,0,,,,,,,05:00:00 16-Feb-2024,,,
260358,260358,0.500000,UT,,,23:46:46 15-Mar-2024,,3,42.4196,-68.2564,,,,,8417,,,,,,,,,,,,,,,,,,,,,,,,,,,,,,,0,,,,,,,05:00:00 16-Feb-2024,,,
260358,260358,0.500000,UT,,,23:48:57 15-Mar-2024,,3,42.4196,-68.2564,,,,,,3.475,,,,,,,,,,,,,,,,,,,,,,,,,,,,,,0,,,,,,,05:00:00 16-Feb-2024,,,
260358,260358,0.500000,UT,1.00b,,23:51:54 15-Mar-2024,,3,42.4196,-68.2564,,0,,,,,,,,,,,,,,,,,,,,,,,,,,,,,,,,,,0,,,,,,,05:00:00 16-Feb-2024,,,
260358,260358,0.500000,UT,,,00:05:07 16-Mar-2024,,B,42.4190,-68.2659,,,,,,,,,4.90,,,,,,,,,,,,,,,,,,,,,,,,,,,0,,,,,,,05:00:00 16-Feb-2024,,,
260358,260358,0.500000,UT,,,00:08:04 16-Mar-2024,,B,42.4190,-68.2659,,,,,8423,,,,,,,,,,,,,,,,,,,,,,,,,,,,,,,0,,,,,,,05:00:00 16-Feb-2024,,,
260358,260358,0.500000,UT,,,00:32:35 16-Mar-2024,,3,42.4054,-68.2676,,,,,8439,,,,,,,,,,,,,,,,,,,,,,,,,,,,,,,0,,,,,,,05:00:00 16-Feb-2024,,,
260358,260358,0.500000,UT,,,00:34:59 16-Mar-2024,,3,42.4054,-68.2676,,,,,,,,,,,,,,,,,,,,,,,,,,,,,,,,,,,,0,,,,,,,05:00:00 16-Feb-2024,,,7311
260358,260358,0.500000,UT,,,00:35:45 16-Mar-2024,,3,42.4054,-68.2676,,,,,,,,,5.05,,,,,,,,,,,,,,,,,,,,,,,,,,,0,,,,,,,05:00:00 16-Feb-2024,,,
260358,260358,0.500000,UT,,,00:36:30 16-Mar-2024,,3,42.4054,-68.2676,,,,,8444,,,,,,,,,,,,,,,,,,,,,,,,,,,,,,,0,,,,,,,05:00:00 16-Feb-2024,,,
260358,260358,0.500000,UT,,,00:39:32 16-Mar-2024,,3,42.4054,-68.2676,,,,,,,,,5.15,,,,,,,,,,,,,,,,,,,,,,,,,,,0,,,,,,,05:00:00 16-Feb-2024,,,
260358,260358,0.500000,UT,,,00:43:43 16-Mar-2024,,3,42.4054,-68.2676,,,,,,,,,,,,,,,,,,,,,,,,,,,,,,,,,,,,0,,,,,,,05:00:00 16-Feb-2024,,,7311
260358,260358,0.500000,UT,,,00:45:46 16-Mar-2024,,3,42.4045,-68.2649,,,,,8455,,,,,,,,,,,,,,,,,,,,,,,,,,,,,,,0,,,,,,,05:00:00 16-Feb-2024,,,
260358,260358,0.500000,UT,,,00:58:38 16-Mar-2024,,2,42.4006,-68.2589,,,,,8471,,,,,,,,,,,,,,,,,,,,,,,,,,,,,,,0,,,,,,,05:00:00 16-Feb-2024,,,
260358,260358,0.500000,UT,,,00:59:27 16-Mar-2024,,2,42.4006,-68.2589,,,,,,3.425,,,,,,,,,,,,,,,,,,,,,,,,,,,,,,0,,,,,,,05:00:00 16-Feb-2024,,,
260358,260358,0.500000,UT,1.00b,,01:01:40 16-Mar-2024,,2,42.4006,-68.2589,,0,,,,,,,,,,,,,,,,,,,,,,,,,,,,,,,,,,0,,,,,,,05:00:00 16-Feb-2024,,,
260358,260358,0.500000,UT,,,01:02:38 16-Mar-2024,,2,42.4006,-68.2589,,,,,,,,,,,,,,,,,,,,,,,,,,,,,,,,,,,,0,,,,,,,05:00:00 16-Feb-2024,,,7311
260358,260358,0.500000,UT,,,01:04:22 16-Mar-2024,,2,42.4006,-68.2589,,,,,,,,,4.90,,,,,,,,,,,,,,,,,,,,,,,,,,,0,,,,,,,05:00:00 16-Feb-2024,,,
260358,260358,0.500000,UT,,,01:09:38 16-Mar-2024,,3,42.3935,-68.2838,,,,,,3.450,,,,,,,,,,,,,,,,,,,,,,,,,,,,,,0,,,,,,,05:00:00 16-Feb-2024,,,
260358,260358,0.500000,UT,1.00b,,01:10:26 16-Mar-2024,,3,42.3935,-68.2838,,0,,,,,,,,,,,,,,,,,,,,,,,,,,,,,,,,,,0,,,,,,,05:00:00 16-Feb-2024,,,
260358,260358,0.500000,UT,,,01:11:55 16-Mar-2024,,3,42.3935,-68.2838,,,,,,,,,,,,,,,,,,,,,,,,,,,,,,,,,,,,0,,,,,,,05:00:00 16-Feb-2024,,,7311
260358,260358,0.500000,UT,,,01:13:31 16-Mar-2024,,3,42.3935,-68.2838,,,,,,,,,4.85,,,,,,,,,,,,,,,,,,,,,,,,,,,0,,,,,,,05:00:00 16-Feb-2024,,,
260358,260358,0.500000,UT,,,01:15:13 16-Mar-2024,,3,42.3935,-68.2838,,,,,8481,,,,,,,,,,,,,,,,,,,,,,,,,,,,,,,0,,,,,,,05:00:00 16-Feb-2024,,,
260358,260358,0.500000,UT,,01:18:43 16-Mar-2024,01:17:24 16-Mar-2024,-78,3,42.3935,-68.2838,CRC,,,,8482,3.450,,,4.85,,,,,,,,,,,,,,255,41,255,0,,,,,,,8,,,0,95,,,,,,05:00:00 16-Feb-2024,,,
260358,260358,0.500000,UT,,,01:18:14 16-Mar-2024,,3,42.3935,-68.2838,,,,,,3.450,,,,,,,,,,,,,,,,,,,,,,,,,,,,,,0,,,,,,,05:00:00 16-Feb-2024,,,
260358,260358,0.500000,UT,,,01:23:49 16-Mar-2024,,0,42.3915,-68.2801,,,,,,3.425,,,,,,,,,,,,,,,,,,,,,,,,,,,,,,0,,,,,,,05:00:00 16-Feb-2024,,,
260358,260358,0.500000,UT,1.00b,,01:24:44 16-Mar-2024,,0,42.3915,-68.2801,,0,,,,,,,,,,,,,,,,,,,,,,,,,,,,,,,,,,0,,,,,,,05:00:00 16-Feb-2024,,,
260358,260358,0.500000,UT,,,01:25:30 16-Mar-2024,,0,42.3915,-68.2801,,,,,,,,,,,,,,,,,,,,,,,,,,,,,,,,,,,,0,,,,,,,05:00:00 16-Feb-2024,,,7311
260358,260358,0.500000,UT,,,01:28:33 16-Mar-2024,,0,42.3915,-68.2801,,,,,,,,,4.65,,,,,,,,,,,,,,,,,,,,,,,,,,,0,,,,,,,05:00:00 16-Feb-2024,,,
260358,260358,0.500000,UT,,,01:29:41 16-Mar-2024,,0,42.3915,-68.2801,,,,,8493,,,,,,,,,,,,,,,,,,,,,,,,,,,,,,,0,,,,,,,05:00:00 16-Feb-2024,,,
260358,260358,0.500000,UT,,,11:51:05 16-Mar-2024,,B,42.3591,-68.3046,,,,,,3.475,,,,,,,,,,,,,,,,,,,,,,,,,,,,,,0,,,,,,,05:00:00 16-Feb-2024,,,
260358,260358,0.500000,UT,,,12:51:20 16-Mar-2024,,3,42.3086,-68.4208,,,,,,,,,5.10,,,,,,,,,,,,,,,,,,,,,,,,,,,0,,,,,,,05:00:00 16-Feb-2024,,,
260358,260358,0.500000,UT,,,12:53:01 16-Mar-2024,,1,42.3042,-68.4322,,,,,,3.475,,,,,,,,,,,,,,,,,,,,,,,,,,,,,,0,,,,,,,05:00:00 16-Feb-2024,,,
260358,260358,0.500000,UT,1.00b,,12:54:02 16-Mar-2024,,3,42.3086,-68.4208,,0,,,,,,,,,,,,,,,,,,,,,,,,,,,,,,,,,,0,,,,,,,05:00:00 16-Feb-2024,,,
260358,260358,0.500000,UT,,,12:54:52 16-Mar-2024,,1,42.3042,-68.4322,,,,,,,,,,,,,,,,,,,,,,,,,,,,,,,,,,,,0,,,,,,,05:00:00 16-Feb-2024,,,7311
260358,260358,0.500000,UT,,,12:55:46 16-Mar-2024,,3,42.3086,-68.4208,,,,,,,,,5.20,,,,,,,,,,,,,,,,,,,,,,,,,,,0,,,,,,,05:00:00 16-Feb-2024,,,
260358,260358,0.500000,UT,,,12:56:40 16-Mar-2024,,3,42.3086,-68.4208,,,,,8544,,,,,,,,,,,,,,,,,,,,,,,,,,,,,,,0,,,,,,,05:00:00 16-Feb-2024,,,
260358,260358,0.500000,UT,,,12:57:43 16-Mar-2024,,3,42.3086,-68.4208,,,,,,3.475,,,,,,,,,,,,,,,,,,,,,,,,,,,,,,0,,,,,,,05:00:00 16-Feb-2024,,,
260358,260358,0.500000,UT,,,12:59:20 16-Mar-2024,,3,42.3086,-68.4208,,,,,,,,,,,,,,,,,,,,,,,,,,,,,,,,,,,,0,,,,,,,05:00:00 16-Feb-2024,,,7311
260358,260358,0.500000,UT,,,13:01:48 16-Mar-2024,,3,42.3086,-68.4208,,,,,8549,,,,,,,,,,,,,,,,,,,,,,,,,,,,,,,0,,,,,,,05:00:00 16-Feb-2024,,,
260358,260358,0.500000,UT,,,13:30:23 16-Mar-2024,,1,42.3011,-68.4277,,,,,,,,,5.70,,,,,,,,,,,,,,,,,,,,,,,,,,,0,,,,,,,05:00:00 16-Feb-2024,,,
260358,260358,0.500000,UT,,,13:34:08 16-Mar-2024,,1,42.3011,-68.4277,,,,,,,,,,,,,,,,,,,,,,,,,,,,,,,,,,,,0,,,,,,,05:00:00 16-Feb-2024,,,7311
260358,260358,0.500000,UT,,,13:36:23 16-Mar-2024,,1,42.3011,-68.4277,,,,,,3.525,,,,,,,,,,,,,,,,,,,,,,,,,,,,,,0,,,,,,,05:00:00 16-Feb-2024,,,
260358,260358,0.500000,UT,,,21:33:48 16-Mar-2024,,B,42.2478,-68.4949,,,,,,3.500,,,,,,,,,,,,,,,,,,,,,,,,,,,,,,0,,,,,,,05:00:00 16-Feb-2024,,,
260358,260358,0.500000,UT,1.00b,,21:37:20 16-Mar-2024,,B,42.2478,-68.4949,,0,,,,,,,,,,,,,,,,,,,,,,,,,,,,,,,,,,0,,,,,,,05:00:00 16-Feb-2024,,,
260358,260358,0.500000,UT,,,22:00:14 16-Mar-2024,,B,42.2392,-68.4886,,,,,,,,,5.35,,,,,,,,,,,,,,,,,,,,,,,,,,,0,,,,,,,05:00:00 16-Feb-2024,,,
260358,260358,0.500000,UT,,,22:04:13 16-Mar-2024,,B,42.2392,-68.4886,,,,,,3.475,,,,,,,,,,,,,,,,,,,,,,,,,,,,,,0,,,,,,,05:00:00 16-Feb-2024,,,
260358,260358,0.500000,UT,,,22:06:07 16-Mar-2024,,3,42.2309,-68.4708,,,,,,,,,,,,,,,,,,,,,,,,,,,,,,,,,,,,0,,,,,,,05:00:00 16-Feb-2024,,,7311
260358,260358,0.500000,UT,,,22:07:16 16-Mar-2024,,3,42.2309,-68.4708,,,,,,,,,5.35,,,,,,,,,,,,,,,,,,,,,,,,,,,0,,,,,,,05:00:00 16-Feb-2024,,,
260358,260358,0.500000,UT,,,22:09:27 16-Mar-2024,,3,42.2309,-68.4708,,,,,8667,,,,,,,,,,,,,,,,,,,,,,,,,,,,,,,0,,,,,,,05:00:00 16-Feb-2024,,,
260358,260358,0.500000,UT,1.00b,,22:12:10 16-Mar-2024,,3,42.2309,-68.4708,,0,,,,,,,,,,,,,,,,,,,,,,,,,,,,,,,,,,0,,,,,,,05:00:00 16-Feb-2024,,,
260358,260358,0.500000,UT,,,22:34:29 16-Mar-2024,,B,42.2247,-68.4692,,,,,8683,,,,,,,,,,,,,,,,,,,,,,,,,,,,,,,0,,,,,,,05:00:00 16-Feb-2024,,,
260358,260358,0.500000,UT,1.00b,,22:42:01 16-Mar-2024,,B,42.2247,-68.4692,,0,,,,,,,,,,,,,,,,,,,,,,,,,,,,,,,,,,0,,,,,,,05:00:00 16-Feb-2024,,,
260358,260358,0.500000,UT,,,23:22:25 16-Mar-2024,,B,42.2183,-68.4711,,,,,,,,,,,,,,,,,,,,,,,,,,,,,,,,,,,,0,,,,,,,05:00:00 16-Feb-2024,,,7311
260358,260358,0.500000,UT,,,23:40:32 16-Mar-2024,,3,42.2029,-68.4754,,,,,8709,,,,,,,,,,,,,,,,,,,,,,,,,,,,,,,0,,,,,,,05:00:00 16-Feb-2024,,,
260358,260358,0.500000,UT,,,23:42:40 16-Mar-2024,,3,42.2029,-68.4754,,,,,,3.450,,,,,,,,,,,,,,,,,,,,,,,,,,,,,,0,,,,,,,05:00:00 16-Feb-2024,,,
260358,260358,0.500000,UT,1.00b,,23:44:18 16-Mar-2024,,3,42.2029,-68.4754,,0,,,,,,,,,,,,,,,,,,,,,,,,,,,,,,,,,,0,,,,,,,05:00:00 16-Feb-2024,,,
260358,260358,0.500000,UT,,,23:46:05 16-Mar-2024,,3,42.2029,-68.4754,,,,,,,,,,,,,,,,,,,,,,,,,,,,,,,,,,,,0,,,,,,,05:00:00 16-Feb-2024,,,7311
260358,260358,0.500000,UT,1.00b,,00:12:40 17-Mar-2024,,1,42.1838,-68.4919,,0,,,,,,,,,,,,,,,,,,,,,,,,,,,,,,,,,,0,,,,,,,05:00:00 16-Feb-2024,,,
260358,260358,0.500000,UT,,,00:15:30 17-Mar-2024,,1,42.1838,-68.4919,,,,,,,,,,,,,,,,,,,,,,,,,,,,,,,,,,,,0,,,,,,,05:00:00 16-Feb-2024,,,7311
260358,260358,0.500000,UT,,,00:18:07 17-Mar-2024,,1,42.1838,-68.4919,,,,,,,,,5.00,,,,,,,,,,,,,,,,,,,,,,,,,,,0,,,,,,,05:00:00 16-Feb-2024,,,
260358,260358,0.500000,UT,,,00:20:32 17-Mar-2024,,1,42.1838,-68.4919,,,,,8730,,,,,,,,,,,,,,,,,,,,,,,,,,,,,,,0,,,,,,,05:00:00 16-Feb-2024,,,
260358,260358,0.500000,UT,,,00:47:21 17-Mar-2024,,B,42.1727,-68.5141,,,,,,,,,4.90,,,,,,,,,,,,,,,,,,,,,,,,,,,0,,,,,,,05:00:00 16-Feb-2024,,,
260358,260358,0.500000,UT,,,00:50:18 17-Mar-2024,,B,42.1727,-68.5141,,,,,8742,,,,,,,,,,,,,,,,,,,,,,,,,,,,,,,0,,,,,,,05:00:00 16-Feb-2024,,,
260358,260358,0.500000,UT,,,00:55:53 17-Mar-2024,,2,42.1685,-68.5199,,,,,,,,,5.10,,,,,,,,,,,,,,,,,,,,,,,,,,,0,,,,,,,05:00:00 16-Feb-2024,,,
260358,260358,0.500000,UT,,,00:56:38 17-Mar-2024,,2,42.1685,-68.5199,,,,,8747,,,,,,,,,,,,,,,,,,,,,,,,,,,,,,,0,,,,,,,05:00:00 16-Feb-2024,,,
260358,260358,0.500000,UT,,,00:57:24 17-Mar-2024,,3,42.1688,-68.5180,,,,,,3.450,,,,,,,,,,,,,,,,,,,,,,,,,,,,,,0,,,,,,,05:00:00 16-Feb-2024,,,
260358,260358,0.500000,UT,1.00b,,00:58:12 17-Mar-2024,,3,42.1688,-68.5180,,0,,,,,,,,,,,,,,,,,,,,,,,,,,,,,,,,,,0,,,,,,,05:00:00 16-Feb-2024,,,
260358,260358,0.500000,UT,,,00:58:57 17-Mar-2024,,2,42.1685,-68.5199,,,,,,,,,,,,,,,,,,,,,,,,,,,,,,,,,,,,0,,,,,,,05:00:00 16-Feb-2024,,,7311
260358,260358,0.500000,UT,,,00:59:45 17-Mar-2024,,2,42.1685,-68.5199,,,,,,,,,5.00,,,,,,,,,,,,,,,,,,,,,,,,,,,0,,,,,,,05:00:00 16-Feb-2024,,,
260358,260358,0.500000,UT,,,01:00:31 17-Mar-2024,,2,42.1685,-68.5199,,,,,8752,,,,,,,,,,,,,,,,,,,,,,,,,,,,,,,0,,,,,,,05:00:00 16-Feb-2024,,,
260358,260358,0.500000,UT,,,01:01:17 17-Mar-2024,,2,42.1685,-68.5199,,,,,,3.425,,,,,,,,,,,,,,,,,,,,,,,,,,,,,,0,,,,,,,05:00:00 16-Feb-2024,,,
260358,260358,0.500000,UT,,,01:05:51 17-Mar-2024,,2,42.1685,-68.5199,,,,,,3.450,,,,,,,,,,,,,,,,,,,,,,,,,,,,,,0,,,,,,,05:00:00 16-Feb-2024,,,
260358,260358,0.500000,UT,1.00b,,01:06:36 17-Mar-2024,,2,42.1685,-68.5199,,0,,,,,,,,,,,,,,,,,,,,,,,,,,,,,,,,,,0,,,,,,,05:00:00 16-Feb-2024,,,
260358,260358,0.500000,UT,,,01:08:53 17-Mar-2024,,3,42.1693,-68.5176,,,,,8763,,,,,,,,,,,,,,,,,,,,,,,,,,,,,,,0,,,,,,,05:00:00 16-Feb-2024,,,
260358,260358,0.500000,UT,,,01:09:40 17-Mar-2024,,3,42.1693,-68.5176,,,,,,3.450,,,,,,,,,,,,,,,,,,,,,,,,,,,,,,0,,,,,,,05:00:00 16-Feb-2024,,,
260358,260358,0.500000,UT,1.00b,,01:10:26 17-Mar-2024,,3,42.1693,-68.5176,,0,,,,,,,,,,,,,,,,,,,,,,,,,,,,,,,,,,0,,,,,,,05:00:00 16-Feb-2024,,,
260358,260358,0.500000,UT,,,11:42:31 17-Mar-2024,,B,42.0852,-68.6258,,,,,,3.475,,,,,,,,,,,,,,,,,,,,,,,,,,,,,,0,,,,,,,05:00:00 16-Feb-2024,,,
260358,260358,0.500000,UT,1.00b,,11:44:07 17-Mar-2024,,B,42.0852,-68.6258,,0,,,,,,,,,,,,,,,,,,,,,,,,,,,,,,,,,,0,,,,,,,05:00:00 16-Feb-2024,,,
260358,260358,0.500000,UT,1.00b,,12:25:14 17-Mar-2024,,0,42.1278,-68.5588,,0,,,,,,,,,,,,,,,,,,,,,,,,,,,,,,,,,,0,,,,,,,05:00:00 16-Feb-2024,,,
260358,260358,0.500000,UT,,,12:28:11 17-Mar-2024,,0,42.1278,-68.5588,,,,,,,,,,,,,,,,,,,,,,,,,,,,,,,,,,,,0,,,,,,,05:00:00 16-Feb-2024,,,7311
260358,260358,0.500000,UT,,,12:31:16 17-Mar-2024,,0,42.1278,-68.5588,,,,,,,,,4.85,,,,,,,,,,,,,,,,,,,,,,,,,,,0,,,,,,,05:00:00 16-Feb-2024,,,
260358,260358,0.500000,UT,,,12:35:14 17-Mar-2024,,0,42.1278,-68.5588,,,,,8820,,,,,,,,,,,,,,,,,,,,,,,,,,,,,,,0,,,,,,,05:00:00 16-Feb-2024,,,
260358,260358,0.500000,UT,,,12:37:11 17-Mar-2024,,0,42.1278,-68.5588,,,,,,3.475,,,,,,,,,,,,,,,,,,,,,,,,,,,,,,0,,,,,,,05:00:00 16-Feb-2024,,,
260358,260358,0.500000,UT,1.00b,,13:16:59 17-Mar-2024,,2,42.1181,-68.6929,,0,,,,,,,,,,,,,,,,,,,,,,,,,,,,,,,,,,0,,,,,,,05:00:00 16-Feb-2024,,,
260358,260358,0.500000,UT,,,13:20:31 17-Mar-2024,,2,42.1181,-68.6929,,,,,,,,,,,,,,,,,,,,,,,,,,,,,,,,,,,,0,,,,,,,05:00:00 16-Feb-2024,,,7311
260358,260358,0.500000,UT,,,13:26:12 17-Mar-2024,,2,42.1181,-68.6929,,,,,8842,,,,,,,,,,,,,,,,,,,,,,,,,,,,,,,0,,,,,,,05:00:00 16-Feb-2024,,,
260358,260358,0.500000,UT,,,13:28:32 17-Mar-2024,,2,42.1181,-68.6929,,,,,,3.450,,,,,,,,,,,,,,,,,,,,,,,,,,,,,,0,,,,,,,05:00:00 16-Feb-2024,,,
260358,260358,0.500000,UT,,,14:07:46 17-Mar-2024,,2,42.1051,-68.7103,,,,,8864,,,,,,,,,,,,,,,,,,,,,,,,,,,,,,,0,,,,,,,05:00:00 16-Feb-2024,,,
260358,260358,0.500000,UT,,,14:10:07 17-Mar-2024,,2,42.1051,-68.7103,,,,,,3.475,,,,,,,,,,,,,,,,,,,,,,,,,,,,,,0,,,,,,,05:00:00 16-Feb-2024,,,
260358,260358,0.500000,UT,1.00b,,14:12:09 17-Mar-2024,,2,42.1051,-68.7103,,0,,,,,,,,,,,,,,,,,,,,,,,,,,,,,,,,,,0,,,,,,,05:00:00 16-Feb-2024,,,
260358,260358,0.500000,UT,,,14:14:10 17-Mar-2024,,2,42.1051,-68.7103,,,,,,,,,,,,,,,,,,,,,,,,,,,,,,,,,,,,0,,,,,,,05:00:00 16-Feb-2024,,,7311
260358,260358,0.500000,UT,,,14:16:13 17-Mar-2024,,2,42.1051,-68.7103,,,,,,,,,4.95,,,,,,,,,,,,,,,,,,,,,,,,,,,0,,,,,,,05:00:00 16-Feb-2024,,,
260358,260358,0.500000,UT,,14:48:10 17-Mar-2024,14:46:49 17-Mar-2024,-80,2,42.0928,-68.7292,CRC,,,,8882,3.450,,,4.85,,,,,,,,,,,,,,190,42,255,0,,,,,,,0,,,0,101,,,,,,05:00:00 16-Feb-2024,,,
260358,260358,0.500000,UT,1.00b,,14:49:24 17-Mar-2024,,2,42.0928,-68.7292,,0,,,,,,,,,,,,,,,,,,,,,,,,,,,,,,,,,,0,,,,,,,05:00:00 16-Feb-2024,,,
260358,260358,0.500000,UT,,,14:51:06 17-Mar-2024,,2,42.0928,-68.7292,,,,,,,,,,,,,,,,,,,,,,,,,,,,,,,,,,,,0,,,,,,,05:00:00 16-Feb-2024,,,7311
260358,260358,0.500000,UT,,,14:53:29 17-Mar-2024,,2,42.0928,-68.7292,,,,,,,,,5.00,,,,,,,,,,,,,,,,,,,,,,,,,,,0,,,,,,,05:00:00 16-Feb-2024,,,
260358,260358,0.500000,UT,,,14:57:01 17-Mar-2024,,2,42.0831,-68.7155,,,,,,3.450,,,,,,,,,,,,,,,,,,,,,,,,,,,,,,0,,,,,,,05:00:00 16-Feb-2024,,,
260358,260358,0.500000,UT,1.00b,,14:58:48 17-Mar-2024,,2,42.0831,-68.7155,,0,,,,,,,,,,,,,,,,,,,,,,,,,,,,,,,,,,0,,,,,,,05:00:00 16-Feb-2024,,,
260358,260358,0.500000,UT,,,15:00:54 17-Mar-2024,,2,42.0831,-68.7155,,,,,,,,,,,,,,,,,,,,,,,,,,,,,,,,,,,,0,,,,,,,05:00:00 16-Feb-2024,,,7311
260358,260358,0.500000,UT,,,15:05:02 17-Mar-2024,,2,42.0831,-68.7155,,,,,8891,,,,,,,,,,,,,,,,,,,,,,,,,,,,,,,0,,,,,,,05:00:00 16-Feb-2024,,,
260358,260358,0.500000,UT,,,15:50:45 17-Mar-2024,,2,42.0639,-68.7393,,,,,,,,,5.45,,,,,,,,,,,,,,,,,,,,,,,,,,,0,,,,,,,05:00:00 16-Feb-2024,,,
260358,260358,0.500000,UT,,,15:52:14 17-Mar-2024,,2,42.0639,-68.7393,,,,,8917,,,,,,,,,,,,,,,,,,,,,,,,,,,,,,,0,,,,,,,05:00:00 16-Feb-2024,,,
260358,260358,0.500000,UT,1.00b,,15:54:37 17-Mar-2024,,2,42.0639,-68.7393,,0,,,,,,,,,,,,,,,,,,,,,,,,,,,,,,,,,,0,,,,,,,05:00:00 16-Feb-2024,,,
260358,260358,0.500000,UT,,,15:58:33 17-Mar-2024,,2,42.0639,-68.7393,,,,,,,,,5.65,,,,,,,,,,,,,,,,,,,,,,,,,,,0,,,,,,,05:00:00 16-Feb-2024,,,
260358,260358,0.500000,UT,,,16:26:44 17-Mar-2024,,3,42.0547,-68.7478,,,,,,,,,5.60,,,,,,,,,,,,,,,,,,,,,,,,,,,0,,,,,,,05:00:00 16-Feb-2024,,,
260358,260358,0.500000,UT,,,16:28:41 17-Mar-2024,,3,42.0547,-68.7478,,,,,8938,,,,,,,,,,,,,,,,,,,,,,,,,,,,,,,0,,,,,,,05:00:00 16-Feb-2024,,,
260358,260358,0.500000,UT,,,16:31:15 17-Mar-2024,,3,42.0547,-68.7478,,,,,,3.450,,,,,,,,,,,,,,,,,,,,,,,,,,,,,,0,,,,,,,05:00:00 16-Feb-2024,,,
260358,260358,0.500000,UT,,,16:35:53 17-Mar-2024,,3,42.0547,-68.7478,,,,,,,,,,,,,,,,,,,,,,,,,,,,,,,,,,,,0,,,,,,,05:00:00 16-Feb-2024,,,7311
260358,260358,0.500000,UT,,,16:41:17 17-Mar-2024,,A,42.0533,-68.7646,,,,,8943,,,,,,,,,,,,,,,,,,,,,,,,,,,,,,,0,,,,,,,05:00:00 16-Feb-2024,,,
260358,260358,0.500000,UT,,,16:43:53 17-Mar-2024,,A,42.0533,-68.7646,,,,,,3.450,,,,,,,,,,,,,,,,,,,,,,,,,,,,,,0,,,,,,,05:00:00 16-Feb-2024,,,
260358,260358,0.500000,UT,1.00b,,16:46:55 17-Mar-2024,,A,42.0533,-68.7646,,0,,,,,,,,,,,,,,,,,,,,,,,,,,,,,,,,,,0,,,,,,,05:00:00 16-Feb-2024,,,
260358,260358,0.500000,UT,,,21:49:20 17-Mar-2024,,B,42.0365,-68.7721,,,,,,3.475,,,,,,,,,,,,,,,,,,,,,,,,,,,,,,0,,,,,,,05:00:00 16-Feb-2024,,,
260358,260358,0.500000,UT,1.00b,,22:08:20 17-Mar-2024,,B,42.0244,-68.7815,,0,,,,,,,,,,,,,,,,,,,,,,,,,,,,,,,,,,0,,,,,,,05:00:00 16-Feb-2024,,,
260358,260358,0.500000,UT,1.00b,,22:44:25 17-Mar-2024,,3,42.0187,-68.8575,,0,,,,,,,,,,,,,,,,,,,,,,,,,,,,,,,,,,0,,,,,,,05:00:00 16-Feb-2024,,,
260358,260358,0.500000,UT,,,22:46:04 17-Mar-2024,,3,42.0187,-68.8575,,,,,,,,,,,,,,,,,,,,,,,,,,,,,,,,,,,,0,,,,,,,05:00:00 16-Feb-2024,,,7311
260358,260358,0.500000,UT,,,22:48:50 17-Mar-2024,,3,42.0187,-68.8575,,,,,,,,,5.30,,,,,,,,,,,,,,,,,,,,,,,,,,,0,,,,,,,05:00:00 16-Feb-2024,,,
260358,260358,0.500000,UT,,,22:52:55 17-Mar-2024,,3,42.0187,-68.8575,,,,,,3.475,,,,,,,,,,,,,,,,,,,,,,,,,,,,,,0,,,,,,,05:00:00 16-Feb-2024,,,
260358,260358,0.500000,UT,1.00b,,22:54:57 17-Mar-2024,,A,42.0132,-68.8447,,0,,,,,,,,,,,,,,,,,,,,,,,,,,,,,,,,,,0,,,,,,,05:00:00 16-Feb-2024,,,
260358,260358,0.500000,UT,,,23:11:32 17-Mar-2024,,B,42.0144,-68.8693,,,,,,,,,5.35,,,,,,,,,,,,,,,,,,,,,,,,,,,0,,,,,,,05:00:00 16-Feb-2024,,,
260358,260358,0.500000,UT,1.00b,,23:18:28 17-Mar-2024,,3,42.0081,-68.8635,,0,,,,,,,,,,,,,,,,,,,,,,,,,,,,,,,,,,0,,,,,,,05:00:00 16-Feb-2024,,,
260358,260358,0.500000,UT,,,23:19:44 17-Mar-2024,,3,42.0081,-68.8635,,,,,,,,,,,,,,,,,,,,,,,,,,,,,,,,,,,,0,,,,,,,05:00:00 16-Feb-2024,,,7311
260358,260358,0.500000,UT,,,23:21:21 17-Mar-2024,,3,42.0081,-68.8635,,,,,,,,,5.35,,,,,,,,,,,,,,,,,,,,,,,,,,,0,,,,,,,05:00:00 16-Feb-2024,,,
260358,260358,0.500000,UT,,,23:23:03 17-Mar-2024,,3,42.0081,-68.8635,,,,,8995,,,,,,,,,,,,,,,,,,,,,,,,,,,,,,,0,,,,,,,05:00:00 16-Feb-2024,,,
260358,260358,0.500000,UT,,,23:24:24 17-Mar-2024,,3,42.0081,-68.8635,,,,,,3.475,,,,,,,,,,,,,,,,,,,,,,,,,,,,,,0,,,,,,,05:00:00 16-Feb-2024,,,
260358,260358,0.500000,UT,1.00b,,23:45:15 17-Mar-2024,,3,42.0006,-68.8850,,0,,,,,,,,,,,,,,,,,,,,,,,,,,,,,,,,,,0,,,,,,,05:00:00 16-Feb-2024,,,
260358,260358,0.500000,UT,,,23:46:39 17-Mar-2024,,3,42.0006,-68.8850,,,,,,,,,,,,,,,,,,,,,,,,,,,,,,,,,,,,0,,,,,,,05:00:00 16-Feb-2024,,,7311
260358,260358,0.500000,UT,,,23:49:05 17-Mar-2024,,3,42.0006,-68.8850,,,,,9011,,,,,,,,,,,,,,,,,,,,,,,,,,,,,,,0,,,,,,,05:00:00 16-Feb-2024,,,
260358,260358,0.500000,UT,,,23:50:22 17-Mar-2024,,3,42.0006,-68.8850,,,,,,3.450,,,,,,,,,,,,,,,,,,,,,,,,,,,,,,0,,,,,,,05:00:00 16-Feb-2024,,,
260358,260358,0.500000,UT,,,23:52:14 17-Mar-2024,,2,42.0036,-68.8921,,,,,,,,,,,,,,,,,,,,,,,,,,,,,,,,,,,,0,,,,,,,05:00:00 16-Feb-2024,,,7311
260358,260358,0.500000,UT,,,23:53:16 17-Mar-2024,,3,42.0006,-68.8850,,,,,,,,,5.35,,,,,,,,,,,,,,,,,,,,,,,,,,,0,,,,,,,05:00:00 16-Feb-2024,,,
260358,260358,0.500000,UT,,,23:54:26 17-Mar-2024,,3,42.0006,-68.8850,,,,,9016,,,,,,,,,,,,,,,,,,,,,,,,,,,,,,,0,,,,,,,05:00:00 16-Feb-2024,,,
260358,260358,0.500000,UT,,,23:55:50 17-Mar-2024,,3,42.0006,-68.8850,,,,,,3.475,,,,,,,,,,,,,,,,,,,,,,,,,,,,,,0,,,,,,,05:00:00 16-Feb-2024,,,
260358,260358,0.500000,UT,1.00b,,23:57:10 17-Mar-2024,,3,42.0006,-68.8850,,0,,,,,,,,,,,,,,,,,,,,,,,,,,,,,,,,,,0,,,,,,,05:00:00 16-Feb-2024,,,
260358,260358,0.500000,UT,,,23:58:13 17-Mar-2024,,3,42.0006,-68.8850,,,,,,,,,,,,,,,,,,,,,,,,,,,,,,,,,,,,0,,,,,,,05:00:00 16-Feb-2024,,,7311
260358,260358,0.500000,UT,,,00:21:27 18-Mar-2024,,3,41.9944,-68.9092,,,,,,3.450,,,,,,,,,,,,,,,,,,,,,,,,,,,,,,0,,,,,,,05:00:00 16-Feb-2024,,,
260358,260358,0.500000,UT,,,00:23:15 18-Mar-2024,,3,41.9944,-68.9092,,,,,,,,,,,,,,,,,,,,,,,,,,,,,,,,,,,,0,,,,,,,05:00:00 16-Feb-2024,,,7311
260358,260358,0.500000,UT,,,00:24:45 18-Mar-2024,,3,41.9944,-68.9092,,,,,9038,,,,,,,,,,,,,,,,,,,,,,,,,,,,,,,0,,,,,,,05:00:00 16-Feb-2024,,,
260358,260358,0.500000,UT,,,00:25:30 18-Mar-2024,,3,41.9944,-68.9092,,,,,,3.375,,,,,,,,,,,,,,,,,,,,,,,,,,,,,,0,,,,,,,05:00:00 16-Feb-2024,,,
260358,260358,0.500000,UT,1.00b,,00:26:15 18-Mar-2024,,3,41.9944,-68.9092,,0,,,,,,,,,,,,,,,,,,,,,,,,,,,,,,,,,,0,,,,,,,05:00:00 16-Feb-2024,,,
260358,260358,0.500000,UT,,,00:29:04 18-Mar-2024,,3,41.9944,-68.9092,,,,,9043,,,,,,,,,,,,,,,,,,,,,,,,,,,,,,,0,,,,,,,05:00:00 16-Feb-2024,,,
260358,260358,0.500000,UT,,,00:35:51 18-Mar-2024,,2,42.0011,-68.9156,,,,,,,,,5.65,,,,,,,,,,,,,,,,,,,,,,,,,,,0,,,,,,,05:00:00 16-Feb-2024,,,
260358,260358,0.500000,UT,,,00:36:37 18-Mar-2024,,2,42.0011,-68.9156,,,,,9053,,,,,,,,,,,,,,,,,,,,,,,,,,,,,,,0,,,,,,,05:00:00 16-Feb-2024,,,
260358,260358,0.500000,UT,3.00b,,00:38:22 18-Mar-2024,,2,42.0011,-68.9156,,0,,,,,,,,,,,,,,,,,,,,,,,,,,,,,,,,,,0,,,,,,,05:00:00 16-Feb-2024,,,
260358,260358,0.500000,UT,,,00:39:10 18-Mar-2024,,2,42.0011,-68.9156,,,,,,,,,,,,,,,,,,,,,,,,,,,,,,,,,,,,0,,,,,,,05:00:00 16-Feb-2024,,,7311
260358,260358,0.500000,UT,,,00:40:46 18-Mar-2024,,2,42.0011,-68.9156,,,,,,,,,5.70,,,,,,,,,,,,,,,,,,,,,,,,,,,0,,,,,,,05:00:00 16-Feb-2024,,,
260358,260358,0.500000,UT,1.00b,,00:44:30 18-Mar-2024,,2,41.9927,-68.9088,,0,,,,,,,,,,,,,,,,,,,,,,,,,,,,,,,,,,0,,,,,,,05:00:00 16-Feb-2024,,,
260358,260358,0.500000,UT,,,00:45:23 18-Mar-2024,,2,41.9927,-68.9088,,,,,,,,,,,,,,,,,,,,,,,,,,,,,,,,,,,,0,,,,,,,05:00:00 16-Feb-2024,,,7311
260358,260358,0.500000,UT,,,00:46:10 18-Mar-2024,,2,41.9927,-68.9088,,,,,,,,,5.65,,,,,,,,,,,,,,,,,,,,,,,,,,,0,,,,,,,05:00:00 16-Feb-2024,,,
260358,260358,0.500000,UT,,,00:47:40 18-Mar-2024,,2,41.9921,-68.9055,,,,,,3.425,,,,,,,,,,,,,,,,,,,,,,,,,,,,,,0,,,,,,,05:00:00 16-Feb-2024,,,
260358,260358,0.500000,UT,,,00:51:23 18-Mar-2024,,2,41.9921,-68.9055,,,,,9070,,,,,,,,,,,,,,,,,,,,,,,,,,,,,,,0,,,,,,,05:00:00 16-Feb-2024,,,
260358,260358,0.500000,UT,1.00b,,00:53:41 18-Mar-2024,,2,41.9921,-68.9055,,0,,,,,,,,,,,,,,,,,,,,,,,,,,,,,,,,,,0,,,,,,,05:00:00 16-Feb-2024,,,
260358,260358,0.500000,UT,1.00b,,11:41:03 18-Mar-2024,,B,41.8957,-69.2271,,0,,,,,,,,,,,,,,,,,,,,,,,,,,,,,,,,,,0,,,,,,,05:00:00 16-Feb-2024,,,
260358,260358,0.500000,UT,,,12:02:09 18-Mar-2024,,3,41.9367,-69.2215,,,,,,3.475,,,,,,,,,,,,,,,,,,,,,,,,,,,,,,0,,,,,,,05:00:00 16-Feb-2024,,,
260358,260358,0.500000,UT,1.00b,,12:04:15 18-Mar-2024,,3,41.9367,-69.2215,,0,,,,,,,,,,,,,,,,,,,,,,,,,,,,,,,,,,0,,,,,,,05:00:00 16-Feb-2024,,,
260358,260358,0.500000,UT,,,12:06:35 18-Mar-2024,,3,41.9367,-69.2215,,,,,,,,,,,,,,,,,,,,,,,,,,,,,,,,,,,,0,,,,,,,05:00:00 16-Feb-2024,,,7311
260358,260358,0.500000,UT,,,12:08:11 18-Mar-2024,,3,41.9367,-69.2215,,,,,,,,,5.45,,,,,,,,,,,,,,,,,,,,,,,,,,,0,,,,,,,05:00:00 16-Feb-2024,,,
260358,260358,0.500000,UT,,,12:09:10 18-Mar-2024,,3,41.9367,-69.2215,,,,,9116,,,,,,,,,,,,,,,,,,,,,,,,,,,,,,,0,,,,,,,05:00:00 16-Feb-2024,,,
260358,260358,0.500000,UT,,,13:05:23 18-Mar-2024,,3,41.9151,-69.2612,,,,,9138,,,,,,,,,,,,,,,,,,,,,,,,,,,,,,,0,,,,,,,05:00:00 16-Feb-2024,,,
260358,260358,0.500000,UT,,,13:10:39 18-Mar-2024,,3,41.9151,-69.2612,,,,,,3.475,,,,,,,,,,,,,,,,,,,,,,,,,,,,,,0,,,,,,,05:00:00 16-Feb-2024,,,
260358,260358,0.500000,UT,1.00b,,13:13:34 18-Mar-2024,,3,41.9151,-69.2612,,0,,,,,,,,,,,,,,,,,,,,,,,,,,,,,,,,,,0,,,,,,,05:00:00 16-Feb-2024,,,
260358,260358,0.500000,UT,,,13:14:58 18-Mar-2024,,3,41.9151,-69.2612,,,,,,,,,,,,,,,,,,,,,,,,,,,,,,,,,,,,0,,,,,,,05:00:00 16-Feb-2024,,,7311
260358,260358,0.500000,UT,,,13:42:53 18-Mar-2024,,B,41.9021,-69.2825,,,,,9160,,,,,,,,,,,,,,,,,,,,,,,,,,,,,,,0,,,,,,,05:00:00 16-Feb-2024,,,
260358,260358,0.500000,UT,,,13:44:36 18-Mar-2024,,B,41.9021,-69.2825,,,,,,3.500,,,,,,,,,,,,,,,,,,,,,,,,,,,,,,0,,,,,,,05:00:00 16-Feb-2024,,,
260358,260358,0.500000,UT,,,13:50:44 18-Mar-2024,,3,41.8992,-69.2814,,,,,,,,,5.35,,,,,,,,,,,,,,,,,,,,,,,,,,,0,,,,,,,05:00:00 16-Feb-2024,,,
260358,260358,0.500000,UT,,,13:55:02 18-Mar-2024,,3,41.8992,-69.2814,,,,,9166,,,,,,,,,,,,,,,,,,,,,,,,,,,,,,,0,,,,,,,05:00:00 16-Feb-2024,,,
260358,260358,0.500000,UT,,,14:40:52 18-Mar-2024,,B,41.8843,-69.3075,,,,,9188,,,,,,,,,,,,,,,,,,,,,,,,,,,,,,,0,,,,,,,05:00:00 16-Feb-2024,,,
260358,260358,0.500000,UT,,,14:46:16 18-Mar-2024,,B,41.8744,-69.3030,,,,,,,,,,,,,,,,,,,,,,,,,,,,,,,,,,,,0,,,,,,,05:00:00 16-Feb-2024,,,7311
260358,260358,0.500000,UT,,,14:50:41 18-Mar-2024,,1,41.8744,-69.3030,,,,,9193,,,,,,,,,,,,,,,,,,,,,,,,,,,,,,,0,,,,,,,05:00:00 16-Feb-2024,,,
260358,260358,0.500000,UT,,,14:52:53 18-Mar-2024,,1,41.8744,-69.3030,,,,,,3.450,,,,,,,,,,,,,,,,,,,,,,,,,,,,,,0,,,,,,,05:00:00 16-Feb-2024,,,
260358,260358,0.500000,UT,,,14:57:14 18-Mar-2024,,1,41.8744,-69.3030,,,,,,,,,,,,,,,,,,,,,,,,,,,,,,,,,,,,0,,,,,,,05:00:00 16-Feb-2024,,,7311
260358,260358,0.500000,UT,,,15:35:05 18-Mar-2024,,A,41.8582,-69.3249,,,,,,,,,6.25,,,,,,,,,,,,,,,,,,,,,,,,,,,0,,,,,,,05:00:00 16-Feb-2024,,,
260358,260358,0.500000,UT,,,15:37:11 18-Mar-2024,,A,41.8582,-69.3249,,,,,9214,,,,,,,,,,,,,,,,,,,,,,,,,,,,,,,0,,,,,,,05:00:00 16-Feb-2024,,,
260358,260358,0.500000,UT,,,16:00:16 18-Mar-2024,,B,41.8469,-69.3391,,,,,,3.475,,,,,,,,,,,,,,,,,,,,,,,,,,,,,,0,,,,,,,05:00:00 16-Feb-2024,,,
260358,260358,0.500000,UT,,,16:16:36 18-Mar-2024,,1,41.8449,-69.3568,,,,,,,,,,,,,,,,,,,,,,,,,,,,,,,,,,,,0,,,,,,,05:00:00 16-Feb-2024,,,7311
260358,260358,0.500000,UT,,,16:18:20 18-Mar-2024,,1,41.8449,-69.3568,,,,,,,,,6.65,,,,,,,,,,,,,,,,,,,,,,,,,,,0,,,,,,,05:00:00 16-Feb-2024,,,
260358,260358,0.500000,UT,,,16:21:42 18-Mar-2024,,1,41.8449,-69.3568,,,,,,3.450,,,,,,,,,,,,,,,,,,,,,,,,,,,,,,0,,,,,,,05:00:00 16-Feb-2024,,,
260358,260358,0.500000,UT,1.00b,,16:23:51 18-Mar-2024,,1,41.8449,-69.3568,,0,,,,,,,,,,,,,,,,,,,,,,,,,,,,,,,,,,0,,,,,,,05:00:00 16-Feb-2024,,,
260358,260358,0.500000,UT,,,22:11:29 18-Mar-2024,,B,41.8982,-69.3859,,,,,,3.475,,,,,,,,,,,,,,,,,,,,,,,,,,,,,,0,,,,,,,05:00:00 16-Feb-2024,,,
260358,260358,0.500000,UT,,,22:56:42 18-Mar-2024,,A,41.8765,-69.5096,,,,,9328,,,,,,,,,,,,,,,,,,,,,,,,,,,,,,,0,,,,,,,05:00:00 16-Feb-2024,,,
260358,260358,0.500000,UT,,,22:58:12 18-Mar-2024,,A,41.8765,-69.5096,,,,,,3.475,,,,,,,,,,,,,,,,,,,,,,,,,,,,,,0,,,,,,,05:00:00 16-Feb-2024,,,
260358,260358,0.500000,UT,1.00b,,22:59:44 18-Mar-2024,,A,41.8765,-69.5096,,1,,,,,,,,,,,,,,,,,,,,,,,,,,,,,,,,,,0,,,,,,,05:00:00 16-Feb-2024,,,
260358,260358,0.500000,UT,,,23:20:55 18-Mar-2024,,0,41.8725,-69.5421,,,,,9344,,,,,,,,,,,,,,,,,,,,,,,,,,,,,,,0,,,,,,,05:00:00 16-Feb-2024,,,
260358,260358,0.500000,UT,,,23:25:25 18-Mar-2024,,0,41.8725,-69.5421,,,,,,,,,,,,,,,,,,,,,,,,,,,,,,,,,,,,0,,,,,,,05:00:00 16-Feb-2024,,,7311
260358,260358,0.500000,UT,,,23:29:58 18-Mar-2024,,0,41.8725,-69.5421,,,,,,3.450,,,,,,,,,,,,,,,,,,,,,,,,,,,,,,0,,,,,,,05:00:00 16-Feb-2024,,,
260358,260358,0.500000,UT,1.00b,,23:31:31 18-Mar-2024,,0,41.8725,-69.5421,,1,,,,,,,,,,,,,,,,,,,,,,,,,,,,,,,,,,0,,,,,,,05:00:00 16-Feb-2024,,,
260358,260358,0.500000,UT,,,23:34:07 18-Mar-2024,,1,41.8728,-69.5211,,,,,,,,,5.90,,,,,,,,,,,,,,,,,,,,,,,,,,,0,,,,,,,05:00:00 16-Feb-2024,,,
260358,260358,0.500000,UT,,,23:35:38 18-Mar-2024,,1,41.8728,-69.5211,,,,,,3.425,,,,,,,,,,,,,,,,,,,,,,,,,,,,,,0,,,,,,,05:00:00 16-Feb-2024,,,
260358,260358,0.500000,UT,,,23:38:11 18-Mar-2024,,1,41.8728,-69.5211,,,,,,,,,,,,,,,,,,,,,,,,,,,,,,,,,,,,0,,,,,,,05:00:00 16-Feb-2024,,,7311
260358,260358,0.500000,UT,,,23:40:27 18-Mar-2024,,1,41.8728,-69.5211,,,,,,3.400,,,,,,,,,,,,,,,,,,,,,,,,,,,,,,0,,,,,,,05:00:00 16-Feb-2024,,,
260358,260358,0.500000,UT,,,23:50:18 18-Mar-2024,,3,41.8743,-69.5213,,,,,,,,,5.85,,,,,,,,,,,,,,,,,,,,,,,,,,,0,,,,,,,05:00:00 16-Feb-2024,,,
260358,260358,0.500000,UT,,,23:51:04 18-Mar-2024,,3,41.8743,-69.5213,,,,,9375,,,,,,,,,,,,,,,,,,,,,,,,,,,,,,,0,,,,,,,05:00:00 16-Feb-2024,,,
260358,260358,0.500000,UT,,,23:51:50 18-Mar-2024,,3,41.8743,-69.5213,,,,,,3.400,,,,,,,,,,,,,,,,,,,,,,,,,,,,,,0,,,,,,,05:00:00 16-Feb-2024,,,
260358,260358,0.500000,UT,,,23:54:06 18-Mar-2024,,3,41.8743,-69.5213,,,,,,,,,5.80,,,,,,,,,,,,,,,,,,,,,,,,,,,0,,,,,,,05:00:00 16-Feb-2024,,,
260358,260358,0.500000,UT,,,23:54:51 18-Mar-2024,,3,41.8743,-69.5213,,,,,9380,,,,,,,,,,,,,,,,,,,,,,,,,,,,,,,0,,,,,,,05:00:00 16-Feb-2024,,,
260358,260358,0.500000,UT,,,23:55:36 18-Mar-2024,,3,41.8743,-69.5213,,,,,,3.425,,,,,,,,,,,,,,,,,,,,,,,,,,,,,,0,,,,,,,05:00:00 16-Feb-2024,,,
260358,260358,0.500000,UT,,23:57:45 18-Mar-2024,23:56:21 18-Mar-2024,-83,3,41.8743,-69.5213,CRC,,,,9382,3.450,,,5.85,,,,,,,,,,,,,,255,41,255,0,,,,,,,0,,,0,92,,,,,,05:00:00 16-Feb-2024,,,
260358,260358,0.500000,UT,1.00b,,23:57:06 18-Mar-2024,,3,41.8743,-69.5213,,0,,,,,,,,,,,,,,,,,,,,,,,,,,,,,,,,,,0,,,,,,,05:00:00 16-Feb-2024,,,
260358,260358,0.500000,UT,,,23:57:51 18-Mar-2024,,3,41.8743,-69.5213,,,,,,,,,,,,,,,,,,,,,,,,,,,,,,,,,,,,0,,,,,,,05:00:00 16-Feb-2024,,,7311
260358,260358,0.500000,UT,,,00:28:05 19-Mar-2024,,B,41.8818,-69.5231,,,,,,,,,5.70,,,,,,,,,,,,,,,,,,,,,,,,,,,0,,,,,,,05:00:00 16-Feb-2024,,,
260358,260358,0.500000,UT,,,00:29:23 19-Mar-2024,,B,41.8818,-69.5231,,,,,9413,,,,,,,,,,,,,,,,,,,,,,,,,,,,,,,0,,,,,,,05:00:00 16-Feb-2024,,,
260358,260358,0.500000,UT,1.00b,,00:33:53 19-Mar-2024,,A,41.8687,-69.5428,,0,,,,,,,,,,,,,,,,,,,,,,,,,,,,,,,,,,0,,,,,,,05:00:00 16-Feb-2024,,,
260358,260358,0.500000,UT,,,00:36:24 19-Mar-2024,,A,41.8687,-69.5428,,,,,,,,,5.55,,,,,,,,,,,,,,,,,,,,,,,,,,,0,,,,,,,05:00:00 16-Feb-2024,,,
260358,260358,0.500000,UT,1.00b,,00:43:13 19-Mar-2024,,A,41.8687,-69.5428,,0,,,,,,,,,,,,,,,,,,,,,,,,,,,,,,,,,,0,,,,,,,05:00:00 16-Feb-2024,,,
260358,260358,0.500000,UT,,,01:03:49 19-Mar-2024,,1,41.8639,-69.5555,,,,,9429,,,,,,,,,,,,,,,,,,,,,,,,,,,,,,,0,,,,,,,05:00:00 16-Feb-2024,,,
260358,260358,0.500000,UT,,,01:04:34 19-Mar-2024,,1,41.8639,-69.5555,,,,,,3.425,,,,,,,,,,,,,,,,,,,,,,,,,,,,,,0,,,,,,,05:00:00 16-Feb-2024,,,
260358,260358,0.500000,UT,1.00b,,01:06:28 19-Mar-2024,,1,41.8639,-69.5555,,0,,,,,,,,,,,,,,,,,,,,,,,,,,,,,,,,,,0,,,,,,,05:00:00 16-Feb-2024,,,
260358,260358,0.500000,UT,,01:09:59 19-Mar-2024,01:08:35 19-Mar-2024,-83,1,41.8599,-69.5658,CRC,,,,9432,3.450,,,5.25,,,,,,,,,,,,,,255,42,255,0,,,,,,,8,,,0,80,,,,,,05:00:00 16-Feb-2024,,,
260358,260358,0.500000,UT,,,01:10:56 19-Mar-2024,,1,41.8599,-69.5658,,,,,,,,,,,,,,,,,,,,,,,,,,,,,,,,,,,,0,,,,,,,05:00:00 16-Feb-2024,,,7311
260358,260358,0.500000,UT,,,01:12:51 19-Mar-2024,,1,41.8599,-69.5658,,,,,,,,,5.35,,,,,,,,,,,,,,,,,,,,,,,,,,,0,,,,,,,05:00:00 16-Feb-2024,,,
260358,260358,0.500000,UT,,,01:14:56 19-Mar-2024,,1,41.8599,-69.5658,,,,,9435,,,,,,,,,,,,,,,,,,,,,,,,,,,,,,,0,,,,,,,05:00:00 16-Feb-2024,,,
260358,260358,0.500000,UT,1.00b,,01:59:14 19-Mar-2024,,B,41.8519,-69.5868,,0,,,,,,,,,,,,,,,,,,,,,,,,,,,,,,,,,,0,,,,,,,05:00:00 16-Feb-2024,,,
260358,260358,0.500000,UT,,,12:55:47 19-Mar-2024,,B,41.6113,-69.7142,,,,,,3.475,,,,,,,,,,,,,,,,,,,,,,,,,,,,,,0,,,,,,,05:00:00 16-Feb-2024,,,
260358,260358,0.500000,UT,,,13:29:16 19-Mar-2024,,A,41.6065,-69.7276,,,,,,,,,5.55,,,,,,,,,,,,,,,,,,,,,,,,,,,0,,,,,,,05:00:00 16-Feb-2024,,,
260358,260358,0.500000,UT,,,13:33:11 19-Mar-2024,,A,41.6065,-69.7276,,,,,9496,,,,,,,,,,,,,,,,,,,,,,,,,,,,,,,0,,,,,,,05:00:00 16-Feb-2024,,,
260358,260358,0.500000,UT,,,13:36:48 19-Mar-2024,,A,41.6065,-69.7276,,,,,,3.475,,,,,,,,,,,,,,,,,,,,,,,,,,,,,,0,,,,,,,05:00:00 16-Feb-2024,,,
260358,260358,0.500000,UT,,,14:20:49 19-Mar-2024,,3,41.5735,-69.7478,,,,,,,,,,,,,,,,,,,,,,,,,,,,,,,,,,,,0,,,,,,,05:00:00 16-Feb-2024,,,7311
260358,260358,0.500000,UT,,,14:24:06 19-Mar-2024,,3,41.5735,-69.7478,,,,,,,,,5.70,,,,,,,,,,,,,,,,,,,,,,,,,,,0,,,,,,,05:00:00 16-Feb-2024,,,
260358,260358,0.500000,UT,,,14:27:42 19-Mar-2024,,3,41.5735,-69.7478,,,,,9513,,,,,,,,,,,,,,,,,,,,,,,,,,,,,,,0,,,,,,,05:00:00 16-Feb-2024,,,
260358,260358,0.500000,UT,,,14:31:03 19-Mar-2024,,3,41.5735,-69.7478,,,,,,3.450,,,,,,,,,,,,,,,,,,,,,,,,,,,,,,0,,,,,,,05:00:00 16-Feb-2024,,,
260358,260358,0.500000,UT,1.00b,,14:37:24 19-Mar-2024,,1,41.5614,-69.7466,,0,,,,,,,,,,,,,,,,,,,,,,,,,,,,,,,,,,0,,,,,,,05:00:00 16-Feb-2024,,,
260358,260358,0.500000,UT,,,14:40:43 19-Mar-2024,,1,41.5614,-69.7466,,,,,,,,,,,,,,,,,,,,,,,,,,,,,,,,,,,,0,,,,,,,05:00:00 16-Feb-2024,,,7311
260358,260358,0.500000,UT,,,14:43:36 19-Mar-2024,,1,41.5614,-69.7466,,,,,,,,,5.75,,,,,,,,,,,,,,,,,,,,,,,,,,,0,,,,,,,05:00:00 16-Feb-2024,,,
260358,260358,0.500000,UT,,,15:06:22 19-Mar-2024,,3,41.5410,-69.7643,,,,,,3.475,,,,,,,,,,,,,,,,,,,,,,,,,,,,,,0,,,,,,,05:00:00 16-Feb-2024,,,
260358,260358,0.500000,UT,1.00b,,15:09:39 19-Mar-2024,,3,41.5410,-69.7643,,0,,,,,,,,,,,,,,,,,,,,,,,,,,,,,,,,,,0,,,,,,,05:00:00 16-Feb-2024,,,
260358,260358,0.500000,UT,,,15:13:01 19-Mar-2024,,3,41.5410,-69.7643,,,,,,,,,,,,,,,,,,,,,,,,,,,,,,,,,,,,0,,,,,,,05:00:00 16-Feb-2024,,,7311
260358,260358,0.500000,UT,,,15:16:26 19-Mar-2024,,3,41.5410,-69.7643,,,,,,,,,5.95,,,,,,,,,,,,,,,,,,,,,,,,,,,0,,,,,,,05:00:00 16-Feb-2024,,,
260358,260358,0.500000,UT,,,16:02:28 19-Mar-2024,,1,41.5303,-69.8106,,,,,,,,,6.40,,,,,,,,,,,,,,,,,,,,,,,,,,,0,,,,,,,05:00:00 16-Feb-2024,,,
260358,260358,0.500000,UT,,16:07:21 19-Mar-2024,16:05:56 19-Mar-2024,-84,1,41.5303,-69.8106,CRC,,,,9557,3.475,,,6.20,,,,,,,,,,,,,,255,42,255,0,,,,,,,0,,,0,88,,,,,,05:00:00 16-Feb-2024,,,
260358,260358,0.500000,UT,,,16:07:40 19-Mar-2024,,1,41.5303,-69.8106,,,,,9558,,,,,,,,,,,,,,,,,,,,,,,,,,,,,,,0,,,,,,,05:00:00 16-Feb-2024,,,
260358,260358,0.500000,UT,,,16:16:45 19-Mar-2024,,B,41.5144,-69.8267,,,,,9563,,,,,,,,,,,,,,,,,,,,,,,,,,,,,,,0,,,,,,,05:00:00 16-Feb-2024,,,
260358,260358,0.500000,UT,,,16:20:50 19-Mar-2024,,B,41.5144,-69.8267,,,,,,,,,,,,,,,,,,,,,,,,,,,,,,,,,,,,0,,,,,,,05:00:00 16-Feb-2024,,,7311
260358,260358,0.500000,UT,,,16:50:23 19-Mar-2024,,2,41.5411,-69.8448,,,,,,,,,5.60,,,,,,,,,,,,,,,,,,,,,,,,,,,0,,,,,,,05:00:00 16-Feb-2024,,,
260358,260358,0.500000,UT,,,16:52:40 19-Mar-2024,,2,41.5411,-69.8448,,,,,9584,,,,,,,,,,,,,,,,,,,,,,,,,,,,,,,0,,,,,,,05:00:00 16-Feb-2024,,,
260358,260358,0.500000,UT,,,16:54:16 19-Mar-2024,,2,41.5411,-69.8448,,,,,,3.450,,,,,,,,,,,,,,,,,,,,,,,,,,,,,,0,,,,,,,05:00:00 16-Feb-2024,,,
260358,260358,0.500000,UT,1.00b,,16:55:56 19-Mar-2024,,2,41.5411,-69.8448,,0,,,,,,,,,,,,,,,,,,,,,,,,,,,,,,,,,,0,,,,,,,05:00:00 16-Feb-2024,,,
260358,260358,0.500000,UT,,,16:57:59 19-Mar-2024,,2,41.5411,-69.8448,,,,,,,,,,,,,,,,,,,,,,,,,,,,,,,,,,,,0,,,,,,,05:00:00 16-Feb-2024,,,7311
260358,260358,0.500000,UT,,,21:32:22 19-Mar-2024,,2,41.5432,-69.9976,,,,,,,,,,,,,,,,,,,,,,,,,,,,,,,,,,,,0,,,,,,,05:00:00 16-Feb-2024,,,7311
260358,260358,0.500000,UT,,,21:33:52 19-Mar-2024,,2,41.5432,-69.9976,,,,,,,,,11.25,,,,,,,,,,,,,,,,,,,,,,,,,,,0,,,,,,,05:00:00 16-Feb-2024,,,
260358,260358,0.500000,UT,,,21:35:24 19-Mar-2024,,2,41.5432,-69.9976,,,,,9604,,,,,,,,,,,,,,,,,,,,,,,,,,,,,,,0,,,,,,,05:00:00 16-Feb-2024,,,
260358,260358,0.500000,UT,,,21:36:54 19-Mar-2024,,2,41.5432,-69.9976,,,,,,3.500,,,,,,,,,,,,,,,,,,,,,,,,,,,,,,0,,,,,,,05:00:00 16-Feb-2024,,,
260358,260358,0.500000,UT,1.00b,,21:38:27 19-Mar-2024,,2,41.5432,-69.9976,,1,,,,,,,,,,,,,,,,,,,,,,,,,,,,,,,,,,0,,,,,,,05:00:00 16-Feb-2024,,,
260358,260358,0.500000,UT,,,21:41:31 19-Mar-2024,,A,41.5381,-70.0153,,,,,,,,,,,,,,,,,,,,,,,,,,,,,,,,,,,,0,,,,,,,05:00:00 16-Feb-2024,,,7311
260358,260358,0.500000,UT,,,21:43:01 19-Mar-2024,,A,41.5381,-70.0153,,,,,,,,,12.85,,,,,,,,,,,,,,,,,,,,,,,,,,,0,,,,,,,05:00:00 16-Feb-2024,,,
260358,260358,0.500000,UT,,,21:44:30 19-Mar-2024,,A,41.5381,-70.0153,,,,,9610,,,,,,,,,,,,,,,,,,,,,,,,,,,,,,,0,,,,,,,05:00:00 16-Feb-2024,,,
260358,260358,0.500000,UT,1.00b,,22:34:10 19-Mar-2024,,B,41.5227,-70.0237,,1,,,,,,,,,,,,,,,,,,,,,,,,,,,,,,,,,,0,,,,,,,05:00:00 16-Feb-2024,,,
260358,260358,0.500000,UT,,,22:35:40 19-Mar-2024,,B,41.5227,-70.0237,,,,,,,,,,,,,,,,,,,,,,,,,,,,,,,,,,,,0,,,,,,,05:00:00 16-Feb-2024,,,7311
260358,260358,0.500000,UT,,,22:56:48 19-Mar-2024,,A,41.5399,-70.0125,,,,,,3.500,,,,,,,,,,,,,,,,,,,,,,,,,,,,,,0,,,,,,,05:00:00 16-Feb-2024,,,
260358,260358,0.500000,UT,,,22:59:48 19-Mar-2024,,A,41.5399,-70.0125,,,,,,,,,,,,,,,,,,,,,,,,,,,,,,,,,,,,0,,,,,,,05:00:00 16-Feb-2024,,,7311
260358,260358,0.500000,UT,,,23:02:51 19-Mar-2024,,A,41.5399,-70.0125,,,,,9662,,,,,,,,,,,,,,,,,,,,,,,,,,,,,,,0,,,,,,,05:00:00 16-Feb-2024,,,
260358,260358,0.500000,UT,1.00b,,23:20:47 19-Mar-2024,,3,41.5410,-70.0121,,1,,,,,,,,,,,,,,,,,,,,,,,,,,,,,,,,,,0,,,,,,,05:00:00 16-Feb-2024,,,
260358,260358,0.500000,UT,,,23:22:18 19-Mar-2024,,3,41.5410,-70.0121,,,,,,,,,,,,,,,,,,,,,,,,,,,,,,,,,,,,0,,,,,,,05:00:00 16-Feb-2024,,,7311
260358,260358,0.500000,UT,,,23:23:46 19-Mar-2024,,3,41.5410,-70.0121,,,,,,,,,12.80,,,,,,,,,,,,,,,,,,,,,,,,,,,0,,,,,,,05:00:00 16-Feb-2024,,,
260358,260358,0.500000,UT,,,23:25:16 19-Mar-2024,,3,41.5410,-70.0121,,,,,9677,,,,,,,,,,,,,,,,,,,,,,,,,,,,,,,0,,,,,,,05:00:00 16-Feb-2024,,,
260358,260358,0.500000,UT,,,23:26:42 19-Mar-2024,,3,41.5410,-70.0121,,,,,,3.475,,,,,,,,,,,,,,,,,,,,,,,,,,,,,,0,,,,,,,05:00:00 16-Feb-2024,,,
260358,260358,0.500000,UT,,,00:22:33 20-Mar-2024,,B,41.5423,-70.0100,,,,,9715,,,,,,,,,,,,,,,,,,,,,,,,,,,,,,,0,,,,,,,05:00:00 16-Feb-2024,,,
260358,260358,0.500000,UT,1.00b,,00:25:35 20-Mar-2024,,B,41.5423,-70.0100,,1,,,,,,,,,,,,,,,,,,,,,,,,,,,,,,,,,,0,,,,,,,05:00:00 16-Feb-2024,,,
260358,260358,0.500000,UT,1.00b,,00:40:31 20-Mar-2024,,B,41.5260,-70.0176,,1,,,,,,,,,,,,,,,,,,,,,,,,,,,,,,,,,,0,,,,,,,05:00:00 16-Feb-2024,,,
260358,260358,0.500000,UT,,,00:42:04 20-Mar-2024,,B,41.5260,-70.0176,,,,,,,,,,,,,,,,,,,,,,,,,,,,,,,,,,,,0,,,,,,,05:00:00 16-Feb-2024,,,7311
260358,260358,0.500000,UT,,,00:52:28 20-Mar-2024,,A,41.5440,-70.0124,,,,,,,,,,,,,,,,,,,,,,,,,,,,,,,,,,,,0,,,,,,,05:00:00 16-Feb-2024,,,7311
260358,260358,0.500000,UT,,,00:53:55 20-Mar-2024,,A,41.5440,-70.0124,,,,,,,,,12.65,,,,,,,,,,,,,,,,,,,,,,,,,,,0,,,,,,,05:00:00 16-Feb-2024,,,
260358,260358,0.500000,UT,,,00:55:25 20-Mar-2024,,A,41.5440,-70.0124,,,,,9737,,,,,,,,,,,,,,,,,,,,,,,,,,,,,,,0,,,,,,,05:00:00 16-Feb-2024,,,
260358,260358,0.500000,UT,,,01:41:54 20-Mar-2024,,B,41.5446,-70.0027,,,,,,,,,12.30,,,,,,,,,,,,,,,,,,,,,,,,,,,0,,,,,,,05:00:00 16-Feb-2024,,,
260358,260358,0.500000,UT,,,01:43:24 20-Mar-2024,,B,41.5446,-70.0027,,,,,9769,,,,,,,,,,,,,,,,,,,,,,,,,,,,,,,0,,,,,,,05:00:00 16-Feb-2024,,,
260358,260358,0.500000,UT,,,01:50:54 20-Mar-2024,,B,41.5359,-70.0095,,,,,9774,,,,,,,,,,,,,,,,,,,,,,,,,,,,,,,0,,,,,,,05:00:00 16-Feb-2024,,,
260358,260358,0.500000,UT,1.00b,,01:53:54 20-Mar-2024,,B,41.5359,-70.0095,,1,,,,,,,,,,,,,,,,,,,,,,,,,,,,,,,,,,0,,,,,,,05:00:00 16-Feb-2024,,,
260358,260358,0.500000,UT,,,02:05:44 20-Mar-2024,,B,41.5403,-70.0126,,,,,,,,,12.20,,,,,,,,,,,,,,,,,,,,,,,,,,,0,,,,,,,05:00:00 16-Feb-2024,,,
260358,260358,0.500000,UT,,,02:07:14 20-Mar-2024,,B,41.5403,-70.0126,,,,,9785,,,,,,,,,,,,,,,,,,,,,,,,,,,,,,,0,,,,,,,05:00:00 16-Feb-2024,,,
260358,260358,0.500000,UT,,,02:35:48 20-Mar-2024,,B,41.5397,-70.0162,,,,,,,,,,,,,,,,,,,,,,,,,,,,,,,,,,,,0,,,,,,,05:00:00 16-Feb-2024,,,7311
260358,260358,0.500000,UT,,,02:37:18 20-Mar-2024,,B,41.5397,-70.0162,,,,,,,,,12.30,,,,,,,,,,,,,,,,,,,,,,,,,,,0,,,,,,,05:00:00 16-Feb-2024,,,
260358,260358,0.500000,UT,,11:18:05 20-Mar-2024,11:16:38 20-Mar-2024,-86,A,41.5360,-70.0104,CRC,,,,9832,3.525,,,12.40,,,,,,,,,,,,,,255,43,255,0,,,,,,,4,,,0,171,,,,,,05:00:00 16-Feb-2024,,,
260358,260358,0.500000,UT,,,11:18:08 20-Mar-2024,,A,41.5360,-70.0104,,,,,,,,,,,,,,,,,,,,,,,,,,,,,,,,,,,,0,,,,,,,05:00:00 16-Feb-2024,,,7311
260358,260358,0.500000,UT,,,11:21:09 20-Mar-2024,,A,41.5360,-70.0104,,,,,9835,,,,,,,,,,,,,,,,,,,,,,,,,,,,,,,0,,,,,,,05:00:00 16-Feb-2024,,,
260358,260358,0.500000,UT,,,12:51:03 20-Mar-2024,,3,41.5384,-70.0046,,,,,,3.500,,,,,,,,,,,,,,,,,,,,,,,,,,,,,,0,,,,,,,05:00:00 16-Feb-2024,,,
260358,260358,0.500000,UT,1.00b,,12:52:31 20-Mar-2024,,3,41.5384,-70.0046,,1,,,,,,,,,,,,,,,,,,,,,,,,,,,,,,,,,,0,,,,,,,05:00:00 16-Feb-2024,,,
260358,260358,0.500000,UT,,,12:54:01 20-Mar-2024,,3,41.5384,-70.0046,,,,,,,,,,,,,,,,,,,,,,,,,,,,,,,,,,,,0,,,,,,,05:00:00 16-Feb-2024,,,7311
260358,260358,0.500000,UT,,,12:55:31 20-Mar-2024,,3,41.5384,-70.0046,,,,,,,,,15.55,,,,,,,,,,,,,,,,,,,,,,,,,,,0,,,,,,,05:00:00 16-Feb-2024,,,
260358,260358,0.500000,UT,,,12:57:01 20-Mar-2024,,3,41.5384,-70.0046,,,,,9899,,,,,,,,,,,,,,,,,,,,,,,,,,,,,,,0,,,,,,,05:00:00 16-Feb-2024,,,
260358,260358,0.500000,UT,,,14:26:53 20-Mar-2024,,1,41.5385,-70.0089,,,,,9959,,,,,,,,,,,,,,,,,,,,,,,,,,,,,,,0,,,,,,,05:00:00 16-Feb-2024,,,
260358,260358,0.500000,UT,,,14:28:25 20-Mar-2024,,1,41.5385,-70.0089,,,,,,3.525,,,,,,,,,,,,,,,,,,,,,,,,,,,,,,0,,,,,,,05:00:00 16-Feb-2024,,,
260358,260358,0.500000,UT,1.00b,,14:29:56 20-Mar-2024,,1,41.5385,-70.0089,,1,,,,,,,,,,,,,,,,,,,,,,,,,,,,,,,,,,0,,,,,,,05:00:00 16-Feb-2024,,,
260358,260358,0.500000,UT,,,14:48:01 20-Mar-2024,,2,41.5385,-70.0021,,,,,,,,,21.15,,,,,,,,,,,,,,,,,,,,,,,,,,,0,,,,,,,05:00:00 16-Feb-2024,,,
260358,260358,0.500000,UT,,,14:49:31 20-Mar-2024,,2,41.5385,-70.0021,,,,,9974,,,,,,,,,,,,,,,,,,,,,,,,,,,,,,,0,,,,,,,05:00:00 16-Feb-2024,,,
260358,260358,0.500000,UT,,,14:51:01 20-Mar-2024,,2,41.5385,-70.0021,,,,,,3.525,,,,,,,,,,,,,,,,,,,,,,,,,,,,,,0,,,,,,,05:00:00 16-Feb-2024,,,
260358,260358,0.500000,UT,1.00b,,14:52:34 20-Mar-2024,,2,41.5385,-70.0021,,1,,,,,,,,,,,,,,,,,,,,,,,,,,,,,,,,,,0,,,,,,,05:00:00 16-Feb-2024,,,
260358,260358,0.500000,UT,,,14:54:04 20-Mar-2024,,2,41.5385,-70.0021,,,,,,,,,,,,,,,,,,,,,,,,,,,,,,,,,,,,0,,,,,,,05:00:00 16-Feb-2024,,,7311
260358,260358,0.500000,UT,,,14:55:36 20-Mar-2024,,2,41.5385,-70.0021,,,,,,,,,21.75,,,,,,,,,,,,,,,,,,,,,,,,,,,0,,,,,,,05:00:00 16-Feb-2024,,,
260358,260358,0.500000,UT,,15:40:23 20-Mar-2024,15:38:56 20-Mar-2024,-86,B,41.5394,-70.0009,CRC,,,,10007,3.525,,,21.50,,,,,,,,,,,,,,255,43,255,0,,,,,,,0,,,0,15,,,,,,05:00:00 16-Feb-2024,,,
260358,260358,0.500000,UT,,,15:50:58 20-Mar-2024,,0,41.5285,-69.9454,,,,,,,,,20.90,,,,,,,,,,,,,,,,,,,,,,,,,,,0,,,,,,,05:00:00 16-Feb-2024,,,
260358,260358,0.500000,UT,,,15:54:01 20-Mar-2024,,0,41.5285,-69.9454,,,,,,3.525,,,,,,,,,,,,,,,,,,,,,,,,,,,,,,0,,,,,,,05:00:00 16-Feb-2024,,,
260358,260358,0.500000,UT,,,15:56:59 20-Mar-2024,,0,41.5285,-69.9454,,,,,,,,,,,,,,,,,,,,,,,,,,,,,,,,,,,,0,,,,,,,05:00:00 16-Feb-2024,,,7311
260358,260358,0.500000,UT,,,15:58:32 20-Mar-2024,,0,41.5285,-69.9454,,,,,,,,,22.65,,,,,,,,,,,,,,,,,,,,,,,,,,,0,,,,,,,05:00:00 16-Feb-2024,,,
260358,260358,0.500000,UT,,,22:08:04 20-Mar-2024,,B,41.5234,-70.0350,,,,,,3.450,,,,,,,,,,,,,,,,,,,,,,,,,,,,,,0,,,,,,,05:00:00 16-Feb-2024,,,
260358,260358,0.500000,UT,,,22:13:06 20-Mar-2024,,B,41.5234,-70.0350,,,,,,,,,,,,,,,,,,,,,,,,,,,,,,,,,,,,0,,,,,,,05:00:00 16-Feb-2024,,,7311
260358,260358,0.500000,UT,,,22:33:06 20-Mar-2024,,3,41.4609,-69.9731,,,,,10104,,,,,,,,,,,,,,,,,,,,,,,,,,,,,,,0,,,,,,,05:00:00 16-Feb-2024,,,
260358,260358,0.500000,UT,,,22:34:25 20-Mar-2024,,3,41.4609,-69.9731,,,,,,3.475,,,,,,,,,,,,,,,,,,,,,,,,,,,,,,0,,,,,,,05:00:00 16-Feb-2024,,,
260358,260358,0.500000,UT,1.00b,,22:35:39 20-Mar-2024,,3,41.4609,-69.9731,,0,,,,,,,,,,,,,,,,,,,,,,,,,,,,,,,,,,0,,,,,,,05:00:00 16-Feb-2024,,,
260358,260358,0.500000,UT,,22:38:13 20-Mar-2024,22:36:44 20-Mar-2024,-88,3,41.4609,-69.9731,CRC,,,,10107,3.475,,,5.85,,,,,,,,,,,,,,255,43,255,0,,,,,,,0,,,0,91,,,,,,05:00:00 16-Feb-2024,,,
260358,260358,0.500000,UT,,,22:38:21 20-Mar-2024,,3,41.4609,-69.9731,,,,,,,,,,,,,,,,,,,,,,,,,,,,,,,,,,,,0,,,,,,,05:00:00 16-Feb-2024,,,7311
260358,260358,0.500000,UT,,,22:40:47 20-Mar-2024,,3,41.4609,-69.9731,,,,,,,,,5.95,,,,,,,,,,,,,,,,,,,,,,,,,,,0,,,,,,,05:00:00 16-Feb-2024,,,
260358,260358,0.500000,UT,1.00b,,22:47:04 20-Mar-2024,,2,41.4503,-69.9759,,0,,,,,,,,,,,,,,,,,,,,,,,,,,,,,,,,,,0,,,,,,,05:00:00 16-Feb-2024,,,
260358,260358,0.500000,UT,,,22:50:53 20-Mar-2024,,2,41.4503,-69.9759,,,,,10115,,,,,,,,,,,,,,,,,,,,,,,,,,,,,,,0,,,,,,,05:00:00 16-Feb-2024,,,
260358,260358,0.500000,UT,,,22:53:23 20-Mar-2024,,2,41.4503,-69.9759,,,,,,3.475,,,,,,,,,,,,,,,,,,,,,,,,,,,,,,0,,,,,,,05:00:00 16-Feb-2024,,,
260358,260358,0.500000,UT,,,22:57:50 20-Mar-2024,,2,41.4503,-69.9759,,,,,,,,,,,,,,,,,,,,,,,,,,,,,,,,,,,,0,,,,,,,05:00:00 16-Feb-2024,,,7311
260358,260358,0.500000,UT,,,00:07:42 21-Mar-2024,,3,41.4155,-69.9319,,,,,10142,,,,,,,,,,,,,,,,,,,,,,,,,,,,,,,0,,,,,,,05:00:00 16-Feb-2024,,,
260358,260358,0.500000,UT,1.00b,,00:09:52 21-Mar-2024,,2,41.4111,-69.9355,,0,,,,,,,,,,,,,,,,,,,,,,,,,,,,,,,,,,0,,,,,,,05:00:00 16-Feb-2024,,,
260358,260358,0.500000,UT,,,00:10:54 21-Mar-2024,,2,41.4111,-69.9355,,,,,,,,,,,,,,,,,,,,,,,,,,,,,,,,,,,,0,,,,,,,05:00:00 16-Feb-2024,,,7311
260358,260358,0.500000,UT,,,00:11:39 21-Mar-2024,,3,41.4155,-69.9319,,,,,,,,,6.50,,,,,,,,,,,,,,,,,,,,,,,,,,,0,,,,,,,05:00:00 16-Feb-2024,,,
260358,260358,0.500000,UT,,,00:12:24 21-Mar-2024,,3,41.4155,-69.9319,,,,,10147,,,,,,,,,,,,,,,,,,,,,,,,,,,,,,,0,,,,,,,05:00:00 16-Feb-2024,,,
260358,260358,0.500000,UT,,,00:13:50 21-Mar-2024,,3,41.4155,-69.9319,,,,,,3.475,,,,,,,,,,,,,,,,,,,,,,,,,,,,,,0,,,,,,,05:00:00 16-Feb-2024,,,
260358,260358,0.500000,UT,1.00b,,00:15:19 21-Mar-2024,,3,41.4155,-69.9319,,0,,,,,,,,,,,,,,,,,,,,,,,,,,,,,,,,,,0,,,,,,,05:00:00 16-Feb-2024,,,
260358,260358,0.500000,UT,,,00:17:11 21-Mar-2024,,3,41.4155,-69.9319,,,,,,,,,,,,,,,,,,,,,,,,,,,,,,,,,,,,0,,,,,,,05:00:00 16-Feb-2024,,,7311
260358,260358,0.500000,UT,,00:29:29 21-Mar-2024,00:28:00 21-Mar-2024,-88,3,41.3989,-69.9264,CRC,,,,10157,3.450,,,6.45,,,,,,,,,,,,,,255,43,255,0,,,,,,,9,,,0,83,,,,,,05:00:00 16-Feb-2024,,,
260358,260358,0.500000,UT,,,00:29:19 21-Mar-2024,,3,41.3989,-69.9264,,,,,10158,,,,,,,,,,,,,,,,,,,,,,,,,,,,,,,0,,,,,,,05:00:00 16-Feb-2024,,,
260358,260358,0.500000,UT,1.00b,,00:33:20 21-Mar-2024,,3,41.3989,-69.9264,,0,,,,,,,,,,,,,,,,,,,,,,,,,,,,,,,,,,0,,,,,,,05:00:00 16-Feb-2024,,,
260358,260358,0.500000,UT,,,00:35:53 21-Mar-2024,,3,41.3989,-69.9264,,,,,,,,,,,,,,,,,,,,,,,,,,,,,,,,,,,,0,,,,,,,05:00:00 16-Feb-2024,,,7311
260358,260358,0.500000,UT,,,00:37:46 21-Mar-2024,,3,41.3989,-69.9264,,,,,,,,,6.45,,,,,,,,,,,,,,,,,,,,,,,,,,,0,,,,,,,05:00:00 16-Feb-2024,,,
260358,260358,0.500000,UT,,,01:20:52 21-Mar-2024,,2,41.3644,-69.9103,,,,,,3.450,,,,,,,,,,,,,,,,,,,,,,,,,,,,,,0,,,,,,,05:00:00 16-Feb-2024,,,
260358,260358,0.500000,UT,1.00b,,01:23:22 21-Mar-2024,,2,41.3644,-69.9103,,0,,,,,,,,,,,,,,,,,,,,,,,,,,,,,,,,,,0,,,,,,,05:00:00 16-Feb-2024,,,
260358,260358,0.500000,UT,,,01:25:57 21-Mar-2024,,2,41.3644,-69.9103,,,,,,,,,,,,,,,,,,,,,,,,,,,,,,,,,,,,0,,,,,,,05:00:00 16-Feb-2024,,,7311
260358,260358,0.500000,UT,,,01:28:16 21-Mar-2024,,2,41.3644,-69.9103,,,,,10191,,,,,,,,,,,,,,,,,,,,,,,,,,,,,,,0,,,,,,,05:00:00 16-Feb-2024,,,
260358,260358,0.500000,UT,,,01:36:00 21-Mar-2024,,3,41.3592,-69.9126,,,,,10201,,,,,,,,,,,,,,,,,,,,,,,,,,,,,,,0,,,,,,,05:00:00 16-Feb-2024,,,
260358,260358,0.500000,UT,,,01:36:48 21-Mar-2024,,3,41.3592,-69.9126,,,,,,3.425,,,,,,,,,,,,,,,,,,,,,,,,,,,,,,0,,,,,,,05:00:00 16-Feb-2024,,,
260358,260358,0.500000,UT,,,01:38:21 21-Mar-2024,,3,41.3592,-69.9126,,,,,,,,,,,,,,,,,,,,,,,,,,,,,,,,,,,,0,,,,,,,05:00:00 16-Feb-2024,,,7311
260358,260358,0.500000,UT,,,01:39:08 21-Mar-2024,,3,41.3592,-69.9126,,,,,,,,,6.35,,,,,,,,,,,,,,,,,,,,,,,,,,,0,,,,,,,05:00:00 16-Feb-2024,,,
260358,260358,0.500000,UT,,,01:39:53 21-Mar-2024,,3,41.3592,-69.9126,,,,,10206,,,,,,,,,,,,,,,,,,,,,,,,,,,,,,,0,,,,,,,05:00:00 16-Feb-2024,,,
260358,260358,0.500000,UT,,,01:41:24 21-Mar-2024,,3,41.3592,-69.9126,,,,,,3.450,,,,,,,,,,,,,,,,,,,,,,,,,,,,,,0,,,,,,,05:00:00 16-Feb-2024,,,
260358,260358,0.500000,UT,,,11:50:12 21-Mar-2024,,B,41.1359,-69.7904,,,,,,3.500,,,,,,,,,,,,,,,,,,,,,,,,,,,,,,0,,,,,,,05:00:00 16-Feb-2024,,,
260358,260358,0.500000,UT,1.00b,,11:51:37 21-Mar-2024,,B,41.1359,-69.7904,,0,,,,,,,,,,,,,,,,,,,,,,,,,,,,,,,,,,0,,,,,,,05:00:00 16-Feb-2024,,,
260358,260358,0.500000,UT,,,12:17:27 21-Mar-2024,,B,41.0953,-69.8132,,,,,,,,,5.85,,,,,,,,,,,,,,,,,,,,,,,,,,,0,,,,,,,05:00:00 16-Feb-2024,,,
260358,260358,0.500000,UT,,,12:25:18 21-Mar-2024,,B,41.0999,-69.8210,,,,,,3.475,,,,,,,,,,,,,,,,,,,,,,,,,,,,,,0,,,,,,,05:00:00 16-Feb-2024,,,
260358,260358,0.500000,UT,,,12:36:00 21-Mar-2024,,B,41.0720,-69.8548,,,,,,,,,,,,,,,,,,,,,,,,,,,,,,,,,,,,0,,,,,,,05:00:00 16-Feb-2024,,,7311
260358,260358,0.500000,UT,,,12:50:53 21-Mar-2024,,B,41.0575,-69.8587,,,,,,3.450,,,,,,,,,,,,,,,,,,,,,,,,,,,,,,0,,,,,,,05:00:00 16-Feb-2024,,,
260358,260358,0.500000,UT,,,13:35:47 21-Mar-2024,,0,41.0899,-69.8351,,,,,,,,,8.10,,,,,,,,,,,,,,,,,,,,,,,,,,,0,,,,,,,05:00:00 16-Feb-2024,,,
260358,260358,0.500000,UT,,,13:36:33 21-Mar-2024,,0,41.0899,-69.8351,,,,,10269,,,,,,,,,,,,,,,,,,,,,,,,,,,,,,,0,,,,,,,05:00:00 16-Feb-2024,,,
260358,260358,0.500000,UT,,,13:38:51 21-Mar-2024,,0,41.0899,-69.8351,,,,,,,,,,,,,,,,,,,,,,,,,,,,,,,,,,,,0,,,,,,,05:00:00 16-Feb-2024,,,7311
260358,260358,0.500000,UT,,,14:01:35 21-Mar-2024,,B,41.0918,-69.8341,,,,,,,,,6.40,,,,,,,,,,,,,,,,,,,,,,,,,,,0,,,,,,,05:00:00 16-Feb-2024,,,
260358,260358,0.500000,UT,,,14:04:00 21-Mar-2024,,B,41.0784,-69.8321,,,,,10286,,,,,,,,,,,,,,,,,,,,,,,,,,,,,,,0,,,,,,,05:00:00 16-Feb-2024,,,
260358,260358,0.500000,UT,1.00b,,14:09:08 21-Mar-2024,,2,41.0799,-69.8327,,0,,,,,,,,,,,,,,,,,,,,,,,,,,,,,,,,,,0,,,,,,,05:00:00 16-Feb-2024,,,
260358,260358,0.500000,UT,,,14:13:31 21-Mar-2024,,2,41.0799,-69.8327,,,,,,,,,6.40,,,,,,,,,,,,,,,,,,,,,,,,,,,0,,,,,,,05:00:00 16-Feb-2024,,,
260358,260358,0.500000,UT,,,14:21:00 21-Mar-2024,,2,41.0799,-69.8327,,,,,,,,,,,,,,,,,,,,,,,,,,,,,,,,,,,,0,,,,,,,05:00:00 16-Feb-2024,,,7311
260358,260358,0.500000,UT,,,14:30:22 21-Mar-2024,,3,41.0724,-69.8124,,,,,10301,,,,,,,,,,,,,,,,,,,,,,,,,,,,,,,0,,,,,,,05:00:00 16-Feb-2024,,,
260358,260358,0.500000,UT,,,14:32:41 21-Mar-2024,,3,41.0724,-69.8124,,,,,,3.425,,,,,,,,,,,,,,,,,,,,,,,,,,,,,,0,,,,,,,05:00:00 16-Feb-2024,,,
260358,260358,0.500000,UT,1.00b,,14:35:02 21-Mar-2024,,3,41.0724,-69.8124,,0,,,,,,,,,,,,,,,,,,,,,,,,,,,,,,,,,,0,,,,,,,05:00:00 16-Feb-2024,,,
260358,260358,0.500000,UT,,,15:14:55 21-Mar-2024,,A,41.0459,-69.7981,,,,,,,,,6.15,,,,,,,,,,,,,,,,,,,,,,,,,,,0,,,,,,,05:00:00 16-Feb-2024,,,
260358,260358,0.500000,UT,,,15:19:27 21-Mar-2024,,B,41.0454,-69.7959,,,,,,3.450,,,,,,,,,,,,,,,,,,,,,,,,,,,,,,0,,,,,,,05:00:00 16-Feb-2024,,,
260358,260358,0.500000,UT,1.00b,,15:38:07 21-Mar-2024,,0,41.0442,-69.8182,,0,,,,,,,,,,,,,,,,,,,,,,,,,,,,,,,,,,0,,,,,,,05:00:00 16-Feb-2024,,,
260358,260358,0.500000,UT,,,15:41:17 21-Mar-2024,,0,41.0442,-69.8182,,,,,,,,,,,,,,,,,,,,,,,,,,,,,,,,,,,,0,,,,,,,05:00:00 16-Feb-2024,,,7311
260358,260358,0.500000,UT,,,15:47:27 21-Mar-2024,,0,41.0442,-69.8182,,,,,10328,,,,,,,,,,,,,,,,,,,,,,,,,,,,,,,0,,,,,,,05:00:00 16-Feb-2024,,,
260358,260358,0.500000,UT,,,15:48:53 21-Mar-2024,,0,41.0442,-69.8182,,,,,,3.450,,,,,,,,,,,,,,,,,,,,,,,,,,,,,,0,,,,,,,05:00:00 16-Feb-2024,,,
260358,260358,0.500000,UT,1.00b,,15:51:55 21-Mar-2024,,0,41.0244,-69.7707,,0,,,,,,,,,,,,,,,,,,,,,,,,,,,,,,,,,,0,,,,,,,05:00:00 16-Feb-2024,,,
260358,260358,0.500000,UT,,,15:54:43 21-Mar-2024,,0,41.0244,-69.7707,,,,,,,,,,,,,,,,,,,,,,,,,,,,,,,,,,,,0,,,,,,,05:00:00 16-Feb-2024,,,7311
260358,260358,0.500000,UT,,15:56:58 21-Mar-2024,15:55:28 21-Mar-2024,-89,0,41.0244,-69.7707,CRC,,,,10332,3.475,,,6.75,,,,,,,,,,,,,,255,43,255,0,,,,,,,0,,,0,82,,,,,,05:00:00 16-Feb-2024,,,
260358,260358,0.500000,UT,,,15:58:36 21-Mar-2024,,0,41.0244,-69.7707,,,,,,3.450,,,,,,,,,,,,,,,,,,,,,,,,,,,,,,0,,,,,,,05:00:00 16-Feb-2024,,,
260358,260358,0.500000,UT,,,16:05:36 21-Mar-2024,,A,41.0201,-69.7661,,,,,,,,,6.25,,,,,,,,,,,,,,,,,,,,,,,,,,,0,,,,,,,05:00:00 16-Feb-2024,,,
260358,260358,0.500000,UT,,,16:08:30 21-Mar-2024,,A,41.0201,-69.7661,,,,,10339,,,,,,,,,,,,,,,,,,,,,,,,,,,,,,,0,,,,,,,05:00:00 16-Feb-2024,,,
260358,260358,0.500000,UT,,,16:11:13 21-Mar-2024,,A,41.0201,-69.7661,,,,,,3.450,,,,,,,,,,,,,,,,,,,,,,,,,,,,,,0,,,,,,,05:00:00 16-Feb-2024,,,
260358,260358,0.500000,UT,,16:56:09 21-Mar-2024,16:54:39 21-Mar-2024,-89,0,40.9844,-69.7498,CRC,,,,10357,3.450,,,8.30,,,,,,,,,,,,,,255,43,255,0,,,,,,,0,,,0,86,,,,,,05:00:00 16-Feb-2024,,,
260358,260358,0.500000,UT,,,16:56:10 21-Mar-2024,,0,40.9844,-69.7498,,,,,,,,,8.75,,,,,,,,,,,,,,,,,,,,,,,,,,,0,,,,,,,05:00:00 16-Feb-2024,,,
260358,260358,0.500000,UT,,,16:56:56 21-Mar-2024,,0,40.9844,-69.7498,,,,,10360,,,,,,,,,,,,,,,,,,,,,,,,,,,,,,,0,,,,,,,05:00:00 16-Feb-2024,,,
260358,260358,0.500000,UT,,,16:57:44 21-Mar-2024,,0,40.9844,-69.7498,,,,,,3.450,,,,,,,,,,,,,,,,,,,,,,,,,,,,,,0,,,,,,,05:00:00 16-Feb-2024,,,
260358,260358,0.500000,UT,,,21:46:40 21-Mar-2024,,A,40.8496,-69.7598,,,,,,3.475,,,,,,,,,,,,,,,,,,,,,,,,,,,,,,0,,,,,,,05:00:00 16-Feb-2024,,,
260358,260358,0.500000,UT,1.00b,,21:48:33 21-Mar-2024,,2,40.8363,-69.7575,,0,,,,,,,,,,,,,,,,,,,,,,,,,,,,,,,,,,0,,,,,,,05:00:00 16-Feb-2024,,,
260358,260358,0.500000,UT,,,21:50:43 21-Mar-2024,,2,40.8363,-69.7575,,,,,,,,,,,,,,,,,,,,,,,,,,,,,,,,,,,,0,,,,,,,05:00:00 16-Feb-2024,,,7311
260358,260358,0.500000,UT,,,21:53:50 21-Mar-2024,,2,40.8363,-69.7575,,,,,,,,,5.95,,,,,,,,,,,,,,,,,,,,,,,,,,,0,,,,,,,05:00:00 16-Feb-2024,,,
260358,260358,0.500000,UT,1.00b,,22:05:12 21-Mar-2024,,A,40.8202,-69.7539,,0,,,,,,,,,,,,,,,,,,,,,,,,,,,,,,,,,,0,,,,,,,05:00:00 16-Feb-2024,,,
260358,260358,0.500000,UT,,,22:11:46 21-Mar-2024,,A,40.8202,-69.7539,,,,,,,,,5.90,,,,,,,,,,,,,,,,,,,,,,,,,,,0,,,,,,,05:00:00 16-Feb-2024,,,
260358,260358,0.500000,UT,,,22:13:51 21-Mar-2024,,A,40.8202,-69.7539,,,,,10380,,,,,,,,,,,,,,,,,,,,,,,,,,,,,,,0,,,,,,,05:00:00 16-Feb-2024,,,
260358,260358,0.500000,UT,,,22:17:07 21-Mar-2024,,A,40.8241,-69.7513,,,,,,3.450,,,,,,,,,,,,,,,,,,,,,,,,,,,,,,0,,,,,,,05:00:00 16-Feb-2024,,,
260358,260358,0.500000,UT,,22:21:53 21-Mar-2024,22:20:23 21-Mar-2024,-89,A,40.8241,-69.7513,CRC,,,,10382,3.450,,,5.80,,,,,,,,,,,,,,255,43,255,0,,,,,,,0,,,0,90,,,,,,05:00:00 16-Feb-2024,,,
260358,260358,0.500000,UT,1.00b,,22:23:35 21-Mar-2024,,A,40.8241,-69.7513,,0,,,,,,,,,,,,,,,,,,,,,,,,,,,,,,,,,,0,,,,,,,05:00:00 16-Feb-2024,,,
260358,260358,0.500000,UT,,,23:21:31 21-Mar-2024,,A,40.8034,-69.7548,,,,,,,,,,,,,,,,,,,,,,,,,,,,,,,,,,,,0,,,,,,,05:00:00 16-Feb-2024,,,7311
260358,260358,0.500000,UT,,,23:26:27 21-Mar-2024,,A,40.8034,-69.7548,,,,,10406,,,,,,,,,,,,,,,,,,,,,,,,,,,,,,,0,,,,,,,05:00:00 16-Feb-2024,,,
260358,260358,0.500000,UT,,,23:44:10 21-Mar-2024,,2,40.7888,-69.7459,,,,,,3.450,,,,,,,,,,,,,,,,,,,,,,,,,,,,,,0,,,,,,,05:00:00 16-Feb-2024,,,
260358,260358,0.500000,UT,1.00b,,23:46:24 21-Mar-2024,,2,40.7888,-69.7459,,0,,,,,,,,,,,,,,,,,,,,,,,,,,,,,,,,,,0,,,,,,,05:00:00 16-Feb-2024,,,
260358,260358,0.500000,UT,,,23:48:43 21-Mar-2024,,2,40.7888,-69.7459,,,,,,,,,,,,,,,,,,,,,,,,,,,,,,,,,,,,0,,,,,,,05:00:00 16-Feb-2024,,,7311
260358,260358,0.500000,UT,,,23:52:55 21-Mar-2024,,2,40.7888,-69.7459,,,,,10417,,,,,,,,,,,,,,,,,,,,,,,,,,,,,,,0,,,,,,,05:00:00 16-Feb-2024,,,
260358,260358,0.500000,UT,,,00:01:31 22-Mar-2024,,A,40.7806,-69.7386,,,,,,,,,,,,,,,,,,,,,,,,,,,,,,,,,,,,0,,,,,,,05:00:00 16-Feb-2024,,,7311
260358,260358,0.500000,UT,,,00:03:34 22-Mar-2024,,B,40.7855,-69.7544,,,,,,,,,5.90,,,,,,,,,,,,,,,,,,,,,,,,,,,0,,,,,,,05:00:00 16-Feb-2024,,,
260358,260358,0.500000,UT,1.00b,,00:10:23 22-Mar-2024,,3,40.7794,-69.7307,,0,,,,,,,,,,,,,,,,,,,,,,,,,,,,,,,,,,0,,,,,,,05:00:00 16-Feb-2024,,,
260358,260358,0.500000,UT,,,00:11:37 22-Mar-2024,,3,40.7794,-69.7307,,,,,,,,,,,,,,,,,,,,,,,,,,,,,,,,,,,,0,,,,,,,05:00:00 16-Feb-2024,,,7311
260358,260358,0.500000,UT,,,00:13:37 22-Mar-2024,,3,40.7794,-69.7307,,,,,,,,,5.95,,,,,,,,,,,,,,,,,,,,,,,,,,,0,,,,,,,05:00:00 16-Feb-2024,,,
260358,260358,0.500000,UT,,,00:15:24 22-Mar-2024,,3,40.7794,-69.7307,,,,,10428,,,,,,,,,,,,,,,,,,,,,,,,,,,,,,,0,,,,,,,05:00:00 16-Feb-2024,,,
260358,260358,0.500000,UT,,,00:17:30 22-Mar-2024,,3,40.7794,-69.7307,,,,,,3.450,,,,,,,,,,,,,,,,,,,,,,,,,,,,,,0,,,,,,,05:00:00 16-Feb-2024,,,
260358,260358,0.500000,UT,,,01:01:56 22-Mar-2024,,B,40.7503,-69.7212,,,,,10445,,,,,,,,,,,,,,,,,,,,,,,,,,,,,,,0,,,,,,,05:00:00 16-Feb-2024,,,
260358,260358,0.500000,UT,,,01:24:05 22-Mar-2024,,2,40.7446,-69.6911,,,,,,,,,5.80,,,,,,,,,,,,,,,,,,,,,,,,,,,0,,,,,,,05:00:00 16-Feb-2024,,,
260358,260358,0.500000,UT,,,01:27:16 22-Mar-2024,,2,40.7446,-69.6911,,,,,,3.475,,,,,,,,,,,,,,,,,,,,,,,,,,,,,,0,,,,,,,05:00:00 16-Feb-2024,,,
260358,260358,0.500000,UT,1.00b,,01:32:20 22-Mar-2024,,2,40.7446,-69.6911,,0,,,,,,,,,,,,,,,,,,,,,,,,,,,,,,,,,,0,,,,,,,05:00:00 16-Feb-2024,,,
260358,260358,0.500000,UT,,,01:38:13 22-Mar-2024,,1,40.7324,-69.6966,,,,,10462,,,,,,,,,,,,,,,,,,,,,,,,,,,,,,,0,,,,,,,05:00:00 16-Feb-2024,,,
260358,260358,0.500000,UT,,,01:40:12 22-Mar-2024,,1,40.7324,-69.6966,,,,,,3.450,,,,,,,,,,,,,,,,,,,,,,,,,,,,,,0,,,,,,,05:00:00 16-Feb-2024,,,
260358,260358,0.500000,UT,,,01:43:57 22-Mar-2024,,1,40.7324,-69.6966,,,,,,,,,,,,,,,,,,,,,,,,,,,,,,,,,,,,0,,,,,,,05:00:00 16-Feb-2024,,,7311
260358,260358,0.500000,UT,,,01:46:05 22-Mar-2024,,1,40.7324,-69.6966,,,,,,,,,5.75,,,,,,,,,,,,,,,,,,,,,,,,,,,0,,,,,,,05:00:00 16-Feb-2024,,,
260358,260358,0.500000,UT,,,01:48:12 22-Mar-2024,,3,40.7227,-69.6901,,,,,10467,,,,,,,,,,,,,,,,,,,,,,,,,,,,,,,0,,,,,,,05:00:00 16-Feb-2024,,,
260358,260358,0.500000,UT,,,01:50:06 22-Mar-2024,,3,40.7227,-69.6901,,,,,,3.450,,,,,,,,,,,,,,,,,,,,,,,,,,,,,,0,,,,,,,05:00:00 16-Feb-2024,,,
260358,260358,0.500000,UT,1.00b,,01:52:14 22-Mar-2024,,3,40.7227,-69.6901,,0,,,,,,,,,,,,,,,,,,,,,,,,,,,,,,,,,,0,,,,,,,05:00:00 16-Feb-2024,,,
260358,260358,0.500000,UT,,,01:54:49 22-Mar-2024,,3,40.7227,-69.6901,,,,,,,,,,,,,,,,,,,,,,,,,,,,,,,,,,,,0,,,,,,,05:00:00 16-Feb-2024,,,7311
260358,260358,0.500000,UT,,,01:56:48 22-Mar-2024,,3,40.7227,-69.6901,,,,,,,,,5.80,,,,,,,,,,,,,,,,,,,,,,,,,,,0,,,,,,,05:00:00 16-Feb-2024,,,
260358,260358,0.500000,UT,,,02:28:19 22-Mar-2024,,2,40.6873,-69.6551,,,,,,3.450,,,,,,,,,,,,,,,,,,,,,,,,,,,,,,0,,,,,,,05:00:00 16-Feb-2024,,,
260358,260358,0.500000,UT,1.00b,,02:30:50 22-Mar-2024,,2,40.6873,-69.6551,,0,,,,,,,,,,,,,,,,,,,,,,,,,,,,,,,,,,0,,,,,,,05:00:00 16-Feb-2024,,,
260358,260358,0.500000,UT,,,02:33:21 22-Mar-2024,,2,40.6873,-69.6551,,,,,,,,,,,,,,,,,,,,,,,,,,,,,,,,,,,,0,,,,,,,05:00:00 16-Feb-2024,,,7311
260358,260358,0.500000,UT,,,02:35:48 22-Mar-2024,,2,40.6873,-69.6551,,,,,,,,,5.75,,,,,,,,,,,,,,,,,,,,,,,,,,,0,,,,,,,05:00:00 16-Feb-2024,,,
260358,260358,0.500000,UT,,,12:07:20 22-Mar-2024,,B,40.3543,-69.4488,,,,,,3.500,,,,,,,,,,,,,,,,,,,,,,,,,,,,,,0,,,,,,,05:00:00 16-Feb-2024,,,
260358,260358,0.500000,UT,,,12:19:59 22-Mar-2024,,B,40.4533,-69.6010,,,,,10505,,,,,,,,,,,,,,,,,,,,,,,,,,,,,,,0,,,,,,,05:00:00 16-Feb-2024,,,
260358,260358,0.500000,UT,1.00b,,12:25:09 22-Mar-2024,,B,40.4533,-69.6010,,0,,,,,,,,,,,,,,,,,,,,,,,,,,,,,,,,,,0,,,,,,,05:00:00 16-Feb-2024,,,
260358,260358,0.500000,UT,,,13:39:39 22-Mar-2024,,1,40.3922,-69.5598,,,,,,3.450,,,,,,,,,,,,,,,,,,,,,,,,,,,,,,0,,,,,,,05:00:00 16-Feb-2024,,,
260358,260358,0.500000,UT,,,13:41:58 22-Mar-2024,,1,40.3922,-69.5598,,,,,,,,,7.95,,,,,,,,,,,,,,,,,,,,,,,,,,,0,,,,,,,05:00:00 16-Feb-2024,,,
260358,260358,0.500000,UT,,,13:42:46 22-Mar-2024,,1,40.3922,-69.5598,,,,,10549,,,,,,,,,,,,,,,,,,,,,,,,,,,,,,,0,,,,,,,05:00:00 16-Feb-2024,,,
260358,260358,0.500000,UT,,,13:43:31 22-Mar-2024,,1,40.3922,-69.5598,,,,,,3.475,,,,,,,,,,,,,,,,,,,,,,,,,,,,,,0,,,,,,,05:00:00 16-Feb-2024,,,
260358,260358,0.500000,UT,1.00b,,13:44:18 22-Mar-2024,,1,40.3922,-69.5598,,0,,,,,,,,,,,,,,,,,,,,,,,,,,,,,,,,,,0,,,,,,,05:00:00 16-Feb-2024,,,
260358,260358,0.500000,UT,,,13:45:05 22-Mar-2024,,1,40.3922,-69.5598,,,,,,,,,,,,,,,,,,,,,,,,,,,,,,,,,,,,0,,,,,,,05:00:00 16-Feb-2024,,,7311
260358,260358,0.500000,UT,,,13:46:37 22-Mar-2024,,1,40.3922,-69.5598,,,,,10554,,,,,,,,,,,,,,,,,,,,,,,,,,,,,,,0,,,,,,,05:00:00 16-Feb-2024,,,
260358,260358,0.500000,UT,,,13:47:22 22-Mar-2024,,1,40.3987,-69.5934,,,,,,3.450,,,,,,,,,,,,,,,,,,,,,,,,,,,,,,0,,,,,,,05:00:00 16-Feb-2024,,,
260358,260358,0.500000,UT,1.00b,,13:48:11 22-Mar-2024,,1,40.3987,-69.5934,,0,,,,,,,,,,,,,,,,,,,,,,,,,,,,,,,,,,0,,,,,,,05:00:00 16-Feb-2024,,,
260358,260358,0.500000,UT,,13:50:29 22-Mar-2024,13:48:58 22-Mar-2024,-90,1,40.3987,-69.5934,CRC,,,,10557,3.450,,,8.60,,,,,,,,,,,,,,255,43,255,0,,,,,,,3,,,0,80,,,,,,05:00:00 16-Feb-2024,,,
260358,260358,0.500000,UT,,,13:49:43 22-Mar-2024,,1,40.3987,-69.5934,,,,,,,,,,,,,,,,,,,,,,,,,,,,,,,,,,,,0,,,,,,,05:00:00 16-Feb-2024,,,7311
260358,260358,0.500000,UT,,,13:58:22 22-Mar-2024,,2,40.4100,-69.5769,,,,,,,,,8.75,,,,,,,,,,,,,,,,,,,,,,,,,,,0,,,,,,,05:00:00 16-Feb-2024,,,
260358,260358,0.500000,UT,,,13:59:10 22-Mar-2024,,2,40.4100,-69.5769,,,,,10570,,,,,,,,,,,,,,,,,,,,,,,,,,,,,,,0,,,,,,,05:00:00 16-Feb-2024,,,
260358,260358,0.500000,UT,,,14:01:31 22-Mar-2024,,2,40.4100,-69.5769,,,,,,,,,,,,,,,,,,,,,,,,,,,,,,,,,,,,0,,,,,,,05:00:00 16-Feb-2024,,,7311
260358,260358,0.500000,UT,,,14:02:16 22-Mar-2024,,2,40.4100,-69.5769,,,,,,,,,8.40,,,,,,,,,,,,,,,,,,,,,,,,,,,0,,,,,,,05:00:00 16-Feb-2024,,,
260358,260358,0.500000,UT,,,14:03:01 22-Mar-2024,,2,40.4100,-69.5769,,,,,10575,,,,,,,,,,,,,,,,,,,,,,,,,,,,,,,0,,,,,,,05:00:00 16-Feb-2024,,,
260358,260358,0.500000,UT,,,14:03:51 22-Mar-2024,,2,40.4121,-69.5918,,,,,,3.350,,,,,,,,,,,,,,,,,,,,,,,,,,,,,,0,,,,,,,05:00:00 16-Feb-2024,,,
260358,260358,0.500000,UT,1.00b,,14:04:40 22-Mar-2024,,2,40.4100,-69.5769,,0,,,,,,,,,,,,,,,,,,,,,,,,,,,,,,,,,,0,,,,,,,05:00:00 16-Feb-2024,,,
260358,260358,0.500000,UT,,,14:07:04 22-Mar-2024,,2,40.4100,-69.5769,,,,,,,,,8.15,,,,,,,,,,,,,,,,,,,,,,,,,,,0,,,,,,,05:00:00 16-Feb-2024,,,
260358,260358,0.500000,UT,,,14:07:49 22-Mar-2024,,2,40.4100,-69.5769,,,,,10580,,,,,,,,,,,,,,,,,,,,,,,,,,,,,,,0,,,,,,,05:00:00 16-Feb-2024,,,
260358,260358,0.500000,UT,,,14:08:35 22-Mar-2024,,2,40.4100,-69.5769,,,,,,3.450,,,,,,,,,,,,,,,,,,,,,,,,,,,,,,0,,,,,,,05:00:00 16-Feb-2024,,,
260358,260358,0.500000,UT,,14:10:52 22-Mar-2024,14:09:20 22-Mar-2024,-91,2,40.4100,-69.5769,CRC,,,,10582,3.450,,,8.45,,,,,,,,,,,,,,224,43,255,0,,,,,,,3,,,0,71,,,,,,05:00:00 16-Feb-2024,,,
260358,260358,0.500000,UT,,,14:10:52 22-Mar-2024,,2,40.4121,-69.5918,,,,,,,,,,,,,,,,,,,,,,,,,,,,,,,,,,,,0,,,,,,,05:00:00 16-Feb-2024,,,7327
260358,260358,0.500000,UT,,,14:11:38 22-Mar-2024,,2,40.4121,-69.5918,,,,,,,,,8.45,,,,,,,,,,,,,,,,,,,,,,,,,,,0,,,,,,,05:00:00 16-Feb-2024,,,
260358,260358,0.500000,UT,,,14:13:15 22-Mar-2024,,2,40.4121,-69.5918,,,,,,3.425,,,,,,,,,,,,,,,,,,,,,,,,,,,,,,0,,,,,,,05:00:00 16-Feb-2024,,,
260358,260358,0.500000,UT,1.00b,,14:14:01 22-Mar-2024,,2,40.4121,-69.5918,,0,,,,,,,,,,,,,,,,,,,,,,,,,,,,,,,,,,0,,,,,,,05:00:00 16-Feb-2024,,,
260358,260358,0.500000,UT,,,14:14:51 22-Mar-2024,,2,40.4121,-69.5918,,,,,,,,,,,,,,,,,,,,,,,,,,,,,,,,,,,,0,,,,,,,05:00:00 16-Feb-2024,,,7311
260358,260358,0.500000,UT,,,14:15:36 22-Mar-2024,,2,40.4121,-69.5918,,,,,,,,,8.65,,,,,,,,,,,,,,,,,,,,,,,,,,,0,,,,,,,05:00:00 16-Feb-2024,,,
260358,260358,0.500000,UT,,,14:54:39 22-Mar-2024,,3,40.3813,-69.5410,,,,,,,,,6.80,,,,,,,,,,,,,,,,,,,,,,,,,,,0,,,,,,,05:00:00 16-Feb-2024,,,
260358,260358,0.500000,UT,,,14:57:52 22-Mar-2024,,3,40.3813,-69.5410,,,,,10613,,,,,,,,,,,,,,,,,,,,,,,,,,,,,,,0,,,,,,,05:00:00 16-Feb-2024,,,
260358,260358,0.500000,UT,,,15:00:08 22-Mar-2024,,3,40.3813,-69.5410,,,,,,,,,,,,,,,,,,,,,,,,,,,,,,,,,,,,0,,,,,,,05:00:00 16-Feb-2024,,,7311
260358,260358,0.500000,UT,,,15:02:30 22-Mar-2024,,3,40.3813,-69.5410,,,,,,3.425,,,,,,,,,,,,,,,,,,,,,,,,,,,,,,0,,,,,,,05:00:00 16-Feb-2024,,,
260358,260358,0.500000,UT,1.00b,,15:03:15 22-Mar-2024,,3,40.3813,-69.5410,,0,,,,,,,,,,,,,,,,,,,,,,,,,,,,,,,,,,0,,,,,,,05:00:00 16-Feb-2024,,,
260358,260358,0.500000,UT,,,15:22:44 22-Mar-2024,,B,40.3705,-69.5103,,,,,,,,,9.10,,,,,,,,,,,,,,,,,,,,,,,,,,,0,,,,,,,05:00:00 16-Feb-2024,,,
260358,260358,0.500000,UT,,,21:40:37 22-Mar-2024,,B,40.1646,-69.3180,,,,,,,,,,,,,,,,,,,,,,,,,,,,,,,,,,,,0,,,,,,,05:00:00 16-Feb-2024,,,7311
260358,260358,0.500000,UT,,,21:44:50 22-Mar-2024,,B,40.2303,-69.3723,,,,,,,,,5.40,,,,,,,,,,,,,,,,,,,,,,,,,,,0,,,,,,,05:00:00 16-Feb-2024,,,
260358,260358,0.500000,UT,,,22:58:25 22-Mar-2024,,0,40.2147,-69.6614,,,,,10709,,,,,,,,,,,,,,,,,,,,,,,,,,,,,,,0,,,,,,,05:00:00 16-Feb-2024,,,
260358,260358,0.500000,UT,,,22:59:10 22-Mar-2024,,0,40.2147,-69.6614,,,,,,3.450,,,,,,,,,,,,,,,,,,,,,,,,,,,,,,0,,,,,,,05:00:00 16-Feb-2024,,,
260358,260358,0.500000,UT,1.00b,,23:02:23 22-Mar-2024,,0,40.2147,-69.6614,,0,,,,,,,,,,,,,,,,,,,,,,,,,,,,,,,,,,0,,,,,,,05:00:00 16-Feb-2024,,,
260358,260358,0.500000,UT,,,23:04:40 22-Mar-2024,,0,40.2147,-69.6614,,,,,,,,,6.45,,,,,,,,,,,,,,,,,,,,,,,,,,,0,,,,,,,05:00:00 16-Feb-2024,,,
260358,260358,0.500000,UT,1.00b,,00:34:41 23-Mar-2024,,B,40.1723,-69.7383,,0,,,,,,,,,,,,,,,,,,,,,,,,,,,,,,,,,,0,,,,,,,05:00:00 16-Feb-2024,,,
260358,260358,0.500000,UT,,,00:39:54 23-Mar-2024,,B,40.1624,-69.7415,,,,,10741,,,,,,,,,,,,,,,,,,,,,,,,,,,,,,,0,,,,,,,05:00:00 16-Feb-2024,,,
260358,260358,0.500000,UT,,,01:07:10 23-Mar-2024,,B,40.1623,-69.7417,,,,,,,,,,,,,,,,,,,,,,,,,,,,,,,,,,,,0,,,,,,,05:00:00 16-Feb-2024,,,7311
260358,260358,0.500000,UT,,,01:11:18 23-Mar-2024,,A,40.1506,-69.6718,,,,,10752,,,,,,,,,,,,,,,,,,,,,,,,,,,,,,,0,,,,,,,05:00:00 16-Feb-2024,,,
260358,260358,0.500000,UT,1.00b,,01:12:48 23-Mar-2024,,A,40.1506,-69.6718,,0,,,,,,,,,,,,,,,,,,,,,,,,,,,,,,,,,,0,,,,,,,05:00:00 16-Feb-2024,,,
260358,260358,0.500000,UT,,,01:15:31 23-Mar-2024,,A,40.1506,-69.6718,,,,,,,,,,,,,,,,,,,,,,,,,,,,,,,,,,,,0,,,,,,,05:00:00 16-Feb-2024,,,7311
260358,260358,0.500000,UT,,,01:24:03 23-Mar-2024,,3,40.1487,-69.6626,,,,,10758,,,,,,,,,,,,,,,,,,,,,,,,,,,,,,,0,,,,,,,05:00:00 16-Feb-2024,,,
260358,260358,0.500000,UT,,,01:27:08 23-Mar-2024,,3,40.1487,-69.6626,,,,,,3.450,,,,,,,,,,,,,,,,,,,,,,,,,,,,,,0,,,,,,,05:00:00 16-Feb-2024,,,
260358,260358,0.500000,UT,1.00b,,01:30:09 23-Mar-2024,,B,40.1437,-69.6712,,0,,,,,,,,,,,,,,,,,,,,,,,,,,,,,,,,,,0,,,,,,,05:00:00 16-Feb-2024,,,
260358,260358,0.500000,UT,1.00b,,01:30:10 23-Mar-2024,,3,40.1487,-69.6626,,0,,,,,,,,,,,,,,,,,,,,,,,,,,,,,,,,,,0,,,,,,,05:00:00 16-Feb-2024,,,
260358,260358,0.500000,UT,,,01:34:24 23-Mar-2024,,3,40.1487,-69.6626,,,,,,,,,,,,,,,,,,,,,,,,,,,,,,,,,,,,0,,,,,,,05:00:00 16-Feb-2024,,,7311
260358,260358,0.500000,UT,,,12:09:05 23-Mar-2024,,B,39.9423,-70.1817,,,,,,3.525,,,,,,,,,,,,,,,,,,,,,,,,,,,,,,0,,,,,,,05:00:00 16-Feb-2024,,,
260358,260358,0.500000,UT,,,12:34:09 23-Mar-2024,,B,40.0174,-69.9411,,,,,10813,,,,,,,,,,,,,,,,,,,,,,,,,,,,,,,0,,,,,,,05:00:00 16-Feb-2024,,,
260358,260358,0.500000,UT,,,13:12:38 23-Mar-2024,,A,40.1654,-70.0482,,,,,10835,,,,,,,,,,,,,,,,,,,,,,,,,,,,,,,0,,,,,,,05:00:00 16-Feb-2024,,,
260358,260358,0.500000,UT,1.00b,,13:17:21 23-Mar-2024,,A,40.1654,-70.0482,,0,,,,,,,,,,,,,,,,,,,,,,,,,,,,,,,,,,0,,,,,,,05:00:00 16-Feb-2024,,,
260358,260358,0.500000,UT,,,13:18:06 23-Mar-2024,,A,40.1654,-70.0482,,,,,,,,,,,,,,,,,,,,,,,,,,,,,,,,,,,,0,,,,,,,05:00:00 16-Feb-2024,,,7311
260358,260358,0.500000,UT,,,13:44:37 23-Mar-2024,,2,40.1667,-70.0668,,,,,,,,,,,,,,,,,,,,,,,,,,,,,,,,,,,,0,,,,,,,05:00:00 16-Feb-2024,,,7311
260358,260358,0.500000,UT,,,13:47:33 23-Mar-2024,,3,40.1688,-70.0720,,,,,10856,,,,,,,,,,,,,,,,,,,,,,,,,,,,,,,0,,,,,,,05:00:00 16-Feb-2024,,,
260358,260358,0.500000,UT,,,13:50:09 23-Mar-2024,,2,40.1667,-70.0668,,,,,,3.450,,,,,,,,,,,,,,,,,,,,,,,,,,,,,,0,,,,,,,05:00:00 16-Feb-2024,,,
260358,260358,0.500000,UT,1.00b,,13:50:54 23-Mar-2024,,2,40.1667,-70.0668,,0,,,,,,,,,,,,,,,,,,,,,,,,,,,,,,,,,,0,,,,,,,05:00:00 16-Feb-2024,,,
260358,260358,0.500000,UT,,,13:53:13 23-Mar-2024,,2,40.1667,-70.0668,,,,,,,,,6.15,,,,,,,,,,,,,,,,,,,,,,,,,,,0,,,,,,,05:00:00 16-Feb-2024,,,
260358,260358,0.500000,UT,,,13:54:40 23-Mar-2024,,2,40.1667,-70.0668,,,,,10862,,,,,,,,,,,,,,,,,,,,,,,,,,,,,,,0,,,,,,,05:00:00 16-Feb-2024,,,
260358,260358,0.500000,UT,,,14:33:11 23-Mar-2024,,1,40.1710,-70.0615,,,,,10899,,,,,,,,,,,,,,,,,,,,,,,,,,,,,,,0,,,,,,,05:00:00 16-Feb-2024,,,
260358,260358,0.500000,UT,,,14:35:33 23-Mar-2024,,1,40.1710,-70.0615,,,,,,,,,,,,,,,,,,,,,,,,,,,,,,,,,,,,0,,,,,,,05:00:00 16-Feb-2024,,,7311
260358,260358,0.500000,UT,,,14:36:20 23-Mar-2024,,1,40.1710,-70.0615,,,,,,,,,6.50,,,,,,,,,,,,,,,,,,,,,,,,,,,0,,,,,,,05:00:00 16-Feb-2024,,,
260358,260358,0.500000,UT,,,14:37:05 23-Mar-2024,,1,40.1710,-70.0615,,,,,10904,,,,,,,,,,,,,,,,,,,,,,,,,,,,,,,0,,,,,,,05:00:00 16-Feb-2024,,,
260358,260358,0.500000,UT,,,14:37:50 23-Mar-2024,,1,40.1710,-70.0615,,,,,,3.450,,,,,,,,,,,,,,,,,,,,,,,,,,,,,,0,,,,,,,05:00:00 16-Feb-2024,,,
260358,260358,0.500000,UT,1.00b,,14:38:53 23-Mar-2024,,1,40.1710,-70.0615,,0,,,,,,,,,,,,,,,,,,,,,,,,,,,,,,,,,,0,,,,,,,05:00:00 16-Feb-2024,,,
260358,260358,0.500000,UT,,,14:41:26 23-Mar-2024,,1,40.1710,-70.0615,,,,,,,,,6.40,,,,,,,,,,,,,,,,,,,,,,,,,,,0,,,,,,,05:00:00 16-Feb-2024,,,
260358,260358,0.500000,UT,,,14:42:22 23-Mar-2024,,1,40.1710,-70.0615,,,,,10910,,,,,,,,,,,,,,,,,,,,,,,,,,,,,,,0,,,,,,,05:00:00 16-Feb-2024,,,
260358,260358,0.500000,UT,,,15:11:17 23-Mar-2024,,2,40.1763,-70.1041,,,,,,,,,,,,,,,,,,,,,,,,,,,,,,,,,,,,0,,,,,,,05:00:00 16-Feb-2024,,,7311
260358,260358,0.500000,UT,,,15:14:05 23-Mar-2024,,2,40.1763,-70.1041,,,,,,,,,5.95,,,,,,,,,,,,,,,,,,,,,,,,,,,0,,,,,,,05:00:00 16-Feb-2024,,,
260358,260358,0.500000,UT,,,15:14:53 23-Mar-2024,,2,40.1763,-70.1041,,,,,10931,,,,,,,,,,,,,,,,,,,,,,,,,,,,,,,0,,,,,,,05:00:00 16-Feb-2024,,,
260358,260358,0.500000,UT,,15:17:13 23-Mar-2024,15:15:40 23-Mar-2024,-92,2,40.1763,-70.1041,CRC,,,,10932,3.450,,,6.25,,,,,,,,,,,,,,255,40,255,0,,,,,,,1,,,0,81,,,,,,05:00:00 16-Feb-2024,,,
260358,260358,0.500000,UT,,,15:16:25 23-Mar-2024,,2,40.1763,-70.1041,,,,,,3.375,,,,,,,,,,,,,,,,,,,,,,,,,,,,,,0,,,,,,,05:00:00 16-Feb-2024,,,
260358,260358,0.500000,UT,1.00b,,15:17:11 23-Mar-2024,,2,40.1763,-70.1041,,0,,,,,,,,,,,,,,,,,,,,,,,,,,,,,,,,,,0,,,,,,,05:00:00 16-Feb-2024,,,
260358,260358,0.500000,UT,,,15:18:41 23-Mar-2024,,2,40.1763,-70.1041,,,,,,,,,6.50,,,,,,,,,,,,,,,,,,,,,,,,,,,0,,,,,,,05:00:00 16-Feb-2024,,,
260358,260358,0.500000,UT,,,15:24:57 23-Mar-2024,,2,40.1648,-70.1145,,,,,,3.450,,,,,,,,,,,,,,,,,,,,,,,,,,,,,,0,,,,,,,05:00:00 16-Feb-2024,,,
260358,260358,0.500000,UT,1.00b,,15:28:08 23-Mar-2024,,2,40.1648,-70.1145,,0,,,,,,,,,,,,,,,,,,,,,,,,,,,,,,,,,,0,,,,,,,05:00:00 16-Feb-2024,,,
260358,260358,0.500000,UT,,,15:29:58 23-Mar-2024,,2,40.1648,-70.1145,,,,,,,,,,,,,,,,,,,,,,,,,,,,,,,,,,,,0,,,,,,,05:00:00 16-Feb-2024,,,7311
260358,260358,0.500000,UT,,,15:30:43 23-Mar-2024,,A,40.1692,-70.1262,,,,,,,,,6.80,,,,,,,,,,,,,,,,,,,,,,,,,,,0,,,,,,,05:00:00 16-Feb-2024,,,
260358,260358,0.500000,UT,,,22:03:22 23-Mar-2024,,1,40.2085,-70.2123,,,,,,,,,,,,,,,,,,,,,,,,,,,,,,,,,,,,0,,,,,,,05:00:00 16-Feb-2024,,,7311
260358,260358,0.500000,UT,,,22:04:07 23-Mar-2024,,1,40.2085,-70.2123,,,,,,,,,7.45,,,,,,,,,,,,,,,,,,,,,,,,,,,0,,,,,,,05:00:00 16-Feb-2024,,,
260358,260358,0.500000,UT,,,22:08:34 23-Mar-2024,,1,40.2085,-70.2123,,,,,10979,,,,,,,,,,,,,,,,,,,,,,,,,,,,,,,0,,,,,,,05:00:00 16-Feb-2024,,,
260358,260358,0.500000,UT,,,22:09:19 23-Mar-2024,,1,40.2085,-70.2123,,,,,,3.475,,,,,,,,,,,,,,,,,,,,,,,,,,,,,,0,,,,,,,05:00:00 16-Feb-2024,,,
260358,260358,0.500000,UT,1.00b,,22:13:35 23-Mar-2024,,1,40.2085,-70.2123,,0,,,,,,,,,,,,,,,,,,,,,,,,,,,,,,,,,,0,,,,,,,05:00:00 16-Feb-2024,,,
260358,260358,0.500000,UT,,22:16:15 23-Mar-2024,22:14:41 23-Mar-2024,-93,1,40.2085,-70.2123,CRC,,,,10982,3.475,,,7.80,,,,,,,,,,,,,,255,40,255,0,,,,,,,0,,,0,87,,,,,,05:00:00 16-Feb-2024,,,
260358,260358,0.500000,UT,,,22:35:47 23-Mar-2024,,A,40.2120,-70.2087,,,,,,3.475,,,,,,,,,,,,,,,,,,,,,,,,,,,,,,0,,,,,,,05:00:00 16-Feb-2024,,,
260358,260358,0.500000,UT,1.00b,,22:36:32 23-Mar-2024,,A,40.2120,-70.2087,,0,,,,,,,,,,,,,,,,,,,,,,,,,,,,,,,,,,0,,,,,,,05:00:00 16-Feb-2024,,,
260358,260358,0.500000,UT,,,22:41:32 23-Mar-2024,,A,40.2120,-70.2087,,,,,,,,,7.45,,,,,,,,,,,,,,,,,,,,,,,,,,,0,,,,,,,05:00:00 16-Feb-2024,,,
260358,260358,0.500000,UT,,,22:53:00 23-Mar-2024,,B,40.2028,-70.2112,,,,,,3.475,,,,,,,,,,,,,,,,,,,,,,,,,,,,,,0,,,,,,,05:00:00 16-Feb-2024,,,
260358,260358,0.500000,UT,,,22:58:23 23-Mar-2024,,A,40.1973,-70.1763,,,,,,,,,,,,,,,,,,,,,,,,,,,,,,,,,,,,0,,,,,,,05:00:00 16-Feb-2024,,,7311
260358,260358,0.500000,UT,,,22:59:08 23-Mar-2024,,A,40.1973,-70.1763,,,,,,,,,7.95,,,,,,,,,,,,,,,,,,,,,,,,,,,0,,,,,,,05:00:00 16-Feb-2024,,,
260358,260358,0.500000,UT,,,23:03:49 23-Mar-2024,,A,40.1973,-70.1763,,,,,11005,,,,,,,,,,,,,,,,,,,,,,,,,,,,,,,0,,,,,,,05:00:00 16-Feb-2024,,,
260358,260358,0.500000,UT,1.00b,,23:34:47 23-Mar-2024,,B,40.1849,-70.2093,,0,,,,,,,,,,,,,,,,,,,,,,,,,,,,,,,,,,0,,,,,,,05:00:00 16-Feb-2024,,,
260358,260358,0.500000,UT,,,23:36:32 23-Mar-2024,,0,40.2030,-70.2359,,,,,,,,,,,,,,,,,,,,,,,,,,,,,,,,,,,,0,,,,,,,05:00:00 16-Feb-2024,,,7311
260358,260358,0.500000,UT,,,23:37:27 23-Mar-2024,,0,40.2030,-70.2359,,,,,,,,,6.20,,,,,,,,,,,,,,,,,,,,,,,,,,,0,,,,,,,05:00:00 16-Feb-2024,,,
260358,260358,0.500000,UT,,,23:38:51 23-Mar-2024,,0,40.2030,-70.2359,,,,,11021,,,,,,,,,,,,,,,,,,,,,,,,,,,,,,,0,,,,,,,05:00:00 16-Feb-2024,,,
260358,260358,0.500000,UT,,,23:39:41 23-Mar-2024,,0,40.2030,-70.2359,,,,,,3.450,,,,,,,,,,,,,,,,,,,,,,,,,,,,,,0,,,,,,,05:00:00 16-Feb-2024,,,
260358,260358,0.500000,UT,,,00:17:46 24-Mar-2024,,B,40.1922,-70.2382,,,,,,3.475,,,,,,,,,,,,,,,,,,,,,,,,,,,,,,0,,,,,,,05:00:00 16-Feb-2024,,,
260358,260358,0.500000,UT,,,00:31:00 24-Mar-2024,,B,40.2271,-70.3236,,,,,11043,,,,,,,,,,,,,,,,,,,,,,,,,,,,,,,0,,,,,,,05:00:00 16-Feb-2024,,,
260358,260358,0.500000,UT,,,00:35:27 24-Mar-2024,,B,40.2287,-70.3201,,,,,,3.475,,,,,,,,,,,,,,,,,,,,,,,,,,,,,,0,,,,,,,05:00:00 16-Feb-2024,,,
260358,260358,0.500000,UT,,,00:39:35 24-Mar-2024,,B,40.2271,-70.3236,,,,,,,,,,,,,,,,,,,,,,,,,,,,,,,,,,,,0,,,,,,,05:00:00 16-Feb-2024,,,7311
260358,260358,0.500000,UT,1.00b,,01:02:24 24-Mar-2024,,B,40.1961,-70.3674,,0,,,,,,,,,,,,,,,,,,,,,,,,,,,,,,,,,,0,,,,,,,05:00:00 16-Feb-2024,,,
260358,260358,0.500000,UT,,,01:07:26 24-Mar-2024,,B,40.1961,-70.3674,,,,,,,,,7.45,,,,,,,,,,,,,,,,,,,,,,,,,,,0,,,,,,,05:00:00 16-Feb-2024,,,
260358,260358,0.500000,UT,,,01:08:11 24-Mar-2024,,1,40.2295,-70.3400,,,,,11065,,,,,,,,,,,,,,,,,,,,,,,,,,,,,,,0,,,,,,,05:00:00 16-Feb-2024,,,
260358,260358,0.500000,UT,,,01:13:08 24-Mar-2024,,1,40.2295,-70.3400,,,,,,3.475,,,,,,,,,,,,,,,,,,,,,,,,,,,,,,0,,,,,,,05:00:00 16-Feb-2024,,,
260358,260358,0.500000,UT,,,01:14:38 24-Mar-2024,,1,40.2295,-70.3400,,,,,,,,,,,,,,,,,,,,,,,,,,,,,,,,,,,,0,,,,,,,05:00:00 16-Feb-2024,,,7311
260358,260358,0.500000,UT,,,01:18:55 24-Mar-2024,,0,40.2277,-70.3247,,,,,,,,,8.05,,,,,,,,,,,,,,,,,,,,,,,,,,,0,,,,,,,05:00:00 16-Feb-2024,,,
260358,260358,0.500000,UT,,,01:19:40 24-Mar-2024,,0,40.2277,-70.3247,,,,,11070,,,,,,,,,,,,,,,,,,,,,,,,,,,,,,,0,,,,,,,05:00:00 16-Feb-2024,,,
260358,260358,0.500000,UT,,,02:37:20 24-Mar-2024,,B,40.2412,-70.3779,,,,,,,,,6.05,,,,,,,,,,,,,,,,,,,,,,,,,,,0,,,,,,,05:00:00 16-Feb-2024,,,
260358,260358,0.500000,UT,,,11:10:19 24-Mar-2024,,0,40.2581,-70.4529,,,,,,,,,,,,,,,,,,,,,,,,,,,,,,,,,,,,0,,,,,,,05:00:00 16-Feb-2024,,,7311
260358,260358,0.500000,UT,,,11:11:04 24-Mar-2024,,0,40.2581,-70.4529,,,,,,,,,7.55,,,,,,,,,,,,,,,,,,,,,,,,,,,0,,,,,,,05:00:00 16-Feb-2024,,,
260358,260358,0.500000,UT,,,11:14:53 24-Mar-2024,,0,40.2581,-70.4529,,,,,11104,,,,,,,,,,,,,,,,,,,,,,,,,,,,,,,0,,,,,,,05:00:00 16-Feb-2024,,,
260358,260358,0.500000,UT,,,11:15:38 24-Mar-2024,,0,40.2581,-70.4529,,,,,,3.475,,,,,,,,,,,,,,,,,,,,,,,,,,,,,,0,,,,,,,05:00:00 16-Feb-2024,,,
260358,260358,0.500000,UT,,,11:52:30 24-Mar-2024,,0,40.3069,-70.4749,,,,,,,,,8.30,,,,,,,,,,,,,,,,,,,,,,,,,,,0,,,,,,,05:00:00 16-Feb-2024,,,
260358,260358,0.500000,UT,,,11:54:24 24-Mar-2024,,0,40.3069,-70.4749,,,,,11121,,,,,,,,,,,,,,,,,,,,,,,,,,,,,,,0,,,,,,,05:00:00 16-Feb-2024,,,
260358,260358,0.500000,UT,,,11:55:09 24-Mar-2024,,0,40.3069,-70.4749,,,,,,3.475,,,,,,,,,,,,,,,,,,,,,,,,,,,,,,0,,,,,,,05:00:00 16-Feb-2024,,,
260358,260358,0.500000,UT,1.00b,,11:59:08 24-Mar-2024,,0,40.3069,-70.4749,,0,,,,,,,,,,,,,,,,,,,,,,,,,,,,,,,,,,0,,,,,,,05:00:00 16-Feb-2024,,,
260358,260358,0.500000,UT,,,12:52:30 24-Mar-2024,,B,40.2916,-70.5782,,,,,,3.475,,,,,,,,,,,,,,,,,,,,,,,,,,,,,,0,,,,,,,05:00:00 16-Feb-2024,,,
260358,260358,0.500000,UT,1.00b,,12:54:32 24-Mar-2024,,B,40.2916,-70.5782,,0,,,,,,,,,,,,,,,,,,,,,,,,,,,,,,,,,,0,,,,,,,05:00:00 16-Feb-2024,,,
260358,260358,0.500000,UT,1.00b,,13:26:03 24-Mar-2024,,A,40.2368,-70.5047,,0,,,,,,,,,,,,,,,,,,,,,,,,,,,,,,,,,,0,,,,,,,05:00:00 16-Feb-2024,,,
260358,260358,0.500000,UT,,,13:30:39 24-Mar-2024,,A,40.2368,-70.5047,,,,,,,,,,,,,,,,,,,,,,,,,,,,,,,,,,,,0,,,,,,,05:00:00 16-Feb-2024,,,7311
260358,260358,0.500000,UT,,,13:31:24 24-Mar-2024,,A,40.2368,-70.5047,,,,,,,,,8.30,,,,,,,,,,,,,,,,,,,,,,,,,,,0,,,,,,,05:00:00 16-Feb-2024,,,
260358,260358,0.500000,UT,,,13:36:12 24-Mar-2024,,1,40.2624,-70.5009,,,,,11165,,,,,,,,,,,,,,,,,,,,,,,,,,,,,,,0,,,,,,,05:00:00 16-Feb-2024,,,
260358,260358,0.500000,UT,,,13:36:57 24-Mar-2024,,1,40.2624,-70.5009,,,,,,3.475,,,,,,,,,,,,,,,,,,,,,,,,,,,,,,0,,,,,,,05:00:00 16-Feb-2024,,,
260358,260358,0.500000,UT,1.00b,,13:41:22 24-Mar-2024,,1,40.2624,-70.5009,,0,,,,,,,,,,,,,,,,,,,,,,,,,,,,,,,,,,0,,,,,,,05:00:00 16-Feb-2024,,,
260358,260358,0.500000,UT,,,13:42:07 24-Mar-2024,,1,40.2624,-70.5009,,,,,,,,,,,,,,,,,,,,,,,,,,,,,,,,,,,,0,,,,,,,05:00:00 16-Feb-2024,,,7311
260358,260358,0.500000,UT,,,14:17:33 24-Mar-2024,,3,40.2582,-70.5123,,,,,,,,,6.70,,,,,,,,,,,,,,,,,,,,,,,,,,,0,,,,,,,05:00:00 16-Feb-2024,,,
260358,260358,0.500000,UT,,,14:19:06 24-Mar-2024,,3,40.2582,-70.5123,,,,,,3.475,,,,,,,,,,,,,,,,,,,,,,,,,,,,,,0,,,,,,,05:00:00 16-Feb-2024,,,
260358,260358,0.500000,UT,1.00b,,14:19:53 24-Mar-2024,,3,40.2582,-70.5123,,0,,,,,,,,,,,,,,,,,,,,,,,,,,,,,,,,,,0,,,,,,,05:00:00 16-Feb-2024,,,
260358,260358,0.500000,UT,,,14:20:42 24-Mar-2024,,3,40.2582,-70.5123,,,,,,,,,,,,,,,,,,,,,,,,,,,,,,,,,,,,0,,,,,,,05:00:00 16-Feb-2024,,,7311
260358,260358,0.500000,UT,,,14:21:27 24-Mar-2024,,3,40.2582,-70.5123,,,,,,,,,6.50,,,,,,,,,,,,,,,,,,,,,,,,,,,0,,,,,,,05:00:00 16-Feb-2024,,,
260358,260358,0.500000,UT,,,14:30:25 24-Mar-2024,,B,40.2565,-70.5115,,,,,,,,,8.10,,,,,,,,,,,,,,,,,,,,,,,,,,,0,,,,,,,05:00:00 16-Feb-2024,,,
260358,260358,0.500000,UT,,,14:31:11 24-Mar-2024,,B,40.2565,-70.5115,,,,,11202,,,,,,,,,,,,,,,,,,,,,,,,,,,,,,,0,,,,,,,05:00:00 16-Feb-2024,,,
260358,260358,0.500000,UT,,,15:01:16 24-Mar-2024,,1,40.2562,-70.5293,,,,,11214,,,,,,,,,,,,,,,,,,,,,,,,,,,,,,,0,,,,,,,05:00:00 16-Feb-2024,,,
260358,260358,0.500000,UT,,,15:05:31 24-Mar-2024,,1,40.2562,-70.5293,,,,,,3.450,,,,,,,,,,,,,,,,,,,,,,,,,,,,,,0,,,,,,,05:00:00 16-Feb-2024,,,
260358,260358,0.500000,UT,1.00b,,15:06:16 24-Mar-2024,,1,40.2562,-70.5293,,0,,,,,,,,,,,,,,,,,,,,,,,,,,,,,,,,,,0,,,,,,,05:00:00 16-Feb-2024,,,
260358,260358,0.500000,UT,,,15:10:33 24-Mar-2024,,A,40.2448,-70.5498,,,,,,,,,,,,,,,,,,,,,,,,,,,,,,,,,,,,0,,,,,,,05:00:00 16-Feb-2024,,,7311
260358,260358,0.500000,UT,,,15:11:18 24-Mar-2024,,A,40.2448,-70.5498,,,,,,,,,8.20,,,,,,,,,,,,,,,,,,,,,,,,,,,0,,,,,,,05:00:00 16-Feb-2024,,,
260358,260358,0.500000,UT,,,15:11:19 24-Mar-2024,,1,40.2562,-70.5293,,,,,,,,,8.20,,,,,,,,,,,,,,,,,,,,,,,,,,,0,,,,,,,05:00:00 16-Feb-2024,,,
260358,260358,0.500000,UT,,,00:59:16 19-Aug-2025,,B,43.9271,-59.8836,,,,,,,,,,,,,4294956716,,,,,,,,,,,,,,,,,,,,,,,0,,,,,,,05:00:00 16-Feb-2024,,,
260358,260358,0.500000,UT,2.03l,16:36:28 01-Nov-2025,16:36:28 01-Nov-2025,0,1,43.9370,-59.9707,CRC,,,0,0,,,,,,,,,,Date,,,,,,,,0,,,,,,,,,,,,,0,,,,-40.000,,,05:00:00 16-Feb-2024,,,
260358,260358,0.500000,UT,3.68e,00:46:07 02-Jan-2026,00:46:07 02-Jan-2026,0,0,43.6801,-60.1491,CRC,,,0,0,,,,,,,,,,Date,,,,,,,,0,,,,,,,,,,,,,0,,,,-40.000,,,05:00:00 16-Feb-2024,,,
