DeployID,Ptt,Instr,RecordType,MsgCount,Duplicates,Corrupt,AvgInterval,MinInterval,Date,Satellite,LocationQuality,Latitude,Longitude,Latitude2,Longitude2,IQ,Duration,Frequency,Power
260358,260358,UT,DS,2,0,2,60,60,16:07:36 28-Jan-2024,MC,,,,,,,,401650000,-130
260358,260358,UT,DS,1,0,1,,,16:08:36 28-Jan-2024,O3,,,,,,,,401650000,-118
260358,260358,UT,DS,2,0,2,60,60,16:35:35 28-Jan-2024,NN,,,,,,,,401650000,-128
260358,260358,UT,DS,7,0,7,90,60,16:23:34 29-Jan-2024,NN,2,43.9351,-60.0050,43.9351,-60.0050,50,,401677688,-132
260358,260358,UT,DS,1,0,0,,,11:21:39 16-Feb-2024,SR,,,,,,,,401650000,-134
260358,260358,UT,DS,5,0,0,90,45,11:59:49 16-Feb-2024,NK,1,43.7957,-59.8182,43.7957,-59.8182,50,,401677735,-121
260358,260358,UT,DS,6,0,0,133,100,12:41:47 16-Feb-2024,NP,3,43.7813,-59.8327,43.7813,-59.8327,50,,401677741,-121
260358,260358,UT,DS,5,0,0,128,100,12:48:19 16-Feb-2024,MC,2,43.7665,-59.8425,43.7665,-59.8425,56,,401677734,-118
260358,260358,UT,DS,2,0,0,261,261,13:43:26 16-Feb-2024,MB,B,43.7462,-59.8485,43.7462,-59.8485,8,,401677739,-124
260358,260358,UT,DS,6,1,0,,,14:14:38 16-Feb-2024,NN,2,43.7287,-59.8531,43.7287,-59.8531,48,,401677738,-122
260358,260358,UT,DS,8,1,1,,,14:20:20 16-Feb-2024,NP,3,43.7231,-59.8493,,,56,,401677735,-125
260358,260358,UT,DS,7,2,0,,,14:27:52 16-Feb-2024,MC,3,43.7165,-59.8485,43.7165,-59.8485,56,,401677737,-115
260358,260358,UT,DS,4,0,0,99,61,14:48:05 16-Feb-2024,O3,2,43.7044,-59.8668,,,56,,401677734,-127
260358,260358,UT,DS,4,0,0,163,77,15:58:43 16-Feb-2024,NN,0,43.6927,-59.8996,,,48,,401677741,-125
260358,260358,UT,DS,4,0,0,130,126,16:31:32 16-Feb-2024,O3,1,43.6759,-59.9452,43.6759,-59.9452,58,,401677735,-116
260358,260358,UT,DS,8,2,0,,,21:41:17 16-Feb-2024,NK,2,43.5593,-59.9553,43.5593,-59.9553,58,,401677736,-124
260358,260358,UT,DS,8,2,0,,,21:51:48 16-Feb-2024,SR,3,43.5600,-59.9549,43.5600,-59.9549,56,,401677734,-121
260358,260358,UT,DS,7,1,0,,,21:53:24 16-Feb-2024,CS,3,43.5604,-59.9573,43.5604,-59.9573,56,,401677732,-125
260358,260358,UT,DS,9,2,0,,,22:06:07 16-Feb-2024,A1,3,43.5530,-59.9561,43.5530,-59.9561,56,,401677733,-125
260358,260358,UT,DS,5,1,0,,,22:31:10 16-Feb-2024,NP,2,43.5554,-59.9578,43.5554,-59.9578,56,,401677730,-130
260358,260358,UT,DS,4,0,0,100,72,22:35:03 16-Feb-2024,MC,1,43.5427,-59.9521,43.5427,-59.9521,56,,401677732,-128
260358,260358,UT,DS,7,0,0,90,54,23:22:24 16-Feb-2024,NK,3,43.5220,-59.9253,43.5220,-59.9253,58,,401677732,-121
260358,260358,UT,DS,2,0,0,324,324,23:31:58 16-Feb-2024,SR,B,43.5216,-59.9253,43.5216,-59.9253,6,,401677727,-126
260358,260358,UT,DS,4,0,0,79,66,23:37:53 16-Feb-2024,A1,1,43.5211,-59.9373,43.5211,-59.9373,56,,401677732,-130
260358,260358,UT,DS,2,0,0,107,107,00:04:23 17-Feb-2024,NN,B,43.5100,-59.9450,43.5100,-59.9450,6,,401677733,-131
260358,260358,UT,DS,6,1,0,,,00:07:36 17-Feb-2024,NP,3,43.5096,-59.9267,43.5096,-59.9267,56,,401677731,-140
260358,260358,UT,DS,5,0,0,129,114,00:12:38 17-Feb-2024,MC,3,43.5089,-59.9243,43.5089,-59.9243,66,,401677730,-116
260358,260358,UT,DS,4,0,0,144,93,01:01:49 17-Feb-2024,MB,1,43.5035,-59.9112,43.5035,-59.9112,58,,401677733,-126
260358,260358,UT,DS,5,0,0,140,125,01:49:37 17-Feb-2024,NN,1,43.4973,-59.8817,43.4973,-59.8817,48,,401677732,-124
260358,260358,UT,DS,3,0,0,303,208,01:49:38 17-Feb-2024,NP,A,43.4940,-59.8897,43.4940,-59.8897,,,401677735,-130
260358,260358,UT,DS,3,0,0,181,154,01:56:17 17-Feb-2024,MC,A,43.4987,-59.8740,43.4987,-59.8740,6,,401677730,-121
260358,260358,UT,DS,4,0,0,100,67,02:02:33 17-Feb-2024,O3,1,43.4935,-59.8942,43.4935,-59.8942,56,,401677731,-127
260358,260358,UT,DS,4,0,1,117,60,11:35:07 17-Feb-2024,CS,2,43.3703,-59.7671,43.3703,-59.7671,58,,401677735,-134
260358,260358,UT,DS,3,0,0,163,153,12:29:34 17-Feb-2024,MC,A,43.3424,-59.7890,43.3424,-59.7890,,,401677751,-127
260358,260358,UT,DS,5,0,0,149,124,12:29:34 17-Feb-2024,NP,2,43.3386,-59.7834,43.3386,-59.7834,58,,401677742,-133
260358,260358,UT,DS,2,0,0,606,606,13:14:48 17-Feb-2024,NK,B,43.3226,-59.7855,43.3226,-59.7855,8,,401677739,-133
260358,260358,UT,DS,3,0,0,189,162,13:17:08 17-Feb-2024,MB,A,43.3140,-59.7896,43.3140,-59.7896,8,,401677738,-128
260358,260358,UT,DS,3,0,0,236,168,14:02:39 17-Feb-2024,NN,A,43.2892,-59.8204,43.2892,-59.8204,8,,401677735,-133
260358,260358,UT,DS,4,0,1,188,133,14:07:45 17-Feb-2024,MC,1,43.2799,-59.7969,43.2799,-59.7969,46,,401677738,-111
260358,260358,UT,DS,3,0,0,211,158,14:12:45 17-Feb-2024,NP,A,43.2858,-59.8067,43.2858,-59.8067,6,,401677741,-126
260358,260358,UT,DS,2,0,1,148,148,15:02:16 17-Feb-2024,MB,B,43.2527,-59.8311,43.2527,-59.8311,8,,401677738,-131
260358,260358,UT,DS,7,0,1,80,45,15:44:23 17-Feb-2024,O3,2,43.2418,-59.8584,43.2418,-59.8584,48,,401677746,-122
260358,260358,UT,DS,4,0,1,101,46,15:52:16 17-Feb-2024,NN,1,43.2333,-59.8474,43.2333,-59.8474,50,,401677743,-120
260358,260358,UT,DS,1,0,0,,,15:52:16 17-Feb-2024,MC,B,43.2295,-59.8480,43.2295,-59.8480,8,,401677743,-129
260358,260358,UT,DS,5,0,1,163,106,21:10:52 17-Feb-2024,CS,2,43.1321,-59.9667,43.1321,-59.9667,58,,401677735,-130
260358,260358,UT,DS,4,0,0,152,137,21:12:18 17-Feb-2024,NK,2,43.1279,-59.9701,43.1279,-59.9701,56,,401677744,-133
260358,260358,UT,DS,4,0,0,143,125,21:17:02 17-Feb-2024,SR,3,43.1306,-59.9750,43.1306,-59.9750,56,,401677730,-129
260358,260358,UT,DS,3,0,0,146,145,21:44:06 17-Feb-2024,A1,A,43.1173,-59.9880,43.1173,-59.9880,6,,401677733,-125
260358,260358,UT,DS,1,0,0,,,22:20:37 17-Feb-2024,NP,B,43.1022,-60.0027,43.1022,-60.0027,8,,401677732,-135
260358,260358,UT,DS,1,0,1,,,22:52:07 17-Feb-2024,CS,B,43.0969,-60.0065,43.0969,-60.0065,8,,401677734,-139
260358,260358,UT,DS,4,0,0,213,158,22:57:29 17-Feb-2024,NK,1,43.0910,-59.9893,43.0910,-59.9893,58,,401677734,-121
260358,260358,UT,DS,4,0,0,157,154,23:00:09 17-Feb-2024,SR,2,43.0878,-59.9897,43.0878,-59.9897,56,,401677734,-118
260358,260358,UT,DS,3,0,0,97,86,23:18:19 17-Feb-2024,A1,A,43.0789,-59.9932,43.0789,-59.9932,6,,401677735,-131
260358,260358,UT,DS,4,0,1,198,129,23:50:48 17-Feb-2024,MC,2,43.0592,-59.9996,43.0592,-59.9996,58,,401677734,-127
260358,260358,UT,DS,5,0,0,121,94,23:55:08 17-Feb-2024,NP,3,43.0566,-60.0043,43.0566,-60.0043,56,,401677733,-120
260358,260358,UT,DS,3,0,0,145,97,00:38:00 18-Feb-2024,SR,A,43.0421,-60.0188,43.0421,-60.0188,6,,401677733,-135
260358,260358,UT,DS,2,0,0,194,194,00:39:04 18-Feb-2024,NK,B,43.0431,-60.0173,43.0431,-60.0173,6,,401677737,-132
260358,260358,UT,DS,3,0,1,135,77,00:37:28 18-Feb-2024,MB,A,43.0423,-60.0156,43.0423,-60.0156,8,,401677735,-125
260358,260358,UT,DS,1,0,0,,,01:20:09 18-Feb-2024,O3,B,43.0211,-60.0252,43.0211,-60.0252,8,,401677736,-138
260358,260358,UT,DS,7,1,1,,,01:33:00 18-Feb-2024,NN,3,43.0369,-60.0065,43.0369,-60.0065,58,,401677735,-122
260358,260358,UT,DS,7,1,0,,,01:34:30 18-Feb-2024,MC,2,43.0367,-60.0035,43.0367,-60.0035,56,,401677737,-119
260358,260358,UT,DS,3,0,0,126,93,01:40:37 18-Feb-2024,NP,A,43.0343,-60.0051,43.0343,-60.0051,6,,401677736,-125
260358,260358,UT,DS,1,0,0,,,02:22:18 18-Feb-2024,MB,B,43.0191,-60.0092,43.0191,-60.0092,8,,401677735,-133
260358,260358,UT,DS,1,0,1,,,02:57:11 18-Feb-2024,O3,B,43.0124,-60.0111,43.0124,-60.0111,8,,401677735,-122
260358,260358,UT,DS,4,0,0,121,117,11:10:33 18-Feb-2024,NK,3,42.8213,-59.9754,42.8213,-59.9754,68,,401677734,-119
260358,260358,UT,DS,3,0,0,108,51,12:09:28 18-Feb-2024,MC,A,42.7868,-59.9392,42.7868,-59.9392,8,,401677722,-124
260358,260358,UT,DS,4,0,0,150,97,12:19:11 18-Feb-2024,NP,1,42.8182,-59.9586,42.8182,-59.9586,46,,401677741,-126
260358,260358,UT,DS,4,1,0,,,12:50:41 18-Feb-2024,NK,1,42.8220,-59.9544,42.8220,-59.9544,47,,401677749,-122
260358,260358,UT,DS,2,0,1,236,236,13:03:14 18-Feb-2024,MB,B,42.8111,-59.9485,42.8111,-59.9485,8,,401677742,-130
260358,260358,UT,DS,4,0,1,194,121,13:46:38 18-Feb-2024,MC,2,42.8014,-59.9674,42.8014,-59.9674,58,,401677743,-113
260358,260358,UT,DS,5,0,1,102,58,13:57:35 18-Feb-2024,NN,2,42.7939,-59.9564,42.7939,-59.9564,56,,401677744,-128
260358,260358,UT,DS,5,0,2,139,58,13:58:39 18-Feb-2024,NP,1,42.7980,-59.9563,42.7980,-59.9563,46,,401677743,-120
260358,260358,UT,DS,4,0,1,160,113,14:34:38 18-Feb-2024,MB,3,42.7847,-59.9456,42.7847,-59.9456,58,,401677747,-127
260358,260358,UT,DS,4,0,0,109,66,14:55:04 18-Feb-2024,O3,1,42.7766,-59.9543,42.7766,-59.9543,46,,401677749,-131
260358,260358,UT,DS,4,1,1,,,15:27:05 18-Feb-2024,MC,0,42.7838,-59.9336,42.7838,-59.9336,48,,401677754,-121
260358,260358,UT,DS,7,0,3,90,47,15:29:39 18-Feb-2024,NN,3,42.7760,-59.9344,42.7760,-59.9344,56,,401677747,-135
260358,260358,UT,DS,1,0,0,,,15:43:01 18-Feb-2024,NP,B,42.7694,-59.9372,42.7694,-59.9372,6,,401677746,-136
260358,260358,UT,DS,7,0,2,113,46,16:36:25 18-Feb-2024,O3,0,42.7603,-59.8922,42.7603,-59.8922,48,,401677748,-119
260358,260358,UT,DS,5,0,0,68,45,21:20:33 18-Feb-2024,A1,1,42.6613,-59.8939,42.6613,-59.8939,48,,401677739,-135
260358,260358,UT,DS,6,0,0,108,45,22:09:11 18-Feb-2024,CS,1,42.6479,-59.9166,42.6479,-59.9166,46,,401677745,-129
260358,260358,UT,DS,1,0,0,,,22:06:48 18-Feb-2024,NP,B,42.6478,-59.8840,42.6478,-59.8840,7,,401677749,-139
260358,260358,UT,DS,7,0,1,105,45,22:27:11 18-Feb-2024,SR,1,42.6264,-59.8685,42.6264,-59.8685,56,,401677743,-118
260358,260358,UT,DS,2,0,0,488,488,22:24:36 18-Feb-2024,NK,B,42.6420,-59.9123,42.6420,-59.9123,6,,401677742,-140
260358,260358,UT,DS,3,0,0,178,176,22:53:53 18-Feb-2024,A1,A,42.6249,-59.9068,42.6249,-59.9068,6,,401677744,-125
260358,260358,UT,DS,5,0,1,151,45,23:30:57 18-Feb-2024,MC,1,42.6136,-59.9306,42.6136,-59.9306,58,,401677746,-118
260358,260358,UT,DS,4,0,0,68,45,23:48:55 18-Feb-2024,NP,3,42.6161,-59.9285,42.6161,-59.9285,56,,401677750,-125
260358,260358,UT,DS,3,0,0,189,46,00:06:23 19-Feb-2024,SR,A,42.6044,-59.8935,42.6044,-59.8935,6,,401677759,-133
260358,260358,UT,DS,8,1,0,,,00:06:47 19-Feb-2024,NK,3,42.6090,-59.9354,42.6090,-59.9354,58,,401677759,-133
260358,260358,UT,DS,5,1,0,,,00:18:58 19-Feb-2024,MB,1,42.6035,-59.9458,42.6035,-59.9458,46,,401677758,-129
260358,260358,UT,DS,6,1,0,,,01:14:13 19-Feb-2024,MC,3,42.5998,-59.9324,42.5998,-59.9324,58,,401677755,-111
260358,260358,UT,DS,6,1,0,,,01:20:09 19-Feb-2024,NN,1,42.5972,-59.9379,42.5972,-59.9379,56,,401677754,-121
260358,260358,UT,DS,1,0,0,,,01:28:06 19-Feb-2024,NP,B,42.5954,-59.9377,42.5954,-59.9377,6,,401677753,-126
260358,260358,UT,DS,1,0,1,,,02:11:38 19-Feb-2024,O3,B,42.5860,-59.9356,42.5860,-59.9356,8,,401677752,-139
260358,260358,UT,DS,2,0,0,139,139,11:49:59 19-Feb-2024,MC,B,42.4781,-59.7973,42.4781,-59.7973,8,,401677733,-131
260358,260358,UT,DS,3,0,1,122,94,11:52:38 19-Feb-2024,CS,A,42.5168,-59.7877,42.5168,-59.7877,6,,401677746,-134
260358,260358,UT,DS,5,1,0,,,12:05:03 19-Feb-2024,NP,1,42.5195,-59.7774,42.5195,-59.7774,56,,401677750,-126
260358,260358,UT,DS,6,0,0,91,53,12:25:11 19-Feb-2024,NK,2,42.5228,-59.7625,42.5228,-59.7625,56,,401677752,-125
260358,260358,UT,DS,2,0,0,57,57,12:34:00 19-Feb-2024,MB,B,42.5230,-59.7775,42.5230,-59.7775,6,,401677755,-130
260358,260358,UT,DS,7,1,0,,,13:26:13 19-Feb-2024,MC,2,42.5145,-59.7041,42.5145,-59.7041,58,,401677747,-114
260358,260358,UT,DS,4,0,0,149,52,13:38:05 19-Feb-2024,NN,2,42.5179,-59.6973,42.5179,-59.6973,56,,401677750,-130
260358,260358,UT,DS,4,0,0,126,46,13:49:42 19-Feb-2024,NP,1,42.5124,-59.6865,42.5124,-59.6865,46,,401677750,-125
260358,260358,UT,DS,1,0,0,,,14:03:22 19-Feb-2024,NK,B,42.5125,-59.6862,42.5125,-59.6862,6,,401677748,-135
260358,260358,UT,DS,7,1,1,,,14:14:49 19-Feb-2024,MB,3,42.5004,-59.6731,42.5004,-59.6731,56,,401677750,-125
260358,260358,UT,DS,5,0,0,93,76,21:28:51 19-Feb-2024,CS,3,42.4493,-59.5238,42.4493,-59.5238,58,,401677743,-123
260358,260358,UT,DS,5,0,0,85,45,21:56:19 19-Feb-2024,SR,1,42.4527,-59.5069,42.4527,-59.5069,46,,401677741,-120
260358,260358,UT,DS,2,0,0,45,45,21:57:24 19-Feb-2024,NP,B,42.4526,-59.5059,42.4526,-59.5059,6,,401677741,-137
260358,260358,UT,DS,4,0,0,131,50,22:02:03 19-Feb-2024,NK,2,42.4623,-59.5085,42.4623,-59.5085,56,,401677745,-135
260358,260358,UT,DS,5,0,1,119,72,22:33:06 19-Feb-2024,A1,1,42.4537,-59.4700,42.4537,-59.4700,58,,401677739,-119
260358,260358,UT,DS,2,0,0,98,98,00:03:15 20-Feb-2024,MB,B,42.4619,-59.4581,42.4619,-59.4581,8,,401677741,-127
260358,260358,UT,DS,1,0,0,,,00:04:55 20-Feb-2024,A1,B,42.4624,-59.4598,42.4624,-59.4598,6,,401677738,-138
260358,260358,UT,DS,7,2,0,,,00:50:54 20-Feb-2024,MC,0,42.4737,-59.4155,42.4737,-59.4155,58,,401677737,-114
260358,260358,UT,DS,7,0,2,100,48,01:10:11 20-Feb-2024,NN,2,42.4736,-59.4140,42.4736,-59.4140,56,,401677738,-124
260358,260358,UT,DS,5,0,0,153,111,01:12:26 20-Feb-2024,NP,2,42.4733,-59.4091,42.4733,-59.4091,56,,401677740,-129
260358,260358,UT,DS,2,0,0,102,102,01:23:31 20-Feb-2024,O3,B,42.4740,-59.4198,42.4740,-59.4198,6,,401677739,-126
260358,260358,UT,DS,2,0,0,233,233,01:39:04 20-Feb-2024,MB,B,42.4771,-59.4127,42.4771,-59.4127,6,,401677737,-127
260358,260358,UT,DS,1,0,1,,,02:54:31 20-Feb-2024,NN,B,42.4893,-59.3854,42.4893,-59.3854,8,,401677733,-130
260358,260358,UT,DS,3,0,0,212,183,11:58:19 20-Feb-2024,NK,A,42.6623,-59.2249,42.6623,-59.2249,8,,401677739,-121
260358,260358,UT,DS,3,0,1,272,146,13:07:29 20-Feb-2024,MC,A,42.6950,-59.2278,42.6950,-59.2278,8,,401677712,-127
260358,260358,UT,DS,5,0,0,183,113,13:32:10 20-Feb-2024,NP,2,42.7052,-59.2136,42.7052,-59.2136,66,,401677740,-125
260358,260358,UT,DS,1,0,0,,,13:35:48 20-Feb-2024,NK,B,42.7053,-59.2142,42.7053,-59.2142,6,,401677743,-129
260358,260358,UT,DS,10,1,1,,,13:52:40 20-Feb-2024,MB,1,42.7081,-59.2200,42.7081,-59.2200,56,,401677744,-124
260358,260358,UT,DS,3,0,1,168,118,14:49:41 20-Feb-2024,MC,A,42.7018,-59.2168,42.7018,-59.2168,8,,401677734,-116
260358,260358,UT,DS,3,0,2,249,205,15:00:39 20-Feb-2024,O3,A,42.7185,-59.2325,42.7185,-59.2325,6,,401677739,-136
260358,260358,UT,DS,11,1,2,,,15:10:16 20-Feb-2024,NN,0,42.7250,-59.1927,42.7250,-59.1927,46,,401677752,-126
260358,260358,UT,DS,4,0,1,133,47,15:15:05 20-Feb-2024,NP,0,42.7461,-59.2323,42.7461,-59.2323,46,,401677761,-127
260358,260358,UT,DS,2,0,0,212,212,21:24:01 20-Feb-2024,SR,B,42.8279,-59.1954,42.8279,-59.1954,8,,401677738,-129
260358,260358,UT,DS,2,0,1,247,247,21:42:46 20-Feb-2024,NK,B,42.8547,-59.2447,42.8547,-59.2447,6,,401677751,-133
260358,260358,UT,DS,3,0,0,155,85,22:09:37 20-Feb-2024,A1,A,42.8646,-59.2422,42.8646,-59.2422,6,,401677751,-125
260358,260358,UT,DS,1,0,0,,,22:27:04 20-Feb-2024,CS,B,42.8641,-59.2426,42.8641,-59.2426,6,,401677747,-132
260358,260358,UT,DS,1,0,0,,,22:56:02 20-Feb-2024,MC,B,42.8711,-59.2368,42.8711,-59.2368,8,,401677748,-131
260358,260358,UT,DS,8,0,2,72,45,23:06:03 20-Feb-2024,SR,2,42.8835,-59.2578,42.8835,-59.2578,56,,401677742,-120
260358,260358,UT,DS,4,0,0,206,148,23:19:48 20-Feb-2024,NK,3,42.8832,-59.2475,42.8832,-59.2475,66,,401677739,-120
260358,260358,UT,DS,2,0,0,329,329,23:25:44 20-Feb-2024,NP,B,42.8810,-59.2580,42.8810,-59.2580,6,,401677742,-128
260358,260358,UT,DS,1,0,0,,,23:42:03 20-Feb-2024,MB,B,42.8835,-59.2565,42.8835,-59.2565,,,401677744,-136
260358,260358,UT,DS,1,0,0,,,23:42:03 20-Feb-2024,A1,B,42.8837,-59.2554,42.8837,-59.2554,6,,401677739,-132
260358,260358,UT,DS,6,1,0,,,00:27:46 21-Feb-2024,MC,1,42.9039,-59.2772,42.9039,-59.2772,48,,401677737,-132
260358,260358,UT,DS,1,0,0,,,00:44:10 21-Feb-2024,SR,B,42.9039,-59.2772,42.9039,-59.2772,6,,401677737,-140
260358,260358,UT,DS,4,0,0,125,83,00:55:47 21-Feb-2024,NN,3,42.9080,-59.2880,42.9080,-59.2880,56,,401677738,-127
260358,260358,UT,DS,1,0,0,,,01:02:03 21-Feb-2024,NK,B,42.9074,-59.2887,42.9074,-59.2887,6,,401677739,-137
260358,260358,UT,DS,2,0,0,489,489,01:02:03 21-Feb-2024,NP,B,42.9074,-59.2886,42.9074,-59.2886,6,,401677740,-127
260358,260358,UT,DS,3,0,0,183,170,01:19:28 21-Feb-2024,MB,A,42.9208,-59.2907,42.9208,-59.2907,6,,401677743,-121
260358,260358,UT,DS,4,1,0,,,02:11:28 21-Feb-2024,MC,3,42.9163,-59.3011,42.9163,-59.3011,58,,401677744,-120
260358,260358,UT,DS,4,0,0,142,48,02:17:42 21-Feb-2024,O3,1,42.9226,-59.3022,42.9226,-59.3022,46,,401677746,-126
260358,260358,UT,DS,4,0,0,221,202,11:33:43 21-Feb-2024,NK,2,43.1339,-59.5156,43.1339,-59.5156,58,,401677731,-127
260358,260358,UT,DS,1,0,0,,,11:44:15 21-Feb-2024,NP,B,43.1362,-59.5175,43.1362,-59.5175,6,,401677709,-138
260358,260358,UT,DS,2,0,0,419,419,12:46:07 21-Feb-2024,MC,B,43.1493,-59.5498,43.1493,-59.5498,8,,401677727,-130
260358,260358,UT,DS,4,0,0,145,89,13:12:19 21-Feb-2024,NK,3,43.1693,-59.5565,43.1693,-59.5565,66,,401677733,-128
260358,260358,UT,DS,10,2,1,,,13:18:22 21-Feb-2024,NP,2,43.1738,-59.5545,43.1738,-59.5545,50,,401677734,-127
260358,260358,UT,DS,1,0,0,,,13:18:22 21-Feb-2024,NN,B,43.1702,-59.5573,43.1702,-59.5573,6,,401677728,-133
260358,260358,UT,DS,2,0,0,355,355,13:32:47 21-Feb-2024,MB,B,43.1841,-59.5679,43.1841,-59.5679,6,,401677733,-131
260358,260358,UT,DS,4,0,1,132,94,14:26:00 21-Feb-2024,MC,3,43.1939,-59.5417,43.1939,-59.5417,58,,401677733,-114
260358,260358,UT,DS,3,0,0,288,227,14:54:23 21-Feb-2024,NN,A,43.2054,-59.5609,43.2054,-59.5609,6,,401677734,-121
260358,260358,UT,DS,2,0,0,290,290,15:04:01 21-Feb-2024,NP,B,43.2024,-59.5457,43.2024,-59.5457,6,,401677731,-130
260358,260358,UT,DS,3,0,0,265,250,15:58:05 21-Feb-2024,O3,A,43.2092,-59.5555,43.2092,-59.5555,8,,401677734,-121
260358,260358,UT,DS,1,0,0,,,16:11:41 21-Feb-2024,MC,B,43.2295,-59.5930,43.2295,-59.5930,8,,401677735,-129
260358,260358,UT,DS,4,0,0,162,135,16:36:40 21-Feb-2024,NN,3,43.2124,-59.5421,43.2124,-59.5421,56,,401677734,-125
260358,260358,UT,DS,2,0,0,248,248,21:47:49 21-Feb-2024,CS,B,43.2153,-59.6018,43.2153,-59.6018,,,401677737,-128
260358,260358,UT,DS,2,0,0,248,248,21:47:49 21-Feb-2024,A1,B,43.2967,-59.6146,43.2967,-59.6146,8,,401677768,-129
260358,260358,UT,DS,8,1,1,,,22:33:14 21-Feb-2024,SR,2,43.2221,-59.6139,43.2221,-59.6139,56,,401677732,-116
260358,260358,UT,DS,4,0,2,73,53,22:32:52 21-Feb-2024,MC,0,43.2096,-59.5934,43.2096,-59.5934,58,,401677741,-129
260358,260358,UT,DS,5,0,0,109,54,23:00:24 21-Feb-2024,NK,1,43.2362,-59.5979,43.2362,-59.5979,56,,401677732,-121
260358,260358,UT,DS,2,0,0,306,306,23:10:35 21-Feb-2024,NP,B,43.2256,-59.6242,43.2256,-59.6242,6,,401677739,-129
260358,260358,UT,DS,2,0,0,130,130,23:22:11 21-Feb-2024,A1,B,43.2219,-59.6348,43.2219,-59.6348,6,,401677723,-132
260358,260358,UT,DS,1,0,0,,,23:23:17 21-Feb-2024,MB,B,43.2247,-59.6391,43.2247,-59.6391,6,,401677736,-135
260358,260358,UT,DS,8,0,3,70,47,00:12:39 22-Feb-2024,SR,2,43.2543,-59.6624,43.2543,-59.6624,56,,401677732,-133
260358,260358,UT,DS,7,2,0,,,00:08:57 22-Feb-2024,MC,3,43.2553,-59.6690,43.2553,-59.6690,58,,401677732,-115
260358,260358,UT,DS,6,0,0,57,46,00:35:32 22-Feb-2024,NK,0,42.7857,-59.8834,33.1314,-108.2418,46,,401677918,-128
260358,260358,UT,DS,6,1,1,,,00:43:14 22-Feb-2024,NN,1,43.2530,-59.6747,,,56,,401677735,-127
260358,260358,UT,DS,3,1,0,,,00:46:01 22-Feb-2024,NP,A,43.2573,-59.6727,,,6,,401677733,-125
260358,260358,UT,DS,4,0,0,122,45,00:59:17 22-Feb-2024,MB,3,43.2593,-59.6760,,,56,,401677732,-129
260358,260358,UT,DS,9,1,1,,,12:23:35 22-Feb-2024,MC,2,43.3289,-59.8470,43.3289,-59.8470,58,,401677733,-122
260358,260358,UT,DS,5,1,1,,,12:46:30 22-Feb-2024,NK,1,43.3366,-59.8454,43.3366,-59.8454,46,,401677736,-124
260358,260358,UT,DS,4,0,3,49,45,13:02:49 22-Feb-2024,NN,0,43.3411,-59.8311,43.3411,-59.8311,46,,401677735,-129
260358,260358,UT,DS,8,0,1,100,48,13:08:32 22-Feb-2024,NP,3,43.3354,-59.8655,43.3354,-59.8655,56,,401677736,-126
260358,260358,UT,DS,1,0,0,,,13:12:32 22-Feb-2024,MB,B,43.3357,-59.8663,43.3357,-59.8663,6,,401677736,-133
260358,260358,UT,DS,3,0,0,206,145,14:08:47 22-Feb-2024,MC,1,43.3153,-59.8060,43.3153,-59.8060,58,,401677738,-114
260358,260358,UT,DS,2,0,0,144,144,21:27:18 22-Feb-2024,A1,B,43.4172,-59.8438,43.4172,-59.8438,8,,401677778,-135
260358,260358,UT,DS,6,0,0,86,47,21:59:55 22-Feb-2024,SR,2,43.4015,-59.9799,43.4015,-59.9799,58,,401677736,-120
260358,260358,UT,DS,5,0,0,130,68,22:28:48 22-Feb-2024,NK,2,43.4043,-59.9894,43.4043,-59.9894,56,,401677738,-121
260358,260358,UT,DS,2,0,0,261,261,22:58:37 22-Feb-2024,A1,B,43.4118,-59.9800,43.4118,-59.9800,,,401677733,-124
260358,260358,UT,DS,1,0,0,,,22:58:37 22-Feb-2024,NP,B,43.4021,-60.0239,43.4021,-60.0239,6,,401677740,-131
260358,260358,UT,DS,1,0,0,,,00:13:57 23-Feb-2024,NK,B,43.4074,-60.0639,43.4074,-60.0639,8,,401677750,-131
260358,260358,UT,DS,2,0,0,393,393,00:29:51 23-Feb-2024,NN,B,43.4247,-59.9780,43.4247,-59.9780,6,,401677742,-130
260358,260358,UT,DS,2,0,0,189,189,00:39:41 23-Feb-2024,NP,B,43.4542,-59.9834,43.4542,-59.9834,,,401677737,-121
260358,260358,UT,DS,2,0,0,189,189,00:39:41 23-Feb-2024,MB,B,43.4541,-59.9918,43.4541,-59.9918,6,,401677736,-127
260358,260358,UT,DS,5,0,0,112,98,01:30:41 23-Feb-2024,MC,2,43.4782,-59.9591,43.4782,-59.9591,58,,401677735,-113
260358,260358,UT,DS,6,1,1,,,02:10:06 23-Feb-2024,NN,1,43.4898,-59.9782,43.4898,-59.9782,58,,401677735,-123
260358,260358,UT,DS,1,0,0,,,02:23:35 23-Feb-2024,NP,B,43.4899,-59.9783,43.4899,-59.9783,6,,401677734,-137
260358,260358,UT,DS,5,1,0,,,02:27:21 23-Feb-2024,O3,,,,,,,,401650000,
260358,260358,UT,DS,1,0,0,,,12:08:29 23-Feb-2024,MC,B,43.6072,-60.3371,43.6072,-60.3371,8,,401677722,-131
260358,260358,UT,DS,3,0,0,184,172,12:18:12 23-Feb-2024,NK,A,43.6222,-59.9646,43.6222,-59.9646,6,,401677735,-120
260358,260358,UT,DS,1,0,0,,,12:51:29 23-Feb-2024,MB,Z,43.5687,-59.9976,43.5687,-59.9976,8,,401677724,-135
260358,260358,UT,DS,5,1,0,,,12:54:57 23-Feb-2024,NP,2,43.6392,-59.9806,43.6392,-59.9806,58,,401677734,-126
260358,260358,UT,DS,3,0,1,218,218,13:47:32 23-Feb-2024,MC,A,43.6600,-59.9869,43.6600,-59.9869,8,,401677722,-116
260358,260358,UT,DS,1,0,1,,,14:01:55 23-Feb-2024,NK,B,43.6641,-59.9940,43.6641,-59.9940,6,,401677735,-137
260358,260358,UT,DS,2,0,0,494,494,14:30:02 23-Feb-2024,NN,B,43.6695,-59.9967,43.6695,-59.9967,,,401677743,-128
260358,260358,UT,DS,2,0,0,494,494,14:30:02 23-Feb-2024,MB,B,43.6690,-60.0025,43.6690,-60.0025,6,,401677730,-132
260358,260358,UT,DS,2,0,0,362,362,14:38:17 23-Feb-2024,NP,B,43.6219,-60.0194,43.6219,-60.0194,6,,401677708,-136
260358,260358,UT,DS,1,0,0,,,15:26:05 23-Feb-2024,MC,B,43.6225,-60.0187,43.6225,-60.0187,8,,401677716,-126
260358,260358,UT,DS,3,0,0,164,145,16:06:34 23-Feb-2024,O3,A,43.6956,-60.0401,43.6956,-60.0401,6,,401677741,-122
260358,260358,UT,DS,1,0,0,,,16:17:09 23-Feb-2024,NN,B,43.6234,-60.0199,43.6234,-60.0199,8,,401677712,-126
260358,260358,UT,DS,1,0,0,,,21:32:44 23-Feb-2024,SR,B,43.6633,-59.9862,43.6633,-59.9862,8,,401677694,-127
260358,260358,UT,DS,5,0,0,142,88,21:58:46 23-Feb-2024,NK,2,43.8411,-60.2415,43.8411,-60.2415,56,,401677725,-127
260358,260358,UT,DS,2,0,0,185,185,22:36:27 23-Feb-2024,A1,B,43.8598,-60.1970,43.8598,-60.1970,6,,401677746,-123
260358,260358,UT,DS,3,0,0,212,55,22:45:03 23-Feb-2024,NP,A,43.8440,-60.2311,43.8440,-60.2311,6,,401677743,-132
260358,260358,UT,DS,3,0,0,289,274,23:13:20 23-Feb-2024,SR,A,43.8533,-60.2581,43.8533,-60.2581,6,,401677737,-127
260358,260358,UT,DS,1,0,0,,,23:33:30 23-Feb-2024,MC,B,43.8591,-60.2765,43.8591,-60.2765,6,,401677733,-129
260358,260358,UT,DS,2,0,0,564,564,23:46:36 23-Feb-2024,NK,B,43.8568,-60.2726,43.8568,-60.2726,6,,401677735,-130
260358,260358,UT,DS,3,0,0,237,206,00:15:54 24-Feb-2024,MB,A,43.8669,-60.2675,43.8669,-60.2675,6,,401677737,-128
260358,260358,UT,DS,2,0,0,206,206,00:20:21 24-Feb-2024,NN,B,43.8714,-60.2582,43.8714,-60.2582,6,,401677740,-135
260358,260358,UT,DS,2,0,0,222,222,00:23:47 24-Feb-2024,NP,B,43.8634,-60.2626,43.8634,-60.2626,6,,401677740,-124
260358,260358,UT,DS,2,0,0,297,297,01:10:34 24-Feb-2024,MC,B,43.8672,-60.2910,43.8672,-60.2910,8,,401677739,-121
260358,260358,UT,DS,1,0,0,,,01:37:42 24-Feb-2024,O3,B,43.8727,-60.3131,43.8727,-60.3131,6,,401677741,-136
260358,260358,UT,DS,1,0,0,,,01:55:52 24-Feb-2024,MB,B,43.8705,-60.3004,43.8705,-60.3004,6,,401677738,-131
260358,260358,UT,DS,5,1,0,,,02:01:46 24-Feb-2024,NN,1,43.8876,-60.2943,43.8876,-60.2943,56,,401677735,-123
260358,260358,UT,DS,4,0,1,179,159,02:06:15 24-Feb-2024,NP,2,43.8876,-60.2996,43.8876,-60.2996,56,,401677737,-135
260358,260358,UT,DS,2,0,0,122,122,02:55:21 24-Feb-2024,MC,B,43.8874,-60.3311,43.8874,-60.3311,8,,401677739,-126
260358,260358,UT,DS,2,0,1,47,47,12:31:00 24-Feb-2024,MB,B,43.9243,-60.3562,43.9243,-60.3562,8,,401677736,-133
260358,260358,UT,DS,2,0,0,142,142,12:52:19 24-Feb-2024,NP,B,44.0519,-60.3375,44.0519,-60.3375,6,,401677739,-129
260358,260358,UT,DS,4,0,0,132,86,13:21:44 24-Feb-2024,MC,1,44.0512,-60.2990,44.0512,-60.2990,56,,401677739,-119
260358,260358,UT,DS,1,0,0,,,13:32:32 24-Feb-2024,NK,B,44.0510,-60.2986,44.0510,-60.2986,6,,401677739,-132
260358,260358,UT,DS,2,0,1,214,214,14:12:47 24-Feb-2024,MB,B,44.0560,-60.3298,44.0560,-60.3298,8,,401677729,-126
260358,260358,UT,DS,2,0,0,247,247,14:21:00 24-Feb-2024,NN,B,44.0541,-60.3064,44.0541,-60.3064,6,,401677734,-129
260358,260358,UT,DS,8,0,3,76,45,14:25:07 24-Feb-2024,NP,2,44.0648,-60.2797,44.0648,-60.2797,56,,401677739,-121
260358,260358,UT,DS,1,0,0,,,15:07:11 24-Feb-2024,MC,B,44.0732,-60.3078,44.0732,-60.3078,8,,401677732,-120
260358,260358,UT,DS,3,0,0,133,45,15:16:03 24-Feb-2024,O3,A,44.0666,-60.2736,44.0666,-60.2736,6,,401677735,-126
260358,260358,UT,DS,2,0,0,198,198,16:03:24 24-Feb-2024,NN,B,44.0801,-60.3055,44.0801,-60.3055,8,,401677734,-121
260358,260358,UT,DS,1,0,0,,,16:06:41 24-Feb-2024,NP,B,44.0772,-60.2881,44.0772,-60.2881,6,,401677732,-135
260358,260358,UT,DS,1,0,0,,,16:56:11 24-Feb-2024,O3,B,44.0798,-60.3254,44.0798,-60.3254,8,,401677726,-124
260358,260358,UT,DS,7,2,1,,,21:36:52 24-Feb-2024,NK,3,44.1348,-60.2641,44.1348,-60.2641,58,,401677737,-124
260358,260358,UT,DS,9,3,0,,,22:13:50 24-Feb-2024,A1,2,44.1409,-60.2596,44.1409,-60.2596,48,,401677737,-120
260358,260358,UT,DS,3,0,0,71,45,22:34:12 24-Feb-2024,NP,A,44.1434,-60.2652,44.1434,-60.2652,6,,401677736,-133
260358,260358,UT,DS,2,0,0,97,97,22:34:43 24-Feb-2024,SR,B,44.1516,-60.2596,44.1516,-60.2596,6,,401677735,-127
260358,260358,UT,DS,2,0,1,48,48,23:59:55 24-Feb-2024,MB,B,44.1501,-60.2794,44.1501,-60.2794,8,,401677719,-129
260358,260358,UT,DS,2,0,0,218,218,00:07:21 25-Feb-2024,NN,B,44.1335,-60.2010,44.1335,-60.2010,6,,401677745,-133
260358,260358,UT,DS,5,0,0,176,45,00:10:36 25-Feb-2024,NP,2,44.1501,-60.2062,44.1501,-60.2062,56,,401677737,-120
260358,260358,UT,DS,2,0,0,252,252,00:15:56 25-Feb-2024,SR,B,44.1474,-60.2058,44.1474,-60.2058,6,,401677740,-136
260358,260358,UT,DS,6,1,0,,,00:48:02 25-Feb-2024,MC,1,44.1273,-60.2089,44.1273,-60.2089,58,,401677737,-119
260358,260358,UT,DS,2,0,0,114,114,01:37:09 25-Feb-2024,MB,B,44.1207,-60.2238,44.1207,-60.2238,8,,401677721,-127
260358,260358,UT,DS,5,0,1,123,52,01:49:39 25-Feb-2024,NN,3,44.1103,-60.1812,44.1103,-60.1812,56,,401677735,-123
260358,260358,UT,DS,6,1,0,,,01:53:34 25-Feb-2024,NP,2,44.1050,-60.1744,44.1050,-60.1744,56,,401677726,-133
260358,260358,UT,DS,2,0,0,256,256,12:35:22 25-Feb-2024,NP,B,44.0859,-60.2671,44.0859,-60.2671,8,,401677722,-131
260358,260358,UT,DS,2,0,0,93,93,13:09:40 25-Feb-2024,MC,B,44.1388,-60.1812,44.1388,-60.1812,6,,401677755,-129
260358,260358,UT,DS,2,0,0,274,274,13:52:43 25-Feb-2024,MB,B,44.1577,-60.1854,44.1577,-60.1854,8,,401677725,-133
260358,260358,UT,DS,4,0,0,219,88,14:01:49 25-Feb-2024,NN,0,44.1338,-60.1897,44.1338,-60.1897,46,,401677744,-133
260358,260358,UT,DS,1,0,0,,,14:12:48 25-Feb-2024,NP,B,44.1265,-60.2284,44.1265,-60.2284,6,,401677746,-135
260358,260358,UT,DS,1,0,0,,,14:32:42 25-Feb-2024,O3,B,44.1342,-60.1955,44.1342,-60.1955,6,,401677741,-134
260358,260358,UT,DS,2,0,0,275,275,14:45:29 25-Feb-2024,MC,B,44.1351,-60.1885,44.1351,-60.1885,6,,401677745,-115
260358,260358,UT,DS,1,0,0,,,15:48:39 25-Feb-2024,NN,B,44.1452,-60.1970,44.1452,-60.1970,8,,401677729,-121
260358,260358,UT,DS,1,0,1,,,15:56:29 25-Feb-2024,NP,B,44.1459,-60.1935,44.1459,-60.1935,6,,401677734,-138
260358,260358,UT,DS,2,0,0,382,382,16:15:11 25-Feb-2024,O3,B,44.1511,-60.2000,44.1511,-60.2000,6,,401677739,-128
260358,260358,UT,DS,2,0,0,136,136,21:51:12 25-Feb-2024,A1,B,44.2097,-60.1545,44.2097,-60.1545,8,,401677727,-133
260358,260358,UT,DS,2,0,0,182,182,22:06:09 25-Feb-2024,SR,B,44.2287,-60.1689,44.2287,-60.1689,6,,401677737,-126
260358,260358,UT,DS,2,0,0,193,193,22:56:11 25-Feb-2024,NK,B,44.2535,-60.1853,44.2535,-60.1853,6,,401677737,-124
260358,260358,UT,DS,1,0,0,,,22:54:35 25-Feb-2024,MC,B,44.2333,-60.1736,44.2333,-60.1736,8,,401677737,-130
260358,260358,UT,DS,1,0,0,,,23:22:26 25-Feb-2024,A1,B,44.2328,-60.1709,44.2328,-60.1709,6,,401677732,-141
260358,260358,UT,DS,1,0,0,,,23:45:06 25-Feb-2024,SR,B,44.2358,-60.1715,44.2358,-60.1715,6,,401677725,-126
260358,260358,UT,DS,2,0,0,402,402,00:02:48 26-Feb-2024,NP,B,44.2887,-60.1799,44.2887,-60.1799,6,,401677738,-127
260358,260358,UT,DS,2,0,0,185,185,00:31:17 26-Feb-2024,MC,B,44.2963,-60.2109,44.2963,-60.2109,6,,401677741,-122
260358,260358,UT,DS,1,0,0,,,00:31:17 26-Feb-2024,NK,B,44.2955,-60.2124,44.2955,-60.2124,,,401677740,-132
260358,260358,UT,DS,1,0,1,,,01:20:52 26-Feb-2024,MB,B,44.3022,-60.2161,44.3022,-60.2161,8,,401677749,-134
260358,260358,UT,DS,1,0,1,,,01:45:55 26-Feb-2024,O3,B,44.3284,-60.2240,44.3284,-60.2240,,,401677739,-140
260358,260358,UT,DS,2,0,0,189,189,01:45:55 26-Feb-2024,NP,B,44.3282,-60.2249,44.3282,-60.2249,6,,401677740,-129
260358,260358,UT,DS,1,0,0,,,12:24:54 26-Feb-2024,NP,B,44.4205,-60.2701,44.4205,-60.2701,8,,401677732,-131
260358,260358,UT,DS,2,0,0,213,213,12:40:50 26-Feb-2024,MC,B,44.4767,-60.4119,44.4767,-60.4119,6,,401677718,-124
260358,260358,UT,DS,1,0,0,,,12:44:22 26-Feb-2024,NK,B,44.4818,-60.4641,44.4818,-60.4641,6,,401677742,-123
260358,260358,UT,DS,1,0,0,,,13:35:16 26-Feb-2024,MB,B,44.4878,-60.4691,44.4878,-60.4691,8,,401677743,-133
260358,260358,UT,DS,1,0,0,,,13:57:08 26-Feb-2024,NN,B,44.4889,-60.4756,44.4889,-60.4756,6,,401677730,-133
260358,260358,UT,DS,2,0,0,207,207,14:00:25 26-Feb-2024,NP,B,44.5003,-60.4590,44.5003,-60.4590,6,,401677745,-124
260358,260358,UT,DS,2,0,1,263,263,14:20:24 26-Feb-2024,MC,B,44.5004,-60.4612,44.5004,-60.4612,6,,401677741,-128
260358,260358,UT,DS,2,0,0,354,354,15:28:33 26-Feb-2024,O3,B,44.5388,-60.5382,44.5388,-60.5382,8,,401677726,-134
260358,260358,UT,DS,1,0,0,,,15:47:45 26-Feb-2024,NP,B,44.5441,-60.5463,44.5441,-60.5463,6,,401677721,-139
260358,260358,UT,DS,4,0,0,55,45,21:36:15 26-Feb-2024,SR,2,44.6673,-60.4302,44.6673,-60.4302,58,,401677730,-125
260358,260358,UT,DS,3,0,1,61,45,21:36:40 26-Feb-2024,CS,A,44.6631,-60.4302,44.6631,-60.4302,6,,401677738,-136
260358,260358,UT,DS,1,0,0,,,22:13:47 26-Feb-2024,NP,B,44.6737,-60.4375,44.6737,-60.4375,8,,401677737,-138
260358,260358,UT,DS,4,0,1,165,95,22:24:31 26-Feb-2024,NK,3,44.6890,-60.4064,44.6890,-60.4064,56,,401677737,-125
260358,260358,UT,DS,3,0,0,137,45,23:00:11 26-Feb-2024,A1,A,44.6917,-60.4052,44.6917,-60.4052,8,,401677736,-126
260358,260358,UT,DS,6,0,0,117,45,23:16:38 26-Feb-2024,SR,2,44.6966,-60.4044,44.6966,-60.4044,56,,401677734,-120
260358,260358,UT,DS,1,0,0,,,23:44:16 26-Feb-2024,NN,B,44.6964,-60.4040,44.6964,-60.4040,6,,401677732,-140
260358,260358,UT,DS,7,2,0,,,23:46:37 26-Feb-2024,NP,3,44.7149,-60.3810,44.7149,-60.3810,56,,401677731,-127
260358,260358,UT,DS,4,0,0,179,89,00:07:48 27-Feb-2024,NK,2,44.7245,-60.3693,44.7245,-60.3693,56,,401677730,-125
260358,260358,UT,DS,5,0,2,100,45,00:10:14 27-Feb-2024,MC,2,44.7185,-60.3733,44.7185,-60.3733,56,,401677733,-121
260358,260358,UT,DS,1,0,0,,,00:51:50 27-Feb-2024,SR,B,44.7280,-60.3785,44.7280,-60.3785,8,,401677730,-136
260358,260358,UT,DS,4,1,0,,,00:56:04 27-Feb-2024,MB,1,44.7211,-60.3735,44.7211,-60.3735,56,,401677734,-129
260358,260358,UT,DS,1,0,0,,,01:01:58 27-Feb-2024,O3,B,44.7222,-60.3763,44.7222,-60.3763,6,,401677733,-139
260358,260358,UT,DS,2,0,0,306,306,01:23:48 27-Feb-2024,NN,B,44.7230,-60.3623,44.7230,-60.3623,6,,401677734,-123
260358,260358,UT,DS,1,0,0,,,01:29:14 27-Feb-2024,NP,B,44.7257,-60.3613,44.7257,-60.3613,6,,401677732,-135
260358,260358,UT,DS,2,0,0,306,306,12:09:57 27-Feb-2024,NP,B,44.7258,-60.3735,44.7258,-60.3735,8,,401677734,-136
260358,260358,UT,DS,2,0,0,445,445,12:18:46 27-Feb-2024,NK,B,44.7549,-60.3458,44.7549,-60.3458,6,,401677742,-130
260358,260358,UT,DS,2,0,0,95,95,12:22:29 27-Feb-2024,MC,B,44.7368,-60.3554,44.7368,-60.3554,6,,401677740,-123
260358,260358,UT,DS,1,0,0,,,13:11:02 27-Feb-2024,MB,B,44.7469,-60.3603,44.7469,-60.3603,8,,401677734,-134
260358,260358,UT,DS,1,0,0,,,13:44:00 27-Feb-2024,NN,B,44.7414,-60.3616,44.7414,-60.3616,7,,401677741,-137
260358,260358,UT,DS,3,0,0,265,202,13:49:27 27-Feb-2024,NP,A,44.7506,-60.4005,44.7506,-60.4005,6,,401677743,-126
260358,260358,UT,DS,1,0,0,,,13:58:18 27-Feb-2024,NK,B,44.7513,-60.4049,44.7513,-60.4049,6,,401677745,-137
260358,260358,UT,DS,2,0,0,208,208,14:05:17 27-Feb-2024,MC,B,44.7514,-60.4048,44.7514,-60.4048,6,,401677739,-133
260358,260358,UT,DS,1,0,0,,,14:43:47 27-Feb-2024,O3,B,44.7592,-60.4100,44.7592,-60.4100,8,,401677735,-140
260358,260358,UT,DS,1,0,0,,,14:56:36 27-Feb-2024,MB,B,44.7619,-60.4126,44.7619,-60.4126,8,,401677733,-132
260358,260358,UT,DS,1,0,0,,,15:27:42 27-Feb-2024,NN,B,44.7628,-60.4124,44.7628,-60.4124,8,,401677731,-128
260358,260358,UT,DS,1,0,1,,,15:31:32 27-Feb-2024,NP,B,44.7601,-60.4106,44.7601,-60.4106,6,,401677730,-138
260358,260358,UT,DS,2,0,1,201,201,16:22:10 27-Feb-2024,O3,B,44.8107,-60.4380,44.8107,-60.4380,8,,401677737,-126
260358,260358,UT,DS,5,0,0,63,45,22:00:32 27-Feb-2024,NK,2,44.9339,-60.3955,44.9339,-60.3955,58,,401677734,-120
260358,260358,UT,DS,5,0,2,107,45,22:48:35 27-Feb-2024,SR,2,44.9364,-60.3854,44.9364,-60.3854,56,,401677736,-124
260358,260358,UT,DS,2,0,0,45,45,22:41:49 27-Feb-2024,A1,B,44.9476,-60.5249,44.9476,-60.5249,8,,401677746,-132
260358,260358,UT,DS,4,0,0,159,141,23:36:39 27-Feb-2024,NP,2,44.9467,-60.3917,44.9467,-60.3917,58,,401677734,-130
260358,260358,UT,DS,3,0,0,146,141,23:37:51 27-Feb-2024,NK,A,44.9457,-60.3937,44.9457,-60.3937,6,,401677734,-126
260358,260358,UT,DS,3,0,0,166,160,23:46:32 27-Feb-2024,MC,A,44.9449,-60.3913,44.9449,-60.3913,6,,401677736,-129
260358,260358,UT,DS,2,0,0,72,72,00:13:34 28-Feb-2024,A1,B,44.9459,-60.3906,44.9459,-60.3906,6,,401677733,-137
260358,260358,UT,DS,1,0,0,,,00:23:14 28-Feb-2024,SR,B,44.9535,-60.3923,44.9535,-60.3923,6,,401677731,-137
260358,260358,UT,DS,4,0,0,124,115,00:34:11 28-Feb-2024,MB,1,44.9637,-60.4002,44.9637,-60.4002,56,,401677733,-131
260358,260358,UT,DS,5,0,0,86,45,01:08:53 28-Feb-2024,NN,2,44.9729,-60.4091,44.9729,-60.4091,58,,401677734,-124
260358,260358,UT,DS,5,0,0,81,59,01:19:30 28-Feb-2024,NP,3,44.9737,-60.4165,44.9737,-60.4165,56,,401677734,-128
260358,260358,UT,DS,5,0,1,144,100,01:30:49 28-Feb-2024,MC,3,44.9725,-60.4229,44.9725,-60.4229,66,,401677733,-121
260358,260358,UT,DS,1,0,0,,,01:57:55 28-Feb-2024,O3,B,44.9810,-60.4273,44.9810,-60.4273,6,,401677734,-139
260358,260358,UT,DS,8,0,2,98,48,11:54:51 28-Feb-2024,NK,1,45.0766,-60.6792,45.0766,-60.6792,58,,401677735,-125
260358,260358,UT,DS,4,0,0,89,65,11:56:35 28-Feb-2024,NP,1,45.0761,-60.6544,45.0761,-60.6544,46,,401677746,-140
260358,260358,UT,DS,1,0,0,,,13:33:21 28-Feb-2024,NN,B,45.1011,-60.6698,45.1011,-60.6698,8,,401677740,-133
260358,260358,UT,DS,3,0,0,359,284,13:35:44 28-Feb-2024,NP,A,45.1018,-60.7295,45.1018,-60.7295,6,,401677733,-125
260358,260358,UT,DS,1,0,0,,,13:45:19 28-Feb-2024,MC,B,45.1018,-60.7287,45.1018,-60.7287,6,,401677736,-115
260358,260358,UT,DS,3,0,0,190,170,14:29:59 28-Feb-2024,MB,A,45.0850,-60.6825,45.0850,-60.6825,8,,401677736,-127
260358,260358,UT,DS,4,0,0,164,67,15:14:08 28-Feb-2024,NN,1,45.1049,-60.7059,45.1049,-60.7059,58,,401677736,-127
260358,260358,UT,DS,6,0,1,93,51,15:17:40 28-Feb-2024,NP,2,45.1072,-60.7176,45.1072,-60.7176,56,,401677741,-127
260358,260358,UT,DS,5,0,0,167,136,15:19:03 28-Feb-2024,MC,2,45.1099,-60.7244,45.1099,-60.7244,56,,401677734,-121
260358,260358,UT,DS,5,0,0,76,55,15:35:34 28-Feb-2024,O3,2,45.1118,-60.7271,45.1118,-60.7271,56,,401677735,-126
260358,260358,UT,DS,5,1,0,,,21:30:19 28-Feb-2024,NK,2,45.1727,-60.7864,45.1727,-60.7864,58,,401677733,-137
260358,260358,UT,DS,1,0,0,,,22:01:47 28-Feb-2024,CS,B,45.1849,-60.7899,45.1849,-60.7899,8,,401677732,-135
260358,260358,UT,DS,1,0,0,,,22:11:06 28-Feb-2024,SR,B,45.1835,-60.7904,45.1835,-60.7904,7,,401677744,-125
260358,260358,UT,DS,1,0,0,,,22:19:33 28-Feb-2024,A1,B,45.1806,-60.7886,45.1806,-60.7886,6,,401677743,-126
260358,260358,UT,DS,3,0,0,131,104,23:12:01 28-Feb-2024,NK,A,45.2069,-60.7998,45.2069,-60.7998,8,,401677734,-125
260358,260358,UT,DS,2,0,0,503,503,23:24:27 28-Feb-2024,NP,B,45.2021,-60.8153,45.2021,-60.8153,6,,401677740,-129
260358,260358,UT,DS,2,0,0,297,297,23:27:54 28-Feb-2024,MC,B,45.2089,-60.8219,45.2089,-60.8219,6,,401677737,-127
260358,260358,UT,DS,4,0,0,137,62,23:49:46 28-Feb-2024,SR,2,45.2217,-60.8211,45.2217,-60.8211,56,,401677734,-125
260358,260358,UT,DS,2,0,0,225,225,23:52:01 28-Feb-2024,A1,B,45.2218,-60.8216,45.2218,-60.8216,6,,401677735,-130
260358,260358,UT,DS,4,0,1,197,189,00:11:25 29-Feb-2024,MB,3,45.2337,-60.8259,45.2337,-60.8259,56,,401677736,-130
260358,260358,UT,DS,1,0,0,,,00:56:56 29-Feb-2024,NK,B,45.2409,-60.8324,45.2409,-60.8324,8,,401677741,-127
260358,260358,UT,DS,1,0,0,,,01:00:14 29-Feb-2024,NN,B,45.2402,-60.8327,45.2402,-60.8327,8,,401677738,-131
260358,260358,UT,DS,3,0,0,238,150,01:06:04 29-Feb-2024,MC,A,45.2586,-60.7831,45.2586,-60.7831,6,,401677737,-115
260358,260358,UT,DS,2,0,0,150,150,01:07:19 29-Feb-2024,NP,B,45.2537,-60.7968,45.2537,-60.7968,6,,401677737,-123
260358,260358,UT,DS,1,0,0,,,01:11:12 29-Feb-2024,O3,B,45.2534,-60.8333,45.2534,-60.8333,6,,401677732,-135
260358,260358,UT,DS,2,0,0,132,132,01:54:35 29-Feb-2024,MB,B,45.2720,-60.8333,45.2720,-60.8333,8,,401677731,-129
260358,260358,UT,DS,2,0,1,389,389,02:38:43 29-Feb-2024,NN,B,45.2790,-60.8198,45.2790,-60.8198,8,,401677739,-127
260358,260358,UT,DS,5,0,2,105,82,02:48:51 29-Feb-2024,O3,2,45.2987,-60.8074,45.2987,-60.8074,56,,401677735,-130
260358,260358,UT,DS,1,0,0,,,02:47:13 29-Feb-2024,MC,B,45.2799,-60.8212,45.2799,-60.8212,6,,401677740,-132
260358,260358,UT,DS,1,0,0,,,12:26:11 29-Feb-2024,MB,B,45.4211,-60.7956,45.4211,-60.7956,8,,401677736,-132
260358,260358,UT,DS,5,0,0,72,45,13:06:14 29-Feb-2024,NK,1,45.4856,-60.7352,45.4856,-60.7352,57,,401677739,-125
260358,260358,UT,DS,9,2,0,,,13:18:59 29-Feb-2024,MC,1,45.4919,-60.7636,45.4919,-60.7636,47,,401677734,-115
260358,260358,UT,DS,6,0,0,81,45,13:21:52 29-Feb-2024,NP,1,45.4860,-60.7651,45.4860,-60.7651,56,,401677737,-126
260358,260358,UT,DS,1,0,0,,,13:20:58 29-Feb-2024,NN,B,45.4919,-60.7635,45.4919,-60.7635,6,,401677738,-135
260358,260358,UT,DS,7,1,0,,,14:06:39 29-Feb-2024,MB,0,45.4884,-60.7348,45.4884,-60.7348,48,,401677742,-129
260358,260358,UT,DS,1,0,0,,,15:00:01 29-Feb-2024,NN,B,45.5125,-60.7156,45.5125,-60.7156,7,,401677757,-122
260358,260358,UT,DS,1,0,0,,,15:00:01 29-Feb-2024,MC,B,45.5202,-60.7123,45.5202,-60.7123,8,,401677745,-127
260358,260358,UT,DS,8,1,2,,,21:38:39 29-Feb-2024,SR,2,45.4709,-60.7344,45.4709,-60.7344,58,,401677738,-121
260358,260358,UT,DS,4,0,1,86,45,21:55:20 29-Feb-2024,A1,3,45.4722,-60.7419,45.4722,-60.7419,56,,401677739,-128
260358,260358,UT,DS,4,0,0,202,190,22:49:26 29-Feb-2024,NK,1,45.4707,-60.7013,45.4707,-60.7013,58,,401677739,-119
260358,260358,UT,DS,1,0,0,,,23:08:53 29-Feb-2024,MC,B,45.4732,-60.7072,45.4732,-60.7072,6,,401677738,-129
260358,260358,UT,DS,2,0,0,168,168,23:12:22 29-Feb-2024,NP,B,45.4664,-60.7094,45.4664,-60.7094,6,,401677734,-129
260358,260358,UT,DS,5,0,1,135,125,23:21:01 29-Feb-2024,SR,2,45.4579,-60.7349,45.4579,-60.7349,56,,401677738,-122
260358,260358,UT,DS,2,0,0,277,277,23:27:37 29-Feb-2024,A1,B,45.4569,-60.7393,45.4569,-60.7393,6,,401677737,-135
260358,260358,UT,DS,1,0,0,,,00:26:55 01-Mar-2024,NK,B,45.4730,-60.7131,45.4730,-60.7131,8,,401677736,-128
260358,260358,UT,DS,3,0,0,109,45,00:47:35 01-Mar-2024,MC,A,45.4503,-60.7598,45.4503,-60.7598,6,,401677735,-114
260358,260358,UT,DS,2,0,0,45,45,00:47:12 01-Mar-2024,NN,B,45.4532,-60.7521,45.4532,-60.7521,6,,401677735,-133
260358,260358,UT,DS,3,0,0,181,177,00:51:57 01-Mar-2024,NP,A,45.4457,-60.7592,45.4457,-60.7592,6,,401677739,-122
260358,260358,UT,DS,7,1,2,,,01:33:05 01-Mar-2024,MB,3,45.4352,-60.7678,45.4352,-60.7678,58,,401677738,-127
260358,260358,UT,DS,3,0,0,178,67,12:42:51 01-Mar-2024,NK,A,45.3600,-60.6765,45.3600,-60.6765,8,,401677739,-125
260358,260358,UT,DS,2,0,0,287,287,12:58:52 01-Mar-2024,MC,B,45.3932,-60.7270,45.3932,-60.7270,8,,401677757,-125
260358,260358,UT,DS,1,0,0,,,13:03:39 01-Mar-2024,NN,B,45.3948,-60.7284,45.3948,-60.7284,6,,401677766,-133
260358,260358,UT,DS,3,0,1,395,265,13:07:56 01-Mar-2024,NP,A,45.3715,-60.6707,45.3715,-60.6707,6,,401677747,-139
260358,260358,UT,DS,3,0,0,303,296,13:46:06 01-Mar-2024,MB,A,45.3700,-60.6842,45.3700,-60.6842,8,,401677741,-126
260358,260358,UT,DS,2,0,0,252,252,14:17:32 01-Mar-2024,NK,B,45.3712,-60.6864,45.3712,-60.6864,8,,401677733,-137
260358,260358,UT,DS,3,0,0,137,45,14:36:32 01-Mar-2024,MC,A,45.3523,-60.6254,45.3523,-60.6254,6,,401677744,-115
260358,260358,UT,DS,3,0,0,294,45,14:47:24 01-Mar-2024,NN,A,45.3790,-60.6525,45.3790,-60.6525,6,,401677747,-128
260358,260358,UT,DS,5,0,1,144,45,14:50:33 01-Mar-2024,NP,2,45.3677,-60.6511,45.3677,-60.6511,56,,401677746,-124
260358,260358,UT,DS,2,0,0,380,380,15:25:55 01-Mar-2024,MB,B,45.3429,-60.6396,45.3429,-60.6396,8,,401677740,-133
260358,260358,UT,DS,11,2,0,,,15:43:21 01-Mar-2024,O3,3,45.3555,-60.6218,45.3555,-60.6218,56,,401677746,-123
260358,260358,UT,DS,5,0,0,69,46,16:20:43 01-Mar-2024,MC,1,45.3587,-60.6128,45.3587,-60.6128,57,,401677755,-124
260358,260358,UT,DS,3,0,0,92,90,16:22:31 01-Mar-2024,NN,A,45.3526,-60.6213,45.3526,-60.6213,6,,401677754,-128
260358,260358,UT,DS,2,0,0,239,239,22:15:37 01-Mar-2024,CS,B,45.3163,-60.5990,45.3163,-60.5990,8,,401677749,-135
260358,260358,UT,DS,4,0,0,176,49,22:17:36 01-Mar-2024,NK,1,45.3292,-60.5920,45.3292,-60.5920,58,,401677738,-135
260358,260358,UT,DS,3,0,0,215,204,22:50:56 01-Mar-2024,SR,A,45.3245,-60.5834,45.3245,-60.5834,8,,401677741,-122
260358,260358,UT,DS,3,0,0,205,194,23:00:05 01-Mar-2024,NP,A,45.3217,-60.5880,45.3217,-60.5880,6,,401677739,-129
260358,260358,UT,DS,2,0,0,185,185,23:06:40 01-Mar-2024,A1,B,45.3220,-60.5887,45.3220,-60.5887,6,,401677738,-127
260358,260358,UT,DS,2,0,1,118,118,23:59:42 01-Mar-2024,NK,B,45.3166,-60.5775,45.3166,-60.5775,8,,401677743,-130
260358,260358,UT,DS,4,0,0,159,141,00:22:21 02-Mar-2024,MC,3,45.3083,-60.6097,45.3083,-60.6097,56,,401677738,-119
260358,260358,UT,DS,1,0,0,,,00:30:19 02-Mar-2024,NN,B,45.3067,-60.6088,45.3067,-60.6088,6,,401677738,-137
260358,260358,UT,DS,4,0,1,175,150,00:40:39 02-Mar-2024,NP,3,45.3090,-60.6024,45.3090,-60.6024,56,,401677737,-121
260358,260358,UT,DS,4,0,1,225,96,01:11:34 02-Mar-2024,MB,1,45.3043,-60.6182,45.3043,-60.6182,48,,401677738,-128
260358,260358,UT,DS,3,0,0,71,51,01:18:05 02-Mar-2024,O3,A,45.3063,-60.6133,45.3063,-60.6133,6,,401677739,-132
260358,260358,UT,DS,1,0,1,,,02:11:58 02-Mar-2024,NN,B,45.3020,-60.6135,45.3020,-60.6135,,,401677739,-128
260358,260358,UT,DS,1,0,1,,,02:11:58 02-Mar-2024,MC,B,45.2984,-60.6124,45.2984,-60.6124,8,,401677737,-125
260358,260358,UT,DS,4,0,0,231,133,12:22:16 02-Mar-2024,NK,1,45.2543,-60.7973,45.2543,-60.7973,58,,401677744,-120
260358,260358,UT,DS,2,0,0,125,125,12:39:18 02-Mar-2024,MC,B,45.2491,-60.7995,45.2491,-60.7995,6,,401677715,-127
260358,260358,UT,DS,5,0,0,133,51,13:01:54 02-Mar-2024,NP,2,45.2469,-60.8351,45.2469,-60.8351,56,,401677744,-123
260358,260358,UT,DS,4,0,0,119,102,13:27:49 02-Mar-2024,MB,2,45.2356,-60.8559,45.2356,-60.8559,56,,401677742,-128
260358,260358,UT,DS,1,0,0,,,14:21:34 02-Mar-2024,MC,B,45.2241,-60.8579,45.2241,-60.8579,8,,401677750,-133
260358,260358,UT,DS,1,0,0,,,14:49:20 02-Mar-2024,NP,B,45.2265,-60.8602,45.2265,-60.8602,6,,401677747,-137
260358,260358,UT,DS,2,0,0,92,92,14:57:53 02-Mar-2024,O3,B,45.2174,-60.8498,45.2174,-60.8498,6,,401677756,-130
260358,260358,UT,DS,1,0,0,,,15:11:23 02-Mar-2024,MB,B,45.2145,-60.8497,45.2145,-60.8497,6,,401677755,-133
260358,260358,UT,DS,1,0,0,,,16:00:12 02-Mar-2024,MC,B,45.2066,-60.8488,45.2066,-60.8488,8,,401677750,-131
260358,260358,UT,DS,3,0,1,283,191,16:09:54 02-Mar-2024,NN,A,45.1699,-60.8657,45.1699,-60.8657,6,,401677739,-127
260358,260358,UT,DS,2,0,0,396,396,16:36:40 02-Mar-2024,O3,B,45.1717,-60.8704,45.1717,-60.8704,6,,401677741,-136
260358,260358,UT,DS,3,0,0,116,84,21:35:28 02-Mar-2024,CS,A,45.1625,-60.8968,45.1625,-60.8968,8,,401677743,-129
260358,260358,UT,DS,3,0,0,105,93,21:58:21 02-Mar-2024,NK,A,45.1645,-60.8847,45.1645,-60.8847,6,,401677744,-125
260358,260358,UT,DS,2,0,0,185,185,22:17:23 02-Mar-2024,SR,B,45.1633,-60.8924,45.1633,-60.8924,8,,401677742,-119
260358,260358,UT,DS,4,0,0,149,45,22:42:58 02-Mar-2024,A1,1,45.1710,-60.9083,45.1710,-60.9083,56,,401677741,-130
260358,260358,UT,DS,2,0,1,246,246,22:47:46 02-Mar-2024,NP,B,45.1664,-60.8995,45.1664,-60.8995,6,,401677739,-133
260358,260358,UT,DS,4,0,0,195,129,23:35:47 02-Mar-2024,NK,3,45.1452,-60.9091,45.1452,-60.9091,58,,401677738,-129
260358,260358,UT,DS,2,0,0,104,104,23:57:07 02-Mar-2024,SR,B,45.1409,-60.9098,45.1409,-60.9098,6,,401677749,-127
260358,260358,UT,DS,8,2,1,,,00:06:58 03-Mar-2024,MC,3,45.1372,-60.9163,45.1372,-60.9163,56,,401677738,-113
260358,260358,UT,DS,2,0,0,106,106,00:16:29 03-Mar-2024,A1,B,45.1374,-60.9140,45.1374,-60.9140,6,,401677738,-133
260358,260358,UT,DS,6,0,1,102,49,00:20:20 03-Mar-2024,NN,2,45.1366,-60.9101,45.1366,-60.9101,56,,401677737,-129
260358,260358,UT,DS,8,2,2,,,00:24:04 03-Mar-2024,NP,1,45.1331,-60.9075,45.1331,-60.9075,46,,401677738,-122
260358,260358,UT,DS,1,0,0,,,00:58:05 03-Mar-2024,MB,B,45.1295,-60.9066,45.1295,-60.9066,8,,401677741,-127
260358,260358,UT,DS,1,0,1,,,02:09:28 03-Mar-2024,NN,B,45.1244,-60.9072,45.1244,-60.9072,8,,401677738,-135
260358,260358,UT,DS,1,0,1,,,02:09:28 03-Mar-2024,NP,B,45.1258,-60.9059,45.1258,-60.9059,,,401677741,-135
260358,260358,UT,DS,1,0,1,,,02:09:28 03-Mar-2024,O3,B,45.1231,-60.9050,45.1231,-60.9050,8,,401677740,-128
260358,260358,UT,DS,3,0,0,247,188,11:50:28 03-Mar-2024,NK,A,45.1330,-60.9552,45.1330,-60.9552,8,,401677745,-120
260358,260358,UT,DS,3,0,1,243,227,12:46:39 03-Mar-2024,NP,A,45.1613,-61.0074,45.1613,-61.0074,8,,401677744,-127
260358,260358,UT,DS,2,0,0,210,210,14:05:37 03-Mar-2024,MC,B,45.1888,-60.9912,45.1888,-60.9912,8,,401677746,-121
260358,260358,UT,DS,4,0,0,200,193,14:17:25 03-Mar-2024,NN,3,45.1995,-61.0311,45.1995,-61.0311,56,,401677744,-125
260358,260358,UT,DS,1,0,0,,,14:27:26 03-Mar-2024,NP,B,45.1989,-61.0311,45.1989,-61.0311,6,,401677743,-136
260358,260358,UT,DS,1,0,0,,,15:40:54 03-Mar-2024,MC,B,45.2020,-61.0307,45.2020,-61.0307,8,,401677749,-130
260358,260358,UT,DS,3,0,0,201,171,15:50:22 03-Mar-2024,O3,A,45.2121,-61.0700,45.2121,-61.0700,6,,401677744,-124
260358,260358,UT,DS,3,0,1,234,165,16:00:49 03-Mar-2024,NN,A,45.2139,-61.0637,45.2139,-61.0637,6,,401677743,-128
260358,260358,UT,DS,1,0,1,,,16:13:14 03-Mar-2024,NP,B,45.2137,-61.0632,45.2137,-61.0632,6,,401677743,-133
260358,260358,UT,DS,2,0,1,45,45,21:34:56 03-Mar-2024,NK,B,45.1583,-61.0548,45.1583,-61.0548,8,,401677751,-129
260358,260358,UT,DS,3,0,0,168,45,21:46:09 03-Mar-2024,SR,A,45.1380,-61.0988,45.1380,-61.0988,6,,401677744,-122
260358,260358,UT,DS,3,0,0,152,45,22:19:52 03-Mar-2024,A1,A,45.1493,-61.1205,45.1493,-61.1205,8,,401677750,-125
260358,260358,UT,DS,1,0,0,,,22:35:44 03-Mar-2024,CS,B,45.1494,-61.1237,45.1494,-61.1237,6,,401677739,-138
260358,260358,UT,DS,4,0,0,177,151,22:35:44 03-Mar-2024,NP,0,45.1297,-61.0867,45.1297,-61.0867,40,,401677744,-134
260358,260358,UT,DS,3,0,0,285,130,23:14:03 03-Mar-2024,NK,A,45.1143,-61.1136,45.1143,-61.1136,8,,401677740,-128
260358,260358,UT,DS,4,0,0,140,136,23:25:56 03-Mar-2024,SR,3,45.1061,-61.1242,45.1061,-61.1242,56,,401677741,-130
260358,260358,UT,DS,2,0,0,132,132,23:46:33 03-Mar-2024,MC,B,45.1025,-61.1275,45.1025,-61.1275,6,,401677740,-122
260358,260358,UT,DS,2,0,0,123,123,23:54:07 03-Mar-2024,A1,B,45.0971,-61.1133,45.0971,-61.1133,6,,401677746,-136
260358,260358,UT,DS,4,0,0,149,124,00:07:37 04-Mar-2024,NN,3,45.0842,-61.1429,45.0842,-61.1429,56,,401677744,-133
260358,260358,UT,DS,4,0,0,188,140,00:14:04 04-Mar-2024,NP,3,45.0883,-61.1474,45.0883,-61.1474,56,,401677741,-119
260358,260358,UT,DS,3,0,0,221,129,00:28:08 04-Mar-2024,MB,A,45.0795,-61.1625,45.0795,-61.1625,6,,401677741,-133
260358,260358,UT,DS,2,0,0,133,133,00:52:47 04-Mar-2024,NK,B,45.0776,-61.1717,45.0776,-61.1717,6,,401677738,-131
260358,260358,UT,DS,2,0,0,198,198,01:22:53 04-Mar-2024,MC,B,45.0622,-61.1828,45.0622,-61.1828,8,,401677739,-121
260358,260358,UT,DS,1,0,0,,,01:50:22 04-Mar-2024,NN,B,45.0630,-61.1797,45.0630,-61.1797,6,,401677743,-122
260358,260358,UT,DS,2,0,0,531,531,01:55:00 04-Mar-2024,NP,B,45.0587,-61.2014,45.0587,-61.2014,6,,401677742,-134
260358,260358,UT,DS,1,0,0,,,02:58:04 04-Mar-2024,O3,B,45.0479,-61.2245,45.0479,-61.2245,8,,401677740,-136
260358,260358,UT,DS,3,0,0,151,45,13:02:28 04-Mar-2024,NK,A,44.9001,-61.4428,44.9001,-61.4428,8,,401677751,-123
260358,260358,UT,DS,3,0,0,116,45,13:38:36 04-Mar-2024,MC,A,44.9003,-61.4692,44.9003,-61.4692,8,,401677747,-118
260358,260358,UT,DS,2,0,0,206,206,14:09:45 04-Mar-2024,NN,B,44.8947,-61.4829,44.8947,-61.4829,8,,401677747,-129
260358,260358,UT,DS,3,0,0,225,172,14:16:33 04-Mar-2024,NP,A,44.8804,-61.4843,44.8804,-61.4843,6,,401677745,-127
260358,260358,UT,DS,2,0,1,209,209,14:27:09 04-Mar-2024,MB,B,44.8897,-61.4960,44.8897,-61.4960,6,,401677748,-125
260358,260358,UT,DS,4,0,0,153,82,15:16:32 04-Mar-2024,MC,1,44.8659,-61.5579,44.8659,-61.5579,48,,401677745,-119
260358,260358,UT,DS,2,0,1,281,281,15:56:13 04-Mar-2024,NP,B,44.8529,-61.5808,44.8529,-61.5808,8,,401677749,-133
260358,260358,UT,DS,2,0,0,160,160,16:44:42 04-Mar-2024,O3,B,44.8234,-61.6267,44.8234,-61.6267,8,,401677743,-122
260358,260358,UT,DS,2,0,0,263,263,21:51:38 04-Mar-2024,CS,B,44.7529,-61.8345,44.7529,-61.8345,8,,401677766,-132
260358,260358,UT,DS,1,0,0,,,21:58:53 04-Mar-2024,A1,B,44.7642,-61.8471,44.7642,-61.8471,8,,401677726,-128
260358,260358,UT,DS,1,0,0,,,22:24:41 04-Mar-2024,NP,B,44.7767,-61.7607,44.7767,-61.7607,6,,401677754,-139
260358,260358,UT,DS,2,0,0,202,202,22:47:59 04-Mar-2024,NK,B,44.7820,-61.8805,44.7820,-61.8805,6,,401677745,-120
260358,260358,UT,DS,1,0,0,,,22:52:54 04-Mar-2024,SR,B,44.7746,-61.9182,44.7746,-61.9182,6,,401677758,-138
260358,260358,UT,DS,1,0,0,,,01:02:41 05-Mar-2024,MC,B,44.7329,-62.0090,44.7329,-62.0090,8,,401677748,-135
260358,260358,UT,DS,1,0,0,,,01:49:07 05-Mar-2024,NP,B,44.7272,-62.0219,44.7272,-62.0219,8,,401677744,-131
260358,260358,UT,DS,4,0,0,129,45,12:22:14 05-Mar-2024,NP,1,44.5895,-62.4623,44.5895,-62.4623,58,,401677760,-137
260358,260358,UT,DS,4,0,0,97,45,12:35:31 05-Mar-2024,NK,1,44.5945,-62.4531,44.5945,-62.4531,56,,401677753,-120
260358,260358,UT,DS,2,0,0,106,106,13:23:01 05-Mar-2024,MC,B,44.5753,-62.5097,44.5753,-62.5097,8,,401677743,-121
260358,260358,UT,DS,2,0,0,89,89,13:56:07 05-Mar-2024,NN,B,44.5679,-62.4788,44.5679,-62.4788,7,,401677752,-127
260358,260358,UT,DS,1,0,0,,,14:05:42 05-Mar-2024,NP,B,44.5625,-62.5375,44.5625,-62.5375,8,,401677742,-124
260358,260358,UT,DS,3,0,0,265,217,14:56:06 05-Mar-2024,MC,A,44.5639,-62.5035,44.5639,-62.5035,8,,401677752,-124
260358,260358,UT,DS,3,0,0,207,107,15:31:47 05-Mar-2024,NN,A,44.5425,-62.5171,44.5425,-62.5171,8,,401677748,-123
260358,260358,UT,DS,4,0,1,162,46,15:59:24 05-Mar-2024,O3,3,44.5346,-62.5193,44.5346,-62.5193,56,,401677748,-123
260358,260358,UT,DS,1,0,1,,,16:37:41 05-Mar-2024,MC,B,44.5215,-62.5346,44.5215,-62.5346,8,,401677748,-134
260358,260358,UT,DS,1,0,0,,,21:36:20 05-Mar-2024,A1,B,44.4191,-62.6595,44.4191,-62.6595,8,,401677752,-136
260358,260358,UT,DS,2,0,1,205,205,22:22:19 05-Mar-2024,NK,B,44.3794,-62.6719,44.3794,-62.6719,8,,401677725,-121
260358,260358,UT,DS,2,0,0,205,205,22:24:02 05-Mar-2024,SR,B,44.4035,-62.6631,44.4035,-62.6631,8,,401677755,-125
260358,260358,UT,DS,1,0,1,,,23:07:13 05-Mar-2024,MC,B,44.3655,-62.6199,44.3655,-62.6199,8,,401677727,-127
260358,260358,UT,DS,2,0,1,333,333,23:07:13 05-Mar-2024,A1,B,44.3494,-62.5538,44.3494,-62.5538,8,,401677743,-132
260358,260358,UT,DS,2,0,0,293,293,23:57:28 05-Mar-2024,NP,B,44.3387,-62.5478,44.3387,-62.5478,8,,401677736,-126
260358,260358,UT,DS,1,0,0,,,23:57:28 05-Mar-2024,NK,B,44.3397,-62.5486,44.3397,-62.5486,,,401677736,-137
260358,260358,UT,DS,2,0,1,409,409,01:23:27 06-Mar-2024,NN,B,44.2444,-62.5175,44.2444,-62.5175,8,,401677747,-123
260358,260358,UT,DS,1,0,1,,,01:30:16 06-Mar-2024,O3,B,44.2440,-62.5228,44.2440,-62.5228,,,401677745,-138
260358,260358,UT,DS,2,0,2,150,150,01:30:16 06-Mar-2024,MB,B,44.2485,-62.5243,44.2485,-62.5243,6,,401677749,-127
260358,260358,UT,DS,3,0,1,90,45,01:40:30 06-Mar-2024,NP,A,44.2455,-62.5226,44.2455,-62.5226,6,,401677739,-131
260358,260358,UT,DS,2,0,1,403,403,12:10:27 06-Mar-2024,NP,B,43.9695,-62.5314,43.9695,-62.5314,8,,401677630,-137
260358,260358,UT,DS,2,0,1,403,403,12:13:49 06-Mar-2024,NK,B,44.1465,-62.8716,44.1465,-62.8716,6,,401677738,-125
260358,260358,UT,DS,2,0,0,208,208,12:58:12 06-Mar-2024,MC,B,43.9489,-62.8314,43.9489,-62.8314,8,,401677666,-125
260358,260358,UT,DS,3,0,0,123,82,13:44:25 06-Mar-2024,NN,A,44.2067,-62.9513,44.2067,-62.9513,8,,401677745,-130
260358,260358,UT,DS,3,0,1,229,133,13:45:46 06-Mar-2024,MB,A,44.2142,-62.9727,44.2142,-62.9727,6,,401677748,-130
260358,260358,UT,DS,3,0,1,287,133,13:52:19 06-Mar-2024,NP,A,44.2131,-62.9626,44.2131,-62.9626,6,,401677747,-126
260358,260358,UT,DS,2,0,1,133,133,13:51:13 06-Mar-2024,NK,B,44.2158,-62.9749,44.2158,-62.9749,6,,401677698,-130
260358,260358,UT,DS,4,0,0,234,124,14:35:06 06-Mar-2024,MC,2,44.2111,-63.0049,44.2111,-63.0049,58,,401677748,-129
260358,260358,UT,DS,3,0,0,168,102,15:09:37 06-Mar-2024,O3,A,44.2146,-63.0472,44.2146,-63.0472,8,,401677752,-134
260358,260358,UT,DS,3,0,0,90,45,15:23:01 06-Mar-2024,NN,A,44.2043,-63.0467,44.2043,-63.0467,6,,401677747,-126
260358,260358,UT,DS,2,0,0,248,248,15:33:46 06-Mar-2024,NP,B,44.2059,-63.0550,44.2059,-63.0550,6,,401677754,-136
260358,260358,UT,DS,2,0,0,406,406,16:51:48 06-Mar-2024,O3,B,44.2192,-63.0395,44.2192,-63.0395,8,,401677749,-124
260358,260358,UT,DS,3,0,0,299,208,21:52:52 06-Mar-2024,SR,A,44.1055,-63.3619,44.1055,-63.3619,8,,401677764,-124
260358,260358,UT,DS,3,0,0,235,81,21:56:39 06-Mar-2024,NK,A,44.1085,-63.3755,44.1085,-63.3755,6,,401677746,-131
260358,260358,UT,DS,3,0,0,145,75,22:09:03 06-Mar-2024,CS,A,44.1014,-63.3404,44.1014,-63.3404,6,,401677735,-132
260358,260358,UT,DS,2,0,0,210,210,22:48:00 06-Mar-2024,A1,B,44.1154,-63.3929,44.1154,-63.3929,8,,401677758,-126
260358,260358,UT,DS,2,0,0,339,339,23:31:53 06-Mar-2024,SR,B,44.0716,-63.3646,44.0716,-63.3646,8,,401677753,-133
260358,260358,UT,DS,1,0,0,,,23:34:42 06-Mar-2024,NK,B,44.0655,-63.3672,44.0655,-63.3672,6,,401677729,-131
260358,260358,UT,DS,2,0,0,164,164,23:44:38 06-Mar-2024,NP,B,44.0481,-63.3768,44.0481,-63.3768,6,,401677748,-130
260358,260358,UT,DS,2,0,1,175,175,00:24:48 07-Mar-2024,MC,B,44.0427,-63.4293,44.0427,-63.4293,8,,401677736,-120
260358,260358,UT,DS,2,0,0,379,379,12:35:21 07-Mar-2024,MC,B,43.8603,-63.9527,43.8603,-63.9527,,,401677750,-131
260358,260358,UT,DS,1,0,0,,,13:26:46 07-Mar-2024,NK,B,43.8374,-63.9782,43.8374,-63.9782,,,401677759,-128
260358,260358,UT,DS,1,0,0,,,13:26:46 07-Mar-2024,MB,B,43.8378,-63.9827,43.8378,-63.9827,8,,401677758,-130
260358,260358,UT,DS,3,0,0,217,198,13:41:15 07-Mar-2024,NP,A,43.8175,-64.0079,43.8175,-64.0079,6,,401677751,-122
260358,260358,UT,DS,3,0,0,310,226,14:14:06 07-Mar-2024,MC,A,43.8134,-64.0332,43.8134,-64.0332,8,,401677744,-120
260358,260358,UT,DS,4,0,0,130,81,15:02:40 07-Mar-2024,MB,3,43.8030,-64.0715,43.8030,-64.0715,58,,401677746,-130
260358,260358,UT,DS,3,0,0,178,146,15:16:16 07-Mar-2024,NN,1,43.7963,-64.0704,43.7963,-64.0704,56,,401677745,-121
260358,260358,UT,DS,2,0,0,239,239,15:21:47 07-Mar-2024,NP,B,43.7932,-64.0694,43.7932,-64.0694,6,,401677748,-133
260358,260358,UT,DS,2,0,0,200,200,16:01:49 07-Mar-2024,MC,B,43.7854,-64.0957,43.7854,-64.0957,8,,401677743,-125
260358,260358,UT,DS,3,0,0,243,229,16:07:37 07-Mar-2024,O3,A,43.7968,-64.1183,43.7968,-64.1183,6,,401677747,-128
260358,260358,UT,DS,8,1,1,,,16:52:41 07-Mar-2024,NN,2,43.8025,-64.1216,43.8025,-64.1216,58,,401677750,-125
260358,260358,UT,DS,4,0,1,51,45,21:34:15 07-Mar-2024,CS,0,43.8498,-64.0667,,,58,,401677741,-127
260358,260358,UT,DS,2,0,0,237,237,22:24:50 07-Mar-2024,A1,B,43.8811,-64.2586,,,6,,401677779,-121
260358,260358,UT,DS,3,0,0,188,142,23:05:53 07-Mar-2024,SR,A,43.7892,-64.2392,43.7892,-64.2392,8,,401677748,-124
260358,260358,UT,DS,4,0,0,135,115,23:27:04 07-Mar-2024,NP,1,43.7681,-64.2502,43.7681,-64.2502,56,,401677751,-125
260358,260358,UT,DS,5,0,0,94,84,23:56:28 07-Mar-2024,A1,3,43.7665,-64.2812,43.7665,-64.2812,56,,401677751,-128
260358,260358,UT,DS,6,0,0,105,84,00:02:11 08-Mar-2024,MC,3,43.7607,-64.2861,43.7607,-64.2861,66,,401677745,-121
260358,260358,UT,DS,7,1,2,,,00:40:54 08-Mar-2024,SR,1,43.7571,-64.3087,43.7571,-64.3087,58,,401677752,-130
260358,260358,UT,DS,5,1,1,,,00:49:02 08-Mar-2024,MB,2,43.7514,-64.3028,43.7514,-64.3028,56,,401677751,-129
260358,260358,UT,DS,13,4,1,,,00:56:50 08-Mar-2024,NN,3,43.7446,-64.2952,43.7446,-64.2952,56,,401677753,-124
260358,260358,UT,DS,4,0,1,50,45,01:05:33 08-Mar-2024,NP,0,43.7475,-64.3099,43.7475,-64.3099,46,,401677750,-122
260358,260358,UT,DS,1,0,1,,,11:50:36 08-Mar-2024,NP,B,43.5604,-64.7524,43.5604,-64.7524,8,,401677727,-138
260358,260358,UT,DS,2,0,0,119,119,12:16:21 08-Mar-2024,MC,B,43.5910,-64.6501,43.5910,-64.6501,6,,401677732,-132
260358,260358,UT,DS,3,0,0,246,244,12:59:59 08-Mar-2024,NK,A,43.6441,-64.7349,43.6441,-64.7349,7,,401677746,-124
260358,260358,UT,DS,1,0,0,,,13:04:06 08-Mar-2024,MB,B,43.5805,-64.6872,43.5805,-64.6872,8,,401677716,-133
260358,260358,UT,DS,1,0,0,,,13:27:15 08-Mar-2024,NP,B,43.6014,-64.6777,43.6014,-64.6777,6,,401677736,-129
260358,260358,UT,DS,2,0,1,325,325,13:57:20 08-Mar-2024,MC,B,43.6118,-64.7068,43.6118,-64.7068,8,,401677760,-118
260358,260358,UT,DS,1,0,0,,,14:47:11 08-Mar-2024,MB,B,43.6535,-64.8524,43.6535,-64.8524,8,,401677767,-126
260358,260358,UT,DS,1,0,0,,,15:02:17 08-Mar-2024,NN,B,43.6535,-64.8524,43.6535,-64.8524,6,,401677767,-123
260358,260358,UT,DS,3,0,0,219,48,15:08:39 08-Mar-2024,NP,A,43.6452,-64.8267,43.6452,-64.8267,6,,401677754,-125
260358,260358,UT,DS,2,0,1,66,66,15:20:48 08-Mar-2024,O3,B,43.6452,-64.8186,43.6452,-64.8186,6,,401677766,-132
260358,260358,UT,DS,3,0,0,180,45,15:36:18 08-Mar-2024,MC,A,43.6398,-64.8209,43.6398,-64.8209,6,,401677758,-122
260358,260358,UT,DS,5,0,1,106,46,16:38:12 08-Mar-2024,NN,3,43.6143,-64.8468,43.6143,-64.8468,58,,401677753,-125
260358,260358,UT,DS,1,0,0,,,16:57:27 08-Mar-2024,O3,B,43.6144,-64.8466,43.6144,-64.8466,6,,401677749,-130
260358,260358,UT,DS,2,0,1,226,226,22:03:46 08-Mar-2024,A1,B,43.6023,-64.8745,43.6023,-64.8745,8,,401677760,-133
260358,260358,UT,DS,10,4,0,,,22:27:54 08-Mar-2024,CS,3,43.5799,-64.9146,43.5799,-64.9146,56,,401677744,-126
260358,260358,UT,DS,11,3,1,,,22:32:39 08-Mar-2024,SR,2,43.5806,-64.9213,43.5806,-64.9213,56,,401677746,-118
260358,260358,UT,DS,6,1,1,,,22:43:54 08-Mar-2024,NK,3,43.5798,-64.9126,43.5798,-64.9126,56,,401677745,-122
260358,260358,UT,DS,10,1,0,,,00:08:10 09-Mar-2024,SR,3,43.5599,-64.9351,43.5599,-64.9351,58,,401677744,-125
260358,260358,UT,DS,8,0,1,96,46,00:18:16 09-Mar-2024,NK,2,43.5577,-64.9475,43.5577,-64.9475,56,,401677747,-130
260358,260358,UT,DS,5,0,2,119,48,00:26:46 09-Mar-2024,MB,2,43.5586,-64.9509,43.5586,-64.9509,46,,401677744,-126
260358,260358,UT,DS,8,2,1,,,00:45:59 09-Mar-2024,NN,2,43.5524,-64.9405,43.5524,-64.9405,56,,401677749,-128
260358,260358,UT,DS,12,3,1,,,00:51:13 09-Mar-2024,NP,1,43.5576,-64.9400,43.5576,-64.9400,56,,401677745,-123
260358,260358,UT,DS,1,0,0,,,01:25:37 09-Mar-2024,MC,B,43.5534,-64.9667,43.5534,-64.9667,8,,401677744,-119
260358,260358,UT,DS,1,0,0,,,12:33:51 09-Mar-2024,NK,B,43.5144,-65.3946,43.5144,-65.3946,8,,401677722,-125
260358,260358,UT,DS,1,0,0,,,13:37:56 09-Mar-2024,MC,B,43.4904,-65.4936,43.4904,-65.4936,,,401677741,-119
260358,260358,UT,DS,2,0,0,175,175,14:25:55 09-Mar-2024,MB,B,43.5052,-65.2441,43.5052,-65.2441,8,,401677747,-126
260358,260358,UT,DS,3,0,1,208,145,14:48:31 09-Mar-2024,NN,A,43.4901,-65.2210,43.4901,-65.2210,6,,401677750,-127
260358,260358,UT,DS,2,0,0,57,57,14:55:57 09-Mar-2024,NP,B,43.4904,-65.2211,43.4904,-65.2211,6,,401677748,-134
260358,260358,UT,DS,2,0,0,290,290,15:18:55 09-Mar-2024,MC,B,43.4883,-65.2231,43.4883,-65.2231,6,,401677753,-120
260358,260358,UT,DS,2,0,0,545,545,16:14:41 09-Mar-2024,O3,B,43.4850,-65.2516,43.4850,-65.2516,8,,401677751,-130
260358,260358,UT,DS,3,0,0,85,45,16:26:01 09-Mar-2024,NN,A,43.4746,-65.2613,43.4746,-65.2613,6,,401677747,-127
260358,260358,UT,DS,2,0,0,435,435,21:40:27 09-Mar-2024,A1,B,43.4860,-65.3970,43.4860,-65.3970,8,,401677768,-138
260358,260358,UT,DS,2,0,0,231,231,21:46:00 09-Mar-2024,CS,B,43.4026,-65.4290,43.4026,-65.4290,6,,401677747,-135
260358,260358,UT,DS,3,0,1,251,245,21:57:10 09-Mar-2024,SR,A,43.3924,-65.4388,43.3924,-65.4388,6,,401677748,-122
260358,260358,UT,DS,3,0,0,220,214,22:13:16 09-Mar-2024,NK,A,43.3805,-65.4302,43.3805,-65.4302,6,,401677747,-130
260358,260358,UT,DS,2,0,0,240,240,23:13:47 09-Mar-2024,A1,B,43.3537,-65.4674,43.3537,-65.4674,8,,401677752,-123
260358,260358,UT,DS,1,0,1,,,23:21:51 09-Mar-2024,MC,B,43.3493,-65.4614,43.3493,-65.4614,6,,401677738,-127
260358,260358,UT,DS,1,0,1,,,23:36:43 09-Mar-2024,SR,B,43.3449,-65.4675,43.3449,-65.4675,6,,401677750,-126
260358,260358,UT,DS,2,0,1,228,228,23:57:25 09-Mar-2024,NK,B,43.3383,-65.4511,43.3383,-65.4511,6,,401677732,-130
260358,260358,UT,DS,1,0,0,,,00:33:58 10-Mar-2024,NN,B,43.3287,-65.4696,43.3287,-65.4696,8,,401677728,-133
260358,260358,UT,DS,2,0,0,256,256,00:49:12 10-Mar-2024,NP,B,43.2723,-65.4560,43.2723,-65.4560,6,,401677750,-125
260358,260358,UT,DS,4,0,0,191,90,00:57:46 10-Mar-2024,MC,1,43.2629,-65.4651,43.2629,-65.4651,46,,401677750,-118
260358,260358,UT,DS,2,0,1,161,161,01:45:25 10-Mar-2024,MB,B,43.2368,-65.4703,43.2368,-65.4703,8,,401677748,-129
260358,260358,UT,DS,1,0,0,,,01:46:46 10-Mar-2024,O3,B,43.2402,-65.4641,43.2402,-65.4641,6,,401677747,-140
260358,260358,UT,DS,2,0,1,691,691,02:09:00 10-Mar-2024,NN,B,43.2394,-65.4685,43.2394,-65.4685,6,,401677748,-131
260358,260358,UT,DS,2,0,0,281,281,02:41:37 10-Mar-2024,MC,B,43.2112,-65.4679,43.2112,-65.4679,8,,401677749,-125
260358,260358,UT,DS,6,1,1,,,12:09:09 10-Mar-2024,NK,1,43.0426,-65.3946,43.0426,-65.3946,58,,401677754,-119
260358,260358,UT,DS,15,4,1,,,13:03:16 10-Mar-2024,NP,2,43.0479,-65.4185,43.0479,-65.4185,58,,401677755,-123
260358,260358,UT,DS,12,4,0,,,13:12:19 10-Mar-2024,MC,3,43.0526,-65.4249,43.0526,-65.4249,56,,401677753,-119
260358,260358,UT,DS,3,0,0,179,45,13:47:16 10-Mar-2024,NK,A,43.0588,-65.4271,43.0588,-65.4271,8,,401677759,-132
260358,260358,UT,DS,3,0,0,207,46,14:03:54 10-Mar-2024,MB,A,43.0433,-65.4689,43.0433,-65.4689,6,,401677754,-135
260358,260358,UT,DS,3,0,0,191,45,14:32:47 10-Mar-2024,NN,A,43.0530,-65.4387,43.0530,-65.4387,6,,401677760,-124
260358,260358,UT,DS,1,0,0,,,14:44:47 10-Mar-2024,NP,B,43.0519,-65.4366,43.0519,-65.4366,6,,401677755,-130
260358,260358,UT,DS,4,0,1,247,45,14:51:52 10-Mar-2024,MC,1,43.0568,-65.4351,43.0568,-65.4351,56,,401677759,-117
260358,260358,UT,DS,6,0,0,94,51,21:49:35 10-Mar-2024,NK,2,42.9775,-65.2789,42.9775,-65.2789,58,,401677750,-125
260358,260358,UT,DS,1,0,1,,,22:47:33 10-Mar-2024,CS,B,42.9624,-65.2806,42.9624,-65.2806,,,401677746,-136
260358,260358,UT,DS,2,0,0,233,233,22:47:33 10-Mar-2024,A1,B,42.9621,-65.2779,42.9621,-65.2779,8,,401677750,-118
260358,260358,UT,DS,1,0,0,,,22:59:21 10-Mar-2024,MC,B,42.9623,-65.2802,42.9623,-65.2802,6,,401677750,-134
260358,260358,UT,DS,3,0,0,168,160,23:05:59 10-Mar-2024,SR,A,42.9532,-65.2802,42.9532,-65.2802,6,,401677748,-126
260358,260358,UT,DS,3,0,0,309,276,23:31:34 10-Mar-2024,NK,A,42.9404,-65.2760,42.9404,-65.2760,6,,401677748,-126
260358,260358,UT,DS,1,0,0,,,23:47:49 10-Mar-2024,MB,B,42.9339,-65.2799,42.9339,-65.2799,6,,401677744,-135
260358,260358,UT,DS,7,0,4,70,45,00:21:06 11-Mar-2024,NN,1,42.9210,-65.3043,42.9210,-65.3043,58,,401677748,-130
260358,260358,UT,DS,3,0,0,47,45,00:22:39 11-Mar-2024,A1,A,42.9275,-65.3090,42.9275,-65.3090,6,,401677751,-132
260358,260358,UT,DS,10,0,2,79,45,00:27:21 11-Mar-2024,NP,2,42.9188,-65.3128,42.9188,-65.3128,56,,401677748,-121
260358,260358,UT,DS,9,0,1,82,45,00:34:30 11-Mar-2024,MC,2,42.9230,-65.3080,42.9230,-65.3080,56,,401677749,-115
260358,260358,UT,DS,2,0,1,46,46,00:42:00 11-Mar-2024,SR,B,42.9253,-65.3072,42.9253,-65.3072,6,,401677749,-135
260358,260358,UT,DS,1,0,0,,,02:09:12 11-Mar-2024,NN,B,42.8893,-65.3278,42.8893,-65.3278,8,,401677751,-127
260358,260358,UT,DS,4,0,0,150,45,11:46:00 11-Mar-2024,NK,0,42.9132,-65.4354,42.9132,-65.4354,48,,401677766,-124
260358,260358,UT,DS,2,0,0,239,239,12:49:52 11-Mar-2024,NP,B,42.8981,-65.3529,42.8981,-65.3529,8,,401677741,-140
260358,260358,UT,DS,2,0,1,484,484,12:53:51 11-Mar-2024,MC,B,42.9333,-65.5010,42.9333,-65.5010,6,,401677735,-133
260358,260358,UT,DS,2,0,1,461,461,13:24:06 11-Mar-2024,NK,B,42.9281,-65.5102,42.9281,-65.5102,8,,401677763,-127
260358,260358,UT,DS,1,0,0,,,13:43:45 11-Mar-2024,MB,B,42.9250,-65.5095,42.9250,-65.5095,6,,401677764,-131
260358,260358,UT,DS,4,0,0,153,45,14:19:30 11-Mar-2024,NN,1,42.9049,-65.5403,42.9049,-65.5403,48,,401677755,-128
260358,260358,UT,DS,5,0,1,160,45,14:31:50 11-Mar-2024,NP,2,42.9191,-65.5593,42.9191,-65.5593,50,,401677765,-125
260358,260358,UT,DS,4,0,1,214,45,14:31:50 11-Mar-2024,MC,2,42.9172,-65.5486,42.9172,-65.5486,56,,401677761,-124
260358,260358,UT,DS,1,0,0,,,15:27:40 11-Mar-2024,MB,B,42.9015,-65.5834,42.9015,-65.5834,8,,401677749,-132
260358,260358,UT,DS,5,0,0,168,45,16:00:11 11-Mar-2024,NN,1,42.9219,-65.5773,42.9219,-65.5773,46,,401677763,-123
260358,260358,UT,DS,2,0,0,45,45,16:16:03 11-Mar-2024,NP,B,42.9215,-65.5805,42.9215,-65.5805,,,401677765,-135
260358,260358,UT,DS,2,0,0,45,45,16:16:03 11-Mar-2024,MC,B,42.9313,-65.5972,42.9313,-65.5972,6,,401677765,-129
260358,260358,UT,DS,3,0,0,159,45,16:20:06 11-Mar-2024,O3,A,42.9224,-65.5991,42.9224,-65.5991,6,,401677762,-122
260358,260358,UT,DS,2,0,0,225,225,22:06:42 11-Mar-2024,CS,B,42.7721,-65.6821,42.7721,-65.6821,8,,401677765,-126
260358,260358,UT,DS,4,0,0,137,62,22:27:58 11-Mar-2024,A1,3,42.7716,-65.6067,42.7716,-65.6067,56,,401677749,-122
260358,260358,UT,DS,3,0,1,146,46,22:34:38 11-Mar-2024,SR,A,42.7697,-65.6080,42.7697,-65.6080,6,,401677752,-119
260358,260358,UT,DS,4,0,0,213,211,23:05:17 11-Mar-2024,NK,1,42.7509,-65.6214,42.7509,-65.6214,58,,401677750,-120
260358,260358,UT,DS,1,0,0,,,00:12:48 12-Mar-2024,NN,B,42.7316,-65.6405,42.7316,-65.6405,8,,401677750,-140
260358,260358,UT,DS,4,0,0,177,171,00:18:39 12-Mar-2024,NP,3,42.7155,-65.6717,42.7155,-65.6717,60,,401677751,-123
260358,260358,UT,DS,2,0,0,176,176,00:15:44 12-Mar-2024,MC,B,42.7241,-65.6403,42.7241,-65.6403,6,,401677749,-118
260358,260358,UT,DS,1,0,0,,,00:18:39 12-Mar-2024,SR,B,42.7237,-65.6397,42.7237,-65.6397,6,,401677749,-132
260358,260358,UT,DS,2,0,0,347,347,00:43:48 12-Mar-2024,NK,B,42.7096,-65.6883,42.7096,-65.6883,6,,401677751,-129
260358,260358,UT,DS,2,0,0,163,163,01:46:16 12-Mar-2024,NN,B,42.6946,-65.7064,42.6946,-65.7064,8,,401677749,-129
260358,260358,UT,DS,9,1,1,,,02:01:47 12-Mar-2024,NP,3,42.6971,-65.7398,42.6971,-65.7398,56,,401677751,-126
260358,260358,UT,DS,1,0,0,,,01:57:52 12-Mar-2024,O3,B,42.6949,-65.7068,42.6949,-65.7068,6,,401677760,-134
260358,260358,UT,DS,9,2,1,,,01:59:00 12-Mar-2024,MC,3,42.6938,-65.7353,42.6938,-65.7353,56,,401677753,-114
260358,260358,UT,DS,1,0,0,,,11:50:45 12-Mar-2024,CS,B,42.5087,-65.9083,42.5087,-65.9083,8,,401677759,-138
260358,260358,UT,DS,2,0,0,250,250,12:33:47 12-Mar-2024,MC,B,42.4725,-65.6316,32.4317,-14.4692,,,401677776,-126
260358,260358,UT,DS,3,0,0,188,48,12:38:21 12-Mar-2024,NP,A,42.4690,-65.6434,42.4690,-65.6434,6,,401677752,-129
260358,260358,UT,DS,2,0,0,45,45,13:23:03 12-Mar-2024,MB,B,42.4897,-65.6373,42.4897,-65.6373,8,,401677759,-131
260358,260358,UT,DS,4,0,0,182,45,14:05:43 12-Mar-2024,NN,1,42.4929,-65.6723,42.4929,-65.6723,48,,401677756,-127
260358,260358,UT,DS,3,0,0,251,234,14:10:57 12-Mar-2024,MC,A,42.4957,-65.6948,42.4957,-65.6948,6,,401677762,-124
260358,260358,UT,DS,1,0,0,,,14:24:15 12-Mar-2024,NP,B,42.4942,-65.6951,42.4942,-65.6951,6,,401677764,-122
260358,260358,UT,DS,1,0,0,,,15:07:03 12-Mar-2024,MB,B,42.4921,-65.7077,42.4921,-65.7077,8,,401677767,-129
260358,260358,UT,DS,2,0,0,297,297,15:38:58 12-Mar-2024,O3,B,42.5060,-65.7265,42.5060,-65.7265,8,,401677765,-128
260358,260358,UT,DS,3,0,0,154,45,15:50:25 12-Mar-2024,NN,A,42.4826,-65.7186,42.4826,-65.7186,8,,401677758,-128
260358,260358,UT,DS,2,0,2,344,344,15:58:56 12-Mar-2024,MC,B,42.4871,-65.7267,42.4871,-65.7267,6,,401677761,-122
260358,260358,UT,DS,2,0,0,109,109,16:03:30 12-Mar-2024,NP,B,42.4880,-65.7281,42.4880,-65.7281,6,,401677757,-135
260358,260358,UT,DS,3,0,0,309,306,22:03:35 12-Mar-2024,SR,A,42.3732,-65.8179,42.3732,-65.8179,8,,401677766,-123
260358,260358,UT,DS,2,0,0,312,312,22:06:08 12-Mar-2024,A1,B,42.3709,-65.7970,42.3709,-65.7970,6,,401677767,-129
260358,260358,UT,DS,3,0,0,150,101,22:36:20 12-Mar-2024,NK,A,42.3351,-65.8303,42.3351,-65.8303,8,,401677770,-124
260358,260358,UT,DS,1,0,0,,,23:00:46 12-Mar-2024,CS,B,42.3244,-65.8438,42.3244,-65.8438,6,,401677753,-137
260358,260358,UT,DS,2,0,0,150,150,23:40:00 12-Mar-2024,A1,B,42.3315,-65.8060,42.3315,-65.8060,8,,401677744,-132
260358,260358,UT,DS,3,0,0,108,91,23:45:30 12-Mar-2024,SR,A,42.3343,-65.8067,42.3343,-65.8067,6,,401677746,-125
260358,260358,UT,DS,2,0,1,166,166,23:56:11 12-Mar-2024,MC,B,42.3372,-65.8136,42.3372,-65.8136,6,,401677743,-126
260358,260358,UT,DS,6,2,1,,,00:03:18 13-Mar-2024,NP,2,42.3334,-65.8364,42.3334,-65.8364,56,,401677745,-122
260358,260358,UT,DS,2,0,0,633,633,00:16:04 13-Mar-2024,NK,B,42.3299,-65.8409,42.3299,-65.8409,6,,401677746,-128
260358,260358,UT,DS,1,0,0,,,00:45:43 13-Mar-2024,MB,B,42.3230,-65.8485,,,6,,401677743,-131
260358,260358,UT,DS,3,0,2,73,51,01:36:14 13-Mar-2024,NN,A,42.3419,-65.8144,42.3419,-65.8144,8,,401677735,-128
260358,260358,UT,DS,3,0,2,47,47,01:36:47 13-Mar-2024,MC,A,42.3522,-65.7831,42.3522,-65.7831,6,,401677757,-118
260358,260358,UT,DS,3,0,0,174,164,12:27:36 13-Mar-2024,NP,A,42.3726,-66.1202,42.3726,-66.1202,8,,401677755,-134
260358,260358,UT,DS,2,0,0,353,353,12:36:21 13-Mar-2024,NK,B,42.3679,-66.1249,42.3679,-66.1249,6,,401677754,-119
260358,260358,UT,DS,1,0,0,,,12:59:30 13-Mar-2024,MB,B,42.3711,-66.1287,42.3711,-66.1287,8,,401677746,-132
260358,260358,UT,DS,3,0,1,217,208,13:54:19 13-Mar-2024,MC,A,42.3971,-66.2178,42.3971,-66.2178,8,,401677752,-115
260358,260358,UT,DS,2,0,1,227,227,13:59:40 13-Mar-2024,NN,B,42.3970,-66.2172,42.3970,-66.2172,6,,401677752,-137
260358,260358,UT,DS,4,1,0,,,14:05:17 13-Mar-2024,NP,1,42.4063,-66.2324,42.4063,-66.2324,56,,401677754,-120
260358,260358,UT,DS,1,0,0,,,14:12:54 13-Mar-2024,NK,B,42.4068,-66.2367,42.4068,-66.2367,6,,401677754,-130
260358,260358,UT,DS,5,0,0,175,90,14:38:52 13-Mar-2024,MB,1,42.4062,-66.2493,42.4062,-66.2493,56,,401677754,-126
260358,260358,UT,DS,6,0,0,113,79,15:32:26 13-Mar-2024,MC,2,42.4218,-66.3339,42.4218,-66.3339,58,,401677763,-130
260358,260358,UT,DS,4,0,0,115,79,15:45:33 13-Mar-2024,NN,1,42.4234,-66.3232,42.4234,-66.3232,56,,401677758,-122
260358,260358,UT,DS,2,0,0,226,226,15:49:47 13-Mar-2024,NP,B,42.4291,-66.3530,42.4291,-66.3530,6,,401677755,-131
260358,260358,UT,DS,2,0,1,288,288,16:28:52 13-Mar-2024,O3,B,42.4243,-66.4029,42.4243,-66.4029,8,,401677753,-126
260358,260358,UT,DS,2,0,0,357,357,22:15:42 13-Mar-2024,NK,B,42.4333,-66.7548,42.4333,-66.7548,8,,401677738,-130
260358,260358,UT,DS,3,0,0,169,90,23:12:04 13-Mar-2024,SR,A,42.3762,-66.6897,42.3762,-66.6897,8,,401677751,-123
260358,260358,UT,DS,3,0,0,97,90,23:12:58 13-Mar-2024,A1,B,42.3762,-66.6900,42.3762,-66.6900,6,,401677751,-139
260358,260358,UT,DS,1,0,0,,,23:38:24 13-Mar-2024,MC,B,42.3755,-66.7076,42.3755,-66.7076,6,,401677752,-130
260358,260358,UT,DS,3,0,1,224,173,23:56:21 13-Mar-2024,NK,A,42.3834,-66.6935,42.3834,-66.6935,6,,401677750,-120
260358,260358,UT,DS,3,0,2,224,173,23:52:54 13-Mar-2024,NP,A,42.3807,-66.7025,42.3807,-66.7025,6,,401677751,-132
260358,260358,UT,DS,1,0,0,,,00:27:31 14-Mar-2024,MB,B,42.3806,-66.7244,42.3806,-66.7244,8,,401677754,-133
260358,260358,UT,DS,1,0,0,,,01:19:24 14-Mar-2024,MC,B,42.3867,-66.7504,42.3867,-66.7504,8,,401677764,-116
260358,260358,UT,DS,1,0,0,,,01:24:21 14-Mar-2024,NN,B,42.3903,-66.7456,42.3903,-66.7456,6,,401677755,-131
260358,260358,UT,DS,1,0,0,,,02:04:53 14-Mar-2024,MB,B,42.3907,-66.7802,42.3907,-66.7802,8,,401677760,-131
260358,260358,UT,DS,1,0,0,,,12:06:43 14-Mar-2024,CS,B,42.4321,-67.2160,42.4321,-67.2160,8,,401677747,-133
260358,260358,UT,DS,4,0,0,137,110,12:13:35 14-Mar-2024,NK,1,42.4162,-67.0323,42.4162,-67.0323,56,,401677757,-123
260358,260358,UT,DS,2,0,0,197,197,12:13:35 14-Mar-2024,NP,B,42.4159,-67.0298,42.4159,-67.0298,,,401677752,-138
260358,260358,UT,DS,2,0,0,470,470,13:32:47 14-Mar-2024,MC,B,42.4161,-67.0750,42.4161,-67.0750,8,,401677757,-120
260358,260358,UT,DS,4,0,0,147,45,13:58:38 14-Mar-2024,NP,1,42.4318,-67.1075,42.4318,-67.1075,56,,401677749,-122
260358,260358,UT,DS,1,0,0,,,14:29:51 14-Mar-2024,MB,B,42.4177,-67.1150,42.4177,-67.1150,7,,401677757,-133
260358,260358,UT,DS,9,2,0,,,15:12:35 14-Mar-2024,MC,2,42.4142,-67.1445,42.4142,-67.1445,58,,401677756,-122
260358,260358,UT,DS,6,0,0,107,45,15:20:57 14-Mar-2024,NN,1,42.4053,-67.1624,42.4053,-67.1624,46,,401677754,-133
260358,260358,UT,DS,3,0,0,206,194,15:40:37 14-Mar-2024,NP,A,42.4061,-67.1965,42.4061,-67.1965,6,,401677754,-129
260358,260358,UT,DS,6,0,0,81,55,15:44:13 14-Mar-2024,O3,3,42.4155,-67.1903,42.4155,-67.1903,56,,401677759,-128
260358,260358,UT,DS,1,0,0,,,16:54:52 14-Mar-2024,MC,B,42.4048,-67.2544,42.4048,-67.2544,8,,401677762,-131
260358,260358,UT,DS,6,1,0,,,21:40:08 14-Mar-2024,CS,3,42.3985,-67.5000,42.3985,-67.5000,58,,401677758,-125
260358,260358,UT,DS,2,0,0,46,46,21:48:35 14-Mar-2024,NK,B,42.3985,-67.5069,42.3985,-67.5069,6,,401677761,-128
260358,260358,UT,DS,2,0,0,276,276,22:40:32 14-Mar-2024,SR,B,42.4022,-67.5455,42.4022,-67.5455,8,,401677759,-118
260358,260358,UT,DS,2,0,0,200,200,22:53:44 14-Mar-2024,A1,B,42.4031,-67.5445,42.4031,-67.5445,6,,401677755,-125
260358,260358,UT,DS,1,0,1,,,23:20:15 14-Mar-2024,MC,B,42.4033,-67.5401,42.4033,-67.5401,6,,401677757,-133
260358,260358,UT,DS,1,0,0,,,23:27:16 14-Mar-2024,NK,B,42.4031,-67.5496,42.4031,-67.5496,6,,401677754,-127
260358,260358,UT,DS,5,0,1,120,88,00:19:31 15-Mar-2024,SR,2,42.4098,-67.5554,42.4098,-67.5554,58,,401677756,-128
260358,260358,UT,DS,1,0,1,,,00:26:09 15-Mar-2024,A1,B,42.4105,-67.5598,42.4105,-67.5598,6,,401677756,-137
260358,260358,UT,DS,4,0,0,186,115,00:53:37 15-Mar-2024,MC,2,42.4151,-67.5799,42.4151,-67.5799,56,,401677754,-117
260358,260358,UT,DS,3,0,0,193,111,01:06:27 15-Mar-2024,NK,A,42.4203,-67.5874,42.4203,-67.5874,6,,401677751,-132
260358,260358,UT,DS,6,1,1,,,01:13:50 15-Mar-2024,NN,2,42.4154,-67.5851,42.4154,-67.5851,56,,401677755,-128
260358,260358,UT,DS,7,0,0,77,47,01:21:33 15-Mar-2024,NP,3,42.4136,-67.5934,42.4136,-67.5934,66,,401677753,-120
260358,260358,UT,DS,2,0,0,463,463,01:44:05 15-Mar-2024,MB,B,42.4121,-67.5905,42.4121,-67.5905,6,,401677757,-131
260358,260358,UT,DS,3,0,0,145,131,11:35:31 15-Mar-2024,SR,A,42.4826,-67.6872,42.4826,-67.6872,8,,401677752,-130
260358,260358,UT,DS,2,0,0,160,160,11:39:01 15-Mar-2024,NK,B,42.4854,-67.6901,42.4854,-67.6901,6,,401677754,-128
260358,260358,UT,DS,4,0,0,166,121,13:10:26 15-Mar-2024,MC,3,42.4970,-67.7594,42.4970,-67.7594,58,,401677749,-122
260358,260358,UT,DS,4,0,0,170,70,13:41:45 15-Mar-2024,NP,2,42.5004,-67.7996,42.5004,-67.7996,58,,401677754,-120
260358,260358,UT,DS,4,0,0,124,105,14:00:38 15-Mar-2024,MB,3,42.5034,-67.8101,42.5034,-67.8101,56,,401677754,-123
260358,260358,UT,DS,6,0,0,117,94,14:51:20 15-Mar-2024,MC,3,42.5091,-67.8637,42.5091,-67.8637,58,,401677753,-116
260358,260358,UT,DS,4,1,0,,,15:15:18 15-Mar-2024,NN,3,42.5195,-67.9064,42.5195,-67.9064,56,,401677756,-120
260358,260358,UT,DS,3,0,0,128,84,15:28:59 15-Mar-2024,NP,A,42.5180,-67.9097,42.5180,-67.9097,6,,401677755,-134
260358,260358,UT,DS,1,0,0,,,15:37:34 15-Mar-2024,MB,B,42.5207,-67.9201,42.5207,-67.9201,6,,401677757,-134
260358,260358,UT,DS,2,0,0,195,195,16:32:04 15-Mar-2024,MC,B,42.5446,-67.9636,42.5446,-67.9636,8,,401677762,-124
260358,260358,UT,DS,3,0,0,206,205,16:38:45 15-Mar-2024,O3,A,42.5359,-68.0023,,,6,,401677755,-121
260358,260358,UT,DS,3,0,0,179,178,16:52:26 15-Mar-2024,NN,A,42.5342,-68.0168,,,6,,401677753,-127
260358,260358,UT,DS,10,2,0,,,22:10:07 15-Mar-2024,SR,3,42.4721,-68.2342,42.4721,-68.2342,58,,401677756,-120
260358,260358,UT,DS,6,1,0,,,22:31:54 15-Mar-2024,A1,3,42.4555,-68.2332,42.4555,-68.2332,56,,401677754,-123
260358,260358,UT,DS,3,0,0,115,106,22:38:44 15-Mar-2024,CS,A,42.4499,-68.2337,42.4499,-68.2337,6,,401677754,-130
260358,260358,UT,DS,6,1,1,,,23:02:16 15-Mar-2024,NK,1,42.4352,-68.2231,42.4352,-68.2231,56,,401677758,-123
260358,260358,UT,DS,3,0,0,189,172,23:32:16 15-Mar-2024,NP,A,42.4250,-68.2466,42.4250,-68.2466,8,,401677757,-129
260358,260358,UT,DS,4,0,0,166,131,23:47:48 15-Mar-2024,SR,3,42.4196,-68.2564,42.4196,-68.2564,56,,401677757,-122
260358,260358,UT,DS,2,0,0,177,177,00:06:35 16-Mar-2024,A1,B,42.4190,-68.2659,42.4190,-68.2659,6,,401677759,-131
260358,260358,UT,DS,8,1,0,,,00:32:35 16-Mar-2024,MC,3,42.4054,-68.2676,42.4054,-68.2676,56,,401677758,-118
260358,260358,UT,DS,4,0,0,124,59,00:45:46 16-Mar-2024,NK,3,42.4045,-68.2649,42.4045,-68.2649,56,,401677757,-124
260358,260358,UT,DS,6,1,0,,,00:57:43 16-Mar-2024,NN,2,42.4006,-68.2589,42.4006,-68.2589,56,,401677760,-130
260358,260358,UT,DS,8,1,0,,,01:10:01 16-Mar-2024,NP,3,42.3935,-68.2838,42.3935,-68.2838,56,,401677757,-120
260358,260358,UT,DS,6,0,1,70,46,01:24:41 16-Mar-2024,MB,0,42.3915,-68.2801,42.3915,-68.2801,56,,401677755,-119
260358,260358,UT,DS,1,0,1,,,01:26:59 16-Mar-2024,SR,B,42.3915,-68.2798,42.3915,-68.2798,6,,401677754,-139
260358,260358,UT,DS,1,0,0,,,02:53:01 16-Mar-2024,NP,B,42.3805,-68.3387,42.3805,-68.3387,8,,401677748,-130
260358,260358,UT,DS,1,0,0,,,11:51:05 16-Mar-2024,NP,B,42.3591,-68.3046,42.3591,-68.3046,8,,401677763,-139
260358,260358,UT,DS,10,2,1,,,12:55:40 16-Mar-2024,NK,3,42.3086,-68.4208,42.3086,-68.4208,56,,401677759,-120
260358,260358,UT,DS,6,0,1,64,48,12:51:20 16-Mar-2024,MC,1,42.3042,-68.4322,42.3042,-68.4322,58,,401677760,-124
260358,260358,UT,DS,4,0,1,120,45,13:30:22 16-Mar-2024,NP,1,42.3011,-68.4277,42.3011,-68.4277,58,,401677763,-125
260358,260358,UT,DS,2,0,0,212,212,21:35:33 16-Mar-2024,SR,B,42.2478,-68.4949,42.2478,-68.4949,8,,401677766,-129
260358,260358,UT,DS,2,0,0,239,239,22:02:13 16-Mar-2024,CS,B,42.2392,-68.4886,42.2392,-68.4886,6,,401677759,-138
260358,260358,UT,DS,4,0,0,121,69,22:08:44 16-Mar-2024,A1,3,42.2309,-68.4708,42.2309,-68.4708,58,,401677758,-127
260358,260358,UT,DS,2,0,0,452,452,22:38:14 16-Mar-2024,NK,B,42.2247,-68.4692,42.2247,-68.4692,6,,401677758,-133
260358,260358,UT,DS,1,0,0,,,23:22:25 16-Mar-2024,NP,B,42.2183,-68.4711,42.2183,-68.4711,,,401677754,-138
260358,260358,UT,DS,1,0,0,,,23:22:25 16-Mar-2024,SR,B,42.2156,-68.4727,42.2156,-68.4727,8,,401677758,-134
260358,260358,UT,DS,4,0,0,111,98,23:42:30 16-Mar-2024,A1,3,42.2029,-68.4754,42.2029,-68.4754,66,,401677756,-131
260358,260358,UT,DS,4,0,0,157,145,00:12:40 17-Mar-2024,MC,1,42.1838,-68.4919,42.1838,-68.4919,58,,401677755,-120
260358,260358,UT,DS,3,0,0,236,170,00:14:05 17-Mar-2024,NK,A,42.1855,-68.4951,,,6,,401677757,-126
260358,260358,UT,DS,2,0,0,177,177,00:47:21 17-Mar-2024,NN,B,42.1727,-68.5141,,,8,,401677752,-135
260358,260358,UT,DS,13,4,1,,,00:56:15 17-Mar-2024,NP,2,42.1685,-68.5199,,,56,,401677755,-122
260358,260358,UT,DS,5,0,0,46,45,00:56:38 17-Mar-2024,SR,3,42.1688,-68.5180,42.1688,-68.5180,56,,401677756,-130
260358,260358,UT,DS,8,1,2,,,01:01:31 17-Mar-2024,MB,3,42.1693,-68.5176,,,56,,401677756,-126
260358,260358,UT,DS,2,0,0,96,96,11:43:19 17-Mar-2024,CS,B,42.0852,-68.6258,42.0852,-68.6258,8,,401677717,-132
260358,260358,UT,DS,5,0,0,179,117,12:37:11 17-Mar-2024,NK,0,42.1278,-68.5588,,,46,,401677757,-127
260358,260358,UT,DS,1,0,0,,,12:31:16 17-Mar-2024,MC,B,42.0737,-68.6396,,,7,,401677723,-133
260358,260358,UT,DS,4,0,0,231,140,13:16:59 17-Mar-2024,NP,2,42.1181,-68.6929,42.1181,-68.6929,58,,401677761,-127
260358,260358,UT,DS,5,0,0,126,121,14:07:45 17-Mar-2024,MC,2,42.1051,-68.7103,,,50,,401677755,-111
260358,260358,UT,DS,2,0,0,141,141,14:07:45 17-Mar-2024,NK,B,42.1003,-68.7537,42.1003,-68.7537,8,,401677768,-128
260358,260358,UT,DS,4,0,0,133,102,14:50:11 17-Mar-2024,NN,2,42.0928,-68.7292,42.0928,-68.7292,58,,401677753,-123
260358,260358,UT,DS,5,0,1,120,107,14:57:54 17-Mar-2024,MB,2,42.0831,-68.7155,42.0831,-68.7155,56,,401677754,-127
260358,260358,UT,DS,4,0,0,160,107,14:58:54 17-Mar-2024,NP,1,42.0852,-68.7257,42.0852,-68.7257,46,,401677754,-127
260358,260358,UT,DS,4,0,0,156,89,15:50:45 17-Mar-2024,MC,2,42.0639,-68.7393,42.0639,-68.7393,58,,401677764,-125
260358,260358,UT,DS,5,1,0,,,16:26:43 17-Mar-2024,NN,3,42.0547,-68.7478,42.0547,-68.7478,58,,401677757,-131
260358,260358,UT,DS,3,0,0,169,156,16:44:01 17-Mar-2024,O3,A,42.0533,-68.7646,42.0533,-68.7646,6,,401677758,-120
260358,260358,UT,DS,1,0,1,,,21:19:58 17-Mar-2024,CS,B,42.0396,-68.7671,42.0396,-68.7671,8,,401677776,-128
260358,260358,UT,DS,1,0,0,,,21:49:20 17-Mar-2024,A1,B,42.0365,-68.7721,42.0365,-68.7721,6,,401677781,-137
260358,260358,UT,DS,1,0,0,,,22:08:19 17-Mar-2024,NK,B,42.0244,-68.7815,42.0244,-68.7815,6,,401677766,-135
260358,260358,UT,DS,4,0,0,170,99,22:45:14 17-Mar-2024,SR,3,42.0187,-68.8575,42.0187,-68.8575,58,,401677755,-118
260358,260358,UT,DS,3,0,1,187,122,22:55:40 17-Mar-2024,CS,A,42.0132,-68.8447,42.0132,-68.8447,6,,401677756,-135
260358,260358,UT,DS,1,0,0,,,23:11:31 17-Mar-2024,NP,B,42.0144,-68.8693,42.0144,-68.8693,6,,401677754,-139
260358,260358,UT,DS,6,0,1,103,76,23:17:07 17-Mar-2024,A1,3,42.0081,-68.8635,42.0081,-68.8635,56,,401677756,-123
260358,260358,UT,DS,11,2,0,,,23:45:56 17-Mar-2024,NK,3,42.0006,-68.8850,42.0006,-68.8850,56,,401677756,-127
260358,260358,UT,DS,8,1,1,,,23:52:45 17-Mar-2024,MC,2,42.0036,-68.8921,42.0036,-68.8921,56,,401677751,-129
260358,260358,UT,DS,6,0,0,91,45,00:25:02 18-Mar-2024,SR,3,41.9944,-68.9092,41.9944,-68.9092,58,,401677757,-129
260358,260358,UT,DS,5,0,0,73,46,00:38:09 18-Mar-2024,NN,2,42.0011,-68.9156,42.0011,-68.9156,56,,401677755,-133
260358,260358,UT,DS,4,0,1,108,47,00:40:45 18-Mar-2024,MB,2,41.9927,-68.9088,41.9927,-68.9088,56,,401677758,-127
260358,260358,UT,DS,5,0,1,112,45,00:46:55 18-Mar-2024,NP,2,41.9921,-68.9055,41.9921,-68.9055,56,,401677758,-122
260358,260358,UT,DS,1,0,0,,,00:53:40 18-Mar-2024,A1,B,41.9921,-68.9057,41.9921,-68.9057,6,,401677757,-137
260358,260358,UT,DS,1,0,0,,,11:41:03 18-Mar-2024,SR,B,41.8957,-69.2271,41.8957,-69.2271,8,,401677768,-132
260358,260358,UT,DS,5,0,0,105,59,12:06:03 18-Mar-2024,NK,3,41.9367,-69.2215,41.9367,-69.2215,56,,401677757,-120
260358,260358,UT,DS,5,0,0,143,84,13:05:22 18-Mar-2024,NP,3,41.9151,-69.2612,41.9151,-69.2612,58,,401677761,-124
260358,260358,UT,DS,2,0,0,103,103,13:43:44 18-Mar-2024,NK,B,41.9021,-69.2825,41.9021,-69.2825,8,,401677754,-129
260358,260358,UT,DS,4,0,1,156,128,13:50:44 18-Mar-2024,MC,3,41.8992,-69.2814,,,68,,401677758,-115
260358,260358,UT,DS,1,0,0,,,14:40:52 18-Mar-2024,NN,B,41.8843,-69.3075,41.8843,-69.3075,8,,401677764,-129
260358,260358,UT,DS,1,0,0,,,14:46:15 18-Mar-2024,MB,B,41.8744,-69.3030,41.8744,-69.3030,,,401677763,-130
260358,260358,UT,DS,4,1,0,,,14:46:15 18-Mar-2024,NP,1,41.8744,-69.3030,41.8744,-69.3030,56,,401677764,-125
260358,260358,UT,DS,3,0,1,279,126,15:27:52 18-Mar-2024,MC,A,41.8582,-69.3249,41.8582,-69.3249,8,,401677762,-119
260358,260358,UT,DS,1,0,0,,,16:00:16 18-Mar-2024,O3,B,41.8469,-69.3391,41.8469,-69.3391,8,,401677767,-128
260358,260358,UT,DS,4,0,0,145,104,16:21:42 18-Mar-2024,NN,1,41.8449,-69.3568,41.8449,-69.3568,56,,401677765,-125
260358,260358,UT,DS,1,0,1,,,21:45:58 18-Mar-2024,NK,B,41.8732,-69.3716,41.8732,-69.3716,8,,401677785,-133
260358,260358,UT,DS,1,0,0,,,22:11:29 18-Mar-2024,SR,B,41.8982,-69.3859,41.8982,-69.3859,6,,401677755,-131
260358,260358,UT,DS,1,0,1,,,22:11:29 18-Mar-2024,CS,B,41.8467,-69.4223,41.8467,-69.4223,6,,401677786,-135
260358,260358,UT,DS,3,0,0,91,90,22:58:12 18-Mar-2024,A1,A,41.8765,-69.5096,41.8765,-69.5096,8,,401677758,-118
260358,260358,UT,DS,4,0,0,212,93,23:26:57 18-Mar-2024,NK,0,41.8725,-69.5421,41.8725,-69.5421,56,,401677754,-126
260358,260358,UT,DS,6,0,2,76,45,23:35:15 18-Mar-2024,MC,1,41.8728,-69.5211,41.8728,-69.5211,58,,401677757,-122
260358,260358,UT,DS,13,3,1,,,23:53:41 18-Mar-2024,SR,3,41.8743,-69.5213,41.8743,-69.5213,56,,401677757,-122
260358,260358,UT,DS,2,0,0,78,78,00:28:04 19-Mar-2024,A1,B,41.8818,-69.5231,41.8818,-69.5231,8,,401677748,-138
260358,260358,UT,DS,4,1,0,,,00:33:53 19-Mar-2024,NP,A,41.8687,-69.5428,41.8687,-69.5428,6,,401677753,-130
260358,260358,UT,DS,4,0,1,95,45,01:07:31 19-Mar-2024,NK,1,41.8639,-69.5555,41.8639,-69.5555,58,,401677751,-130
260358,260358,UT,DS,4,0,0,127,115,01:08:34 19-Mar-2024,MC,1,41.8599,-69.5658,41.8599,-69.5658,56,,401677753,-111
260358,260358,UT,DS,1,0,0,,,01:59:13 19-Mar-2024,NN,B,41.8519,-69.5868,41.8519,-69.5868,,,401677753,-130
260358,260358,UT,DS,1,0,0,,,01:59:13 19-Mar-2024,MB,B,41.8441,-69.6078,41.8441,-69.6078,8,,401677750,-131
260358,260358,UT,DS,2,0,0,250,250,12:55:46 19-Mar-2024,NP,B,41.6113,-69.7142,41.6113,-69.7142,8,,401677755,-126
260358,260358,UT,DS,3,0,0,226,217,13:29:16 19-Mar-2024,MC,A,41.6065,-69.7276,41.6065,-69.7276,8,,401677760,-120
260358,260358,UT,DS,4,0,0,204,197,14:20:48 19-Mar-2024,NN,3,41.5735,-69.7478,41.5735,-69.7478,58,,401677762,-133
260358,260358,UT,DS,2,0,0,197,197,14:22:27 19-Mar-2024,MB,B,41.5749,-69.7587,41.5749,-69.7587,6,,401677756,-125
260358,260358,UT,DS,4,0,1,189,173,14:35:46 19-Mar-2024,NP,1,41.5614,-69.7466,41.5614,-69.7466,46,,401677756,-125
260358,260358,UT,DS,4,0,0,201,197,15:06:22 19-Mar-2024,MC,3,41.5410,-69.7643,41.5410,-69.7643,58,,401677759,-123
260358,260358,UT,DS,2,0,1,205,205,15:14:43 19-Mar-2024,O3,B,41.5372,-69.7759,41.5372,-69.7759,6,,401677757,-134
260358,260358,UT,DS,1,0,1,,,16:00:39 19-Mar-2024,MB,B,41.5111,-69.8023,41.5111,-69.8023,8,,401677755,-135
260358,260358,UT,DS,4,0,0,104,97,16:02:28 19-Mar-2024,NN,1,41.5303,-69.8106,41.5303,-69.8106,46,,401677764,-127
260358,260358,UT,DS,2,0,0,245,245,16:16:45 19-Mar-2024,NP,B,41.5144,-69.8267,41.5144,-69.8267,6,,401677754,-136
260358,260358,UT,DS,5,0,0,114,96,16:54:15 19-Mar-2024,O3,2,41.5411,-69.8448,41.5411,-69.8448,58,,401677756,-119
260358,260358,UT,DS,1,0,0,,,16:54:16 19-Mar-2024,MC,B,41.5111,-69.8324,41.5111,-69.8324,8,,401677747,-132
260358,260358,UT,DS,7,2,0,,,21:33:53 19-Mar-2024,CS,2,41.5432,-69.9976,41.5432,-69.9976,58,,401677793,-120
260358,260358,UT,DS,3,0,0,89,89,21:43:00 19-Mar-2024,SR,A,41.5381,-70.0153,41.5381,-70.0153,6,,401677798,-133
260358,260358,UT,DS,2,0,0,90,90,22:34:54 19-Mar-2024,A1,B,41.5227,-70.0237,41.5227,-70.0237,8,,401677771,-131
260358,260358,UT,DS,3,0,0,181,180,22:59:49 19-Mar-2024,NK,A,41.5399,-70.0125,41.5399,-70.0125,6,,401677782,-126
260358,260358,UT,DS,5,0,0,88,86,23:23:45 19-Mar-2024,SR,3,41.5410,-70.0121,41.5410,-70.0121,66,,401677772,-120
260358,260358,UT,DS,2,0,0,182,182,00:22:33 20-Mar-2024,NP,B,41.5423,-70.0100,41.5423,-70.0100,8,,401677781,-137
260358,260358,UT,DS,2,0,0,93,93,00:41:17 20-Mar-2024,NK,B,41.5260,-70.0176,41.5260,-70.0176,6,,401677780,-133
260358,260358,UT,DS,3,0,0,88,87,00:52:28 20-Mar-2024,MC,A,41.5440,-70.0124,41.5440,-70.0124,6,,401677772,-127
260358,260358,UT,DS,2,0,0,90,90,01:41:53 20-Mar-2024,MB,B,41.5446,-70.0027,41.5446,-70.0027,8,,401677773,-132
260358,260358,UT,DS,2,0,0,180,180,01:53:53 20-Mar-2024,NN,B,41.5359,-70.0095,41.5359,-70.0095,6,,401677780,-137
260358,260358,UT,DS,2,0,0,90,90,02:06:28 20-Mar-2024,NP,B,41.5403,-70.0126,41.5403,-70.0126,6,,401677772,-131
260358,260358,UT,DS,2,0,0,90,90,02:36:33 20-Mar-2024,MC,B,41.5397,-70.0162,41.5397,-70.0162,8,,401677773,-124
260358,260358,UT,DS,1,0,1,,,11:15:11 20-Mar-2024,NK,B,41.5286,-70.0405,41.5286,-70.0405,8,,401677762,-137
260358,260358,UT,DS,3,0,0,135,90,11:18:38 20-Mar-2024,CS,A,41.5360,-70.0104,41.5360,-70.0104,8,,401677771,-129
260358,260358,UT,DS,5,0,0,89,88,12:54:01 20-Mar-2024,NK,3,41.5384,-70.0046,41.5384,-70.0046,58,,401677788,-123
260358,260358,UT,DS,4,0,1,121,91,14:23:53 20-Mar-2024,NP,1,41.5385,-70.0089,41.5385,-70.0089,58,,401677782,-133
260358,260358,UT,DS,6,0,0,91,90,14:48:00 20-Mar-2024,MC,2,41.5385,-70.0021,41.5385,-70.0021,56,,401677780,-120
260358,260358,UT,DS,1,0,0,,,15:38:55 20-Mar-2024,MB,B,41.5394,-70.0009,41.5394,-70.0009,8,,401677776,-132
260358,260358,UT,DS,5,1,0,,,15:51:29 20-Mar-2024,NN,0,41.5285,-69.9454,41.5285,-69.9454,46,,401677773,-127
260358,260358,UT,DS,2,0,0,302,302,22:10:35 20-Mar-2024,A1,B,41.5234,-70.0350,41.5234,-70.0350,8,,401677744,-131
260358,260358,UT,DS,6,0,0,92,65,22:36:30 20-Mar-2024,NK,3,41.4609,-69.9731,41.4609,-69.9731,56,,401677723,-124
260358,260358,UT,DS,3,0,0,109,79,22:34:45 20-Mar-2024,CS,A,41.4607,-69.9714,41.4607,-69.9714,6,,401677721,-135
260358,260358,UT,DS,6,2,0,,,22:50:41 20-Mar-2024,SR,2,41.4503,-69.9759,41.4503,-69.9759,56,,401677723,-125
260358,260358,UT,DS,8,2,0,,,00:08:46 21-Mar-2024,NP,3,41.4155,-69.9319,41.4155,-69.9319,58,,401677728,-122
260358,260358,UT,DS,9,2,1,,,00:10:12 21-Mar-2024,NK,2,41.4111,-69.9355,41.4111,-69.9355,56,,401677729,-128
260358,260358,UT,DS,5,0,0,146,79,00:28:00 21-Mar-2024,MC,3,41.3989,-69.9264,41.3989,-69.9264,56,,401677729,-117
260358,260358,UT,DS,2,0,1,79,79,00:28:39 21-Mar-2024,SR,B,41.4036,-69.9221,41.4036,-69.9221,6,,401677734,-133
260358,260358,UT,DS,5,0,1,111,46,01:20:51 21-Mar-2024,MB,2,41.3644,-69.9103,41.3644,-69.9103,58,,401677729,-126
260358,260358,UT,DS,10,2,2,,,01:34:03 21-Mar-2024,NN,3,41.3592,-69.9126,41.3592,-69.9126,56,,401677729,-124
260358,260358,UT,DS,1,0,0,,,02:12:02 21-Mar-2024,MC,B,41.3363,-69.9007,41.3363,-69.9007,8,,401677735,-116
260358,260358,UT,DS,2,0,0,85,85,11:50:54 21-Mar-2024,SR,B,41.1359,-69.7904,41.1359,-69.7904,8,,401677716,-136
260358,260358,UT,DS,1,0,0,,,12:17:27 21-Mar-2024,CS,B,41.0953,-69.8132,41.0953,-69.8132,6,,401677734,-137
260358,260358,UT,DS,1,0,0,,,12:25:17 21-Mar-2024,NK,B,41.0999,-69.8210,41.0999,-69.8210,6,,401677730,-125
260358,260358,UT,DS,2,0,0,421,421,12:28:59 21-Mar-2024,NP,B,41.0720,-69.8548,41.0720,-69.8548,8,,401677723,-137
260358,260358,UT,DS,2,0,1,226,226,12:47:06 21-Mar-2024,MC,B,41.0575,-69.8587,41.0575,-69.8587,6,,401677723,-125
260358,260358,UT,DS,4,0,1,61,46,13:35:47 21-Mar-2024,MB,0,41.0899,-69.8351,41.0899,-69.8351,56,,401677757,-127
260358,260358,UT,DS,1,0,0,,,14:01:35 21-Mar-2024,NN,B,41.0918,-69.8341,41.0918,-69.8341,6,,401677737,-133
260358,260358,UT,DS,1,0,0,,,14:04:00 21-Mar-2024,NK,B,41.0784,-69.8321,41.0784,-69.8321,6,,401677733,-133
260358,260358,UT,DS,4,1,0,,,14:10:01 21-Mar-2024,NP,2,41.0799,-69.8327,41.0799,-69.8327,66,,401677731,-122
260358,260358,UT,DS,4,1,0,,,14:25:50 21-Mar-2024,MC,3,41.0724,-69.8124,41.0724,-69.8124,56,,401677735,-113
260358,260358,UT,DS,3,0,2,234,197,15:14:55 21-Mar-2024,MB,A,41.0459,-69.7981,41.0459,-69.7981,8,,401677733,-128
260358,260358,UT,DS,1,0,0,,,15:19:26 21-Mar-2024,O3,B,41.0454,-69.7959,41.0454,-69.7959,6,,401677733,-133
260358,260358,UT,DS,4,0,0,215,86,15:39:41 21-Mar-2024,NN,0,41.0442,-69.8182,41.0442,-69.8182,56,,401677733,-121
260358,260358,UT,DS,4,0,0,133,45,15:51:54 21-Mar-2024,NP,0,41.0244,-69.7707,41.0244,-69.7707,46,,401677735,-132
260358,260358,UT,DS,3,0,0,168,163,16:07:02 21-Mar-2024,MC,A,41.0201,-69.7661,41.0201,-69.7661,6,,401677736,-124
260358,260358,UT,DS,4,0,0,61,46,16:56:22 21-Mar-2024,O3,0,40.9844,-69.7498,40.9844,-69.7498,47,,401677751,-123
260358,260358,UT,DS,5,0,2,165,113,21:51:29 21-Mar-2024,CS,2,40.8363,-69.7575,40.8363,-69.7575,56,,401677731,-125
260358,260358,UT,DS,3,0,0,121,113,21:48:38 21-Mar-2024,A1,A,40.8496,-69.7598,40.8496,-69.7598,8,,401677741,-132
260358,260358,UT,DS,3,0,0,259,125,22:05:11 21-Mar-2024,NK,A,40.8202,-69.7539,40.8202,-69.7539,6,,401677729,-128
260358,260358,UT,DS,3,0,0,194,192,22:20:22 21-Mar-2024,SR,A,40.8241,-69.7513,40.8241,-69.7513,6,,401677733,-119
260358,260358,UT,DS,3,0,1,236,177,23:20:02 21-Mar-2024,A1,A,40.8034,-69.7548,40.8034,-69.7548,8,,401677732,-129
260358,260358,UT,DS,4,0,0,175,134,23:44:10 21-Mar-2024,NK,2,40.7888,-69.7459,40.7888,-69.7459,58,,401677729,-126
260358,260358,UT,DS,2,0,0,256,256,23:59:17 21-Mar-2024,NP,B,40.7855,-69.7544,40.7855,-69.7544,6,,401677728,-125
260358,260358,UT,DS,3,0,0,128,123,00:01:27 22-Mar-2024,SR,A,40.7806,-69.7386,40.7806,-69.7386,6,,401677732,-126
260358,260358,UT,DS,6,1,0,,,00:08:15 22-Mar-2024,MC,3,40.7794,-69.7307,40.7794,-69.7307,56,,401677732,-119
260358,260358,UT,DS,2,0,1,363,363,00:55:52 22-Mar-2024,MB,B,40.7503,-69.7212,40.7503,-69.7212,8,,401677733,-129
260358,260358,UT,DS,4,0,0,165,105,01:27:18 22-Mar-2024,NN,2,40.7446,-69.6911,40.7446,-69.6911,56,,401677732,-128
260358,260358,UT,DS,2,0,1,60,60,01:26:45 22-Mar-2024,NK,B,40.7583,-69.7083,40.7583,-69.7083,8,,401677725,-135
260358,260358,UT,DS,4,0,0,157,119,01:38:13 22-Mar-2024,NP,1,40.7324,-69.6966,40.7324,-69.6966,56,,401677731,-127
260358,260358,UT,DS,5,0,0,129,114,01:50:10 22-Mar-2024,MC,3,40.7227,-69.6901,40.7227,-69.6901,56,,401677732,-119
260358,260358,UT,DS,4,0,0,149,147,02:32:04 22-Mar-2024,O3,2,40.6873,-69.6551,40.6873,-69.6551,58,,401677737,-129
260358,260358,UT,DS,2,0,0,78,78,12:07:58 22-Mar-2024,NK,B,40.3543,-69.4488,40.3543,-69.4488,8,,401677751,-130
260358,260358,UT,DS,2,0,0,310,310,12:19:59 22-Mar-2024,NP,B,40.4533,-69.6010,40.4533,-69.6010,6,,401677746,-136
260358,260358,UT,DS,9,0,2,75,45,13:39:15 22-Mar-2024,NK,1,40.3922,-69.5598,40.3922,-69.5598,48,,401677751,-124
260358,260358,UT,DS,6,1,0,,,13:44:17 22-Mar-2024,NN,1,40.3987,-69.5934,40.3987,-69.5934,56,,401677756,-132
260358,260358,UT,DS,12,2,0,,,13:57:36 22-Mar-2024,NP,2,40.4100,-69.5769,40.4100,-69.5769,56,,401677757,-123
260358,260358,UT,DS,13,1,0,,,14:03:50 22-Mar-2024,MC,2,40.4121,-69.5918,40.4121,-69.5918,46,,401677760,-116
260358,260358,UT,DS,6,1,0,,,14:54:39 22-Mar-2024,MB,3,40.3813,-69.5410,,,58,,401677749,-122
260358,260358,UT,DS,1,0,0,,,15:22:43 22-Mar-2024,NN,B,40.3705,-69.5103,40.3705,-69.5103,6,,401677762,-133
260358,260358,UT,DS,1,0,0,,,21:40:37 22-Mar-2024,NK,B,40.1646,-69.3180,40.1646,-69.3180,8,,401677767,-133
260358,260358,UT,DS,1,0,0,,,21:44:49 22-Mar-2024,SR,B,40.2303,-69.3723,40.2303,-69.3723,6,,401677707,-138
260358,260358,UT,DS,4,0,0,125,45,22:58:47 22-Mar-2024,A1,0,40.2147,-69.6614,40.2147,-69.6614,46,,401677740,-124
260358,260358,UT,DS,1,0,0,,,00:34:41 23-Mar-2024,A1,B,40.1723,-69.7383,40.1723,-69.7383,8,,401677735,-135
260358,260358,UT,DS,2,0,1,347,347,00:42:47 23-Mar-2024,MB,B,40.1624,-69.7415,40.1624,-69.7415,8,,401677726,-132
260358,260358,UT,DS,1,0,0,,,01:07:09 23-Mar-2024,SR,B,40.1623,-69.7417,,,6,,401677726,-138
260358,260358,UT,DS,3,0,0,126,90,01:15:30 23-Mar-2024,NN,A,40.1506,-69.6718,,,6,,401677738,-133
260358,260358,UT,DS,4,0,0,207,182,01:24:02 23-Mar-2024,NP,3,40.1487,-69.6626,40.1487,-69.6626,56,,401677735,-124
260358,260358,UT,DS,2,0,0,255,255,01:30:09 23-Mar-2024,MC,B,40.1437,-69.6712,40.1437,-69.6712,6,,401677737,-119
260358,260358,UT,DS,1,0,0,,,12:09:04 23-Mar-2024,NP,B,39.9423,-70.1817,39.9423,-70.1817,8,,401677691,-139
260358,260358,UT,DS,1,0,0,,,12:34:08 23-Mar-2024,CS,B,40.0174,-69.9411,40.0174,-69.9411,6,,401677721,-136
260358,260358,UT,DS,3,0,0,164,45,13:16:01 23-Mar-2024,NK,A,40.1654,-70.0482,40.1654,-70.0482,5,,401677771,-128
260358,260358,UT,DS,7,1,1,,,13:44:07 23-Mar-2024,NP,2,40.1667,-70.0668,40.1667,-70.0668,57,,401677736,-120
260358,260358,UT,DS,7,0,1,100,45,13:44:37 23-Mar-2024,MC,3,40.1688,-70.0720,40.1688,-70.0720,56,,401677737,-118
260358,260358,UT,DS,10,1,1,,,14:33:59 23-Mar-2024,MB,1,40.1710,-70.0615,40.1710,-70.0615,58,,401677740,-126
260358,260358,UT,DS,8,0,0,69,45,15:10:54 23-Mar-2024,NN,2,40.1763,-70.1041,40.1763,-70.1041,58,,401677737,-123
260358,260358,UT,DS,4,0,1,115,45,15:24:57 23-Mar-2024,MC,2,40.1648,-70.1145,40.1648,-70.1145,56,,401677733,-121
260358,260358,UT,DS,3,0,0,77,45,15:28:08 23-Mar-2024,NP,A,40.1692,-70.1262,40.1692,-70.1262,6,,401677735,-127
260358,260358,UT,DS,1,0,0,,,15:30:43 23-Mar-2024,O3,B,40.1701,-70.1283,40.1701,-70.1283,6,,401677743,-131
260358,260358,UT,DS,6,0,0,135,45,22:08:56 23-Mar-2024,CS,1,40.2085,-70.2123,40.2085,-70.2123,48,,401677753,-124
260358,260358,UT,DS,3,0,0,172,45,22:37:57 23-Mar-2024,A1,A,40.2120,-70.2087,40.2120,-70.2087,6,,401677756,-128
260358,260358,UT,DS,2,0,1,45,45,22:53:22 23-Mar-2024,NK,B,40.2028,-70.2112,40.2028,-70.2112,6,,401677746,-128
260358,260358,UT,DS,3,0,0,163,45,22:58:45 23-Mar-2024,SR,A,40.1973,-70.1763,40.1973,-70.1763,6,,401677762,-122
260358,260358,UT,DS,2,0,1,125,125,23:32:42 23-Mar-2024,MC,B,40.1849,-70.2093,40.1849,-70.2093,,,401677756,-129
260358,260358,UT,DS,6,1,0,,,23:32:42 23-Mar-2024,NP,0,40.2030,-70.2359,40.2030,-70.2359,48,,401677746,-132
260358,260358,UT,DS,1,0,0,,,00:17:46 24-Mar-2024,MB,B,40.1922,-70.2382,40.1922,-70.2382,8,,401677759,-136
260358,260358,UT,DS,2,0,0,515,515,00:35:17 24-Mar-2024,SR,B,40.2271,-70.3236,40.2271,-70.3236,6,,401677745,-133
260358,260358,UT,DS,1,0,0,,,00:35:26 24-Mar-2024,NK,B,40.2287,-70.3201,40.2287,-70.3201,6,,401677756,-133
260358,260358,UT,DS,2,0,0,302,302,01:02:24 24-Mar-2024,NN,B,40.1961,-70.3674,40.1961,-70.3674,6,,401677739,-133
260358,260358,UT,DS,5,1,0,,,01:07:26 24-Mar-2024,MC,1,40.2295,-70.3400,40.2295,-70.3400,46,,401677752,-118
260358,260358,UT,DS,4,0,0,130,45,01:13:52 24-Mar-2024,NP,0,40.2277,-70.3247,40.2277,-70.3247,46,,401677757,-122
260358,260358,UT,DS,1,0,0,,,02:37:20 24-Mar-2024,NN,B,40.2412,-70.3779,40.2412,-70.3779,8,,401677739,-133
260358,260358,UT,DS,4,0,0,106,45,11:10:41 24-Mar-2024,NK,0,40.2581,-70.4529,40.2581,-70.4529,48,,401677737,-123
260358,260358,UT,DS,4,0,0,132,45,11:55:17 24-Mar-2024,CS,0,40.3069,-70.4749,40.3069,-70.4749,46,,401677765,-131
260358,260358,UT,DS,3,0,0,79,45,11:52:30 24-Mar-2024,SR,A,40.2857,-70.5395,40.2857,-70.5395,8,,401677743,-131
260358,260358,UT,DS,2,0,0,122,122,12:53:30 24-Mar-2024,NK,B,40.2916,-70.5782,40.2916,-70.5782,8,,401677756,-123
260358,260358,UT,DS,3,0,0,160,45,13:26:02 24-Mar-2024,MC,A,40.2368,-70.5047,40.2368,-70.5047,8,,401677755,-122
260358,260358,UT,DS,4,0,0,118,45,13:36:11 24-Mar-2024,NP,1,40.2624,-70.5009,40.2624,-70.5009,46,,401677765,-124
260358,260358,UT,DS,9,3,1,,,14:10:26 24-Mar-2024,MB,3,40.2582,-70.5123,40.2582,-70.5123,58,,401677745,-121
260358,260358,UT,DS,2,0,0,46,46,14:30:48 24-Mar-2024,NK,B,40.2565,-70.5115,40.2565,-70.5115,6,,401677757,-135
260358,260358,UT,DS,4,0,0,201,45,15:05:53 24-Mar-2024,NN,1,40.2562,-70.5293,40.2562,-70.5293,48,,401677761,-123
260358,260358,UT,DS,3,0,0,151,45,15:06:15 24-Mar-2024,MC,A,40.2448,-70.5498,40.2448,-70.5498,6,,401677756,-116
260358,260358,UT,DS,1,0,1,,,16:18:12 01-Jul-2024,NN,,,,,,,,401650000,-135
260358,260358,UT,DS,6,0,6,72,60,17:30:35 10-Jul-2025,O3,,,,,,,,401650000,
260358,260358,UT,DS,5,0,5,60,60,19:38:35 10-Jul-2025,CS,2,43.9310,-60.0271,47.9717,-37.5577,60,,401677594,-129
260358,260358,UT,DS,10,6,10,,,20:42:24 19-Jul-2025,SR,1,43.9969,-59.8774,43.9969,-59.8774,40,,401677600,-126
260358,260358,UT,DS,5,0,5,109,52,21:44:12 19-Jul-2025,CS,2,43.9322,-59.8919,43.9322,-59.8919,58,,401677567,-130
260358,260358,UT,DS,7,0,7,75,47,22:25:24 19-Jul-2025,SR,1,43.9233,-59.8544,43.9233,-59.8544,58,,401677575,-119
260358,260358,UT,DS,2,0,2,211,211,22:50:20 19-Jul-2025,MB,B,43.9285,-59.8541,43.9285,-59.8541,6,,401677583,-133
260358,260358,UT,DS,6,0,6,132,47,23:34:30 19-Jul-2025,MC,3,43.9294,-59.8596,43.9294,-59.8596,58,,401677577,-123
260358,260358,UT,DS,1,0,1,,,23:48:30 19-Jul-2025,NP,B,43.9294,-59.8595,43.9294,-59.8595,6,,401677577,-131
260358,260358,UT,DS,3,0,3,128,51,00:02:10 20-Jul-2025,SR,A,43.9218,-59.8726,43.9218,-59.8726,6,,401677572,-129
260358,260358,UT,DS,6,0,6,92,47,00:27:22 20-Jul-2025,MB,0,43.9309,-59.8666,43.9309,-59.8666,56,,401677578,-126
260358,260358,UT,DS,3,0,3,64,48,01:11:23 20-Jul-2025,O3,A,43.9198,-59.8577,43.9198,-59.8577,8,,401677582,-134
260358,260358,UT,DS,3,0,3,212,111,01:17:36 20-Jul-2025,MC,A,43.9286,-59.8669,43.9286,-59.8669,6,,401677576,-114
260358,260358,UT,DS,1,0,1,,,01:22:53 20-Jul-2025,NP,B,43.9271,-59.8672,43.9271,-59.8672,6,,401677576,-120
260358,260358,UT,DS,10,0,10,60,47,02:48:49 20-Jul-2025,O3,2,43.9270,-59.9067,43.9270,-59.9067,48,,401677576,-124
260358,260358,UT,DS,1,0,1,,,03:01:23 20-Jul-2025,MC,B,43.9119,-59.8537,43.9119,-59.8537,8,,401677583,-132
260358,260358,UT,DS,6,0,6,47,47,03:03:44 20-Jul-2025,NP,2,43.9329,-59.8990,43.9329,-59.8990,56,,401677585,-133
260358,260358,UT,DS,4,0,4,122,92,04:27:50 20-Jul-2025,O3,3,43.9261,-59.9026,43.9261,-59.9026,57,,401677605,-129
260358,260358,UT,DS,3,0,3,186,116,08:03:31 20-Jul-2025,SR,A,43.9276,-59.9229,43.9276,-59.9229,8,,401677573,-129
260358,260358,UT,DS,4,0,4,164,48,08:06:13 20-Jul-2025,CS,2,43.9243,-59.9342,43.9243,-59.9342,56,,401677571,-137
260358,260358,UT,DS,6,0,6,130,68,09:38:31 20-Jul-2025,SR,2,43.9260,-59.9664,43.9260,-59.9664,58,,401677579,-117
260358,260358,UT,DS,7,0,7,113,62,09:51:17 20-Jul-2025,CS,1,43.9250,-59.9661,43.9250,-59.9661,56,,401677578,-118
260358,260358,UT,DS,2,0,2,48,48,11:23:56 20-Jul-2025,SR,B,43.9185,-59.9612,43.9185,-59.9612,8,,401677593,-130
260358,260358,UT,DS,2,0,2,48,48,11:55:51 20-Jul-2025,MC,B,43.9225,-60.0323,43.9225,-60.0323,8,,401677591,-128
260358,260358,UT,DS,7,0,7,99,47,13:30:32 20-Jul-2025,MC,2,43.9286,-60.0119,43.9286,-60.0119,58,,401677605,-126
260358,260358,UT,DS,2,0,2,583,583,13:39:19 20-Jul-2025,NP,B,43.9295,-60.0046,43.9295,-60.0046,6,,401677608,-125
260358,260358,UT,DS,1,0,1,,,00:13:04 21-Jul-2025,MB,B,43.9157,-60.2437,43.9157,-60.2437,8,,401677574,-126
260358,260358,UT,DS,3,0,3,289,49,00:54:51 21-Jul-2025,MC,A,43.8102,-59.8012,43.4062,-61.9402,58,,401677608,-119
260358,260358,UT,DS,1,0,1,,,01:09:16 21-Jul-2025,NP,B,43.8108,-59.8019,43.8108,-59.8019,6,,401677624,-121
260358,260358,UT,DS,1,0,1,,,01:49:20 21-Jul-2025,MB,B,43.8260,-59.8030,43.8260,-59.8030,5,,401677670,-130
260358,260358,UT,DS,1,0,1,,,02:07:45 21-Jul-2025,O3,B,43.8288,-59.8004,43.8288,-59.8004,6,,401677667,-136
260358,260358,UT,DS,1,0,1,,,02:49:27 21-Jul-2025,NP,B,43.8307,-59.8031,43.8307,-59.8031,8,,401677655,-133
260358,260358,UT,DS,2,0,2,50,50,03:40:13 21-Jul-2025,O3,B,43.9631,-59.8972,43.9631,-59.8972,8,,401677610,-121
260358,260358,UT,DS,3,0,3,50,50,05:20:02 21-Jul-2025,O3,A,43.9926,-60.0953,,,8,,401677567,-127
260358,260358,UT,DS,6,0,6,106,58,09:08:18 21-Jul-2025,SR,2,43.9285,-60.0305,43.9285,-60.0305,58,,401677598,-121
260358,260358,UT,DS,3,0,3,208,63,09:10:27 21-Jul-2025,CS,A,43.9267,-60.0253,43.9267,-60.0253,6,,401677596,-123
260358,260358,UT,DS,2,0,2,47,47,10:48:20 21-Jul-2025,CS,B,43.9274,-60.0147,43.9274,-60.0147,8,,401677602,-124
260358,260358,UT,DS,1,0,1,,,10:48:43 21-Jul-2025,SR,B,43.9318,-60.0190,43.9318,-60.0190,6,,401677579,-127
260358,260358,UT,DS,2,0,2,127,127,13:15:00 21-Jul-2025,MC,B,43.9341,-60.0343,43.9341,-60.0343,8,,401677608,-115
260358,260358,UT,DS,1,0,1,,,13:37:57 21-Jul-2025,NP,B,43.9402,-60.0487,43.9402,-60.0487,6,,401677609,-133
260358,260358,UT,DS,1,0,1,,,14:01:35 21-Jul-2025,MB,B,43.9369,-60.0424,43.9369,-60.0424,6,,401677610,-130
260358,260358,UT,DS,4,0,4,137,47,14:51:27 21-Jul-2025,MC,0,43.9323,-60.0113,43.9323,-60.0113,48,,401677615,-119
260358,260358,UT,DS,1,0,1,,,15:18:23 21-Jul-2025,NP,B,43.9366,-60.0159,43.9366,-60.0159,6,,401677611,-128
260358,260358,UT,DS,11,0,10,55,47,15:45:26 21-Jul-2025,O3,2,43.9334,-60.0597,43.9334,-60.0597,46,,401677624,-122
260358,260358,UT,DS,3,0,3,92,92,17:23:31 21-Jul-2025,O3,A,43.9299,-60.0047,43.9299,-60.0047,8,,401677618,-128
260358,260358,UT,DS,2,0,2,64,64,00:39:15 22-Jul-2025,SR,B,43.9918,-59.9463,43.9918,-59.9463,8,,401677602,-130
260358,260358,UT,DS,2,0,2,47,47,00:45:12 22-Jul-2025,MC,B,43.9589,-59.9491,43.9589,-59.9491,8,,401677574,-129
260358,260358,UT,DS,2,0,2,50,50,00:54:41 22-Jul-2025,NP,B,43.8670,-60.0126,43.8670,-60.0126,6,,401677577,-126
260358,260358,UT,DS,3,0,3,236,46,02:17:37 22-Jul-2025,MC,A,43.9419,-59.9593,43.9419,-59.9593,8,,401677570,-122
260358,260358,UT,DS,2,0,2,281,281,02:36:02 22-Jul-2025,NP,B,43.9245,-59.9745,43.9245,-59.9745,6,,401677573,-130
260358,260358,UT,DS,3,0,3,244,68,02:55:44 22-Jul-2025,O3,A,43.9350,-59.9814,43.9350,-59.9814,6,,401677574,-125
260358,260358,UT,DS,6,0,6,122,46,04:35:03 22-Jul-2025,O3,2,43.9264,-59.9713,43.9264,-59.9713,58,,401677573,-123
260358,260358,UT,DS,2,0,2,247,247,08:27:44 22-Jul-2025,CS,B,43.9638,-59.9583,43.9638,-59.9583,8,,401677592,-126
260358,260358,UT,DS,3,0,3,72,58,08:39:55 22-Jul-2025,SR,A,43.9149,-59.9727,43.9149,-59.9727,6,,401677584,-127
260358,260358,UT,DS,3,0,2,101,48,10:10:39 22-Jul-2025,CS,A,43.9395,-59.9525,43.9395,-59.9525,8,,401677581,-122
260358,260358,UT,DS,7,0,7,94,46,10:14:46 22-Jul-2025,SR,3,43.9261,-59.9822,43.9261,-59.9822,58,,401677581,-121
260358,260358,UT,DS,2,0,2,100,100,12:00:47 22-Jul-2025,MB,B,43.9006,-59.9837,43.9006,-59.9837,8,,401677578,-134
260358,260358,UT,DS,4,0,4,167,51,12:52:07 22-Jul-2025,MC,1,43.9198,-59.9703,43.9198,-59.9703,58,,401677581,-117
260358,260358,UT,DS,3,0,3,250,218,13:17:32 22-Jul-2025,NP,A,43.9263,-59.9848,43.9263,-59.9848,6,,401677585,-127
260358,260358,UT,DS,2,0,2,195,195,13:37:38 22-Jul-2025,MB,B,43.9321,-59.9800,43.9321,-59.9800,6,,401677584,-134
260358,260358,UT,DS,6,0,6,118,49,14:29:31 22-Jul-2025,MC,2,43.9253,-59.9678,43.9253,-59.9678,48,,401677588,-126
260358,260358,UT,DS,4,0,4,111,50,14:56:36 22-Jul-2025,O3,0,43.9233,-59.9974,43.9233,-59.9974,46,,401677575,-128
260358,260358,UT,DS,3,0,3,131,50,15:03:23 22-Jul-2025,NP,A,43.9132,-59.9258,43.9132,-59.9258,6,,401677587,-119
260358,260358,UT,DS,5,0,5,92,92,16:39:10 22-Jul-2025,O3,1,43.9280,-59.9851,43.9280,-59.9851,58,,401677600,-118
260358,260358,UT,DS,3,0,3,114,78,00:06:54 23-Jul-2025,SR,A,43.9284,-59.9338,43.9284,-59.9338,8,,401677559,-125
260358,260358,UT,DS,5,0,5,99,53,00:19:19 23-Jul-2025,MC,1,43.9275,-59.9348,43.9275,-59.9348,56,,401677558,-113
260358,260358,UT,DS,1,0,1,,,00:47:47 23-Jul-2025,NP,B,43.9280,-59.9293,43.9280,-59.9293,6,,401677554,-120
260358,260358,UT,DS,1,0,0,,,01:06:34 23-Jul-2025,MB,B,43.9275,-59.9318,43.9275,-59.9318,6,,401677558,-129
260358,260358,UT,DS,1,0,1,,,01:53:12 23-Jul-2025,MC,B,43.9303,-59.9229,43.9303,-59.9229,8,,401677558,-129
260358,260358,UT,DS,6,0,6,102,47,02:11:53 23-Jul-2025,O3,2,43.9278,-59.8730,43.9278,-59.8730,56,,401677567,-127
260358,260358,UT,DS,2,0,2,160,160,02:24:43 23-Jul-2025,NP,B,43.9299,-59.8711,43.9299,-59.8711,6,,401677558,-132
260358,260358,UT,DS,9,0,9,79,46,03:50:08 23-Jul-2025,O3,3,43.9392,-59.8256,43.9392,-59.8256,58,,401677570,-120
260358,260358,UT,DS,5,0,5,115,92,08:07:54 23-Jul-2025,SR,3,43.9385,-59.8295,43.9385,-59.8295,58,,401677586,-125
260358,260358,UT,DS,5,0,5,115,92,09:26:06 23-Jul-2025,CS,1,43.9434,-59.8484,43.9434,-59.8484,47,,401677603,-120
260358,260358,UT,DS,6,0,6,128,92,09:46:21 23-Jul-2025,SR,1,43.9354,-59.8392,43.9354,-59.8392,46,,401677606,-124
260358,260358,UT,DS,1,0,1,,,00:03:49 24-Jul-2025,MC,B,43.9782,-59.7495,43.9782,-59.7495,,,401677583,-133
260358,260358,UT,DS,2,0,2,437,437,00:27:35 24-Jul-2025,NP,B,43.9547,-59.7829,43.9547,-59.7829,6,,401677575,-127
260358,260358,UT,DS,1,0,1,,,00:41:31 24-Jul-2025,MB,B,43.9550,-59.7832,43.9550,-59.7832,6,,401677575,-129
260358,260358,UT,DS,3,0,3,46,46,01:27:34 24-Jul-2025,O3,A,43.9380,-59.8285,43.9380,-59.8285,8,,401677575,-129
260358,260358,UT,DS,4,0,4,104,49,01:34:01 24-Jul-2025,MC,2,43.9376,-59.8247,43.9376,-59.8247,56,,401677575,-115
260358,260358,UT,DS,1,0,1,,,02:15:26 24-Jul-2025,NP,B,43.9359,-59.8339,,,8,,401677578,-129
260358,260358,UT,DS,2,0,2,47,47,03:05:20 24-Jul-2025,O3,B,43.9369,-59.8326,43.9369,-59.8326,8,,401677577,-119
260358,260358,UT,DS,2,0,2,47,47,04:46:26 24-Jul-2025,O3,B,43.9353,-59.8567,43.9353,-59.8567,8,,401677579,-126
260358,260358,UT,DS,2,0,2,306,306,07:38:49 24-Jul-2025,SR,B,43.9374,-59.8399,43.9374,-59.8399,8,,401677573,-130
260358,260358,UT,DS,7,0,6,100,47,08:43:44 24-Jul-2025,CS,3,43.9371,-59.8354,43.9371,-59.8354,58,,401677577,-123
260358,260358,UT,DS,2,0,2,48,48,09:13:45 24-Jul-2025,SR,B,43.9390,-59.8378,43.9390,-59.8378,8,,401677577,-119
260358,260358,UT,DS,2,0,2,321,321,10:23:05 24-Jul-2025,CS,B,43.9386,-59.8311,43.9386,-59.8311,8,,401677585,-128
260358,260358,UT,DS,4,0,4,112,47,12:11:00 24-Jul-2025,MC,0,43.9191,-59.8441,43.9191,-59.8441,48,,401677588,-122
260358,260358,UT,DS,3,0,3,177,107,12:49:56 24-Jul-2025,NP,A,43.9360,-59.8096,43.9360,-59.8096,8,,401677592,-127
260358,260358,UT,DS,5,0,5,87,55,13:02:12 24-Jul-2025,MB,2,43.9404,-59.8382,43.9404,-59.8382,56,,401677596,-128
260358,260358,UT,DS,10,0,10,89,47,13:47:15 24-Jul-2025,MC,1,43.9338,-59.8575,43.9338,-59.8575,48,,401677599,-126
260358,260358,UT,DS,5,0,5,70,50,14:38:29 24-Jul-2025,NP,1,43.9324,-59.8613,43.9324,-59.8613,56,,401677595,-118
260358,260358,UT,DS,6,0,6,129,47,14:37:28 24-Jul-2025,MB,2,43.9298,-59.8513,43.9298,-59.8513,58,,401677594,-130
260358,260358,UT,DS,4,0,4,82,47,15:03:59 24-Jul-2025,O3,0,43.9277,-59.8670,43.9277,-59.8670,56,,401677601,-127
260358,260358,UT,DS,3,0,3,97,94,15:32:16 24-Jul-2025,MC,A,43.9183,-59.8297,43.9183,-59.8297,6,,401677606,-121
260358,260358,UT,DS,2,0,2,71,71,16:16:25 24-Jul-2025,NP,B,43.9188,-59.8287,43.9188,-59.8287,8,,401677604,-129
260358,260358,UT,DS,2,0,2,50,50,00:19:54 25-Jul-2025,NP,B,43.9210,-59.8664,43.9210,-59.8664,8,,401677577,-126
260358,260358,UT,DS,2,0,2,237,237,00:26:23 25-Jul-2025,MB,B,43.9341,-59.8435,43.9341,-59.8435,6,,401677570,-122
260358,260358,UT,DS,2,0,2,48,48,01:12:38 25-Jul-2025,MC,B,43.9334,-59.8407,43.9334,-59.8407,8,,401677571,-118
260358,260358,UT,DS,3,0,3,99,48,02:19:20 25-Jul-2025,O3,A,43.9308,-59.8555,43.9308,-59.8555,8,,401677572,-124
260358,260358,UT,DS,1,0,1,,,02:57:29 25-Jul-2025,MC,B,43.9307,-59.8577,43.9307,-59.8577,8,,401677572,-124
260358,260358,UT,DS,4,0,4,91,47,03:57:24 25-Jul-2025,O3,3,43.9316,-59.8518,43.9316,-59.8518,68,,401677573,-118
260358,260358,UT,DS,2,0,1,67,67,05:35:16 25-Jul-2025,O3,B,43.9295,-59.8609,43.9295,-59.8609,8,,401677576,-132
260358,260358,UT,DS,3,0,3,105,78,07:06:22 25-Jul-2025,SR,A,43.9297,-59.8426,43.9297,-59.8426,8,,401677577,-133
260358,260358,UT,DS,3,0,3,90,47,07:59:54 25-Jul-2025,CS,A,43.9327,-59.8517,43.9327,-59.8517,8,,401677574,-128
260358,260358,UT,DS,5,0,5,77,47,08:43:43 25-Jul-2025,SR,3,43.9354,-59.8445,43.9354,-59.8445,58,,401677574,-122
260358,260358,UT,DS,1,0,1,,,09:40:13 25-Jul-2025,CS,B,43.9353,-59.8436,43.9353,-59.8436,8,,401677578,-127
260358,260358,UT,DS,3,0,3,95,48,10:18:57 25-Jul-2025,SR,A,43.9393,-59.8213,43.9393,-59.8213,8,,401677584,-124
260358,260358,UT,DS,4,0,4,149,47,11:18:45 25-Jul-2025,CS,1,43.9266,-59.8707,43.9266,-59.8707,58,,401677582,-131
260358,260358,UT,DS,1,0,1,,,12:36:24 25-Jul-2025,NP,B,43.9229,-59.8771,43.9229,-59.8771,8,,401677591,-135
260358,260358,UT,DS,12,0,12,57,47,13:26:44 25-Jul-2025,MC,2,43.9336,-59.8879,43.9336,-59.8879,47,,401677604,-132
260358,260358,UT,DS,1,0,1,,,14:22:06 25-Jul-2025,MB,B,43.9367,-59.8948,43.9367,-59.8948,8,,401677607,-136
260358,260358,UT,DS,1,0,1,,,00:03:35 26-Jul-2025,MB,B,43.9131,-59.9823,43.9131,-59.9823,8,,401677583,-131
260358,260358,UT,DS,1,0,1,,,00:12:44 26-Jul-2025,SR,B,43.9147,-59.9152,43.9147,-59.9152,,,401677566,-126
260358,260358,UT,DS,1,0,1,,,00:12:44 26-Jul-2025,NP,B,43.9017,-59.8980,43.9017,-59.8980,6,,401677577,-129
260358,260358,UT,DS,4,0,4,172,140,00:52:35 26-Jul-2025,MC,0,43.9197,-59.9418,43.9197,-59.9418,58,,401677573,-111
260358,260358,UT,DS,4,0,4,74,47,01:34:08 26-Jul-2025,O3,1,43.9335,-59.9141,43.9335,-59.9141,58,,401677573,-130
260358,260358,UT,DS,2,0,2,452,452,01:42:06 26-Jul-2025,MB,B,43.9324,-59.9220,43.9324,-59.9220,6,,401677576,-133
260358,260358,UT,DS,6,0,6,47,47,01:47:40 26-Jul-2025,NP,3,43.9303,-59.9174,43.9303,-59.9174,56,,401677575,-122
260358,260358,UT,DS,2,0,2,184,184,02:33:38 26-Jul-2025,MC,B,43.9268,-59.9238,43.9268,-59.9238,7,,401677592,-127
260358,260358,UT,DS,5,0,5,115,92,03:10:45 26-Jul-2025,O3,3,43.9276,-59.9140,43.9276,-59.9140,58,,401677593,-120
260358,260358,UT,DS,2,0,2,184,184,04:50:06 26-Jul-2025,O3,B,43.9260,-59.9203,43.9260,-59.9203,8,,401677587,-129
260358,260358,UT,DS,4,0,4,122,92,08:12:53 26-Jul-2025,SR,3,43.9277,-59.9179,43.9277,-59.9179,58,,401677583,-134
260358,260358,UT,DS,4,0,4,131,95,09:01:05 26-Jul-2025,CS,3,43.9267,-59.9307,43.9267,-59.9307,58,,401677573,-118
260358,260358,UT,DS,1,0,1,,,09:49:56 26-Jul-2025,SR,B,43.9281,-59.9346,43.9281,-59.9346,8,,401677576,-125
260358,260358,UT,DS,3,0,3,161,47,10:36:18 26-Jul-2025,CS,A,43.9214,-59.9794,43.9214,-59.9794,8,,401677571,-125
260358,260358,UT,DS,1,0,1,,,11:31:53 26-Jul-2025,SR,B,43.9224,-59.9969,43.9224,-59.9969,8,,401677582,-132
260358,260358,UT,DS,4,0,4,52,47,00:36:13 27-Jul-2025,MC,2,43.9301,-59.9269,43.9301,-59.9269,50,,401677573,-114
260358,260358,UT,DS,1,0,1,,,01:24:53 27-Jul-2025,MB,B,43.9299,-59.9373,43.9299,-59.9373,8,,401677573,-133
260358,260358,UT,DS,7,0,7,63,47,01:33:22 27-Jul-2025,NP,1,43.9275,-59.9025,43.9275,-59.9025,56,,401677576,-122
260358,260358,UT,DS,1,0,1,,,02:14:28 27-Jul-2025,MC,B,43.9332,-59.9142,43.9332,-59.9142,6,,401677606,-128
260358,260358,UT,DS,3,0,3,184,184,02:26:44 27-Jul-2025,O3,A,43.9262,-59.9231,43.9262,-59.9231,6,,401677611,-130
260358,260358,UT,DS,3,0,3,92,92,04:04:52 27-Jul-2025,O3,A,43.9257,-59.9201,43.9257,-59.9201,8,,401677605,-130
260358,260358,UT,DS,5,0,5,92,92,07:39:32 27-Jul-2025,SR,2,43.9269,-59.9172,43.9269,-59.9172,58,,401677585,-131
260358,260358,UT,DS,5,0,5,92,92,08:19:24 27-Jul-2025,CS,3,43.9239,-59.9180,43.9239,-59.9180,58,,401677588,-130
260358,260358,UT,DS,4,0,4,92,92,09:23:48 27-Jul-2025,SR,1,43.9248,-59.9220,43.9248,-59.9220,58,,401677600,-125
260358,260358,UT,DS,1,0,1,,,11:02:06 27-Jul-2025,SR,B,43.9214,-59.9316,43.9214,-59.9316,8,,401677592,-131
260358,260358,UT,DS,1,0,1,,,11:36:56 27-Jul-2025,CS,B,43.9347,-59.9183,43.9347,-59.9183,8,,401677568,-131
260358,260358,UT,DS,1,0,1,,,12:02:40 27-Jul-2025,MB,B,43.9334,-59.9179,43.9334,-59.9179,6,,401677582,-134
260358,260358,UT,DS,2,0,2,48,48,12:13:41 27-Jul-2025,NP,B,43.8881,-60.0362,43.8881,-60.0362,6,,401677578,-133
260358,260358,UT,DS,4,0,4,153,92,00:10:47 28-Jul-2025,MC,3,43.9218,-59.9191,43.9218,-59.9191,68,,401677570,-125
260358,260358,UT,DS,2,0,2,92,92,01:02:09 28-Jul-2025,MB,B,43.9273,-59.9170,43.9273,-59.9170,8,,401677577,-127
260358,260358,UT,DS,2,0,2,92,92,01:20:33 28-Jul-2025,NP,B,43.9236,-59.9150,43.9236,-59.9150,6,,401677582,-124
260358,260358,UT,DS,5,0,5,115,92,01:51:13 28-Jul-2025,MC,3,43.9279,-59.9074,43.9279,-59.9074,58,,401677583,-119
260358,260358,UT,DS,4,0,4,182,47,10:22:41 28-Jul-2025,SR,1,43.9185,-59.8907,43.9185,-59.8907,48,,401677571,-129
260358,260358,UT,DS,3,0,3,81,47,10:53:03 28-Jul-2025,CS,A,43.9124,-59.8766,43.9124,-59.8766,7,,401677579,-128
260358,260358,UT,DS,4,0,4,147,46,12:24:54 28-Jul-2025,MC,1,43.9606,-59.9445,43.9606,-59.9445,57,,401677608,-119
260358,260358,UT,DS,2,0,2,60,60,13:19:41 28-Jul-2025,MB,B,43.9423,-59.9696,43.9423,-59.9696,8,,401677608,-125
260358,260358,UT,DS,3,0,3,165,50,13:44:20 28-Jul-2025,NP,A,43.9307,-59.9295,43.9307,-59.9295,6,,401677600,-124
260358,260358,UT,DS,3,0,3,217,48,14:10:25 28-Jul-2025,MC,A,43.9142,-59.8686,43.9142,-59.8686,6,,401677597,-118
260358,260358,UT,DS,4,0,4,126,73,14:58:44 28-Jul-2025,MB,2,43.9291,-59.9089,43.9291,-59.9089,58,,401677592,-131
260358,260358,UT,DS,4,0,4,133,46,15:17:21 28-Jul-2025,O3,1,43.9253,-59.9188,43.9253,-59.9188,46,,401677597,-134
260358,260358,UT,DS,2,0,2,93,93,15:28:45 28-Jul-2025,NP,B,43.9377,-59.9165,43.9377,-59.9165,6,,401677600,-126
260358,260358,UT,DS,3,0,3,83,46,15:53:04 28-Jul-2025,MC,A,43.9538,-59.9398,43.9538,-59.9398,6,,401677609,-120
260358,260358,UT,DS,2,0,2,385,385,17:02:01 28-Jul-2025,O3,B,43.9666,-59.9362,43.9666,-59.9362,8,,401677609,-125
260358,260358,UT,DS,2,0,2,47,47,18:39:12 28-Jul-2025,O3,B,43.9380,-59.8771,,,8,,401677611,-128
260358,260358,UT,DS,1,0,1,,,18:56:09 28-Jul-2025,CS,B,43.9344,-59.8741,,,6,,401677608,-136
260358,260358,UT,DS,4,0,4,188,46,20:28:59 28-Jul-2025,CS,0,43.9385,-59.7902,43.9385,-59.7902,48,,401677594,-120
260358,260358,UT,DS,2,0,2,209,209,20:56:34 28-Jul-2025,SR,B,43.9439,-59.9293,43.9439,-59.9293,6,,401677599,-125
260358,260358,UT,DS,3,0,3,151,47,22:10:20 28-Jul-2025,CS,A,43.9351,-59.9117,,,8,,401677585,-129
260358,260358,UT,DS,4,0,4,238,47,22:34:18 28-Jul-2025,SR,2,43.9239,-59.9114,,,56,,401677588,-120
260358,260358,UT,DS,1,0,1,,,23:00:32 28-Jul-2025,MB,B,43.9250,-59.9151,,,6,,401677587,-132
260358,260358,UT,DS,1,0,1,,,23:30:20 28-Jul-2025,NP,B,43.9249,-59.9120,43.9249,-59.9120,6,,401677588,-126
260358,260358,UT,DS,5,0,5,104,46,23:51:05 28-Jul-2025,MC,2,43.9303,-59.9183,43.9303,-59.9183,56,,401677584,-119
260358,260358,UT,DS,2,0,2,118,118,00:14:57 29-Jul-2025,SR,B,43.9289,-59.9117,43.9289,-59.9117,6,,401677588,-131
260358,260358,UT,DS,6,0,6,122,47,00:39:40 29-Jul-2025,MB,1,43.9455,-59.8692,43.9455,-59.8692,46,,401677586,-125
260358,260358,UT,DS,3,0,3,92,92,01:05:57 29-Jul-2025,NP,A,43.9379,-59.8601,43.9379,-59.8601,6,,401677596,-132
260358,260358,UT,DS,5,0,5,92,92,01:32:01 29-Jul-2025,MC,3,43.9277,-59.9209,43.9277,-59.9209,56,,401677608,-118
260358,260358,UT,DS,6,0,6,92,92,02:32:35 29-Jul-2025,O3,3,43.9241,-59.9249,43.9241,-59.9249,58,,401677608,-125
260358,260358,UT,DS,4,0,4,153,92,04:12:38 29-Jul-2025,O3,3,43.9277,-59.9229,43.9277,-59.9229,58,,401677602,-127
260358,260358,UT,DS,5,0,5,66,51,08:16:11 29-Jul-2025,SR,2,43.9254,-59.9231,43.9254,-59.9231,58,,401677577,-122
260358,260358,UT,DS,3,0,3,93,48,08:35:39 29-Jul-2025,CS,A,43.9227,-59.9222,43.9227,-59.9222,6,,401677574,-122
260358,260358,UT,DS,3,0,3,295,48,09:51:41 29-Jul-2025,SR,A,43.8656,-59.9013,43.8656,-59.9013,7,,401677588,-124
260358,260358,UT,DS,4,0,4,215,46,10:15:04 29-Jul-2025,CS,0,43.9516,-59.9145,43.9516,-59.9145,46,,401677588,-129
260358,260358,UT,DS,1,0,1,,,11:49:58 29-Jul-2025,CS,B,43.9260,-59.9066,43.9260,-59.9066,8,,401677601,-139
260358,260358,UT,DS,2,0,2,47,47,12:11:59 29-Jul-2025,MC,B,43.9558,-59.9212,43.9558,-59.9212,6,,401677602,-126
260358,260358,UT,DS,4,0,4,181,62,00:17:41 30-Jul-2025,MB,2,43.9327,-59.8470,43.9327,-59.8470,50,,401677591,-119
260358,260358,UT,DS,2,0,2,49,49,00:55:48 30-Jul-2025,NP,B,43.9344,-59.8471,43.9344,-59.8471,8,,401677590,-127
260358,260358,UT,DS,8,0,8,114,46,01:06:35 30-Jul-2025,MC,1,43.9375,-59.8362,43.9375,-59.8362,56,,401677589,-116
260358,260358,UT,DS,2,0,2,110,110,01:47:44 30-Jul-2025,O3,B,43.9356,-59.8432,43.9356,-59.8432,8,,401677589,-129
260358,260358,UT,DS,1,0,1,,,02:07:25 30-Jul-2025,MB,B,43.9371,-59.8421,43.9371,-59.8421,6,,401677589,-133
260358,260358,UT,DS,2,0,2,138,138,02:36:38 30-Jul-2025,NP,B,43.9313,-59.8419,43.9313,-59.8419,6,,401677592,-126
260358,260358,UT,DS,3,0,3,91,47,02:50:12 30-Jul-2025,MC,A,43.9245,-59.8506,43.9245,-59.8506,6,,401677593,-124
260358,260358,UT,DS,7,0,7,100,47,03:27:51 30-Jul-2025,O3,1,43.9292,-59.8688,43.9292,-59.8688,58,,401677590,-118
260358,260358,UT,DS,1,0,1,,,05:07:07 30-Jul-2025,O3,B,43.9268,-59.8799,43.9268,-59.8799,8,,401677592,-128
260358,260358,UT,DS,3,0,3,195,47,07:46:02 30-Jul-2025,SR,A,43.9294,-59.8599,43.9294,-59.8599,8,,401677585,-130
260358,260358,UT,DS,4,0,4,168,66,07:53:30 30-Jul-2025,CS,2,43.9335,-59.8465,43.9335,-59.8465,56,,401677586,-130
260358,260358,UT,DS,4,0,4,142,46,09:21:08 30-Jul-2025,SR,0,43.9335,-59.8430,43.9335,-59.8430,48,,401677588,-124
260358,260358,UT,DS,3,0,3,270,46,09:30:16 30-Jul-2025,CS,A,43.9246,-59.8533,43.9246,-59.8533,6,,401677588,-127
260358,260358,UT,DS,6,0,6,98,54,11:00:05 30-Jul-2025,SR,3,43.9233,-59.8618,43.9233,-59.8618,58,,401677595,-128
260358,260358,UT,DS,10,0,10,60,46,11:11:27 30-Jul-2025,CS,3,43.9343,-59.8638,43.9343,-59.8638,56,,401677594,-127
260358,260358,UT,DS,2,0,2,48,48,11:45:00 30-Jul-2025,MC,,,,,,,,401650000,
260358,260358,UT,DS,2,0,2,62,62,12:36:32 30-Jul-2025,MB,B,43.9288,-59.8641,43.9288,-59.8641,8,,401677605,-127
260358,260358,UT,DS,6,0,6,135,78,13:18:02 30-Jul-2025,NP,2,43.9351,-59.8614,43.9351,-59.8614,58,,401677604,-122
260358,260358,UT,DS,4,0,4,163,48,13:24:42 30-Jul-2025,MC,,,,,,,,401650000,
260358,260358,UT,DS,1,0,1,,,14:20:03 30-Jul-2025,MB,B,43.9333,-59.8626,43.9333,-59.8626,8,,401677612,-130
260358,260358,UT,DS,5,0,5,89,61,15:04:44 30-Jul-2025,NP,1,43.9353,-59.8761,43.9353,-59.8761,48,,401677611,-122
260358,260358,UT,DS,10,0,10,75,54,15:04:14 30-Jul-2025,MC,,,,,,,,401650000,
260358,260358,UT,DS,3,0,3,198,78,15:29:49 30-Jul-2025,O3,A,43.9293,-59.8745,43.9293,-59.8745,6,,401677609,-128
260358,260358,UT,DS,8,0,8,91,51,08:58:13 31-Jul-2025,CS,3,43.9337,-59.8573,43.9337,-59.8573,56,,401677560,-120
260358,260358,UT,DS,8,0,8,91,51,08:48:13 31-Jul-2025,SR,3,43.9290,-59.8571,43.9290,-59.8571,50,,401677569,-124
260358,260358,UT,DS,1,0,1,,,10:31:31 31-Jul-2025,SR,B,43.9289,-59.8643,43.9289,-59.8643,,,401677568,-126
260358,260358,UT,DS,1,0,1,,,10:31:31 31-Jul-2025,CS,B,43.9275,-59.8691,43.9275,-59.8691,8,,401677572,-129
260358,260358,UT,DS,2,0,2,47,47,13:06:19 31-Jul-2025,MC,B,43.9193,-59.8786,43.9193,-59.8786,8,,401677583,-119
260358,260358,UT,DS,2,0,2,567,567,13:52:22 31-Jul-2025,MB,B,43.9166,-59.8768,43.9166,-59.8768,8,,401677585,-133
260358,260358,UT,DS,3,0,3,308,50,14:43:49 31-Jul-2025,MC,A,43.9146,-59.8701,43.9146,-59.8701,,,401677586,-124
260358,260358,UT,DS,2,0,2,50,50,14:43:49 31-Jul-2025,O3,B,43.9128,-59.9000,43.9128,-59.9000,8,,401677583,-130
260358,260358,UT,DS,2,0,2,51,51,16:20:17 31-Jul-2025,O3,B,43.9168,-59.8936,43.9168,-59.8936,8,,401677590,-119
260358,260358,UT,DS,2,0,2,92,92,18:00:45 31-Jul-2025,O3,B,43.9182,-59.8726,43.9182,-59.8726,8,,401677573,-126
260358,260358,UT,DS,5,0,5,115,92,20:06:01 31-Jul-2025,CS,3,43.9293,-59.8665,43.9293,-59.8665,58,,401677599,-122
260358,260358,UT,DS,5,0,5,92,92,21:00:55 31-Jul-2025,SR,3,43.9319,-59.8561,,,58,,401677592,-133
260358,260358,UT,DS,4,0,4,122,92,21:43:28 31-Jul-2025,CS,2,43.9225,-59.8657,43.9225,-59.8657,58,,401677579,-131
260358,260358,UT,DS,5,0,5,115,92,22:44:25 31-Jul-2025,SR,3,43.9298,-59.8542,43.9298,-59.8542,58,,401677568,-124
260358,260358,UT,DS,1,0,1,,,22:52:51 31-Jul-2025,MC,B,43.9298,-59.8542,43.9298,-59.8542,6,,401677568,-128
260358,260358,UT,DS,4,0,4,92,92,00:20:46 01-Aug-2025,SR,2,43.9330,-59.8518,43.9330,-59.8518,58,,401677578,-134
260358,260358,UT,DS,5,0,5,115,92,00:27:40 01-Aug-2025,MC,2,43.9305,-59.8624,43.9305,-59.8624,56,,401677578,-113
260358,260358,UT,DS,3,0,3,85,49,01:20:45 01-Aug-2025,MB,A,43.9329,-59.8588,43.9329,-59.8588,8,,401677558,-127
260358,260358,UT,DS,1,0,1,,,01:59:33 01-Aug-2025,O3,B,43.9337,-59.8576,43.9337,-59.8576,8,,401677558,-129
260358,260358,UT,DS,1,0,1,,,02:12:59 01-Aug-2025,NP,B,43.9347,-59.8576,43.9347,-59.8576,8,,401677561,-125
260358,260358,UT,DS,2,0,2,47,47,02:13:23 01-Aug-2025,MC,B,43.9279,-59.8440,43.9279,-59.8440,6,,401677567,-118
260358,260358,UT,DS,3,0,3,279,47,03:34:38 01-Aug-2025,O3,A,43.9297,-59.8225,43.9297,-59.8225,8,,401677575,-124
260358,260358,UT,DS,3,0,3,213,47,05:12:31 01-Aug-2025,O3,A,43.9300,-59.8625,43.9300,-59.8625,8,,401677575,-132
260358,260358,UT,DS,7,0,7,103,52,08:06:10 01-Aug-2025,CS,3,43.9304,-59.8675,43.9304,-59.8675,58,,401677578,-130
260358,260358,UT,DS,4,0,4,214,88,08:21:25 01-Aug-2025,SR,3,43.9305,-59.8657,43.9305,-59.8657,66,,401677578,-123
260358,260358,UT,DS,4,0,4,51,47,09:47:37 01-Aug-2025,CS,0,43.9359,-59.8876,43.9359,-59.8876,58,,401677579,-119
260358,260358,UT,DS,5,0,5,120,47,09:56:47 01-Aug-2025,SR,2,43.9302,-59.8716,43.9302,-59.8716,56,,401677576,-120
260358,260358,UT,DS,1,0,1,,,11:55:49 01-Aug-2025,MB,B,43.9303,-59.8831,43.9303,-59.8831,8,,401677586,-134
260358,260358,UT,DS,4,0,4,152,48,12:43:11 01-Aug-2025,MC,0,43.9316,-59.8737,43.9316,-59.8737,48,,401677580,-120
260358,260358,UT,DS,2,0,2,309,309,13:36:43 01-Aug-2025,MB,B,43.9325,-59.8639,43.9325,-59.8639,8,,401677586,-126
260358,260358,UT,DS,4,0,4,183,49,14:22:32 01-Aug-2025,MC,1,43.9277,-59.8570,43.9277,-59.8570,58,,401677584,-121
260358,260358,UT,DS,1,0,1,,,15:20:24 01-Aug-2025,MB,B,43.9271,-59.8525,43.9271,-59.8525,8,,401677583,-132
260358,260358,UT,DS,3,0,3,194,52,15:37:51 01-Aug-2025,O3,A,43.9389,-59.8748,43.9389,-59.8748,6,,401677587,-125
260358,260358,UT,DS,5,0,5,84,47,16:05:15 01-Aug-2025,MC,1,43.9230,-59.8715,43.9230,-59.8715,56,,401677584,-124
260358,260358,UT,DS,4,0,4,122,92,00:10:48 02-Aug-2025,MC,3,43.9305,-59.8704,43.9305,-59.8704,58,,401677584,-122
260358,260358,UT,DS,1,0,1,,,00:18:28 02-Aug-2025,NP,B,43.9305,-59.8702,43.9305,-59.8702,6,,401677586,-133
260358,260358,UT,DS,3,0,3,92,92,00:59:06 02-Aug-2025,MB,A,43.9325,-59.8608,43.9325,-59.8608,8,,401677580,-124
260358,260358,UT,DS,5,0,5,92,92,01:49:42 02-Aug-2025,MC,3,43.9313,-59.8609,43.9313,-59.8609,58,,401677581,-115
260358,260358,UT,DS,4,0,4,92,92,01:58:54 02-Aug-2025,NP,3,43.9331,-59.8596,43.9331,-59.8596,56,,401677582,-122
260358,260358,UT,DS,9,0,9,67,47,02:47:50 02-Aug-2025,O3,2,43.9279,-59.8539,43.9279,-59.8539,48,,401677579,-123
260358,260358,UT,DS,3,0,3,104,82,04:25:30 02-Aug-2025,O3,A,43.9296,-59.8498,43.9296,-59.8498,8,,401677582,-124
260358,260358,UT,DS,3,0,3,183,48,07:25:49 02-Aug-2025,CS,A,43.9343,-59.8599,43.9343,-59.8599,8,,401677579,-135
260358,260358,UT,DS,5,0,5,71,47,07:48:04 02-Aug-2025,SR,2,43.9313,-59.8602,43.9313,-59.8602,56,,401677582,-125
260358,260358,UT,DS,4,0,4,171,132,09:08:21 02-Aug-2025,CS,3,43.9306,-59.8647,43.9306,-59.8647,68,,401677583,-121
260358,260358,UT,DS,2,0,2,145,145,09:32:31 02-Aug-2025,SR,B,43.9317,-59.8648,43.9317,-59.8648,6,,401677584,-121
260358,260358,UT,DS,7,0,7,96,55,10:46:12 02-Aug-2025,CS,3,43.9313,-59.8677,43.9313,-59.8677,58,,401677586,-126
260358,260358,UT,DS,6,0,6,108,50,12:21:52 02-Aug-2025,MC,1,43.9476,-59.8926,43.9476,-59.8926,48,,401677604,-122
260358,260358,UT,DS,2,0,2,47,47,00:08:07 03-Aug-2025,NP,B,43.9241,-59.8652,43.9241,-59.8652,8,,401677590,-124
260358,260358,UT,DS,4,0,4,112,47,00:40:11 03-Aug-2025,MB,0,43.9289,-59.8636,43.9289,-59.8636,58,,401677582,-124
260358,260358,UT,DS,8,0,8,92,92,01:23:36 03-Aug-2025,MC,1,43.9329,-59.9039,43.9329,-59.9039,58,,401677593,-117
260358,260358,UT,DS,3,0,3,92,92,01:45:04 03-Aug-2025,NP,A,43.9416,-59.8434,43.9416,-59.8434,6,,401677609,-125
260358,260358,UT,DS,1,0,1,,,02:03:28 03-Aug-2025,O3,B,43.9420,-59.8413,43.9420,-59.8413,6,,401677607,-137
260358,260358,UT,DS,6,0,6,92,92,03:40:50 03-Aug-2025,O3,2,43.9285,-59.8693,43.9285,-59.8693,58,,401677597,-120
260358,260358,UT,DS,3,0,3,92,92,07:19:20 03-Aug-2025,SR,A,43.9300,-59.8561,43.9300,-59.8561,8,,401677587,-136
260358,260358,UT,DS,6,0,6,92,92,08:26:02 03-Aug-2025,CS,3,43.9313,-59.8620,43.9313,-59.8620,68,,401677576,-129
260358,260358,UT,DS,5,0,5,92,92,08:57:28 03-Aug-2025,SR,2,43.9285,-59.8673,43.9285,-59.8673,58,,401677578,-120
260358,260358,UT,DS,3,0,3,66,53,11:43:37 03-Aug-2025,CS,A,43.9310,-59.8484,43.9310,-59.8484,8,,401677549,-133
260358,260358,UT,DS,3,0,3,47,47,12:03:02 03-Aug-2025,MC,A,43.9046,-59.8715,43.9046,-59.8715,6,,401677561,-129
260358,260358,UT,DS,3,0,3,49,47,12:26:55 03-Aug-2025,NP,A,43.9137,-59.9373,43.9137,-59.9373,6,,401677567,-130
260358,260358,UT,DS,1,0,1,,,12:56:25 03-Aug-2025,MB,B,43.9203,-59.9375,43.9203,-59.9375,6,,401677559,-130
260358,260358,UT,DS,3,0,3,276,48,00:13:06 04-Aug-2025,MB,A,43.9378,-59.8455,43.9378,-59.8455,8,,401677584,-131
260358,260358,UT,DS,2,0,2,48,48,00:21:54 04-Aug-2025,SR,B,43.9328,-59.8562,43.9328,-59.8562,6,,401677585,-134
260358,260358,UT,DS,4,0,4,138,47,01:06:22 04-Aug-2025,MC,2,43.9273,-59.8613,43.9273,-59.8613,58,,401677585,-114
260358,260358,UT,DS,6,0,6,55,47,01:18:58 04-Aug-2025,O3,1,43.9354,-59.8632,43.9354,-59.8632,56,,401677580,-130
260358,260358,UT,DS,2,0,2,245,245,01:32:24 04-Aug-2025,NP,B,43.9318,-59.8618,43.9318,-59.8618,6,,401677578,-124
260358,260358,UT,DS,8,0,8,48,47,02:47:42 04-Aug-2025,MC,1,43.9330,-59.8486,43.9330,-59.8486,58,,401677581,-124
260358,260358,UT,DS,14,0,14,53,47,02:56:22 04-Aug-2025,O3,3,43.9356,-59.8373,43.9356,-59.8373,56,,401677579,-119
260358,260358,UT,DS,4,0,4,47,47,03:14:19 04-Aug-2025,NP,0,43.9271,-59.8382,43.9271,-59.8382,46,,401677582,-130
260358,260358,UT,DS,7,0,7,77,54,04:35:19 04-Aug-2025,O3,3,43.9316,-59.8559,43.9316,-59.8559,58,,401677581,-122
260358,260358,UT,DS,5,0,5,119,46,07:42:17 04-Aug-2025,CS,2,43.9292,-59.8721,43.9292,-59.8721,58,,401677581,-132
260358,260358,UT,DS,2,0,2,55,55,08:22:14 04-Aug-2025,SR,B,43.9346,-59.8740,43.9346,-59.8740,8,,401677580,-124
260358,260358,UT,DS,7,0,7,113,48,09:23:55 04-Aug-2025,CS,1,43.9310,-59.9005,43.9310,-59.9005,58,,401677583,-120
260358,260358,UT,DS,2,0,2,48,48,10:07:48 04-Aug-2025,SR,B,43.9154,-59.9108,43.9154,-59.9108,7,,401677599,-124
260358,260358,UT,DS,3,0,3,134,46,11:05:37 04-Aug-2025,CS,A,43.8903,-59.8152,43.8903,-59.8152,8,,401677582,-128
260358,260358,UT,DS,1,0,1,,,12:17:44 04-Aug-2025,NP,B,43.8739,-59.7912,43.8739,-59.7912,8,,401677593,-138
260358,260358,UT,DS,5,0,5,71,47,13:29:33 04-Aug-2025,MC,0,43.9265,-59.8990,43.9265,-59.8990,58,,401677600,-119
260358,260358,UT,DS,1,0,1,,,13:59:07 04-Aug-2025,NP,B,43.9286,-59.9052,43.9286,-59.9052,6,,401677600,-123
260358,260358,UT,DS,2,0,2,525,525,14:12:35 04-Aug-2025,MB,B,43.9282,-59.8825,43.9282,-59.8825,6,,401677605,-130
260358,260358,UT,DS,3,0,3,47,47,14:55:43 04-Aug-2025,O3,A,43.8957,-59.8676,43.8957,-59.8676,8,,401677595,-129
260358,260358,UT,DS,3,0,3,47,47,15:05:29 04-Aug-2025,MC,A,43.8972,-59.8734,43.8972,-59.8734,6,,401677589,-119
260358,260358,UT,DS,5,0,5,115,92,00:46:05 05-Aug-2025,MC,2,43.9251,-59.8918,43.9251,-59.8918,58,,401677597,-113
260358,260358,UT,DS,4,0,4,92,92,01:19:49 05-Aug-2025,NP,0,43.9301,-59.8773,43.9301,-59.8773,58,,401677590,-131
260358,260358,UT,DS,3,0,3,138,92,02:10:55 05-Aug-2025,O3,A,43.9267,-59.8745,43.9267,-59.8745,8,,401677585,-132
260358,260358,UT,DS,3,0,3,92,92,02:31:53 05-Aug-2025,MC,A,43.9326,-59.8764,43.9326,-59.8764,6,,401677581,-125
260358,260358,UT,DS,1,0,1,,,03:04:05 05-Aug-2025,NP,B,43.9317,-59.8749,43.9317,-59.8749,8,,401677584,-136
260358,260358,UT,DS,6,0,6,92,92,03:49:19 05-Aug-2025,O3,3,43.9303,-59.8681,43.9303,-59.8681,58,,401677592,-122
260358,260358,UT,DS,4,0,3,194,47,07:53:17 05-Aug-2025,SR,3,43.9249,-59.8894,43.9249,-59.8894,68,,401677571,-129
260358,260358,UT,DS,3,0,3,229,49,08:43:14 05-Aug-2025,CS,A,43.9347,-59.8930,43.9347,-59.8930,8,,401677576,-126
260358,260358,UT,DS,2,0,2,46,46,09:30:45 05-Aug-2025,SR,B,43.9251,-59.8877,43.9251,-59.8877,8,,401677580,-120
260358,260358,UT,DS,2,0,2,49,49,10:21:15 05-Aug-2025,CS,B,43.9166,-59.8825,43.9166,-59.8825,8,,401677578,-128
260358,260358,UT,DS,2,0,2,48,48,11:10:09 05-Aug-2025,SR,B,43.9158,-59.8759,43.9158,-59.8759,7,,401677589,-129
260358,260358,UT,DS,1,0,1,,,12:13:12 05-Aug-2025,MB,B,43.9415,-59.8058,43.9415,-59.8058,8,,401677589,-133
260358,260358,UT,DS,4,0,4,233,46,12:59:52 05-Aug-2025,MC,0,43.9199,-59.9019,43.9199,-59.9019,48,,401677582,-125
260358,260358,UT,DS,2,0,2,47,47,13:47:34 05-Aug-2025,NP,B,43.9532,-59.8947,43.9532,-59.8947,8,,401677603,-125
260358,260358,UT,DS,1,0,1,,,13:56:33 05-Aug-2025,MB,B,43.9510,-59.8915,43.9510,-59.8915,6,,401677615,-134
260358,260358,UT,DS,1,0,1,,,14:44:46 05-Aug-2025,MC,B,43.9563,-59.9019,43.9563,-59.9019,8,,401677618,-116
260358,260358,UT,DS,6,0,6,92,92,00:23:05 06-Aug-2025,MC,3,43.9292,-59.8656,,,58,,401677597,-121
260358,260358,UT,DS,1,0,1,,,01:04:29 06-Aug-2025,NP,B,43.9327,-59.8711,43.9327,-59.8711,8,,401677597,-137
260358,260358,UT,DS,2,0,2,92,92,01:27:29 06-Aug-2025,O3,B,43.9397,-59.8646,43.9397,-59.8646,6,,401677593,-137
260358,260358,UT,DS,6,0,6,92,92,02:05:49 06-Aug-2025,MC,3,43.9301,-59.8652,43.9301,-59.8652,58,,401677588,-122
260358,260358,UT,DS,1,0,1,,,02:48:45 06-Aug-2025,NP,B,43.9297,-59.8693,43.9297,-59.8693,8,,401677586,-133
260358,260358,UT,DS,5,0,5,92,92,03:04:05 06-Aug-2025,O3,3,43.9298,-59.8700,43.9298,-59.8700,56,,401677586,-128
260358,260358,UT,DS,6,0,6,92,92,04:41:27 06-Aug-2025,O3,3,43.9295,-59.8649,43.9295,-59.8649,58,,401677593,-130
260358,260358,UT,DS,3,0,3,248,159,10:12:27 07-Aug-2025,SR,A,43.9265,-59.8966,43.9265,-59.8966,,,401677570,-121
260358,260358,UT,DS,5,0,5,135,47,10:37:14 07-Aug-2025,CS,1,43.9210,-59.9270,43.9210,-59.9270,56,,401677573,-125
260358,260358,UT,DS,2,0,2,69,69,12:26:12 07-Aug-2025,MC,B,43.9213,-59.9423,43.9213,-59.9423,7,,401677597,-125
260358,260358,UT,DS,3,0,3,174,65,13:11:08 07-Aug-2025,MB,A,43.9324,-60.0397,43.9324,-60.0397,8,,401677585,-125
260358,260358,UT,DS,2,0,2,53,53,13:15:58 07-Aug-2025,NP,B,43.9209,-60.0932,43.9209,-60.0932,6,,401677594,-122
260358,260358,UT,DS,1,0,1,,,14:04:49 07-Aug-2025,MC,B,43.9308,-60.0919,43.9308,-60.0919,8,,401677579,-118
260358,260358,UT,DS,2,0,2,302,302,14:51:22 07-Aug-2025,MB,B,43.9226,-60.0263,43.9226,-60.0263,7,,401677594,-129
260358,260358,UT,DS,1,0,1,,,15:05:25 07-Aug-2025,NP,B,43.9239,-60.0208,43.9239,-60.0208,6,,401677598,-136
260358,260358,UT,DS,2,0,2,364,364,15:39:10 07-Aug-2025,MC,B,43.9442,-60.0156,43.9442,-60.0156,8,,401677601,-123
260358,260358,UT,DS,2,0,2,50,50,16:41:35 07-Aug-2025,NP,B,43.9341,-60.0378,43.9341,-60.0378,8,,401677593,-137
260358,260358,UT,DS,2,0,2,47,47,17:38:18 07-Aug-2025,O3,B,43.9214,-60.0009,43.9214,-60.0009,8,,401677598,-123
260358,260358,UT,DS,2,0,2,47,47,18:36:56 07-Aug-2025,CS,B,43.8852,-60.0249,43.8852,-60.0249,8,,401677606,-128
260358,260358,UT,DS,2,0,2,118,118,20:13:38 07-Aug-2025,CS,B,43.8871,-60.0416,43.8871,-60.0416,8,,401677620,-120
260358,260358,UT,DS,3,0,3,85,50,20:37:52 07-Aug-2025,SR,A,43.9160,-60.0401,43.9160,-60.0401,6,,401677577,-126
260358,260358,UT,DS,2,0,2,47,47,21:54:09 07-Aug-2025,CS,B,43.9061,-60.0236,43.9061,-60.0236,7,,401677595,-126
260358,260358,UT,DS,2,0,2,48,48,22:16:59 07-Aug-2025,SR,B,43.9259,-60.0082,43.9259,-60.0082,6,,401677580,-118
260358,260358,UT,DS,4,0,4,143,66,22:54:31 07-Aug-2025,MB,3,43.9276,-60.0283,43.9276,-60.0283,58,,401677582,-130
260358,260358,UT,DS,2,0,2,132,132,23:04:48 07-Aug-2025,NP,B,43.9251,-60.0340,43.9251,-60.0340,6,,401677581,-133
260358,260358,UT,DS,6,0,6,128,47,23:41:49 07-Aug-2025,MC,3,43.9301,-60.0262,43.9301,-60.0262,58,,401677582,-127
260358,260358,UT,DS,7,0,7,77,49,23:58:53 07-Aug-2025,SR,2,43.9275,-60.0208,43.9275,-60.0208,56,,401677580,-125
260358,260358,UT,DS,2,0,2,142,142,00:29:46 08-Aug-2025,MB,B,43.9259,-60.0198,43.9259,-60.0198,8,,401677581,-130
260358,260358,UT,DS,2,0,2,51,51,00:43:27 08-Aug-2025,NP,B,43.9187,-60.0177,43.9187,-60.0177,6,,401677578,-120
260358,260358,UT,DS,1,0,1,,,01:29:30 08-Aug-2025,MC,B,43.9135,-60.0216,43.9135,-60.0216,8,,401677560,-119
260358,260358,UT,DS,2,0,2,47,47,02:21:49 08-Aug-2025,NP,B,43.9274,-60.0251,43.9274,-60.0251,8,,401677541,-131
260358,260358,UT,DS,1,0,1,,,03:09:13 08-Aug-2025,MC,B,43.9222,-60.0393,43.9222,-60.0393,8,,401677519,-131
260358,260358,UT,DS,1,0,1,,,03:18:02 08-Aug-2025,O3,B,43.9174,-60.0435,43.9174,-60.0435,6,,401677533,-134
260358,260358,UT,DS,2,0,2,47,47,04:47:33 08-Aug-2025,O3,B,43.9866,-60.0255,43.9866,-60.0255,8,,401677487,-128
260358,260358,UT,DS,1,0,1,,,09:36:30 08-Aug-2025,SR,B,43.8257,-59.9272,43.8257,-59.9272,8,,401677438,-128
260358,260358,UT,DS,1,0,1,,,11:59:17 08-Aug-2025,MC,B,43.7740,-59.7910,43.7740,-59.7910,6,,401677555,-126
260358,260358,UT,DS,1,0,1,,,13:41:29 08-Aug-2025,MC,B,43.7629,-59.7575,43.7629,-59.7575,8,,401677556,-111
260358,260358,UT,DS,1,0,1,,,16:56:53 08-Aug-2025,O3,B,43.7478,-59.7019,43.7478,-59.7019,8,,401677563,-127
260358,260358,UT,DS,1,0,1,,,21:09:33 08-Aug-2025,CS,B,43.7148,-59.5890,43.7148,-59.5890,8,,401677557,-132
260358,260358,UT,DS,2,0,2,47,47,04:03:13 09-Aug-2025,O3,B,43.7431,-59.6206,43.7431,-59.6206,8,,401677559,-128
260358,260358,UT,DS,1,0,1,,,00:47:24 10-Aug-2025,MC,B,43.7645,-59.5825,43.7645,-59.5825,,,401677571,-111
260358,260358,UT,DS,1,0,1,,,12:37:37 10-Aug-2025,NP,B,43.7680,-59.5846,43.7680,-59.5846,8,,401677569,-130
260358,260358,UT,DS,1,0,1,,,23:40:03 10-Aug-2025,MB,B,43.7651,-59.6352,43.7651,-59.6352,8,,401677576,-133
260358,260358,UT,DS,1,0,1,,,12:40:15 11-Aug-2025,MC,B,43.7074,-59.4014,43.7074,-59.4014,,,401677590,-121
260358,260358,UT,DS,1,0,1,,,14:19:52 11-Aug-2025,MC,B,43.7162,-59.3688,43.7162,-59.3688,8,,401677595,-110
260358,260358,UT,DS,1,0,1,,,13:14:13 14-Aug-2025,MC,,,,,,,,401650000,-125
260358,260358,UT,DS,1,0,1,,,23:29:07 14-Aug-2025,SR,,,,,,,,401650000,-137
260358,260358,UT,DS,1,0,1,,,00:36:22 15-Aug-2025,MC,,,,,,,,401650000,-125
260358,260358,UT,DS,1,0,1,,,07:30:54 15-Aug-2025,SR,,,,,,,,401650000,-136
260358,260358,UT,DS,5,0,5,138,92,08:25:42 15-Aug-2025,CS,3,43.9287,-59.8647,43.9287,-59.8647,50,,401677609,-128
260358,260358,UT,DS,5,0,5,115,92,09:11:19 15-Aug-2025,SR,3,43.9298,-59.8691,43.9298,-59.8691,58,,401677603,-132
260358,260358,UT,DS,5,0,5,92,92,10:05:45 15-Aug-2025,CS,3,43.9285,-59.8609,43.9285,-59.8609,58,,401677607,-122
260358,260358,UT,DS,6,0,6,82,47,10:51:45 15-Aug-2025,SR,1,43.9281,-59.8698,43.9281,-59.8698,58,,401677590,-126
260358,260358,UT,DS,3,0,3,139,47,11:42:54 15-Aug-2025,CS,A,43.9468,-59.8533,43.9468,-59.8533,7,,401677611,-133
260358,260358,UT,DS,3,0,3,220,47,12:03:14 15-Aug-2025,MB,A,43.9374,-59.8848,43.9374,-59.8848,6,,401677602,-132
260358,260358,UT,DS,1,0,1,,,12:55:48 15-Aug-2025,MC,B,43.9417,-59.8771,43.9417,-59.8771,8,,401677603,-119
260358,260358,UT,DS,3,0,3,281,48,13:44:19 15-Aug-2025,MB,A,43.9336,-59.9206,43.9336,-59.9206,8,,401677606,-125
260358,260358,UT,DS,7,0,7,109,47,14:32:58 15-Aug-2025,MC,1,43.9345,-59.8824,43.9345,-59.8824,48,,401677600,-113
260358,260358,UT,DS,3,0,3,47,47,14:50:51 15-Aug-2025,O3,A,43.9316,-59.8874,43.9316,-59.8874,6,,401677602,-126
260358,260358,UT,DS,2,0,2,262,262,15:27:03 15-Aug-2025,MB,B,43.9330,-59.8651,,,7,,401677613,-132
260358,260358,UT,DS,2,0,2,356,356,15:06:42 16-Aug-2025,MB,B,43.9921,-59.9088,43.9921,-59.9088,,,401677559,-133
260358,260358,UT,DS,2,0,2,49,49,15:43:40 16-Aug-2025,O3,B,43.9197,-59.8522,43.9197,-59.8522,8,,401677543,-122
260358,260358,UT,DS,2,0,2,471,471,15:53:02 16-Aug-2025,MC,B,43.9288,-59.8749,43.9288,-59.8749,6,,401677553,-130
260358,260358,UT,DS,2,0,2,48,48,17:24:36 16-Aug-2025,O3,B,43.8950,-59.7950,43.8950,-59.7950,8,,401677544,-122
260358,260358,UT,DS,2,0,2,49,49,18:56:54 16-Aug-2025,CS,B,43.9517,-59.8443,43.9517,-59.8443,8,,401677557,-128
260358,260358,UT,DS,2,0,2,49,49,20:38:28 16-Aug-2025,CS,B,43.9443,-59.8347,43.9443,-59.8347,8,,401677554,-120
260358,260358,UT,DS,6,0,6,116,47,20:47:15 16-Aug-2025,SR,2,43.9361,-59.8705,43.9361,-59.8705,56,,401677565,-136
260358,260358,UT,DS,3,0,3,99,47,22:17:13 16-Aug-2025,CS,A,43.9346,-59.8721,43.9346,-59.8721,8,,401677565,-130
260358,260358,UT,DS,4,0,4,198,46,22:26:44 16-Aug-2025,SR,1,43.9319,-59.8671,43.9319,-59.8671,56,,401677569,-126
260358,260358,UT,DS,4,0,4,162,83,23:07:11 16-Aug-2025,MB,3,43.9265,-59.8643,,,58,,401677570,-132
260358,260358,UT,DS,5,0,5,177,48,23:54:39 16-Aug-2025,MC,1,43.9289,-59.8630,43.9289,-59.8630,58,,401677573,-125
260358,260358,UT,DS,3,0,3,132,81,00:13:16 17-Aug-2025,SR,A,43.9237,-59.8581,43.9237,-59.8581,6,,401677568,-126
260358,260358,UT,DS,3,0,3,245,51,00:49:03 17-Aug-2025,MB,A,43.9315,-59.8739,43.9315,-59.8739,8,,401677572,-127
260358,260358,UT,DS,2,0,2,114,114,01:19:33 17-Aug-2025,O3,B,43.9345,-59.8733,43.9345,-59.8733,8,,401677569,-129
260358,260358,UT,DS,3,0,3,216,46,01:38:57 17-Aug-2025,MC,A,43.9334,-59.8643,43.9334,-59.8643,6,,401677571,-121
260358,260358,UT,DS,2,0,2,463,463,02:57:05 17-Aug-2025,O3,B,43.9336,-59.8739,43.9336,-59.8739,8,,401677572,-126
260358,260358,UT,DS,6,0,6,118,47,04:34:00 17-Aug-2025,O3,3,43.9269,-59.8855,43.9269,-59.8855,68,,401677574,-122
260358,260358,UT,DS,2,0,2,435,435,08:12:05 17-Aug-2025,SR,B,43.9360,-59.8907,43.9360,-59.8907,8,,401677572,-126
260358,260358,UT,DS,2,0,2,93,93,08:44:37 17-Aug-2025,CS,B,43.9294,-59.8829,43.9294,-59.8829,8,,401677577,-124
260358,260358,UT,DS,5,0,5,120,47,09:45:42 17-Aug-2025,SR,2,43.9261,-59.8785,43.9261,-59.8785,58,,401677576,-127
260358,260358,UT,DS,3,0,3,273,210,10:21:20 17-Aug-2025,CS,A,43.9268,-59.8817,43.9268,-59.8817,8,,401677578,-126
260358,260358,UT,DS,1,0,1,,,11:32:17 17-Aug-2025,SR,B,43.9260,-59.8827,43.9260,-59.8827,8,,401677580,-137
260358,260358,UT,DS,4,0,4,108,47,12:15:13 17-Aug-2025,MC,0,43.9431,-59.8989,43.9431,-59.8989,47,,401677592,-122
260358,260358,UT,DS,3,0,3,298,46,13:01:35 17-Aug-2025,MB,A,43.9413,-59.8756,43.9413,-59.8756,8,,401677584,-128
260358,260358,UT,DS,5,0,5,138,47,13:51:58 17-Aug-2025,MC,2,43.9286,-59.8851,43.9286,-59.8851,58,,401677580,-116
260358,260358,UT,DS,3,0,3,269,109,14:42:14 17-Aug-2025,MB,A,43.9332,-59.8359,43.9332,-59.8359,7,,401677592,-126
260358,260358,UT,DS,2,0,2,46,46,14:57:49 17-Aug-2025,O3,B,43.9101,-59.8678,43.9101,-59.8678,6,,401677582,-126
260358,260358,UT,DS,8,0,8,95,47,16:39:48 17-Aug-2025,O3,0,43.9297,-59.8338,43.9297,-59.8338,48,,401677601,-120
260358,260358,UT,DS,5,0,5,92,92,00:27:42 18-Aug-2025,MB,1,43.9341,-59.8536,43.9341,-59.8536,58,,401677570,-124
260358,260358,UT,DS,4,0,4,95,55,05:29:40 18-Aug-2025,O3,2,43.9134,-59.8730,43.9134,-59.8730,68,,401677576,-131
260358,260358,UT,DS,2,0,2,46,46,07:43:44 18-Aug-2025,SR,B,43.9075,-59.8536,43.9075,-59.8536,8,,401677585,-131
260358,260358,UT,DS,1,0,1,,,08:05:03 18-Aug-2025,CS,B,43.9079,-59.8546,43.9079,-59.8546,6,,401677575,-132
260358,260358,UT,DS,2,0,2,48,48,09:15:47 18-Aug-2025,SR,B,43.9377,-59.8462,43.9377,-59.8462,8,,401677585,-121
260358,260358,UT,DS,3,0,3,274,48,09:40:05 18-Aug-2025,CS,A,43.9205,-59.8627,43.9205,-59.8627,6,,401677581,-123
260358,260358,UT,DS,4,0,4,165,46,10:53:52 18-Aug-2025,SR,0,43.9107,-59.8728,43.9107,-59.8728,58,,401677586,-133
260358,260358,UT,DS,1,0,1,,,11:15:48 18-Aug-2025,CS,B,43.9122,-59.8714,43.9122,-59.8714,6,,401677584,-135
260358,260358,UT,DS,1,0,1,,,12:42:39 18-Aug-2025,MB,B,43.9168,-59.8694,43.9168,-59.8694,8,,401677580,-131
260358,260358,UT,DS,2,0,2,46,46,13:38:16 18-Aug-2025,MC,B,43.9306,-59.8714,43.9306,-59.8714,8,,401677590,-114
260358,260358,UT,DS,3,0,3,63,47,14:25:59 18-Aug-2025,MB,A,43.9286,-59.8637,,,8,,401677593,-126
260358,260358,UT,DS,1,0,1,,,15:14:18 18-Aug-2025,MC,B,43.9316,-59.8604,43.9316,-59.8604,8,,401677593,-122
260358,260358,UT,DS,2,0,2,47,47,15:56:11 18-Aug-2025,O3,B,43.9408,-59.8537,43.9408,-59.8537,8,,401677599,-125
260358,260358,UT,DS,2,0,2,48,48,17:32:28 18-Aug-2025,O3,B,43.9350,-59.8727,43.9350,-59.8727,8,,401677599,-124
260358,260358,UT,DS,2,0,2,48,48,19:13:18 18-Aug-2025,CS,B,43.9555,-59.8901,43.9555,-59.8901,8,,401677583,-127
260358,260358,UT,DS,4,0,4,75,48,20:52:01 18-Aug-2025,CS,0,43.9344,-59.8548,43.9344,-59.8548,48,,401677594,-124
260358,260358,UT,DS,2,0,2,48,48,21:24:35 18-Aug-2025,SR,B,43.9223,-59.8500,43.9223,-59.8500,8,,401677582,-125
260358,260358,UT,DS,1,0,1,,,23:04:36 18-Aug-2025,SR,B,43.9115,-59.8442,43.9115,-59.8442,8,,401677587,-125
260358,260358,UT,DS,3,0,3,47,47,23:15:24 18-Aug-2025,MC,A,43.9249,-59.8555,43.9249,-59.8555,6,,401677584,-125
260358,260358,UT,DS,5,0,5,55,49,00:04:58 19-Aug-2025,MB,1,43.9282,-59.8783,43.9282,-59.8783,58,,401677582,-127
260358,260358,UT,DS,1,0,0,,,00:59:15 19-Aug-2025,MC,B,43.9271,-59.8836,43.9271,-59.8836,8,,401677585,-132
260358,260358,UT,DS,2,0,2,47,47,01:24:35 19-Aug-2025,O3,B,43.9272,-59.8721,,,6,,401677584,-131
260358,260358,UT,DS,2,0,2,47,47,02:40:04 19-Aug-2025,MC,B,43.9209,-59.8860,43.9209,-59.8860,8,,401677585,-122
260358,260358,UT,DS,2,0,2,51,51,03:02:59 19-Aug-2025,O3,B,43.9221,-59.8887,43.9221,-59.8887,6,,401677585,-120
260358,260358,UT,DS,1,0,1,,,07:05:23 19-Aug-2025,SR,B,43.9112,-59.9143,43.9112,-59.9143,8,,401677587,-137
260358,260358,UT,DS,5,0,5,99,47,08:41:10 19-Aug-2025,SR,1,43.9255,-59.8865,43.9255,-59.8865,58,,401677589,-131
260358,260358,UT,DS,4,0,4,150,49,08:58:43 19-Aug-2025,CS,3,43.9251,-59.8848,43.9251,-59.8848,66,,401677580,-127
260358,260358,UT,DS,4,0,4,220,47,10:21:29 19-Aug-2025,SR,1,43.9234,-59.8908,43.9234,-59.8908,58,,401677584,-127
260358,260358,UT,DS,3,0,3,102,49,12:21:47 19-Aug-2025,MB,A,43.9416,-59.9522,43.9416,-59.9522,8,,401677586,-130
260358,260358,UT,DS,2,0,2,47,47,13:14:36 19-Aug-2025,MC,B,43.9286,-59.9679,43.9286,-59.9679,8,,401677596,-115
260358,260358,UT,DS,3,0,3,47,47,14:09:03 19-Aug-2025,MB,A,43.9398,-59.9834,43.9398,-59.9834,8,,401677604,-125
260358,260358,UT,DS,4,0,4,109,47,14:50:22 19-Aug-2025,MC,0,43.9414,-60.0699,43.9414,-60.0699,48,,401677573,-118
260358,260358,UT,DS,3,0,3,107,47,15:03:29 19-Aug-2025,O3,A,43.9604,-59.9542,43.9604,-59.9542,6,,401677629,-130
260358,260358,UT,DS,10,0,10,52,47,16:45:27 19-Aug-2025,O3,1,43.9310,-59.9012,43.9310,-59.9012,48,,401677625,-118
260358,260358,UT,DS,4,0,4,92,92,18:23:37 19-Aug-2025,O3,2,43.9147,-59.8967,43.9147,-59.8967,58,,401677602,-130
260358,260358,UT,DS,2,0,2,184,184,18:35:07 19-Aug-2025,CS,B,43.9656,-59.8871,43.9656,-59.8871,8,,401677592,-139
260358,260358,UT,DS,7,0,7,96,47,09:57:04 20-Aug-2025,CS,3,43.9270,-59.8818,43.9270,-59.8818,56,,401677567,-120
260358,260358,UT,DS,5,0,5,119,47,09:52:59 20-Aug-2025,SR,2,43.9280,-59.8834,43.9280,-59.8834,50,,401677566,-116
260358,260358,UT,DS,1,0,1,,,12:00:24 20-Aug-2025,MB,B,43.9260,-59.8979,43.9260,-59.8979,8,,401677580,-129
260358,260358,UT,DS,3,0,3,92,92,12:52:35 20-Aug-2025,MC,A,43.9283,-59.8894,43.9283,-59.8894,6,,401677602,-129
260358,260358,UT,DS,3,0,3,92,92,13:40:07 20-Aug-2025,MB,A,43.9304,-59.8934,43.9304,-59.8934,8,,401677599,-130
260358,260358,UT,DS,8,0,8,105,92,14:29:11 20-Aug-2025,MC,1,43.9326,-59.8781,43.9326,-59.8781,58,,401677581,-117
260358,260358,UT,DS,4,0,4,92,92,16:00:25 20-Aug-2025,O3,3,43.9278,-59.8813,43.9278,-59.8813,58,,401677544,-120
260358,260358,UT,DS,4,0,4,92,92,16:10:23 20-Aug-2025,MC,0,43.9122,-59.8852,43.9122,-59.8852,56,,401677530,-133
260358,260358,UT,DS,5,0,5,92,92,17:36:15 20-Aug-2025,O3,3,43.9300,-59.8799,43.9300,-59.8799,68,,401677552,-125
260358,260358,UT,DS,7,0,7,92,92,19:32:47 20-Aug-2025,CS,3,43.9260,-59.8807,43.9260,-59.8807,58,,401677543,-122
260358,260358,UT,DS,1,0,1,,,00:12:52 21-Aug-2025,MC,B,43.9454,-59.8809,43.9454,-59.8809,8,,401677565,-125
260358,260358,UT,DS,3,0,3,77,67,01:05:07 21-Aug-2025,MB,A,43.9213,-59.8857,43.9213,-59.8857,8,,401677563,-125
260358,260358,UT,DS,1,0,1,,,01:32:19 21-Aug-2025,O3,B,43.9225,-59.8841,43.9225,-59.8841,6,,401677568,-134
260358,260358,UT,DS,10,0,10,52,47,01:55:32 21-Aug-2025,MC,1,43.9217,-59.8486,43.9217,-59.8486,46,,401677559,-118
260358,260358,UT,DS,6,0,6,92,92,03:11:32 21-Aug-2025,O3,3,43.9294,-59.8687,43.9294,-59.8687,57,,401677587,-121
260358,260358,UT,DS,2,0,2,92,92,04:51:12 21-Aug-2025,O3,B,43.9271,-59.8690,43.9271,-59.8690,8,,401677589,-131
260358,260358,UT,DS,3,0,3,92,92,07:35:16 21-Aug-2025,CS,A,43.9271,-59.8655,43.9271,-59.8655,8,,401677581,-134
260358,260358,UT,DS,4,0,4,92,92,07:42:56 21-Aug-2025,SR,2,43.9334,-59.8695,43.9334,-59.8695,56,,401677578,-132
260358,260358,UT,DS,7,0,7,92,92,09:15:42 21-Aug-2025,CS,2,43.9294,-59.8603,43.9294,-59.8603,58,,401677587,-120
260358,260358,UT,DS,6,0,6,92,92,09:24:08 21-Aug-2025,SR,1,43.9307,-59.8664,43.9307,-59.8664,56,,401677584,-119
260358,260358,UT,DS,1,0,1,,,00:00:07 22-Aug-2025,MC,B,43.9137,-59.8359,43.9137,-59.8359,,,401677578,-120
260358,260358,UT,DS,5,0,5,92,92,00:46:07 22-Aug-2025,MB,3,43.9305,-59.8662,43.9305,-59.8662,58,,401677565,-125
260358,260358,UT,DS,2,0,2,55,55,20:58:41 22-Aug-2025,SR,B,43.9605,-59.9635,43.9605,-59.9635,,,401677593,-126
260358,260358,UT,DS,4,0,4,212,127,21:28:56 22-Aug-2025,CS,2,43.9292,-59.8888,43.9292,-59.8888,58,,401677569,-124
260358,260358,UT,DS,9,0,8,97,46,22:41:43 22-Aug-2025,SR,1,43.9302,-59.8458,43.9302,-59.8458,48,,401677573,-118
260358,260358,UT,DS,3,0,3,262,234,22:43:19 22-Aug-2025,MB,A,43.9268,-59.8504,43.9268,-59.8504,6,,401677575,-133
260358,260358,UT,DS,4,0,4,195,52,23:32:42 22-Aug-2025,MC,3,43.9306,-59.8346,43.9306,-59.8346,68,,401677577,-123
260358,260358,UT,DS,1,0,1,,,00:19:12 23-Aug-2025,SR,B,43.9277,-59.8203,43.9277,-59.8203,7,,401677588,-133
260358,260358,UT,DS,2,0,2,307,307,01:15:20 23-Aug-2025,MC,B,43.9110,-59.7944,43.9110,-59.7944,8,,401677563,-115
260358,260358,UT,DS,1,0,1,,,09:34:13 23-Aug-2025,CS,B,43.8468,-59.8228,43.8468,-59.8228,8,,401677588,-120
260358,260358,UT,DS,1,0,1,,,10:02:16 23-Aug-2025,SR,B,43.8218,-59.9028,43.8218,-59.9028,6,,401677548,-126
260358,260358,UT,DS,1,0,1,,,12:39:43 23-Aug-2025,MB,B,43.7420,-59.6681,43.7420,-59.6681,8,,401677549,-129
260358,260358,UT,DS,1,0,1,,,06:46:52 26-Aug-2025,SR,,,,,,,,401650000,-136
260358,260358,UT,DS,1,0,1,,,12:30:49 26-Aug-2025,MC,,,,,,,,401650000,-118
260358,260358,UT,DS,1,0,1,,,13:21:08 26-Aug-2025,MB,,,,,,,,401650000,-123
260358,260358,UT,DS,1,0,1,,,05:17:50 27-Aug-2025,O3,,,,,,,,401650000,-134
260358,260358,UT,DS,1,0,1,,,11:02:05 28-Aug-2025,CS,,,,,,,,401650000,-130
260358,260358,UT,DS,1,0,1,,,10:16:26 29-Aug-2025,CS,,,,,,,,401650000,-133
260358,260358,UT,DS,7,0,7,121,52,09:33:29 30-Aug-2025,SR,3,43.9261,-59.9518,43.9261,-59.9518,50,,401677641,-123
260358,260358,UT,DS,5,0,5,118,54,09:42:02 30-Aug-2025,CS,2,43.9234,-59.9486,43.9234,-59.9486,56,,401677640,-118
260358,260358,UT,DS,3,0,3,175,47,11:18:12 30-Aug-2025,CS,A,43.9076,-60.0078,43.9076,-60.0078,6,,401677633,-131
260358,260358,UT,DS,1,0,1,,,11:16:47 30-Aug-2025,SR,B,43.9084,-59.8980,43.9084,-59.8980,8,,401677641,-133
260358,260358,UT,DS,1,0,1,,,11:53:15 30-Aug-2025,MB,B,43.9018,-59.9899,43.9018,-59.9899,8,,401677622,-133
260358,260358,UT,DS,5,0,5,137,47,12:42:35 30-Aug-2025,MC,2,43.9385,-60.0236,,,58,,401677627,-131
260358,260358,UT,DS,3,0,3,86,47,13:32:25 30-Aug-2025,MB,A,43.9192,-60.0226,43.9192,-60.0226,8,,401677629,-130
260358,260358,UT,DS,8,0,8,105,92,14:22:31 30-Aug-2025,MC,1,43.9366,-60.0257,,,58,,401677629,-116
260358,260358,UT,DS,1,0,1,,,14:57:01 30-Aug-2025,O3,B,43.9477,-60.0812,43.9477,-60.0812,8,,401677593,-134
260358,260358,UT,DS,2,0,2,184,184,16:06:01 30-Aug-2025,MC,B,43.9267,-60.0127,43.9267,-60.0127,8,,401677578,-131
260358,260358,UT,DS,4,0,4,92,92,16:40:31 30-Aug-2025,O3,1,43.9294,-60.0224,43.9294,-60.0224,58,,401677571,-128
260358,260358,UT,DS,6,0,6,92,92,00:11:37 31-Aug-2025,MC,3,43.9300,-60.0367,43.9300,-60.0367,58,,401677576,-119
260358,260358,UT,DS,3,0,3,315,230,00:57:17 31-Aug-2025,MB,A,43.9348,-60.0389,43.9348,-60.0389,8,,401677562,-132
260358,260358,UT,DS,13,0,13,50,47,01:48:20 31-Aug-2025,MC,3,43.9376,-60.0334,43.9376,-60.0334,57,,401677576,-117
260358,260358,UT,DS,3,0,3,92,92,02:12:03 31-Aug-2025,O3,A,43.9281,-60.0334,43.9281,-60.0334,6,,401677586,-135
260358,260358,UT,DS,6,0,6,92,92,03:49:25 31-Aug-2025,O3,3,43.9311,-60.0342,43.9311,-60.0342,58,,401677579,-120
260358,260358,UT,DS,1,0,1,,,07:22:26 31-Aug-2025,SR,B,43.9311,-60.0271,43.9311,-60.0271,8,,401677569,-130
260358,260358,UT,DS,3,0,3,201,47,09:00:24 31-Aug-2025,CS,A,43.9342,-60.0358,43.9342,-60.0358,8,,401677575,-124
260358,260358,UT,DS,3,0,3,216,47,09:04:46 31-Aug-2025,SR,A,43.9315,-60.0330,43.9315,-60.0330,6,,401677573,-120
260358,260358,UT,DS,2,0,2,51,51,10:36:20 31-Aug-2025,CS,B,43.9245,-60.0325,43.9245,-60.0325,8,,401677575,-127
260358,260358,UT,DS,1,0,1,,,10:45:20 31-Aug-2025,SR,B,43.9251,-60.0292,43.9251,-60.0292,6,,401677575,-128
260358,260358,UT,DS,3,0,3,165,146,12:25:53 31-Aug-2025,MC,A,43.9260,-60.0388,43.9260,-60.0388,8,,401677578,-119
260358,260358,UT,DS,1,0,1,,,13:14:49 31-Aug-2025,MB,B,43.9253,-60.0394,43.9253,-60.0394,8,,401677584,-131
260358,260358,UT,DS,4,0,4,218,47,00:35:18 01-Sep-2025,MB,1,43.9220,-60.0044,43.9220,-60.0044,68,,401677574,-126
260358,260358,UT,DS,2,0,2,47,47,00:35:18 01-Sep-2025,SR,B,43.9224,-60.0057,43.9224,-60.0057,,,401677577,-133
260358,260358,UT,DS,1,0,1,,,01:28:54 01-Sep-2025,O3,B,43.9365,-60.0323,43.9365,-60.0323,8,,401677573,-136
260358,260358,UT,DS,4,0,4,160,47,01:29:18 01-Sep-2025,MC,2,43.9253,-60.0342,43.9253,-60.0342,58,,401677576,-116
260358,260358,UT,DS,2,0,2,47,47,03:03:38 01-Sep-2025,O3,B,43.9240,-60.0353,43.9240,-60.0353,8,,401677582,-124
260358,260358,UT,DS,2,0,2,47,47,03:12:48 01-Sep-2025,MC,B,43.9228,-60.0383,43.9228,-60.0383,6,,401677581,-127
260358,260358,UT,DS,2,0,2,48,48,04:46:25 01-Sep-2025,O3,B,43.9287,-60.0364,43.9287,-60.0364,8,,401677578,-127
260358,260358,UT,DS,1,0,1,,,06:53:11 01-Sep-2025,SR,B,43.9231,-60.0296,43.9231,-60.0296,8,,401677575,-138
260358,260358,UT,DS,1,0,1,,,08:18:48 01-Sep-2025,CS,B,43.9239,-60.0275,43.9239,-60.0275,8,,401677573,-126
260358,260358,UT,DS,1,0,1,,,08:33:39 01-Sep-2025,SR,B,43.9252,-60.0293,43.9252,-60.0293,6,,401677574,-119
260358,260358,UT,DS,4,0,4,199,47,09:56:38 01-Sep-2025,CS,0,43.9364,-60.0146,43.9364,-60.0146,48,,401677580,-130
260358,260358,UT,DS,1,0,1,,,10:10:36 01-Sep-2025,SR,B,43.9270,-60.0285,,,8,,401677577,-124
260358,260358,UT,DS,2,0,2,48,48,11:34:04 01-Sep-2025,CS,B,43.9129,-59.9844,43.9129,-59.9844,8,,401677584,-132
260358,260358,UT,DS,1,0,1,,,12:07:46 01-Sep-2025,MC,B,43.9104,-59.9804,43.9104,-59.9804,8,,401677580,-125
260358,260358,UT,DS,5,0,5,166,101,12:50:54 01-Sep-2025,MB,1,43.9315,-60.0132,43.9315,-60.0132,58,,401677575,-127
260358,260358,UT,DS,4,0,4,212,47,13:41:16 01-Sep-2025,MC,0,43.9697,-60.0554,43.9697,-60.0554,48,,401677583,-120
260358,260358,UT,DS,1,0,1,,,14:33:57 01-Sep-2025,MB,B,43.9861,-60.0715,43.9861,-60.0715,8,,401677583,-135
260358,260358,UT,DS,3,0,3,63,47,15:06:54 01-Sep-2025,O3,A,43.9857,-60.0456,43.9857,-60.0456,5,,401677622,-126
260358,260358,UT,DS,2,0,2,47,47,15:25:07 01-Sep-2025,MC,B,43.8913,-60.0209,,,6,,401677566,-120
260358,260358,UT,DS,8,0,8,66,47,16:44:24 01-Sep-2025,O3,1,43.9328,-60.0341,43.9328,-60.0341,46,,401677617,-117
260358,260358,UT,DS,4,0,4,145,47,18:22:32 01-Sep-2025,O3,0,43.9172,-59.9629,43.9172,-59.9629,48,,401677560,-127
260358,260358,UT,DS,3,0,3,70,47,00:02:28 02-Sep-2025,SR,A,43.9305,-59.9999,43.9305,-59.9999,8,,401677567,-132
260358,260358,UT,DS,2,0,2,92,92,00:20:57 02-Sep-2025,MB,B,43.9278,-60.0012,43.9278,-60.0012,6,,401677583,-125
260358,260358,UT,DS,3,0,3,138,92,01:07:43 02-Sep-2025,MC,A,43.9290,-60.0057,43.9290,-60.0057,8,,401677584,-119
260358,260358,UT,DS,4,0,4,92,92,02:19:01 02-Sep-2025,O3,3,43.9268,-60.0107,43.9268,-60.0107,68,,401677575,-133
260358,260358,UT,DS,1,0,1,,,02:50:27 02-Sep-2025,MC,B,43.9282,-60.0108,43.9282,-60.0108,8,,401677573,-134
260358,260358,UT,DS,2,0,2,92,92,03:57:09 02-Sep-2025,O3,B,43.9326,-60.0132,43.9326,-60.0132,8,,401677576,-122
260358,260358,UT,DS,1,0,1,,,11:21:24 02-Sep-2025,SR,B,43.9391,-60.0308,43.9391,-60.0308,8,,401677558,-132
260358,260358,UT,DS,3,0,3,102,49,13:30:38 02-Sep-2025,MC,A,44.0456,-60.2047,44.0456,-60.2047,8,,401677564,-119
260358,260358,UT,DS,5,0,5,90,46,14:18:37 02-Sep-2025,MB,1,43.9265,-60.0037,43.9265,-60.0037,47,,401650000,
260358,260358,UT,DS,2,0,2,47,47,15:06:56 02-Sep-2025,MC,B,43.9050,-59.9426,43.9050,-59.9426,8,,401677625,-118
260358,260358,UT,DS,2,0,2,47,47,00:04:26 03-Sep-2025,MB,B,43.9258,-59.9743,43.9258,-59.9743,8,,401677570,-126
260358,260358,UT,DS,6,0,6,92,92,00:47:12 03-Sep-2025,MC,2,43.9280,-59.9972,43.9280,-59.9972,56,,401677596,-120
260358,260358,UT,DS,3,0,3,138,92,02:29:10 03-Sep-2025,MC,A,43.9233,-59.9895,43.9233,-59.9895,8,,401677584,-129
260358,260358,UT,DS,5,0,5,92,92,03:12:06 03-Sep-2025,O3,3,43.9258,-59.9989,,,58,,401677586,-124
260358,260358,UT,DS,5,0,5,115,92,04:49:55 03-Sep-2025,O3,2,43.9204,-59.9961,43.9204,-59.9961,58,,401677592,-131
260358,260358,UT,DS,2,0,2,161,161,07:28:00 03-Sep-2025,SR,B,43.9086,-59.9933,43.9086,-59.9933,8,,401677571,-127
260358,260358,UT,DS,3,0,3,271,103,08:32:54 03-Sep-2025,CS,A,43.9406,-59.9902,43.9406,-59.9902,8,,401677575,-127
260358,260358,UT,DS,3,0,3,280,99,09:04:37 03-Sep-2025,SR,A,43.9309,-59.9978,43.9309,-59.9978,8,,401677572,-124
260358,260358,UT,DS,5,0,5,116,64,10:15:08 03-Sep-2025,CS,3,43.9278,-59.9900,43.9278,-59.9900,58,,401677578,-125
260358,260358,UT,DS,2,0,2,47,47,10:49:17 03-Sep-2025,SR,B,43.9084,-59.9518,43.9084,-59.9518,7,,401677587,-131
260358,260358,UT,DS,2,0,2,264,264,11:51:21 03-Sep-2025,CS,B,43.9181,-60.0314,43.9181,-60.0314,8,,401677579,-138
260358,260358,UT,DS,1,0,1,,,12:11:24 03-Sep-2025,MB,B,43.9016,-59.9274,43.9016,-59.9274,8,,401677562,-129
260358,260358,UT,DS,1,0,1,,,13:03:38 03-Sep-2025,MC,B,43.9155,-60.0401,43.9155,-60.0401,8,,401677579,-120
260358,260358,UT,DS,3,0,2,164,47,01:15:52 04-Sep-2025,MB,A,43.9312,-60.0121,43.9312,-60.0121,,,401677560,-132
260358,260358,UT,DS,2,0,2,395,395,02:06:50 04-Sep-2025,MC,B,43.9297,-60.0162,43.9297,-60.0162,8,,401677566,-119
260358,260358,UT,DS,3,0,3,157,89,02:23:47 04-Sep-2025,O3,A,43.9171,-60.0279,43.9171,-60.0279,6,,401677573,-122
260358,260358,UT,DS,2,0,2,47,47,04:05:16 04-Sep-2025,O3,B,43.9212,-60.0138,43.9212,-60.0138,8,,401677582,-122
260358,260358,UT,DS,3,0,3,171,46,07:49:21 04-Sep-2025,CS,A,43.9192,-60.0151,43.9192,-60.0151,8,,401677574,-131
260358,260358,UT,DS,3,0,3,94,48,08:35:32 04-Sep-2025,SR,A,43.9280,-60.0206,43.9280,-60.0206,8,,401677578,-119
260358,260358,UT,DS,9,0,9,92,46,09:32:11 04-Sep-2025,CS,1,43.9360,-60.0554,43.9360,-60.0554,58,,401677578,-118
260358,260358,UT,DS,6,0,6,106,46,10:11:43 04-Sep-2025,SR,1,43.9286,-60.0114,43.9286,-60.0114,48,,401677574,-126
260358,260358,UT,DS,4,0,4,74,46,11:10:39 04-Sep-2025,CS,0,43.9023,-60.0094,43.9023,-60.0094,48,,401677579,-129
260358,260358,UT,DS,4,0,4,152,47,12:41:19 04-Sep-2025,MC,3,43.8779,-60.0204,43.8779,-60.0204,58,,401677576,-118
260358,260358,UT,DS,6,0,6,94,46,13:29:37 04-Sep-2025,MB,0,43.9232,-59.9968,43.9232,-59.9968,47,,401677590,-125
260358,260358,UT,DS,3,0,3,339,46,14:20:57 04-Sep-2025,MC,A,43.9109,-60.0583,43.9109,-60.0583,8,,401677582,-119
260358,260358,UT,DS,1,0,1,,,16:01:28 04-Sep-2025,MC,B,43.9138,-60.0658,43.9138,-60.0658,8,,401677582,-125
260358,260358,UT,DS,3,0,3,93,56,16:11:28 04-Sep-2025,O3,A,43.9342,-60.0438,43.9342,-60.0438,6,,401677595,-120
260358,260358,UT,DS,2,0,2,49,49,17:50:39 04-Sep-2025,O3,B,44.0044,-60.0729,44.0044,-60.0729,8,,401677614,-132
260358,260358,UT,DS,5,0,5,132,48,19:07:09 04-Sep-2025,CS,1,43.9257,-60.0320,43.9257,-60.0320,48,,401677591,-123
260358,260358,UT,DS,6,0,6,93,48,00:04:45 05-Sep-2025,SR,2,43.9286,-59.9830,,,58,,401677579,-126
260358,260358,UT,DS,8,0,8,100,48,00:09:00 05-Sep-2025,MC,3,43.9270,-59.9651,43.9270,-59.9651,56,,401677580,-116
260358,260358,UT,DS,7,0,7,84,46,00:56:11 05-Sep-2025,MB,3,43.9288,-59.9980,43.9288,-59.9980,58,,401677581,-122
260358,260358,UT,DS,5,0,5,105,48,01:41:21 05-Sep-2025,O3,3,43.9262,-60.0430,43.9262,-60.0430,58,,401677582,-131
260358,260358,UT,DS,9,0,9,95,47,01:43:17 05-Sep-2025,MC,3,43.9323,-60.0323,43.9323,-60.0323,56,,401677582,-114
260358,260358,UT,DS,2,0,2,48,48,03:19:10 05-Sep-2025,O3,B,43.9281,-60.0718,43.9281,-60.0718,8,,401677585,-123
260358,260358,UT,DS,2,0,2,48,48,05:00:44 05-Sep-2025,O3,B,43.9035,-60.0984,43.9035,-60.0984,8,,401677600,-129
260358,260358,UT,DS,1,0,1,,,07:12:02 05-Sep-2025,CS,B,43.9069,-60.1039,43.9069,-60.1039,8,,401677576,-140
260358,260358,UT,DS,2,0,2,68,68,08:09:22 05-Sep-2025,SR,B,43.9041,-60.0759,43.9041,-60.0759,8,,401677575,-126
260358,260358,UT,DS,4,0,4,110,47,08:51:51 05-Sep-2025,CS,3,43.9290,-60.0317,43.9290,-60.0317,58,,401677582,-121
260358,260358,UT,DS,7,0,7,121,47,09:40:32 05-Sep-2025,SR,3,43.9286,-60.0367,43.9286,-60.0367,58,,401677583,-127
260358,260358,UT,DS,6,0,6,129,48,10:29:21 05-Sep-2025,CS,2,43.9257,-60.0220,43.9257,-60.0220,58,,401677581,-128
260358,260358,UT,DS,2,0,2,126,126,11:22:37 05-Sep-2025,SR,B,43.9311,-60.0039,43.9311,-60.0039,8,,401677588,-133
260358,260358,UT,DS,3,0,3,137,46,12:22:57 05-Sep-2025,MC,A,43.9102,-60.0447,43.9102,-60.0447,8,,401677582,-120
260358,260358,UT,DS,4,0,4,251,95,13:07:59 05-Sep-2025,MB,0,43.9266,-60.0008,43.9266,-60.0008,48,,401677594,-128
260358,260358,UT,DS,8,0,8,92,92,13:58:32 05-Sep-2025,MC,0,43.9422,-60.0876,43.9422,-60.0876,56,,401677612,-114
260358,260358,UT,DS,4,0,4,215,90,00:32:27 06-Sep-2025,MB,0,43.9300,-59.9113,43.9300,-59.9113,58,,401677569,-124
260358,260358,UT,DS,2,0,2,460,460,01:25:04 06-Sep-2025,MC,B,43.9354,-59.9208,43.9354,-59.9208,7,,401677583,-124
260358,260358,UT,DS,3,0,3,92,92,02:35:36 06-Sep-2025,O3,A,43.9313,-59.9271,43.9313,-59.9271,8,,401677582,-125
260358,260358,UT,DS,4,0,4,92,92,04:11:26 06-Sep-2025,O3,3,43.9269,-59.9264,,,58,,401677580,-126
260358,260358,UT,DS,3,0,3,165,49,08:12:36 06-Sep-2025,CS,A,43.9292,-59.9058,43.9292,-59.9058,8,,401677568,-129
260358,260358,UT,DS,4,0,4,136,48,09:08:55 06-Sep-2025,SR,2,43.9252,-59.9318,43.9252,-59.9318,58,,401677570,-124
260358,260358,UT,DS,2,0,2,283,283,09:47:24 06-Sep-2025,CS,B,43.9260,-59.9380,43.9260,-59.9380,8,,401677571,-124
260358,260358,UT,DS,1,0,1,,,10:54:28 06-Sep-2025,SR,B,43.9274,-59.9449,43.9274,-59.9449,8,,401677574,-129
260358,260358,UT,DS,4,0,4,66,50,11:24:16 06-Sep-2025,CS,0,43.9170,-59.9498,43.9170,-59.9498,56,,401677573,-132
260358,260358,UT,DS,2,0,2,326,326,11:58:56 06-Sep-2025,MC,B,43.9235,-59.9433,43.9235,-59.9433,8,,401677583,-128
260358,260358,UT,DS,9,0,9,91,47,00:11:24 07-Sep-2025,MB,2,43.9328,-59.8556,43.9328,-59.8556,50,,401677572,-126
260358,260358,UT,DS,4,0,4,47,47,00:40:58 07-Sep-2025,SR,1,43.9270,-59.8541,43.9270,-59.8541,56,,401677570,-137
260358,260358,UT,DS,6,0,6,92,92,01:03:08 07-Sep-2025,MC,1,43.9340,-59.8491,43.9340,-59.8491,56,,401677578,-113
260358,260358,UT,DS,1,0,1,,,01:51:26 07-Sep-2025,O3,B,43.9357,-59.8500,43.9357,-59.8500,8,,401677584,-137
260358,260358,UT,DS,6,0,6,92,92,03:27:16 07-Sep-2025,O3,2,43.9309,-59.8610,43.9309,-59.8610,68,,401677578,-117
260358,260358,UT,DS,1,0,1,,,07:01:51 07-Sep-2025,SR,B,43.9281,-59.8660,43.9281,-59.8660,8,,401677574,-136
260358,260358,UT,DS,2,0,2,47,47,07:28:15 07-Sep-2025,CS,B,43.9281,-59.8762,43.9281,-59.8762,6,,401677574,-134
260358,260358,UT,DS,2,0,2,94,94,08:43:01 07-Sep-2025,SR,B,43.9252,-59.8783,43.9252,-59.8783,8,,401677574,-120
260358,260358,UT,DS,2,0,2,371,371,09:10:05 07-Sep-2025,CS,B,43.9318,-59.8674,43.9318,-59.8674,6,,401677575,-126
260358,260358,UT,DS,5,0,5,128,48,10:15:59 07-Sep-2025,SR,3,43.9303,-59.8490,43.9303,-59.8490,58,,401677579,-127
260358,260358,UT,DS,1,0,1,,,10:47:00 07-Sep-2025,CS,B,43.9299,-59.8470,43.9299,-59.8470,8,,401677579,-125
260358,260358,UT,DS,1,0,1,,,12:32:06 07-Sep-2025,MB,B,43.9278,-59.8409,43.9278,-59.8409,8,,401677580,-134
260358,260358,UT,DS,5,0,5,138,92,13:17:22 07-Sep-2025,MC,1,43.9364,-59.8559,43.9364,-59.8559,46,,401677598,-118
260358,260358,UT,DS,1,0,1,,,00:12:50 08-Sep-2025,SR,B,44.0038,-59.8816,44.0038,-59.8816,8,,401677582,-129
260358,260358,UT,DS,4,0,4,143,52,00:43:11 08-Sep-2025,MC,1,43.9337,-59.8451,43.9337,-59.8451,58,,401677565,-116
260358,260358,UT,DS,1,0,1,,,01:04:52 08-Sep-2025,O3,B,43.9341,-59.8457,43.9341,-59.8457,6,,401677571,-134
260358,260358,UT,DS,1,0,1,,,01:40:08 08-Sep-2025,MB,B,43.9083,-59.8326,43.9083,-59.8326,8,,401677579,-131
260358,260358,UT,DS,2,0,2,517,517,02:40:52 08-Sep-2025,O3,B,43.9087,-59.8346,43.9087,-59.8346,8,,401677578,-131
260358,260358,UT,DS,7,0,7,74,47,04:21:16 08-Sep-2025,O3,3,43.9378,-59.8341,43.9378,-59.8341,58,,401677576,-121
260358,260358,UT,DS,3,0,3,89,47,08:08:22 08-Sep-2025,SR,A,43.9415,-59.8206,43.9415,-59.8206,8,,401677576,-124
260358,260358,UT,DS,3,0,3,241,48,08:26:23 08-Sep-2025,CS,A,43.9480,-59.8237,43.9480,-59.8237,6,,401677578,-126
260358,260358,UT,DS,4,0,4,159,48,09:46:06 08-Sep-2025,SR,3,43.9412,-59.8239,43.9412,-59.8239,58,,401677576,-118
260358,260358,UT,DS,2,0,2,50,50,10:07:59 08-Sep-2025,CS,B,43.9435,-59.8246,43.9435,-59.8246,6,,401677577,-124
260358,260358,UT,DS,1,0,1,,,11:27:25 08-Sep-2025,SR,B,43.9332,-59.8198,,,8,,401677584,-137
260358,260358,UT,DS,1,0,1,,,11:41:43 08-Sep-2025,CS,B,43.9402,-59.8213,43.9402,-59.8213,6,,401677579,-138
260358,260358,UT,DS,2,0,2,49,49,12:07:14 08-Sep-2025,MB,B,43.9290,-59.8174,43.9290,-59.8174,6,,401677578,-129
260358,260358,UT,DS,2,0,2,47,47,13:00:57 08-Sep-2025,MC,B,43.9257,-59.8198,43.9257,-59.8198,8,,401677565,-119
260358,260358,UT,DS,2,0,2,191,191,13:48:19 08-Sep-2025,MB,B,43.9423,-59.8200,43.9423,-59.8200,7,,401677580,-122
260358,260358,UT,DS,10,0,10,84,47,14:36:20 08-Sep-2025,MC,2,43.9477,-59.8297,43.9477,-59.8297,58,,401677585,-120
260358,260358,UT,DS,4,0,4,50,47,14:46:11 08-Sep-2025,O3,1,43.9501,-59.8287,43.9501,-59.8287,56,,401677586,-129
260358,260358,UT,DS,2,0,2,49,49,07:37:07 09-Sep-2025,SR,B,43.9299,-59.8441,43.9299,-59.8441,,,401677570,-131
260358,260358,UT,DS,1,0,1,,,07:44:10 09-Sep-2025,CS,B,43.9320,-59.8435,43.9320,-59.8435,6,,401677566,-130
260358,260358,UT,DS,6,0,6,125,50,09:11:04 09-Sep-2025,SR,1,43.9431,-59.8154,43.9431,-59.8154,58,,401677574,-132
260358,260358,UT,DS,5,0,5,107,50,09:20:48 09-Sep-2025,CS,2,43.9481,-59.8120,43.9481,-59.8120,56,,401677574,-119
260358,260358,UT,DS,2,0,2,47,47,10:54:30 09-Sep-2025,SR,B,43.9537,-59.8124,43.9537,-59.8124,8,,401677572,-127
260358,260358,UT,DS,1,0,1,,,11:01:45 09-Sep-2025,CS,B,43.9516,-59.8103,43.9516,-59.8103,6,,401677578,-131
260358,260358,UT,DS,3,0,3,195,47,12:35:48 09-Sep-2025,MC,A,43.9378,-59.7901,43.9378,-59.7901,8,,401677576,-124
260358,260358,UT,DS,4,0,4,190,46,13:25:28 09-Sep-2025,MB,,,,,,,,401650000,
260358,260358,UT,DS,3,0,3,214,173,14:19:16 09-Sep-2025,MC,A,43.9414,-59.7901,43.9414,-59.7901,8,,401677585,-119
260358,260358,UT,DS,1,0,1,,,15:10:57 09-Sep-2025,MB,,,,,,,,401650000,
260358,260358,UT,DS,3,0,3,140,67,15:35:46 09-Sep-2025,O3,A,43.9422,-59.8008,43.9422,-59.8008,8,,401677583,-123
260358,260358,UT,DS,2,0,2,106,106,15:59:26 09-Sep-2025,MC,B,43.9410,-59.7993,43.9410,-59.7993,6,,401677584,-122
260358,260358,UT,DS,4,0,4,124,48,17:13:08 09-Sep-2025,O3,1,43.9480,-59.7860,43.9480,-59.7860,58,,401677585,-126
260358,260358,UT,DS,3,0,3,86,60,18:57:34 09-Sep-2025,CS,A,43.9458,-59.8172,43.9458,-59.8172,8,,401677583,-126
260358,260358,UT,DS,3,0,3,119,58,20:37:05 09-Sep-2025,CS,A,43.9452,-59.8064,43.9452,-59.8064,8,,401677582,-119
260358,260358,UT,DS,2,0,2,48,48,21:25:09 09-Sep-2025,SR,B,43.9410,-59.8092,43.9410,-59.8092,8,,401677583,-120
260358,260358,UT,DS,1,0,1,,,22:13:27 09-Sep-2025,CS,B,43.9401,-59.8103,43.9401,-59.8103,8,,401677583,-136
260358,260358,UT,DS,2,0,2,81,81,22:27:22 09-Sep-2025,MC,B,43.9383,-59.8099,43.9383,-59.8099,8,,401677580,-129
260358,260358,UT,DS,9,0,9,82,54,23:04:58 09-Sep-2025,SR,3,43.9442,-59.8190,43.9442,-59.8190,58,,401677581,-118
260358,260358,UT,DS,6,0,6,89,53,23:11:42 09-Sep-2025,MB,,,,,,,,401650000,
260358,260358,UT,DS,13,0,13,56,47,00:05:25 10-Sep-2025,MC,3,43.9394,-59.8092,43.9394,-59.8092,58,,401677577,-121
260358,260358,UT,DS,4,0,4,123,47,00:53:45 10-Sep-2025,MB,,,,,,,,401650000,
260358,260358,UT,DS,6,0,6,92,92,01:42:51 10-Sep-2025,MC,3,43.9433,-59.8160,43.9433,-59.8160,57,,401677599,-120
260358,260358,UT,DS,5,0,4,92,92,02:48:47 10-Sep-2025,O3,3,43.9422,-59.8134,43.9422,-59.8134,58,,401677590,-128
260358,260358,UT,DS,3,0,3,138,92,04:29:28 10-Sep-2025,O3,A,43.9417,-59.8132,43.9417,-59.8132,8,,401677581,-129
260358,260358,UT,DS,8,0,8,96,49,22:34:57 10-Sep-2025,SR,1,43.9355,-59.8053,43.9355,-59.8053,50,,401677569,-124
260358,260358,UT,DS,2,0,2,404,404,22:52:14 10-Sep-2025,MB,B,43.9323,-59.8002,43.9323,-59.8002,6,,401677574,-133
260358,260358,UT,DS,5,0,5,112,53,00:14:01 11-Sep-2025,SR,2,43.9417,-59.7896,43.9417,-59.7896,58,,401677574,-130
260358,260358,UT,DS,4,0,4,184,106,00:31:22 11-Sep-2025,MB,1,43.9432,-59.8152,43.9432,-59.8152,56,,401677574,-125
260358,260358,UT,DS,3,0,3,295,276,01:18:22 11-Sep-2025,MC,A,43.9352,-59.8372,43.9352,-59.8372,8,,401677577,-118
260358,260358,UT,DS,5,0,5,95,52,02:04:27 11-Sep-2025,O3,2,43.9391,-59.8223,43.9391,-59.8223,58,,401677577,-125
260358,260358,UT,DS,2,0,2,54,54,03:05:41 11-Sep-2025,MC,B,43.9417,-59.8341,43.9417,-59.8341,8,,401677577,-130
260358,260358,UT,DS,3,0,3,216,82,03:43:12 11-Sep-2025,O3,A,43.9333,-59.8461,43.9333,-59.8461,8,,401677579,-121
260358,260358,UT,DS,2,0,2,91,91,05:19:51 11-Sep-2025,O3,B,43.9274,-59.8605,43.9274,-59.8605,8,,401677581,-130
260358,260358,UT,DS,3,0,3,169,82,08:05:52 11-Sep-2025,CS,A,43.9300,-59.8539,43.9300,-59.8539,8,,401677579,-132
260358,260358,UT,DS,6,0,5,117,50,08:14:04 11-Sep-2025,SR,3,43.9296,-59.8520,43.9296,-59.8520,56,,401677582,-124
260358,260358,UT,DS,2,0,2,406,406,09:38:39 11-Sep-2025,CS,B,43.9302,-59.8634,43.9302,-59.8634,8,,401677580,-122
260358,260358,UT,DS,3,0,3,108,65,09:54:59 11-Sep-2025,SR,A,43.9257,-59.8683,43.9257,-59.8683,6,,401677585,-122
260358,260358,UT,DS,1,0,1,,,11:14:52 11-Sep-2025,CS,B,43.9266,-59.8660,43.9266,-59.8660,8,,401677580,-133
260358,260358,UT,DS,1,0,1,,,11:34:08 11-Sep-2025,SR,B,43.9284,-59.8675,43.9284,-59.8675,6,,401677586,-135
260358,260358,UT,DS,1,0,1,,,11:56:35 11-Sep-2025,MC,B,43.9272,-59.8711,43.9272,-59.8711,6,,401677586,-129
260358,260358,UT,DS,1,0,1,,,12:53:34 11-Sep-2025,MB,B,43.9261,-59.8709,43.9261,-59.8709,8,,401677577,-133
260358,260358,UT,DS,3,0,3,355,187,13:34:46 11-Sep-2025,MC,A,43.9179,-59.8587,43.9179,-59.8587,8,,401677584,-121
260358,260358,UT,DS,3,0,3,122,59,14:26:18 11-Sep-2025,MB,A,43.9324,-59.8590,43.9324,-59.8590,8,,401677584,-131
260358,260358,UT,DS,4,0,4,195,63,15:14:59 11-Sep-2025,MC,3,43.9299,-59.8438,43.9299,-59.8438,58,,401677585,-120
260358,260358,UT,DS,3,0,3,270,121,15:44:54 11-Sep-2025,O3,A,43.9324,-59.8527,43.9324,-59.8527,6,,401677587,-122
260358,260358,UT,DS,3,0,3,138,92,00:14:43 12-Sep-2025,MB,A,43.9320,-59.8578,43.9320,-59.8578,8,,401677581,-127
260358,260358,UT,DS,5,0,5,92,92,01:03:01 12-Sep-2025,MC,2,43.9339,-59.8490,43.9339,-59.8490,58,,401677576,-118
260358,260358,UT,DS,7,0,7,96,48,09:57:18 13-Sep-2025,CS,2,43.9310,-59.8508,43.9310,-59.8508,50,,401677558,-119
260358,260358,UT,DS,3,0,3,160,142,10:27:02 13-Sep-2025,SR,A,43.9347,-59.8489,43.9347,-59.8489,6,,401677561,-122
260358,260358,UT,DS,1,0,1,,,11:32:13 13-Sep-2025,CS,B,43.9337,-59.8509,43.9337,-59.8509,8,,401677568,-135
260358,260358,UT,DS,2,0,2,47,47,12:04:35 13-Sep-2025,MB,B,43.9323,-59.8485,43.9323,-59.8485,8,,401677568,-132
260358,260358,UT,DS,2,0,2,419,419,12:53:08 13-Sep-2025,MC,B,43.9281,-59.8557,43.9281,-59.8557,8,,401677573,-126
260358,260358,UT,DS,1,0,1,,,13:49:57 13-Sep-2025,MB,B,43.9237,-59.8557,43.9237,-59.8557,8,,401677578,-133
260358,260358,UT,DS,3,0,3,253,90,14:32:33 13-Sep-2025,MC,A,43.9192,-59.8963,43.9192,-59.8963,8,,401677577,-116
260358,260358,UT,DS,1,0,1,,,15:28:06 13-Sep-2025,MB,B,43.9173,-59.9101,43.9173,-59.9101,8,,401677570,-135
260358,260358,UT,DS,5,0,5,113,51,15:52:47 13-Sep-2025,O3,3,43.9240,-59.8592,43.9240,-59.8592,56,,401677577,-121
260358,260358,UT,DS,2,0,2,76,76,16:16:34 13-Sep-2025,MC,B,43.9164,-59.8473,43.9164,-59.8473,6,,401677574,-126
260358,260358,UT,DS,4,0,4,204,134,17:31:25 13-Sep-2025,O3,1,43.9416,-59.8495,43.9416,-59.8495,48,,401677581,-125
260358,260358,UT,DS,1,0,1,,,17:53:36 13-Sep-2025,CS,B,43.9414,-59.8493,43.9414,-59.8493,6,,401677578,-138
260358,260358,UT,DS,2,0,2,47,47,19:30:41 13-Sep-2025,CS,B,43.9395,-59.8533,43.9395,-59.8533,8,,401677573,-122
260358,260358,UT,DS,5,0,5,103,84,20:56:03 13-Sep-2025,SR,1,43.9396,-59.8500,43.9396,-59.8500,58,,401677578,-125
260358,260358,UT,DS,4,0,4,140,47,21:12:02 13-Sep-2025,CS,0,43.9355,-59.8390,43.9355,-59.8390,46,,401677574,-126
260358,260358,UT,DS,11,0,11,64,49,22:38:31 13-Sep-2025,SR,3,43.9431,-59.8175,43.9431,-59.8175,58,,401677571,-116
260358,260358,UT,DS,7,0,7,71,49,22:39:37 13-Sep-2025,MC,3,43.9431,-59.8175,43.9431,-59.8175,56,,401677571,-125
260358,260358,UT,DS,8,0,8,98,48,23:27:34 13-Sep-2025,MB,3,43.9606,-59.7779,43.9606,-59.7779,58,,401677570,-125
260358,260358,UT,DS,4,0,4,163,74,00:23:53 14-Sep-2025,MC,3,43.9457,-59.7957,43.9457,-59.7957,56,,401677573,-116
260358,260358,UT,DS,1,0,1,,,00:19:49 14-Sep-2025,SR,B,43.9682,-59.7646,43.9682,-59.7646,7,,401677584,-128
260358,260358,UT,DS,2,0,2,68,68,01:10:42 14-Sep-2025,MB,B,43.9404,-59.7971,43.9404,-59.7971,8,,401677581,-126
260358,260358,UT,DS,3,0,3,80,51,01:25:37 14-Sep-2025,O3,A,43.9383,-59.8364,43.9383,-59.8364,6,,401677573,-130
260358,260358,UT,DS,11,0,11,51,47,01:59:31 14-Sep-2025,MC,3,43.9301,-59.8538,43.9301,-59.8538,58,,401677571,-121
260358,260358,UT,DS,6,0,6,110,92,03:04:46 14-Sep-2025,O3,3,43.9336,-59.8471,43.9336,-59.8471,56,,401677595,-125
260358,260358,UT,DS,4,0,4,92,92,04:43:09 14-Sep-2025,O3,3,43.9322,-59.8501,43.9322,-59.8501,58,,401677593,-133
260358,260358,UT,DS,6,0,6,92,92,08:17:49 14-Sep-2025,SR,3,43.9337,-59.8493,43.9337,-59.8493,68,,401677586,-129
260358,260358,UT,DS,5,0,5,108,66,09:16:10 14-Sep-2025,CS,0,43.9236,-59.7944,43.9236,-59.7944,48,,401677572,-122
260358,260358,UT,DS,1,0,1,,,09:58:17 14-Sep-2025,SR,B,43.9211,-59.7823,43.9211,-59.7823,8,,401677572,-128
260358,260358,UT,DS,3,0,3,154,47,10:51:33 14-Sep-2025,CS,A,43.9264,-59.8370,43.9264,-59.8370,8,,401677574,-127
260358,260358,UT,DS,2,0,2,92,92,00:01:41 15-Sep-2025,MC,B,43.9358,-59.8761,43.9358,-59.8761,,,401677568,-124
260358,260358,UT,DS,3,0,3,250,89,00:49:27 15-Sep-2025,MB,A,43.9220,-59.8694,43.9220,-59.8694,8,,401677558,-130
260358,260358,UT,DS,2,0,2,258,258,01:38:20 15-Sep-2025,MC,B,43.9318,-59.8580,43.9318,-59.8580,8,,401677563,-117
260358,260358,UT,DS,4,0,4,114,47,02:19:19 15-Sep-2025,O3,2,43.9265,-59.8935,43.9265,-59.8935,58,,401677564,-125
260358,260358,UT,DS,4,0,4,138,86,03:59:17 15-Sep-2025,O3,3,43.9263,-59.9473,43.9263,-59.9473,58,,401677568,-118
260358,260358,UT,DS,3,0,3,63,56,05:35:02 15-Sep-2025,O3,A,43.9333,-59.9574,43.9333,-59.9574,8,,401677566,-134
260358,260358,UT,DS,4,0,4,93,47,07:44:13 15-Sep-2025,SR,1,43.9287,-59.9405,43.9287,-59.9405,58,,401677571,-125
260358,260358,UT,DS,6,0,6,85,47,08:33:02 15-Sep-2025,CS,3,43.9233,-59.9510,43.9233,-59.9510,68,,401677571,-125
260358,260358,UT,DS,2,0,2,348,348,09:21:07 15-Sep-2025,SR,B,43.9251,-59.9593,43.9251,-59.9593,8,,401677573,-132
260358,260358,UT,DS,5,0,5,71,53,10:16:12 15-Sep-2025,CS,1,43.9230,-59.9232,43.9230,-59.9232,58,,401677573,-122
260358,260358,UT,DS,3,0,3,156,73,11:09:26 15-Sep-2025,SR,A,43.9192,-59.9473,43.9192,-59.9473,8,,401677581,-128
260358,260358,UT,DS,2,0,2,89,89,11:50:09 15-Sep-2025,CS,B,43.9048,-59.9226,43.9048,-59.9226,8,,401677574,-136
260358,260358,UT,DS,1,0,1,,,12:13:31 15-Sep-2025,MC,B,43.9048,-59.9232,43.9048,-59.9232,6,,401677571,-129
260358,260358,UT,DS,3,0,3,255,48,13:06:30 15-Sep-2025,MB,A,43.9119,-59.9295,43.9119,-59.9295,7,,401677585,-129
260358,260358,UT,DS,7,0,7,63,47,00:29:23 16-Sep-2025,MB,2,43.9338,-59.8536,43.9338,-59.8536,58,,401677571,-121
260358,260358,UT,DS,6,0,6,92,92,01:17:58 16-Sep-2025,MC,1,43.9422,-59.8239,43.9422,-59.8239,47,,401677588,-120
260358,260358,UT,DS,5,0,5,92,92,03:09:54 16-Sep-2025,O3,3,43.9368,-59.8308,43.9368,-59.8308,58,,401677585,-124
260358,260358,UT,DS,4,0,4,122,92,04:49:11 16-Sep-2025,O3,2,43.9393,-59.8288,43.9393,-59.8288,58,,401677583,-130
260358,260358,UT,DS,3,0,3,138,92,07:54:35 16-Sep-2025,CS,A,43.9291,-59.8420,43.9291,-59.8420,8,,401677571,-139
260358,260358,UT,DS,6,0,6,92,92,08:48:46 16-Sep-2025,SR,2,43.9381,-59.8393,43.9381,-59.8393,58,,401677575,-129
260358,260358,UT,DS,3,0,3,295,252,00:06:10 17-Sep-2025,MB,,,,,,,,401650000,
260358,260358,UT,DS,4,0,4,101,77,01:01:27 17-Sep-2025,MC,1,43.9439,-59.7904,43.9439,-59.7904,60,,401677556,-113
260358,260358,UT,DS,2,0,2,194,194,01:46:18 17-Sep-2025,MB,,,,,,,,401650000,
260358,260358,UT,DS,4,0,4,153,53,02:25:56 17-Sep-2025,O3,2,43.9381,-59.8179,43.9381,-59.8179,58,,401677562,-127
260358,260358,UT,DS,3,0,3,237,47,02:37:13 17-Sep-2025,MC,A,43.9218,-59.8299,43.9218,-59.8299,8,,401677563,-122
260358,260358,UT,DS,6,0,6,127,51,04:06:10 17-Sep-2025,O3,3,43.9303,-59.8591,43.9303,-59.8591,58,,401677562,-119
260358,260358,UT,DS,8,0,8,80,48,08:22:42 17-Sep-2025,SR,3,43.9296,-59.8651,43.9296,-59.8651,58,,401677564,-120
260358,260358,UT,DS,1,0,1,,,08:55:54 17-Sep-2025,CS,B,43.9295,-59.8684,43.9295,-59.8684,8,,401677564,-132
260358,260358,UT,DS,6,0,6,140,46,09:57:20 17-Sep-2025,SR,3,43.9294,-59.8760,43.9294,-59.8760,58,,401677564,-121
260358,260358,UT,DS,1,0,1,,,10:29:30 17-Sep-2025,CS,B,43.9288,-59.8799,43.9288,-59.8799,8,,401677566,-122
260358,260358,UT,DS,4,0,4,157,47,12:22:02 17-Sep-2025,MB,2,43.9264,-59.8847,43.9264,-59.8847,58,,401677574,-127
260358,260358,UT,DS,3,0,3,320,46,13:09:20 17-Sep-2025,MC,A,43.9500,-59.8788,43.9500,-59.8788,7,,401677588,-120
260358,260358,UT,DS,2,0,2,315,315,14:06:24 17-Sep-2025,MB,B,43.9458,-59.8526,43.9458,-59.8526,8,,401677593,-128
260358,260358,UT,DS,1,0,1,,,14:26:32 17-Sep-2025,O3,B,43.9474,-59.8509,43.9474,-59.8509,6,,401677585,-133
260358,260358,UT,DS,3,0,3,184,91,14:54:53 17-Sep-2025,MC,A,43.9370,-59.8873,43.9370,-59.8873,6,,401677587,-121
260358,260358,UT,DS,2,0,2,680,680,16:08:36 17-Sep-2025,O3,B,43.9299,-59.8605,43.9299,-59.8605,8,,401677587,-132
260358,260358,UT,DS,1,0,1,,,16:34:30 17-Sep-2025,MC,B,43.9354,-59.8565,43.9354,-59.8565,6,,401677588,-134
260358,260358,UT,DS,7,0,7,95,47,17:45:54 17-Sep-2025,O3,3,43.9270,-59.8660,43.9270,-59.8660,58,,401677574,-124
260358,260358,UT,DS,3,0,3,143,48,18:25:09 17-Sep-2025,CS,A,43.9501,-59.8436,43.9501,-59.8436,8,,401677571,-130
260358,260358,UT,DS,1,0,1,,,00:39:37 18-Sep-2025,MC,B,43.9559,-59.7201,43.9559,-59.7201,8,,401677558,-111
260358,260358,UT,DS,1,0,1,,,10:33:44 19-Sep-2025,SR,,,,,,,,401650000,-127
260358,260358,UT,DS,1,0,1,,,14:35:08 23-Sep-2025,MC,,,,,,,,401650000,-116
260358,260358,UT,DS,1,0,1,,,16:28:52 23-Sep-2025,O3,,,,,,,,401650000,-126
260358,260358,UT,DS,1,0,1,,,10:57:07 26-Sep-2025,CS,,,,,,,,401650000,-130
260358,260358,UT,DS,3,0,3,202,50,13:30:14 26-Sep-2025,MC,A,43.5437,-61.0278,43.5437,-61.0278,,,401677580,-114
260358,260358,UT,DS,1,0,1,,,15:05:31 26-Sep-2025,MC,B,43.5554,-60.9981,43.5554,-60.9981,8,,401677536,-127
260358,260358,UT,DS,1,0,1,,,15:53:27 26-Sep-2025,O3,B,43.5010,-61.0041,43.5010,-61.0041,6,,401677575,-120
260358,260358,UT,DS,1,0,1,,,18:50:10 26-Sep-2025,CS,B,43.4552,-60.9834,43.4552,-60.9834,8,,401677572,-129
260358,260358,UT,DS,1,0,1,,,20:22:27 26-Sep-2025,CS,B,43.4328,-60.9713,43.4328,-60.9713,8,,401677571,-132
260358,260358,UT,DS,1,0,1,,,20:43:56 26-Sep-2025,SR,B,43.4630,-60.9823,43.4630,-60.9823,6,,401677560,-133
260358,260358,UT,DS,2,0,2,430,430,19:50:03 27-Sep-2025,CS,B,43.4915,-60.9547,43.4915,-60.9547,,,401677547,-122
260358,260358,UT,DS,2,0,2,359,359,14:34:17 30-Sep-2025,MB,,,,,,,,401650000,
260358,260358,UT,DS,1,0,1,,,15:10:29 01-Oct-2025,MC,,,,,,,,401650000,-124
260358,260358,UT,DS,3,0,3,191,47,20:19:56 01-Oct-2025,CS,A,43.3812,-60.8733,43.3812,-60.8733,,,401677611,-118
260358,260358,UT,DS,1,0,1,,,21:27:28 01-Oct-2025,SR,B,43.4267,-60.8352,43.4267,-60.8352,8,,401677470,-128
260358,260358,UT,DS,1,0,1,,,04:07:13 02-Oct-2025,O3,B,43.5012,-60.7869,43.5012,-60.7869,7,,401677570,-132
260358,260358,UT,DS,1,0,1,,,08:25:39 02-Oct-2025,CS,B,43.5237,-60.7358,43.5237,-60.7358,8,,401677570,-134
260358,260358,UT,DS,1,0,1,,,10:04:55 02-Oct-2025,CS,B,43.5429,-60.7518,43.5429,-60.7518,8,,401677560,-124
260358,260358,UT,DS,1,0,1,,,10:22:56 02-Oct-2025,SR,B,43.5389,-60.7673,43.5389,-60.7673,6,,401677556,-120
260358,260358,UT,DS,1,0,1,,,12:11:38 02-Oct-2025,MB,B,43.5522,-60.7107,43.5522,-60.7107,8,,401677567,-135
260358,260358,UT,DS,1,0,1,,,13:04:34 02-Oct-2025,MC,B,43.5260,-60.7512,43.5260,-60.7512,7,,401677588,-117
260358,260358,UT,DS,1,0,1,,,13:59:44 02-Oct-2025,MB,B,43.5219,-60.7526,43.5219,-60.7526,8,,401677577,-135
260358,260358,UT,DS,1,0,1,,,14:35:13 02-Oct-2025,O3,B,43.5180,-60.7466,43.5180,-60.7466,7,,401677585,-134
260358,260358,UT,DS,1,0,1,,,14:43:11 02-Oct-2025,MC,B,43.5188,-60.6892,43.5188,-60.6892,6,,401677566,-114
260358,260358,UT,DS,1,0,1,,,17:52:57 02-Oct-2025,O3,B,43.4999,-60.6861,43.4999,-60.6861,8,,401677575,-127
260358,260358,UT,DS,1,0,1,,,20:55:02 02-Oct-2025,SR,B,43.5089,-60.7137,43.5089,-60.7137,8,,401677541,-131
260358,260358,UT,DS,1,0,1,,,21:16:03 02-Oct-2025,CS,B,43.5746,-60.7348,43.5746,-60.7348,6,,401677578,-124
260358,260358,UT,DS,1,0,1,,,22:35:26 02-Oct-2025,SR,B,43.5790,-60.7374,43.5790,-60.7374,8,,401677571,-123
260358,260358,UT,DS,1,0,1,,,22:52:38 02-Oct-2025,MC,B,43.5761,-60.7346,43.5761,-60.7346,6,,401677567,-129
260358,260358,UT,DS,1,0,1,,,16:00:02 03-Oct-2025,MC,B,43.5859,-60.6495,43.5859,-60.6495,,,401677543,-130
260358,260358,UT,DS,1,0,1,,,19:00:25 03-Oct-2025,CS,B,43.6238,-60.6612,43.6238,-60.6612,8,,401677553,-133
260358,260358,UT,DS,1,0,1,,,21:56:04 03-Oct-2025,SR,B,43.6220,-60.6079,43.6220,-60.6079,8,,401677577,-131
260358,260358,UT,DS,1,0,1,,,01:04:05 04-Oct-2025,O3,B,43.6372,-60.5644,43.6372,-60.5644,,,401677579,-136
260358,260358,UT,DS,1,0,1,,,01:04:05 04-Oct-2025,MB,B,43.6417,-60.5779,43.6417,-60.5779,8,,401677586,-132
260358,260358,UT,DS,1,0,1,,,02:43:14 04-Oct-2025,O3,B,43.6312,-60.5398,43.6312,-60.5398,8,,401677574,-122
260358,260358,UT,DS,3,0,3,229,49,13:11:21 04-Oct-2025,MB,A,43.8666,-60.1700,43.8666,-60.1700,8,,401677603,-129
260358,260358,UT,DS,4,0,4,152,54,14:03:17 04-Oct-2025,MC,0,43.7217,-60.4214,43.7217,-60.4214,48,,401677531,-115
260358,260358,UT,DS,2,0,2,49,49,14:46:34 04-Oct-2025,O3,B,43.8619,-60.9297,43.8619,-60.9297,8,,401677572,-132
260358,260358,UT,DS,1,0,1,,,14:55:36 04-Oct-2025,MB,B,43.8717,-60.9616,43.8717,-60.9616,6,,401677525,-133
260358,260358,UT,DS,2,0,2,395,395,15:41:35 04-Oct-2025,MC,B,43.7379,-60.0880,52.5135,-106.7893,,,401677456,-126
260358,260358,UT,DS,1,0,1,,,18:02:17 04-Oct-2025,O3,B,43.7464,-60.0849,52.3774,-106.8369,8,,401677562,-128
260358,260358,UT,DS,1,0,1,,,18:16:46 04-Oct-2025,CS,B,43.7516,-60.0861,43.7516,-60.0861,6,,401677569,-130
260358,260358,UT,DS,1,0,1,,,19:53:25 04-Oct-2025,CS,B,43.7730,-60.0721,43.7730,-60.0721,7,,401677593,-125
260358,260358,UT,DS,3,0,3,321,297,21:28:58 04-Oct-2025,SR,A,43.8436,-59.9459,43.8436,-59.9459,7,,401677624,-130
260358,260358,UT,DS,2,0,2,343,343,21:31:20 04-Oct-2025,CS,B,43.8481,-59.9422,43.8481,-59.9422,6,,401677621,-122
260358,260358,UT,DS,5,0,5,127,46,22:55:27 04-Oct-2025,MB,1,43.9305,-59.9671,43.9305,-59.9671,57,,401677644,-131
260358,260358,UT,DS,9,0,9,87,46,23:04:47 04-Oct-2025,SR,1,43.9214,-59.9900,43.9214,-59.9900,46,,401677646,-130
260358,260358,UT,DS,4,0,4,122,92,23:44:21 04-Oct-2025,MC,1,43.9287,-59.9745,43.9287,-59.9745,58,,401677627,-124
260358,260358,UT,DS,1,0,1,,,00:38:01 05-Oct-2025,MB,B,43.9413,-59.9550,43.9413,-59.9550,8,,401677610,-125
260358,260358,UT,DS,2,0,2,92,92,01:27:05 05-Oct-2025,MC,B,43.9384,-59.9845,43.9384,-59.9845,8,,401677602,-122
260358,260358,UT,DS,7,0,7,107,92,03:34:07 05-Oct-2025,O3,1,43.9280,-59.9818,43.9280,-59.9818,58,,401677600,-120
260358,260358,UT,DS,1,0,1,,,05:14:01 05-Oct-2025,O3,B,43.9378,-59.9790,43.9378,-59.9790,8,,401677586,-136
260358,260358,UT,DS,1,0,1,,,07:12:05 05-Oct-2025,SR,B,43.9489,-59.9721,43.9489,-59.9721,8,,401677584,-139
260358,260358,UT,DS,5,0,5,114,51,16:33:27 06-Oct-2025,O3,1,43.9180,-59.9583,43.9180,-59.9583,50,,401677533,-122
260358,260358,UT,DS,1,0,1,,,16:41:20 06-Oct-2025,MC,,,,,,,,401650000,-134
260358,260358,UT,DS,5,0,5,93,50,18:08:47 06-Oct-2025,O3,1,43.9330,-59.9843,43.9330,-59.9843,57,,401677554,-126
260358,260358,UT,DS,7,0,7,92,92,20:11:06 06-Oct-2025,CS,2,43.9293,-59.9668,43.9293,-59.9668,58,,401677564,-124
260358,260358,UT,DS,5,0,5,92,92,22:06:06 06-Oct-2025,SR,3,43.9268,-59.9762,43.9268,-59.9762,58,,401677563,-125
260358,260358,UT,DS,1,0,1,,,23:07:26 06-Oct-2025,MC,B,43.9287,-59.9771,43.9287,-59.9771,8,,401677559,-131
260358,260358,UT,DS,4,0,4,92,92,23:43:28 06-Oct-2025,SR,3,43.9252,-59.9707,43.9252,-59.9707,58,,401677560,-127
260358,260358,UT,DS,3,0,3,138,92,23:58:02 06-Oct-2025,MB,A,43.9254,-59.9832,43.9254,-59.9832,6,,401677560,-128
260358,260358,UT,DS,4,0,4,184,92,00:42:30 07-Oct-2025,MC,2,43.9255,-59.9779,43.9255,-59.9779,68,,401677563,-121
260358,260358,UT,DS,2,0,2,547,547,08:57:56 08-Oct-2025,SR,B,43.8843,-59.9297,,,,,401650000,-126
260358,260358,UT,DS,4,0,4,197,75,09:13:14 08-Oct-2025,CS,2,43.9269,-59.9894,43.9269,-59.9894,56,,401677561,-120
260358,260358,UT,DS,4,0,4,165,61,10:27:47 08-Oct-2025,SR,1,43.9287,-59.9945,43.9287,-59.9945,58,,401677568,-125
260358,260358,UT,DS,1,0,1,,,10:51:09 08-Oct-2025,CS,B,43.9283,-59.9949,43.9283,-59.9949,6,,401677571,-126
260358,260358,UT,DS,2,0,2,55,55,12:41:46 08-Oct-2025,MC,B,43.9481,-60.0442,43.9481,-60.0442,8,,401677588,-121
260358,260358,UT,DS,4,0,4,168,47,13:31:10 08-Oct-2025,MB,0,43.9462,-60.1050,43.9462,-60.1050,48,,401677584,-126
260358,260358,UT,DS,11,0,11,77,48,14:15:36 08-Oct-2025,MC,2,43.9277,-60.0187,43.9277,-60.0187,58,,401677585,-113
260358,260358,UT,DS,2,0,2,47,47,15:01:23 08-Oct-2025,O3,B,43.9476,-60.0233,43.9476,-60.0233,7,,401677598,-126
260358,260358,UT,DS,2,0,2,219,219,16:00:14 08-Oct-2025,MC,B,43.9442,-60.0484,43.9442,-60.0484,8,,401677579,-127
260358,260358,UT,DS,2,0,2,492,492,16:38:23 08-Oct-2025,O3,B,43.9060,-60.0241,43.9060,-60.0241,7,,401677590,-126
260358,260358,UT,DS,2,0,2,48,48,18:20:09 08-Oct-2025,O3,B,43.9140,-59.9922,43.9140,-59.9922,8,,401677574,-135
260358,260358,UT,DS,2,0,2,171,171,18:51:42 08-Oct-2025,CS,B,43.9258,-60.0133,43.9258,-60.0133,7,,401677585,-131
260358,260358,UT,DS,2,0,2,395,395,20:26:58 08-Oct-2025,CS,B,43.9390,-60.0111,43.9390,-60.0111,8,,401677575,-125
260358,260358,UT,DS,3,0,3,227,101,21:01:31 08-Oct-2025,SR,A,43.9309,-60.0433,,,8,,401677578,-126
260358,260358,UT,DS,5,0,5,91,47,22:06:53 08-Oct-2025,CS,1,43.9300,-60.0348,43.9300,-60.0348,58,,401677575,-131
260358,260358,UT,DS,5,0,5,125,47,22:40:53 08-Oct-2025,SR,2,43.9269,-60.0266,43.9269,-60.0266,58,,401677575,-127
260358,260358,UT,DS,2,0,2,408,408,23:11:36 08-Oct-2025,MB,B,43.9330,-60.0458,43.9330,-60.0458,8,,401677576,-132
260358,260358,UT,DS,5,0,5,124,69,00:04:56 09-Oct-2025,MC,3,43.9330,-60.0402,43.9330,-60.0402,58,,401677575,-115
260358,260358,UT,DS,5,0,5,98,55,00:21:30 09-Oct-2025,SR,0,43.9456,-60.0240,43.9456,-60.0240,46,,401677582,-131
260358,260358,UT,DS,1,0,1,,,00:55:32 09-Oct-2025,MB,B,43.9428,-60.0254,43.9428,-60.0254,8,,401677567,-126
260358,260358,UT,DS,2,0,2,680,680,01:40:10 09-Oct-2025,MC,B,43.9406,-60.0202,43.9406,-60.0202,7,,401677578,-126
260358,260358,UT,DS,2,0,2,229,229,02:13:05 09-Oct-2025,O3,B,43.9316,-60.0232,43.9316,-60.0232,8,,401677577,-130
260358,260358,UT,DS,2,0,2,214,214,03:49:36 09-Oct-2025,O3,B,43.9276,-60.0219,43.9276,-60.0219,8,,401677580,-119
260358,260358,UT,DS,1,0,1,,,05:26:53 09-Oct-2025,O3,B,43.9212,-60.0266,43.9212,-60.0266,8,,401677582,-134
260358,260358,UT,DS,3,0,3,205,47,08:20:43 09-Oct-2025,SR,A,43.9208,-60.0047,43.9208,-60.0047,8,,401677580,-126
260358,260358,UT,DS,1,0,1,,,08:37:01 09-Oct-2025,CS,B,43.9211,-60.0044,43.9211,-60.0044,6,,401677579,-130
260358,260358,UT,DS,7,0,7,74,47,09:58:32 09-Oct-2025,SR,3,43.9274,-60.0035,43.9274,-60.0035,58,,401677579,-118
260358,260358,UT,DS,6,0,6,112,51,10:10:25 09-Oct-2025,CS,2,43.9291,-59.9944,43.9291,-59.9944,56,,401677580,-122
260358,260358,UT,DS,1,0,1,,,11:41:51 09-Oct-2025,SR,B,43.9263,-59.9946,43.9263,-59.9946,8,,401677576,-138
260358,260358,UT,DS,1,0,1,,,11:48:45 09-Oct-2025,CS,B,43.9254,-59.9965,43.9254,-59.9965,6,,401677580,-132
260358,260358,UT,DS,3,0,3,211,58,12:17:31 09-Oct-2025,MC,A,43.9189,-60.0278,43.9189,-60.0278,6,,401677576,-124
260358,260358,UT,DS,2,0,2,53,53,13:11:50 09-Oct-2025,MB,B,43.9240,-60.0185,43.9240,-60.0185,8,,401677576,-123
260358,260358,UT,DS,2,0,2,734,734,13:55:05 09-Oct-2025,MC,B,43.9265,-60.0181,,,8,,401677585,-125
260358,260358,UT,DS,2,0,2,91,91,14:53:59 09-Oct-2025,MB,B,43.8651,-59.9895,43.8651,-59.9895,8,,401677549,-129
260358,260358,UT,DS,9,0,9,52,47,15:37:34 09-Oct-2025,MC,2,43.9304,-59.9989,43.9304,-59.9989,56,,401677574,-129
260358,260358,UT,DS,10,0,10,52,47,15:52:08 09-Oct-2025,O3,2,43.9290,-60.0158,43.9290,-60.0158,46,,401677574,-123
260358,260358,UT,DS,1,0,1,,,13:34:08 10-Oct-2025,MC,,,,,,,,401650000,
260358,260358,UT,DS,1,0,1,,,14:35:09 10-Oct-2025,MB,B,43.7957,-59.9450,43.7957,-59.9450,,,401677609,-132
260358,260358,UT,DS,1,0,1,,,15:09:55 10-Oct-2025,O3,B,43.8592,-59.8881,43.8592,-59.8881,8,,401677627,-128
260358,260358,UT,DS,1,0,1,,,15:18:11 10-Oct-2025,MC,,,,,,,,401650000,
260358,260358,UT,DS,1,0,1,,,16:46:10 10-Oct-2025,O3,B,43.6952,-59.9465,43.6952,-59.9465,8,,401677568,-118
260358,260358,UT,DS,1,0,1,,,18:24:34 10-Oct-2025,O3,B,43.6410,-59.9672,43.6410,-59.9672,8,,401677529,-131
260358,260358,UT,DS,1,0,1,,,22:27:11 10-Oct-2025,CS,B,43.6243,-59.9407,43.6243,-59.9407,7,,401677595,-136
260358,260358,UT,DS,1,0,1,,,05:37:59 11-Oct-2025,O3,B,43.5887,-59.9936,43.5887,-59.9936,8,,401677592,-130
260358,260358,UT,DS,1,0,1,,,07:18:01 11-Oct-2025,SR,B,43.5249,-60.1511,43.5249,-60.1511,6,,401677637,-132
260358,260358,UT,DS,2,0,2,50,50,08:50:37 11-Oct-2025,CS,B,43.7349,-60.3498,43.7349,-60.3498,8,,401677617,-123
260358,260358,UT,DS,2,0,2,592,592,08:51:02 11-Oct-2025,SR,B,43.7325,-60.3849,43.7325,-60.3849,6,,401677587,-136
260358,260358,UT,DS,1,0,1,,,10:29:59 11-Oct-2025,CS,B,43.7154,-60.3397,43.7154,-60.3397,6,,401677622,-121
260358,260358,UT,DS,2,0,2,49,49,10:38:22 11-Oct-2025,SR,B,43.5613,-59.8220,43.5613,-59.8220,6,,401677578,-130
260358,260358,UT,DS,1,0,1,,,13:17:56 11-Oct-2025,MC,B,43.6002,-59.9919,43.6002,-59.9919,8,,401677525,-120
260358,260358,UT,DS,2,0,2,577,577,14:05:46 11-Oct-2025,MB,B,43.6132,-60.4017,46.3039,-76.5294,,,401677573,-128
260358,260358,UT,DS,3,0,3,268,47,15:59:10 11-Oct-2025,O3,A,43.3693,-60.3960,43.3693,-60.3960,8,,401677526,-131
260358,260358,UT,DS,1,0,1,,,17:38:55 11-Oct-2025,O3,B,43.4017,-60.3430,43.4017,-60.3430,8,,401677418,-125
260358,260358,UT,DS,1,0,1,,,18:24:59 11-Oct-2025,CS,B,43.5734,-60.3996,43.5734,-60.3996,4,,401677569,-133
260358,260358,UT,DS,1,0,1,,,20:01:31 11-Oct-2025,CS,B,43.6047,-60.4335,43.6047,-60.4335,8,,401677536,-118
260358,260358,UT,DS,1,0,1,,,21:06:50 11-Oct-2025,SR,B,43.5974,-60.4432,43.5974,-60.4432,6,,401677597,-130
260358,260358,UT,DS,2,0,2,59,59,21:41:04 11-Oct-2025,CS,B,43.5840,-60.2102,43.5840,-60.2102,8,,401677586,-126
260358,260358,UT,DS,2,0,2,434,434,22:43:14 11-Oct-2025,SR,B,43.5781,-60.0910,43.5781,-60.0910,6,,401677597,-127
260358,260358,UT,DS,3,0,3,190,47,23:57:48 11-Oct-2025,MB,A,43.4350,-60.4382,43.4350,-60.4382,7,,401677623,-127
260358,260358,UT,DS,2,0,2,48,48,00:23:30 12-Oct-2025,SR,B,43.3615,-60.3868,,,6,,401677605,-132
260358,260358,UT,DS,1,0,1,,,00:38:09 12-Oct-2025,MC,B,43.4242,-60.2194,43.4242,-60.2194,6,,401677597,-124
260358,260358,UT,DS,1,0,1,,,01:37:30 12-Oct-2025,O3,B,43.4223,-60.2907,,,5,,401677670,-135
260358,260358,UT,DS,2,0,2,323,323,02:18:44 12-Oct-2025,MC,B,43.4066,-60.3099,43.4066,-60.3099,8,,401677624,-122
260358,260358,UT,DS,1,0,1,,,03:16:46 12-Oct-2025,O3,B,43.3970,-60.3064,43.3970,-60.3064,8,,401677608,-132
260358,260358,UT,DS,1,0,1,,,09:52:53 12-Oct-2025,CS,B,43.3456,-60.3097,43.3456,-60.3097,8,,401677560,-137
260358,260358,UT,DS,1,0,1,,,10:04:48 12-Oct-2025,SR,B,43.5125,-60.3501,43.5125,-60.3501,6,,401677576,-121
260358,260358,UT,DS,2,0,2,725,725,16:53:31 12-Oct-2025,O3,B,43.6219,-60.9916,43.6219,-60.9916,8,,401677575,-132
260358,260358,UT,DS,1,0,1,,,20:36:20 12-Oct-2025,SR,B,43.5978,-61.0991,43.5978,-61.0991,8,,401677577,-137
260358,260358,UT,DS,2,0,2,392,392,20:58:09 12-Oct-2025,CS,B,43.6559,-61.0273,43.6559,-61.0273,6,,401677526,-119
260358,260358,UT,DS,3,0,3,205,46,22:14:16 12-Oct-2025,SR,A,43.4606,-60.7085,43.4606,-60.7085,6,,401677556,-119
260358,260358,UT,DS,2,0,2,64,64,22:45:17 12-Oct-2025,MC,B,43.4370,-60.6847,43.4370,-60.6847,5,,401677625,-130
260358,260358,UT,DS,1,0,1,,,00:25:31 13-Oct-2025,MC,B,43.1234,-60.5938,43.1234,-60.5938,6,,401677669,-118
260358,260358,UT,DS,1,0,1,,,02:06:10 13-Oct-2025,MC,B,43.1249,-60.5896,43.1249,-60.5896,8,,401677673,-129
260358,260358,UT,DS,1,0,1,,,05:44:27 13-Oct-2025,O3,B,43.2955,-60.6661,43.2955,-60.6661,8,,401677685,-138
260358,260358,UT,DS,1,0,1,,,07:24:48 13-Oct-2025,CS,B,43.4460,-60.7498,43.4460,-60.7498,8,,401677572,-135
260358,260358,UT,DS,2,0,2,371,371,09:06:19 13-Oct-2025,CS,B,43.4026,-60.6961,43.4026,-60.6961,8,,401677549,-121
260358,260358,UT,DS,1,0,1,,,09:31:18 13-Oct-2025,SR,B,43.4884,-60.6093,43.4884,-60.6093,6,,401677602,-116
260358,260358,UT,DS,1,0,1,,,10:43:45 13-Oct-2025,CS,B,43.4868,-60.5510,43.4868,-60.5510,8,,401677574,-123
260358,260358,UT,DS,2,0,2,48,48,11:09:43 13-Oct-2025,SR,B,43.7343,-60.2305,43.7343,-60.2305,8,,401677548,-130
260358,260358,UT,DS,1,0,1,,,12:34:09 13-Oct-2025,MC,B,43.7686,-60.1060,43.7686,-60.1060,8,,401677556,-125
260358,260358,UT,DS,1,0,1,,,13:28:27 13-Oct-2025,MB,B,43.7463,-60.1147,43.7463,-60.1147,4,,401677701,-125
260358,260358,UT,DS,2,0,2,49,49,14:15:16 13-Oct-2025,MC,B,43.3227,-60.4445,43.3227,-60.4445,8,,401677569,-117
260358,260358,UT,DS,1,0,1,,,14:28:14 13-Oct-2025,O3,B,43.3238,-60.3703,43.3238,-60.3703,6,,401677496,-134
260358,260358,UT,DS,1,0,1,,,15:53:06 13-Oct-2025,MC,B,43.1407,-60.4813,43.1407,-60.4813,5,,401677585,-134
260358,260358,UT,DS,1,0,1,,,17:41:39 13-Oct-2025,O3,B,42.8666,-60.5636,42.8666,-60.5636,8,,401677570,-133
260358,260358,UT,DS,1,0,1,,,20:16:34 13-Oct-2025,CS,B,43.0504,-60.4081,43.0504,-60.4081,5,,401677738,-132
260358,260358,UT,DS,1,0,1,,,21:39:28 13-Oct-2025,SR,B,43.1585,-60.7673,43.1585,-60.7673,8,,401677495,-124
260358,260358,UT,DS,1,0,1,,,11:41:42 14-Oct-2025,CS,B,42.9463,-61.3648,42.9463,-61.3648,,,401677254,-132
260358,260358,UT,DS,1,0,1,,,22:52:34 14-Oct-2025,SR,B,42.8245,-61.2764,42.8245,-61.2764,8,,401677303,-121
260358,260358,UT,DS,1,0,1,,,14:57:39 16-Oct-2025,MC,,,,,,,,401650000,-120
260358,260358,UT,DS,1,0,1,,,15:24:14 16-Oct-2025,O3,,,,,,,,401650000,-137
260358,260358,UT,DS,1,0,1,,,16:36:52 16-Oct-2025,MC,,,,,,,,401650000,-130
260358,260358,UT,DS,2,0,2,53,53,17:10:52 16-Oct-2025,O3,B,43.3516,-59.8552,43.3516,-59.8552,,,401677447,-121
260358,260358,UT,DS,2,0,2,380,380,19:55:47 16-Oct-2025,CS,B,43.4204,-60.4468,43.4204,-60.4468,5,,401677650,-121
260358,260358,UT,DS,3,0,3,187,52,21:35:24 16-Oct-2025,CS,A,43.3658,-61.0092,43.3658,-61.0092,8,,401677650,-125
260358,260358,UT,DS,2,0,2,52,52,21:43:49 16-Oct-2025,SR,B,43.3556,-61.0393,43.3556,-61.0393,6,,401677573,-122
260358,260358,UT,DS,2,0,2,58,58,23:00:03 16-Oct-2025,MC,B,43.3609,-61.1984,43.3609,-61.1984,8,,401677577,-126
260358,260358,UT,DS,1,0,1,,,23:23:48 16-Oct-2025,SR,B,43.3987,-61.1988,43.3987,-61.1988,6,,401677447,-122
260358,260358,UT,DS,2,0,2,656,656,23:46:49 16-Oct-2025,MB,B,43.3870,-60.6091,43.3870,-60.6091,6,,401677610,-132
260358,260358,UT,DS,2,0,2,53,53,00:42:50 17-Oct-2025,MC,B,43.3726,-60.5997,43.3726,-60.5997,6,,401677644,-114
260358,260358,UT,DS,2,0,2,57,57,01:05:26 17-Oct-2025,O3,B,43.2100,-60.9289,43.2100,-60.9289,6,,401677669,-136
260358,260358,UT,DS,2,0,2,53,53,01:28:38 17-Oct-2025,MB,B,43.5257,-61.1609,43.5257,-61.1609,6,,401677535,-130
260358,260358,UT,DS,4,0,4,142,51,02:14:43 17-Oct-2025,MC,0,43.4884,-60.7419,36.1525,-97.9754,40,,401677619,-117
260358,260358,UT,DS,4,0,4,133,52,02:43:07 17-Oct-2025,O3,0,43.5461,-60.8510,43.5461,-60.8510,46,,401677593,-127
260358,260358,UT,DS,4,0,4,136,47,04:21:50 17-Oct-2025,O3,0,43.5362,-60.8323,43.5362,-60.8323,48,,401677608,-122
260358,260358,UT,DS,1,0,1,,,07:30:41 17-Oct-2025,SR,B,43.5237,-60.7893,43.5237,-60.7893,8,,401677565,-137
260358,260358,UT,DS,1,0,1,,,07:55:20 17-Oct-2025,CS,B,43.5168,-60.7772,43.5168,-60.7772,6,,401677578,-134
260358,260358,UT,DS,2,0,2,48,48,09:03:30 17-Oct-2025,SR,B,43.5697,-60.8021,43.5697,-60.8021,8,,401677551,-131
260358,260358,UT,DS,2,0,2,553,553,09:37:02 17-Oct-2025,CS,B,43.5295,-60.8918,43.5295,-60.8918,6,,401677572,-133
260358,260358,UT,DS,1,0,1,,,10:45:52 17-Oct-2025,SR,B,43.5194,-60.9442,43.5194,-60.9442,8,,401677583,-130
260358,260358,UT,DS,2,0,2,48,48,11:14:48 17-Oct-2025,CS,B,43.3643,-60.5976,43.3643,-60.5976,6,,401677554,-125
260358,260358,UT,DS,1,0,1,,,12:58:47 17-Oct-2025,MC,B,43.3463,-60.6773,43.3463,-60.6773,8,,401677543,-127
260358,260358,UT,DS,2,0,2,52,52,14:34:40 17-Oct-2025,MC,B,43.4713,-60.6862,43.4713,-60.6862,8,,401677563,-114
260358,260358,UT,DS,1,0,1,,,14:43:50 17-Oct-2025,O3,B,43.4701,-60.7092,43.4701,-60.7092,6,,401677550,-136
260358,260358,UT,DS,1,0,1,,,15:25:14 17-Oct-2025,MB,B,43.4742,-60.7564,43.4742,-60.7564,6,,401677583,-130
260358,260358,UT,DS,2,0,2,57,57,16:16:05 17-Oct-2025,MC,B,43.5768,-60.4021,43.5768,-60.4021,5,,401677644,-124
260358,260358,UT,DS,2,0,2,47,47,16:26:50 17-Oct-2025,O3,B,43.5627,-60.4056,43.5627,-60.4056,6,,401677641,-125
260358,260358,UT,DS,1,0,1,,,17:59:30 17-Oct-2025,O3,B,43.6089,-60.3297,43.6089,-60.3297,6,,401677723,-126
260358,260358,UT,DS,2,0,2,46,46,19:18:40 17-Oct-2025,CS,B,43.6186,-60.1837,43.6186,-60.1837,8,,401677676,-138
260358,260358,UT,DS,4,0,4,251,51,20:50:26 17-Oct-2025,CS,0,43.5355,-60.8022,43.5355,-60.8022,48,,401677587,-130
260358,260358,UT,DS,3,0,3,268,268,21:15:00 17-Oct-2025,SR,A,43.5474,-60.7066,43.5474,-60.7066,6,,401677603,-124
260358,260358,UT,DS,1,0,1,,,22:40:17 17-Oct-2025,MC,B,43.5564,-60.8001,43.5564,-60.8001,8,,401677600,-126
260358,260358,UT,DS,2,0,2,355,355,00:18:12 18-Oct-2025,MC,B,43.5301,-60.8936,43.5301,-60.8936,8,,401677591,-124
260358,260358,UT,DS,2,0,2,285,285,00:32:20 18-Oct-2025,SR,B,43.5330,-60.8574,43.5330,-60.8574,6,,401677587,-131
260358,260358,UT,DS,1,0,1,,,01:08:46 18-Oct-2025,MB,B,43.5315,-60.8969,43.5315,-60.8969,8,,401677581,-126
260358,260358,UT,DS,1,0,1,,,01:59:38 18-Oct-2025,O3,B,43.5290,-60.8498,43.5290,-60.8498,,,401677594,-130
260358,260358,UT,DS,2,0,2,315,315,01:59:38 18-Oct-2025,MC,B,43.5250,-60.8945,43.5250,-60.8945,6,,401677618,-114
260358,260358,UT,DS,2,0,2,399,399,03:38:20 18-Oct-2025,O3,B,43.5135,-60.8216,43.5135,-60.8216,7,,401677616,-118
260358,260358,UT,DS,2,0,2,331,331,05:15:48 18-Oct-2025,O3,B,43.5148,-60.8106,43.5148,-60.8106,8,,401677623,-130
260358,260358,UT,DS,2,0,2,54,54,08:34:41 18-Oct-2025,SR,B,43.4451,-60.8418,,,8,,401677588,-121
260358,260358,UT,DS,2,0,2,58,58,08:58:07 18-Oct-2025,CS,B,43.5243,-61.0376,,,6,,401677511,-130
260358,260358,UT,DS,2,0,2,593,593,10:09:19 18-Oct-2025,SR,B,43.5156,-60.7258,43.5156,-60.7258,5,,401677589,-129
260358,260358,UT,DS,1,0,1,,,13:34:11 18-Oct-2025,MB,B,43.4864,-60.4929,,,8,,401677578,-130
260358,260358,UT,DS,2,0,2,50,50,15:41:29 18-Oct-2025,O3,B,43.5950,-60.3779,43.5950,-60.3779,6,,401677671,-125
260358,260358,UT,DS,1,0,1,,,15:52:43 18-Oct-2025,MC,B,43.5947,-60.3858,43.5947,-60.3858,6,,401677707,-122
260358,260358,UT,DS,2,0,2,46,46,17:14:56 18-Oct-2025,O3,B,43.3462,-60.3128,43.3462,-60.3128,8,,401677681,-122
260358,260358,UT,DS,1,0,1,,,18:29:28 18-Oct-2025,CS,B,43.2864,-60.2443,43.2864,-60.2443,8,,401677676,-141
260358,260358,UT,DS,1,0,1,,,18:55:02 18-Oct-2025,O3,B,43.4035,-60.4105,43.4035,-60.4105,6,,401677615,-137
260358,260358,UT,DS,1,0,1,,,20:16:01 18-Oct-2025,CS,B,43.3253,-60.3162,43.3253,-60.3162,8,,401677609,-134
260358,260358,UT,DS,2,0,2,346,346,20:43:12 18-Oct-2025,SR,B,43.5506,-60.7613,43.5506,-60.7613,6,,401677597,-127
260358,260358,UT,DS,3,0,3,170,48,21:49:25 18-Oct-2025,CS,A,43.3902,-60.7602,43.3902,-60.7602,6,,401677626,-126
260358,260358,UT,DS,1,0,1,,,22:19:14 18-Oct-2025,MC,B,43.3900,-60.7600,43.3900,-60.7600,6,,401677624,-134
260358,260358,UT,DS,1,0,1,,,22:19:14 18-Oct-2025,SR,B,43.3962,-60.7636,43.3962,-60.7636,6,,401677560,-125
260358,260358,UT,DS,1,0,1,,,23:16:20 18-Oct-2025,MB,B,43.3075,-60.7128,43.3075,-60.7128,8,,401677610,-134
260358,260358,UT,DS,1,0,1,,,23:56:48 18-Oct-2025,SR,B,43.2583,-60.6856,43.2583,-60.6856,8,,401677608,-130
260358,260358,UT,DS,1,0,1,,,23:56:48 18-Oct-2025,MC,B,43.4640,-60.7736,43.4640,-60.7736,,,401677660,-124
260358,260358,UT,DS,4,0,4,218,51,00:46:25 19-Oct-2025,MB,0,43.4928,-60.8727,43.4928,-60.8727,48,,401677616,-135
260358,260358,UT,DS,2,0,2,622,622,01:34:32 19-Oct-2025,MC,B,43.4616,-60.8366,43.4616,-60.8366,8,,401677602,-120
260358,260358,UT,DS,2,0,2,241,241,02:50:32 19-Oct-2025,O3,B,43.4940,-60.7629,43.4940,-60.7629,7,,401677619,-124
260358,260358,UT,DS,1,0,1,,,04:30:28 19-Oct-2025,O3,B,43.4878,-60.7811,43.4878,-60.7811,8,,401677591,-124
260358,260358,UT,DS,2,0,2,51,51,07:59:53 19-Oct-2025,SR,B,43.6016,-61.0248,43.6016,-61.0248,8,,401677549,-135
260358,260358,UT,DS,1,0,1,,,09:41:07 19-Oct-2025,SR,B,43.5514,-61.0467,43.5514,-61.0467,8,,401677537,-118
260358,260358,UT,DS,2,0,2,610,610,09:53:46 19-Oct-2025,CS,B,43.5450,-60.8226,43.5450,-60.8226,6,,401677587,-131
260358,260358,UT,DS,1,0,1,,,11:22:58 19-Oct-2025,SR,B,43.5239,-60.8306,43.5239,-60.8306,8,,401677582,-135
260358,260358,UT,DS,1,0,1,,,13:04:21 19-Oct-2025,MB,B,43.5188,-60.8398,43.5188,-60.8398,8,,401677570,-126
260358,260358,UT,DS,2,0,2,482,482,13:50:16 19-Oct-2025,MC,B,43.5505,-61.0054,43.5505,-61.0054,7,,401677584,-118
260358,260358,UT,DS,1,0,1,,,14:50:26 19-Oct-2025,MB,B,43.5448,-61.0818,43.5448,-61.0818,7,,401677597,-129
260358,260358,UT,DS,1,0,1,,,14:51:20 19-Oct-2025,O3,B,43.5365,-61.0868,43.5365,-61.0868,6,,401677621,-130
260358,260358,UT,DS,1,0,1,,,15:32:08 19-Oct-2025,MC,B,43.5827,-61.0533,43.5827,-61.0533,8,,401677551,-129
260358,260358,UT,DS,1,0,1,,,16:31:54 19-Oct-2025,O3,B,43.5406,-61.0966,43.5406,-61.0966,8,,401677564,-119
260358,260358,UT,DS,2,0,2,358,358,18:07:36 19-Oct-2025,O3,B,43.4487,-61.0275,43.4487,-61.0275,8,,401677570,-127
260358,260358,UT,DS,1,0,1,,,19:31:00 19-Oct-2025,CS,B,43.4435,-61.0212,43.4435,-61.0212,8,,401677556,-125
260358,260358,UT,DS,1,0,1,,,21:02:56 19-Oct-2025,CS,B,43.4037,-61.0628,43.4037,-61.0628,8,,401677557,-131
260358,260358,UT,DS,1,0,1,,,23:34:25 19-Oct-2025,SR,B,43.3622,-61.0840,43.3622,-61.0840,8,,401677569,-130
260358,260358,UT,DS,2,0,2,48,48,07:32:38 20-Oct-2025,SR,B,43.3426,-61.1507,43.3426,-61.1507,6,,401677579,-127
260358,260358,UT,DS,1,0,1,,,07:32:14 20-Oct-2025,CS,B,43.2829,-61.1925,43.2829,-61.1925,8,,401677555,-132
260358,260358,UT,DS,1,0,1,,,10:12:02 21-Oct-2025,SR,,,,,,,,401650000,-132
260358,260358,UT,DS,1,0,1,,,14:08:06 21-Oct-2025,MB,,,,,,,,401650000,-128
260358,260358,UT,DS,1,0,1,,,14:59:58 21-Oct-2025,O3,,,,,,,,401650000,-129
260358,260358,UT,DS,2,0,2,488,488,16:40:09 21-Oct-2025,O3,B,43.6309,-61.0866,43.6309,-61.0866,,,401677575,-122
260358,260358,UT,DS,1,0,1,,,18:08:09 21-Oct-2025,CS,B,43.5590,-60.6459,,,8,,401677529,-133
260358,260358,UT,DS,1,0,1,,,09:49:34 22-Oct-2025,SR,B,43.2254,-59.4081,43.2254,-59.4081,,,401677512,-133
260358,260358,UT,DS,1,0,1,,,04:47:08 23-Oct-2025,O3,B,43.1875,-59.4500,43.1875,-59.4500,,,401677506,-131
260358,260358,UT,DS,1,0,1,,,07:30:46 23-Oct-2025,SR,B,43.5416,-60.2498,43.5416,-60.2498,6,,401677587,-136
260358,260358,UT,DS,2,0,2,55,55,09:13:58 23-Oct-2025,SR,B,43.5080,-60.5165,43.5080,-60.5165,6,,401677640,-116
260358,260358,UT,DS,1,0,1,,,23:51:36 23-Oct-2025,MC,B,43.7461,-61.8786,43.7461,-61.8786,,,401677621,-121
260358,260358,UT,DS,2,0,2,47,47,04:00:24 24-Oct-2025,O3,B,43.5429,-61.7036,43.5429,-61.7036,6,,401677735,-124
260358,260358,UT,DS,2,0,2,335,335,08:07:00 24-Oct-2025,CS,B,43.5219,-60.5345,43.5219,-60.5345,8,,401677604,-129
260358,260358,UT,DS,1,0,1,,,23:14:04 25-Oct-2025,MC,,,,,,,,401650000,-122
260358,260358,UT,DS,2,0,2,66,66,07:39:35 27-Oct-2025,CS,B,43.2402,-60.4581,43.2402,-60.4581,,,401677476,-132
260358,260358,UT,DS,1,0,1,,,08:40:45 27-Oct-2025,SR,B,43.3308,-60.5895,43.3308,-60.5895,4,,401677637,-131
260358,260358,UT,DS,3,0,3,248,52,10:21:48 27-Oct-2025,SR,A,43.3506,-60.5201,43.3506,-60.5201,8,,401677632,-125
260358,260358,UT,DS,1,0,1,,,10:59:28 27-Oct-2025,CS,B,43.4118,-60.5060,43.4118,-60.5060,8,,401677494,-126
260358,260358,UT,DS,3,0,3,264,55,12:43:35 27-Oct-2025,MC,A,43.3616,-60.5532,43.3616,-60.5532,6,,401677526,-120
260358,260358,UT,DS,2,0,2,587,587,13:37:30 27-Oct-2025,MB,B,43.3833,-60.5908,43.3833,-60.5908,6,,401677587,-130
260358,260358,UT,DS,2,0,2,583,583,14:24:12 27-Oct-2025,MC,B,43.4111,-60.4732,43.4111,-60.4732,8,,401677560,-120
260358,260358,UT,DS,2,0,2,58,58,15:21:46 27-Oct-2025,O3,B,43.3704,-60.5293,43.3704,-60.5293,8,,401677464,-124
260358,260358,UT,DS,2,0,2,50,50,17:03:29 27-Oct-2025,O3,B,43.6124,-60.5147,43.6124,-60.5147,5,,401677616,-125
260358,260358,UT,DS,1,0,1,,,18:40:35 27-Oct-2025,O3,B,43.6862,-60.5077,43.6862,-60.5077,8,,401677624,-128
260358,260358,UT,DS,1,0,1,,,18:57:04 27-Oct-2025,CS,B,43.6684,-60.4192,43.6684,-60.4192,8,,401677560,-135
260358,260358,UT,DS,1,0,1,,,20:32:01 27-Oct-2025,CS,B,43.7339,-60.3880,43.7339,-60.3880,8,,401677556,-126
260358,260358,UT,DS,2,0,2,302,302,20:57:17 27-Oct-2025,SR,B,43.5774,-60.4211,43.5774,-60.4211,6,,401677602,-130
260358,260358,UT,DS,3,0,3,161,61,22:12:45 27-Oct-2025,CS,A,43.7488,-60.6142,43.7488,-60.6142,8,,401677516,-131
260358,260358,UT,DS,3,0,3,176,56,22:37:36 27-Oct-2025,SR,A,43.6184,-60.5496,43.6184,-60.5496,6,,401677621,-121
260358,260358,UT,DS,1,0,1,,,23:27:37 27-Oct-2025,MB,B,43.6606,-60.5510,43.6606,-60.5510,8,,401677552,-132
260358,260358,UT,DS,3,0,3,162,63,00:11:22 28-Oct-2025,MC,A,43.4729,-60.6833,43.4729,-60.6833,6,,401677620,-119
260358,260358,UT,DS,4,0,4,129,61,00:10:51 28-Oct-2025,SR,0,43.5240,-60.5435,43.5240,-60.5435,46,,401677591,-126
260358,260358,UT,DS,1,0,1,,,01:10:51 28-Oct-2025,MB,B,43.4611,-60.6956,43.4611,-60.6956,8,,401677610,-130
260358,260358,UT,DS,4,0,4,230,48,01:45:44 28-Oct-2025,MC,0,43.5444,-60.5929,43.5444,-60.5929,48,,401677599,-112
260358,260358,UT,DS,4,0,4,126,49,02:33:57 28-Oct-2025,O3,0,43.5267,-60.5288,43.5267,-60.5288,48,,401677598,-126
260358,260358,UT,DS,4,0,4,230,62,04:12:56 28-Oct-2025,O3,0,43.5496,-60.4820,43.5496,-60.4820,48,,401677603,-119
260358,260358,UT,DS,2,0,2,54,54,08:12:44 28-Oct-2025,SR,B,43.6795,-60.5434,43.6795,-60.5434,8,,401677497,-127
260358,260358,UT,DS,2,0,2,444,444,08:45:50 28-Oct-2025,CS,B,43.6004,-60.2900,38.6120,-34.6416,8,,401677603,-128
260358,260358,UT,DS,2,0,2,65,65,09:54:09 28-Oct-2025,SR,B,43.5726,-60.3429,43.5726,-60.3429,8,,401677521,-117
260358,260358,UT,DS,1,0,1,,,10:21:02 28-Oct-2025,CS,B,43.5448,-60.3658,43.5448,-60.3658,6,,401677586,-124
260358,260358,UT,DS,4,0,4,177,55,12:23:43 28-Oct-2025,MC,0,43.4262,-60.5339,43.4262,-60.5339,48,,401677496,-125
260358,260358,UT,DS,1,0,1,,,14:39:05 28-Oct-2025,O3,B,43.3925,-60.6048,43.3925,-60.6048,8,,401677524,-136
260358,260358,UT,DS,4,0,3,229,51,19:52:47 28-Oct-2025,CS,0,43.5556,-60.5028,43.5556,-60.5028,48,,401677569,-120
260358,260358,UT,DS,4,0,4,136,48,21:33:40 28-Oct-2025,CS,0,43.5284,-60.5290,43.5284,-60.5290,48,,401677574,-124
260358,260358,UT,DS,5,0,5,173,47,22:02:04 28-Oct-2025,SR,0,43.5034,-60.5858,43.5034,-60.5858,46,,401677583,-130
260358,260358,UT,DS,3,0,3,228,97,23:02:40 28-Oct-2025,MB,A,43.3390,-60.4565,43.3390,-60.4565,5,,401677648,-129
260358,260358,UT,DS,3,0,3,179,48,23:43:42 28-Oct-2025,SR,A,43.4679,-60.6446,49.7780,-94.6685,48,,401677569,-125
260358,260358,UT,DS,3,0,3,176,65,23:51:41 28-Oct-2025,MC,A,43.5026,-60.7424,43.5026,-60.7424,6,,401677559,-118
260358,260358,UT,DS,2,0,2,54,54,00:48:04 29-Oct-2025,MB,B,43.3900,-60.7510,43.3900,-60.7510,5,,401677630,-127
260358,260358,UT,DS,4,0,4,231,60,01:25:49 29-Oct-2025,MC,0,43.4619,-60.5754,43.4619,-60.5754,48,,401677597,-122
260358,260358,UT,DS,3,0,3,201,48,01:50:45 29-Oct-2025,O3,A,43.3549,-60.5037,43.3549,-60.5037,6,,401677638,-130
260358,260358,UT,DS,1,0,1,,,03:10:09 29-Oct-2025,MC,B,43.3717,-60.3966,43.3717,-60.3966,7,,401677655,-132
260358,260358,UT,DS,3,0,3,181,47,03:30:39 29-Oct-2025,O3,A,43.5549,-60.3232,43.5549,-60.3232,6,,401677597,-120
260358,260358,UT,DS,1,0,1,,,05:07:16 29-Oct-2025,O3,B,43.5496,-60.3266,43.5496,-60.3266,8,,401677587,-127
260358,260358,UT,DS,1,0,1,,,07:43:48 29-Oct-2025,SR,B,43.5680,-60.2789,43.5680,-60.2789,7,,401677619,-129
260358,260358,UT,DS,2,0,2,336,336,07:59:23 29-Oct-2025,CS,B,43.5353,-60.5238,43.5353,-60.5238,6,,401677583,-130
260358,260358,UT,DS,3,0,3,367,333,09:15:16 29-Oct-2025,SR,A,43.5438,-60.4467,43.5438,-60.4467,8,,401677581,-118
260358,260358,UT,DS,2,0,2,370,370,09:38:14 29-Oct-2025,CS,B,43.5361,-60.4707,43.5361,-60.4707,6,,401677604,-120
260358,260358,UT,DS,1,0,1,,,11:04:00 29-Oct-2025,SR,B,43.5280,-60.4094,43.5280,-60.4094,8,,401677552,-130
260358,260358,UT,DS,3,0,3,247,57,11:16:20 29-Oct-2025,CS,A,43.6864,-60.3296,43.6864,-60.3296,6,,401677630,-132
260358,260358,UT,DS,2,0,2,58,58,12:05:23 29-Oct-2025,MC,B,43.4900,-61.0572,32.1488,-3.1201,8,,401677597,-124
260358,260358,UT,DS,1,0,1,,,12:55:32 29-Oct-2025,MB,B,43.4892,-61.0506,43.4892,-61.0506,6,,401677632,-133
260358,260358,UT,DS,2,0,2,52,52,13:52:35 29-Oct-2025,MC,B,43.7748,-61.7831,42.9883,-48.7238,,,401677597,-129
260358,260358,UT,DS,3,0,3,277,63,14:35:33 29-Oct-2025,MB,A,43.5564,-60.5294,49.0479,-90.6708,40,,401677440,-128
260358,260358,UT,DS,2,0,2,55,55,15:28:24 29-Oct-2025,MC,B,43.6401,-60.3956,43.6401,-60.3956,6,,401677641,-115
260358,260358,UT,DS,2,0,2,55,55,15:28:51 29-Oct-2025,O3,B,43.3563,-60.2680,43.3563,-60.2680,6,,401677450,-125
260358,260358,UT,DS,3,0,3,230,59,17:10:17 29-Oct-2025,O3,A,43.4504,-60.4210,43.4504,-60.4210,5,,401677593,-120
260358,260358,UT,DS,2,0,2,60,60,18:46:02 29-Oct-2025,O3,B,43.3403,-60.2085,43.3403,-60.2085,8,,401677595,-129
260358,260358,UT,DS,4,0,4,123,47,19:11:00 29-Oct-2025,CS,0,43.5100,-60.5374,43.5100,-60.5374,48,,401677595,-133
260358,260358,UT,DS,3,0,3,144,85,20:54:42 29-Oct-2025,CS,A,43.5020,-61.0210,43.5020,-61.0210,7,,401677620,-120
260358,260358,UT,DS,2,0,2,249,249,21:30:35 29-Oct-2025,SR,B,43.5349,-60.5020,38.1238,-32.4260,8,,401677595,-129
260358,260358,UT,DS,3,0,3,183,47,00:27:19 30-Oct-2025,MB,A,43.5598,-60.2896,43.5598,-60.2896,8,,401677614,-122
260358,260358,UT,DS,1,0,1,,,00:50:51 30-Oct-2025,SR,B,43.5541,-60.3101,43.5541,-60.3101,6,,401677653,-137
260358,260358,UT,DS,2,0,2,49,49,01:06:00 30-Oct-2025,O3,B,43.5530,-60.4531,43.5530,-60.4531,,,401677616,-136
260358,260358,UT,DS,4,0,4,230,49,01:06:00 30-Oct-2025,MC,0,43.5539,-60.4109,43.5539,-60.4109,46,,401677587,-116
260358,260358,UT,DS,1,0,1,,,02:03:12 30-Oct-2025,MB,B,43.5580,-60.3828,43.5580,-60.3828,8,,401677603,-132
260358,260358,UT,DS,2,0,2,355,355,02:39:43 30-Oct-2025,O3,B,43.6205,-60.4032,43.6205,-60.4032,8,,401677570,-132
260358,260358,UT,DS,2,0,2,366,366,02:49:19 30-Oct-2025,MC,B,43.6384,-60.5586,43.6384,-60.5586,8,,401677586,-127
260358,260358,UT,DS,1,0,1,,,04:19:27 30-Oct-2025,O3,B,43.6631,-60.5670,43.6631,-60.5670,8,,401677537,-121
260358,260358,UT,DS,1,0,1,,,08:50:47 30-Oct-2025,SR,B,43.6100,-60.5330,43.6100,-60.5330,8,,401677521,-121
260358,260358,UT,DS,2,0,2,518,518,08:55:06 30-Oct-2025,CS,B,43.5862,-60.4184,43.5862,-60.4184,6,,401677606,-129
260358,260358,UT,DS,2,0,2,468,468,10:34:16 30-Oct-2025,CS,B,43.5282,-60.4233,43.5282,-60.4233,6,,401677564,-132
260358,260358,UT,DS,1,0,1,,,10:30:22 30-Oct-2025,SR,B,43.5456,-60.4218,43.5456,-60.4218,8,,401677540,-129
260358,260358,UT,DS,1,0,1,,,12:35:59 30-Oct-2025,MB,B,43.5372,-60.4242,43.5372,-60.4242,7,,401677604,-133
260358,260358,UT,DS,1,0,1,,,13:25:50 30-Oct-2025,MC,B,43.5460,-60.4245,43.5460,-60.4245,8,,401677601,-119
260358,260358,UT,DS,1,0,1,,,15:08:13 30-Oct-2025,MC,B,43.5586,-60.4282,43.5586,-60.4282,8,,401677597,-116
260358,260358,UT,DS,2,0,2,51,51,16:28:32 30-Oct-2025,O3,Z,43.8492,-59.9386,43.8492,-59.9386,37,,401677618,-125
260358,260358,UT,DS,2,0,2,59,59,18:00:19 30-Oct-2025,O3,B,43.3395,-60.4160,43.3395,-60.4160,8,,401677547,-123
260358,260358,UT,DS,2,0,2,60,60,18:31:39 30-Oct-2025,CS,B,43.4245,-60.9002,43.4245,-60.9002,8,,401677559,-128
260358,260358,UT,DS,1,0,1,,,20:14:52 30-Oct-2025,CS,B,43.4088,-60.9738,43.4088,-60.9738,8,,401677572,-130
260358,260358,UT,DS,1,0,1,,,21:00:31 30-Oct-2025,SR,B,43.4431,-61.0109,43.4431,-61.0109,8,,401677543,-127
260358,260358,UT,DS,2,0,2,571,571,22:33:28 30-Oct-2025,SR,B,43.5078,-61.0691,43.5078,-61.0691,6,,401677599,-127
260358,260358,UT,DS,2,0,2,303,303,23:10:48 30-Oct-2025,MC,B,43.4875,-60.8296,43.4875,-60.8296,8,,401677566,-119
260358,260358,UT,DS,1,0,1,,,00:07:47 31-Oct-2025,MB,B,43.4930,-60.7550,43.4930,-60.7550,7,,401677582,-127
260358,260358,UT,DS,1,0,1,,,00:51:10 31-Oct-2025,MC,B,43.4994,-60.7088,43.4994,-60.7088,8,,401677588,-118
260358,260358,UT,DS,1,0,1,,,01:39:56 31-Oct-2025,MB,B,43.4965,-60.7338,43.4965,-60.7338,8,,401677581,-130
260358,260358,UT,DS,2,0,2,261,261,01:55:13 31-Oct-2025,O3,B,43.4977,-60.4897,43.4977,-60.4897,6,,401677592,-128
260358,260358,UT,DS,1,0,1,,,02:25:41 31-Oct-2025,MC,B,43.5009,-60.4515,43.5009,-60.4515,8,,401677590,-129
260358,260358,UT,DS,2,0,2,356,356,03:32:37 31-Oct-2025,O3,B,43.4953,-60.3806,43.4953,-60.3806,7,,401677603,-115
260358,260358,UT,DS,1,0,1,,,05:10:39 31-Oct-2025,O3,B,43.4963,-60.2891,43.4963,-60.2891,8,,401677608,-137
260358,260358,UT,DS,1,0,1,,,08:12:23 31-Oct-2025,CS,B,43.5194,-60.3399,43.5194,-60.3399,8,,401677545,-128
260358,260358,UT,DS,1,0,1,,,08:21:53 31-Oct-2025,SR,B,43.5066,-60.5021,43.5066,-60.5021,6,,401677584,-127
260358,260358,UT,DS,1,0,1,,,09:54:54 31-Oct-2025,CS,B,43.5389,-60.4393,43.5389,-60.4393,,,401677582,-127
260358,260358,UT,DS,1,0,1,,,09:54:54 31-Oct-2025,SR,B,43.5230,-60.4119,43.5230,-60.4119,8,,401677600,-126
260358,260358,UT,DS,1,0,1,,,11:28:04 31-Oct-2025,CS,B,43.5494,-60.3539,43.5494,-60.3539,8,,401677581,-131
260358,260358,UT,DS,2,0,2,57,57,13:03:21 31-Oct-2025,MC,B,43.4045,-60.5198,43.4045,-60.5198,8,,401677532,-117
260358,260358,UT,DS,2,0,2,54,54,13:59:29 31-Oct-2025,MB,B,43.3968,-60.3578,,,8,,401677425,-131
260358,260358,UT,DS,1,0,1,,,14:41:17 31-Oct-2025,MC,B,43.4064,-60.2930,43.4064,-60.2930,4,,401677578,-123
260358,260358,UT,DS,1,0,1,,,15:41:46 31-Oct-2025,O3,B,43.4023,-60.2245,43.4023,-60.2245,8,,401677566,-127
260358,260358,UT,DS,1,0,1,,,16:21:21 31-Oct-2025,MC,B,43.4070,-60.2310,43.4070,-60.2310,6,,401677584,-126
260358,260358,UT,DS,2,0,2,50,50,17:14:15 31-Oct-2025,O3,B,43.3883,-60.2843,43.3883,-60.2843,8,,401677549,-126
260358,260358,UT,DS,2,0,2,415,415,19:27:22 31-Oct-2025,CS,B,43.4349,-60.3441,43.4349,-60.3441,7,,401677589,-131
260358,260358,UT,DS,1,0,1,,,20:25:37 31-Oct-2025,SR,B,43.4607,-60.3295,43.4607,-60.3295,8,,401677556,-131
260358,260358,UT,DS,3,0,3,218,55,21:08:35 31-Oct-2025,CS,A,43.6159,-60.2018,43.6159,-60.2018,8,,401677552,-122
260358,260358,UT,DS,4,0,4,227,49,22:07:30 31-Oct-2025,SR,0,43.5686,-60.2948,43.5686,-60.2948,46,,401677581,-119
260358,260358,UT,DS,2,0,2,48,48,22:48:28 31-Oct-2025,MC,B,43.5523,-60.5191,43.5523,-60.5191,8,,401677560,-127
260358,260358,UT,DS,3,0,3,192,49,23:45:59 31-Oct-2025,SR,A,43.6005,-60.2844,50.3142,-96.4229,48,,401677581,-123
260358,260358,UT,DS,2,0,2,49,49,23:47:35 31-Oct-2025,MB,B,43.3637,-60.2260,43.3637,-60.2260,6,,401677605,-130
260358,260358,UT,DS,4,0,4,242,47,00:22:18 01-Nov-2025,MC,0,43.5954,-60.1253,46.0462,-47.0260,48,,401677596,-123
260358,260358,UT,DS,1,0,1,,,01:14:42 01-Nov-2025,O3,B,43.5978,-60.1306,43.5978,-60.1306,6,,401677618,-138
260358,260358,UT,DS,1,0,1,,,01:28:40 01-Nov-2025,MB,B,43.5981,-60.1421,43.5981,-60.1421,6,,401677587,-133
260358,260358,UT,DS,2,0,2,468,468,02:06:50 01-Nov-2025,MC,B,43.6077,-60.1636,43.6077,-60.1636,7,,401677604,-120
260358,260358,UT,DS,3,0,3,209,48,02:50:25 01-Nov-2025,O3,A,43.6996,-60.2599,43.6996,-60.2599,8,,401677570,-126
260358,260358,UT,DS,2,0,2,48,48,04:28:32 01-Nov-2025,O3,B,43.7719,-60.0672,43.7719,-60.0672,8,,401677547,-121
260358,260358,UT,DS,2,0,2,47,47,07:34:02 01-Nov-2025,CS,B,43.8821,-60.2447,43.8821,-60.2447,6,,401677657,-134
260358,260358,UT,DS,2,0,2,48,48,07:46:54 01-Nov-2025,SR,B,43.8175,-60.3105,43.8175,-60.3105,6,,401677576,-129
260358,260358,UT,DS,3,0,3,233,49,09:09:49 01-Nov-2025,CS,A,43.7689,-60.0577,43.7689,-60.0577,7,,401677611,-129
260358,260358,UT,DS,1,0,1,,,09:26:58 01-Nov-2025,SR,B,43.7990,-60.0622,43.7990,-60.0622,6,,401677646,-121
260358,260358,UT,DS,2,0,2,49,49,10:49:35 01-Nov-2025,CS,B,43.8094,-59.9795,43.8094,-59.9795,8,,401677627,-133
260358,260358,UT,DS,2,0,2,47,47,11:05:43 01-Nov-2025,SR,B,43.8209,-59.9432,43.8209,-59.9432,6,,401677632,-131
260358,260358,UT,DS,1,0,1,,,11:56:50 01-Nov-2025,MB,B,43.8501,-59.9119,43.8501,-59.9119,8,,401677641,-130
260358,260358,UT,DS,2,0,2,280,280,12:41:58 01-Nov-2025,MC,B,43.8553,-59.9162,43.8553,-59.9162,8,,401677611,-120
260358,260358,UT,DS,6,0,6,138,47,13:34:08 01-Nov-2025,MB,0,43.9196,-59.9434,43.9196,-59.9434,46,,401677635,-124
260358,260358,UT,DS,6,0,6,92,92,14:22:12 01-Nov-2025,MC,2,43.9225,-59.9005,43.9225,-59.9005,58,,401677638,-112
260358,260358,UT,DS,4,0,4,92,92,16:01:52 01-Nov-2025,MC,1,43.8620,-59.8901,43.8620,-59.8901,58,,401677598,-126
260358,260358,UT,DS,15,0,14,51,47,16:31:28 01-Nov-2025,O3,1,43.9370,-59.9707,43.9370,-59.9707,46,,401677576,-120
260358,260358,UT,DS,7,0,7,92,92,00:01:44 02-Nov-2025,MC,2,43.9433,-59.8255,43.9433,-59.8255,58,,401677605,-120
260358,260358,UT,DS,1,0,1,,,01:01:32 02-Nov-2025,MB,B,43.9477,-59.8022,43.9477,-59.8022,8,,401677602,-132
260358,260358,UT,DS,5,0,5,92,92,01:46:46 02-Nov-2025,MC,3,43.9454,-59.8142,43.9454,-59.8142,58,,401677599,-124
260358,260358,UT,DS,6,0,6,92,92,03:43:18 02-Nov-2025,O3,3,43.9479,-59.7999,43.9479,-59.7999,58,,401677583,-125
260358,260358,UT,DS,3,0,3,74,49,07:50:52 04-Nov-2025,SR,A,43.9534,-59.8171,43.9534,-59.8171,,,401677544,-127
260358,260358,UT,DS,5,0,5,110,46,08:45:44 04-Nov-2025,CS,2,43.9361,-59.8463,43.9361,-59.8463,57,,401677556,-121
260358,260358,UT,DS,3,0,3,146,46,09:27:31 04-Nov-2025,SR,A,43.9313,-59.8573,43.9313,-59.8573,8,,401677556,-115
260358,260358,UT,DS,6,0,6,86,48,10:24:47 04-Nov-2025,CS,3,43.9286,-59.8650,43.9286,-59.8650,58,,401677557,-123
260358,260358,UT,DS,5,0,5,101,58,11:06:52 04-Nov-2025,SR,1,43.9356,-59.8862,43.9356,-59.8862,58,,401677559,-132
260358,260358,UT,DS,2,0,2,60,60,11:40:45 04-Nov-2025,MC,B,43.9352,-59.8951,43.9352,-59.8951,8,,401677555,-132
260358,260358,UT,DS,1,0,1,,,12:36:23 04-Nov-2025,MB,B,43.9324,-59.9074,43.9324,-59.9074,8,,401677560,-135
260358,260358,UT,DS,7,0,7,96,46,13:19:51 04-Nov-2025,MC,2,43.9270,-59.9365,43.9270,-59.9365,58,,401677561,-120
260358,260358,UT,DS,4,0,4,158,46,14:12:39 04-Nov-2025,MB,1,43.9290,-59.9419,43.9290,-59.9419,58,,401677562,-122
260358,260358,UT,DS,4,0,4,152,54,14:57:24 04-Nov-2025,MC,1,43.9353,-59.9231,43.9353,-59.9231,58,,401677564,-117
260358,260358,UT,DS,3,0,3,238,47,15:53:01 04-Nov-2025,O3,A,43.9279,-59.9512,43.9279,-59.9512,8,,401677562,-127
260358,260358,UT,DS,4,0,3,134,48,17:30:30 04-Nov-2025,O3,1,43.9289,-59.9286,43.9289,-59.9286,58,,401677573,-124
260358,260358,UT,DS,2,0,2,61,61,18:21:35 04-Nov-2025,CS,B,43.9293,-59.9507,43.9293,-59.9507,8,,401677564,-133
260358,260358,UT,DS,2,0,2,46,46,19:59:50 04-Nov-2025,CS,B,43.9223,-59.9666,43.9223,-59.9666,8,,401677565,-124
260358,260358,UT,DS,5,0,5,161,47,21:40:07 04-Nov-2025,SR,3,43.9294,-59.9188,43.9294,-59.9188,56,,401677562,-124
260358,260358,UT,DS,4,0,4,112,47,21:38:37 04-Nov-2025,CS,1,43.9301,-59.9198,43.9301,-59.9198,58,,401677558,-127
260358,260358,UT,DS,3,0,3,92,92,00:01:45 05-Nov-2025,MB,A,43.9253,-59.9115,43.9253,-59.9115,8,,401677555,-131
260358,260358,UT,DS,7,0,7,92,92,00:40:05 05-Nov-2025,MC,3,43.9281,-59.9036,43.9281,-59.9036,66,,401677570,-118
260358,260358,UT,DS,1,0,1,,,01:39:53 05-Nov-2025,MB,B,43.9291,-59.8993,,,8,,401677570,-132
260358,260358,UT,DS,4,0,4,122,92,02:24:21 05-Nov-2025,MC,2,43.9276,-59.9138,43.9276,-59.9138,58,,401677558,-122
260358,260358,UT,DS,5,0,5,115,92,03:04:50 05-Nov-2025,O3,3,43.9280,-59.9053,43.9280,-59.9053,58,,401677559,-127
260358,260358,UT,DS,5,0,5,146,63,04:45:28 05-Nov-2025,O3,2,43.9207,-59.8900,43.9207,-59.8900,58,,401677566,-126
260358,260358,UT,DS,1,0,1,,,07:23:56 05-Nov-2025,SR,B,43.9152,-59.8685,43.9152,-59.8685,8,,401677551,-134
260358,260358,UT,DS,6,0,6,109,56,08:05:06 05-Nov-2025,CS,2,43.9621,-59.7658,43.9621,-59.7658,57,,401677562,-128
260358,260358,UT,DS,6,0,6,131,47,08:53:05 05-Nov-2025,SR,2,43.9757,-59.7575,43.9757,-59.7575,58,,401677562,-133
260358,260358,UT,DS,7,0,7,122,47,09:44:48 05-Nov-2025,CS,0,43.9774,-59.7250,43.9774,-59.7250,48,,401677555,-121
260358,260358,UT,DS,9,0,9,70,47,10:35:00 05-Nov-2025,SR,2,43.9818,-59.7537,43.9818,-59.7537,58,,401677561,-132
260358,260358,UT,DS,6,0,6,103,52,10:42:34 06-Nov-2025,CS,2,43.9720,-59.7549,43.9720,-59.7549,50,,401677542,-128
260358,260358,UT,DS,1,0,1,,,12:44:38 06-Nov-2025,MC,B,43.9636,-59.7648,43.9636,-59.7648,7,,401677569,-124
260358,260358,UT,DS,8,0,8,92,46,13:31:01 06-Nov-2025,MB,0,43.9254,-59.7522,43.9254,-59.7522,58,,401677559,-124
260358,260358,UT,DS,4,0,4,186,144,14:17:50 06-Nov-2025,MC,1,43.9392,-59.8390,43.9392,-59.8390,48,,401677563,-115
260358,260358,UT,DS,3,0,3,130,87,15:59:09 06-Nov-2025,O3,A,43.9372,-59.8533,43.9372,-59.8533,8,,401677564,-121
260358,260358,UT,DS,1,0,1,,,16:01:34 06-Nov-2025,MC,B,43.9372,-59.8533,,,6,,401677556,-125
260358,260358,UT,DS,2,0,2,49,49,17:42:55 06-Nov-2025,O3,B,43.9132,-59.8969,43.9132,-59.8969,8,,401677559,-129
260358,260358,UT,DS,4,0,4,69,48,18:37:58 06-Nov-2025,CS,0,43.9189,-59.8590,43.9189,-59.8590,58,,401677564,-131
260358,260358,UT,DS,2,0,2,300,300,20:16:57 06-Nov-2025,CS,B,43.8776,-59.7892,43.8776,-59.7892,8,,401677573,-128
260358,260358,UT,DS,1,0,1,,,20:34:53 06-Nov-2025,SR,B,43.8726,-59.7888,43.8726,-59.7888,6,,401677580,-131
260358,260358,UT,DS,1,0,1,,,22:22:45 06-Nov-2025,SR,B,43.8512,-59.7793,43.8512,-59.7793,8,,401677554,-130
260358,260358,UT,DS,1,0,1,,,23:16:30 06-Nov-2025,MB,B,43.8186,-59.7912,43.8186,-59.7912,8,,401677521,-133
260358,260358,UT,DS,1,0,1,,,23:53:10 06-Nov-2025,SR,B,43.7924,-59.8239,43.7924,-59.8239,6,,401677551,-137
260358,260358,UT,DS,1,0,1,,,00:05:16 07-Nov-2025,MC,B,43.7645,-59.8150,43.7645,-59.8150,6,,401677541,-126
260358,260358,UT,DS,1,0,1,,,00:57:07 07-Nov-2025,MB,B,43.7346,-59.8202,43.7346,-59.8202,7,,401677557,-128
260358,260358,UT,DS,2,0,2,51,51,01:32:48 07-Nov-2025,O3,B,43.7850,-60.0477,43.7850,-60.0477,8,,401677525,-133
260358,260358,UT,DS,4,0,3,163,47,01:41:35 07-Nov-2025,MC,0,43.7573,-59.8805,43.7573,-59.8805,46,,401677552,-116
260358,260358,UT,DS,2,0,2,422,422,03:11:51 07-Nov-2025,O3,B,43.6985,-59.8835,43.6985,-59.8835,7,,401677575,-126
260358,260358,UT,DS,3,0,3,216,48,04:50:11 07-Nov-2025,O3,A,43.7937,-59.8906,,,8,,401677533,-125
260358,260358,UT,DS,1,0,1,,,07:50:34 07-Nov-2025,SR,B,43.8227,-60.0762,43.8227,-60.0762,8,,401677532,-136
260358,260358,UT,DS,1,0,1,,,08:23:40 07-Nov-2025,CS,B,43.7657,-60.1929,43.7657,-60.1929,5,,401677597,-125
260358,260358,UT,DS,1,0,1,,,10:02:30 07-Nov-2025,CS,B,43.7150,-60.3522,43.7150,-60.3522,8,,401677602,-123
260358,260358,UT,DS,1,0,1,,,11:17:51 07-Nov-2025,SR,B,43.6876,-60.4151,43.6876,-60.4151,8,,401677604,-136
260358,260358,UT,DS,1,0,1,,,11:38:31 07-Nov-2025,CS,B,43.6749,-60.1296,43.6749,-60.1296,6,,401677552,-136
260358,260358,UT,DS,2,0,2,468,468,13:11:39 07-Nov-2025,MB,B,43.6222,-60.2507,43.6222,-60.2507,7,,401677581,-130
260358,260358,UT,DS,2,0,2,53,53,14:02:29 07-Nov-2025,MC,B,43.6540,-60.0043,43.6540,-60.0043,6,,401677593,-111
260358,260358,UT,DS,1,0,1,,,15:15:22 07-Nov-2025,O3,B,43.6385,-60.0633,43.6385,-60.0633,8,,401677586,-128
260358,260358,UT,DS,1,0,1,,,15:40:08 07-Nov-2025,MC,B,43.6305,-60.0771,43.6305,-60.0771,8,,401677589,-125
260358,260358,UT,DS,3,0,3,258,48,16:51:28 07-Nov-2025,O3,A,43.4613,-60.5136,44.5741,-67.9178,50,,401677552,-121
260358,260358,UT,DS,1,0,1,,,18:01:07 07-Nov-2025,CS,B,43.4586,-60.5050,43.4586,-60.5050,8,,401677527,-139
260358,260358,UT,DS,1,0,1,,,18:30:15 07-Nov-2025,O3,B,43.4785,-60.4929,43.4785,-60.4929,6,,401677474,-135
260358,260358,UT,DS,3,0,3,230,47,19:37:02 07-Nov-2025,CS,A,43.4435,-60.2293,43.4435,-60.2293,6,,401677589,-130
260358,260358,UT,DS,3,0,3,246,47,21:15:03 07-Nov-2025,CS,A,43.4596,-60.2994,43.4596,-60.2994,8,,401677595,-131
260358,260358,UT,DS,3,0,3,230,47,21:47:31 07-Nov-2025,SR,A,43.5973,-60.3165,43.5973,-60.3165,8,,401677594,-127
260358,260358,UT,DS,1,0,1,,,23:02:00 07-Nov-2025,MB,B,43.6862,-60.2966,43.6862,-60.2966,8,,401677565,-132
260358,260358,UT,DS,1,0,1,,,23:18:30 07-Nov-2025,SR,B,43.7040,-60.2922,43.7040,-60.2922,6,,401677580,-134
260358,260358,UT,DS,3,0,3,264,48,23:41:08 07-Nov-2025,MC,A,43.6373,-60.6542,43.6373,-60.6542,6,,401677527,-122
260358,260358,UT,DS,2,0,2,356,356,01:18:57 08-Nov-2025,MC,B,43.5435,-60.6516,43.5435,-60.6516,8,,401677539,-120
260358,260358,UT,DS,1,0,1,,,02:16:14 08-Nov-2025,MB,B,43.5733,-60.6355,43.5733,-60.6355,8,,401677526,-134
260358,260358,UT,DS,3,0,3,230,48,02:26:02 08-Nov-2025,O3,A,43.6559,-60.6196,43.6559,-60.6196,6,,401677530,-130
260358,260358,UT,DS,2,0,2,47,47,03:07:27 08-Nov-2025,MC,B,43.6784,-60.6150,43.6784,-60.6150,8,,401677547,-127
260358,260358,UT,DS,2,0,2,47,47,04:05:26 08-Nov-2025,O3,B,43.5163,-60.4843,43.5163,-60.4843,6,,401677593,-118
260358,260358,UT,DS,1,0,1,,,07:42:21 08-Nov-2025,CS,B,43.4495,-60.3214,43.4495,-60.3214,8,,401677560,-140
260358,260358,UT,DS,2,0,2,622,622,09:21:13 08-Nov-2025,CS,B,43.5609,-60.6014,43.5609,-60.6014,8,,401677573,-130
260358,260358,UT,DS,1,0,1,,,12:58:41 08-Nov-2025,MB,B,43.5697,-60.6251,43.5697,-60.6251,8,,401677564,-133
260358,260358,UT,DS,1,0,1,,,13:44:08 08-Nov-2025,MC,B,43.5694,-60.6326,43.5694,-60.6326,8,,401677561,-119
260358,260358,UT,DS,1,0,1,,,15:15:48 08-Nov-2025,MC,B,43.5692,-60.6477,43.5692,-60.6477,8,,401677567,-126
260358,260358,UT,DS,1,0,1,,,16:08:51 08-Nov-2025,O3,B,43.5331,-60.6508,43.5331,-60.6508,8,,401677573,-118
260358,260358,UT,DS,1,0,1,,,17:47:58 08-Nov-2025,O3,B,43.5144,-60.6647,43.5144,-60.6647,8,,401677561,-123
260358,260358,UT,DS,1,0,1,,,18:59:37 08-Nov-2025,CS,B,43.4977,-60.6655,43.4977,-60.6655,8,,401677555,-131
260358,260358,UT,DS,2,0,2,709,709,20:27:15 08-Nov-2025,CS,B,43.5250,-60.5596,43.5250,-60.5596,8,,401677562,-134
260358,260358,UT,DS,2,0,2,351,351,21:11:10 08-Nov-2025,SR,B,43.5067,-60.6004,43.5067,-60.6004,8,,401677563,-126
260358,260358,UT,DS,2,0,2,344,344,22:13:20 08-Nov-2025,CS,B,43.5114,-60.6225,,,7,,401677579,-138
260358,260358,UT,DS,1,0,1,,,22:52:42 08-Nov-2025,SR,B,43.5118,-60.6259,43.5118,-60.6259,8,,401677574,-120
260358,260358,UT,DS,2,0,2,354,354,23:18:48 08-Nov-2025,MC,B,43.5046,-60.5728,43.5046,-60.5728,6,,401677593,-120
260358,260358,UT,DS,4,0,4,246,64,00:12:22 09-Nov-2025,MB,0,43.4981,-60.6942,43.4981,-60.6942,48,,401677580,-126
260358,260358,UT,DS,2,0,2,422,422,01:00:06 09-Nov-2025,MC,B,43.4929,-60.7298,43.4929,-60.7298,8,,401677584,-118
260358,260358,UT,DS,2,0,2,63,63,01:41:59 09-Nov-2025,O3,B,43.3991,-60.7376,43.3991,-60.7376,6,,401677608,-133
260358,260358,UT,DS,1,0,1,,,02:44:14 09-Nov-2025,MC,B,43.3693,-60.8094,43.3693,-60.8094,6,,401677637,-121
260358,260358,UT,DS,2,0,2,300,300,03:23:29 09-Nov-2025,O3,B,43.4474,-60.8915,43.4474,-60.8915,8,,401677565,-120
260358,260358,UT,DS,1,0,1,,,08:41:13 09-Nov-2025,CS,B,43.6091,-61.2074,43.6091,-61.2074,8,,401677486,-128
260358,260358,UT,DS,1,0,1,,,17:01:21 09-Nov-2025,O3,B,43.6352,-61.1917,43.6352,-61.1917,8,,401677485,-123
260358,260358,UT,DS,1,0,1,,,22:20:36 09-Nov-2025,SR,B,43.4065,-60.6212,43.4065,-60.6212,8,,401677494,-119
260358,260358,UT,DS,1,0,1,,,23:00:10 09-Nov-2025,MC,B,43.4878,-60.8716,43.4878,-60.8716,4,,401677580,-131
260358,260358,UT,DS,1,0,1,,,02:34:08 10-Nov-2025,O3,B,43.5297,-60.9558,43.5297,-60.9558,8,,401677566,-127
260358,260358,UT,DS,1,0,1,,,07:58:00 10-Nov-2025,SR,B,43.4982,-60.9172,43.4982,-60.9172,,,401677570,-129
260358,260358,UT,DS,1,0,1,,,07:58:00 10-Nov-2025,CS,B,43.6059,-61.2986,43.6059,-61.2986,8,,401677609,-131
260358,260358,UT,DS,1,0,1,,,09:38:33 10-Nov-2025,CS,B,43.4890,-60.9048,43.4890,-60.9048,8,,401677580,-130
260358,260358,UT,DS,2,0,2,399,399,09:41:52 10-Nov-2025,SR,B,43.4826,-60.8658,43.4826,-60.8658,6,,401677575,-121
260358,260358,UT,DS,1,0,1,,,11:12:51 10-Nov-2025,CS,B,43.4887,-60.8405,43.4887,-60.8405,8,,401677571,-133
260358,260358,UT,DS,1,0,1,,,11:19:55 10-Nov-2025,SR,B,43.5094,-60.9844,43.5094,-60.9844,8,,401677570,-133
260358,260358,UT,DS,4,0,4,138,50,12:56:11 10-Nov-2025,MC,0,43.4806,-60.8859,43.4806,-60.8859,48,,401677569,-118
260358,260358,UT,DS,1,0,1,,,13:56:45 10-Nov-2025,MB,B,43.4893,-60.9265,43.4893,-60.9265,8,,401677578,-126
260358,260358,UT,DS,1,0,1,,,15:32:55 10-Nov-2025,MB,B,43.5030,-60.9390,43.5030,-60.9390,8,,401677552,-135
260358,260358,UT,DS,1,0,1,,,16:18:58 10-Nov-2025,O3,B,43.5033,-60.9392,43.5033,-60.9392,8,,401677552,-125
260358,260358,UT,DS,1,0,1,,,16:19:45 10-Nov-2025,MC,B,43.4889,-60.8936,43.4889,-60.8936,6,,401677575,-132
260358,260358,UT,DS,2,0,2,59,59,17:52:03 10-Nov-2025,O3,B,43.3970,-60.9186,43.3970,-60.9186,8,,401677529,-127
260358,260358,UT,DS,3,0,3,184,58,19:10:51 10-Nov-2025,CS,A,43.5859,-60.9421,43.5859,-60.9421,8,,401677537,-124
260358,260358,UT,DS,4,0,4,263,51,20:50:02 10-Nov-2025,CS,0,43.4930,-60.8295,43.4930,-60.8295,47,,401677567,-124
260358,260358,UT,DS,3,0,3,186,55,21:45:56 10-Nov-2025,SR,A,43.4260,-60.7407,43.4260,-60.7407,8,,401677558,-127
260358,260358,UT,DS,1,0,1,,,22:27:12 10-Nov-2025,CS,B,43.4297,-60.7346,43.4297,-60.7346,5,,401677629,-140
260358,260358,UT,DS,2,0,2,47,47,22:40:16 10-Nov-2025,MC,B,43.4957,-60.9501,43.4957,-60.9501,6,,401677581,-128
260358,260358,UT,DS,1,0,1,,,23:22:58 10-Nov-2025,SR,B,43.4878,-60.9340,43.4878,-60.9340,8,,401677586,-134
260358,260358,UT,DS,1,0,1,,,23:43:21 10-Nov-2025,MB,B,43.4897,-60.9378,43.4897,-60.9378,6,,401677590,-131
260358,260358,UT,DS,3,0,3,192,47,00:16:34 11-Nov-2025,MC,A,43.4531,-60.9750,43.4531,-60.9750,7,,401677598,-110
260358,260358,UT,DS,2,0,2,251,251,01:17:42 11-Nov-2025,MB,B,43.4435,-60.9887,43.4435,-60.9887,7,,401677612,-130
260358,260358,UT,DS,1,0,1,,,01:51:20 11-Nov-2025,O3,B,43.4316,-60.9853,43.4316,-60.9853,8,,401677593,-129
260358,260358,UT,DS,4,0,4,133,47,01:58:10 11-Nov-2025,MC,0,43.4555,-60.9158,43.4555,-60.9158,48,,401677597,-120
260358,260358,UT,DS,1,0,1,,,03:25:14 11-Nov-2025,O3,B,43.4381,-60.8772,43.4381,-60.8772,8,,401677578,-123
260358,260358,UT,DS,2,0,2,402,402,05:07:15 11-Nov-2025,O3,B,43.4551,-60.9515,43.4551,-60.9515,8,,401677583,-132
260358,260358,UT,DS,2,0,2,322,322,08:58:17 11-Nov-2025,CS,B,43.4694,-60.9100,43.4694,-60.9100,8,,401677576,-132
260358,260358,UT,DS,1,0,1,,,09:00:58 11-Nov-2025,SR,B,43.4700,-60.9164,43.4700,-60.9164,6,,401677577,-137
260358,260358,UT,DS,1,0,1,,,12:41:08 11-Nov-2025,MC,B,43.4613,-60.8793,43.4613,-60.8793,8,,401677574,-124
260358,260358,UT,DS,2,0,2,350,350,13:32:26 11-Nov-2025,MB,B,43.4822,-60.9180,43.4822,-60.9180,8,,401677585,-124
260358,260358,UT,DS,2,0,2,57,57,14:17:21 11-Nov-2025,MC,B,43.4806,-60.8599,43.4806,-60.8599,8,,401677581,-115
260358,260358,UT,DS,1,0,1,,,15:14:29 11-Nov-2025,MB,B,43.4250,-60.6289,43.4250,-60.6289,8,,401677582,-133
260358,260358,UT,DS,2,0,2,454,454,15:32:19 11-Nov-2025,O3,B,43.4467,-60.8688,43.4467,-60.8688,6,,401677567,-128
260358,260358,UT,DS,2,0,2,49,49,15:59:21 11-Nov-2025,MC,B,43.4456,-60.8697,43.4456,-60.8697,6,,401677632,-124
260358,260358,UT,DS,1,0,1,,,17:08:52 11-Nov-2025,O3,B,43.4930,-60.5856,43.4930,-60.5856,6,,401677686,-122
260358,260358,UT,DS,1,0,1,,,18:30:05 11-Nov-2025,CS,B,43.4246,-60.4644,43.4246,-60.4644,8,,401677657,-136
260358,260358,UT,DS,4,0,4,143,47,22:57:23 11-Nov-2025,SR,0,43.4618,-60.8999,43.4618,-60.8999,48,,401677583,-123
260358,260358,UT,DS,1,0,1,,,23:57:10 11-Nov-2025,MC,B,43.4381,-60.8650,43.4381,-60.8650,7,,401677597,-126
260358,260358,UT,DS,1,0,1,,,00:34:21 12-Nov-2025,SR,B,43.4291,-60.8368,43.4291,-60.8368,8,,401677581,-137
260358,260358,UT,DS,3,0,3,169,47,00:51:48 12-Nov-2025,MB,A,43.4797,-60.8760,43.4797,-60.8760,6,,401677597,-125
260358,260358,UT,DS,1,0,1,,,01:38:00 12-Nov-2025,MC,B,43.4643,-60.8471,43.4643,-60.8471,7,,401677606,-120
260358,260358,UT,DS,3,0,3,205,50,02:40:53 12-Nov-2025,O3,A,43.4362,-60.9684,43.4362,-60.9684,8,,401677594,-121
260358,260358,UT,DS,1,0,1,,,04:19:41 12-Nov-2025,O3,B,43.4031,-60.9843,43.4031,-60.9843,8,,401677607,-127
260358,260358,UT,DS,2,0,2,470,470,08:14:19 12-Nov-2025,CS,B,43.3537,-60.9510,43.3537,-60.9510,8,,401677545,-135
260358,260358,UT,DS,1,0,1,,,08:34:13 12-Nov-2025,SR,B,43.4780,-60.9045,43.4780,-60.9045,6,,401677582,-132
260358,260358,UT,DS,2,0,2,527,527,09:52:01 12-Nov-2025,CS,B,43.4795,-60.9370,43.4795,-60.9370,8,,401677576,-125
260358,260358,UT,DS,1,0,1,,,11:27:46 12-Nov-2025,CS,B,43.4674,-60.9282,43.4674,-60.9282,8,,401677567,-135
260358,260358,UT,DS,2,0,2,51,51,12:16:28 12-Nov-2025,MC,B,43.4308,-60.9083,43.4308,-60.9083,8,,401677568,-124
260358,260358,UT,DS,2,0,2,47,47,13:56:09 12-Nov-2025,MC,B,43.4869,-61.1837,43.4869,-61.1837,7,,401677593,-118
260358,260358,UT,DS,2,0,2,58,58,14:46:28 12-Nov-2025,O3,B,43.4775,-61.2335,43.4775,-61.2335,8,,401677559,-135
260358,260358,UT,DS,2,0,2,47,47,14:53:45 12-Nov-2025,MB,B,43.4490,-60.6832,50.3064,-97.1123,,,401677583,-133
260358,260358,UT,DS,2,0,2,51,51,15:36:43 12-Nov-2025,MC,B,43.4359,-60.6488,43.4359,-60.6488,7,,401677600,-120
260358,260358,UT,DS,3,0,3,237,51,16:25:06 12-Nov-2025,O3,A,43.4505,-60.8703,43.4505,-60.8703,8,,401677568,-122
260358,260358,UT,DS,1,0,1,,,18:04:43 12-Nov-2025,O3,B,43.4576,-60.9907,43.4576,-60.9907,8,,401677557,-133
260358,260358,UT,DS,4,0,4,182,47,19:27:18 12-Nov-2025,CS,0,43.4430,-60.8556,43.4430,-60.8556,47,,401677576,-128
260358,260358,UT,DS,2,0,2,404,404,20:46:28 12-Nov-2025,SR,B,43.4469,-60.8936,43.4469,-60.8936,8,,401677571,-128
260358,260358,UT,DS,3,0,3,195,47,21:07:05 12-Nov-2025,CS,A,43.4443,-60.8470,43.4443,-60.8470,6,,401677601,-126
260358,260358,UT,DS,2,0,2,261,261,22:27:24 12-Nov-2025,SR,B,43.5185,-60.8578,43.5185,-60.8578,8,,401677586,-123
260358,260358,UT,DS,2,0,2,316,316,22:56:07 12-Nov-2025,MB,B,43.5164,-60.8570,43.5164,-60.8570,6,,401677583,-131
260358,260358,UT,DS,3,0,3,204,48,23:38:08 12-Nov-2025,MC,A,43.5936,-60.8826,43.5936,-60.8826,8,,401677559,-122
260358,260358,UT,DS,2,0,2,315,315,00:02:39 13-Nov-2025,SR,B,43.5205,-60.8144,43.5205,-60.8144,6,,401677582,-131
260358,260358,UT,DS,4,0,4,99,47,00:33:37 13-Nov-2025,MB,0,43.5219,-60.8262,43.5219,-60.8262,46,,401677599,-126
260358,260358,UT,DS,3,0,3,185,48,01:15:17 13-Nov-2025,MC,A,43.5149,-60.8283,43.5149,-60.8283,8,,401677590,-118
260358,260358,UT,DS,5,0,5,169,48,03:38:23 13-Nov-2025,O3,0,43.3701,-60.6485,43.3701,-60.6485,48,,401677595,-125
260358,260358,UT,DS,1,0,1,,,07:32:45 13-Nov-2025,CS,B,43.3854,-60.6014,43.3854,-60.6014,8,,401677558,-137
260358,260358,UT,DS,1,0,1,,,14:28:17 13-Nov-2025,MB,B,43.3719,-60.5780,43.3719,-60.5780,8,,401677584,-132
260358,260358,UT,DS,2,0,2,54,54,15:16:30 13-Nov-2025,MC,B,43.4618,-60.5163,43.4618,-60.5163,8,,401677558,-118
260358,260358,UT,DS,1,0,1,,,15:37:37 13-Nov-2025,O3,B,43.4841,-60.5047,43.4841,-60.5047,6,,401677543,-127
260358,260358,UT,DS,1,0,1,,,18:43:50 13-Nov-2025,CS,B,43.5900,-60.3878,43.5900,-60.3878,8,,401677557,-133
260358,260358,UT,DS,1,0,1,,,22:06:28 13-Nov-2025,CS,B,43.5653,-60.4220,43.5653,-60.4220,8,,401677527,-129
260358,260358,UT,DS,1,0,1,,,23:27:59 13-Nov-2025,SR,B,43.4571,-60.5622,43.4571,-60.5622,5,,401677628,-130
260358,260358,UT,DS,3,0,3,229,47,00:12:59 14-Nov-2025,MB,A,43.6225,-60.9513,44.7736,-54.5293,50,,401677576,-133
260358,260358,UT,DS,2,0,2,47,47,01:05:04 14-Nov-2025,MC,B,43.5755,-60.9211,43.5755,-60.9211,7,,401677589,-132
260358,260358,UT,DS,1,0,1,,,01:51:19 14-Nov-2025,MB,B,43.5660,-60.9201,43.5660,-60.9201,6,,401677614,-135
260358,260358,UT,DS,2,0,2,47,47,02:40:10 14-Nov-2025,MC,B,43.5645,-60.9031,43.5645,-60.9031,8,,401677618,-122
260358,260358,UT,DS,1,0,1,,,02:54:06 14-Nov-2025,O3,B,43.5637,-60.9041,43.5637,-60.9041,6,,401677624,-130
260358,260358,UT,DS,2,0,2,433,433,09:14:12 14-Nov-2025,SR,B,43.7647,-60.8947,43.7647,-60.8947,8,,401677624,-120
260358,260358,UT,DS,1,0,1,,,11:45:53 14-Nov-2025,CS,B,43.7315,-60.9742,43.7315,-60.9742,7,,401677682,-138
260358,260358,UT,DS,1,0,1,,,13:13:35 14-Nov-2025,MC,B,43.7696,-61.1940,43.7696,-61.1940,8,,401677585,-122
260358,260358,UT,DS,1,0,1,,,14:54:27 14-Nov-2025,O3,B,43.7697,-61.2933,43.7697,-61.2933,7,,401677611,-135
260358,260358,UT,DS,2,0,2,360,360,14:54:27 14-Nov-2025,MC,B,43.7299,-61.3974,43.7299,-61.3974,,,401677618,-120
260358,260358,UT,DS,3,0,3,202,53,16:31:29 14-Nov-2025,O3,A,43.7706,-61.5479,43.7706,-61.5479,8,,401677588,-119
260358,260358,UT,DS,2,0,2,47,47,18:09:42 14-Nov-2025,O3,B,43.7521,-61.4738,43.7521,-61.4738,8,,401677578,-124
260358,260358,UT,DS,2,0,2,414,414,19:44:56 14-Nov-2025,CS,B,43.8041,-61.4857,43.8041,-61.4857,7,,401677611,-131
260358,260358,UT,DS,1,0,1,,,21:19:56 14-Nov-2025,SR,B,43.8561,-61.5523,43.8561,-61.5523,8,,401677573,-127
260358,260358,UT,DS,2,0,2,390,390,21:23:11 14-Nov-2025,CS,B,43.8737,-61.5639,43.8737,-61.5639,6,,401677607,-125
260358,260358,UT,DS,3,0,3,149,48,23:04:49 14-Nov-2025,SR,A,43.8986,-61.4735,43.8986,-61.4735,6,,401677601,-120
260358,260358,UT,DS,2,0,2,48,48,23:02:20 14-Nov-2025,MC,B,43.8541,-61.6143,43.8541,-61.6143,8,,401677604,-125
260358,260358,UT,DS,1,0,1,,,00:37:44 15-Nov-2025,SR,B,43.9145,-61.5169,43.9145,-61.5169,8,,401677598,-130
260358,260358,UT,DS,1,0,1,,,00:37:44 15-Nov-2025,MC,B,43.9132,-61.5188,43.9132,-61.5188,8,,401677601,-121
260358,260358,UT,DS,1,0,1,,,01:38:52 15-Nov-2025,MB,B,43.9185,-61.5247,43.9185,-61.5247,8,,401677604,-132
260358,260358,UT,DS,2,0,2,321,321,02:02:52 15-Nov-2025,O3,B,43.9136,-61.5106,43.9136,-61.5106,6,,401677605,-130
260358,260358,UT,DS,2,0,2,375,375,02:16:44 15-Nov-2025,MC,B,43.9154,-61.5161,43.9154,-61.5161,6,,401677597,-120
260358,260358,UT,DS,1,0,1,,,03:48:29 15-Nov-2025,O3,B,43.9286,-61.5579,43.9286,-61.5579,8,,401677586,-127
260358,260358,UT,DS,1,0,1,,,07:03:40 15-Nov-2025,SR,B,43.9165,-61.5261,43.9165,-61.5261,8,,401677582,-135
260358,260358,UT,DS,2,0,2,365,365,08:38:09 15-Nov-2025,SR,B,43.8989,-61.4852,43.8989,-61.4852,7,,401677602,-131
260358,260358,UT,DS,1,0,1,,,09:23:21 15-Nov-2025,CS,B,43.9121,-61.4782,43.9121,-61.4782,8,,401677584,-130
260358,260358,UT,DS,1,0,1,,,10:18:57 15-Nov-2025,SR,B,43.9560,-61.4590,43.9560,-61.4590,7,,401677603,-120
260358,260358,UT,DS,2,0,2,412,412,11:07:05 15-Nov-2025,CS,B,43.9847,-61.4734,43.9847,-61.4734,8,,401677572,-130
260358,260358,UT,DS,2,0,2,533,533,12:49:51 15-Nov-2025,MC,B,44.0207,-61.4962,44.0207,-61.4962,8,,401677572,-127
260358,260358,UT,DS,1,0,1,,,13:53:39 15-Nov-2025,MB,B,44.0427,-61.5004,44.0427,-61.5004,8,,401677569,-127
260358,260358,UT,DS,2,0,2,472,472,20:43:34 15-Nov-2025,CS,B,43.9702,-61.4429,43.9702,-61.4429,8,,401677583,-123
260358,260358,UT,DS,2,0,2,50,50,20:47:56 15-Nov-2025,SR,B,43.8831,-61.6456,43.8831,-61.6456,6,,401677572,-125
260358,260358,UT,DS,1,0,1,,,01:12:21 16-Nov-2025,MB,B,43.9351,-61.6165,43.9351,-61.6165,8,,401677553,-131
260358,260358,UT,DS,1,0,1,,,02:57:40 16-Nov-2025,O3,B,43.8715,-61.6417,43.8715,-61.6417,8,,401677564,-120
260358,260358,UT,DS,1,0,1,,,08:40:15 16-Nov-2025,CS,B,43.8443,-61.6014,43.8443,-61.6014,7,,401677636,-137
260358,260358,UT,DS,1,0,1,,,09:47:57 16-Nov-2025,SR,B,43.8483,-61.5984,43.8483,-61.5984,8,,401677638,-115
260358,260358,UT,DS,2,0,2,350,350,10:26:57 16-Nov-2025,CS,B,43.8891,-61.3883,43.8891,-61.3883,8,,401677613,-131
260358,260358,UT,DS,1,0,1,,,11:28:44 16-Nov-2025,SR,B,43.8557,-61.5979,43.8557,-61.5979,8,,401677633,-135
260358,260358,UT,DS,1,0,1,,,12:04:07 16-Nov-2025,CS,B,43.8834,-61.5310,43.8834,-61.5310,8,,401677603,-136
260358,260358,UT,DS,4,0,4,132,47,12:29:07 16-Nov-2025,MC,1,43.8823,-61.3785,43.8823,-61.3785,56,,401677623,-132
260358,260358,UT,DS,3,0,3,224,48,13:29:55 16-Nov-2025,MB,A,43.9141,-61.3100,43.9141,-61.3100,8,,401677580,-127
260358,260358,UT,DS,3,0,3,250,62,14:11:04 16-Nov-2025,MC,A,43.9679,-61.3966,43.9679,-61.3966,6,,401677593,-119
260358,260358,UT,DS,2,0,2,49,49,15:01:15 16-Nov-2025,O3,B,44.0114,-61.4516,,,6,,401677627,-127
260358,260358,UT,DS,1,0,1,,,15:09:17 16-Nov-2025,MB,B,44.0020,-61.4103,44.0020,-61.4103,7,,401677610,-132
260358,260358,UT,DS,1,0,1,,,15:55:26 16-Nov-2025,MC,B,44.0242,-61.4113,44.0242,-61.4113,6,,401677637,-121
260358,260358,UT,DS,1,0,1,,,16:42:06 16-Nov-2025,O3,B,44.0268,-61.4129,44.0268,-61.4129,8,,401677605,-124
260358,260358,UT,DS,1,0,1,,,18:19:24 16-Nov-2025,O3,B,43.9358,-61.3979,43.9358,-61.3979,,,401677594,-130
260358,260358,UT,DS,1,0,1,,,18:19:24 16-Nov-2025,CS,B,43.9896,-61.4087,43.9896,-61.4087,8,,401677565,-139
260358,260358,UT,DS,2,0,2,471,471,19:58:58 16-Nov-2025,CS,B,43.9575,-61.3967,43.9575,-61.3967,8,,401677586,-125
260358,260358,UT,DS,2,0,2,48,48,20:17:48 16-Nov-2025,SR,B,43.9368,-61.4475,43.9368,-61.4475,6,,401677607,-138
260358,260358,UT,DS,1,0,1,,,23:39:27 16-Nov-2025,SR,B,43.9566,-61.4459,43.9566,-61.4459,7,,401677651,-132
260358,260358,UT,DS,1,0,1,,,23:54:02 16-Nov-2025,MC,B,43.8904,-61.4459,43.8904,-61.4459,6,,401677614,-124
260358,260358,UT,DS,1,0,1,,,00:52:59 17-Nov-2025,MB,B,43.8732,-61.4184,43.8732,-61.4184,8,,401677600,-129
260358,260358,UT,DS,3,0,3,369,299,01:33:43 17-Nov-2025,MC,A,43.8764,-61.3909,43.8764,-61.3909,6,,401677616,-115
260358,260358,UT,DS,3,0,3,186,47,03:54:34 17-Nov-2025,O3,A,43.9135,-61.3608,43.9135,-61.3608,8,,401677610,-115
260358,260358,UT,DS,1,0,1,,,07:34:03 17-Nov-2025,SR,B,43.9372,-61.3052,43.9372,-61.3052,8,,401677607,-132
260358,260358,UT,DS,1,0,0,,,07:59:28 17-Nov-2025,CS,B,43.9599,-61.3564,43.9599,-61.3564,6,,401677565,-136
260358,260358,UT,DS,2,0,2,443,443,09:12:12 17-Nov-2025,SR,B,43.9606,-61.4110,43.9606,-61.4110,6,,401677593,-124
260358,260358,UT,DS,1,0,1,,,09:42:47 17-Nov-2025,CS,B,43.9890,-61.4253,43.9890,-61.4253,8,,401677576,-134
260358,260358,UT,DS,2,0,2,424,424,10:51:29 17-Nov-2025,SR,B,44.0106,-61.4035,44.0106,-61.4035,8,,401677577,-128
260358,260358,UT,DS,1,0,1,,,11:22:58 17-Nov-2025,CS,B,44.0285,-61.4056,44.0285,-61.4056,8,,401677566,-129
260358,260358,UT,DS,2,0,2,71,71,12:14:44 17-Nov-2025,MC,B,44.2114,-61.5656,44.2114,-61.5656,5,,401677630,-124
260358,260358,UT,DS,3,0,3,311,64,13:04:32 17-Nov-2025,MB,A,44.3996,-61.2804,41.6260,-46.4369,40,,401677599,-133
260358,260358,UT,DS,1,0,1,,,13:56:59 17-Nov-2025,MC,B,44.3954,-61.2864,41.7529,-46.4959,6,,401677652,-125
260358,260358,UT,DS,1,0,1,,,14:52:42 17-Nov-2025,MB,B,41.9104,-46.5413,44.3706,-61.2743,8,,401676757,-133
260358,260358,UT,DS,2,0,2,551,551,15:28:23 17-Nov-2025,MC,B,44.3257,-61.2010,44.3257,-61.2010,8,,401677637,-129
260358,260358,UT,DS,1,0,1,,,17:36:08 17-Nov-2025,O3,B,44.2721,-61.1316,44.2721,-61.1316,8,,401677598,-129
260358,260358,UT,DS,1,0,1,,,19:21:41 17-Nov-2025,CS,B,44.2471,-61.0983,44.2471,-61.0983,8,,401677606,-130
260358,260358,UT,DS,3,0,3,250,47,20:59:11 17-Nov-2025,CS,A,44.0244,-61.3583,44.0244,-61.3583,8,,401677576,-126
260358,260358,UT,DS,4,0,4,189,48,21:30:44 17-Nov-2025,SR,0,43.9631,-61.4496,43.9631,-61.4496,46,,401677589,-126
260358,260358,UT,DS,1,0,1,,,22:54:03 17-Nov-2025,MB,B,43.8677,-61.5498,43.8677,-61.5498,7,,401677623,-134
260358,260358,UT,DS,3,0,3,237,47,23:05:09 17-Nov-2025,SR,A,43.9109,-61.4298,43.9109,-61.4298,6,,401677616,-122
260358,260358,UT,DS,4,0,4,142,47,23:34:31 17-Nov-2025,MC,0,43.9409,-61.4562,43.9409,-61.4562,46,,401677613,-121
260358,260358,UT,DS,2,0,2,57,57,00:31:48 18-Nov-2025,MB,B,43.9046,-61.5367,43.9046,-61.5367,8,,401677620,-126
260358,260358,UT,DS,1,0,1,,,00:46:05 18-Nov-2025,SR,B,43.9129,-61.4955,43.9129,-61.4955,6,,401677615,-138
260358,260358,UT,DS,3,0,3,338,51,01:11:02 18-Nov-2025,MC,A,43.9541,-61.3819,43.9541,-61.3819,6,,401677617,-122
260358,260358,UT,DS,2,0,2,47,47,01:29:04 18-Nov-2025,O3,B,43.9383,-61.4007,43.9383,-61.4007,6,,401677628,-132
260358,260358,UT,DS,2,0,2,351,351,03:04:44 18-Nov-2025,O3,B,43.8624,-61.4683,43.8624,-61.4683,6,,401677627,-123
260358,260358,UT,DS,1,0,1,,,03:01:49 18-Nov-2025,MC,B,43.8424,-61.4981,43.8424,-61.4981,8,,401677638,-132
260358,260358,UT,DS,2,0,2,49,49,04:47:47 18-Nov-2025,O3,B,43.8700,-61.4633,43.8700,-61.4633,8,,401677618,-124
260358,260358,UT,DS,2,0,2,319,319,08:43:53 18-Nov-2025,SR,B,43.8781,-61.4716,,,8,,401677627,-122
260358,260358,UT,DS,2,0,2,587,587,09:03:32 18-Nov-2025,CS,B,43.8959,-61.4762,43.8959,-61.4762,6,,401677612,-131
260358,260358,UT,DS,1,0,1,,,10:29:20 18-Nov-2025,SR,B,43.8824,-61.4776,43.8824,-61.4776,8,,401677615,-135
260358,260358,UT,DS,2,0,2,390,390,10:39:03 18-Nov-2025,CS,B,43.9333,-61.4449,43.9333,-61.4449,6,,401677599,-122
260358,260358,UT,DS,2,0,2,55,55,14:28:47 18-Nov-2025,MB,B,43.9482,-61.4646,43.9482,-61.4646,8,,401677597,-129
260358,260358,UT,DS,1,0,1,,,15:08:16 18-Nov-2025,O3,B,43.8862,-61.5339,43.8862,-61.5339,8,,401677540,-128
260358,260358,UT,DS,1,0,1,,,15:08:16 18-Nov-2025,MC,B,43.9165,-61.5008,43.9165,-61.5008,7,,401677583,-126
260358,260358,UT,DS,1,0,1,,,16:42:32 18-Nov-2025,O3,B,43.8883,-61.5361,43.8883,-61.5361,8,,401677585,-130
260358,260358,UT,DS,2,0,2,53,53,20:15:42 18-Nov-2025,CS,B,43.9415,-61.5141,43.9415,-61.5141,8,,401677590,-118
260358,260358,UT,DS,1,0,1,,,20:52:56 18-Nov-2025,SR,B,43.9228,-61.5503,43.9228,-61.5503,8,,401677599,-126
260358,260358,UT,DS,2,0,2,340,340,21:55:41 18-Nov-2025,CS,B,43.9255,-61.4871,43.9255,-61.4871,8,,401677602,-129
260358,260358,UT,DS,2,0,2,309,309,22:36:20 18-Nov-2025,SR,B,43.9132,-61.4884,43.9132,-61.4884,8,,401677602,-121
260358,260358,UT,DS,1,0,1,,,23:17:01 18-Nov-2025,MC,B,43.9075,-61.4911,43.9075,-61.4911,8,,401677611,-126
260358,260358,UT,DS,4,0,4,208,56,00:08:42 19-Nov-2025,MB,1,43.9279,-61.4718,43.9279,-61.4718,58,,401677606,-127
260358,260358,UT,DS,3,0,3,153,56,00:10:14 19-Nov-2025,SR,A,43.9171,-61.5096,43.9171,-61.5096,6,,401677594,-129
260358,260358,UT,DS,3,0,3,301,290,00:52:34 19-Nov-2025,MC,A,43.9175,-61.5121,43.9175,-61.5121,7,,401677606,-123
260358,260358,UT,DS,1,0,1,,,01:56:48 19-Nov-2025,MB,B,43.9224,-61.4921,43.9224,-61.4921,8,,401677603,-134
260358,260358,UT,DS,1,0,1,,,02:19:02 19-Nov-2025,O3,B,43.9234,-61.4943,43.9234,-61.4943,6,,401677609,-127
260358,260358,UT,DS,1,0,1,,,02:38:22 19-Nov-2025,MC,B,43.9225,-61.4991,43.9225,-61.4991,6,,401677604,-122
260358,260358,UT,DS,1,0,1,,,03:58:25 19-Nov-2025,O3,B,43.9231,-61.4745,43.9231,-61.4745,8,,401677602,-120
260358,260358,UT,DS,1,0,1,,,08:10:05 19-Nov-2025,SR,B,43.9359,-61.4176,43.9359,-61.4176,8,,401677613,-130
260358,260358,UT,DS,1,0,1,,,13:08:53 19-Nov-2025,MC,B,44.0430,-61.4345,44.0430,-61.4345,8,,401677554,-125
260358,260358,UT,DS,1,0,1,,,14:04:36 19-Nov-2025,MB,B,44.0337,-61.5064,44.0337,-61.5064,8,,401677567,-132
260358,260358,UT,DS,1,0,1,,,14:51:45 19-Nov-2025,MC,B,44.0497,-61.4917,44.0497,-61.4917,8,,401677567,-122
260358,260358,UT,DS,2,0,2,47,47,17:37:10 19-Nov-2025,O3,B,43.9723,-61.5990,43.9723,-61.5990,8,,401677516,-129
260358,260358,UT,DS,1,0,1,,,20:19:00 19-Nov-2025,SR,B,43.9184,-61.5022,43.9184,-61.5022,7,,401677571,-136
260358,260358,UT,DS,2,0,2,353,353,22:00:42 19-Nov-2025,SR,B,43.9109,-61.4738,43.9109,-61.4738,7,,401677594,-121
260358,260358,UT,DS,1,0,1,,,22:56:02 19-Nov-2025,MC,B,43.9286,-61.4818,43.9286,-61.4818,7,,401677610,-127
260358,260358,UT,DS,2,0,2,288,288,23:38:35 19-Nov-2025,SR,B,43.9211,-61.4740,43.9211,-61.4740,7,,401677619,-127
260358,260358,UT,DS,2,0,2,386,386,23:52:57 19-Nov-2025,MB,B,43.8922,-61.4878,43.8922,-61.4878,6,,401677615,-131
260358,260358,UT,DS,2,0,2,335,335,00:36:55 20-Nov-2025,MC,B,43.8890,-61.4837,43.8890,-61.4837,8,,401677609,-114
260358,260358,UT,DS,4,0,4,188,47,13:44:40 20-Nov-2025,MB,0,43.8027,-61.5267,43.8027,-61.5267,40,,401677600,-125
260358,260358,UT,DS,4,0,4,136,46,14:28:36 20-Nov-2025,MC,0,43.9399,-61.5828,43.9399,-61.5828,48,,401677603,-120
260358,260358,UT,DS,1,0,1,,,15:16:36 20-Nov-2025,O3,B,43.9815,-61.6009,43.9815,-61.6009,8,,401677608,-129
260358,260358,UT,DS,2,0,2,47,47,23:09:22 20-Nov-2025,SR,B,43.9086,-61.5570,43.9086,-61.5570,8,,401677624,-121
260358,260358,UT,DS,2,0,2,224,224,04:03:20 21-Nov-2025,O3,B,43.8735,-61.5479,43.8735,-61.5479,8,,401677617,-124
260358,260358,UT,DS,1,0,1,,,07:13:16 21-Nov-2025,SR,B,43.9553,-61.5464,43.9553,-61.5464,8,,401677600,-135
260358,260358,UT,DS,2,0,2,528,528,08:49:01 21-Nov-2025,SR,B,43.8985,-61.5667,43.8985,-61.5667,8,,401677619,-122
260358,260358,UT,DS,1,0,1,,,10:33:09 21-Nov-2025,SR,B,43.9342,-61.5973,43.9342,-61.5973,8,,401677600,-137
260358,260358,UT,DS,3,0,3,47,46,11:52:36 21-Nov-2025,CS,,,,,,,,401650000,
260358,260358,UT,DS,1,0,1,,,12:30:54 21-Nov-2025,MC,B,43.9507,-61.6087,43.9507,-61.6087,8,,401677605,-125
260358,260358,UT,DS,4,0,4,138,47,13:22:27 21-Nov-2025,MB,0,43.9692,-61.5745,43.9692,-61.5745,48,,401677596,-128
260358,260358,UT,DS,3,0,3,237,48,14:03:47 21-Nov-2025,MC,A,43.9907,-61.5865,43.9907,-61.5865,8,,401677596,-115
260358,260358,UT,DS,1,0,1,,,14:29:51 21-Nov-2025,O3,B,43.9901,-61.5860,43.9901,-61.5860,6,,401677601,-138
260358,260358,UT,DS,2,0,2,57,57,15:09:06 21-Nov-2025,MB,B,44.0543,-61.5036,,,6,,401677615,-130
260358,260358,UT,DS,2,0,2,46,46,15:50:44 21-Nov-2025,MC,B,44.0677,-61.4801,44.0677,-61.4801,8,,401677618,-122
260358,260358,UT,DS,2,0,2,52,52,16:11:52 21-Nov-2025,O3,B,43.9993,-61.3876,43.9993,-61.3876,6,,401677604,-123
260358,260358,UT,DS,2,0,2,48,48,17:46:29 21-Nov-2025,O3,B,43.9936,-61.2708,43.9936,-61.2708,7,,401677636,-121
260358,260358,UT,DS,2,0,2,60,60,19:51:14 21-Nov-2025,CS,,,,,,,,401650000,
260358,260358,UT,DS,1,0,1,,,20:56:52 21-Nov-2025,SR,B,44.0297,-61.0616,44.0297,-61.0616,8,,401677624,-128
260358,260358,UT,DS,1,0,1,,,21:31:10 21-Nov-2025,CS,,,,,,,,401650000,
260358,260358,UT,DS,1,0,1,,,22:40:06 21-Nov-2025,SR,B,44.0270,-61.1142,44.0270,-61.1142,7,,401677655,-119
260358,260358,UT,DS,1,0,1,,,23:14:41 21-Nov-2025,MB,B,44.0266,-61.1937,44.0266,-61.1937,8,,401677658,-136
260358,260358,UT,DS,1,0,1,,,23:50:04 21-Nov-2025,MC,B,43.9737,-61.3990,43.9737,-61.3990,8,,401677597,-127
260358,260358,UT,DS,3,0,3,269,237,00:15:31 22-Nov-2025,SR,A,43.9441,-61.4693,43.9441,-61.4693,6,,401677608,-129
260358,260358,UT,DS,8,0,8,86,47,00:49:08 22-Nov-2025,MB,2,43.9134,-61.4245,43.9134,-61.4245,57,,401677615,-128
260358,260358,UT,DS,2,0,2,300,300,01:32:53 22-Nov-2025,MC,B,43.8833,-61.4277,43.8833,-61.4277,8,,401677621,-116
260358,260358,UT,DS,1,0,1,,,01:43:25 22-Nov-2025,O3,B,43.8836,-61.4274,43.8836,-61.4274,6,,401677620,-130
260358,260358,UT,DS,5,0,5,179,48,03:19:49 22-Nov-2025,O3,0,43.9202,-61.3777,43.9202,-61.3777,46,,401677593,-118
260358,260358,UT,DS,2,0,2,52,52,03:14:53 22-Nov-2025,MC,B,43.9038,-61.3546,43.9038,-61.3546,8,,401677600,-129
260358,260358,UT,DS,2,0,2,50,50,05:02:10 22-Nov-2025,O3,B,43.8540,-61.3811,43.8540,-61.3811,7,,401677625,-130
260358,260358,UT,DS,2,0,2,47,47,07:55:29 22-Nov-2025,CS,,,,,,,,401650000,
260358,260358,UT,DS,4,0,4,133,47,08:15:42 22-Nov-2025,SR,0,43.9266,-61.2333,43.9266,-61.2333,48,,401677591,-124
260358,260358,UT,DS,3,0,3,235,49,09:30:37 22-Nov-2025,CS,,,,,,,,401650000,
260358,260358,UT,DS,1,0,1,,,09:55:57 22-Nov-2025,SR,B,43.9342,-61.2266,43.9342,-61.2266,7,,401677615,-130
260358,260358,UT,DS,2,0,2,58,58,11:13:31 22-Nov-2025,CS,,,,,,,,401650000,
260358,260358,UT,DS,2,0,2,46,46,11:37:41 22-Nov-2025,SR,B,43.8762,-61.1236,43.8762,-61.1236,8,,401677623,-133
260358,260358,UT,DS,2,0,2,47,47,12:07:02 22-Nov-2025,MC,B,43.8995,-61.1382,43.8995,-61.1382,6,,401677546,-126
260358,260358,UT,DS,4,0,4,148,46,13:04:13 22-Nov-2025,MB,0,44.0247,-61.1118,44.0247,-61.1118,46,,401677571,-125
260358,260358,UT,DS,4,0,4,162,46,13:46:31 22-Nov-2025,MC,0,44.0640,-61.0917,44.0640,-61.0917,48,,401677583,-119
260358,260358,UT,DS,3,0,3,223,46,14:42:44 22-Nov-2025,MB,A,44.1152,-61.0228,44.1152,-61.0228,7,,401677595,-128
260358,260358,UT,DS,4,0,4,148,46,15:21:44 22-Nov-2025,O3,0,44.1174,-61.0765,44.1174,-61.0765,48,,401677588,-127
260358,260358,UT,DS,4,0,4,159,46,15:24:40 22-Nov-2025,MC,0,44.1077,-61.0613,44.1077,-61.0613,46,,401677588,-117
260358,260358,UT,DS,3,0,3,281,46,17:02:13 22-Nov-2025,O3,A,44.0724,-60.9957,44.0724,-60.9957,8,,401677583,-120
260358,260358,UT,DS,1,0,1,,,18:42:13 22-Nov-2025,O3,B,44.1049,-60.9688,44.1049,-60.9688,8,,401677564,-133
260358,260358,UT,DS,4,0,4,156,46,19:05:24 22-Nov-2025,CS,,,,,,,,401650000,
260358,260358,UT,DS,2,0,2,47,47,20:23:25 22-Nov-2025,SR,B,44.1261,-60.9381,,,8,,401677577,-133
260358,260358,UT,DS,3,0,3,265,47,20:46:17 22-Nov-2025,CS,,,,,,,,401650000,
260358,260358,UT,DS,2,0,2,47,47,22:27:12 22-Nov-2025,CS,,,,,,,,401650000,
260358,260358,UT,DS,3,0,3,146,46,22:50:38 22-Nov-2025,MB,A,44.2047,-60.9049,44.2047,-60.9049,8,,401677587,-130
260358,260358,UT,DS,1,0,1,,,00:31:51 23-Nov-2025,MB,B,44.2423,-60.8790,44.2423,-60.8790,8,,401677590,-122
260358,260358,UT,DS,1,0,1,,,00:59:08 23-Nov-2025,O3,B,44.2346,-60.8903,44.2346,-60.8903,6,,401677593,-140
260358,260358,UT,DS,5,0,5,160,46,01:09:36 23-Nov-2025,MC,3,44.2406,-60.8542,44.2406,-60.8542,66,,401677598,-110
260358,260358,UT,DS,3,0,3,270,267,02:35:24 23-Nov-2025,O3,A,44.2418,-60.8544,44.2418,-60.8544,8,,401677598,-132
260358,260358,UT,DS,2,0,2,46,46,02:58:23 23-Nov-2025,MC,B,44.2593,-60.8521,44.2593,-60.8521,6,,401677596,-129
260358,260358,UT,DS,3,0,3,160,47,04:14:52 23-Nov-2025,O3,A,44.2560,-60.8327,44.2560,-60.8327,8,,401677598,-125
260358,260358,UT,DS,1,0,1,,,05:52:47 23-Nov-2025,O3,B,44.2686,-60.8116,44.2686,-60.8116,8,,401677587,-139
260358,260358,UT,DS,3,0,3,225,49,07:45:06 23-Nov-2025,SR,A,44.3343,-60.8609,44.3343,-60.8609,8,,401677558,-129
260358,260358,UT,DS,3,0,3,222,46,08:51:17 23-Nov-2025,CS,,,,,,,,401650000,
260358,260358,UT,DS,3,0,3,191,46,09:23:46 23-Nov-2025,SR,A,44.2774,-60.8629,44.2774,-60.8629,8,,401677549,-124
260358,260358,UT,DS,3,0,3,265,47,10:28:37 23-Nov-2025,CS,,,,,,,,401650000,
260358,260358,UT,DS,1,0,1,,,11:00:23 23-Nov-2025,SR,B,44.2746,-60.8496,44.2746,-60.8496,8,,401677541,-136
260358,260358,UT,DS,3,0,3,304,62,13:26:11 23-Nov-2025,MC,A,44.3763,-60.5521,44.3763,-60.5521,7,,401677584,-115
260358,260358,UT,DS,1,0,1,,,14:25:33 23-Nov-2025,MB,B,44.3173,-60.5892,44.3173,-60.5892,5,,401677666,-130
260358,260358,UT,DS,1,0,1,,,14:34:48 23-Nov-2025,O3,B,44.3036,-60.6428,44.3036,-60.6428,6,,401677603,-137
260358,260358,UT,DS,3,0,3,307,54,15:04:38 23-Nov-2025,MC,A,44.3808,-60.6307,49.7813,-88.9265,40,,401677584,-130
260358,260358,UT,DS,3,0,3,362,57,16:18:37 23-Nov-2025,O3,A,44.3933,-60.5774,44.3933,-60.5774,8,,401677583,-130
260358,260358,UT,DS,1,0,1,,,17:52:41 23-Nov-2025,O3,B,44.3621,-60.5970,44.3621,-60.5970,6,,401677642,-126
260358,260358,UT,DS,1,0,1,,,18:34:03 23-Nov-2025,CS,B,44.3970,-60.5366,44.3970,-60.5366,8,,401677562,-139
260358,260358,UT,DS,1,0,1,,,20:08:21 23-Nov-2025,CS,B,44.2884,-60.5332,,,8,,401677530,-124
260358,260358,UT,DS,2,0,2,321,321,21:39:41 23-Nov-2025,SR,B,44.2135,-60.5093,44.2135,-60.5093,5,,401677634,-122
260358,260358,UT,DS,3,0,3,141,52,21:45:48 23-Nov-2025,CS,A,44.1624,-60.7861,44.1624,-60.7861,6,,401677609,-128
260358,260358,UT,DS,3,0,3,168,47,23:11:06 23-Nov-2025,MC,A,44.1705,-60.8105,44.1705,-60.8105,8,,401677605,-123
260358,260358,UT,DS,3,0,3,168,47,23:16:19 23-Nov-2025,SR,A,44.1773,-60.8232,44.1773,-60.8232,6,,401677598,-123
260358,260358,UT,DS,2,0,2,260,260,00:06:24 24-Nov-2025,MB,B,44.1980,-60.8427,44.1980,-60.8427,8,,401677602,-125
260358,260358,UT,DS,1,0,1,,,00:50:33 24-Nov-2025,SR,B,44.1937,-60.8537,44.1937,-60.8537,,,401677595,-136
260358,260358,UT,DS,2,0,2,266,266,00:50:33 24-Nov-2025,MC,B,44.1902,-60.8589,44.1902,-60.8589,8,,401677603,-114
260358,260358,UT,DS,1,0,1,,,01:47:13 24-Nov-2025,MB,B,44.1847,-60.8601,44.1847,-60.8601,8,,401677595,-135
260358,260358,UT,DS,3,0,3,145,48,01:49:06 24-Nov-2025,O3,A,44.1699,-60.8414,44.1699,-60.8414,6,,401677605,-126
260358,260358,UT,DS,3,0,3,148,91,02:32:00 24-Nov-2025,MC,A,44.1782,-60.8305,44.1782,-60.8305,8,,401677606,-121
260358,260358,UT,DS,1,0,1,,,03:31:07 24-Nov-2025,O3,B,44.1757,-60.8339,44.1757,-60.8339,8,,401677607,-124
260358,260358,UT,DS,2,0,2,274,274,05:06:19 24-Nov-2025,O3,B,44.1824,-60.8229,44.1824,-60.8229,8,,401677618,-127
260358,260358,UT,DS,1,0,1,,,08:11:24 24-Nov-2025,CS,B,44.2352,-60.8471,44.2352,-60.8471,8,,401677580,-129
260358,260358,UT,DS,1,0,1,,,08:53:57 24-Nov-2025,SR,B,44.2565,-60.8685,44.2565,-60.8685,6,,401677605,-129
260358,260358,UT,DS,5,0,5,173,47,14:42:42 24-Nov-2025,MC,0,44.2318,-60.8753,44.2318,-60.8753,48,,401677578,-122
260358,260358,UT,DS,1,0,1,,,16:25:42 24-Nov-2025,MC,B,44.2516,-60.8739,44.2516,-60.8739,8,,401677542,-126
260358,260358,UT,DS,3,0,3,305,49,22:44:04 24-Nov-2025,SR,A,44.2584,-60.6365,44.2584,-60.6365,8,,401677591,-131
260358,260358,UT,DS,1,0,1,,,22:52:24 24-Nov-2025,MC,B,44.2901,-60.6571,44.2901,-60.6571,6,,401677614,-130
260358,260358,UT,DS,3,0,3,170,46,23:48:26 24-Nov-2025,MB,A,44.2782,-60.8019,44.2782,-60.8019,8,,401677570,-131
260358,260358,UT,DS,4,0,4,127,47,00:19:59 25-Nov-2025,SR,0,44.2619,-60.7869,44.2619,-60.7869,48,,401677571,-130
260358,260358,UT,DS,1,0,1,,,00:39:31 25-Nov-2025,MC,B,44.2596,-60.7935,44.2596,-60.7935,6,,401677586,-134
260358,260358,UT,DS,1,0,1,,,01:04:58 25-Nov-2025,O3,B,44.2568,-60.7987,44.2568,-60.7987,6,,401677583,-133
260358,260358,UT,DS,1,0,1,,,01:29:04 25-Nov-2025,MB,B,44.2510,-60.8028,44.2510,-60.8028,6,,401677571,-131
260358,260358,UT,DS,3,0,3,278,65,02:09:38 25-Nov-2025,MC,A,44.2853,-60.7373,44.2853,-60.7373,8,,401677558,-122
260358,260358,UT,DS,1,0,1,,,02:45:44 25-Nov-2025,O3,B,44.2908,-60.7307,44.2908,-60.7307,8,,401677563,-125
260358,260358,UT,DS,1,0,1,,,04:23:30 25-Nov-2025,O3,B,44.2856,-60.7362,44.2856,-60.7362,8,,401677554,-131
260358,260358,UT,DS,1,0,1,,,07:29:17 25-Nov-2025,CS,B,44.2627,-60.7299,44.2627,-60.7299,8,,401677574,-132
260358,260358,UT,DS,3,0,3,206,47,08:21:58 25-Nov-2025,SR,A,44.2471,-60.7722,44.2471,-60.7722,8,,401677560,-127
260358,260358,UT,DS,3,0,3,256,49,09:07:56 25-Nov-2025,CS,A,44.1944,-60.6880,44.1944,-60.6880,8,,401677563,-126
260358,260358,UT,DS,1,0,1,,,10:05:09 25-Nov-2025,SR,B,44.1716,-60.6645,44.1716,-60.6645,8,,401677569,-133
260358,260358,UT,DS,1,0,1,,,10:46:24 25-Nov-2025,CS,B,44.1608,-60.6390,44.1608,-60.6390,8,,401677554,-127
260358,260358,UT,DS,1,0,1,,,11:59:53 25-Nov-2025,MB,B,44.1424,-60.6121,44.1424,-60.6121,8,,401677568,-133
260358,260358,UT,DS,2,0,2,502,502,12:43:07 25-Nov-2025,MC,B,44.1298,-60.5819,44.1298,-60.5819,8,,401677555,-120
260358,260358,UT,DS,1,0,1,,,13:42:03 25-Nov-2025,MB,B,44.1068,-60.5461,44.1068,-60.5461,8,,401677557,-127
260358,260358,UT,DS,3,0,3,269,46,14:25:13 25-Nov-2025,MC,A,44.0631,-60.4945,44.0631,-60.4945,8,,401677563,-116
260358,260358,UT,DS,2,0,2,47,47,14:41:33 25-Nov-2025,O3,B,44.0086,-60.4705,44.0086,-60.4705,6,,401677512,-130
260358,260358,UT,DS,1,0,1,,,16:08:28 25-Nov-2025,MC,B,43.9520,-60.3942,43.9520,-60.3942,8,,401677513,-124
260358,260358,UT,DS,2,0,2,431,431,16:21:45 25-Nov-2025,O3,B,44.0694,-60.3097,44.0694,-60.3097,6,,401677552,-119
260358,260358,UT,DS,2,0,2,46,46,18:50:31 25-Nov-2025,CS,B,44.0937,-60.3798,44.0937,-60.3798,7,,401677608,-139
260358,260358,UT,DS,1,0,1,,,20:22:32 25-Nov-2025,CS,B,44.1241,-60.3680,44.1241,-60.3680,7,,401677634,-124
260358,260358,UT,DS,1,0,1,,,20:32:29 25-Nov-2025,SR,B,44.1811,-60.4158,44.1811,-60.4158,6,,401677564,-137
260358,260358,UT,DS,1,0,1,,,22:32:26 25-Nov-2025,MC,B,44.1596,-60.3731,44.1596,-60.3731,8,,401677582,-128
260358,260358,UT,DS,1,0,1,,,23:28:34 25-Nov-2025,MB,B,44.1428,-60.3523,44.1428,-60.3523,8,,401677574,-131
260358,260358,UT,DS,1,0,1,,,23:46:35 25-Nov-2025,SR,B,44.1160,-60.3678,44.1160,-60.3678,6,,401677606,-137
260358,260358,UT,DS,4,0,4,174,47,00:17:03 26-Nov-2025,MC,0,44.1318,-60.4821,44.1318,-60.4821,48,,401677574,-117
260358,260358,UT,DS,2,0,2,226,226,05:12:34 26-Nov-2025,O3,B,44.1344,-60.6316,44.1344,-60.6316,8,,401677528,-133
260358,260358,UT,DS,1,0,1,,,07:44:38 26-Nov-2025,SR,B,44.1339,-60.7077,44.1339,-60.7077,7,,401677582,-133
260358,260358,UT,DS,1,0,1,,,08:24:49 26-Nov-2025,CS,B,44.0481,-60.4407,44.0481,-60.4407,5,,401677648,-130
260358,260358,UT,DS,1,0,1,,,09:25:21 26-Nov-2025,SR,B,43.9926,-60.2138,43.9926,-60.2138,8,,401677591,-128
260358,260358,UT,DS,2,0,2,255,255,10:04:48 26-Nov-2025,CS,B,43.9344,-60.1921,43.9344,-60.1921,6,,401677622,-120
260358,260358,UT,DS,5,0,5,82,47,11:04:54 26-Nov-2025,SR,1,43.9703,-60.1412,43.9703,-60.1412,58,,401677608,-131
260358,260358,UT,DS,1,0,1,,,11:45:12 26-Nov-2025,CS,B,43.9440,-60.0932,43.9440,-60.0932,5,,401677649,-135
260358,260358,UT,DS,2,0,2,184,184,12:25:04 26-Nov-2025,MC,B,43.9690,-60.1687,43.9690,-60.1687,8,,401677623,-133
260358,260358,UT,DS,5,0,5,115,92,13:21:02 26-Nov-2025,MB,2,43.9797,-60.1563,43.9797,-60.1563,58,,401677615,-125
260358,260358,UT,DS,6,0,6,92,92,14:03:58 26-Nov-2025,MC,0,43.9731,-60.1427,43.9731,-60.1427,57,,401677627,-118
260358,260358,UT,DS,2,0,2,47,47,15:02:56 26-Nov-2025,MB,B,43.9589,-60.0678,43.9589,-60.0678,8,,401677576,-133
260358,260358,UT,DS,5,0,5,92,92,15:38:36 26-Nov-2025,O3,1,43.9768,-60.1732,43.9768,-60.1732,55,,401677621,-124
260358,260358,UT,DS,4,0,4,199,114,13:28:31 28-Nov-2025,MC,0,43.9746,-60.1259,43.9746,-60.1259,40,,401650000,-123
260358,260358,UT,DS,3,0,3,179,48,14:19:59 28-Nov-2025,MB,A,43.9959,-60.1462,43.9959,-60.1462,8,,401677563,-131
260358,260358,UT,DS,3,0,3,281,280,14:59:15 28-Nov-2025,MC,A,44.0157,-60.1826,44.0157,-60.1826,8,,401677558,-135
260358,260358,UT,DS,3,0,3,219,47,19:59:00 28-Nov-2025,CS,A,44.0900,-60.3009,44.0900,-60.3009,8,,401677550,-124
260358,260358,UT,DS,2,0,2,47,47,20:34:35 28-Nov-2025,SR,B,44.0932,-60.3160,44.0932,-60.3160,6,,401677585,-131
260358,260358,UT,DS,2,0,2,46,46,21:38:24 28-Nov-2025,CS,B,44.0795,-60.3401,44.0795,-60.3401,8,,401677555,-124
260358,260358,UT,DS,2,0,2,46,46,22:16:24 28-Nov-2025,SR,B,44.0580,-60.3698,44.0580,-60.3698,6,,401677572,-120
260358,260358,UT,DS,1,0,1,,,23:10:20 28-Nov-2025,MC,B,44.0768,-60.4722,44.0768,-60.4722,8,,401677549,-124
260358,260358,UT,DS,2,0,2,340,340,23:53:11 28-Nov-2025,SR,B,44.0523,-60.4028,44.0523,-60.4028,6,,401677588,-130
260358,260358,UT,DS,1,0,1,,,00:02:13 29-Nov-2025,MB,B,44.0481,-60.4049,44.0481,-60.4049,6,,401677578,-126
260358,260358,UT,DS,1,0,1,,,00:55:36 29-Nov-2025,MC,B,44.0410,-60.4072,44.0410,-60.4072,8,,401677582,-127
260358,260358,UT,DS,1,0,1,,,01:42:54 29-Nov-2025,MB,B,44.0358,-60.4103,44.0358,-60.4103,8,,401677587,-128
260358,260358,UT,DS,1,0,1,,,02:28:06 29-Nov-2025,MC,B,44.0365,-60.4111,44.0365,-60.4111,8,,401677592,-121
260358,260358,UT,DS,2,0,2,292,292,02:57:55 29-Nov-2025,O3,B,44.0006,-60.4889,44.0006,-60.4889,6,,401677596,-127
260358,260358,UT,DS,3,0,3,153,51,04:35:28 29-Nov-2025,O3,A,44.0448,-60.5556,44.0448,-60.5556,8,,401677577,-124
260358,260358,UT,DS,4,0,4,114,48,07:52:59 29-Nov-2025,SR,1,44.0299,-60.5671,44.0299,-60.5671,58,,401677584,-130
260358,260358,UT,DS,4,0,4,123,47,08:00:58 29-Nov-2025,CS,1,44.0330,-60.5695,44.0330,-60.5695,56,,401677590,-131
260358,260358,UT,DS,2,0,2,279,279,09:28:35 29-Nov-2025,SR,B,44.0402,-60.5858,44.0402,-60.5858,8,,401677581,-127
260358,260358,UT,DS,1,0,1,,,11:12:06 29-Nov-2025,SR,B,44.0465,-60.5974,44.0465,-60.5974,8,,401677586,-134
260358,260358,UT,DS,2,0,2,313,313,11:19:28 29-Nov-2025,CS,B,44.0605,-60.6227,44.0605,-60.6227,6,,401677581,-128
260358,260358,UT,DS,1,0,1,,,13:05:27 29-Nov-2025,MC,B,44.0868,-60.6336,44.0868,-60.6336,8,,401677554,-125
260358,260358,UT,DS,1,0,1,,,14:01:18 29-Nov-2025,MB,B,44.0914,-60.6295,44.0914,-60.6295,8,,401677551,-130
260358,260358,UT,DS,3,0,3,276,50,14:41:38 29-Nov-2025,MC,A,44.0641,-60.6400,44.0641,-60.6400,8,,401677552,-122
260358,260358,UT,DS,2,0,2,47,47,14:57:40 29-Nov-2025,O3,B,44.0423,-60.6503,44.0423,-60.6503,6,,401677525,-130
260358,260358,UT,DS,1,0,1,,,16:24:29 29-Nov-2025,MC,B,44.0543,-60.6604,44.0543,-60.6604,8,,401677548,-126
260358,260358,UT,DS,2,0,2,51,51,16:39:39 29-Nov-2025,O3,B,44.1189,-60.6147,44.1189,-60.6147,6,,401677584,-118
260358,260358,UT,DS,3,0,3,201,47,18:17:03 29-Nov-2025,O3,A,44.1572,-60.7484,44.1572,-60.7484,8,,401677595,-134
260358,260358,UT,DS,3,0,3,278,238,19:17:14 29-Nov-2025,CS,A,44.1235,-60.7818,44.1235,-60.7818,8,,401677581,-131
260358,260358,UT,DS,3,0,3,199,47,00:23:25 30-Nov-2025,MC,A,44.0442,-61.0296,44.0442,-61.0296,8,,401677614,-116
260358,260358,UT,DS,2,0,2,477,477,02:03:25 30-Nov-2025,MC,B,44.1068,-60.9620,44.1068,-60.9620,8,,401677598,-126
260358,260358,UT,DS,2,0,2,47,47,02:10:58 30-Nov-2025,O3,B,44.0672,-60.9022,44.0672,-60.9022,6,,401677612,-126
260358,260358,UT,DS,1,0,1,,,03:52:21 30-Nov-2025,O3,B,44.0598,-60.9308,44.0598,-60.9308,8,,401677592,-127
260358,260358,UT,DS,1,0,1,,,05:31:53 30-Nov-2025,O3,B,44.0574,-60.9530,44.0574,-60.9530,8,,401677572,-130
260358,260358,UT,DS,2,0,2,47,47,07:23:21 30-Nov-2025,SR,B,43.9524,-61.0830,43.9524,-61.0830,7,,401677600,-133
260358,260358,UT,DS,2,0,2,47,47,09:00:42 30-Nov-2025,SR,B,43.9259,-61.1625,43.9259,-61.1625,,,401677597,-119
260358,260358,UT,DS,2,0,2,47,47,09:00:42 30-Nov-2025,CS,B,43.9275,-61.1669,43.9275,-61.1669,8,,401677591,-125
260358,260358,UT,DS,1,0,1,,,10:40:52 30-Nov-2025,CS,B,43.8950,-61.2297,43.8950,-61.2297,8,,401677603,-129
260358,260358,UT,DS,1,0,1,,,10:40:52 30-Nov-2025,SR,B,43.8984,-61.2290,43.8984,-61.2290,8,,401677595,-130
260358,260358,UT,DS,1,0,1,,,13:47:15 30-Nov-2025,MB,B,43.8524,-61.3443,43.8524,-61.3443,8,,401677590,-126
260358,260358,UT,DS,2,0,2,384,384,14:20:41 30-Nov-2025,MC,B,43.8756,-61.2813,43.8756,-61.2813,8,,401677593,-114
260358,260358,UT,DS,1,0,1,,,15:49:44 30-Nov-2025,O3,B,43.9194,-61.3925,43.9194,-61.3925,8,,401677550,-126
260358,260358,UT,DS,1,0,1,,,21:09:52 30-Nov-2025,SR,B,43.9140,-61.6221,43.9140,-61.6221,8,,401677575,-126
260358,260358,UT,DS,1,0,1,,,21:58:18 30-Nov-2025,CS,B,43.9573,-61.5848,43.9573,-61.5848,6,,401677612,-135
260358,260358,UT,DS,1,0,1,,,22:50:08 30-Nov-2025,SR,B,43.9571,-61.6213,43.9571,-61.6213,7,,401677627,-118
260358,260358,UT,DS,1,0,1,,,00:07:47 01-Dec-2025,MC,B,43.9028,-61.4977,43.9028,-61.4977,8,,401677568,-115
260358,260358,UT,DS,1,0,1,,,00:26:21 01-Dec-2025,SR,B,43.8923,-61.5033,43.8923,-61.5033,6,,401677592,-131
260358,260358,UT,DS,3,0,3,143,47,01:27:56 01-Dec-2025,O3,A,43.8280,-61.3591,43.8280,-61.3591,7,,401677615,-134
260358,260358,UT,DS,4,0,4,246,48,01:42:13 01-Dec-2025,MC,3,43.8438,-61.3881,43.8438,-61.3881,56,,401677606,-124
260358,260358,UT,DS,5,0,5,155,47,03:07:37 01-Dec-2025,O3,2,43.8242,-61.3840,43.8242,-61.3840,58,,401677604,-121
260358,260358,UT,DS,3,0,3,190,49,04:43:52 01-Dec-2025,O3,A,43.7952,-61.3819,43.7952,-61.3819,8,,401677608,-126
260358,260358,UT,DS,2,0,2,317,317,08:21:18 01-Dec-2025,CS,B,43.7831,-61.3895,43.7831,-61.3895,8,,401677616,-126
260358,260358,UT,DS,1,0,1,,,08:23:57 01-Dec-2025,SR,B,43.7738,-61.3998,43.7738,-61.3998,6,,401677597,-130
260358,260358,UT,DS,3,0,3,333,294,09:59:24 01-Dec-2025,CS,A,43.6983,-61.4029,43.6983,-61.4029,8,,401677598,-127
260358,260358,UT,DS,1,0,1,,,10:05:10 01-Dec-2025,SR,B,43.7514,-61.3733,43.7514,-61.3733,8,,401677603,-125
260358,260358,UT,DS,2,0,2,49,49,11:34:43 01-Dec-2025,CS,B,43.6528,-61.3489,43.6528,-61.3489,7,,401677617,-136
260358,260358,UT,DS,4,0,4,130,47,12:21:00 01-Dec-2025,MC,1,43.6479,-61.4719,43.6479,-61.4719,58,,401677597,-124
260358,260358,UT,DS,3,0,3,238,48,13:18:22 01-Dec-2025,MB,A,43.6690,-61.4779,,,8,,401677594,-127
260358,260358,UT,DS,3,0,3,323,315,13:58:12 01-Dec-2025,MC,A,43.5955,-61.5260,43.5955,-61.5260,8,,401677586,-111
260358,260358,UT,DS,1,0,1,,,15:00:39 01-Dec-2025,MB,B,43.5561,-61.5460,43.5561,-61.5460,8,,401677575,-130
260358,260358,UT,DS,3,0,3,191,47,15:08:24 01-Dec-2025,O3,A,43.5465,-61.5105,43.5465,-61.5105,6,,401677582,-126
260358,260358,UT,DS,4,0,4,147,47,15:38:10 01-Dec-2025,MC,0,43.5480,-61.5067,43.5480,-61.5067,46,,401677570,-129
260358,260358,UT,DS,1,0,1,,,16:51:10 01-Dec-2025,O3,B,43.5033,-61.5531,43.5033,-61.5531,8,,401677580,-139
260358,260358,UT,DS,1,0,1,,,18:23:54 01-Dec-2025,O3,B,43.5084,-61.5482,43.5084,-61.5482,8,,401677586,-138
260358,260358,UT,DS,1,0,1,,,00:02:44 02-Dec-2025,SR,B,43.3184,-61.7697,43.3184,-61.7697,8,,401677561,-131
260358,260358,UT,DS,1,0,1,,,00:40:15 02-Dec-2025,MB,B,43.3701,-61.7061,43.3701,-61.7061,8,,401677571,-130
260358,260358,UT,DS,3,0,3,202,47,01:26:25 02-Dec-2025,MC,A,43.4519,-61.6220,43.4519,-61.6220,8,,401677579,-114
260358,260358,UT,DS,2,0,2,49,49,02:20:54 02-Dec-2025,O3,B,43.4084,-61.6738,43.4084,-61.6738,7,,401677599,-129
260358,260358,UT,DS,2,0,2,49,49,03:07:04 02-Dec-2025,MC,B,43.4213,-61.5769,43.4213,-61.5769,8,,401677602,-126
260358,260358,UT,DS,3,0,3,290,47,03:57:22 02-Dec-2025,O3,A,43.5181,-61.6414,43.5181,-61.6414,8,,401677579,-125
260358,260358,UT,DS,1,0,1,,,05:34:30 02-Dec-2025,O3,B,43.5611,-61.6434,43.5611,-61.6434,8,,401677554,-135
260358,260358,UT,DS,3,0,3,168,52,07:56:42 02-Dec-2025,SR,A,43.5190,-61.6748,43.5190,-61.6748,8,,401677561,-128
260358,260358,UT,DS,1,0,1,,,11:18:44 02-Dec-2025,SR,B,43.5631,-61.7039,43.5631,-61.7039,8,,401677545,-135
260358,260358,UT,DS,1,0,1,,,12:05:14 02-Dec-2025,MC,B,43.5009,-61.6808,,,6,,401677581,-132
260358,260358,UT,DS,2,0,2,450,450,14:37:22 02-Dec-2025,MB,B,43.4454,-61.5820,43.4454,-61.5820,8,,401677570,-132
260358,260358,UT,DS,3,0,3,233,56,15:20:37 02-Dec-2025,MC,A,43.5523,-61.5420,43.5523,-61.5420,6,,401677601,-119
260358,260358,UT,DS,2,0,2,57,57,16:00:05 02-Dec-2025,O3,B,43.4575,-61.5824,43.4575,-61.5824,8,,401677579,-120
260358,260358,UT,DS,4,0,4,125,47,21:48:16 02-Dec-2025,SR,0,43.5104,-61.5630,43.5104,-61.5630,48,,401677585,-123
260358,260358,UT,DS,1,0,1,,,22:44:37 02-Dec-2025,MB,B,43.5040,-61.5642,43.5040,-61.5642,8,,401677593,-132
260358,260358,UT,DS,3,0,3,159,47,23:24:28 02-Dec-2025,MC,A,43.4562,-61.5391,43.4562,-61.5391,6,,401677611,-120
260358,260358,UT,DS,2,0,2,319,319,23:27:08 02-Dec-2025,SR,B,43.4602,-61.5400,43.4602,-61.5400,6,,401677573,-126
260358,260358,UT,DS,4,0,4,192,65,00:21:25 03-Dec-2025,MB,0,43.4995,-61.5943,43.4995,-61.5943,47,,401677594,-125
260358,260358,UT,DS,4,0,4,197,48,01:03:46 03-Dec-2025,MC,0,43.5211,-61.5650,43.5211,-61.5650,48,,401677593,-115
260358,260358,UT,DS,1,0,1,,,01:34:23 03-Dec-2025,O3,B,43.5229,-61.5639,43.5229,-61.5639,8,,401677593,-131
260358,260358,UT,DS,2,0,2,47,47,02:47:38 03-Dec-2025,MC,B,43.5254,-61.5067,43.5254,-61.5067,8,,401677589,-120
260358,260358,UT,DS,2,0,2,340,340,03:16:11 03-Dec-2025,O3,B,43.5331,-61.5101,43.5331,-61.5101,6,,401677594,-122
260358,260358,UT,DS,2,0,2,301,301,04:50:58 03-Dec-2025,O3,B,43.5187,-61.5562,43.5187,-61.5562,8,,401677594,-124
260358,260358,UT,DS,2,0,2,262,262,07:28:09 03-Dec-2025,SR,B,43.5034,-61.5542,43.5034,-61.5542,8,,401677605,-130
260358,260358,UT,DS,2,0,2,298,298,09:02:48 03-Dec-2025,SR,B,43.5047,-61.5368,43.5047,-61.5368,8,,401677611,-120
260358,260358,UT,DS,4,0,4,136,47,10:42:47 03-Dec-2025,SR,0,43.5309,-61.5698,43.5309,-61.5698,48,,401677600,-137
260358,260358,UT,DS,3,0,3,191,49,13:17:40 03-Dec-2025,MC,A,43.5188,-61.5143,43.5188,-61.5143,8,,401677615,-131
260358,260358,UT,DS,3,0,3,218,47,14:15:22 03-Dec-2025,MB,A,43.4707,-61.5033,43.4707,-61.5033,8,,401677595,-124
260358,260358,UT,DS,2,0,2,47,47,15:00:45 03-Dec-2025,MC,B,43.4779,-61.4833,43.4779,-61.4833,8,,401677595,-118
260358,260358,UT,DS,2,0,2,47,47,15:16:20 03-Dec-2025,O3,B,43.4948,-61.5518,43.4948,-61.5518,6,,401677602,-128
260358,260358,UT,DS,1,0,1,,,16:39:22 03-Dec-2025,MC,B,43.4662,-61.4619,43.4662,-61.4619,8,,401677594,-133
260358,260358,UT,DS,1,0,1,,,16:54:30 03-Dec-2025,O3,B,43.4865,-61.4780,43.4865,-61.4780,6,,401677586,-117
260358,260358,UT,DS,1,0,1,,,18:31:39 03-Dec-2025,O3,B,43.4748,-61.4576,43.4748,-61.4576,8,,401677591,-129
260358,260358,UT,DS,1,0,1,,,00:00:20 04-Dec-2025,MB,B,43.4422,-61.3990,43.4422,-61.3990,8,,401677591,-127
260358,260358,UT,DS,2,0,2,47,47,00:33:22 04-Dec-2025,SR,B,43.5129,-61.5458,43.5129,-61.5458,8,,401677588,-126
260358,260358,UT,DS,3,0,3,156,47,00:43:51 04-Dec-2025,MC,A,43.5033,-61.5371,43.5033,-61.5371,6,,401677591,-117
260358,260358,UT,DS,1,0,1,,,01:40:51 04-Dec-2025,MB,B,43.5324,-61.5693,43.5324,-61.5693,8,,401677577,-129
260358,260358,UT,DS,2,0,2,48,48,02:26:22 04-Dec-2025,O3,B,43.5388,-61.6053,43.5388,-61.6053,8,,401677571,-128
260358,260358,UT,DS,3,0,3,143,47,02:26:47 04-Dec-2025,MC,A,43.5210,-61.6164,43.5210,-61.6164,6,,401677582,-120
260358,260358,UT,DS,4,0,4,177,47,04:06:29 04-Dec-2025,O3,1,43.5226,-61.5590,43.5226,-61.5590,48,,401677585,-119
260358,260358,UT,DS,1,0,1,,,05:42:00 04-Dec-2025,O3,B,43.5418,-61.6090,43.5418,-61.6090,8,,401677586,-138
260358,260358,UT,DS,1,0,1,,,06:55:51 04-Dec-2025,SR,B,43.5346,-61.5870,43.5346,-61.5870,8,,401677582,-135
260358,260358,UT,DS,4,0,4,186,65,08:33:11 04-Dec-2025,SR,3,43.5373,-61.6004,43.5373,-61.6004,58,,401677590,-130
260358,260358,UT,DS,3,0,3,177,47,10:08:36 04-Dec-2025,SR,A,43.5614,-61.6191,43.5614,-61.6191,8,,401677588,-125
260358,260358,UT,DS,1,0,1,,,13:07:00 04-Dec-2025,MC,B,43.5900,-61.6674,43.5900,-61.6674,8,,401677586,-129
260358,260358,UT,DS,2,0,2,327,327,13:57:24 04-Dec-2025,MB,B,43.5462,-61.5771,43.5462,-61.5771,8,,401677590,-125
260358,260358,UT,DS,2,0,2,324,324,14:36:42 04-Dec-2025,MC,B,43.4881,-61.5885,43.4881,-61.5885,8,,401677581,-126
260358,260358,UT,DS,3,0,3,239,47,16:10:45 04-Dec-2025,O3,A,43.6451,-61.5171,43.6451,-61.5171,6,,401677621,-127
260358,260358,UT,DS,2,0,2,47,47,17:45:08 04-Dec-2025,O3,B,43.4315,-61.5563,43.4315,-61.5563,8,,401677590,-130
260358,260358,UT,DS,1,0,1,,,20:41:28 04-Dec-2025,SR,B,43.3777,-61.5972,43.3777,-61.5972,8,,401677519,-129
260358,260358,UT,DS,4,0,4,117,47,22:24:00 04-Dec-2025,SR,0,43.5297,-61.6131,43.5297,-61.6131,46,,401677589,-117
260358,260358,UT,DS,4,0,4,221,96,23:37:04 04-Dec-2025,MB,1,43.5262,-61.5691,43.5262,-61.5691,48,,401677595,-129
260358,260358,UT,DS,2,0,2,49,49,00:03:12 05-Dec-2025,SR,B,43.5327,-61.5413,43.5327,-61.5413,6,,401677602,-124
260358,260358,UT,DS,4,0,4,182,48,00:18:33 05-Dec-2025,MC,1,43.5177,-61.5782,43.5177,-61.5782,46,,401677594,-121
260358,260358,UT,DS,2,0,2,49,49,01:21:01 05-Dec-2025,MB,B,43.5385,-61.5803,43.5385,-61.5803,8,,401677582,-126
260358,260358,UT,DS,2,0,2,284,284,02:01:50 05-Dec-2025,MC,B,43.5375,-61.5885,43.5375,-61.5885,8,,401677584,-121
260358,260358,UT,DS,2,0,2,238,238,03:20:22 05-Dec-2025,O3,B,43.5466,-61.5616,43.5466,-61.5616,8,,401677584,-122
260358,260358,UT,DS,2,0,2,48,48,04:58:33 05-Dec-2025,O3,B,43.5428,-61.5767,43.5428,-61.5767,8,,401677578,-123
260358,260358,UT,DS,3,0,3,142,52,08:02:59 05-Dec-2025,SR,A,43.5486,-61.6320,43.5486,-61.6320,8,,401677591,-131
260358,260358,UT,DS,2,0,2,434,434,09:39:06 05-Dec-2025,SR,B,43.5405,-61.6244,43.5405,-61.6244,8,,401677598,-121
260358,260358,UT,DS,2,0,2,47,47,11:19:36 05-Dec-2025,SR,B,43.5618,-61.5808,43.5618,-61.5808,8,,401677597,-128
260358,260358,UT,DS,1,0,1,,,11:56:35 05-Dec-2025,MB,B,43.5708,-61.5806,43.5708,-61.5806,8,,401677586,-133
260358,260358,UT,DS,4,0,4,141,48,12:37:17 05-Dec-2025,MC,0,43.5522,-61.6194,43.5522,-61.6194,48,,401677567,-127
260358,260358,UT,DS,4,0,4,146,48,13:37:00 05-Dec-2025,MB,0,43.5189,-61.6204,43.5189,-61.6204,48,,401677585,-127
260358,260358,UT,DS,2,0,2,378,378,14:17:46 05-Dec-2025,MC,B,43.5206,-61.6505,43.5206,-61.6505,7,,401677600,-113
260358,260358,UT,DS,1,0,1,,,15:21:31 05-Dec-2025,O3,B,43.5160,-61.6769,43.5160,-61.6769,8,,401677594,-127
260358,260358,UT,DS,1,0,1,,,15:58:55 05-Dec-2025,MC,B,43.5201,-61.6482,43.5201,-61.6482,8,,401677570,-124
260358,260358,UT,DS,2,0,2,349,349,17:01:32 05-Dec-2025,O3,B,43.4896,-61.5848,43.4896,-61.5848,8,,401677578,-123
260358,260358,UT,DS,2,0,2,47,47,18:36:40 05-Dec-2025,O3,B,43.3776,-61.6661,43.3776,-61.6661,8,,401677556,-136
260358,260358,UT,DS,4,0,4,135,47,00:06:17 06-Dec-2025,MC,0,43.4861,-61.6142,43.4861,-61.6142,48,,401677587,-123
260358,260358,UT,DS,2,0,2,48,48,01:05:55 06-Dec-2025,MB,B,43.4862,-61.6194,43.4862,-61.6194,8,,401677583,-124
260358,260358,UT,DS,1,0,1,,,01:06:43 06-Dec-2025,SR,B,43.4875,-61.6146,43.4875,-61.6146,6,,401677574,-132
260358,260358,UT,DS,3,0,3,205,47,01:43:55 06-Dec-2025,MC,A,43.4831,-61.6135,43.4831,-61.6135,6,,401677593,-113
260358,260358,UT,DS,3,0,3,178,48,02:35:08 06-Dec-2025,O3,A,43.5261,-61.5829,43.5261,-61.5829,8,,401677582,-128
260358,260358,UT,DS,3,0,3,180,47,04:13:37 06-Dec-2025,O3,A,43.5284,-61.5693,43.5284,-61.5693,8,,401677584,-121
260358,260358,UT,DS,2,0,2,49,49,07:31:34 06-Dec-2025,SR,B,43.5324,-61.5816,43.5324,-61.5816,8,,401677596,-130
260358,260358,UT,DS,2,0,2,315,315,09:09:32 06-Dec-2025,SR,B,43.5347,-61.5810,43.5347,-61.5810,8,,401677594,-120
260358,260358,UT,DS,3,0,3,187,47,13:13:41 06-Dec-2025,MB,A,43.5057,-61.5939,43.5057,-61.5939,8,,401677590,-124
260358,260358,UT,DS,1,0,1,,,21:19:07 06-Dec-2025,SR,B,43.4994,-61.5779,43.4994,-61.5779,8,,401677594,-126
260358,260358,UT,DS,1,0,1,,,22:55:00 06-Dec-2025,SR,B,43.4970,-61.5785,43.4970,-61.5785,8,,401677590,-127
260358,260358,UT,DS,2,0,2,47,47,23:05:58 06-Dec-2025,MB,B,43.5267,-61.6376,43.5267,-61.6376,6,,401677582,-132
260358,260358,UT,DS,2,0,2,402,402,23:40:16 06-Dec-2025,MC,B,43.5451,-61.5785,43.5451,-61.5785,8,,401677586,-121
260358,260358,UT,DS,1,0,1,,,00:39:05 07-Dec-2025,MB,B,43.5547,-61.5467,43.5547,-61.5467,8,,401677591,-131
260358,260358,UT,DS,1,0,1,,,01:26:17 07-Dec-2025,MC,B,43.5534,-61.5356,43.5534,-61.5356,8,,401677579,-117
260358,260358,UT,DS,2,0,2,47,47,01:51:45 07-Dec-2025,O3,B,43.5324,-61.5681,43.5324,-61.5681,6,,401677596,-130
260358,260358,UT,DS,4,0,4,116,47,03:04:55 07-Dec-2025,MC,1,43.5437,-61.5857,43.5437,-61.5857,58,,401677591,-127
260358,260358,UT,DS,5,0,5,97,47,03:25:59 07-Dec-2025,O3,2,43.5297,-61.5766,43.5297,-61.5766,56,,401677594,-120
260358,260358,UT,DS,2,0,2,47,47,05:06:34 07-Dec-2025,O3,B,43.5386,-61.5527,43.5386,-61.5527,8,,401677586,-125
260358,260358,UT,DS,5,0,5,111,47,08:37:58 07-Dec-2025,SR,2,43.5308,-61.5752,43.5308,-61.5752,58,,401677600,-121
260358,260358,UT,DS,2,0,2,285,285,13:35:11 07-Dec-2025,MC,B,43.5143,-61.5578,43.5143,-61.5578,8,,401677589,-118
260358,260358,UT,DS,2,0,2,94,94,15:23:39 07-Dec-2025,MC,B,43.5709,-61.5715,43.5709,-61.5715,7,,401677619,-120
260358,260358,UT,DS,8,0,8,55,47,15:32:11 07-Dec-2025,O3,1,43.5731,-61.6356,43.5731,-61.6356,56,,401677639,-126
260358,260358,UT,DS,3,0,3,150,47,20:48:00 07-Dec-2025,SR,A,43.5352,-61.5564,43.5352,-61.5564,8,,401677589,-131
260358,260358,UT,DS,4,0,4,120,47,22:28:25 07-Dec-2025,SR,1,43.5275,-61.5831,43.5275,-61.5831,58,,401677584,-119
260358,260358,UT,DS,3,0,3,159,47,00:05:35 08-Dec-2025,SR,A,43.5305,-61.5650,43.5305,-61.5650,8,,401677591,-129
260358,260358,UT,DS,2,0,2,210,210,00:19:42 08-Dec-2025,MB,B,43.5310,-61.5757,43.5310,-61.5757,6,,401677586,-128
260358,260358,UT,DS,5,0,5,77,47,01:01:33 08-Dec-2025,MC,0,43.5298,-61.5678,43.5298,-61.5678,58,,401677593,-113
260358,260358,UT,DS,1,0,1,,,01:57:45 08-Dec-2025,MB,B,43.5307,-61.5598,43.5307,-61.5598,8,,401677589,-131
260358,260358,UT,DS,5,0,5,160,47,02:43:12 08-Dec-2025,O3,2,43.5294,-61.5762,43.5294,-61.5762,56,,401677583,-121
260358,260358,UT,DS,4,0,4,114,47,02:41:54 08-Dec-2025,MC,0,43.5022,-61.5925,43.5022,-61.5925,58,,401677591,-125
260358,260358,UT,DS,4,0,4,177,49,04:22:08 08-Dec-2025,O3,3,43.5232,-61.5710,43.5232,-61.5710,58,,401677582,-120
260358,260358,UT,DS,2,0,2,370,370,13:16:12 08-Dec-2025,MC,B,43.4610,-61.5987,43.4610,-61.5987,8,,401677573,-119
260358,260358,UT,DS,2,0,2,49,49,14:17:02 08-Dec-2025,MB,B,43.5174,-61.5804,43.5174,-61.5804,8,,401677587,-131
260358,260358,UT,DS,2,0,2,48,48,14:45:51 08-Dec-2025,O3,B,43.5186,-61.5717,43.5186,-61.5717,6,,401677592,-132
260358,260358,UT,DS,3,0,3,220,48,14:57:04 08-Dec-2025,MC,A,43.5275,-61.5607,43.5275,-61.5607,6,,401677596,-116
260358,260358,UT,DS,4,0,4,124,47,16:24:36 08-Dec-2025,O3,3,43.5183,-61.5871,43.5183,-61.5871,58,,401677590,-120
260358,260358,UT,DS,6,0,6,103,47,18:01:37 08-Dec-2025,O3,1,43.5270,-61.5971,43.5270,-61.5971,48,,401677587,-127
260358,260358,UT,DS,1,0,1,,,00:03:02 09-Dec-2025,MB,B,43.5252,-61.6074,43.5252,-61.6074,8,,401677577,-131
260358,260358,UT,DS,5,0,5,165,47,00:36:39 09-Dec-2025,MC,1,43.5316,-61.5797,43.5316,-61.5797,58,,401677579,-118
260358,260358,UT,DS,1,0,1,,,01:41:07 09-Dec-2025,MB,B,43.5371,-61.5716,43.5371,-61.5716,8,,401677579,-135
260358,260358,UT,DS,3,0,3,190,48,01:59:15 09-Dec-2025,O3,A,43.5310,-61.5878,43.5310,-61.5878,6,,401677578,-131
260358,260358,UT,DS,1,0,1,,,02:29:21 09-Dec-2025,MC,B,43.5335,-61.5840,43.5335,-61.5840,8,,401677578,-133
260358,260358,UT,DS,4,0,4,118,47,03:34:40 09-Dec-2025,O3,0,43.5282,-61.5653,43.5282,-61.5653,58,,401677580,-118
260358,260358,UT,DS,2,0,2,49,49,05:14:17 09-Dec-2025,O3,B,43.5324,-61.5849,43.5324,-61.5849,8,,401677588,-125
260358,260358,UT,DS,2,0,2,48,48,07:35:46 09-Dec-2025,SR,B,43.5521,-61.5697,43.5521,-61.5697,8,,401677589,-126
260358,260358,UT,DS,2,0,2,48,48,09:12:34 09-Dec-2025,SR,B,43.5503,-61.5528,43.5503,-61.5528,8,,401677588,-124
260358,260358,UT,DS,2,0,2,68,68,10:51:44 09-Dec-2025,SR,B,43.5321,-61.5882,43.5321,-61.5882,8,,401677591,-126
260358,260358,UT,DS,2,0,2,49,49,12:12:43 09-Dec-2025,MB,B,43.5237,-61.5920,43.5237,-61.5920,8,,401677583,-131
260358,260358,UT,DS,4,0,4,207,47,12:51:50 09-Dec-2025,MC,3,43.5284,-61.5632,43.5284,-61.5632,58,,401677591,-118
260358,260358,UT,DS,4,0,4,210,48,13:51:18 09-Dec-2025,MB,2,43.5226,-61.5523,43.5226,-61.5523,58,,401677593,-123
260358,260358,UT,DS,5,0,5,173,47,14:32:37 09-Dec-2025,MC,1,43.5268,-61.5591,43.5268,-61.5591,48,,401677598,-113
260358,260358,UT,DS,3,0,3,185,47,15:39:31 09-Dec-2025,O3,A,43.5108,-61.5340,43.5108,-61.5340,8,,401677589,-124
260358,260358,UT,DS,2,0,2,355,355,16:14:00 09-Dec-2025,MC,B,43.5162,-61.5335,43.5162,-61.5335,8,,401677582,-133
260358,260358,UT,DS,6,0,6,123,47,17:17:29 09-Dec-2025,O3,1,43.5284,-61.4780,43.5284,-61.4780,48,,401677595,-122
260358,260358,UT,DS,2,0,2,47,47,18:52:58 09-Dec-2025,O3,B,43.5086,-61.4331,43.5086,-61.4331,8,,401677605,-136
260358,260358,UT,DS,4,0,4,128,47,00:17:56 10-Dec-2025,MC,1,43.5198,-61.5718,43.5198,-61.5718,58,,401677589,-118
260358,260358,UT,DS,2,0,2,304,304,00:41:57 10-Dec-2025,SR,B,43.5207,-61.5768,43.5207,-61.5768,6,,401677588,-133
260358,260358,UT,DS,1,0,1,,,01:13:35 10-Dec-2025,O3,B,43.5207,-61.5713,43.5207,-61.5713,8,,401677590,-140
260358,260358,UT,DS,1,0,1,,,01:18:14 10-Dec-2025,MB,B,43.5208,-61.5706,43.5208,-61.5706,8,,401677590,-129
260358,260358,UT,DS,7,0,7,115,47,01:58:55 10-Dec-2025,MC,2,43.5268,-61.5805,43.5268,-61.5805,58,,401677593,-115
260358,260358,UT,DS,6,0,6,124,47,02:50:51 10-Dec-2025,O3,1,43.5327,-61.5876,43.5327,-61.5876,48,,401677587,-121
260358,260358,UT,DS,3,0,3,150,47,04:27:28 10-Dec-2025,O3,A,43.5255,-61.5778,43.5255,-61.5778,8,,401677589,-125
260358,260358,UT,DS,1,0,1,,,07:04:09 10-Dec-2025,SR,B,43.5279,-61.5729,43.5279,-61.5729,8,,401677588,-133
260358,260358,UT,DS,5,0,4,106,47,08:41:17 10-Dec-2025,SR,1,43.5268,-61.5885,43.5268,-61.5885,58,,401677592,-122
260358,260358,UT,DS,4,0,4,137,47,10:16:23 10-Dec-2025,SR,0,43.5321,-61.5959,43.5321,-61.5959,48,,401677589,-127
260358,260358,UT,DS,4,0,4,123,47,12:35:47 10-Dec-2025,MC,,,,,,,,401650000,
260358,260358,UT,DS,2,0,2,48,48,13:35:34 10-Dec-2025,MB,B,43.5527,-61.5952,43.5527,-61.5952,8,,401677599,-126
260358,260358,UT,DS,5,0,5,93,47,14:13:42 10-Dec-2025,MC,,,,,,,,401650000,
260358,260358,UT,DS,4,0,4,121,47,14:51:38 10-Dec-2025,O3,0,43.5234,-61.4740,43.5234,-61.4740,48,,401677593,-128
260358,260358,UT,DS,2,0,2,277,277,00:00:15 11-Dec-2025,MC,,,,,,,,401650000,
260358,260358,UT,DS,4,0,4,139,46,00:09:13 11-Dec-2025,SR,0,43.5068,-61.1051,43.5068,-61.1051,48,,401677588,-127
260358,260358,UT,DS,2,0,2,376,376,01:00:11 11-Dec-2025,MB,B,43.5243,-61.0785,43.5243,-61.0785,7,,401677606,-133
260358,260358,UT,DS,6,0,6,148,46,01:34:40 11-Dec-2025,MC,,,,,,,,401650000,
260358,260358,UT,DS,2,0,2,47,47,02:05:27 11-Dec-2025,O3,B,43.5584,-60.9732,43.5584,-60.9732,8,,401677606,-126
260358,260358,UT,DS,4,0,4,148,47,03:42:35 11-Dec-2025,O3,0,43.5388,-60.9609,43.5388,-60.9609,48,,401677603,-120
260358,260358,UT,DS,3,0,3,196,47,05:21:59 11-Dec-2025,O3,A,43.4753,-60.9763,43.4753,-60.9763,7,,401677625,-130
260358,260358,UT,DS,1,0,1,,,08:08:28 11-Dec-2025,SR,B,43.4738,-60.9118,43.4738,-60.9118,8,,401677643,-130
260358,260358,UT,DS,2,0,2,462,462,09:47:33 11-Dec-2025,SR,B,43.4797,-60.9220,43.4797,-60.9220,8,,401677618,-122
260358,260358,UT,DS,2,0,2,46,46,11:26:40 11-Dec-2025,SR,B,43.4612,-60.9119,43.4612,-60.9119,8,,401677622,-135
260358,260358,UT,DS,1,0,1,,,12:16:06 11-Dec-2025,MC,B,43.4889,-60.9356,43.4889,-60.9356,8,,401677580,-124
260358,260358,UT,DS,4,0,4,224,54,13:10:13 11-Dec-2025,MB,0,43.5585,-60.7567,,,47,,401677595,-125
260358,260358,UT,DS,4,0,4,215,57,13:52:46 11-Dec-2025,MC,0,43.5506,-60.7021,43.5506,-60.7021,47,,401677605,-119
260358,260358,UT,DS,2,0,2,368,368,14:50:39 11-Dec-2025,MB,B,43.5844,-60.6465,43.5844,-60.6465,8,,401677614,-132
260358,260358,UT,DS,4,0,4,123,47,15:31:53 11-Dec-2025,MC,0,43.5565,-60.6735,43.5565,-60.6735,48,,401677609,-122
260358,260358,UT,DS,3,0,3,162,47,15:44:13 11-Dec-2025,O3,A,43.5820,-60.6685,43.5820,-60.6685,6,,401677610,-124
260358,260358,UT,DS,4,0,4,121,46,17:24:50 11-Dec-2025,O3,0,43.5938,-60.5970,43.5938,-60.5970,48,,401677587,-122
260358,260358,UT,DS,5,0,5,159,46,00:36:57 12-Dec-2025,MB,2,43.7010,-60.3531,43.7010,-60.3531,58,,401677574,-125
260358,260358,UT,DS,1,0,1,,,01:17:31 12-Dec-2025,O3,B,43.7191,-60.3269,,,,,401677576,-140
260358,260358,UT,DS,3,0,3,220,46,01:17:31 12-Dec-2025,MC,A,43.7201,-60.3259,,,8,,401677580,-120
260358,260358,UT,DS,2,0,2,47,47,02:57:38 12-Dec-2025,O3,B,43.7313,-60.2709,43.7313,-60.2709,8,,401677572,-123
260358,260358,UT,DS,2,0,2,48,48,04:37:29 12-Dec-2025,O3,B,43.7615,-60.2272,43.7615,-60.2272,8,,401677555,-124
260358,260358,UT,DS,2,0,2,46,46,07:39:34 12-Dec-2025,SR,B,43.8011,-60.1500,43.8011,-60.1500,8,,401677572,-126
260358,260358,UT,DS,4,0,4,131,47,09:15:10 12-Dec-2025,SR,0,43.7688,-60.1832,43.7688,-60.1832,48,,401677578,-124
260358,260358,UT,DS,2,0,2,380,380,10:54:31 12-Dec-2025,SR,B,43.7716,-60.1312,43.7716,-60.1312,8,,401677579,-130
260358,260358,UT,DS,2,0,2,47,47,11:51:57 12-Dec-2025,MC,B,43.8220,-60.0904,43.8220,-60.0904,8,,401677577,-127
260358,260358,UT,DS,2,0,2,363,363,12:49:17 12-Dec-2025,MB,B,43.8392,-60.0684,43.8392,-60.0684,8,,401677578,-133
260358,260358,UT,DS,4,0,4,163,46,13:33:38 12-Dec-2025,MC,1,43.7653,-60.1039,43.7653,-60.1039,58,,401677567,-114
260358,260358,UT,DS,2,0,2,361,361,14:32:43 12-Dec-2025,MB,B,43.7579,-60.0476,43.7579,-60.0476,8,,401677562,-130
260358,260358,UT,DS,4,0,4,130,47,14:56:06 12-Dec-2025,O3,1,43.7893,-60.0266,43.7893,-60.0266,56,,401677578,-132
260358,260358,UT,DS,4,0,4,108,46,15:13:31 12-Dec-2025,MC,1,43.7734,-60.0331,43.7734,-60.0331,46,,401677572,-120
260358,260358,UT,DS,3,0,3,208,47,16:37:58 12-Dec-2025,O3,A,43.7612,-59.9690,43.7612,-59.9690,8,,401677573,-120
260358,260358,UT,DS,1,0,1,,,18:19:25 12-Dec-2025,O3,B,43.7512,-59.9188,43.7512,-59.9188,8,,401677561,-136
260358,260358,UT,DS,3,0,3,179,54,00:15:00 13-Dec-2025,MB,A,43.8829,-59.8453,43.8829,-59.8453,8,,401677573,-127
260358,260358,UT,DS,2,0,2,47,47,00:44:29 13-Dec-2025,SR,B,43.8946,-59.8702,43.8946,-59.8702,6,,401677570,-133
260358,260358,UT,DS,5,0,5,171,47,00:54:48 13-Dec-2025,MC,1,43.8888,-59.8662,43.8888,-59.8662,56,,401677571,-114
260358,260358,UT,DS,3,0,3,291,225,02:12:07 13-Dec-2025,O3,A,43.9199,-59.8299,43.9199,-59.8299,8,,401677569,-132
260358,260358,UT,DS,4,0,3,130,78,02:37:59 13-Dec-2025,MC,2,43.9220,-59.8350,,,56,,401677553,-126
260358,260358,UT,DS,4,0,4,92,92,03:49:25 13-Dec-2025,O3,1,43.9461,-59.8065,43.9461,-59.8065,48,,401677548,-121
260358,260358,UT,DS,5,0,5,92,92,08:41:31 13-Dec-2025,SR,3,43.9408,-59.8283,43.9408,-59.8283,58,,401677530,-130
260358,260358,UT,DS,2,0,2,92,92,10:24:15 13-Dec-2025,SR,B,43.9430,-59.8286,43.9430,-59.8286,8,,401677551,-126
260358,260358,UT,DS,3,0,3,92,92,08:13:52 14-Dec-2025,SR,A,43.9415,-59.8287,43.9415,-59.8287,,,401677612,-129
260358,260358,UT,DS,4,0,4,92,92,09:51:14 14-Dec-2025,SR,3,43.9389,-59.8282,43.9389,-59.8282,58,,401677609,-123
260358,260358,UT,DS,6,0,6,92,92,12:52:56 14-Dec-2025,MC,2,43.9333,-59.8266,43.9333,-59.8266,58,,401677616,-123
260358,260358,UT,DS,3,0,3,92,92,13:55:48 14-Dec-2025,MB,A,43.9379,-59.8270,43.9379,-59.8270,8,,401677609,-124
260358,260358,UT,DS,3,0,3,184,92,00:14:03 23-Dec-2025,MB,A,43.9398,-59.8254,43.9398,-59.8254,,,401677515,-129
260358,260358,UT,DS,3,0,3,92,92,00:26:19 23-Dec-2025,SR,A,43.9409,-59.8273,43.9409,-59.8273,6,,401677514,-137
260358,260358,UT,DS,4,0,4,153,92,00:49:19 23-Dec-2025,MC,1,43.9376,-59.8329,43.9376,-59.8329,56,,401677513,-118
260358,260358,UT,DS,1,0,1,,,01:13:51 23-Dec-2025,O3,B,43.9384,-59.8332,43.9384,-59.8332,6,,401677517,-138
260358,260358,UT,DS,5,0,5,92,92,02:50:27 23-Dec-2025,O3,3,43.9377,-59.8359,43.9377,-59.8359,58,,401677523,-126
260358,260358,UT,DS,3,0,3,92,92,04:28:35 23-Dec-2025,O3,A,43.9379,-59.8255,43.9379,-59.8255,8,,401677516,-126
260358,260358,UT,DS,7,0,7,92,92,08:26:15 23-Dec-2025,SR,3,43.9355,-59.8455,43.9355,-59.8455,58,,401677508,-127
260358,260358,UT,DS,6,0,6,92,92,10:03:37 23-Dec-2025,SR,3,43.9368,-59.8367,43.9368,-59.8367,58,,401677510,-129
260358,260358,UT,DS,6,0,6,110,92,01:23:49 31-Dec-2025,MC,1,43.9305,-59.8466,43.9305,-59.8466,40,,401677544,-122
260358,260358,UT,DS,2,0,2,184,184,01:44:31 31-Dec-2025,O3,B,43.9389,-59.8435,43.9389,-59.8435,6,,401677537,-136
260358,260358,UT,DS,5,0,5,92,92,03:21:07 31-Dec-2025,O3,3,43.9344,-59.8508,43.9344,-59.8508,58,,401677555,-120
260358,260358,UT,DS,2,0,2,92,92,05:00:01 31-Dec-2025,O3,B,43.9262,-59.8498,43.9262,-59.8498,8,,401677543,-138
260358,260358,UT,DS,3,0,3,92,92,07:32:35 31-Dec-2025,SR,A,43.9353,-59.8488,43.9353,-59.8488,8,,401677538,-136
260358,260358,UT,DS,5,0,5,115,92,09:06:07 31-Dec-2025,SR,1,43.9391,-59.8284,43.9391,-59.8284,47,,401677565,-122
260358,260358,UT,DS,9,2,9,,,13:19:02 01-Jan-2026,MC,1,43.9312,-59.8231,43.9312,-59.8231,50,,401677567,-120
260358,260358,UT,DS,1,0,1,,,14:24:38 01-Jan-2026,MB,B,43.9155,-59.8224,43.9155,-59.8224,8,,401677543,-127
260358,260358,UT,DS,1,0,1,,,14:37:36 01-Jan-2026,O3,,,,,,,,401650000,
260358,260358,UT,DS,2,0,2,273,273,14:59:55 01-Jan-2026,MC,B,43.9006,-59.7894,43.9006,-59.7894,7,,401677546,-123
260358,260358,UT,DS,4,0,4,184,47,16:11:37 01-Jan-2026,O3,,,,,,,,401650000,
260358,260358,UT,DS,2,0,2,47,47,16:41:12 01-Jan-2026,MC,B,43.8844,-59.7633,43.8844,-59.7633,7,,401677577,-131
260358,260358,UT,DS,3,0,3,136,47,17:53:37 01-Jan-2026,O3,,,,,,,,401650000,
260358,260358,UT,DS,2,0,2,236,236,20:46:18 01-Jan-2026,SR,B,43.8353,-59.5286,43.8353,-59.5286,8,,401677547,-134
260358,260358,UT,DS,4,0,4,146,60,22:28:29 01-Jan-2026,SR,0,43.6526,-59.8968,43.6526,-59.8968,48,,401677550,-119
260358,260358,UT,DS,4,0,4,128,47,23:03:54 01-Jan-2026,MC,0,43.6547,-60.0704,43.6547,-60.0704,47,,401677567,-123
260358,260358,UT,DS,5,0,5,112,47,00:04:12 02-Jan-2026,SR,0,43.6643,-60.1142,43.6643,-60.1142,46,,401677550,-129
260358,260358,UT,DS,3,0,3,50,47,00:03:22 02-Jan-2026,MB,A,43.6584,-60.1638,43.6584,-60.1638,8,,401677552,-126
260358,260358,UT,DS,6,0,5,135,47,00:41:01 02-Jan-2026,MC,0,43.6801,-60.1491,43.6801,-60.1491,48,,401677553,-118
260358,260358,UT,DS,3,0,3,189,47,01:46:02 02-Jan-2026,O3,,,,,,,,401650000,
260358,260358,UT,DS,1,0,1,,,01:46:02 02-Jan-2026,MB,B,43.6768,-60.2395,43.6768,-60.2395,8,,401677550,-132
260358,260358,UT,DS,3,0,3,165,47,02:26:01 02-Jan-2026,MC,A,43.6502,-60.2774,43.6502,-60.2774,7,,401677564,-118
260358,260358,UT,DS,2,0,2,47,47,03:26:21 02-Jan-2026,O3,,,,,,,,401650000,
260358,260358,UT,DS,2,0,2,374,374,05:02:22 02-Jan-2026,O3,,,,,,,,401650000,
260358,260358,UT,DS,3,0,3,155,47,08:06:30 02-Jan-2026,SR,A,43.7230,-60.4975,43.7230,-60.4975,8,,401677558,-130
260358,260358,UT,DS,5,0,5,106,47,09:42:51 02-Jan-2026,SR,3,43.6900,-60.6024,43.6900,-60.6024,58,,401677565,-119
260358,260358,UT,DS,1,0,1,,,11:25:46 02-Jan-2026,SR,B,43.6751,-60.7147,43.6751,-60.7147,8,,401677571,-137
260358,260358,UT,DS,2,0,2,49,49,12:18:35 02-Jan-2026,MB,B,43.7195,-60.7545,43.7195,-60.7545,6,,401677593,-132
260358,260358,UT,DS,5,0,5,136,47,12:55:17 02-Jan-2026,MC,0,43.6721,-60.6930,43.6721,-60.6930,48,,401677577,-133
260358,260358,UT,DS,5,0,5,151,47,13:58:40 02-Jan-2026,MB,2,43.6604,-60.7133,43.6604,-60.7133,58,,401677543,-125
260358,260358,UT,DS,3,0,3,296,238,14:38:35 02-Jan-2026,MC,A,43.6804,-60.7140,43.6804,-60.7140,7,,401677547,-120
260358,260358,UT,DS,2,0,2,251,251,15:30:55 02-Jan-2026,O3,B,43.6809,-60.7719,43.6809,-60.7719,8,,401677551,-128
260358,260358,UT,DS,1,0,1,,,16:20:47 02-Jan-2026,MC,B,43.6797,-60.7947,43.6797,-60.7947,8,,401677564,-128
260358,260358,UT,DS,2,0,2,48,48,17:06:29 02-Jan-2026,O3,B,43.6326,-60.8548,43.6326,-60.8548,8,,401677546,-126
260358,260358,UT,DS,3,0,3,150,47,02:02:29 03-Jan-2026,MC,A,43.7205,-61.1577,43.7205,-61.1577,8,,401677551,-115
260358,260358,UT,DS,1,0,1,,,02:40:36 03-Jan-2026,O3,B,43.7189,-61.1793,43.7189,-61.1793,8,,401677556,-126
260358,260358,UT,DS,2,0,2,47,47,04:21:44 03-Jan-2026,O3,B,43.7285,-61.1860,43.7285,-61.1860,8,,401677562,-119
260358,260358,UT,DS,1,0,1,,,07:34:39 03-Jan-2026,SR,B,43.7263,-61.2002,43.7263,-61.2002,8,,401677586,-130
260358,260358,UT,DS,2,0,2,47,47,09:10:49 03-Jan-2026,SR,B,43.7259,-61.3024,43.7259,-61.3024,8,,401677570,-122
260358,260358,UT,DS,3,0,3,177,47,10:50:48 03-Jan-2026,SR,A,43.7553,-61.3245,43.7553,-61.3245,8,,401677567,-129
260358,260358,UT,DS,4,0,4,126,47,12:37:36 03-Jan-2026,MC,1,43.7559,-61.3660,43.7559,-61.3660,58,,401677571,-128
260358,260358,UT,DS,4,0,4,112,47,13:39:31 03-Jan-2026,MB,1,43.7388,-61.3647,43.7388,-61.3647,58,,401677569,-127
260358,260358,UT,DS,6,0,6,119,47,14:15:26 03-Jan-2026,MC,0,43.7167,-61.3774,43.7167,-61.3774,48,,401677571,-119
260358,260358,UT,DS,3,0,3,143,48,14:42:53 03-Jan-2026,O3,A,43.7191,-61.3725,43.7191,-61.3725,6,,401677578,-133
260358,260358,UT,DS,1,0,1,,,15:23:28 03-Jan-2026,MB,B,43.7089,-61.3876,43.7089,-61.3876,8,,401677577,-136
260358,260358,UT,DS,2,0,2,390,390,15:57:59 03-Jan-2026,MC,B,43.6956,-61.3722,43.6956,-61.3722,8,,401677582,-125
260358,260358,UT,DS,3,0,3,168,47,16:23:43 03-Jan-2026,O3,A,43.6750,-61.4019,43.6750,-61.4019,6,,401677577,-122
260358,260358,UT,DS,2,0,2,257,257,18:03:00 03-Jan-2026,O3,B,43.6494,-61.4314,43.6494,-61.4314,8,,401677571,-129
260358,260358,UT,DS,4,0,4,191,48,00:09:02 04-Jan-2026,MC,0,43.6763,-61.5253,43.6763,-61.5253,48,,401677576,-126
260358,260358,UT,DS,1,0,1,,,00:40:40 04-Jan-2026,SR,B,43.6726,-61.5305,43.6726,-61.5305,8,,401677576,-133
260358,260358,UT,DS,6,0,6,113,47,01:00:18 04-Jan-2026,MB,1,43.6773,-61.5226,43.6773,-61.5226,46,,401677577,-127
260358,260358,UT,DS,5,0,5,134,47,01:45:56 04-Jan-2026,MC,1,43.6831,-61.5294,43.6831,-61.5294,48,,401677575,-112
260358,260358,UT,DS,3,0,3,144,48,01:57:32 04-Jan-2026,O3,A,43.6904,-61.5218,43.6904,-61.5218,6,,401677575,-132
260358,260358,UT,DS,6,0,6,126,47,03:34:48 04-Jan-2026,O3,0,43.6879,-61.4919,43.6879,-61.4919,58,,401677577,-116
260358,260358,UT,DS,3,0,3,202,98,05:14:20 04-Jan-2026,O3,A,43.6590,-61.5607,43.6590,-61.5607,8,,401677579,-130
260358,260358,UT,DS,2,0,2,266,266,07:05:32 04-Jan-2026,SR,B,43.6661,-61.5613,43.6661,-61.5613,8,,401677578,-137
260358,260358,UT,DS,3,0,3,143,47,08:44:28 04-Jan-2026,SR,A,43.7079,-61.5994,43.7079,-61.5994,8,,401677564,-122
260358,260358,UT,DS,4,0,4,115,47,10:21:01 04-Jan-2026,SR,0,43.7051,-61.6042,43.7051,-61.6042,48,,401677573,-126
260358,260358,UT,DS,3,0,3,164,47,12:18:02 04-Jan-2026,MC,A,43.6185,-61.6134,43.6185,-61.6134,8,,401677556,-125
260358,260358,UT,DS,2,0,2,334,334,13:18:18 04-Jan-2026,MB,B,43.6069,-61.5835,43.6069,-61.5835,8,,401677562,-125
260358,260358,UT,DS,5,0,5,170,47,13:56:48 04-Jan-2026,MC,0,43.6346,-61.5584,43.6346,-61.5584,47,,401677578,-115
260358,260358,UT,DS,2,0,2,246,246,15:00:00 04-Jan-2026,MB,B,43.6387,-61.5489,43.6387,-61.5489,8,,401677577,-127
260358,260358,UT,DS,4,0,4,109,47,15:35:21 04-Jan-2026,MC,0,43.6269,-61.5470,43.6269,-61.5470,48,,401677575,-127
260358,260358,UT,DS,4,0,4,109,47,15:38:06 04-Jan-2026,O3,0,43.6258,-61.5487,43.6258,-61.5487,46,,401677572,-122
260358,260358,UT,DS,5,0,5,112,47,00:10:39 05-Jan-2026,SR,2,43.6516,-61.5548,43.6516,-61.5548,58,,401677577,-129
260358,260358,UT,DS,3,0,3,298,293,00:40:11 05-Jan-2026,MB,A,43.6575,-61.5555,43.6575,-61.5555,6,,401677573,-126
260358,260358,UT,DS,1,0,1,,,01:13:06 05-Jan-2026,O3,B,43.6577,-61.5507,43.6577,-61.5507,8,,401677578,-133
260358,260358,UT,DS,6,0,6,121,47,01:20:31 05-Jan-2026,MC,1,43.6636,-61.5326,,,56,,401677575,-115
260358,260358,UT,DS,6,0,6,138,47,02:50:21 05-Jan-2026,O3,1,43.6808,-61.5239,43.6808,-61.5239,48,,401677572,-124
260358,260358,UT,DS,2,0,2,47,47,03:05:25 05-Jan-2026,MC,B,43.6814,-61.5269,43.6814,-61.5269,6,,401677572,-126
260358,260358,UT,DS,4,0,4,99,47,04:30:48 05-Jan-2026,O3,0,43.6868,-61.5170,43.6868,-61.5170,48,,401677576,-120
260358,260358,UT,DS,4,0,4,99,47,08:10:40 05-Jan-2026,SR,0,43.6980,-61.5452,43.6980,-61.5452,48,,401677570,-124
260358,260358,UT,DS,5,0,5,140,47,09:47:05 05-Jan-2026,SR,1,43.6922,-61.5448,43.6922,-61.5448,48,,401677571,-121
260358,260358,UT,DS,1,0,1,,,11:32:03 05-Jan-2026,SR,B,43.6939,-61.5421,43.6939,-61.5421,8,,401677570,-137
260358,260358,UT,DS,1,0,1,,,11:58:32 05-Jan-2026,MC,B,43.6969,-61.5426,43.6969,-61.5426,6,,401677565,-128
260358,260358,UT,DS,5,0,5,131,47,13:33:18 05-Jan-2026,MC,1,43.6955,-61.5335,43.6955,-61.5335,48,,401677572,-127
260358,260358,UT,DS,1,0,1,,,14:41:23 05-Jan-2026,MB,B,43.6936,-61.5308,43.6936,-61.5308,8,,401677577,-131
260358,260358,UT,DS,3,0,3,149,47,14:51:39 05-Jan-2026,O3,B,43.7053,-61.4951,43.7053,-61.4951,6,,401677583,-130
260358,260358,UT,DS,2,0,2,265,265,15:18:11 05-Jan-2026,MC,B,43.7077,-61.5062,43.7077,-61.5062,6,,401677587,-124
260358,260358,UT,DS,4,0,4,156,47,00:20:58 06-Jan-2026,MB,0,43.7086,-61.5552,43.7086,-61.5552,58,,401677570,-119
260358,260358,UT,DS,7,0,7,123,47,01:00:04 06-Jan-2026,MC,0,43.7134,-61.5527,43.7134,-61.5527,58,,401677571,-114
260358,260358,UT,DS,3,0,3,171,47,02:04:37 06-Jan-2026,O3,A,43.6999,-61.4921,43.6999,-61.4921,7,,401677585,-129
260358,260358,UT,DS,1,0,1,,,02:08:10 06-Jan-2026,MB,B,43.7197,-61.5440,43.7197,-61.5440,7,,401677588,-134
260358,260358,UT,DS,4,0,4,85,47,02:41:44 06-Jan-2026,MC,1,43.7384,-61.5123,43.7384,-61.5123,58,,401677569,-122
260358,260358,UT,DS,5,0,5,138,47,03:44:28 06-Jan-2026,O3,1,43.7410,-61.5056,43.7410,-61.5056,58,,401677571,-117
260358,260358,UT,DS,4,0,4,177,47,05:22:28 06-Jan-2026,O3,2,43.7546,-61.5000,43.7546,-61.5000,58,,401677570,-128
260358,260358,UT,DS,2,0,2,49,49,07:40:45 06-Jan-2026,SR,B,43.8148,-61.4243,43.8148,-61.4243,8,,401677575,-130
260358,260358,UT,DS,3,0,3,200,47,09:16:45 06-Jan-2026,SR,A,43.8028,-61.5192,,,8,,401677552,-120
260358,260358,UT,DS,3,0,3,229,220,10:53:40 06-Jan-2026,SR,A,43.7878,-61.5060,43.7878,-61.5060,8,,401677558,-138
260358,260358,UT,DS,2,0,2,484,484,12:35:51 06-Jan-2026,MB,B,43.7906,-61.4984,43.7906,-61.4984,8,,401677567,-132
260358,260358,UT,DS,5,0,5,148,51,13:15:32 06-Jan-2026,MC,1,43.7919,-61.4850,43.7919,-61.4850,48,,401677566,-114
260358,260358,UT,DS,3,0,3,266,48,14:13:59 06-Jan-2026,MB,A,43.7744,-61.4812,43.7744,-61.4812,8,,401677564,-133
260358,260358,UT,DS,5,0,5,147,47,14:56:24 06-Jan-2026,MC,3,43.7776,-61.4611,43.7776,-61.4611,58,,401677563,-115
260358,260358,UT,DS,6,0,6,111,47,15:44:38 06-Jan-2026,O3,1,43.7804,-61.4462,43.7804,-61.4462,48,,401677566,-119
260358,260358,UT,DS,1,0,1,,,00:04:18 07-Jan-2026,MB,B,43.7940,-61.3314,43.7940,-61.3314,8,,401677569,-125
260358,260358,UT,DS,8,0,8,105,47,00:36:08 07-Jan-2026,MC,2,43.7266,-61.4776,43.7266,-61.4776,57,,401677573,-113
260358,260358,UT,DS,3,0,3,116,47,00:46:27 07-Jan-2026,SR,A,43.7286,-61.4980,43.7286,-61.4980,6,,401677569,-136
260358,260358,UT,DS,1,0,1,,,01:19:27 07-Jan-2026,O3,B,43.7133,-61.5242,43.7133,-61.5242,8,,401677571,-137
260358,260358,UT,DS,1,0,1,,,01:42:58 07-Jan-2026,MB,B,43.7131,-61.5241,43.7131,-61.5241,6,,401677570,-131
260358,260358,UT,DS,3,0,3,269,229,02:20:00 07-Jan-2026,MC,A,43.7251,-61.4690,43.7251,-61.4690,8,,401677566,-125
260358,260358,UT,DS,3,0,3,170,47,02:56:46 07-Jan-2026,O3,A,43.7000,-61.4778,43.7000,-61.4778,8,,401677578,-123
260358,260358,UT,DS,4,0,4,117,47,04:35:32 07-Jan-2026,O3,2,43.7231,-61.4722,43.7231,-61.4722,58,,401677570,-125
260358,260358,UT,DS,1,0,1,,,07:10:57 07-Jan-2026,SR,B,43.6959,-61.4772,43.6959,-61.4772,8,,401677566,-130
260358,260358,UT,DS,5,0,5,145,47,08:42:02 07-Jan-2026,SR,2,43.6989,-61.4335,43.6989,-61.4335,58,,401677565,-120
260358,260358,UT,DS,3,0,3,163,47,10:23:18 07-Jan-2026,SR,A,43.7113,-61.4191,43.7113,-61.4191,8,,401677568,-124
260358,260358,UT,DS,5,0,5,129,48,12:55:04 07-Jan-2026,MC,2,43.7217,-61.4244,43.7217,-61.4244,58,,401677566,-116
260358,260358,UT,DS,3,0,3,223,190,13:56:11 07-Jan-2026,MB,A,43.7199,-61.3819,43.7199,-61.3819,8,,401677566,-121
260358,260358,UT,DS,1,0,1,,,14:34:19 07-Jan-2026,MC,B,43.7188,-61.3714,43.7188,-61.3714,8,,401677563,-123
260358,260358,UT,DS,4,0,4,159,47,00:15:28 08-Jan-2026,SR,1,43.6600,-61.4003,43.6600,-61.4003,58,,401677567,-132
260358,260358,UT,DS,6,0,6,107,47,00:17:51 08-Jan-2026,MC,3,43.6611,-61.3992,43.6611,-61.3992,56,,401677567,-114
260358,260358,UT,DS,1,0,1,,,01:20:51 08-Jan-2026,MB,B,43.6577,-61.3880,43.6577,-61.3880,8,,401677565,-130
260358,260358,UT,DS,6,0,6,122,47,01:57:41 08-Jan-2026,MC,3,43.6433,-61.3883,43.6433,-61.3883,58,,401677563,-124
260358,260358,UT,DS,5,0,5,146,47,02:13:03 08-Jan-2026,O3,1,43.6452,-61.3894,43.6452,-61.3894,56,,401677564,-126
260358,260358,UT,DS,5,0,5,137,47,03:51:38 08-Jan-2026,O3,1,43.6366,-61.3781,43.6366,-61.3781,48,,401677567,-124
260358,260358,UT,DS,4,0,4,97,47,05:30:16 08-Jan-2026,O3,1,43.6335,-61.3648,43.6335,-61.3648,58,,401677561,-131
260358,260358,UT,DS,2,0,2,47,47,08:14:42 08-Jan-2026,SR,B,43.6130,-61.3050,43.6130,-61.3050,8,,401677572,-129
260358,260358,UT,DS,3,0,3,189,47,09:51:06 08-Jan-2026,SR,A,43.6007,-61.3615,43.6007,-61.3615,8,,401677575,-125
260358,260358,UT,DS,2,0,2,47,47,11:33:49 08-Jan-2026,SR,B,43.5760,-61.4156,43.5760,-61.4156,8,,401677570,-130
260358,260358,UT,DS,5,0,5,135,47,12:32:45 08-Jan-2026,MC,1,43.5910,-61.3868,43.5910,-61.3868,48,,401677571,-124
260358,260358,UT,DS,4,0,4,197,48,13:34:15 08-Jan-2026,MB,0,43.5829,-61.4343,43.5829,-61.4343,48,,401677564,-133
260358,260358,UT,DS,3,0,3,140,48,14:17:07 08-Jan-2026,MC,A,43.5803,-61.4430,43.5803,-61.4430,8,,401677570,-118
260358,260358,UT,DS,1,0,1,,,15:17:32 08-Jan-2026,MB,B,43.5735,-61.4500,43.5735,-61.4500,8,,401677572,-133
260358,260358,UT,DS,2,0,2,47,47,00:04:32 09-Jan-2026,MC,B,43.5584,-61.5706,43.5584,-61.5706,8,,401677570,-125
260358,260358,UT,DS,1,0,1,,,01:06:41 09-Jan-2026,MB,B,43.5703,-61.5514,43.5703,-61.5514,8,,401677574,-133
260358,260358,UT,DS,1,0,1,,,01:26:41 09-Jan-2026,O3,B,43.5699,-61.5410,43.5699,-61.5410,6,,401677560,-142
260358,260358,UT,DS,5,0,5,145,47,01:37:32 09-Jan-2026,MC,1,43.5108,-61.5674,,,46,,401677579,-113
260358,260358,UT,DS,9,0,9,69,47,03:05:15 09-Jan-2026,O3,3,43.5047,-61.5865,43.5047,-61.5865,58,,401677572,-120
260358,260358,UT,DS,2,0,2,47,47,03:23:31 09-Jan-2026,MC,B,43.5053,-61.5959,43.5053,-61.5959,6,,401677576,-132
260358,260358,UT,DS,6,0,6,122,47,04:44:14 09-Jan-2026,O3,1,43.5170,-61.5895,43.5170,-61.5895,48,,401677585,-123
260358,260358,UT,DS,8,0,8,52,47,07:43:17 09-Jan-2026,SR,2,43.5328,-61.5814,43.5328,-61.5814,58,,401677569,-122
260358,260358,UT,DS,4,0,4,216,48,09:17:36 09-Jan-2026,SR,0,43.5400,-61.5143,43.5400,-61.5143,48,,401677581,-119
260358,260358,UT,DS,3,0,3,214,83,11:00:00 09-Jan-2026,SR,A,43.5029,-61.5841,43.5029,-61.5841,8,,401677591,-130
260358,260358,UT,DS,2,0,2,47,47,12:14:40 09-Jan-2026,MC,B,43.5010,-61.5935,43.5010,-61.5935,8,,401677578,-126
260358,260358,UT,DS,2,0,2,325,325,00:42:43 10-Jan-2026,MB,B,43.7148,-61.3287,43.7148,-61.3287,,,401677569,-126
260358,260358,UT,DS,3,0,3,158,47,00:50:09 10-Jan-2026,SR,A,43.7412,-61.4980,43.7412,-61.4980,6,,401677574,-133
260358,260358,UT,DS,6,0,6,133,47,01:16:11 10-Jan-2026,MC,1,43.7430,-61.4971,43.7430,-61.4971,46,,401677574,-116
260358,260358,UT,DS,2,0,2,500,500,02:20:34 10-Jan-2026,O3,B,43.7501,-61.4892,43.7501,-61.4892,8,,401677573,-131
260358,260358,UT,DS,2,0,2,239,239,03:01:53 10-Jan-2026,MC,B,43.7581,-61.4848,43.7581,-61.4848,8,,401677576,-127
260358,260358,UT,DS,11,0,11,61,47,03:57:43 10-Jan-2026,O3,3,43.7941,-61.4699,43.7941,-61.4699,58,,401677573,-118
260358,260358,UT,DS,1,0,1,,,05:36:39 10-Jan-2026,O3,B,43.8223,-61.4497,43.8223,-61.4497,8,,401677561,-136
260358,260358,UT,DS,2,0,2,233,233,07:14:37 10-Jan-2026,SR,B,43.8048,-61.4646,43.8048,-61.4646,8,,401677572,-135
260358,260358,UT,DS,5,0,4,128,47,08:50:26 10-Jan-2026,SR,2,43.8190,-61.4252,43.8190,-61.4252,58,,401677572,-118
260358,260358,UT,DS,5,0,5,130,47,10:28:09 10-Jan-2026,SR,3,43.8329,-61.4024,43.8329,-61.4024,58,,401677571,-121
260358,260358,UT,DS,1,0,1,,,11:55:10 10-Jan-2026,MC,B,43.8476,-61.3833,43.8476,-61.3833,8,,401677573,-127
260358,260358,UT,DS,3,0,3,258,253,12:51:41 10-Jan-2026,MB,A,43.8487,-61.3139,43.8487,-61.3139,8,,401677569,-128
260358,260358,UT,DS,4,0,4,193,47,13:32:56 10-Jan-2026,MC,1,43.8496,-61.3107,43.8496,-61.3107,48,,401677575,-121
260358,260358,UT,DS,2,0,2,551,551,14:31:09 10-Jan-2026,MB,B,43.8692,-61.2988,43.8692,-61.2988,8,,401677577,-133
260358,260358,UT,DS,3,0,3,245,58,15:13:20 10-Jan-2026,MC,A,43.8838,-61.2713,43.8838,-61.2713,8,,401677569,-120
260358,260358,UT,DS,3,0,3,146,48,15:59:17 10-Jan-2026,O3,A,43.8461,-61.2026,43.8461,-61.2026,8,,401677560,-124
260358,260358,UT,DS,4,0,4,162,47,00:19:07 11-Jan-2026,SR,2,43.8145,-61.1292,43.8145,-61.1292,56,,401677571,-131
260358,260358,UT,DS,4,0,4,162,47,00:16:53 11-Jan-2026,MB,0,43.8131,-61.1441,43.8131,-61.1441,48,,401677572,-126
260358,260358,UT,DS,4,0,4,171,47,00:56:30 11-Jan-2026,MC,0,43.8116,-61.1424,43.8116,-61.1424,58,,401677571,-115
260358,260358,UT,DS,2,0,2,253,253,01:34:30 11-Jan-2026,O3,B,43.8182,-61.1131,43.8182,-61.1131,8,,401677572,-136
260358,260358,UT,DS,6,0,6,95,47,02:36:53 11-Jan-2026,MC,3,43.8157,-61.1294,43.8157,-61.1294,58,,401677567,-124
260358,260358,UT,DS,10,0,10,75,47,03:12:30 11-Jan-2026,O3,3,43.8136,-61.1382,43.8136,-61.1382,58,,401677566,-121
260358,260358,UT,DS,4,0,4,139,47,04:53:07 11-Jan-2026,O3,1,43.8137,-61.1420,43.8137,-61.1420,58,,401677572,-124
260358,260358,UT,DS,6,0,6,117,66,08:20:04 11-Jan-2026,SR,1,43.8122,-61.1170,43.8122,-61.1170,48,,401677569,-124
260358,260358,UT,DS,1,0,1,,,00:02:43 12-Jan-2026,MB,B,43.8321,-61.1515,43.8321,-61.1515,,,401677577,-132
260358,260358,UT,DS,4,0,4,171,47,00:32:43 12-Jan-2026,MC,1,43.8386,-61.1688,43.8386,-61.1688,58,,401677570,-122
260358,260358,UT,DS,1,0,1,,,01:37:12 12-Jan-2026,MB,B,43.8387,-61.1926,43.8387,-61.1926,8,,401677570,-132
260358,260358,UT,DS,11,0,11,70,47,02:15:45 12-Jan-2026,MC,3,43.8360,-61.1728,43.8360,-61.1728,58,,401677574,-119
260358,260358,UT,DS,9,0,9,80,50,02:27:27 12-Jan-2026,O3,3,43.8347,-61.1764,43.8347,-61.1764,56,,401677574,-131
260358,260358,UT,DS,7,0,7,92,47,04:05:27 12-Jan-2026,O3,2,43.8487,-61.1782,43.8487,-61.1782,58,,401677576,-119
260358,260358,UT,DS,2,0,2,47,47,07:49:52 12-Jan-2026,SR,B,43.8578,-61.1869,43.8578,-61.1869,8,,401677569,-130
260358,260358,UT,DS,5,0,5,141,48,09:22:51 12-Jan-2026,SR,0,43.8552,-61.1684,43.8552,-61.1684,58,,401677573,-117
260358,260358,UT,DS,4,0,4,138,107,00:18:49 13-Jan-2026,MC,3,43.6950,-61.0755,43.6950,-61.0755,50,,401677567,-119
260358,260358,UT,DS,1,0,1,,,00:56:03 13-Jan-2026,SR,B,43.6928,-61.0750,43.6928,-61.0750,8,,401677572,-137
260358,260358,UT,DS,1,0,1,,,01:18:09 13-Jan-2026,MB,B,43.6919,-61.0748,43.6919,-61.0748,6,,401677571,-127
260358,260358,UT,DS,2,0,2,269,269,01:42:26 13-Jan-2026,O3,B,43.6864,-61.1056,43.6864,-61.1056,6,,401677569,-131
260358,260358,UT,DS,2,0,2,609,609,01:54:24 13-Jan-2026,MC,B,43.6947,-61.1150,43.6947,-61.1150,6,,401677571,-125
260358,260358,UT,DS,1,0,1,,,03:17:15 13-Jan-2026,O3,B,43.6910,-61.1136,43.6910,-61.1136,8,,401677567,-129
260358,260358,UT,DS,2,0,2,331,331,04:59:02 13-Jan-2026,O3,B,43.6881,-61.1432,43.6881,-61.1432,8,,401677577,-124
260358,260358,UT,DS,2,0,2,310,310,08:55:07 13-Jan-2026,SR,B,43.6913,-61.1924,43.6913,-61.1924,8,,401677596,-125
260358,260358,UT,DS,1,0,1,,,10:37:32 13-Jan-2026,SR,B,43.7024,-61.1996,43.7024,-61.1996,8,,401677609,-129
260358,260358,UT,DS,4,0,4,156,47,12:31:11 13-Jan-2026,MC,2,43.8284,-61.2471,43.8284,-61.2471,58,,401677569,-123
260358,260358,UT,DS,3,0,3,201,47,13:32:03 13-Jan-2026,MB,A,43.8606,-61.2552,43.8606,-61.2552,8,,401677572,-125
260358,260358,UT,DS,3,0,3,300,298,14:09:19 13-Jan-2026,MC,A,43.8703,-61.2477,43.8703,-61.2477,8,,401677571,-118
260358,260358,UT,DS,1,0,1,,,15:11:29 13-Jan-2026,MB,B,43.8931,-61.2576,43.8931,-61.2576,8,,401677577,-135
260358,260358,UT,DS,2,0,2,48,48,15:21:57 13-Jan-2026,O3,B,43.8728,-61.2740,43.8728,-61.2740,6,,401677565,-127
260358,260358,UT,DS,3,0,3,149,49,15:51:51 13-Jan-2026,MC,A,43.8808,-61.2669,43.8808,-61.2669,6,,401677575,-121
260358,260358,UT,DS,4,0,4,165,48,17:00:07 13-Jan-2026,O3,2,43.8893,-61.2702,43.8893,-61.2702,58,,401677575,-124
260358,260358,UT,DS,2,0,2,47,47,18:37:33 13-Jan-2026,O3,B,43.8535,-61.2765,43.8535,-61.2765,8,,401677573,-133
260358,260358,UT,DS,4,0,4,154,47,21:01:42 13-Jan-2026,SR,1,43.8843,-61.2738,43.8843,-61.2738,48,,401677568,-126
260358,260358,UT,DS,2,0,2,92,92,00:01:01 14-Jan-2026,MC,B,43.8949,-61.3049,43.8949,-61.3049,7,,401677612,-124
260358,260358,UT,DS,5,0,5,92,92,00:23:16 14-Jan-2026,SR,1,43.8768,-61.3368,43.8768,-61.3368,46,,401677606,-130
260358,260358,UT,DS,2,0,2,92,92,00:56:59 14-Jan-2026,MB,B,43.8917,-61.3343,43.8917,-61.3343,8,,401677567,-126
260358,260358,UT,DS,9,0,9,84,48,01:35:58 14-Jan-2026,MC,3,43.8878,-61.2821,43.8878,-61.2821,58,,401677558,-114
260358,260358,UT,DS,5,0,5,166,47,02:35:53 14-Jan-2026,O3,2,43.8884,-61.2950,43.8884,-61.2950,58,,401677560,-123
260358,260358,UT,DS,1,0,1,,,03:17:17 14-Jan-2026,MC,B,43.8917,-61.2872,43.8917,-61.2872,8,,401677561,-128
260358,260358,UT,DS,4,0,4,114,48,04:14:08 14-Jan-2026,O3,1,43.8891,-61.2891,43.8891,-61.2891,58,,401677565,-124
260358,260358,UT,DS,5,0,5,138,47,08:23:57 14-Jan-2026,SR,3,43.8892,-61.2921,43.8892,-61.2921,58,,401677566,-123
260358,260358,UT,DS,8,0,8,92,47,09:59:20 14-Jan-2026,SR,2,43.8935,-61.2914,43.8935,-61.2914,58,,401677571,-121
260358,260358,UT,DS,1,0,1,,,11:44:05 14-Jan-2026,SR,B,43.8987,-61.2838,43.8987,-61.2838,8,,401677572,-138
260358,260358,UT,DS,2,0,2,227,227,00:34:15 15-Jan-2026,MB,B,43.8956,-61.2120,43.8956,-61.2120,,,401677570,-129
260358,260358,UT,DS,5,0,5,140,47,01:12:19 15-Jan-2026,MC,3,43.9002,-61.2374,43.9002,-61.2374,58,,401677571,-114
260358,260358,UT,DS,3,0,3,47,47,01:47:40 15-Jan-2026,O3,A,43.9019,-61.2144,43.9019,-61.2144,8,,401677570,-129
260358,260358,UT,DS,4,0,4,101,47,02:59:27 15-Jan-2026,MC,0,43.8948,-61.2322,43.8948,-61.2322,58,,401677573,-127
260358,260358,UT,DS,5,0,5,140,47,03:26:52 15-Jan-2026,O3,2,43.9061,-61.2257,43.9061,-61.2257,56,,401677571,-117
260358,260358,UT,DS,4,0,4,133,108,05:06:57 15-Jan-2026,O3,0,43.8568,-61.3717,43.8568,-61.3717,46,,401677611,-126
260358,260358,UT,DS,4,0,4,185,47,07:53:17 15-Jan-2026,SR,2,43.9092,-61.2246,43.9092,-61.2246,58,,401677568,-127
260358,260358,UT,DS,6,0,6,120,47,09:27:00 15-Jan-2026,SR,0,43.9006,-61.2295,43.9006,-61.2295,58,,401677568,-115
260358,260358,UT,DS,4,0,3,115,47,11:08:19 15-Jan-2026,SR,0,43.8978,-61.2073,43.8978,-61.2073,48,,401677573,-129
260358,260358,UT,DS,3,0,3,280,251,00:21:53 16-Jan-2026,MB,A,43.8516,-61.1869,43.8516,-61.1869,,,401677570,-125
260358,260358,UT,DS,3,0,3,171,47,00:57:01 16-Jan-2026,MC,A,43.8551,-61.1917,43.8551,-61.1917,8,,401677573,-125
260358,260358,UT,DS,1,0,1,,,00:57:01 16-Jan-2026,SR,B,43.8551,-61.1915,43.8551,-61.1915,,,401677570,-133
260358,260358,UT,DS,2,0,2,279,279,02:34:40 16-Jan-2026,MC,B,43.8573,-61.1787,43.8573,-61.1787,8,,401677572,-125
260358,260358,UT,DS,4,0,4,157,49,02:42:33 16-Jan-2026,O3,1,43.8560,-61.1737,43.8560,-61.1737,46,,401677572,-121
260358,260358,UT,DS,11,0,11,65,47,04:20:46 16-Jan-2026,O3,3,43.8576,-61.1876,43.8576,-61.1876,58,,401677573,-122
260358,260358,UT,DS,2,0,2,280,280,09:01:18 16-Jan-2026,SR,B,43.8801,-61.1891,43.8801,-61.1891,8,,401677568,-126
260358,260358,UT,DS,1,0,1,,,10:34:50 16-Jan-2026,SR,B,43.8852,-61.1941,43.8852,-61.1941,8,,401677579,-129
260358,260358,UT,DS,1,0,1,,,12:30:10 16-Jan-2026,MB,B,43.8975,-61.2248,43.8975,-61.2248,8,,401677563,-129
260358,260358,UT,DS,5,0,5,139,47,13:09:39 16-Jan-2026,MC,3,43.9024,-61.2563,43.9024,-61.2563,58,,401677561,-124
260358,260358,UT,DS,4,0,4,191,47,14:07:30 16-Jan-2026,MB,3,43.9031,-61.2515,43.9031,-61.2515,58,,401677568,-133
260358,260358,UT,DS,4,0,4,106,47,00:27:01 17-Jan-2026,SR,0,43.8688,-61.3006,43.8688,-61.3006,48,,401677551,-129
260358,260358,UT,DS,6,0,6,160,47,00:29:16 17-Jan-2026,MC,1,43.8980,-61.2518,43.8980,-61.2518,46,,401677566,-114
260358,260358,UT,DS,1,0,1,,,01:33:22 17-Jan-2026,MB,B,43.8993,-61.2597,43.8993,-61.2597,8,,401677556,-129
260358,260358,UT,DS,4,0,4,97,47,01:57:05 17-Jan-2026,O3,1,43.8733,-61.2192,43.8733,-61.2192,56,,401677567,-132
260358,260358,UT,DS,5,0,5,139,47,02:12:32 17-Jan-2026,MC,1,43.8557,-61.2175,43.8557,-61.2175,46,,401677573,-121
260358,260358,UT,DS,4,0,4,115,47,03:36:44 17-Jan-2026,O3,0,43.8371,-61.2326,43.8371,-61.2326,48,,401677569,-118
260358,260358,UT,DS,2,0,2,294,294,05:15:39 17-Jan-2026,O3,B,43.8225,-61.1654,43.8225,-61.1654,8,,401677572,-130
260358,260358,UT,DS,1,0,1,,,08:29:32 17-Jan-2026,SR,B,43.8084,-61.1563,43.8084,-61.1563,8,,401677574,-127
260358,260358,UT,DS,6,0,6,143,46,10:03:11 17-Jan-2026,SR,2,43.8248,-61.1485,43.8248,-61.1485,58,,401677566,-125
260358,260358,UT,DS,2,0,2,47,47,12:08:22 17-Jan-2026,MB,B,43.8768,-61.1460,43.8768,-61.1460,8,,401677582,-129
260358,260358,UT,DS,4,0,4,127,46,12:45:56 17-Jan-2026,MC,1,43.8425,-61.1256,43.8425,-61.1256,58,,401677571,-127
260358,260358,UT,DS,2,0,2,356,356,13:50:49 17-Jan-2026,MB,B,43.8336,-61.1034,43.8336,-61.1034,8,,401677567,-126
260358,260358,UT,DS,3,0,3,280,46,14:26:19 17-Jan-2026,MC,A,43.8210,-61.1483,43.8210,-61.1483,8,,401677568,-121
260358,260358,UT,DS,2,0,2,307,307,15:37:37 17-Jan-2026,O3,B,43.8307,-61.1133,43.8307,-61.1133,6,,401677562,-127
260358,260358,UT,DS,1,0,1,,,15:35:51 17-Jan-2026,MB,B,43.8076,-61.1629,43.8076,-61.1629,8,,401677559,-132
260358,260358,UT,DS,1,0,1,,,16:09:22 17-Jan-2026,MC,B,43.8240,-61.1195,43.8240,-61.1195,8,,401677546,-126
260358,260358,UT,DS,4,0,4,126,47,17:18:38 17-Jan-2026,O3,0,43.8390,-61.1324,43.8390,-61.1324,48,,401677571,-130
260358,260358,UT,DS,4,0,4,168,49,00:15:53 18-Jan-2026,MC,3,43.8239,-61.1795,43.8239,-61.1795,68,,401677568,-122
260358,260358,UT,DS,5,0,5,82,47,01:12:55 18-Jan-2026,MB,2,43.8418,-61.1819,43.8418,-61.1819,58,,401677565,-125
260358,260358,UT,DS,1,0,1,,,01:14:30 18-Jan-2026,O3,B,43.8185,-61.1899,43.8185,-61.1899,8,,401677570,-141
260358,260358,UT,DS,6,0,6,59,47,01:56:16 18-Jan-2026,MC,1,43.8361,-61.1593,43.8361,-61.1593,58,,401677569,-120
260358,260358,UT,DS,4,0,4,117,47,02:47:47 18-Jan-2026,O3,1,43.8306,-61.1697,43.8306,-61.1697,48,,401677567,-127
260358,260358,UT,DS,2,0,2,47,47,04:30:03 18-Jan-2026,O3,B,43.8359,-61.1839,43.8359,-61.1839,8,,401677561,-126
260358,260358,UT,DS,3,0,3,131,47,07:54:40 18-Jan-2026,SR,A,43.8264,-61.1779,43.8264,-61.1779,8,,401677569,-127
260358,260358,UT,DS,3,0,3,169,46,09:31:38 18-Jan-2026,SR,A,43.8285,-61.1680,43.8285,-61.1680,8,,401677571,-130
260358,260358,UT,DS,2,0,2,215,215,11:13:49 18-Jan-2026,SR,B,43.8293,-61.1748,43.8293,-61.1748,8,,401677573,-129
260358,260358,UT,DS,3,0,3,201,97,12:26:13 18-Jan-2026,MC,A,43.8378,-61.1608,43.8378,-61.1608,8,,401677567,-121
260358,260358,UT,DS,2,0,2,218,218,13:26:29 18-Jan-2026,MB,B,43.8551,-61.1565,43.8551,-61.1565,8,,401677570,-131
260358,260358,UT,DS,4,0,4,178,48,14:05:40 18-Jan-2026,MC,0,43.8583,-61.1633,43.8583,-61.1633,58,,401677571,-110
260358,260358,UT,DS,2,0,2,46,46,00:55:14 19-Jan-2026,MB,B,43.8074,-61.1387,43.8074,-61.1387,8,,401677564,-122
260358,260358,UT,DS,5,0,5,142,48,01:35:05 19-Jan-2026,MC,1,43.8151,-61.1595,43.8151,-61.1595,48,,401677552,-113
260358,260358,UT,DS,4,0,4,110,47,02:05:24 19-Jan-2026,O3,0,43.8135,-61.1595,43.8135,-61.1595,48,,401677555,-128
260358,260358,UT,DS,2,0,2,46,46,03:15:58 19-Jan-2026,MC,B,43.8163,-61.1677,43.8163,-61.1677,8,,401677552,-128
260358,260358,UT,DS,4,0,4,190,48,03:44:40 19-Jan-2026,O3,0,43.8112,-61.1414,43.8112,-61.1414,56,,401677555,-118
260358,260358,UT,DS,3,0,3,163,50,05:22:00 19-Jan-2026,O3,A,43.8359,-61.1536,43.8359,-61.1536,8,,401677549,-127
260358,260358,UT,DS,3,0,3,137,46,07:25:11 19-Jan-2026,SR,A,43.8394,-61.1713,43.8394,-61.1713,8,,401677550,-132
260358,260358,UT,DS,6,0,6,109,47,08:58:18 19-Jan-2026,SR,1,43.8292,-61.1477,43.8292,-61.1477,48,,401677563,-133
260358,260358,UT,DS,6,0,6,111,48,10:40:26 19-Jan-2026,SR,2,43.8468,-61.1607,43.8468,-61.1607,58,,401677563,-124
260358,260358,UT,DS,2,0,2,278,278,12:07:38 19-Jan-2026,MC,B,43.8519,-61.1591,43.8519,-61.1591,8,,401677561,-129
260358,260358,UT,DS,2,0,2,246,246,13:09:25 19-Jan-2026,MB,B,43.8596,-61.1480,43.8596,-61.1480,8,,401677561,-129
260358,260358,UT,DS,4,0,4,96,49,00:31:45 20-Jan-2026,SR,1,43.8721,-61.1472,43.8721,-61.1472,58,,401677562,-130
260358,260358,UT,DS,7,0,7,83,47,00:32:20 20-Jan-2026,MB,1,43.8750,-61.1454,43.8750,-61.1454,56,,401677561,-124
260358,260358,UT,DS,10,0,10,80,47,01:09:43 20-Jan-2026,MC,2,43.8739,-61.1500,43.8739,-61.1500,58,,401677564,-123
260358,260358,UT,DS,3,0,3,107,46,01:20:02 20-Jan-2026,O3,A,43.8770,-61.1493,43.8770,-61.1493,6,,401677568,-138
260358,260358,UT,DS,1,0,1,,,02:12:20 20-Jan-2026,MB,B,43.8788,-61.1483,43.8788,-61.1483,8,,401677566,-133
260358,260358,UT,DS,4,0,4,146,47,02:59:39 20-Jan-2026,O3,0,43.8618,-61.1145,43.8618,-61.1145,46,,401677565,-118
260358,260358,UT,DS,2,0,2,48,48,02:55:59 20-Jan-2026,MC,B,43.8788,-61.1516,43.8788,-61.1516,8,,401677559,-127
260358,260358,UT,DS,3,0,3,220,47,04:37:49 20-Jan-2026,O3,A,43.8745,-61.1424,43.8745,-61.1424,8,,401677559,-129
260358,260358,UT,DS,1,0,1,,,06:53:42 20-Jan-2026,SR,B,43.8792,-61.1506,43.8792,-61.1506,8,,401677550,-137
260358,260358,UT,DS,3,0,3,298,291,08:31:45 20-Jan-2026,SR,A,43.8242,-61.1339,43.8242,-61.1339,8,,401677567,-126
260358,260358,UT,DS,2,0,2,238,238,10:09:09 20-Jan-2026,SR,B,43.8145,-61.1415,43.8145,-61.1415,8,,401677574,-125
260358,260358,UT,DS,3,0,3,153,46,12:49:46 20-Jan-2026,MB,A,43.8711,-61.1269,43.8711,-61.1269,8,,401677570,-131
260358,260358,UT,DS,5,0,5,135,48,13:26:59 20-Jan-2026,MC,2,43.8714,-61.1255,43.8714,-61.1255,58,,401677567,-117
260358,260358,UT,DS,5,0,5,139,47,14:27:12 20-Jan-2026,MB,1,43.8932,-61.1150,43.8932,-61.1150,48,,401677567,-126
260358,260358,UT,DS,1,0,1,,,15:00:15 20-Jan-2026,O3,B,43.8967,-61.1123,43.8967,-61.1123,8,,401677569,-130
260358,260358,UT,DS,2,0,2,283,283,15:05:05 20-Jan-2026,MC,B,43.8983,-61.1113,43.8983,-61.1113,8,,401677561,-125
260358,260358,UT,DS,5,0,5,171,46,16:40:06 20-Jan-2026,O3,0,43.9076,-61.0516,43.9076,-61.0516,48,,401677570,-114
260358,260358,UT,DS,1,0,1,,,16:49:18 20-Jan-2026,MC,B,43.9076,-61.0515,43.9076,-61.0515,6,,401677561,-132
260358,260358,UT,DS,2,0,2,290,290,18:18:22 20-Jan-2026,O3,B,43.9191,-61.0500,43.9191,-61.0500,8,,401677567,-124
260358,260358,UT,DS,2,0,2,341,341,00:10:08 21-Jan-2026,MB,B,43.9016,-60.9521,43.9016,-60.9521,8,,401677557,-129
260358,260358,UT,DS,2,0,2,313,313,00:51:18 21-Jan-2026,MC,B,43.8431,-61.0626,43.8431,-61.0626,7,,401677568,-115
260358,260358,UT,DS,2,0,2,261,261,02:11:04 21-Jan-2026,O3,B,43.8189,-61.0693,43.8189,-61.0693,8,,401677577,-129
260358,260358,UT,DS,2,0,2,287,287,02:33:33 21-Jan-2026,MC,B,43.8291,-61.0672,43.8291,-61.0672,6,,401677573,-124
260358,260358,UT,DS,4,0,4,198,48,03:50:17 21-Jan-2026,O3,1,43.8382,-61.0691,43.8382,-61.0691,58,,401677564,-117
260358,260358,UT,DS,1,0,1,,,05:27:47 21-Jan-2026,O3,B,43.8237,-61.0926,43.8237,-61.0926,8,,401677564,-135
260358,260358,UT,DS,1,0,1,,,08:01:58 21-Jan-2026,SR,B,43.8066,-61.1140,43.8066,-61.1140,8,,401677561,-126
260358,260358,UT,DS,2,0,2,317,317,09:36:27 21-Jan-2026,SR,B,43.8104,-61.1072,43.8104,-61.1072,8,,401677564,-122
260358,260358,UT,DS,1,0,1,,,11:18:31 21-Jan-2026,SR,B,43.7987,-61.1280,43.7987,-61.1280,8,,401677567,-136
260358,260358,UT,DS,4,0,4,218,47,13:03:57 21-Jan-2026,MC,2,43.7964,-61.1026,43.7964,-61.1026,58,,401677565,-126
260358,260358,UT,DS,2,0,2,296,296,14:06:26 21-Jan-2026,MB,B,43.8004,-61.1135,43.8004,-61.1135,8,,401677566,-126
260358,260358,UT,DS,4,0,4,196,47,14:42:39 21-Jan-2026,MC,1,43.7917,-61.1137,43.7917,-61.1137,48,,401677566,-118
260358,260358,UT,DS,4,0,4,204,47,15:52:44 21-Jan-2026,O3,2,43.8033,-61.0909,43.8033,-61.0909,58,,401677571,-120
260358,260358,UT,DS,3,0,3,159,47,16:24:59 21-Jan-2026,MC,A,43.7966,-61.1041,43.7966,-61.1041,8,,401677561,-131
260358,260358,UT,DS,4,0,4,141,47,17:32:48 21-Jan-2026,O3,1,43.8368,-61.0929,43.8368,-61.0929,58,,401677588,-124
260358,260358,UT,DS,4,0,4,203,46,21:49:37 21-Jan-2026,SR,2,43.8041,-61.1334,43.8041,-61.1334,58,,401677567,-131
260358,260358,UT,DS,2,0,2,48,48,22:52:16 21-Jan-2026,MC,B,43.8058,-61.1337,43.8058,-61.1337,8,,401677567,-126
260358,260358,UT,DS,4,0,4,187,46,00:27:36 22-Jan-2026,MC,3,43.8088,-61.1280,43.8088,-61.1280,68,,401677566,-117
260358,260358,UT,DS,1,0,1,,,01:26:45 22-Jan-2026,O3,B,43.8098,-61.1282,43.8098,-61.1282,8,,401677564,-137
260358,260358,UT,DS,4,0,4,103,46,02:12:02 22-Jan-2026,MC,1,43.8046,-61.1337,43.8046,-61.1337,58,,401677569,-122
260358,260358,UT,DS,6,0,6,113,46,03:06:47 22-Jan-2026,O3,2,43.8083,-61.1274,43.8083,-61.1274,58,,401677566,-123
260358,260358,UT,DS,12,0,12,56,47,04:45:02 22-Jan-2026,O3,3,43.8095,-61.1193,43.8095,-61.1193,58,,401677562,-123
260358,260358,UT,DS,3,0,3,139,99,07:29:17 22-Jan-2026,SR,A,43.7647,-61.1165,43.7647,-61.1165,8,,401677568,-131
260358,260358,UT,DS,3,0,3,164,48,00:11:01 23-Jan-2026,MC,A,43.7991,-61.1294,43.7991,-61.1294,,,401677575,-119
260358,260358,UT,DS,3,0,3,167,47,00:34:51 23-Jan-2026,SR,A,43.8077,-61.1547,43.8077,-61.1547,6,,401677565,-129
260358,260358,UT,DS,2,0,2,46,46,01:10:06 23-Jan-2026,MB,B,43.8042,-61.1528,43.8042,-61.1528,8,,401677567,-130
260358,260358,UT,DS,4,0,4,115,47,01:48:55 23-Jan-2026,MC,1,43.8153,-61.1301,43.8153,-61.1301,58,,401677569,-119
260358,260358,UT,DS,3,0,3,168,48,02:21:36 23-Jan-2026,O3,A,43.8172,-61.1385,43.8172,-61.1385,8,,401677571,-129
260358,260358,UT,DS,5,0,5,152,46,03:59:32 23-Jan-2026,O3,1,43.8111,-61.1319,43.8111,-61.1319,48,,401677571,-123
260358,260358,UT,DS,1,0,1,,,05:37:43 23-Jan-2026,O3,B,43.8118,-61.1259,43.8118,-61.1259,8,,401677570,-139
260358,260358,UT,DS,4,0,4,206,47,08:36:51 23-Jan-2026,SR,1,43.8145,-61.1387,43.8145,-61.1387,48,,401677572,-127
260358,260358,UT,DS,7,0,7,49,46,10:15:42 23-Jan-2026,SR,1,43.8249,-61.1298,43.8249,-61.1298,58,,401677576,-120
260358,260358,UT,DS,4,0,4,119,47,12:23:32 23-Jan-2026,MC,1,43.8470,-61.1287,43.8470,-61.1287,58,,401677575,-123
260358,260358,UT,DS,5,0,5,146,46,13:24:00 23-Jan-2026,MB,2,43.8529,-61.1120,43.8529,-61.1120,58,,401677576,-123
260358,260358,UT,DS,5,0,5,176,47,14:01:50 23-Jan-2026,MC,0,43.8409,-61.0858,43.8409,-61.0858,58,,401677574,-113
260358,260358,UT,DS,3,0,3,178,46,15:45:02 23-Jan-2026,MC,A,43.8534,-61.1431,43.8534,-61.1431,8,,401677568,-126
260358,260358,UT,DS,4,0,4,192,46,15:58:55 23-Jan-2026,O3,0,43.8618,-61.1432,43.8618,-61.1432,46,,401677576,-124
260358,260358,UT,DS,4,0,4,104,47,00:05:56 24-Jan-2026,SR,0,43.8884,-61.1832,43.8884,-61.1832,48,,401677572,-126
260358,260358,UT,DS,3,0,3,254,234,00:49:55 24-Jan-2026,MB,A,43.8635,-61.1576,43.8635,-61.1576,8,,401677566,-127
260358,260358,UT,DS,3,0,3,163,47,01:29:08 24-Jan-2026,MC,A,43.8559,-61.1827,43.8559,-61.1827,8,,401677567,-111
260358,260358,UT,DS,1,0,1,,,01:33:23 24-Jan-2026,O3,B,43.8552,-61.1830,43.8552,-61.1830,6,,401677569,-135
260358,260358,UT,DS,4,0,4,167,47,03:14:16 24-Jan-2026,O3,1,43.8733,-61.1735,43.8733,-61.1735,46,,401677562,-124
260358,260358,UT,DS,3,0,3,136,47,03:12:53 24-Jan-2026,MC,A,43.8870,-61.1613,43.8870,-61.1613,8,,401677556,-124
260358,260358,UT,DS,3,0,3,138,46,04:52:19 24-Jan-2026,O3,A,43.9014,-61.1758,43.9014,-61.1758,8,,401677548,-123
260358,260358,UT,DS,1,0,1,,,08:03:45 24-Jan-2026,SR,B,43.8995,-61.1690,43.8995,-61.1690,8,,401677533,-133
260358,260358,UT,DS,3,0,3,166,48,09:41:09 24-Jan-2026,SR,A,43.8336,-61.1916,43.8336,-61.1916,7,,401677572,-121
260358,260358,UT,DS,2,0,2,47,47,11:24:50 24-Jan-2026,SR,B,43.8502,-61.2691,43.8502,-61.2691,8,,401677569,-130
260358,260358,UT,DS,1,0,1,,,12:04:59 24-Jan-2026,MC,B,43.8477,-61.2796,43.8477,-61.2796,8,,401677570,-129
260358,260358,UT,DS,2,0,2,302,302,13:03:44 24-Jan-2026,MB,B,43.9099,-61.2456,43.9099,-61.2456,7,,401677585,-133
260358,260358,UT,DS,4,0,4,186,47,13:43:23 24-Jan-2026,MC,1,43.9074,-61.1873,43.9074,-61.1873,48,,401677593,-126
260358,260358,UT,DS,4,0,4,108,47,00:30:22 25-Jan-2026,MB,0,43.8443,-61.2068,43.8443,-61.2068,48,,401677571,-124
260358,260358,UT,DS,6,0,6,113,47,01:07:06 25-Jan-2026,MC,0,43.8604,-61.1466,43.8604,-61.1466,48,,401677569,-111
260358,260358,UT,DS,3,0,3,207,174,02:29:34 25-Jan-2026,O3,A,43.8535,-61.1693,43.8535,-61.1693,8,,401677568,-125
260358,260358,UT,DS,3,0,3,145,49,02:50:16 25-Jan-2026,MC,A,43.8470,-61.1983,43.8470,-61.1983,6,,401677568,-120
260358,260358,UT,DS,5,0,5,132,46,04:07:30 25-Jan-2026,O3,1,43.8671,-61.1835,43.8671,-61.1835,48,,401677566,-116
260358,260358,UT,DS,1,0,1,,,05:47:10 25-Jan-2026,O3,B,43.8810,-61.1514,43.8810,-61.1514,8,,401677560,-137
260358,260358,UT,DS,1,0,1,,,07:34:33 25-Jan-2026,SR,B,43.8903,-61.1547,43.8903,-61.1547,8,,401677578,-129
260358,260358,UT,DS,3,0,3,145,47,09:09:34 25-Jan-2026,SR,A,43.8517,-61.1858,43.8517,-61.1858,8,,401677570,-124
260358,260358,UT,DS,4,0,4,104,47,10:48:49 25-Jan-2026,SR,1,43.8770,-61.2025,,,58,,401677565,-126
260358,260358,UT,DS,2,0,2,318,318,12:42:05 25-Jan-2026,MB,B,43.8823,-61.1944,43.8823,-61.1944,8,,401677578,-131
260358,260358,UT,DS,3,0,3,142,46,13:23:41 25-Jan-2026,MC,A,43.9035,-61.2204,43.9035,-61.2204,7,,401677593,-119
260358,260358,UT,DS,5,0,5,148,46,14:23:03 25-Jan-2026,MB,1,43.8723,-61.2370,43.8723,-61.2370,48,,401677586,-127
260358,260358,UT,DS,4,0,4,151,46,15:02:52 25-Jan-2026,MC,0,43.8795,-61.2313,43.8795,-61.2313,48,,401677572,-120
260358,260358,UT,DS,3,0,3,264,235,00:04:54 26-Jan-2026,MB,A,43.8856,-61.3027,43.8856,-61.3027,8,,401677582,-129
260358,260358,UT,DS,4,0,4,98,46,00:40:13 26-Jan-2026,SR,0,43.8947,-61.2709,43.8947,-61.2709,48,,401677581,-132
260358,260358,UT,DS,7,0,7,132,46,00:42:42 26-Jan-2026,MC,0,43.8926,-61.2586,43.8926,-61.2586,46,,401677574,-130
260358,260358,UT,DS,2,0,2,305,305,01:42:22 26-Jan-2026,O3,B,43.8969,-61.2478,43.8969,-61.2478,8,,401677578,-133
260358,260358,UT,DS,2,0,2,221,221,01:47:28 26-Jan-2026,MB,B,43.9096,-61.2415,43.9096,-61.2415,6,,401677576,-133
260358,260358,UT,DS,6,0,6,92,92,02:27:37 26-Jan-2026,MC,1,43.8877,-61.2649,43.8877,-61.2649,57,,401677578,-122
260358,260358,UT,DS,8,0,8,92,91,03:20:31 26-Jan-2026,O3,1,43.8898,-61.2554,43.8898,-61.2554,48,,401677567,-120
260358,260358,UT,DS,10,0,10,58,46,04:58:53 26-Jan-2026,O3,1,43.8867,-61.2517,43.8867,-61.2517,48,,401677565,-126
260358,260358,UT,DS,1,0,1,,,07:01:39 26-Jan-2026,SR,B,43.8880,-61.2534,43.8880,-61.2534,8,,401677584,-136
260358,260358,UT,DS,4,0,4,183,48,08:40:00 26-Jan-2026,SR,0,43.8967,-61.2313,43.8967,-61.2313,48,,401677582,-119
260358,260358,UT,DS,5,0,5,140,47,10:18:57 26-Jan-2026,SR,0,43.8899,-61.2503,43.8899,-61.2503,48,,401677566,-123
260358,260358,UT,DS,1,0,1,,,12:26:35 26-Jan-2026,MB,B,43.8912,-61.2500,43.8912,-61.2500,8,,401677572,-129
260358,260358,UT,DS,5,0,5,137,46,13:00:39 26-Jan-2026,MC,1,43.8822,-61.2486,43.8822,-61.2486,48,,401677573,-117
260358,260358,UT,DS,2,0,2,279,279,14:03:09 26-Jan-2026,MB,B,43.8910,-61.2460,43.8910,-61.2460,8,,401677580,-129
260358,260358,UT,DS,4,0,4,104,48,00:06:58 27-Jan-2026,SR,0,43.9013,-61.3270,43.9013,-61.3270,48,,401677571,-128
260358,260358,UT,DS,6,0,6,118,46,00:23:17 27-Jan-2026,MC,1,43.9061,-61.2362,43.9061,-61.2362,46,,401677570,-123
260358,260358,UT,DS,2,0,2,47,47,01:28:38 27-Jan-2026,MB,B,43.8635,-61.2402,43.8635,-61.2402,6,,401677592,-128
260358,260358,UT,DS,5,0,5,142,47,02:07:26 27-Jan-2026,MC,2,43.8892,-61.2545,43.8892,-61.2545,58,,401677575,-119
260358,260358,UT,DS,3,0,3,288,267,02:35:48 27-Jan-2026,O3,A,43.8972,-61.2545,43.8972,-61.2545,6,,401677574,-122
260358,260358,UT,DS,6,0,6,120,47,04:12:19 27-Jan-2026,O3,1,43.8875,-61.2562,43.8875,-61.2562,48,,401677576,-119
260358,260358,UT,DS,1,0,1,,,05:52:24 27-Jan-2026,O3,B,43.8844,-61.2713,43.8844,-61.2713,8,,401677563,-138
260358,260358,UT,DS,5,0,5,109,46,08:09:13 27-Jan-2026,SR,1,43.8930,-61.2216,43.8930,-61.2216,48,,401677566,-127
260358,260358,UT,DS,1,0,1,,,09:48:11 27-Jan-2026,SR,B,43.8820,-61.2212,43.8820,-61.2212,8,,401677555,-122
260358,260358,UT,DS,3,0,3,48,46,11:28:07 27-Jan-2026,SR,A,43.8709,-61.1913,43.8709,-61.1913,8,,401677566,-133
260358,260358,UT,DS,3,0,3,154,48,12:40:56 27-Jan-2026,MC,A,43.8531,-61.2135,43.8531,-61.2135,8,,401677556,-127
260358,260358,UT,DS,4,0,4,219,47,13:41:50 27-Jan-2026,MB,0,43.8956,-61.2095,,,47,,401677570,-126
260358,260358,UT,DS,4,0,4,193,47,14:20:41 27-Jan-2026,MC,2,43.9063,-61.2273,43.9063,-61.2273,58,,401677567,-119
260358,260358,UT,DS,1,0,1,,,14:36:06 27-Jan-2026,O3,B,43.9060,-61.2262,43.9060,-61.2262,6,,401677571,-134
260358,260358,UT,DS,4,0,4,104,47,16:00:54 27-Jan-2026,MC,1,43.9407,-61.1832,43.9407,-61.1832,57,,401677589,-123
260358,260358,UT,DS,4,0,4,246,216,16:16:24 27-Jan-2026,O3,1,43.9121,-61.2436,43.9121,-61.2436,46,,401677572,-118
260358,260358,UT,DS,2,0,2,342,342,00:06:56 28-Jan-2026,MC,B,43.9077,-61.2335,43.9077,-61.2335,8,,401677553,-124
260358,260358,UT,DS,3,0,3,292,282,01:06:35 28-Jan-2026,MB,A,43.8977,-61.2022,43.8977,-61.2022,8,,401677564,-129
260358,260358,UT,DS,3,0,3,129,46,01:49:30 28-Jan-2026,MC,A,43.8839,-61.1955,43.8839,-61.1955,8,,401677571,-116
260358,260358,UT,DS,2,0,2,212,212,01:47:44 28-Jan-2026,O3,B,43.9041,-61.2030,43.9041,-61.2030,8,,401677561,-129
260358,260358,UT,DS,4,0,4,115,46,03:28:10 28-Jan-2026,O3,0,43.8798,-61.2126,43.8798,-61.2126,48,,401677571,-121
260358,260358,UT,DS,4,0,4,115,46,05:07:08 28-Jan-2026,O3,0,43.8638,-61.2049,43.8638,-61.2049,48,,401677573,-127
260358,260358,UT,DS,4,0,4,131,46,07:38:00 28-Jan-2026,SR,0,43.8483,-61.1602,43.8483,-61.1602,48,,401677579,-130
260358,260358,UT,DS,4,0,4,228,47,09:09:52 28-Jan-2026,SR,0,43.8741,-61.2195,43.8741,-61.2195,58,,401677562,-133
260358,260358,UT,DS,6,0,6,128,47,10:50:42 28-Jan-2026,SR,1,43.8672,-61.1999,43.8672,-61.1999,48,,401677563,-126
260358,260358,UT,DS,2,0,2,47,47,12:21:35 28-Jan-2026,MC,B,43.8877,-61.1611,43.8877,-61.1611,8,,401677560,-126
260358,260358,UT,DS,2,0,2,455,455,13:24:01 28-Jan-2026,MB,B,43.9170,-61.1668,43.9170,-61.1668,8,,401677566,-125
260358,260358,UT,DS,4,0,4,216,46,13:59:55 28-Jan-2026,MC,0,43.8947,-61.1549,43.8947,-61.1549,48,,401677571,-119
260358,260358,UT,DS,2,0,2,48,48,15:02:55 28-Jan-2026,MB,B,43.9086,-61.1361,43.9086,-61.1361,8,,401677575,-133
260358,260358,UT,DS,2,0,2,297,297,15:27:54 28-Jan-2026,O3,B,43.9156,-61.1332,43.9156,-61.1332,6,,401677567,-125
260358,260358,UT,DS,2,0,2,47,47,15:43:05 28-Jan-2026,MC,B,43.9207,-61.1526,43.9207,-61.1526,6,,401677567,-121
260358,260358,UT,DS,2,0,2,374,374,17:10:39 28-Jan-2026,O3,B,43.9188,-61.1065,43.9188,-61.1065,8,,401677572,-125
260358,260358,UT,DS,1,0,1,,,00:44:08 29-Jan-2026,SR,B,43.8779,-61.0424,43.8779,-61.0424,8,,401677604,-133
260358,260358,UT,DS,3,0,3,162,47,00:50:10 29-Jan-2026,MB,A,43.7966,-61.1533,43.7966,-61.1533,8,,401677570,-125
260358,260358,UT,DS,3,0,3,216,47,01:22:39 29-Jan-2026,MC,A,43.8105,-61.1518,43.8105,-61.1518,8,,401677565,-119
260358,260358,UT,DS,3,0,3,150,46,02:41:31 29-Jan-2026,O3,A,43.7684,-61.1398,43.7684,-61.1398,8,,401677577,-127
260358,260358,UT,DS,1,0,1,,,03:10:20 29-Jan-2026,MC,B,43.7664,-61.1347,43.7664,-61.1347,6,,401677580,-126
260358,260358,UT,DS,3,0,3,180,46,04:19:06 29-Jan-2026,O3,A,43.7833,-61.1332,43.7833,-61.1332,8,,401677574,-122
260358,260358,UT,DS,3,0,3,172,95,08:44:14 29-Jan-2026,SR,A,43.8327,-61.1656,43.8327,-61.1656,8,,401677559,-121
260358,260358,UT,DS,2,0,2,482,482,10:21:20 29-Jan-2026,SR,B,43.8426,-61.1654,43.8426,-61.1654,8,,401677562,-130
260358,260358,UT,DS,3,0,3,189,46,11:59:05 29-Jan-2026,MC,A,43.7905,-61.1582,43.7905,-61.1582,8,,401677552,-127
260358,260358,UT,DS,2,0,2,297,297,13:37:53 29-Jan-2026,MC,B,43.8176,-61.1449,43.8176,-61.1449,8,,401677564,-122
260358,260358,UT,DS,3,0,3,158,48,14:40:53 29-Jan-2026,MB,A,43.8138,-61.1298,43.8138,-61.1298,8,,401677566,-131
260358,260358,UT,DS,2,0,2,268,268,14:41:40 29-Jan-2026,O3,B,43.8138,-61.1297,43.8138,-61.1297,6,,401677567,-135
260358,260358,UT,DS,4,0,4,119,46,15:20:58 29-Jan-2026,MC,1,43.8293,-61.1343,43.8293,-61.1343,58,,401677570,-119
260358,260358,UT,DS,4,0,4,113,47,00:12:09 30-Jan-2026,SR,0,43.8116,-61.1331,43.8116,-61.1331,48,,401677566,-130
260358,260358,UT,DS,3,0,3,271,246,00:29:22 30-Jan-2026,MB,A,43.8113,-61.1327,43.8113,-61.1327,6,,401677562,-121
260358,260358,UT,DS,5,0,5,143,48,00:59:34 30-Jan-2026,MC,0,43.8093,-61.1303,43.8093,-61.1303,58,,401677563,-111
260358,260358,UT,DS,4,0,4,186,47,01:56:47 30-Jan-2026,O3,1,43.8048,-61.1740,43.8048,-61.1740,48,,401677564,-135
260358,260358,UT,DS,4,0,4,112,47,02:43:52 30-Jan-2026,MC,0,43.7939,-61.1652,43.7939,-61.1652,48,,401677567,-120
260358,260358,UT,DS,6,0,6,126,46,03:35:41 30-Jan-2026,O3,0,43.8103,-61.1562,43.8103,-61.1562,48,,401677564,-119
260358,260358,UT,DS,2,0,2,46,46,05:14:43 30-Jan-2026,O3,B,43.8145,-61.2065,43.8145,-61.2065,8,,401677565,-127
260358,260358,UT,DS,5,0,5,150,46,08:14:01 30-Jan-2026,SR,1,43.8285,-61.1660,43.8285,-61.1660,48,,401677561,-122
260358,260358,UT,DS,12,0,12,48,47,09:49:37 30-Jan-2026,SR,2,43.8240,-61.1800,43.8240,-61.1800,48,,401677564,-122
260358,260358,UT,DS,1,0,1,,,11:29:23 30-Jan-2026,SR,B,43.8247,-61.1875,43.8247,-61.1875,8,,401677555,-133
260358,260358,UT,DS,1,0,1,,,12:44:02 30-Jan-2026,MB,B,43.8251,-61.1897,43.8251,-61.1897,8,,401677555,-134
260358,260358,UT,DS,3,0,3,177,46,13:18:41 30-Jan-2026,MC,A,43.8388,-61.1221,43.8388,-61.1221,7,,401677573,-131
260358,260358,UT,DS,10,0,10,59,46,00:09:05 31-Jan-2026,MB,2,43.8241,-61.1176,43.8241,-61.1176,58,,401677565,-124
260358,260358,UT,DS,8,0,8,94,47,00:45:40 31-Jan-2026,MC,2,43.8139,-61.1022,43.8139,-61.1022,58,,401677564,-116
260358,260358,UT,DS,1,0,1,,,01:16:17 31-Jan-2026,O3,B,43.8145,-61.0878,43.8145,-61.0878,7,,401677573,-139
260358,260358,UT,DS,2,0,2,47,47,01:46:03 31-Jan-2026,MB,B,43.7726,-61.1016,43.7726,-61.1016,6,,401677581,-127
260358,260358,UT,DS,3,0,3,203,48,02:23:47 31-Jan-2026,MC,A,43.8079,-61.1062,43.8079,-61.1062,8,,401677582,-123
260358,260358,UT,DS,3,0,3,178,48,02:52:45 31-Jan-2026,O3,A,43.8055,-61.1267,43.8055,-61.1267,6,,401677562,-127
260358,260358,UT,DS,2,0,2,372,372,04:28:37 31-Jan-2026,O3,B,43.8290,-61.1160,43.8290,-61.1160,8,,401677560,-124
260358,260358,UT,DS,2,0,2,240,240,07:40:36 31-Jan-2026,SR,B,43.8314,-61.0944,43.8314,-61.0944,8,,401677561,-126
260358,260358,UT,DS,3,0,3,165,47,09:15:42 31-Jan-2026,SR,A,43.8130,-61.0654,43.8130,-61.0654,8,,401677561,-127
260358,260358,UT,DS,2,0,2,398,398,10:56:55 31-Jan-2026,SR,B,43.8163,-61.0192,43.8163,-61.0192,8,,401677558,-130
260358,260358,UT,DS,1,0,1,,,12:22:13 31-Jan-2026,MB,B,43.8115,-60.9943,43.8115,-60.9943,8,,401677570,-132
260358,260358,UT,DS,3,0,3,172,47,12:59:13 31-Jan-2026,MC,A,43.7930,-60.9646,43.7930,-60.9646,8,,401677573,-116
260358,260358,UT,DS,3,0,3,362,317,14:34:58 31-Jan-2026,MC,A,43.7927,-60.8864,43.7927,-60.8864,8,,401677564,-134
260358,260358,UT,DS,1,0,1,,,14:51:52 31-Jan-2026,O3,B,43.7928,-60.8865,43.7928,-60.8865,6,,401677565,-128
260358,260358,UT,DS,2,0,2,46,46,16:21:47 31-Jan-2026,MC,B,43.7871,-60.7932,43.7871,-60.7932,8,,401677554,-127
260358,260358,UT,DS,3,0,3,155,51,16:28:53 31-Jan-2026,O3,A,43.7790,-60.7788,43.7790,-60.7788,6,,401677551,-125
260358,260358,UT,DS,2,0,2,47,47,00:22:35 01-Feb-2026,MC,B,43.8241,-60.4675,43.8241,-60.4675,8,,401677553,-122
260358,260358,UT,DS,2,0,2,46,46,00:45:41 01-Feb-2026,SR,B,43.8415,-60.4658,43.8415,-60.4658,6,,401677549,-133
260358,260358,UT,DS,1,0,1,,,01:26:55 01-Feb-2026,MB,B,43.8406,-60.4330,43.8406,-60.4330,8,,401677553,-136
260358,260358,UT,DS,2,0,2,316,316,02:04:29 01-Feb-2026,O3,B,43.8422,-60.3657,43.8422,-60.3657,8,,401677555,-129
260358,260358,UT,DS,2,0,2,316,316,02:04:29 01-Feb-2026,MC,B,43.8474,-60.3484,43.8474,-60.3484,8,,401677557,-118
260358,260358,UT,DS,3,0,3,286,267,03:42:26 01-Feb-2026,O3,A,43.9036,-60.2740,43.9036,-60.2740,8,,401677557,-124
260358,260358,UT,DS,2,0,2,213,213,05:21:55 01-Feb-2026,O3,B,43.9215,-60.1873,43.9215,-60.1873,8,,401677563,-131
260358,260358,UT,DS,1,0,1,,,07:08:29 01-Feb-2026,SR,B,43.9722,-60.0912,43.9722,-60.0912,6,,401677651,-138
260358,260358,UT,DS,4,0,4,92,92,08:47:23 01-Feb-2026,SR,2,43.9750,-60.1500,43.9750,-60.1500,58,,401677637,-124
260358,260358,UT,DS,5,0,5,92,92,10:24:45 01-Feb-2026,SR,3,43.9634,-60.1751,43.9634,-60.1751,58,,401677592,-127
260358,260358,UT,DS,1,0,1,,,12:39:41 01-Feb-2026,MC,B,43.9781,-60.1347,43.9781,-60.1347,8,,401677593,-133
260358,260358,UT,DS,2,0,2,46,46,00:04:49 02-Feb-2026,MC,B,43.8554,-60.1685,43.8554,-60.1685,8,,401677564,-116
260358,260358,UT,DS,2,0,2,329,329,00:16:09 02-Feb-2026,SR,B,43.8559,-60.1670,43.8559,-60.1670,6,,401677553,-135
260358,260358,UT,DS,1,0,1,,,01:20:30 02-Feb-2026,O3,B,43.8596,-60.1538,43.8596,-60.1538,8,,401677559,-137
260358,260358,UT,DS,1,0,1,,,01:43:57 02-Feb-2026,MC,B,43.8534,-60.1557,43.8534,-60.1557,6,,401677548,-116
260358,260358,UT,DS,5,0,5,175,46,02:58:24 02-Feb-2026,O3,2,43.7962,-60.2278,43.7962,-60.2278,58,,401677559,-122
260358,260358,UT,DS,2,0,2,47,47,04:36:44 02-Feb-2026,O3,B,43.7829,-60.2809,43.7829,-60.2809,8,,401677552,-125
260358,260358,UT,DS,3,0,3,232,50,09:52:05 02-Feb-2026,SR,A,43.6975,-60.4294,43.6975,-60.4294,8,,401677568,-125
260358,260358,UT,DS,2,0,2,261,261,12:18:46 02-Feb-2026,MC,B,43.6713,-60.4848,43.6713,-60.4848,8,,401677561,-122
260358,260358,UT,DS,3,0,3,166,47,13:18:16 02-Feb-2026,MB,A,43.6664,-60.4981,43.6664,-60.4981,8,,401677564,-126
260358,260358,UT,DS,6,0,6,151,47,13:54:12 02-Feb-2026,MC,1,43.6642,-60.5421,43.6642,-60.5421,58,,401677565,-123
260358,260358,UT,DS,2,0,2,383,383,14:58:57 02-Feb-2026,MB,B,43.6164,-60.5113,43.6164,-60.5113,,,401677551,-133
260358,260358,UT,DS,3,0,3,167,94,14:58:57 02-Feb-2026,O3,B,43.6190,-60.5438,43.6190,-60.5438,8,,401677577,-133
260358,260358,UT,DS,3,0,3,243,216,15:34:16 02-Feb-2026,MC,A,43.6359,-60.4629,43.6359,-60.4629,7,,401677563,-119
260358,260358,UT,DS,6,0,6,132,46,16:39:16 02-Feb-2026,O3,0,43.6411,-60.5000,43.6411,-60.5000,48,,401677563,-120
260358,260358,UT,DS,3,0,3,165,47,18:16:47 02-Feb-2026,O3,A,43.6412,-60.4576,43.6412,-60.4576,8,,401677571,-129
260358,260358,UT,DS,4,0,4,117,47,00:45:43 03-Feb-2026,MB,3,43.6192,-60.4732,43.6192,-60.4732,68,,401677575,-126
260358,260358,UT,DS,5,0,5,161,47,01:19:44 03-Feb-2026,MC,1,43.6082,-60.4875,43.6082,-60.4875,48,,401677568,-111
260358,260358,UT,DS,2,0,2,46,46,02:07:50 03-Feb-2026,O3,B,43.6019,-60.4939,43.6019,-60.4939,8,,401677572,-129
260358,260358,UT,DS,2,0,2,47,47,03:06:05 03-Feb-2026,MC,B,43.5962,-60.4983,,,8,,401677578,-133
260358,260358,UT,DS,4,0,4,129,46,03:52:13 03-Feb-2026,O3,1,43.6084,-60.5009,43.6084,-60.5009,58,,401677568,-117
260358,260358,UT,DS,1,0,1,,,05:28:04 03-Feb-2026,O3,B,43.5964,-60.4944,43.5964,-60.4944,8,,401677563,-137
260358,260358,UT,DS,2,0,2,47,47,07:45:13 03-Feb-2026,SR,B,43.6104,-60.4493,43.6104,-60.4493,8,,401677582,-129
260358,260358,UT,DS,4,0,4,137,47,09:21:07 03-Feb-2026,SR,0,43.6135,-60.5252,43.6135,-60.5252,48,,401677573,-126
260358,260358,UT,DS,3,0,3,157,47,11:02:53 03-Feb-2026,SR,A,43.5682,-60.5418,43.5682,-60.5418,8,,401677570,-130
260358,260358,UT,DS,1,0,1,,,11:57:54 03-Feb-2026,MC,B,43.5682,-60.5470,43.5682,-60.5470,8,,401677559,-129
260358,260358,UT,DS,3,0,3,179,46,13:38:25 03-Feb-2026,MC,A,43.6025,-60.5419,43.6025,-60.5419,8,,401677568,-116
260358,260358,UT,DS,1,0,1,,,14:39:22 03-Feb-2026,MB,B,43.6062,-60.5403,43.6062,-60.5403,8,,401677558,-134
260358,260358,UT,DS,4,0,4,139,46,15:14:43 03-Feb-2026,MC,0,43.6114,-60.5090,43.6114,-60.5090,47,,401677569,-118
260358,260358,UT,DS,2,0,2,312,312,15:53:06 03-Feb-2026,O3,B,43.6165,-60.4784,43.6165,-60.4784,8,,401677572,-126
260358,260358,UT,DS,3,0,3,211,48,17:32:55 03-Feb-2026,O3,A,43.6478,-60.4824,43.6478,-60.4824,8,,401677575,-124
260358,260358,UT,DS,3,0,3,201,47,21:35:53 03-Feb-2026,SR,A,43.6502,-60.4814,43.6502,-60.4814,8,,401677577,-122
260358,260358,UT,DS,4,0,4,154,47,00:24:08 04-Feb-2026,MB,0,43.6466,-60.4555,43.6466,-60.4555,48,,401677569,-124
260358,260358,UT,DS,2,0,2,47,47,00:49:59 04-Feb-2026,SR,B,43.6577,-60.4699,43.6577,-60.4699,6,,401677588,-136
260358,260358,UT,DS,3,0,3,146,47,01:01:49 04-Feb-2026,MC,A,43.6237,-60.5845,43.6237,-60.5845,8,,401677568,-115
260358,260358,UT,DS,2,0,2,50,50,01:27:22 04-Feb-2026,O3,B,43.6437,-60.5096,43.6437,-60.5096,6,,401677575,-134
260358,260358,UT,DS,4,0,4,127,47,02:40:55 04-Feb-2026,MC,0,43.6323,-60.5487,43.6323,-60.5487,48,,401677573,-129
260358,260358,UT,DS,5,0,5,178,46,03:04:43 04-Feb-2026,O3,1,43.6337,-60.5143,43.6337,-60.5143,46,,401677571,-126
260358,260358,UT,DS,2,0,2,47,47,04:43:29 04-Feb-2026,O3,B,43.6247,-60.5812,43.6247,-60.5812,8,,401677575,-121
260358,260358,UT,DS,1,0,1,,,07:16:51 04-Feb-2026,SR,B,43.6056,-60.6873,43.6056,-60.6873,8,,401677552,-134
260358,260358,UT,DS,6,0,6,136,46,08:46:33 04-Feb-2026,SR,1,43.6395,-60.5681,43.6395,-60.5681,48,,401677585,-132
260358,260358,UT,DS,5,0,5,159,46,10:28:36 04-Feb-2026,SR,1,43.6461,-60.5745,43.6461,-60.5745,48,,401677567,-123
260358,260358,UT,DS,2,0,2,46,46,12:37:38 04-Feb-2026,MB,B,43.7178,-60.6246,43.7178,-60.6246,8,,401677570,-127
260358,260358,UT,DS,2,0,2,376,376,13:16:27 04-Feb-2026,MC,B,43.7247,-60.6119,43.7247,-60.6119,8,,401677568,-121
260358,260358,UT,DS,3,0,3,195,46,14:19:22 04-Feb-2026,MB,A,43.7501,-60.5906,43.7501,-60.5906,8,,401677567,-129
260358,260358,UT,DS,2,0,2,47,47,14:59:00 04-Feb-2026,MC,B,43.7631,-60.5881,43.7631,-60.5881,8,,401677567,-114
260358,260358,UT,DS,2,0,2,405,405,15:06:02 04-Feb-2026,O3,,,,,,,,401650000,
260358,260358,UT,DS,3,0,3,207,46,16:39:52 04-Feb-2026,O3,,,,,,,,401650000,
260358,260358,UT,DS,1,0,1,,,18:21:46 04-Feb-2026,O3,,,,,,,,401650000,
260358,260358,UT,DS,1,0,1,,,20:59:20 04-Feb-2026,SR,B,43.8743,-60.4557,43.8743,-60.4557,8,,401677565,-127
260358,260358,UT,DS,5,0,5,169,132,22:41:44 04-Feb-2026,SR,2,43.9535,-60.2623,43.9535,-60.2623,58,,401677548,-116
260358,260358,UT,DS,2,0,2,180,180,23:00:07 04-Feb-2026,MC,B,43.9611,-60.2452,43.9611,-60.2452,6,,401677545,-126
260358,260358,UT,DS,8,0,8,77,49,00:01:18 05-Feb-2026,MB,2,43.9801,-60.1678,43.9801,-60.1678,58,,401677545,-124
260358,260358,UT,DS,9,0,9,57,46,00:20:32 05-Feb-2026,SR,1,43.9640,-60.1735,43.9640,-60.1735,56,,401677539,-132
260358,260358,UT,DS,13,0,13,54,47,00:36:07 05-Feb-2026,MC,1,43.9765,-60.1823,43.9765,-60.1823,46,,401677553,-116
260358,260358,UT,DS,3,0,3,138,92,02:18:20 05-Feb-2026,O3,,,,,,,,401650000,
260358,260358,UT,DS,6,0,6,92,92,02:19:52 05-Feb-2026,MC,3,43.9658,-60.1802,43.9658,-60.1802,57,,401677593,-123
260358,260358,UT,DS,6,0,6,92,92,03:53:24 05-Feb-2026,O3,,,,,,,,401650000,
260358,260358,UT,DS,5,0,5,115,92,08:20:30 05-Feb-2026,SR,3,43.9728,-60.1626,43.9728,-60.1626,58,,401677589,-124
