DeployID,Ptt,Instr,Date,Type,Quality,Latitude,Longitude,Error radius,Error Semi-major axis,Error Semi-minor axis,Error Ellipse orientation,Offset,Offset orientation,GPE MSD,GPE U,Count,Comment
260358,260358,UT,16:23:34 29-Jan-2024,Argos,2,43.935110,-60.004990,298,437,202,138,,,,,,
260358,260358,UT,11:59:49 16-Feb-2024,Argos,1,43.795650,-59.818220,565,7773,41,101,,,,,,
260358,260358,UT,12:41:47 16-Feb-2024,Argos,3,43.781310,-59.832680,86,158,46,86,,,,,,
260358,260358,UT,12:48:19 16-Feb-2024,Argos,2,43.766520,-59.842530,352,483,255,64,,,,,,
260358,260358,UT,13:43:26 16-Feb-2024,Argos,B,43.746160,-59.848520,1329,37101,47,98,,,,,,
260358,260358,UT,14:14:38 16-Feb-2024,Argos,2,43.728710,-59.853050,460,783,269,101,,,,,,
260358,260358,UT,14:20:20 16-Feb-2024,Argos,3,43.723110,-59.849320,188,338,104,109,,,,,,
260358,260358,UT,14:27:52 16-Feb-2024,Argos,3,43.716530,-59.848540,237,726,77,96,,,,,,
260358,260358,UT,14:48:05 16-Feb-2024,Argos,2,43.704370,-59.866840,486,990,238,174,,,,,,
260358,260358,UT,15:58:43 16-Feb-2024,Argos,0,43.692690,-59.899580,1694,4238,676,144,,,,,,
260358,260358,UT,16:31:32 16-Feb-2024,Argos,1,43.675880,-59.945240,887,10855,72,97,,,,,,
260358,260358,UT,21:41:17 16-Feb-2024,Argos,2,43.559320,-59.955280,287,517,159,51,,,,,,
260358,260358,UT,21:51:48 16-Feb-2024,Argos,3,43.559970,-59.954930,243,584,101,84,,,,,,
260358,260358,UT,21:53:24 16-Feb-2024,Argos,3,43.560430,-59.957320,193,265,140,58,,,,,,
260358,260358,UT,22:06:07 16-Feb-2024,Argos,3,43.552980,-59.956070,109,291,40,100,,,,,,
260358,260358,UT,22:31:10 16-Feb-2024,Argos,2,43.555360,-59.957840,322,615,168,156,,,,,,
260358,260358,UT,22:35:03 16-Feb-2024,Argos,1,43.542680,-59.952080,836,1368,510,128,,,,,,
260358,260358,UT,23:22:24 16-Feb-2024,Argos,3,43.522000,-59.925310,195,528,71,84,,,,,,
260358,260358,UT,23:31:58 16-Feb-2024,Argos,B,43.521640,-59.925310,774,4830,124,80,,,,,,
260358,260358,UT,23:37:53 16-Feb-2024,Argos,1,43.521070,-59.937300,518,909,294,48,,,,,,
260358,260358,UT,00:04:23 17-Feb-2024,Argos,B,43.509960,-59.945020,1305,2626,648,57,,,,,,
260358,260358,UT,00:07:36 17-Feb-2024,Argos,3,43.509590,-59.926740,157,817,30,78,,,,,,
260358,260358,UT,00:12:38 17-Feb-2024,Argos,3,43.508950,-59.924280,102,263,39,78,,,,,,
260358,260358,UT,01:01:49 17-Feb-2024,Argos,1,43.503460,-59.911150,562,2146,147,86,,,,,,
260358,260358,UT,01:49:37 17-Feb-2024,Argos,1,43.497340,-59.881740,1045,5286,206,76,,,,,,
260358,260358,UT,01:49:38 17-Feb-2024,Argos,A,43.493970,-59.889720,357,1142,111,81,,,,,,
260358,260358,UT,01:56:17 17-Feb-2024,Argos,A,43.498670,-59.874000,214,850,54,63,,,,,,
260358,260358,UT,02:02:33 17-Feb-2024,Argos,1,43.493470,-59.894220,548,670,447,169,,,,,,
260358,260358,UT,11:35:07 17-Feb-2024,Argos,2,43.370350,-59.767130,478,1285,177,73,,,,,,
260358,260358,UT,12:29:34 17-Feb-2024,Argos,2,43.338580,-59.783360,387,485,308,84,,,,,,
260358,260358,UT,12:29:34 17-Feb-2024,Argos,A,43.342390,-59.789040,127,173,92,132,,,,,,
260358,260358,UT,13:14:48 17-Feb-2024,Argos,B,43.322630,-59.785520,1658,10114,271,47,,,,,,
260358,260358,UT,13:17:08 17-Feb-2024,Argos,A,43.313960,-59.789600,114,269,47,87,,,,,,
260358,260358,UT,14:02:39 17-Feb-2024,Argos,A,43.289230,-59.820430,131,242,71,110,,,,,,
260358,260358,UT,14:07:45 17-Feb-2024,Argos,1,43.279930,-59.796930,1360,11548,160,102,,,,,,
260358,260358,UT,14:12:45 17-Feb-2024,Argos,A,43.285790,-59.806690,590,1364,254,137,,,,,,
260358,260358,UT,15:02:16 17-Feb-2024,Argos,B,43.252660,-59.831120,946,7472,119,119,,,,,,
260358,260358,UT,15:44:23 17-Feb-2024,Argos,2,43.241840,-59.858410,424,686,262,82,,,,,,
260358,260358,UT,15:52:16 17-Feb-2024,Argos,A,43.228150,-59.837290,241,1546,37,114,,,,,,
260358,260358,UT,15:52:16 17-Feb-2024,Argos,B,43.229480,-59.848010,1353,2394,763,113,,,,,,
260358,260358,UT,21:10:52 17-Feb-2024,Argos,2,43.132130,-59.966680,269,707,102,86,,,,,,
260358,260358,UT,21:12:18 17-Feb-2024,Argos,2,43.127930,-59.970130,469,521,422,57,,,,,,
260358,260358,UT,21:17:02 17-Feb-2024,Argos,3,43.130580,-59.975030,110,137,87,79,,,,,,
260358,260358,UT,21:44:06 17-Feb-2024,Argos,A,43.117340,-59.988050,89,138,56,94,,,,,,
260358,260358,UT,22:20:37 17-Feb-2024,Argos,B,43.102160,-60.002740,826,1160,587,88,,,,,,
260358,260358,UT,22:52:07 17-Feb-2024,Argos,B,43.096920,-60.006510,1407,2094,944,58,,,,,,
260358,260358,UT,22:57:29 17-Feb-2024,Argos,1,43.090970,-59.989290,515,3519,75,72,,,,,,
260358,260358,UT,23:00:09 17-Feb-2024,Argos,2,43.087780,-59.989730,476,1183,191,104,,,,,,
260358,260358,UT,23:18:19 17-Feb-2024,Argos,A,43.078880,-59.993220,519,2210,121,116,,,,,,
260358,260358,UT,23:50:48 17-Feb-2024,Argos,2,43.059200,-59.999570,263,571,121,89,,,,,,
260358,260358,UT,23:55:08 17-Feb-2024,Argos,3,43.056650,-60.004340,123,418,36,72,,,,,,
260358,260358,UT,00:37:28 18-Feb-2024,Argos,A,43.042310,-60.015640,588,7872,43,83,,,,,,
260358,260358,UT,00:38:00 18-Feb-2024,Argos,A,43.042140,-60.018770,207,586,73,76,,,,,,
260358,260358,UT,00:39:04 18-Feb-2024,Argos,B,43.043090,-60.017250,407,1207,137,55,,,,,,
260358,260358,UT,01:20:09 18-Feb-2024,Argos,B,43.021140,-60.025160,962,1298,712,75,,,,,,
260358,260358,UT,01:33:00 18-Feb-2024,Argos,3,43.036860,-60.006520,164,745,36,72,,,,,,
260358,260358,UT,01:34:30 18-Feb-2024,Argos,2,43.036710,-60.003460,343,995,118,61,,,,,,
260358,260358,UT,01:40:37 18-Feb-2024,Argos,A,43.034340,-60.005060,508,989,260,47,,,,,,
260358,260358,UT,02:22:18 18-Feb-2024,Argos,B,43.019080,-60.009220,892,1240,641,86,,,,,,
260358,260358,UT,02:57:11 18-Feb-2024,Argos,B,43.012370,-60.011070,1394,1601,1213,47,,,,,,
260358,260358,UT,11:10:33 18-Feb-2024,Argos,3,42.821340,-59.975410,191,1059,34,88,,,,,,
260358,260358,UT,12:09:28 18-Feb-2024,Argos,A,42.786760,-59.939230,1230,3621,417,163,,,,,,
260358,260358,UT,12:19:11 18-Feb-2024,Argos,1,42.818250,-59.958590,1223,3232,462,56,,,,,,
260358,260358,UT,12:50:41 18-Feb-2024,Argos,1,42.822050,-59.954430,998,1130,881,63,,,,,,
260358,260358,UT,13:03:14 18-Feb-2024,Argos,B,42.811130,-59.948490,2868,34234,240,71,,,,,,
260358,260358,UT,13:46:38 18-Feb-2024,Argos,2,42.801450,-59.967440,473,4698,47,95,,,,,,
260358,260358,UT,13:57:35 18-Feb-2024,Argos,2,42.793870,-59.956390,491,1167,206,68,,,,,,
260358,260358,UT,13:58:39 18-Feb-2024,Argos,1,42.798000,-59.956310,1311,2315,742,93,,,,,,
260358,260358,UT,14:34:38 18-Feb-2024,Argos,3,42.784670,-59.945640,112,295,42,94,,,,,,
260358,260358,UT,14:55:04 18-Feb-2024,Argos,1,42.776600,-59.954330,1478,2313,944,168,,,,,,
260358,260358,UT,15:27:05 18-Feb-2024,Argos,0,42.783770,-59.933620,2015,11985,338,74,,,,,,
260358,260358,UT,15:29:39 18-Feb-2024,Argos,3,42.775950,-59.934450,193,480,77,99,,,,,,
260358,260358,UT,15:43:01 18-Feb-2024,Argos,B,42.769440,-59.937200,4675,6104,3579,120,,,,,,
260358,260358,UT,16:36:25 18-Feb-2024,Argos,0,42.760280,-59.892220,1819,26581,124,99,,,,,,
260358,260358,UT,21:20:33 18-Feb-2024,Argos,1,42.661300,-59.893860,1172,1723,796,144,,,,,,
260358,260358,UT,22:06:48 18-Feb-2024,Argos,B,42.647780,-59.884050,7919,10941,5732,88,,,,,,
260358,260358,UT,22:09:11 18-Feb-2024,Argos,1,42.647920,-59.916610,731,856,624,34,,,,,,
260358,260358,UT,22:24:36 18-Feb-2024,Argos,B,42.642030,-59.912300,1987,13507,292,54,,,,,,
260358,260358,UT,22:27:11 18-Feb-2024,Argos,1,42.626410,-59.868470,843,13813,51,101,,,,,,
260358,260358,UT,22:53:53 18-Feb-2024,Argos,A,42.624920,-59.906790,207,224,190,141,,,,,,
260358,260358,UT,23:30:57 18-Feb-2024,Argos,1,42.613610,-59.930560,510,725,357,44,,,,,,
260358,260358,UT,23:48:55 18-Feb-2024,Argos,3,42.616100,-59.928470,165,607,44,97,,,,,,
260358,260358,UT,00:06:23 19-Feb-2024,Argos,A,42.604430,-59.893480,1598,8382,304,69,,,,,,
260358,260358,UT,00:06:47 19-Feb-2024,Argos,3,42.609010,-59.935410,241,244,237,45,,,,,,
260358,260358,UT,00:18:58 19-Feb-2024,Argos,1,42.603490,-59.945810,706,2140,232,83,,,,,,
260358,260358,UT,01:14:13 19-Feb-2024,Argos,3,42.599840,-59.932350,205,1538,27,69,,,,,,
260358,260358,UT,01:20:09 19-Feb-2024,Argos,1,42.597220,-59.937910,571,2433,133,64,,,,,,
260358,260358,UT,01:28:06 19-Feb-2024,Argos,B,42.595400,-59.937710,1439,2083,993,82,,,,,,
260358,260358,UT,02:11:38 19-Feb-2024,Argos,B,42.586040,-59.935610,3064,4119,2278,84,,,,,,
260358,260358,UT,11:49:59 19-Feb-2024,Argos,B,42.478120,-59.797330,1852,8510,403,15,,,,,,
260358,260358,UT,11:52:38 19-Feb-2024,Argos,A,42.516840,-59.787670,505,1537,165,42,,,,,,
260358,260358,UT,12:05:03 19-Feb-2024,Argos,1,42.519530,-59.777360,612,691,541,62,,,,,,
260358,260358,UT,12:25:11 19-Feb-2024,Argos,2,42.522780,-59.762480,315,843,117,109,,,,,,
260358,260358,UT,12:34:00 19-Feb-2024,Argos,B,42.523030,-59.777470,2270,4045,1273,82,,,,,,
260358,260358,UT,13:26:13 19-Feb-2024,Argos,2,42.514490,-59.704100,255,572,113,92,,,,,,
260358,260358,UT,13:38:05 19-Feb-2024,Argos,2,42.517890,-59.697320,498,509,487,5,,,,,,
260358,260358,UT,13:49:42 19-Feb-2024,Argos,1,42.512430,-59.686530,1251,7366,212,103,,,,,,
260358,260358,UT,14:03:22 19-Feb-2024,Argos,B,42.512470,-59.686240,3262,4741,2244,94,,,,,,
260358,260358,UT,14:14:49 19-Feb-2024,Argos,3,42.500440,-59.673070,243,1946,30,104,,,,,,
260358,260358,UT,21:28:51 19-Feb-2024,Argos,3,42.449260,-59.523810,225,272,185,112,,,,,,
260358,260358,UT,21:56:19 19-Feb-2024,Argos,1,42.452690,-59.506880,633,2147,186,107,,,,,,
260358,260358,UT,21:57:24 19-Feb-2024,Argos,B,42.452620,-59.505920,884,1427,547,99,,,,,,
260358,260358,UT,22:02:03 19-Feb-2024,Argos,2,42.462290,-59.508540,274,545,138,67,,,,,,
260358,260358,UT,22:33:06 19-Feb-2024,Argos,1,42.453710,-59.469950,845,10309,69,102,,,,,,
260358,260358,UT,00:03:15 20-Feb-2024,Argos,B,42.461860,-59.458130,3477,37926,318,94,,,,,,
260358,260358,UT,00:04:55 20-Feb-2024,Argos,B,42.462440,-59.459790,3268,23338,457,95,,,,,,
260358,260358,UT,00:50:54 20-Feb-2024,Argos,0,42.473680,-59.415530,4877,252187,94,78,,,,,,
260358,260358,UT,01:10:11 20-Feb-2024,Argos,2,42.473630,-59.413990,298,536,165,87,,,,,,
260358,260358,UT,01:12:26 20-Feb-2024,Argos,2,42.473270,-59.409130,282,522,152,80,,,,,,
260358,260358,UT,01:23:31 20-Feb-2024,Argos,B,42.474040,-59.419790,1127,1264,1004,35,,,,,,
260358,260358,UT,01:39:04 20-Feb-2024,Argos,B,42.477080,-59.412690,1190,9362,151,118,,,,,,
260358,260358,UT,02:54:31 20-Feb-2024,Argos,B,42.489280,-59.385440,2320,3326,1618,102,,,,,,
260358,260358,UT,11:58:19 20-Feb-2024,Argos,A,42.662300,-59.224880,579,7245,46,105,,,,,,
260358,260358,UT,13:07:29 20-Feb-2024,Argos,A,42.695040,-59.227760,139,428,44,80,,,,,,
260358,260358,UT,13:32:10 20-Feb-2024,Argos,2,42.705200,-59.213620,405,4771,34,100,,,,,,
260358,260358,UT,13:35:48 20-Feb-2024,Argos,B,42.705320,-59.214220,485,1497,156,100,,,,,,
260358,260358,UT,13:52:40 20-Feb-2024,Argos,1,42.708110,-59.220000,760,14258,40,99,,,,,,
260358,260358,UT,14:49:41 20-Feb-2024,Argos,A,42.701810,-59.216750,1852,5870,584,140,,,,,,
260358,260358,UT,15:00:39 20-Feb-2024,Argos,A,42.718520,-59.232480,189,201,178,13,,,,,,
260358,260358,UT,15:10:16 20-Feb-2024,Argos,0,42.725000,-59.192750,3278,61079,175,101,,,,,,
260358,260358,UT,15:15:05 20-Feb-2024,Argos,0,42.746140,-59.232270,2086,4491,969,37,,,,,,
260358,260358,UT,21:24:01 20-Feb-2024,Argos,B,42.827920,-59.195360,9420,270610,327,111,,,,,,
260358,260358,UT,21:42:46 20-Feb-2024,Argos,B,42.854680,-59.244700,591,6014,58,79,,,,,,
260358,260358,UT,22:09:37 20-Feb-2024,Argos,A,42.864590,-59.242190,143,202,101,25,,,,,,
260358,260358,UT,22:27:04 20-Feb-2024,Argos,B,42.864050,-59.242630,585,796,429,88,,,,,,
260358,260358,UT,22:56:02 20-Feb-2024,Argos,B,42.871120,-59.236770,926,1251,685,85,,,,,,
260358,260358,UT,23:06:03 20-Feb-2024,Argos,2,42.883510,-59.257760,357,681,186,97,,,,,,
260358,260358,UT,23:19:48 20-Feb-2024,Argos,3,42.883210,-59.247460,98,267,35,89,,,,,,
260358,260358,UT,23:25:44 20-Feb-2024,Argos,B,42.880990,-59.258050,2128,16643,272,105,,,,,,
260358,260358,UT,23:42:03 20-Feb-2024,Argos,B,42.883740,-59.255420,3176,6187,1629,101,,,,,,
260358,260358,UT,23:42:03 20-Feb-2024,Argos,B,42.883500,-59.256510,696,1388,348,99,,,,,,
260358,260358,UT,00:27:46 21-Feb-2024,Argos,1,42.903930,-59.277170,653,2438,174,77,,,,,,
260358,260358,UT,00:44:10 21-Feb-2024,Argos,B,42.903870,-59.277220,3202,4470,2293,89,,,,,,
260358,260358,UT,00:55:47 21-Feb-2024,Argos,3,42.908030,-59.287970,174,320,94,94,,,,,,
260358,260358,UT,01:02:03 21-Feb-2024,Argos,B,42.907380,-59.288620,284,798,100,34,,,,,,
260358,260358,UT,01:02:03 21-Feb-2024,Argos,B,42.907420,-59.288720,397,554,283,85,,,,,,
260358,260358,UT,01:19:28 21-Feb-2024,Argos,A,42.920810,-59.290730,108,249,47,76,,,,,,
260358,260358,UT,02:11:28 21-Feb-2024,Argos,3,42.916270,-59.301100,149,155,143,162,,,,,,
260358,260358,UT,02:17:42 21-Feb-2024,Argos,1,42.922610,-59.302150,628,1051,374,100,,,,,,
260358,260358,UT,11:33:43 21-Feb-2024,Argos,2,43.133890,-59.515600,404,1143,143,84,,,,,,
260358,260358,UT,11:44:15 21-Feb-2024,Argos,B,43.136180,-59.517490,1184,1694,826,89,,,,,,
260358,260358,UT,12:46:07 21-Feb-2024,Argos,B,43.149330,-59.549830,1521,10910,212,2,,,,,,
260358,260358,UT,13:12:19 21-Feb-2024,Argos,3,43.169280,-59.556550,131,177,97,63,,,,,,
260358,260358,UT,13:18:22 21-Feb-2024,Argos,B,43.170170,-59.557330,370,513,266,91,,,,,,
260358,260358,UT,13:18:22 21-Feb-2024,Argos,2,43.173790,-59.554520,379,3435,41,102,,,,,,
260358,260358,UT,13:32:47 21-Feb-2024,Argos,B,43.184130,-59.567860,914,10572,79,113,,,,,,
260358,260358,UT,14:26:00 21-Feb-2024,Argos,3,43.193900,-59.541730,161,418,62,101,,,,,,
260358,260358,UT,14:54:23 21-Feb-2024,Argos,A,43.205410,-59.560940,271,1513,48,110,,,,,,
260358,260358,UT,15:04:01 21-Feb-2024,Argos,B,43.202390,-59.545720,335,803,139,3,,,,,,
260358,260358,UT,15:58:05 21-Feb-2024,Argos,A,43.209220,-59.555530,126,519,30,87,,,,,,
260358,260358,UT,16:11:41 21-Feb-2024,Argos,B,43.229500,-59.593000,1162,1524,885,91,,,,,,
260358,260358,UT,16:36:40 21-Feb-2024,Argos,3,43.212440,-59.542150,234,420,129,78,,,,,,
260358,260358,UT,21:47:49 21-Feb-2024,Argos,B,43.296670,-59.614580,1350,26280,69,173,,,,,,
260358,260358,UT,21:47:49 21-Feb-2024,Argos,B,43.215330,-59.601800,133,223,79,19,,,,,,
260358,260358,UT,22:32:52 21-Feb-2024,Argos,0,43.209630,-59.593440,3350,12013,934,126,,,,,,
260358,260358,UT,22:33:14 21-Feb-2024,Argos,2,43.222150,-59.613890,284,1722,46,101,,,,,,
260358,260358,UT,23:00:24 21-Feb-2024,Argos,1,43.236180,-59.597940,993,18969,52,78,,,,,,
260358,260358,UT,23:10:35 21-Feb-2024,Argos,B,43.225590,-59.624170,856,4054,180,118,,,,,,
260358,260358,UT,23:22:11 21-Feb-2024,Argos,B,43.221900,-59.634790,538,3404,85,155,,,,,,
260358,260358,UT,23:23:17 21-Feb-2024,Argos,B,43.224670,-59.639100,520,985,273,149,,,,,,
260358,260358,UT,00:08:57 22-Feb-2024,Argos,3,43.255300,-59.668980,131,260,65,67,,,,,,
260358,260358,UT,00:12:39 22-Feb-2024,Argos,2,43.254290,-59.662400,446,758,262,63,,,,,,
260358,260358,UT,00:35:32 22-Feb-2024,Argos,B,43.247660,-59.676090,2413,3441,1692,90,,,,,,
260358,260358,UT,00:43:14 22-Feb-2024,Argos,1,43.253040,-59.674710,641,1108,370,155,,,,,,
260358,260358,UT,00:46:01 22-Feb-2024,Argos,A,43.257330,-59.672690,543,1725,170,103,,,,,,
260358,260358,UT,00:59:17 22-Feb-2024,Argos,3,43.259260,-59.675960,144,620,33,82,,,,,,
260358,260358,UT,12:23:35 22-Feb-2024,Argos,2,43.328930,-59.846960,387,497,300,149,,,,,,
260358,260358,UT,12:46:30 22-Feb-2024,Argos,1,43.336620,-59.845360,935,2096,416,84,,,,,,
260358,260358,UT,13:02:49 22-Feb-2024,Argos,0,43.341100,-59.831060,3191,5346,1904,130,,,,,,
260358,260358,UT,13:08:32 22-Feb-2024,Argos,3,43.335380,-59.865450,230,848,62,86,,,,,,
260358,260358,UT,13:12:32 22-Feb-2024,Argos,B,43.335670,-59.866270,704,1065,464,91,,,,,,
260358,260358,UT,14:08:47 22-Feb-2024,Argos,1,43.315320,-59.805950,1451,23478,89,103,,,,,,
260358,260358,UT,21:27:18 22-Feb-2024,Argos,B,43.417190,-59.843850,3742,98376,142,77,,,,,,
260358,260358,UT,21:59:55 22-Feb-2024,Argos,2,43.401510,-59.979870,414,1631,105,103,,,,,,
260358,260358,UT,22:28:48 22-Feb-2024,Argos,2,43.404300,-59.989410,314,975,101,74,,,,,,
260358,260358,UT,22:58:37 22-Feb-2024,Argos,B,43.402080,-60.023950,2155,3083,1506,87,,,,,,
260358,260358,UT,22:58:37 22-Feb-2024,Argos,B,43.411840,-59.980040,1309,26042,65,123,,,,,,
260358,260358,UT,00:13:57 23-Feb-2024,Argos,B,43.407420,-60.063880,1316,1990,870,105,,,,,,
260358,260358,UT,00:29:51 23-Feb-2024,Argos,B,43.424700,-59.978000,1022,9045,115,148,,,,,,
260358,260358,UT,00:39:41 23-Feb-2024,Argos,B,43.454120,-59.991830,361,4001,32,87,,,,,,
260358,260358,UT,00:39:41 23-Feb-2024,Argos,B,43.454230,-59.983390,150,701,32,79,,,,,,
260358,260358,UT,01:30:41 23-Feb-2024,Argos,2,43.478190,-59.959080,258,468,141,75,,,,,,
260358,260358,UT,02:10:06 23-Feb-2024,Argos,1,43.489820,-59.978170,1198,2100,683,73,,,,,,
260358,260358,UT,02:23:35 23-Feb-2024,Argos,B,43.489860,-59.978260,2609,3732,1823,87,,,,,,
260358,260358,UT,12:08:29 23-Feb-2024,Argos,B,43.607200,-60.337120,12140,24096,6116,92,,,,,,
260358,260358,UT,12:18:12 23-Feb-2024,Argos,A,43.622220,-59.964620,1081,20058,58,103,,,,,,
260358,260358,UT,12:51:29 23-Feb-2024,Argos,Z,43.568730,-59.997590,21664,84906,5527,102,,,,,,
260358,260358,UT,12:54:57 23-Feb-2024,Argos,2,43.639220,-59.980570,465,3374,64,104,,,,,,
260358,260358,UT,13:47:32 23-Feb-2024,Argos,A,43.660050,-59.986930,330,2484,43,87,,,,,,
260358,260358,UT,14:01:55 23-Feb-2024,Argos,B,43.664070,-59.994010,571,926,351,88,,,,,,
260358,260358,UT,14:30:02 23-Feb-2024,Argos,B,43.669000,-60.002530,688,8885,53,76,,,,,,
260358,260358,UT,14:30:02 23-Feb-2024,Argos,B,43.669460,-59.996650,188,430,81,61,,,,,,
260358,260358,UT,14:38:17 23-Feb-2024,Argos,B,43.621930,-60.019440,693,4896,98,35,,,,,,
260358,260358,UT,15:26:05 23-Feb-2024,Argos,B,43.622470,-60.018650,1145,1497,874,56,,,,,,
260358,260358,UT,16:06:34 23-Feb-2024,Argos,A,43.695650,-60.040090,294,818,105,103,,,,,,
260358,260358,UT,16:17:09 23-Feb-2024,Argos,B,43.623380,-60.019870,1577,2042,1217,67,,,,,,
260358,260358,UT,21:32:44 23-Feb-2024,Argos,B,43.663310,-59.986170,5416,9031,3248,107,,,,,,
260358,260358,UT,21:58:46 23-Feb-2024,Argos,2,43.841060,-60.241540,307,580,162,79,,,,,,
260358,260358,UT,22:36:27 23-Feb-2024,Argos,B,43.859760,-60.196970,3334,55980,198,72,,,,,,
260358,260358,UT,22:45:03 23-Feb-2024,Argos,A,43.843970,-60.231130,724,1860,281,138,,,,,,
260358,260358,UT,23:13:20 23-Feb-2024,Argos,A,43.853260,-60.258070,229,896,58,99,,,,,,
260358,260358,UT,23:33:30 23-Feb-2024,Argos,B,43.859120,-60.276470,630,874,453,89,,,,,,
260358,260358,UT,23:46:36 23-Feb-2024,Argos,B,43.856800,-60.272630,664,3983,110,144,,,,,,
260358,260358,UT,00:15:54 24-Feb-2024,Argos,A,43.866890,-60.267500,137,477,39,66,,,,,,
260358,260358,UT,00:20:21 24-Feb-2024,Argos,B,43.871450,-60.258170,275,652,115,102,,,,,,
260358,260358,UT,00:23:47 24-Feb-2024,Argos,B,43.863440,-60.262640,550,9582,31,79,,,,,,
260358,260358,UT,01:10:34 24-Feb-2024,Argos,B,43.867180,-60.291050,806,11429,56,58,,,,,,
260358,260358,UT,01:37:42 24-Feb-2024,Argos,B,43.872710,-60.313110,1070,2307,495,64,,,,,,
260358,260358,UT,01:55:52 24-Feb-2024,Argos,B,43.870470,-60.300390,1434,2664,771,86,,,,,,
260358,260358,UT,02:01:46 24-Feb-2024,Argos,1,43.887610,-60.294260,907,19809,41,78,,,,,,
260358,260358,UT,02:06:15 24-Feb-2024,Argos,2,43.887560,-60.299600,361,525,247,60,,,,,,
260358,260358,UT,02:55:21 24-Feb-2024,Argos,B,43.887370,-60.331080,1123,3515,358,68,,,,,,
260358,260358,UT,12:31:00 24-Feb-2024,Argos,B,43.924250,-60.356160,4277,7421,2464,75,,,,,,
260358,260358,UT,12:52:19 24-Feb-2024,Argos,B,44.051900,-60.337540,1946,11875,318,113,,,,,,
260358,260358,UT,13:21:44 24-Feb-2024,Argos,1,44.051200,-60.299000,847,4110,174,113,,,,,,
260358,260358,UT,13:32:32 24-Feb-2024,Argos,B,44.051040,-60.298600,1771,2603,1204,97,,,,,,
260358,260358,UT,14:12:47 24-Feb-2024,Argos,B,44.055960,-60.329800,1965,40397,95,88,,,,,,
260358,260358,UT,14:21:00 24-Feb-2024,Argos,B,44.054130,-60.306380,924,19204,44,80,,,,,,
260358,260358,UT,14:25:07 24-Feb-2024,Argos,2,44.064830,-60.279670,453,1125,182,101,,,,,,
260358,260358,UT,15:07:11 24-Feb-2024,Argos,B,44.073180,-60.307790,4427,6552,2990,96,,,,,,
260358,260358,UT,15:16:03 24-Feb-2024,Argos,A,44.066590,-60.273630,422,3192,55,106,,,,,,
260358,260358,UT,16:03:24 24-Feb-2024,Argos,B,44.080140,-60.305460,786,9879,62,98,,,,,,
260358,260358,UT,16:06:41 24-Feb-2024,Argos,B,44.077170,-60.288140,1291,11430,145,99,,,,,,
260358,260358,UT,16:56:11 24-Feb-2024,Argos,B,44.079800,-60.325380,1720,3632,814,97,,,,,,
260358,260358,UT,21:36:52 24-Feb-2024,Argos,3,44.134800,-60.264110,210,340,130,67,,,,,,
260358,260358,UT,22:13:50 24-Feb-2024,Argos,2,44.140880,-60.259610,306,1021,91,96,,,,,,
260358,260358,UT,22:34:12 24-Feb-2024,Argos,A,44.143420,-60.265180,2989,5631,1586,34,,,,,,
260358,260358,UT,22:34:43 24-Feb-2024,Argos,B,44.151590,-60.259570,702,876,561,39,,,,,,
260358,260358,UT,23:59:55 24-Feb-2024,Argos,B,44.150070,-60.279430,2025,9265,442,107,,,,,,
260358,260358,UT,00:07:21 25-Feb-2024,Argos,B,44.133500,-60.200990,1250,6006,260,129,,,,,,
260358,260358,UT,00:10:36 25-Feb-2024,Argos,2,44.150120,-60.206230,495,1404,174,71,,,,,,
260358,260358,UT,00:15:56 25-Feb-2024,Argos,B,44.147430,-60.205810,698,2267,214,82,,,,,,
260358,260358,UT,00:48:02 25-Feb-2024,Argos,1,44.127290,-60.208870,513,3285,80,79,,,,,,
260358,260358,UT,01:37:09 25-Feb-2024,Argos,B,44.120670,-60.223790,1528,15787,147,106,,,,,,
260358,260358,UT,01:49:39 25-Feb-2024,Argos,3,44.110260,-60.181200,226,899,57,76,,,,,,
260358,260358,UT,01:53:34 25-Feb-2024,Argos,2,44.105030,-60.174370,263,289,238,69,,,,,,
260358,260358,UT,12:35:22 25-Feb-2024,Argos,B,44.085860,-60.267070,2913,78473,108,60,,,,,,
260358,260358,UT,13:09:40 25-Feb-2024,Argos,B,44.138820,-60.181190,1044,10974,99,85,,,,,,
260358,260358,UT,13:52:43 25-Feb-2024,Argos,B,44.157670,-60.185400,1145,6275,208,66,,,,,,
260358,260358,UT,14:01:49 25-Feb-2024,Argos,0,44.133800,-60.189690,1671,2051,1360,60,,,,,,
260358,260358,UT,14:12:48 25-Feb-2024,Argos,B,44.126460,-60.228350,830,2590,265,86,,,,,,
260358,260358,UT,14:32:42 25-Feb-2024,Argos,B,44.134230,-60.195520,6777,9601,4782,87,,,,,,
260358,260358,UT,14:45:29 25-Feb-2024,Argos,B,44.135100,-60.188540,641,4822,85,158,,,,,,
260358,260358,UT,15:48:39 25-Feb-2024,Argos,B,44.145240,-60.197050,1155,1691,788,116,,,,,,
260358,260358,UT,15:56:29 25-Feb-2024,Argos,B,44.145940,-60.193480,1264,2096,762,108,,,,,,
260358,260358,UT,16:15:11 25-Feb-2024,Argos,B,44.151120,-60.199960,873,13418,56,68,,,,,,
260358,260358,UT,21:51:12 25-Feb-2024,Argos,B,44.209730,-60.154540,1091,23163,51,137,,,,,,
260358,260358,UT,22:06:09 25-Feb-2024,Argos,B,44.228680,-60.168940,561,11194,28,103,,,,,,
260358,260358,UT,22:54:35 25-Feb-2024,Argos,B,44.233300,-60.173640,1060,1756,640,95,,,,,,
260358,260358,UT,22:56:11 25-Feb-2024,Argos,B,44.253500,-60.185270,791,4052,154,80,,,,,,
260358,260358,UT,23:22:26 25-Feb-2024,Argos,B,44.232760,-60.170870,1286,2043,809,98,,,,,,
260358,260358,UT,23:45:06 25-Feb-2024,Argos,B,44.235840,-60.171530,1434,2265,907,98,,,,,,
260358,260358,UT,00:02:48 26-Feb-2024,Argos,B,44.288690,-60.179900,1100,32377,37,92,,,,,,
260358,260358,UT,00:31:17 26-Feb-2024,Argos,B,44.296330,-60.210910,636,8558,47,54,,,,,,
260358,260358,UT,00:31:17 26-Feb-2024,Argos,B,44.295490,-60.212400,651,8599,49,54,,,,,,
260358,260358,UT,01:20:52 26-Feb-2024,Argos,B,44.302230,-60.216100,1138,1831,707,71,,,,,,
260358,260358,UT,01:45:55 26-Feb-2024,Argos,B,44.328220,-60.224920,1014,12484,82,74,,,,,,
260358,260358,UT,01:45:55 26-Feb-2024,Argos,B,44.328400,-60.224010,996,12005,82,74,,,,,,
260358,260358,UT,12:24:54 26-Feb-2024,Argos,B,44.420500,-60.270100,2931,7113,1207,99,,,,,,
260358,260358,UT,12:40:50 26-Feb-2024,Argos,B,44.476710,-60.411910,2336,67771,80,96,,,,,,
260358,260358,UT,12:44:22 26-Feb-2024,Argos,B,44.481780,-60.464050,1684,18479,153,96,,,,,,
260358,260358,UT,13:35:16 26-Feb-2024,Argos,B,44.487820,-60.469110,1900,7198,501,97,,,,,,
260358,260358,UT,13:57:08 26-Feb-2024,Argos,B,44.488950,-60.475570,1970,5911,656,97,,,,,,
260358,260358,UT,14:00:25 26-Feb-2024,Argos,B,44.500280,-60.459050,1652,77059,35,106,,,,,,
260358,260358,UT,14:20:24 26-Feb-2024,Argos,B,44.500390,-60.461230,1478,44588,49,113,,,,,,
260358,260358,UT,15:28:33 26-Feb-2024,Argos,B,44.538810,-60.538190,1168,9441,144,21,,,,,,
260358,260358,UT,15:47:45 26-Feb-2024,Argos,B,44.544060,-60.546270,1033,1682,633,28,,,,,,
260358,260358,UT,21:36:15 26-Feb-2024,Argos,2,44.667300,-60.430170,268,471,152,33,,,,,,
260358,260358,UT,21:36:40 26-Feb-2024,Argos,A,44.663110,-60.430220,459,729,289,51,,,,,,
260358,260358,UT,22:13:47 26-Feb-2024,Argos,B,44.673690,-60.437460,4065,5640,2930,86,,,,,,
260358,260358,UT,22:24:31 26-Feb-2024,Argos,3,44.689010,-60.406410,232,723,74,80,,,,,,
260358,260358,UT,23:00:11 26-Feb-2024,Argos,A,44.691730,-60.405240,269,1301,55,53,,,,,,
260358,260358,UT,23:16:38 26-Feb-2024,Argos,2,44.696590,-60.404390,321,797,128,104,,,,,,
260358,260358,UT,23:44:16 26-Feb-2024,Argos,B,44.696450,-60.403990,2497,3559,1751,88,,,,,,
260358,260358,UT,23:46:37 26-Feb-2024,Argos,3,44.714920,-60.381010,202,451,90,72,,,,,,
260358,260358,UT,00:07:48 27-Feb-2024,Argos,2,44.724550,-60.369280,293,675,126,55,,,,,,
260358,260358,UT,00:10:14 27-Feb-2024,Argos,2,44.718480,-60.373350,280,614,127,62,,,,,,
260358,260358,UT,00:51:50 27-Feb-2024,Argos,B,44.728000,-60.378530,2267,3166,1622,91,,,,,,
260358,260358,UT,00:56:04 27-Feb-2024,Argos,1,44.721100,-60.373510,740,6616,82,72,,,,,,
260358,260358,UT,01:01:58 27-Feb-2024,Argos,B,44.722190,-60.376270,829,2050,334,78,,,,,,
260358,260358,UT,01:23:48 27-Feb-2024,Argos,B,44.723000,-60.362270,606,2941,124,176,,,,,,
260358,260358,UT,01:29:14 27-Feb-2024,Argos,B,44.725660,-60.361290,673,1202,376,1,,,,,,
260358,260358,UT,12:09:57 27-Feb-2024,Argos,B,44.725780,-60.373500,1896,33885,106,43,,,,,,
260358,260358,UT,12:18:46 27-Feb-2024,Argos,B,44.754920,-60.345790,946,4377,204,25,,,,,,
260358,260358,UT,12:22:29 27-Feb-2024,Argos,B,44.736750,-60.355350,408,471,353,143,,,,,,
260358,260358,UT,13:11:02 27-Feb-2024,Argos,B,44.746900,-60.360260,1008,1398,726,87,,,,,,
260358,260358,UT,13:44:00 27-Feb-2024,Argos,B,44.741430,-60.361560,1318,1707,1016,96,,,,,,
260358,260358,UT,13:49:27 27-Feb-2024,Argos,A,44.750650,-60.400500,342,4981,23,100,,,,,,
260358,260358,UT,13:58:18 27-Feb-2024,Argos,B,44.751330,-60.404930,639,1732,235,98,,,,,,
260358,260358,UT,14:05:17 27-Feb-2024,Argos,B,44.751430,-60.404820,627,15585,25,100,,,,,,
260358,260358,UT,14:43:47 27-Feb-2024,Argos,B,44.759210,-60.409980,1049,2156,510,97,,,,,,
260358,260358,UT,14:56:36 27-Feb-2024,Argos,B,44.761860,-60.412640,1149,2167,609,95,,,,,,
260358,260358,UT,15:27:42 27-Feb-2024,Argos,B,44.762830,-60.412390,1422,2325,869,98,,,,,,
260358,260358,UT,15:31:32 27-Feb-2024,Argos,B,44.760080,-60.410570,1433,2228,921,103,,,,,,
260358,260358,UT,16:22:10 27-Feb-2024,Argos,B,44.810680,-60.438040,1331,47513,37,81,,,,,,
260358,260358,UT,22:00:32 27-Feb-2024,Argos,2,44.933920,-60.395510,265,360,194,128,,,,,,
260358,260358,UT,22:41:49 27-Feb-2024,Argos,B,44.947550,-60.524900,2290,87970,59,94,,,,,,
260358,260358,UT,22:48:35 27-Feb-2024,Argos,2,44.936440,-60.385360,278,1220,63,92,,,,,,
260358,260358,UT,23:36:39 27-Feb-2024,Argos,2,44.946670,-60.391730,253,463,137,73,,,,,,
260358,260358,UT,23:37:51 27-Feb-2024,Argos,A,44.945720,-60.393710,199,674,58,93,,,,,,
260358,260358,UT,23:46:32 27-Feb-2024,Argos,A,44.944900,-60.391300,131,157,109,101,,,,,,
260358,260358,UT,00:13:34 28-Feb-2024,Argos,B,44.945920,-60.390590,550,840,359,168,,,,,,
260358,260358,UT,00:23:14 28-Feb-2024,Argos,B,44.953500,-60.392300,817,1114,598,168,,,,,,
260358,260358,UT,00:34:11 28-Feb-2024,Argos,1,44.963730,-60.400160,585,1970,173,77,,,,,,
260358,260358,UT,01:08:53 28-Feb-2024,Argos,2,44.972880,-60.409120,300,1289,69,61,,,,,,
260358,260358,UT,01:19:30 28-Feb-2024,Argos,3,44.973720,-60.416510,229,323,162,61,,,,,,
260358,260358,UT,01:30:49 28-Feb-2024,Argos,3,44.972460,-60.422870,87,207,36,86,,,,,,
260358,260358,UT,01:57:55 28-Feb-2024,Argos,B,44.980980,-60.427310,709,996,503,87,,,,,,
260358,260358,UT,11:54:51 28-Feb-2024,Argos,1,45.076610,-60.679190,552,5180,58,93,,,,,,
260358,260358,UT,11:56:35 28-Feb-2024,Argos,1,45.076100,-60.654430,998,1263,789,95,,,,,,
260358,260358,UT,13:33:21 28-Feb-2024,Argos,B,45.101050,-60.669830,4093,5588,2997,95,,,,,,
260358,260358,UT,13:35:44 28-Feb-2024,Argos,A,45.101820,-60.729490,1748,20275,150,95,,,,,,
260358,260358,UT,13:45:19 28-Feb-2024,Argos,B,45.101820,-60.728750,2686,10744,671,96,,,,,,
260358,260358,UT,14:29:59 28-Feb-2024,Argos,A,45.084960,-60.682490,170,575,50,101,,,,,,
260358,260358,UT,15:14:08 28-Feb-2024,Argos,1,45.104930,-60.705940,1210,9262,158,102,,,,,,
260358,260358,UT,15:17:40 28-Feb-2024,Argos,2,45.107170,-60.717560,322,471,220,77,,,,,,
260358,260358,UT,15:19:03 28-Feb-2024,Argos,2,45.109870,-60.724360,404,592,274,93,,,,,,
260358,260358,UT,15:35:34 28-Feb-2024,Argos,2,45.111780,-60.727110,462,584,364,47,,,,,,
260358,260358,UT,21:30:19 28-Feb-2024,Argos,2,45.172660,-60.786370,415,600,287,10,,,,,,
260358,260358,UT,22:01:47 28-Feb-2024,Argos,B,45.184900,-60.789940,828,1029,666,91,,,,,,
260358,260358,UT,22:11:06 28-Feb-2024,Argos,B,45.183530,-60.790420,895,1237,646,86,,,,,,
260358,260358,UT,22:19:33 28-Feb-2024,Argos,B,45.180620,-60.788550,1013,1258,814,95,,,,,,
260358,260358,UT,23:12:01 28-Feb-2024,Argos,A,45.206920,-60.799830,594,11273,31,83,,,,,,
260358,260358,UT,23:24:27 28-Feb-2024,Argos,B,45.202080,-60.815340,401,1812,88,123,,,,,,
260358,260358,UT,23:27:54 28-Feb-2024,Argos,B,45.208930,-60.821920,641,5788,70,113,,,,,,
260358,260358,UT,23:49:46 28-Feb-2024,Argos,2,45.221690,-60.821100,263,575,120,73,,,,,,
260358,260358,UT,23:52:01 28-Feb-2024,Argos,B,45.221800,-60.821620,196,359,107,158,,,,,,
260358,260358,UT,00:11:25 29-Feb-2024,Argos,3,45.233680,-60.825890,101,173,58,71,,,,,,
260358,260358,UT,00:56:56 29-Feb-2024,Argos,B,45.240930,-60.832350,916,1341,624,91,,,,,,
260358,260358,UT,01:00:14 29-Feb-2024,Argos,B,45.240180,-60.832730,917,1378,610,82,,,,,,
260358,260358,UT,01:06:04 29-Feb-2024,Argos,A,45.258630,-60.783090,496,5193,47,78,,,,,,
260358,260358,UT,01:07:19 29-Feb-2024,Argos,B,45.253690,-60.796780,348,1512,79,99,,,,,,
260358,260358,UT,01:11:12 29-Feb-2024,Argos,B,45.253360,-60.833270,761,3466,167,82,,,,,,
260358,260358,UT,01:54:35 29-Feb-2024,Argos,B,45.272040,-60.833260,1057,12040,92,92,,,,,,
260358,260358,UT,02:38:43 29-Feb-2024,Argos,B,45.279040,-60.819840,783,12282,49,57,,,,,,
260358,260358,UT,02:47:13 29-Feb-2024,Argos,B,45.279930,-60.821200,936,3231,271,59,,,,,,
260358,260358,UT,02:48:51 29-Feb-2024,Argos,2,45.298740,-60.807380,349,717,169,85,,,,,,
260358,260358,UT,12:26:11 29-Feb-2024,Argos,B,45.421120,-60.795560,12355,17993,8483,76,,,,,,
260358,260358,UT,13:06:14 29-Feb-2024,Argos,1,45.485640,-60.735180,548,995,301,71,,,,,,
260358,260358,UT,13:18:59 29-Feb-2024,Argos,1,45.491860,-60.763560,553,1217,251,96,,,,,,
260358,260358,UT,13:20:58 29-Feb-2024,Argos,B,45.491870,-60.763550,1645,2434,1111,91,,,,,,
260358,260358,UT,13:21:52 29-Feb-2024,Argos,1,45.486020,-60.765120,621,4251,90,100,,,,,,
260358,260358,UT,14:06:39 29-Feb-2024,Argos,0,45.488450,-60.734830,1638,18768,143,101,,,,,,
260358,260358,UT,15:00:01 29-Feb-2024,Argos,B,45.520170,-60.712300,7753,11189,5372,92,,,,,,
260358,260358,UT,15:00:01 29-Feb-2024,Argos,B,45.512500,-60.715590,7129,12735,3991,97,,,,,,
260358,260358,UT,21:38:39 29-Feb-2024,Argos,2,45.470860,-60.734410,365,931,142,103,,,,,,
260358,260358,UT,21:55:20 29-Feb-2024,Argos,3,45.472240,-60.741890,199,279,141,76,,,,,,
260358,260358,UT,22:49:26 29-Feb-2024,Argos,1,45.470710,-60.701320,1244,21303,72,80,,,,,,
260358,260358,UT,23:08:53 29-Feb-2024,Argos,B,45.473180,-60.707160,2108,8409,528,79,,,,,,
260358,260358,UT,23:12:22 29-Feb-2024,Argos,B,45.466410,-60.709440,1402,17211,114,73,,,,,,
260358,260358,UT,23:21:01 29-Feb-2024,Argos,2,45.457910,-60.734880,264,472,147,97,,,,,,
260358,260358,UT,23:27:37 29-Feb-2024,Argos,B,45.456940,-60.739320,652,3011,141,144,,,,,,
260358,260358,UT,00:26:55 01-Mar-2024,Argos,B,45.472990,-60.713140,2309,3304,1614,89,,,,,,
260358,260358,UT,00:47:12 01-Mar-2024,Argos,B,45.453220,-60.752080,950,1770,509,156,,,,,,
260358,260358,UT,00:47:35 01-Mar-2024,Argos,A,45.450290,-60.759810,279,1687,46,87,,,,,,
260358,260358,UT,00:51:57 01-Mar-2024,Argos,A,45.445720,-60.759190,198,1482,26,91,,,,,,
260358,260358,UT,01:33:05 01-Mar-2024,Argos,3,45.435190,-60.767850,247,382,159,76,,,,,,
260358,260358,UT,12:42:51 01-Mar-2024,Argos,A,45.359960,-60.676490,661,1798,242,170,,,,,,
260358,260358,UT,12:58:52 01-Mar-2024,Argos,B,45.393200,-60.726980,5484,178290,168,120,,,,,,
260358,260358,UT,13:03:39 01-Mar-2024,Argos,B,45.394780,-60.728350,5198,52156,518,120,,,,,,
260358,260358,UT,13:07:56 01-Mar-2024,Argos,A,45.371530,-60.670700,584,1238,275,63,,,,,,
260358,260358,UT,13:46:06 01-Mar-2024,Argos,A,45.370030,-60.684230,458,6835,30,98,,,,,,
260358,260358,UT,14:17:32 01-Mar-2024,Argos,B,45.371210,-60.686400,823,1328,510,94,,,,,,
260358,260358,UT,14:36:32 01-Mar-2024,Argos,A,45.352270,-60.625390,2034,10793,383,124,,,,,,
260358,260358,UT,14:47:24 01-Mar-2024,Argos,A,45.379000,-60.652550,2447,7174,834,152,,,,,,
260358,260358,UT,14:50:33 01-Mar-2024,Argos,2,45.367670,-60.651060,355,803,157,104,,,,,,
260358,260358,UT,15:25:55 01-Mar-2024,Argos,B,45.342880,-60.639560,1519,14353,160,77,,,,,,
260358,260358,UT,15:43:21 01-Mar-2024,Argos,3,45.355490,-60.621840,165,239,113,88,,,,,,
260358,260358,UT,16:20:43 01-Mar-2024,Argos,1,45.358730,-60.612780,797,2224,285,62,,,,,,
260358,260358,UT,16:22:31 01-Mar-2024,Argos,A,45.352580,-60.621310,578,875,382,107,,,,,,
260358,260358,UT,22:15:37 01-Mar-2024,Argos,B,45.316340,-60.599020,4568,49506,421,147,,,,,,
260358,260358,UT,22:17:36 01-Mar-2024,Argos,1,45.329150,-60.591970,516,2044,130,87,,,,,,
260358,260358,UT,22:50:56 01-Mar-2024,Argos,A,45.324540,-60.583420,174,1103,27,108,,,,,,
260358,260358,UT,23:00:05 01-Mar-2024,Argos,A,45.321670,-60.587990,169,248,114,36,,,,,,
260358,260358,UT,23:06:40 01-Mar-2024,Argos,B,45.322000,-60.588690,287,1308,62,170,,,,,,
260358,260358,UT,23:59:42 01-Mar-2024,Argos,B,45.316590,-60.577460,717,4522,113,90,,,,,,
260358,260358,UT,00:22:21 02-Mar-2024,Argos,3,45.308260,-60.609740,215,675,68,73,,,,,,
260358,260358,UT,00:30:19 02-Mar-2024,Argos,B,45.306720,-60.608760,644,977,424,86,,,,,,
260358,260358,UT,00:40:39 02-Mar-2024,Argos,3,45.308960,-60.602380,155,458,52,82,,,,,,
260358,260358,UT,01:11:34 02-Mar-2024,Argos,1,45.304280,-60.618180,1003,2965,339,59,,,,,,
260358,260358,UT,01:18:05 02-Mar-2024,Argos,A,45.306340,-60.613300,1106,1274,958,127,,,,,,
260358,260358,UT,02:11:58 02-Mar-2024,Argos,B,45.298440,-60.612370,3341,4605,2424,93,,,,,,
260358,260358,UT,02:11:58 02-Mar-2024,Argos,B,45.302020,-60.613460,2496,3002,2073,102,,,,,,
260358,260358,UT,12:22:16 02-Mar-2024,Argos,1,45.254320,-60.797300,759,4699,122,104,,,,,,
260358,260358,UT,12:39:18 02-Mar-2024,Argos,B,45.249080,-60.799460,1383,4877,392,98,,,,,,
260358,260358,UT,13:01:54 02-Mar-2024,Argos,2,45.246870,-60.835100,400,836,191,87,,,,,,
260358,260358,UT,13:27:49 02-Mar-2024,Argos,2,45.235580,-60.855900,357,758,167,99,,,,,,
260358,260358,UT,14:21:34 02-Mar-2024,Argos,B,45.224080,-60.857950,2903,4649,1812,98,,,,,,
260358,260358,UT,14:49:20 02-Mar-2024,Argos,B,45.226450,-60.860210,3030,4455,2060,103,,,,,,
260358,260358,UT,14:57:53 02-Mar-2024,Argos,B,45.217450,-60.849790,880,2144,360,19,,,,,,
260358,260358,UT,15:11:23 02-Mar-2024,Argos,B,45.214510,-60.849690,997,1525,651,24,,,,,,
260358,260358,UT,16:00:12 02-Mar-2024,Argos,B,45.206610,-60.848840,1371,1625,1157,51,,,,,,
260358,260358,UT,16:09:54 02-Mar-2024,Argos,A,45.169870,-60.865750,157,227,109,147,,,,,,
260358,260358,UT,16:36:40 02-Mar-2024,Argos,B,45.171670,-60.870370,998,1659,600,78,,,,,,
260358,260358,UT,21:35:28 02-Mar-2024,Argos,A,45.162500,-60.896770,217,329,142,39,,,,,,
260358,260358,UT,21:58:21 02-Mar-2024,Argos,A,45.164510,-60.884710,157,306,80,114,,,,,,
260358,260358,UT,22:17:23 02-Mar-2024,Argos,B,45.163340,-60.892390,627,10874,36,112,,,,,,
260358,260358,UT,22:42:58 02-Mar-2024,Argos,1,45.170970,-60.908280,623,2819,137,122,,,,,,
260358,260358,UT,22:47:46 02-Mar-2024,Argos,B,45.166420,-60.899540,313,534,183,26,,,,,,
260358,260358,UT,23:35:47 02-Mar-2024,Argos,3,45.145250,-60.909080,178,305,103,65,,,,,,
260358,260358,UT,23:57:07 02-Mar-2024,Argos,B,45.140880,-60.909820,474,1120,200,44,,,,,,
260358,260358,UT,00:06:58 03-Mar-2024,Argos,3,45.137160,-60.916280,142,272,73,101,,,,,,
260358,260358,UT,00:16:29 03-Mar-2024,Argos,B,45.137370,-60.914030,722,1429,364,57,,,,,,
260358,260358,UT,00:20:20 03-Mar-2024,Argos,2,45.136580,-60.910150,303,601,152,98,,,,,,
260358,260358,UT,00:24:04 03-Mar-2024,Argos,1,45.133120,-60.907460,1291,14021,118,78,,,,,,
260358,260358,UT,00:58:05 03-Mar-2024,Argos,B,45.129450,-60.906600,4676,7020,3114,87,,,,,,
260358,260358,UT,02:09:28 03-Mar-2024,Argos,B,45.123140,-60.905030,7097,11361,4432,86,,,,,,
260358,260358,UT,02:09:28 03-Mar-2024,Argos,B,45.125790,-60.905860,6688,10454,4278,88,,,,,,
260358,260358,UT,02:09:28 03-Mar-2024,Argos,B,45.124350,-60.907230,3213,4563,2261,90,,,,,,
260358,260358,UT,11:50:28 03-Mar-2024,Argos,A,45.133040,-60.955250,263,2358,29,105,,,,,,
260358,260358,UT,12:46:39 03-Mar-2024,Argos,A,45.161340,-61.007350,119,251,56,85,,,,,,
260358,260358,UT,14:05:37 03-Mar-2024,Argos,B,45.188840,-60.991190,870,12163,62,105,,,,,,
260358,260358,UT,14:17:25 03-Mar-2024,Argos,3,45.199500,-61.031090,221,377,129,82,,,,,,
260358,260358,UT,14:27:26 03-Mar-2024,Argos,B,45.198860,-61.031140,460,678,311,89,,,,,,
260358,260358,UT,15:40:54 03-Mar-2024,Argos,B,45.202030,-61.030690,1611,2394,1084,97,,,,,,
260358,260358,UT,15:50:22 03-Mar-2024,Argos,A,45.212100,-61.069960,105,218,50,95,,,,,,
260358,260358,UT,16:00:49 03-Mar-2024,Argos,A,45.213900,-61.063680,127,333,48,114,,,,,,
260358,260358,UT,16:13:14 03-Mar-2024,Argos,B,45.213740,-61.063180,499,723,343,93,,,,,,
260358,260358,UT,21:34:56 03-Mar-2024,Argos,B,45.158340,-61.054810,1609,9177,282,78,,,,,,
260358,260358,UT,21:46:09 03-Mar-2024,Argos,A,45.138010,-61.098840,205,960,43,119,,,,,,
260358,260358,UT,22:19:52 03-Mar-2024,Argos,A,45.149350,-61.120480,582,3324,102,140,,,,,,
260358,260358,UT,22:35:44 03-Mar-2024,Argos,0,45.129750,-61.086670,2049,3713,1130,111,,,,,,
260358,260358,UT,22:35:44 03-Mar-2024,Argos,B,45.149430,-61.123670,1681,2378,1188,113,,,,,,
260358,260358,UT,23:14:03 03-Mar-2024,Argos,A,45.114280,-61.113630,2147,3223,1430,7,,,,,,
260358,260358,UT,23:25:56 03-Mar-2024,Argos,3,45.106060,-61.124210,225,341,148,87,,,,,,
260358,260358,UT,23:46:33 03-Mar-2024,Argos,B,45.102510,-61.127480,1102,3136,387,23,,,,,,
260358,260358,UT,23:54:07 03-Mar-2024,Argos,B,45.097110,-61.113270,1155,6050,220,56,,,,,,
260358,260358,UT,00:07:37 04-Mar-2024,Argos,3,45.084230,-61.142950,186,282,122,130,,,,,,
260358,260358,UT,00:14:04 04-Mar-2024,Argos,3,45.088290,-61.147360,185,1415,24,79,,,,,,
260358,260358,UT,00:28:08 04-Mar-2024,Argos,A,45.079470,-61.162490,382,2162,67,55,,,,,,
260358,260358,UT,00:52:47 04-Mar-2024,Argos,B,45.077590,-61.171740,1041,1750,619,16,,,,,,
260358,260358,UT,01:22:53 04-Mar-2024,Argos,B,45.062180,-61.182750,1338,33013,54,90,,,,,,
260358,260358,UT,01:50:22 04-Mar-2024,Argos,B,45.062950,-61.179710,1635,5309,503,87,,,,,,
260358,260358,UT,01:55:00 04-Mar-2024,Argos,B,45.058720,-61.201420,491,2117,114,149,,,,,,
260358,260358,UT,02:58:04 04-Mar-2024,Argos,B,45.047890,-61.224460,1194,1547,921,102,,,,,,
260358,260358,UT,13:02:28 04-Mar-2024,Argos,A,44.900060,-61.442830,416,3448,50,69,,,,,,
260358,260358,UT,13:38:36 04-Mar-2024,Argos,A,44.900280,-61.469210,172,694,42,118,,,,,,
260358,260358,UT,14:09:45 04-Mar-2024,Argos,B,44.894690,-61.482930,547,4315,69,73,,,,,,
260358,260358,UT,14:16:33 04-Mar-2024,Argos,A,44.880410,-61.484340,135,322,56,82,,,,,,
260358,260358,UT,14:27:09 04-Mar-2024,Argos,B,44.889690,-61.496040,392,2039,75,61,,,,,,
260358,260358,UT,15:16:32 04-Mar-2024,Argos,1,44.865940,-61.557880,907,1430,575,68,,,,,,
260358,260358,UT,15:56:13 04-Mar-2024,Argos,B,44.852920,-61.580790,2889,14121,591,61,,,,,,
260358,260358,UT,16:44:42 04-Mar-2024,Argos,B,44.823400,-61.626710,733,11457,46,106,,,,,,
260358,260358,UT,21:51:38 04-Mar-2024,Argos,B,44.752950,-61.834520,1479,32737,66,124,,,,,,
260358,260358,UT,21:58:53 04-Mar-2024,Argos,B,44.764220,-61.847090,1944,6571,574,93,,,,,,
260358,260358,UT,22:24:41 04-Mar-2024,Argos,B,44.776710,-61.760680,5467,63805,468,89,,,,,,
260358,260358,UT,22:47:59 04-Mar-2024,Argos,B,44.781970,-61.880500,3166,404161,24,80,,,,,,
260358,260358,UT,22:52:54 04-Mar-2024,Argos,B,44.774630,-61.918190,2397,36184,158,80,,,,,,
260358,260358,UT,01:02:41 05-Mar-2024,Argos,B,44.732900,-62.009040,2468,7096,858,85,,,,,,
260358,260358,UT,01:49:07 05-Mar-2024,Argos,B,44.727190,-62.021900,2864,7433,1103,81,,,,,,
260358,260358,UT,12:22:14 05-Mar-2024,Argos,1,44.589480,-62.462350,1207,6212,234,133,,,,,,
260358,260358,UT,12:35:31 05-Mar-2024,Argos,1,44.594480,-62.453080,826,8703,78,106,,,,,,
260358,260358,UT,13:23:01 05-Mar-2024,Argos,B,44.575270,-62.509680,1554,13868,174,92,,,,,,
260358,260358,UT,13:56:07 05-Mar-2024,Argos,B,44.567930,-62.478820,1481,3875,565,131,,,,,,
260358,260358,UT,14:05:42 05-Mar-2024,Argos,B,44.562450,-62.537490,2726,8874,837,91,,,,,,
260358,260358,UT,14:56:06 05-Mar-2024,Argos,A,44.563910,-62.503480,176,408,75,122,,,,,,
260358,260358,UT,15:31:47 05-Mar-2024,Argos,A,44.542540,-62.517130,184,1256,26,99,,,,,,
260358,260358,UT,15:59:24 05-Mar-2024,Argos,3,44.534590,-62.519340,208,509,85,116,,,,,,
260358,260358,UT,16:37:41 05-Mar-2024,Argos,B,44.521520,-62.534610,1132,1600,801,93,,,,,,
260358,260358,UT,21:36:20 05-Mar-2024,Argos,B,44.419130,-62.659480,2336,5468,998,86,,,,,,
260358,260358,UT,22:22:19 05-Mar-2024,Argos,B,44.379410,-62.671900,5278,472912,58,87,,,,,,
260358,260358,UT,22:24:02 05-Mar-2024,Argos,B,44.403510,-62.663080,2118,177293,25,103,,,,,,
260358,260358,UT,23:07:13 05-Mar-2024,Argos,B,44.349450,-62.553800,1497,10311,217,28,,,,,,
260358,260358,UT,23:07:13 05-Mar-2024,Argos,B,44.365480,-62.619860,1574,4811,514,101,,,,,,
260358,260358,UT,23:57:28 05-Mar-2024,Argos,B,44.338660,-62.547790,2223,27987,176,142,,,,,,
260358,260358,UT,23:57:28 05-Mar-2024,Argos,B,44.339700,-62.548620,2032,28696,143,142,,,,,,
260358,260358,UT,01:23:27 06-Mar-2024,Argos,B,44.244350,-62.517510,1502,32720,68,107,,,,,,
260358,260358,UT,01:30:16 06-Mar-2024,Argos,B,44.248480,-62.524280,1050,26485,41,102,,,,,,
260358,260358,UT,01:30:16 06-Mar-2024,Argos,B,44.244030,-62.522770,1160,5111,263,107,,,,,,
260358,260358,UT,01:40:30 06-Mar-2024,Argos,A,44.245460,-62.522590,773,8729,68,91,,,,,,
260358,260358,UT,12:10:27 06-Mar-2024,Argos,B,43.969510,-62.531360,3154,5295,1877,77,,,,,,
260358,260358,UT,12:13:49 06-Mar-2024,Argos,B,44.146470,-62.871570,4755,18374,1230,157,,,,,,
260358,260358,UT,12:58:12 06-Mar-2024,Argos,B,43.948860,-62.831390,3075,6233,1517,162,,,,,,
260358,260358,UT,13:44:25 06-Mar-2024,Argos,A,44.206670,-62.951280,903,2729,298,151,,,,,,
260358,260358,UT,13:45:46 06-Mar-2024,Argos,A,44.214200,-62.972730,321,675,152,55,,,,,,
260358,260358,UT,13:51:13 06-Mar-2024,Argos,B,44.215840,-62.974870,484,795,294,52,,,,,,
260358,260358,UT,13:52:19 06-Mar-2024,Argos,A,44.213080,-62.962580,5526,56010,545,103,,,,,,
260358,260358,UT,14:35:06 06-Mar-2024,Argos,2,44.211070,-63.004940,440,1074,180,79,,,,,,
260358,260358,UT,15:09:37 06-Mar-2024,Argos,A,44.214640,-63.047190,364,769,172,142,,,,,,
260358,260358,UT,15:23:01 06-Mar-2024,Argos,A,44.204350,-63.046720,448,5466,36,101,,,,,,
260358,260358,UT,15:33:46 06-Mar-2024,Argos,B,44.205860,-63.055000,412,875,194,29,,,,,,
260358,260358,UT,16:51:48 06-Mar-2024,Argos,B,44.219170,-63.039510,1142,3222,404,51,,,,,,
260358,260358,UT,21:52:52 06-Mar-2024,Argos,A,44.105490,-63.361850,303,1063,86,84,,,,,,
260358,260358,UT,21:56:39 06-Mar-2024,Argos,A,44.108490,-63.375490,615,1257,301,135,,,,,,
260358,260358,UT,22:09:03 06-Mar-2024,Argos,A,44.101430,-63.340390,913,3136,265,114,,,,,,
260358,260358,UT,22:48:00 06-Mar-2024,Argos,B,44.115360,-63.392930,1733,11936,251,121,,,,,,
260358,260358,UT,23:31:53 06-Mar-2024,Argos,B,44.071610,-63.364560,702,5260,93,31,,,,,,
260358,260358,UT,23:34:42 06-Mar-2024,Argos,B,44.065460,-63.367160,717,1840,278,36,,,,,,
260358,260358,UT,23:44:38 06-Mar-2024,Argos,B,44.048130,-63.376760,477,2963,76,84,,,,,,
260358,260358,UT,00:24:48 07-Mar-2024,Argos,B,44.042690,-63.429300,721,4821,107,23,,,,,,
260358,260358,UT,12:35:21 07-Mar-2024,Argos,B,43.860330,-63.952670,2248,33526,150,161,,,,,,
260358,260358,UT,13:26:46 07-Mar-2024,Argos,B,43.837840,-63.982650,1726,3030,983,154,,,,,,
260358,260358,UT,13:26:46 07-Mar-2024,Argos,B,43.837440,-63.978190,1674,1785,1569,139,,,,,,
260358,260358,UT,13:41:15 07-Mar-2024,Argos,A,43.817530,-64.007950,153,338,69,98,,,,,,
260358,260358,UT,14:14:06 07-Mar-2024,Argos,A,43.813370,-64.033250,621,6571,58,101,,,,,,
260358,260358,UT,15:02:40 07-Mar-2024,Argos,3,43.802950,-64.071470,206,815,51,85,,,,,,
260358,260358,UT,15:16:16 07-Mar-2024,Argos,B,43.802740,-64.071460,399,1454,109,111,,,,,,
260358,260358,UT,15:21:47 07-Mar-2024,Argos,B,43.793220,-64.069360,403,2295,70,87,,,,,,
260358,260358,UT,16:01:49 07-Mar-2024,Argos,B,43.785370,-64.095680,661,3145,138,131,,,,,,
260358,260358,UT,16:07:37 07-Mar-2024,Argos,A,43.796800,-64.118330,111,219,56,112,,,,,,
260358,260358,UT,16:52:41 07-Mar-2024,Argos,2,43.802510,-64.121570,370,584,233,64,,,,,,
260358,260358,UT,21:34:15 07-Mar-2024,Argos,0,43.849840,-64.066740,8156,66693,997,109,,,,,,
260358,260358,UT,22:24:50 07-Mar-2024,Argos,B,43.881060,-64.258580,2796,33009,236,164,,,,,,
260358,260358,UT,23:05:53 07-Mar-2024,Argos,A,43.789250,-64.239150,987,4980,195,121,,,,,,
260358,260358,UT,23:27:04 07-Mar-2024,Argos,1,43.768050,-64.250220,616,789,481,106,,,,,,
260358,260358,UT,23:56:28 07-Mar-2024,Argos,3,43.766530,-64.281190,100,156,64,71,,,,,,
260358,260358,UT,00:02:11 08-Mar-2024,Argos,3,43.760690,-64.286140,147,246,87,34,,,,,,
260358,260358,UT,00:40:54 08-Mar-2024,Argos,1,43.757110,-64.308750,542,1120,261,164,,,,,,
260358,260358,UT,00:49:02 08-Mar-2024,Argos,2,43.751380,-64.302770,269,279,258,33,,,,,,
260358,260358,UT,00:56:50 08-Mar-2024,Argos,3,43.744620,-64.295250,103,112,93,54,,,,,,
260358,260358,UT,01:05:33 08-Mar-2024,Argos,0,43.747450,-64.309890,2653,4468,1575,70,,,,,,
260358,260358,UT,11:50:36 08-Mar-2024,Argos,B,43.560370,-64.752380,15680,29832,8241,90,,,,,,
260358,260358,UT,12:16:21 08-Mar-2024,Argos,B,43.590990,-64.650080,7196,36182,1431,150,,,,,,
260358,260358,UT,12:59:59 08-Mar-2024,Argos,A,43.644060,-64.734860,257,415,159,75,,,,,,
260358,260358,UT,13:04:06 08-Mar-2024,Argos,B,43.580500,-64.687190,2164,4908,954,147,,,,,,
260358,260358,UT,13:27:15 08-Mar-2024,Argos,B,43.601420,-64.677710,2541,2859,2257,92,,,,,,
260358,260358,UT,13:57:20 08-Mar-2024,Argos,B,43.611780,-64.706770,2367,3832,1461,88,,,,,,
260358,260358,UT,14:47:11 08-Mar-2024,Argos,B,43.653510,-64.852380,4564,12259,1699,76,,,,,,
260358,260358,UT,15:02:17 08-Mar-2024,Argos,B,43.653500,-64.852410,4883,11688,2039,77,,,,,,
260358,260358,UT,15:08:39 08-Mar-2024,Argos,A,43.645220,-64.826680,364,1278,103,15,,,,,,
260358,260358,UT,15:20:48 08-Mar-2024,Argos,B,43.645160,-64.818630,533,739,383,0,,,,,,
260358,260358,UT,15:36:18 08-Mar-2024,Argos,A,43.639790,-64.820860,371,1406,98,25,,,,,,
260358,260358,UT,16:38:12 08-Mar-2024,Argos,3,43.614250,-64.846790,246,505,119,57,,,,,,
260358,260358,UT,16:57:27 08-Mar-2024,Argos,B,43.614390,-64.846570,793,1097,573,87,,,,,,
260358,260358,UT,22:03:46 08-Mar-2024,Argos,B,43.602310,-64.874500,2008,80340,50,64,,,,,,
260358,260358,UT,22:27:54 08-Mar-2024,Argos,3,43.579950,-64.914620,200,255,156,57,,,,,,
260358,260358,UT,22:32:39 08-Mar-2024,Argos,2,43.580620,-64.921260,354,1565,79,100,,,,,,
260358,260358,UT,22:43:54 08-Mar-2024,Argos,3,43.579830,-64.912610,232,679,78,72,,,,,,
260358,260358,UT,00:08:10 09-Mar-2024,Argos,3,43.559870,-64.935050,241,341,170,75,,,,,,
260358,260358,UT,00:18:16 09-Mar-2024,Argos,2,43.557690,-64.947540,257,457,144,101,,,,,,
260358,260358,UT,00:26:46 09-Mar-2024,Argos,2,43.558630,-64.950890,494,988,247,84,,,,,,
260358,260358,UT,00:45:59 09-Mar-2024,Argos,2,43.552450,-64.940540,319,842,120,110,,,,,,
260358,260358,UT,00:51:13 09-Mar-2024,Argos,1,43.557590,-64.940050,620,5478,70,82,,,,,,
260358,260358,UT,01:25:37 09-Mar-2024,Argos,B,43.553360,-64.966730,3234,4792,2181,87,,,,,,
260358,260358,UT,12:33:51 09-Mar-2024,Argos,B,43.514440,-65.394560,11948,18681,7641,107,,,,,,
260358,260358,UT,13:37:56 09-Mar-2024,Argos,B,43.490390,-65.493560,10976,40377,2983,90,,,,,,
260358,260358,UT,14:25:55 09-Mar-2024,Argos,B,43.505240,-65.244140,2185,120261,39,108,,,,,,
260358,260358,UT,14:48:31 09-Mar-2024,Argos,A,43.490120,-65.220970,159,666,37,86,,,,,,
260358,260358,UT,14:55:57 09-Mar-2024,Argos,B,43.490440,-65.221090,363,595,221,104,,,,,,
260358,260358,UT,15:18:55 09-Mar-2024,Argos,B,43.488260,-65.223100,550,6311,47,111,,,,,,
260358,260358,UT,16:14:41 09-Mar-2024,Argos,B,43.484990,-65.251560,742,3860,142,19,,,,,,
260358,260358,UT,16:26:01 09-Mar-2024,Argos,A,43.474560,-65.261260,378,1840,77,112,,,,,,
260358,260358,UT,21:40:27 09-Mar-2024,Argos,B,43.486030,-65.397040,1587,26600,94,20,,,,,,
260358,260358,UT,21:46:00 09-Mar-2024,Argos,B,43.402620,-65.428970,302,1441,63,131,,,,,,
260358,260358,UT,21:57:10 09-Mar-2024,Argos,A,43.392390,-65.438750,112,214,58,81,,,,,,
260358,260358,UT,22:13:16 09-Mar-2024,Argos,A,43.380480,-65.430230,115,189,69,85,,,,,,
260358,260358,UT,23:13:47 09-Mar-2024,Argos,B,43.353730,-65.467400,756,30734,18,103,,,,,,
260358,260358,UT,23:21:51 09-Mar-2024,Argos,B,43.349320,-65.461360,925,3900,219,102,,,,,,
260358,260358,UT,23:36:43 09-Mar-2024,Argos,B,43.344910,-65.467480,1061,3081,365,101,,,,,,
260358,260358,UT,23:57:25 09-Mar-2024,Argos,B,43.338300,-65.451060,623,4156,93,160,,,,,,
260358,260358,UT,00:33:58 10-Mar-2024,Argos,B,43.328660,-65.469570,1057,1235,903,139,,,,,,
260358,260358,UT,00:49:12 10-Mar-2024,Argos,B,43.272260,-65.455990,975,31558,30,76,,,,,,
260358,260358,UT,00:57:46 10-Mar-2024,Argos,1,43.262850,-65.465140,1071,2068,554,83,,,,,,
260358,260358,UT,01:45:25 10-Mar-2024,Argos,B,43.236840,-65.470280,3496,17906,682,63,,,,,,
260358,260358,UT,01:46:46 10-Mar-2024,Argos,B,43.240210,-65.464050,4886,32347,737,61,,,,,,
260358,260358,UT,02:09:00 10-Mar-2024,Argos,B,43.239410,-65.468470,1037,3274,328,49,,,,,,
260358,260358,UT,02:41:37 10-Mar-2024,Argos,B,43.211160,-65.467950,1102,13337,91,54,,,,,,
260358,260358,UT,12:09:09 10-Mar-2024,Argos,1,43.042560,-65.394600,1021,9628,108,98,,,,,,
260358,260358,UT,13:03:16 10-Mar-2024,Argos,2,43.047940,-65.418520,305,468,198,95,,,,,,
260358,260358,UT,13:12:19 10-Mar-2024,Argos,3,43.052580,-65.424900,198,286,137,77,,,,,,
260358,260358,UT,13:47:16 10-Mar-2024,Argos,A,43.058820,-65.427090,1213,6218,236,55,,,,,,
260358,260358,UT,14:03:54 10-Mar-2024,Argos,A,43.043250,-65.468930,4198,45450,387,76,,,,,,
260358,260358,UT,14:32:47 10-Mar-2024,Argos,A,43.053030,-65.438650,1388,5679,339,160,,,,,,
260358,260358,UT,14:44:47 10-Mar-2024,Argos,B,43.051900,-65.436600,629,829,477,129,,,,,,
260358,260358,UT,14:51:52 10-Mar-2024,Argos,1,43.056770,-65.435060,768,4731,124,108,,,,,,
260358,260358,UT,21:49:35 10-Mar-2024,Argos,2,42.977470,-65.278940,393,430,358,29,,,,,,
260358,260358,UT,22:47:33 10-Mar-2024,Argos,B,42.962050,-65.277930,2014,105910,38,99,,,,,,
260358,260358,UT,22:47:33 10-Mar-2024,Argos,B,42.962420,-65.280650,1890,93536,38,99,,,,,,
260358,260358,UT,22:59:21 10-Mar-2024,Argos,B,42.962340,-65.280240,2209,7378,661,98,,,,,,
260358,260358,UT,23:05:59 10-Mar-2024,Argos,A,42.953230,-65.280170,126,438,36,109,,,,,,
260358,260358,UT,23:31:34 10-Mar-2024,Argos,A,42.940370,-65.275990,218,1901,24,76,,,,,,
260358,260358,UT,23:47:49 10-Mar-2024,Argos,B,42.933900,-65.279940,679,1313,350,81,,,,,,
260358,260358,UT,00:21:06 11-Mar-2024,Argos,1,42.921020,-65.304330,768,1505,391,130,,,,,,
260358,260358,UT,00:22:39 11-Mar-2024,Argos,A,42.927490,-65.309040,790,1173,531,96,,,,,,
260358,260358,UT,00:27:21 11-Mar-2024,Argos,2,42.918810,-65.312810,374,1490,94,75,,,,,,
260358,260358,UT,00:34:30 11-Mar-2024,Argos,2,42.922990,-65.308010,253,417,152,77,,,,,,
260358,260358,UT,00:42:00 11-Mar-2024,Argos,B,42.925280,-65.307180,1391,2015,959,92,,,,,,
260358,260358,UT,02:09:12 11-Mar-2024,Argos,B,42.889310,-65.327770,4780,6496,3517,89,,,,,,
260358,260358,UT,11:46:00 11-Mar-2024,Argos,0,42.913150,-65.435430,2582,10447,637,39,,,,,,
260358,260358,UT,12:49:52 11-Mar-2024,Argos,B,42.898060,-65.352850,3576,122807,104,103,,,,,,
260358,260358,UT,12:53:51 11-Mar-2024,Argos,B,42.933330,-65.501020,238,494,114,37,,,,,,
260358,260358,UT,13:24:06 11-Mar-2024,Argos,B,42.928050,-65.510210,574,4099,80,55,,,,,,
260358,260358,UT,13:43:45 11-Mar-2024,Argos,B,42.925000,-65.509470,921,2053,413,66,,,,,,
260358,260358,UT,14:19:30 11-Mar-2024,Argos,1,42.904890,-65.540320,1448,3012,696,144,,,,,,
260358,260358,UT,14:31:50 11-Mar-2024,Argos,2,42.917160,-65.548580,445,5637,35,101,,,,,,
260358,260358,UT,14:31:50 11-Mar-2024,Argos,2,42.919090,-65.559300,352,1193,103,98,,,,,,
260358,260358,UT,15:27:40 11-Mar-2024,Argos,B,42.901460,-65.583430,4146,5970,2879,89,,,,,,
260358,260358,UT,16:00:11 11-Mar-2024,Argos,1,42.921940,-65.577320,1076,6484,178,99,,,,,,
260358,260358,UT,16:16:03 11-Mar-2024,Argos,B,42.931330,-65.597190,3399,4742,2436,79,,,,,,
260358,260358,UT,16:16:03 11-Mar-2024,Argos,B,42.921480,-65.580500,3268,5279,2022,90,,,,,,
260358,260358,UT,16:20:06 11-Mar-2024,Argos,A,42.922380,-65.599120,1045,7006,155,98,,,,,,
260358,260358,UT,22:06:42 11-Mar-2024,Argos,B,42.772060,-65.682130,2800,85964,91,80,,,,,,
260358,260358,UT,22:27:58 11-Mar-2024,Argos,3,42.771570,-65.606690,125,481,32,86,,,,,,
260358,260358,UT,22:34:38 11-Mar-2024,Argos,A,42.769660,-65.607970,472,2933,75,108,,,,,,
260358,260358,UT,23:05:17 11-Mar-2024,Argos,1,42.750930,-65.621360,1037,8357,128,73,,,,,,
260358,260358,UT,00:12:48 12-Mar-2024,Argos,B,42.731560,-65.640550,3326,4679,2363,83,,,,,,
260358,260358,UT,00:15:44 12-Mar-2024,Argos,B,42.724060,-65.640330,1701,17602,164,76,,,,,,
260358,260358,UT,00:18:39 12-Mar-2024,Argos,B,42.723730,-65.639720,842,4511,157,77,,,,,,
260358,260358,UT,00:18:39 12-Mar-2024,Argos,3,42.715450,-65.671710,109,321,37,75,,,,,,
260358,260358,UT,00:43:48 12-Mar-2024,Argos,B,42.709600,-65.688330,495,1872,130,14,,,,,,
260358,260358,UT,01:46:16 12-Mar-2024,Argos,B,42.694630,-65.706380,785,7889,78,87,,,,,,
260358,260358,UT,01:57:52 12-Mar-2024,Argos,B,42.694860,-65.706800,1017,3825,270,87,,,,,,
260358,260358,UT,01:59:00 12-Mar-2024,Argos,3,42.693790,-65.735280,184,279,121,79,,,,,,
260358,260358,UT,02:01:47 12-Mar-2024,Argos,3,42.697120,-65.739820,242,382,153,93,,,,,,
260358,260358,UT,11:50:45 12-Mar-2024,Argos,B,42.508710,-65.908350,9462,17558,5099,91,,,,,,
260358,260358,UT,12:33:47 12-Mar-2024,Argos,B,42.472450,-65.631610,615,2290,165,87,,,,,,
260358,260358,UT,12:38:21 12-Mar-2024,Argos,A,42.469030,-65.643430,373,917,151,145,,,,,,
260358,260358,UT,13:23:03 12-Mar-2024,Argos,B,42.489670,-65.637320,1369,5153,363,113,,,,,,
260358,260358,UT,14:05:43 12-Mar-2024,Argos,1,42.492850,-65.672330,834,1227,566,91,,,,,,
260358,260358,UT,14:10:57 12-Mar-2024,Argos,A,42.495680,-65.694770,449,1546,130,95,,,,,,
260358,260358,UT,14:24:15 12-Mar-2024,Argos,B,42.494240,-65.695100,2659,4063,1739,91,,,,,,
260358,260358,UT,15:07:03 12-Mar-2024,Argos,B,42.492050,-65.707700,3769,5469,2597,88,,,,,,
260358,260358,UT,15:38:58 12-Mar-2024,Argos,B,42.506010,-65.726510,971,14827,63,71,,,,,,
260358,260358,UT,15:50:25 12-Mar-2024,Argos,A,42.482600,-65.718610,303,3477,26,103,,,,,,
260358,260358,UT,15:58:56 12-Mar-2024,Argos,B,42.487090,-65.726690,948,3721,241,135,,,,,,
260358,260358,UT,16:03:30 12-Mar-2024,Argos,B,42.488030,-65.728120,415,650,264,140,,,,,,
260358,260358,UT,22:03:35 12-Mar-2024,Argos,A,42.373190,-65.817900,160,592,43,90,,,,,,
260358,260358,UT,22:06:08 12-Mar-2024,Argos,B,42.370950,-65.797040,388,861,174,16,,,,,,
260358,260358,UT,22:36:20 12-Mar-2024,Argos,A,42.335110,-65.830270,3129,39732,246,83,,,,,,
260358,260358,UT,23:00:46 12-Mar-2024,Argos,B,42.324430,-65.843840,7191,13816,3742,84,,,,,,
260358,260358,UT,23:40:00 12-Mar-2024,Argos,B,42.331540,-65.805980,3454,32147,371,163,,,,,,
260358,260358,UT,23:45:30 12-Mar-2024,Argos,A,42.334300,-65.806690,317,1344,74,115,,,,,,
260358,260358,UT,23:56:11 12-Mar-2024,Argos,B,42.337230,-65.813620,498,1419,174,54,,,,,,
260358,260358,UT,00:03:18 13-Mar-2024,Argos,2,42.333360,-65.836410,352,833,149,76,,,,,,
260358,260358,UT,00:16:04 13-Mar-2024,Argos,B,42.329950,-65.840940,1237,3556,430,19,,,,,,
260358,260358,UT,00:45:43 13-Mar-2024,Argos,B,42.323030,-65.848550,3033,4396,2091,88,,,,,,
260358,260358,UT,01:36:14 13-Mar-2024,Argos,A,42.341950,-65.814380,2142,22976,199,69,,,,,,
260358,260358,UT,01:36:47 13-Mar-2024,Argos,A,42.352180,-65.783080,8281,94573,725,71,,,,,,
260358,260358,UT,12:27:36 13-Mar-2024,Argos,A,42.372640,-66.120160,2589,4250,1576,27,,,,,,
260358,260358,UT,12:36:21 13-Mar-2024,Argos,B,42.367910,-66.124870,312,3084,31,111,,,,,,
260358,260358,UT,12:59:30 13-Mar-2024,Argos,B,42.371100,-66.128680,977,1269,751,85,,,,,,
260358,260358,UT,13:54:19 13-Mar-2024,Argos,A,42.397130,-66.217760,185,307,111,80,,,,,,
260358,260358,UT,13:59:40 13-Mar-2024,Argos,B,42.396980,-66.217180,338,559,203,33,,,,,,
260358,260358,UT,14:05:17 13-Mar-2024,Argos,1,42.406310,-66.232390,973,9538,99,104,,,,,,
260358,260358,UT,14:12:54 13-Mar-2024,Argos,B,42.406820,-66.236670,1386,2689,713,100,,,,,,
260358,260358,UT,14:38:52 13-Mar-2024,Argos,1,42.406160,-66.249320,532,2571,110,110,,,,,,
260358,260358,UT,15:32:26 13-Mar-2024,Argos,2,42.421820,-66.333940,318,399,253,106,,,,,,
260358,260358,UT,15:45:33 13-Mar-2024,Argos,1,42.423430,-66.323180,1338,22510,79,101,,,,,,
260358,260358,UT,15:49:47 13-Mar-2024,Argos,B,42.429080,-66.353040,748,878,637,25,,,,,,
260358,260358,UT,16:28:52 13-Mar-2024,Argos,B,42.424250,-66.402940,658,8044,53,132,,,,,,
260358,260358,UT,22:15:42 13-Mar-2024,Argos,B,42.433250,-66.754800,1601,34227,74,125,,,,,,
260358,260358,UT,23:12:04 13-Mar-2024,Argos,A,42.376170,-66.689680,164,713,37,88,,,,,,
260358,260358,UT,23:12:58 13-Mar-2024,Argos,B,42.376200,-66.689960,224,526,95,89,,,,,,
260358,260358,UT,23:38:24 13-Mar-2024,Argos,B,42.375540,-66.707650,713,1028,494,88,,,,,,
260358,260358,UT,23:52:54 13-Mar-2024,Argos,A,42.380690,-66.702530,142,192,104,121,,,,,,
260358,260358,UT,23:56:21 13-Mar-2024,Argos,A,42.383380,-66.693510,101,178,56,80,,,,,,
260358,260358,UT,00:27:31 14-Mar-2024,Argos,B,42.380630,-66.724390,799,1177,542,83,,,,,,
260358,260358,UT,01:19:24 14-Mar-2024,Argos,B,42.386750,-66.750420,1421,3354,602,84,,,,,,
260358,260358,UT,01:24:21 14-Mar-2024,Argos,B,42.390320,-66.745550,1795,5819,553,80,,,,,,
260358,260358,UT,02:04:53 14-Mar-2024,Argos,B,42.390670,-66.780240,1801,4112,788,78,,,,,,
260358,260358,UT,12:06:43 14-Mar-2024,Argos,B,42.432130,-67.216020,3363,7418,1524,91,,,,,,
260358,260358,UT,12:13:35 14-Mar-2024,Argos,B,42.415900,-67.029830,565,3043,104,99,,,,,,
260358,260358,UT,12:13:35 14-Mar-2024,Argos,1,42.416160,-67.032300,836,4989,140,97,,,,,,
260358,260358,UT,13:32:47 14-Mar-2024,Argos,B,42.416110,-67.075010,876,10308,74,49,,,,,,
260358,260358,UT,13:58:38 14-Mar-2024,Argos,1,42.431800,-67.107480,1047,10810,101,98,,,,,,
260358,260358,UT,14:29:51 14-Mar-2024,Argos,B,42.417690,-67.115040,1004,1608,626,118,,,,,,
260358,260358,UT,15:12:35 14-Mar-2024,Argos,2,42.414220,-67.144530,251,1449,43,102,,,,,,
260358,260358,UT,15:20:57 14-Mar-2024,Argos,1,42.405310,-67.162380,1264,6887,231,100,,,,,,
260358,260358,UT,15:40:37 14-Mar-2024,Argos,A,42.406110,-67.196460,189,266,133,156,,,,,,
260358,260358,UT,15:44:13 14-Mar-2024,Argos,3,42.415480,-67.190260,240,291,198,143,,,,,,
260358,260358,UT,16:54:52 14-Mar-2024,Argos,B,42.404840,-67.254360,1167,1596,853,94,,,,,,
260358,260358,UT,21:40:08 14-Mar-2024,Argos,3,42.398530,-67.500010,188,433,81,94,,,,,,
260358,260358,UT,21:48:35 14-Mar-2024,Argos,B,42.398490,-67.506850,743,942,586,77,,,,,,
260358,260358,UT,22:40:32 14-Mar-2024,Argos,B,42.402180,-67.545530,765,24616,23,94,,,,,,
260358,260358,UT,22:53:44 14-Mar-2024,Argos,B,42.403080,-67.544490,1603,125411,20,91,,,,,,
260358,260358,UT,23:20:15 14-Mar-2024,Argos,B,42.403250,-67.540140,1683,7406,382,90,,,,,,
260358,260358,UT,23:27:16 14-Mar-2024,Argos,B,42.403080,-67.549550,1840,8008,422,90,,,,,,
260358,260358,UT,00:19:31 15-Mar-2024,Argos,2,42.409770,-67.555370,315,465,213,66,,,,,,
260358,260358,UT,00:26:09 15-Mar-2024,Argos,B,42.410550,-67.559790,847,1129,634,94,,,,,,
260358,260358,UT,00:53:37 15-Mar-2024,Argos,2,42.415090,-67.579930,262,600,114,48,,,,,,
260358,260358,UT,01:06:27 15-Mar-2024,Argos,A,42.420310,-67.587410,304,538,171,4,,,,,,
260358,260358,UT,01:13:50 15-Mar-2024,Argos,2,42.415440,-67.585090,387,426,351,83,,,,,,
260358,260358,UT,01:21:33 15-Mar-2024,Argos,3,42.413560,-67.593350,88,267,28,81,,,,,,
260358,260358,UT,01:44:05 15-Mar-2024,Argos,B,42.412110,-67.590490,471,2922,76,49,,,,,,
260358,260358,UT,11:35:31 15-Mar-2024,Argos,A,42.482590,-67.687250,372,792,174,167,,,,,,
260358,260358,UT,11:39:01 15-Mar-2024,Argos,B,42.485360,-67.690120,258,660,100,81,,,,,,
260358,260358,UT,13:10:26 15-Mar-2024,Argos,3,42.497020,-67.759350,134,144,124,22,,,,,,
260358,260358,UT,13:41:45 15-Mar-2024,Argos,2,42.500380,-67.799570,485,1891,124,109,,,,,,
260358,260358,UT,14:00:38 15-Mar-2024,Argos,3,42.503440,-67.810110,191,542,66,92,,,,,,
260358,260358,UT,14:51:20 15-Mar-2024,Argos,3,42.509060,-67.863690,159,405,62,109,,,,,,
260358,260358,UT,15:15:18 15-Mar-2024,Argos,3,42.519510,-67.906400,128,289,56,96,,,,,,
260358,260358,UT,15:28:59 15-Mar-2024,Argos,A,42.517960,-67.909680,330,1417,76,123,,,,,,
260358,260358,UT,15:37:34 15-Mar-2024,Argos,B,42.520730,-67.920080,578,1086,307,116,,,,,,
260358,260358,UT,16:32:04 15-Mar-2024,Argos,B,42.544610,-67.963630,776,3222,186,48,,,,,,
260358,260358,UT,16:38:45 15-Mar-2024,Argos,A,42.535930,-68.002250,103,183,57,109,,,,,,
260358,260358,UT,16:52:26 15-Mar-2024,Argos,A,42.534160,-68.016760,166,413,66,80,,,,,,
260358,260358,UT,22:10:07 15-Mar-2024,Argos,3,42.472150,-68.234170,138,202,94,88,,,,,,
260358,260358,UT,22:31:54 15-Mar-2024,Argos,3,42.455460,-68.233220,89,202,39,94,,,,,,
260358,260358,UT,22:38:44 15-Mar-2024,Argos,A,42.449920,-68.233660,338,535,213,149,,,,,,
260358,260358,UT,23:02:16 15-Mar-2024,Argos,1,42.435170,-68.223080,699,2108,231,96,,,,,,
260358,260358,UT,23:32:16 15-Mar-2024,Argos,A,42.425040,-68.246560,327,594,180,113,,,,,,
260358,260358,UT,23:47:48 15-Mar-2024,Argos,3,42.419610,-68.256450,162,298,87,98,,,,,,
260358,260358,UT,00:06:35 16-Mar-2024,Argos,B,42.419030,-68.265900,445,2953,66,127,,,,,,
260358,260358,UT,00:32:35 16-Mar-2024,Argos,3,42.405430,-68.267620,224,422,118,96,,,,,,
260358,260358,UT,00:45:46 16-Mar-2024,Argos,3,42.404470,-68.264880,145,217,96,120,,,,,,
260358,260358,UT,00:57:43 16-Mar-2024,Argos,2,42.400550,-68.258890,449,717,280,22,,,,,,
260358,260358,UT,01:10:01 16-Mar-2024,Argos,3,42.393470,-68.283830,235,1804,30,79,,,,,,
260358,260358,UT,01:24:41 16-Mar-2024,Argos,0,42.391460,-68.280050,3168,111242,90,78,,,,,,
260358,260358,UT,01:26:59 16-Mar-2024,Argos,B,42.391510,-68.279800,2811,16783,470,79,,,,,,
260358,260358,UT,02:53:01 16-Mar-2024,Argos,B,42.380530,-68.338670,5098,9004,2886,85,,,,,,
260358,260358,UT,11:51:05 16-Mar-2024,Argos,B,42.359120,-68.304650,12015,28013,5153,78,,,,,,
260358,260358,UT,12:51:20 16-Mar-2024,Argos,1,42.304160,-68.432210,797,1936,328,19,,,,,,
260358,260358,UT,12:55:40 16-Mar-2024,Argos,3,42.308560,-68.420800,242,690,84,101,,,,,,
260358,260358,UT,13:30:22 16-Mar-2024,Argos,1,42.301100,-68.427750,528,1136,244,109,,,,,,
260358,260358,UT,21:35:33 16-Mar-2024,Argos,B,42.247780,-68.494860,5859,118795,289,111,,,,,,
260358,260358,UT,22:02:13 16-Mar-2024,Argos,B,42.239160,-68.488560,1420,30789,65,100,,,,,,
260358,260358,UT,22:08:44 16-Mar-2024,Argos,3,42.230850,-68.470830,133,155,114,94,,,,,,
260358,260358,UT,22:38:14 16-Mar-2024,Argos,B,42.224650,-68.469240,536,2982,96,135,,,,,,
260358,260358,UT,23:22:25 16-Mar-2024,Argos,B,42.215640,-68.472670,1089,1600,741,112,,,,,,
260358,260358,UT,23:22:25 16-Mar-2024,Argos,B,42.218280,-68.471060,1110,1304,944,108,,,,,,
260358,260358,UT,23:42:30 16-Mar-2024,Argos,3,42.202910,-68.475390,79,131,48,102,,,,,,
260358,260358,UT,00:12:40 17-Mar-2024,Argos,1,42.183840,-68.491890,534,580,490,96,,,,,,
260358,260358,UT,00:14:05 17-Mar-2024,Argos,A,42.185520,-68.495080,261,274,248,20,,,,,,
260358,260358,UT,00:47:21 17-Mar-2024,Argos,B,42.172680,-68.514100,625,1521,256,173,,,,,,
260358,260358,UT,00:56:15 17-Mar-2024,Argos,2,42.168500,-68.519870,344,4074,29,77,,,,,,
260358,260358,UT,00:56:38 17-Mar-2024,Argos,3,42.168780,-68.517960,178,434,73,78,,,,,,
260358,260358,UT,01:01:31 17-Mar-2024,Argos,3,42.169250,-68.517560,103,298,35,75,,,,,,
260358,260358,UT,11:43:19 17-Mar-2024,Argos,B,42.085220,-68.625820,2791,15938,488,177,,,,,,
260358,260358,UT,12:31:16 17-Mar-2024,Argos,B,42.073740,-68.639600,3080,5432,1746,176,,,,,,
260358,260358,UT,12:37:11 17-Mar-2024,Argos,0,42.127780,-68.558770,12404,0,138,101,,,,,,
260358,260358,UT,13:16:59 17-Mar-2024,Argos,2,42.118130,-68.692870,464,1000,214,63,,,,,,
260358,260358,UT,14:07:45 17-Mar-2024,Argos,B,42.100290,-68.753660,1531,7751,302,83,,,,,,
260358,260358,UT,14:07:45 17-Mar-2024,Argos,2,42.105060,-68.710320,300,855,105,103,,,,,,
260358,260358,UT,14:50:11 17-Mar-2024,Argos,2,42.092800,-68.729200,267,369,193,97,,,,,,
260358,260358,UT,14:57:54 17-Mar-2024,Argos,2,42.083140,-68.715460,339,753,153,100,,,,,,
260358,260358,UT,14:58:54 17-Mar-2024,Argos,1,42.085240,-68.725730,733,1222,439,86,,,,,,
260358,260358,UT,15:50:45 17-Mar-2024,Argos,2,42.063890,-68.739270,419,536,327,141,,,,,,
260358,260358,UT,16:26:43 17-Mar-2024,Argos,3,42.054670,-68.747850,213,551,82,102,,,,,,
260358,260358,UT,16:44:01 17-Mar-2024,Argos,A,42.053300,-68.764640,138,209,91,101,,,,,,
260358,260358,UT,21:19:58 17-Mar-2024,Argos,B,42.039620,-68.767110,2198,3167,1525,87,,,,,,
260358,260358,UT,21:49:20 17-Mar-2024,Argos,B,42.036500,-68.772080,2148,3593,1284,102,,,,,,
260358,260358,UT,22:08:19 17-Mar-2024,Argos,B,42.024430,-68.781530,2039,4328,960,108,,,,,,
260358,260358,UT,22:45:14 17-Mar-2024,Argos,3,42.018650,-68.857510,208,1240,34,94,,,,,,
260358,260358,UT,22:55:40 17-Mar-2024,Argos,A,42.013220,-68.844660,283,459,174,170,,,,,,
260358,260358,UT,23:11:31 17-Mar-2024,Argos,B,42.014400,-68.869290,796,1095,578,89,,,,,,
260358,260358,UT,23:17:07 17-Mar-2024,Argos,3,42.008120,-68.863490,180,673,48,105,,,,,,
260358,260358,UT,23:45:56 17-Mar-2024,Argos,3,42.000560,-68.885000,126,369,43,78,,,,,,
260358,260358,UT,23:52:45 17-Mar-2024,Argos,2,42.003640,-68.892070,391,549,278,168,,,,,,
260358,260358,UT,00:25:02 18-Mar-2024,Argos,3,41.994400,-68.909180,132,174,100,80,,,,,,
260358,260358,UT,00:38:09 18-Mar-2024,Argos,2,42.001070,-68.915630,432,1066,175,117,,,,,,
260358,260358,UT,00:40:45 18-Mar-2024,Argos,2,41.992740,-68.908810,263,460,149,49,,,,,,
260358,260358,UT,00:46:55 18-Mar-2024,Argos,2,41.992090,-68.905500,305,809,114,96,,,,,,
260358,260358,UT,00:53:40 18-Mar-2024,Argos,B,41.992080,-68.905670,833,1186,584,91,,,,,,
260358,260358,UT,11:41:03 18-Mar-2024,Argos,B,41.895670,-69.227070,5917,10633,3292,78,,,,,,
260358,260358,UT,12:06:03 18-Mar-2024,Argos,3,41.936670,-69.221490,186,409,84,106,,,,,,
260358,260358,UT,13:05:22 18-Mar-2024,Argos,3,41.915100,-69.261200,171,211,139,113,,,,,,
260358,260358,UT,13:43:44 18-Mar-2024,Argos,B,41.902090,-69.282470,1594,8144,311,88,,,,,,
260358,260358,UT,13:50:44 18-Mar-2024,Argos,3,41.899150,-69.281440,101,204,49,83,,,,,,
260358,260358,UT,14:40:52 18-Mar-2024,Argos,B,41.884330,-69.307530,956,1308,697,93,,,,,,
260358,260358,UT,14:46:15 18-Mar-2024,Argos,B,41.874390,-69.303040,366,1261,106,103,,,,,,
260358,260358,UT,14:46:15 18-Mar-2024,Argos,1,41.874390,-69.303050,505,1704,149,103,,,,,,
260358,260358,UT,15:27:52 18-Mar-2024,Argos,A,41.858210,-69.324910,199,561,70,66,,,,,,
260358,260358,UT,16:00:16 18-Mar-2024,Argos,B,41.846870,-69.339070,788,1163,533,88,,,,,,
260358,260358,UT,16:21:42 18-Mar-2024,Argos,1,41.844890,-69.356790,646,1718,242,120,,,,,,
260358,260358,UT,21:45:58 18-Mar-2024,Argos,B,41.873190,-69.371590,9313,15729,5514,80,,,,,,
260358,260358,UT,22:11:29 18-Mar-2024,Argos,B,41.846730,-69.422300,14405,47099,4405,67,,,,,,
260358,260358,UT,22:11:29 18-Mar-2024,Argos,B,41.898230,-69.385900,22633,178611,2867,66,,,,,,
260358,260358,UT,22:58:12 18-Mar-2024,Argos,A,41.876500,-69.509630,116,493,27,90,,,,,,
260358,260358,UT,23:26:57 18-Mar-2024,Argos,0,41.872530,-69.542070,2345,49143,111,80,,,,,,
260358,260358,UT,23:35:15 18-Mar-2024,Argos,1,41.872800,-69.521090,884,2351,332,112,,,,,,
260358,260358,UT,23:53:41 18-Mar-2024,Argos,3,41.874330,-69.521350,177,292,107,89,,,,,,
260358,260358,UT,00:28:04 19-Mar-2024,Argos,B,41.881800,-69.523110,1853,7286,471,86,,,,,,
260358,260358,UT,00:33:53 19-Mar-2024,Argos,A,41.868710,-69.542780,150,632,35,80,,,,,,
260358,260358,UT,01:07:31 19-Mar-2024,Argos,B,41.856250,-69.566120,591,1602,217,45,,,,,,
260358,260358,UT,01:08:34 19-Mar-2024,Argos,1,41.859920,-69.565810,588,5329,64,77,,,,,,
260358,260358,UT,01:59:13 19-Mar-2024,Argos,B,41.844100,-69.607840,1842,2553,1329,86,,,,,,
260358,260358,UT,01:59:13 19-Mar-2024,Argos,B,41.851870,-69.586770,2688,7898,914,70,,,,,,
260358,260358,UT,12:55:46 19-Mar-2024,Argos,B,41.611300,-69.714230,2229,26950,184,11,,,,,,
260358,260358,UT,13:29:16 19-Mar-2024,Argos,A,41.606550,-69.727620,189,226,157,72,,,,,,
260358,260358,UT,14:20:48 19-Mar-2024,Argos,3,41.573480,-69.747820,134,154,117,58,,,,,,
260358,260358,UT,14:22:27 19-Mar-2024,Argos,B,41.574880,-69.758660,677,16538,27,98,,,,,,
260358,260358,UT,14:35:46 19-Mar-2024,Argos,1,41.561440,-69.746560,866,2120,353,111,,,,,,
260358,260358,UT,15:06:22 19-Mar-2024,Argos,3,41.540960,-69.764330,234,711,76,94,,,,,,
260358,260358,UT,15:14:43 19-Mar-2024,Argos,B,41.537190,-69.775920,482,736,315,31,,,,,,
260358,260358,UT,16:00:39 19-Mar-2024,Argos,B,41.511130,-69.802340,1290,1639,1014,83,,,,,,
260358,260358,UT,16:02:28 19-Mar-2024,Argos,1,41.530250,-69.810570,1263,5497,290,97,,,,,,
260358,260358,UT,16:16:45 19-Mar-2024,Argos,B,41.514440,-69.826700,939,4733,186,29,,,,,,
260358,260358,UT,16:54:15 19-Mar-2024,Argos,2,41.541060,-69.844830,399,1492,106,95,,,,,,
260358,260358,UT,16:54:16 19-Mar-2024,Argos,B,41.511140,-69.832380,1373,2362,797,44,,,,,,
260358,260358,UT,21:33:53 19-Mar-2024,Argos,2,41.543180,-69.997570,389,1783,85,81,,,,,,
260358,260358,UT,21:43:00 19-Mar-2024,Argos,A,41.538120,-70.015290,887,1444,544,161,,,,,,
260358,260358,UT,22:34:54 19-Mar-2024,Argos,B,41.522700,-70.023730,642,6251,66,41,,,,,,
260358,260358,UT,22:59:49 19-Mar-2024,Argos,A,41.539930,-70.012530,109,247,48,84,,,,,,
260358,260358,UT,23:23:45 19-Mar-2024,Argos,3,41.540980,-70.012120,94,256,34,105,,,,,,
260358,260358,UT,00:22:33 20-Mar-2024,Argos,B,41.542290,-70.010040,694,4308,111,5,,,,,,
260358,260358,UT,00:41:17 20-Mar-2024,Argos,B,41.526010,-70.017570,796,3571,177,40,,,,,,
260358,260358,UT,00:52:28 20-Mar-2024,Argos,A,41.543960,-70.012380,188,383,92,32,,,,,,
260358,260358,UT,01:41:53 20-Mar-2024,Argos,B,41.544570,-70.002710,593,1328,264,164,,,,,,
260358,260358,UT,01:53:53 20-Mar-2024,Argos,B,41.535870,-70.009530,641,3852,106,148,,,,,,
260358,260358,UT,02:06:28 20-Mar-2024,Argos,B,41.540310,-70.012640,381,1260,115,63,,,,,,
260358,260358,UT,02:36:33 20-Mar-2024,Argos,B,41.539670,-70.016160,646,3696,113,70,,,,,,
260358,260358,UT,11:15:11 20-Mar-2024,Argos,B,41.528650,-70.040510,2644,5759,1214,96,,,,,,
260358,260358,UT,11:18:38 20-Mar-2024,Argos,A,41.535990,-70.010440,178,480,66,61,,,,,,
260358,260358,UT,12:54:01 20-Mar-2024,Argos,3,41.538410,-70.004570,222,604,81,99,,,,,,
260358,260358,UT,14:23:53 20-Mar-2024,Argos,1,41.538500,-70.008880,835,8875,78,100,,,,,,
260358,260358,UT,14:48:00 20-Mar-2024,Argos,2,41.538530,-70.002080,313,1547,63,102,,,,,,
260358,260358,UT,15:38:55 20-Mar-2024,Argos,B,41.539420,-70.000900,2196,3143,1534,98,,,,,,
260358,260358,UT,15:51:29 20-Mar-2024,Argos,0,41.528480,-69.945380,3371,79424,143,102,,,,,,
260358,260358,UT,22:10:35 20-Mar-2024,Argos,B,41.523400,-70.034970,7646,207849,281,137,,,,,,
260358,260358,UT,22:34:45 20-Mar-2024,Argos,A,41.460690,-69.971390,301,1223,73,68,,,,,,
260358,260358,UT,22:36:30 20-Mar-2024,Argos,3,41.460950,-69.973140,154,338,70,90,,,,,,
260358,260358,UT,22:50:41 20-Mar-2024,Argos,2,41.450270,-69.975880,335,1499,74,98,,,,,,
260358,260358,UT,00:08:46 21-Mar-2024,Argos,3,41.415460,-69.931890,139,218,88,89,,,,,,
260358,260358,UT,00:10:12 21-Mar-2024,Argos,2,41.411140,-69.935490,257,497,132,105,,,,,,
260358,260358,UT,00:28:00 21-Mar-2024,Argos,3,41.398870,-69.926430,128,256,63,53,,,,,,
260358,260358,UT,00:28:39 21-Mar-2024,Argos,B,41.403580,-69.922080,557,851,364,77,,,,,,
260358,260358,UT,01:20:51 21-Mar-2024,Argos,2,41.364400,-69.910290,490,2838,84,81,,,,,,
260358,260358,UT,01:34:03 21-Mar-2024,Argos,3,41.359180,-69.912570,135,242,74,51,,,,,,
260358,260358,UT,02:12:02 21-Mar-2024,Argos,B,41.336350,-69.900730,1221,1672,890,84,,,,,,
260358,260358,UT,11:50:54 21-Mar-2024,Argos,B,41.135890,-69.790350,2768,16691,459,61,,,,,,
260358,260358,UT,12:17:27 21-Mar-2024,Argos,B,41.095300,-69.813250,2049,3924,1069,68,,,,,,
260358,260358,UT,12:25:17 21-Mar-2024,Argos,B,41.099860,-69.821020,2305,3194,1663,86,,,,,,
260358,260358,UT,12:28:59 21-Mar-2024,Argos,B,41.071980,-69.854790,2347,13718,401,164,,,,,,
260358,260358,UT,12:47:06 21-Mar-2024,Argos,B,41.057550,-69.858750,2028,3388,1213,160,,,,,,
260358,260358,UT,13:35:47 21-Mar-2024,Argos,0,41.089910,-69.835120,1561,9295,262,114,,,,,,
260358,260358,UT,14:01:35 21-Mar-2024,Argos,B,41.091760,-69.834120,2443,3725,1602,102,,,,,,
260358,260358,UT,14:04:00 21-Mar-2024,Argos,B,41.078450,-69.832100,2683,3892,1848,102,,,,,,
260358,260358,UT,14:10:01 21-Mar-2024,Argos,2,41.079920,-69.832730,475,8636,26,99,,,,,,
260358,260358,UT,14:25:50 21-Mar-2024,Argos,3,41.072420,-69.812410,180,1222,26,97,,,,,,
260358,260358,UT,15:14:55 21-Mar-2024,Argos,A,41.045910,-69.798120,122,319,46,97,,,,,,
260358,260358,UT,15:19:26 21-Mar-2024,Argos,B,41.045440,-69.795930,315,450,220,92,,,,,,
260358,260358,UT,15:39:41 21-Mar-2024,Argos,0,41.044180,-69.818170,1587,22100,113,97,,,,,,
260358,260358,UT,15:51:54 21-Mar-2024,Argos,0,41.024400,-69.770650,2280,2362,2201,22,,,,,,
260358,260358,UT,16:07:02 21-Mar-2024,Argos,A,41.020130,-69.766070,1669,5303,525,85,,,,,,
260358,260358,UT,16:56:22 21-Mar-2024,Argos,0,40.984370,-69.749850,11502,52714,2509,86,,,,,,
260358,260358,UT,21:48:38 21-Mar-2024,Argos,A,40.849600,-69.759750,1588,2740,919,168,,,,,,
260358,260358,UT,21:51:29 21-Mar-2024,Argos,2,40.836280,-69.757480,273,480,154,77,,,,,,
260358,260358,UT,22:05:11 21-Mar-2024,Argos,A,40.820200,-69.753930,488,855,278,157,,,,,,
260358,260358,UT,22:20:22 21-Mar-2024,Argos,A,40.824120,-69.751280,106,212,52,92,,,,,,
260358,260358,UT,23:20:02 21-Mar-2024,Argos,A,40.803440,-69.754820,208,958,45,128,,,,,,
260358,260358,UT,23:44:10 21-Mar-2024,Argos,2,40.788830,-69.745880,430,2502,74,82,,,,,,
260358,260358,UT,23:59:17 21-Mar-2024,Argos,B,40.785480,-69.754390,645,5780,72,104,,,,,,
260358,260358,UT,00:01:27 22-Mar-2024,Argos,A,40.780630,-69.738560,179,464,69,131,,,,,,
260358,260358,UT,00:08:15 22-Mar-2024,Argos,3,40.779430,-69.730740,193,212,176,121,,,,,,
260358,260358,UT,00:55:52 22-Mar-2024,Argos,B,40.750330,-69.721240,949,15294,58,57,,,,,,
260358,260358,UT,01:26:45 22-Mar-2024,Argos,B,40.758310,-69.708340,761,1153,502,89,,,,,,
260358,260358,UT,01:27:18 22-Mar-2024,Argos,2,40.744570,-69.691090,444,754,261,105,,,,,,
260358,260358,UT,01:38:13 22-Mar-2024,Argos,1,40.732440,-69.696600,555,1984,155,73,,,,,,
260358,260358,UT,01:50:10 22-Mar-2024,Argos,3,40.722720,-69.690090,239,810,70,77,,,,,,
260358,260358,UT,02:32:04 22-Mar-2024,Argos,2,40.687290,-69.655130,483,613,380,172,,,,,,
260358,260358,UT,12:07:58 22-Mar-2024,Argos,B,40.354300,-69.448760,4071,27421,604,123,,,,,,
260358,260358,UT,12:19:59 22-Mar-2024,Argos,B,40.453340,-69.601040,521,1743,155,42,,,,,,
260358,260358,UT,13:39:15 22-Mar-2024,Argos,1,40.392160,-69.559830,736,1044,518,97,,,,,,
260358,260358,UT,13:44:17 22-Mar-2024,Argos,1,40.398680,-69.593360,601,1511,239,143,,,,,,
260358,260358,UT,13:57:36 22-Mar-2024,Argos,2,40.410050,-69.576900,445,2497,79,102,,,,,,
260358,260358,UT,14:03:50 22-Mar-2024,Argos,2,40.412080,-69.591830,356,819,154,97,,,,,,
260358,260358,UT,14:54:39 22-Mar-2024,Argos,3,40.381340,-69.540960,116,293,45,93,,,,,,
260358,260358,UT,15:22:43 22-Mar-2024,Argos,B,40.370500,-69.510270,12513,16520,9477,90,,,,,,
260358,260358,UT,21:40:37 22-Mar-2024,Argos,B,40.164550,-69.318040,40543,63888,25728,94,,,,,,
260358,260358,UT,21:44:49 22-Mar-2024,Argos,B,40.230250,-69.372250,32110,66642,15471,80,,,,,,
260358,260358,UT,22:58:47 22-Mar-2024,Argos,0,40.214730,-69.661380,3167,20894,480,86,,,,,,
260358,260358,UT,00:34:41 23-Mar-2024,Argos,B,40.172280,-69.738330,14791,22116,9892,91,,,,,,
260358,260358,UT,00:42:47 23-Mar-2024,Argos,B,40.162410,-69.741540,9313,213745,405,88,,,,,,
260358,260358,UT,01:07:09 23-Mar-2024,Argos,B,40.162340,-69.741650,9702,29221,3221,88,,,,,,
260358,260358,UT,01:15:30 23-Mar-2024,Argos,A,40.150620,-69.671790,545,1583,187,20,,,,,,
260358,260358,UT,01:24:02 23-Mar-2024,Argos,3,40.148710,-69.662620,174,845,35,74,,,,,,
260358,260358,UT,01:30:09 23-Mar-2024,Argos,B,40.143690,-69.671160,312,578,168,106,,,,,,
260358,260358,UT,12:09:04 23-Mar-2024,Argos,B,39.942260,-70.181660,3057,5415,1725,89,,,,,,
260358,260358,UT,12:34:08 23-Mar-2024,Argos,B,40.017440,-69.941150,5138,15208,1735,67,,,,,,
260358,260358,UT,13:16:01 23-Mar-2024,Argos,A,40.165360,-70.048230,1416,9565,209,96,,,,,,
260358,260358,UT,13:44:07 23-Mar-2024,Argos,2,40.166700,-70.066840,433,1958,95,107,,,,,,
260358,260358,UT,13:44:37 23-Mar-2024,Argos,3,40.168790,-70.072010,198,335,117,101,,,,,,
260358,260358,UT,14:33:59 23-Mar-2024,Argos,1,40.170990,-70.061460,1078,16937,68,101,,,,,,
260358,260358,UT,15:10:54 23-Mar-2024,Argos,2,40.176310,-70.104110,252,717,88,102,,,,,,
260358,260358,UT,15:24:57 23-Mar-2024,Argos,2,40.164850,-70.114550,375,1175,119,88,,,,,,
260358,260358,UT,15:28:08 23-Mar-2024,Argos,A,40.169220,-70.126180,261,736,92,81,,,,,,
260358,260358,UT,15:30:43 23-Mar-2024,Argos,B,40.170080,-70.128310,343,646,181,82,,,,,,
260358,260358,UT,22:08:56 23-Mar-2024,Argos,1,40.208490,-70.212280,931,3001,288,81,,,,,,
260358,260358,UT,22:37:57 23-Mar-2024,Argos,A,40.211980,-70.208690,1068,4872,234,70,,,,,,
260358,260358,UT,22:53:22 23-Mar-2024,Argos,B,40.202770,-70.211180,1124,1925,656,91,,,,,,
260358,260358,UT,22:58:45 23-Mar-2024,Argos,A,40.197330,-70.176280,3821,52208,279,103,,,,,,
260358,260358,UT,23:32:42 23-Mar-2024,Argos,B,40.184930,-70.209270,10089,47622,2137,109,,,,,,
260358,260358,UT,23:32:42 23-Mar-2024,Argos,0,40.203040,-70.235880,1683,3056,927,122,,,,,,
260358,260358,UT,00:17:46 24-Mar-2024,Argos,B,40.192150,-70.238180,10367,22849,4703,106,,,,,,
260358,260358,UT,00:35:17 24-Mar-2024,Argos,B,40.227130,-70.323610,1208,10851,134,56,,,,,,
260358,260358,UT,00:35:26 24-Mar-2024,Argos,B,40.228730,-70.320080,799,5342,119,56,,,,,,
260358,260358,UT,01:02:24 24-Mar-2024,Argos,B,40.196100,-70.367380,613,4018,93,96,,,,,,
260358,260358,UT,01:07:26 24-Mar-2024,Argos,1,40.229470,-70.340010,1098,2402,501,35,,,,,,
260358,260358,UT,01:13:52 24-Mar-2024,Argos,0,40.227740,-70.324700,7950,59257,1066,79,,,,,,
260358,260358,UT,02:37:20 24-Mar-2024,Argos,B,40.241200,-70.377870,27597,37484,20318,88,,,,,,
260358,260358,UT,11:10:41 24-Mar-2024,Argos,0,40.258140,-70.452890,4563,21999,946,36,,,,,,
260358,260358,UT,11:52:30 24-Mar-2024,Argos,A,40.285720,-70.539500,3707,10540,1303,171,,,,,,
260358,260358,UT,11:55:17 24-Mar-2024,Argos,0,40.306880,-70.474850,1606,2423,1063,151,,,,,,
260358,260358,UT,12:53:30 24-Mar-2024,Argos,B,40.291620,-70.578190,4231,84254,212,107,,,,,,
260358,260358,UT,13:26:02 24-Mar-2024,Argos,A,40.236760,-70.504710,2146,7292,631,168,,,,,,
260358,260358,UT,13:36:11 24-Mar-2024,Argos,1,40.262400,-70.500870,1197,5806,246,66,,,,,,
260358,260358,UT,14:10:26 24-Mar-2024,Argos,3,40.258230,-70.512330,249,889,69,94,,,,,,
260358,260358,UT,14:30:48 24-Mar-2024,Argos,B,40.256510,-70.511490,1821,2389,1388,74,,,,,,
260358,260358,UT,15:05:53 24-Mar-2024,Argos,1,40.256180,-70.529280,671,1518,296,109,,,,,,
260358,260358,UT,15:06:15 24-Mar-2024,Argos,A,40.244750,-70.549750,204,807,51,68,,,,,,
260358,260358,UT,19:38:35 10-Jul-2025,Argos,2,43.931040,-60.027090,486,4256,55,77,,,,,,
260358,260358,UT,20:42:24 19-Jul-2025,Argos,1,43.996900,-59.877450,536,703,407,172,,,,,,
260358,260358,UT,21:44:12 19-Jul-2025,Argos,2,43.932200,-59.891940,351,608,202,115,,,,,,
260358,260358,UT,22:25:24 19-Jul-2025,Argos,1,43.923290,-59.854410,716,8009,64,101,,,,,,
260358,260358,UT,22:50:20 19-Jul-2025,Argos,B,43.928460,-59.854080,1368,7980,234,97,,,,,,
260358,260358,UT,23:34:30 19-Jul-2025,Argos,3,43.929430,-59.859570,106,222,50,91,,,,,,
260358,260358,UT,23:48:30 19-Jul-2025,Argos,B,43.929420,-59.859540,521,728,372,89,,,,,,
260358,260358,UT,00:02:10 20-Jul-2025,Argos,A,43.921780,-59.872630,847,3216,222,53,,,,,,
260358,260358,UT,00:27:22 20-Jul-2025,Argos,0,43.930880,-59.866550,2134,36272,125,78,,,,,,
260358,260358,UT,01:11:23 20-Jul-2025,Argos,A,43.919760,-59.857650,1883,3241,1093,157,,,,,,
260358,260358,UT,01:17:36 20-Jul-2025,Argos,A,43.928610,-59.866910,228,387,133,46,,,,,,
260358,260358,UT,01:22:53 20-Jul-2025,Argos,B,43.927130,-59.867210,364,506,261,78,,,,,,
260358,260358,UT,02:48:49 20-Jul-2025,Argos,2,43.926960,-59.906720,301,578,156,76,,,,,,
260358,260358,UT,03:01:23 20-Jul-2025,Argos,B,43.911930,-59.853730,1361,2017,918,90,,,,,,
260358,260358,UT,03:03:44 20-Jul-2025,Argos,2,43.932910,-59.899030,325,671,157,149,,,,,,
260358,260358,UT,04:27:50 20-Jul-2025,Argos,3,43.926090,-59.902590,149,220,100,105,,,,,,
260358,260358,UT,08:03:31 20-Jul-2025,Argos,A,43.927610,-59.922940,170,247,117,19,,,,,,
260358,260358,UT,08:06:13 20-Jul-2025,Argos,2,43.924310,-59.934180,251,277,226,86,,,,,,
260358,260358,UT,09:38:31 20-Jul-2025,Argos,2,43.926050,-59.966430,286,877,93,80,,,,,,
260358,260358,UT,09:51:17 20-Jul-2025,Argos,1,43.925030,-59.966100,530,2234,125,91,,,,,,
260358,260358,UT,11:23:56 20-Jul-2025,Argos,B,43.918510,-59.961190,4005,5902,2717,54,,,,,,
260358,260358,UT,11:55:51 20-Jul-2025,Argos,B,43.922520,-60.032280,7523,10103,5601,49,,,,,,
260358,260358,UT,13:30:32 20-Jul-2025,Argos,2,43.928580,-60.011900,442,1268,153,92,,,,,,
260358,260358,UT,13:39:19 20-Jul-2025,Argos,B,43.929520,-60.004590,1446,3049,685,163,,,,,,
260358,260358,UT,00:13:04 21-Jul-2025,Argos,B,43.915750,-60.243720,14398,19182,10806,81,,,,,,
260358,260358,UT,00:54:51 21-Jul-2025,Argos,A,43.810180,-59.801220,17799,96241,3291,87,,,,,,
260358,260358,UT,01:09:16 21-Jul-2025,Argos,B,43.810820,-59.801910,19425,69045,5464,87,,,,,,
260358,260358,UT,01:49:20 21-Jul-2025,Argos,B,43.825950,-59.802990,16246,42498,6210,87,,,,,,
260358,260358,UT,02:07:45 21-Jul-2025,Argos,B,43.828790,-59.800420,13287,29856,5912,90,,,,,,
260358,260358,UT,02:49:27 21-Jul-2025,Argos,B,43.830730,-59.803090,1757,3460,891,91,,,,,,
260358,260358,UT,03:40:13 21-Jul-2025,Argos,B,43.963070,-59.897160,11218,174551,721,75,,,,,,
260358,260358,UT,05:20:02 21-Jul-2025,Argos,A,43.992620,-60.095310,5317,15564,1816,132,,,,,,
260358,260358,UT,09:08:18 21-Jul-2025,Argos,2,43.928500,-60.030460,331,2844,38,77,,,,,,
260358,260358,UT,09:10:27 21-Jul-2025,Argos,A,43.926710,-60.025340,217,1107,42,92,,,,,,
260358,260358,UT,10:48:20 21-Jul-2025,Argos,B,43.927370,-60.014710,934,2687,324,136,,,,,,
260358,260358,UT,10:48:43 21-Jul-2025,Argos,B,43.931800,-60.019040,1098,3861,312,132,,,,,,
260358,260358,UT,13:15:00 21-Jul-2025,Argos,B,43.934140,-60.034270,989,11410,85,55,,,,,,
260358,260358,UT,13:37:57 21-Jul-2025,Argos,B,43.940200,-60.048670,1153,2826,470,60,,,,,,
260358,260358,UT,14:01:35 21-Jul-2025,Argos,B,43.936880,-60.042370,1437,2372,869,73,,,,,,
260358,260358,UT,14:51:27 21-Jul-2025,Argos,0,43.932330,-60.011290,3185,16836,602,64,,,,,,
260358,260358,UT,15:18:23 21-Jul-2025,Argos,B,43.936550,-60.015920,7065,10254,4867,83,,,,,,
260358,260358,UT,15:45:26 21-Jul-2025,Argos,2,43.933440,-60.059740,499,828,300,92,,,,,,
260358,260358,UT,17:23:31 21-Jul-2025,Argos,A,43.929860,-60.004730,1191,1557,910,37,,,,,,
260358,260358,UT,00:39:15 22-Jul-2025,Argos,B,43.991830,-59.946250,1643,3974,679,25,,,,,,
260358,260358,UT,00:45:12 22-Jul-2025,Argos,B,43.958890,-59.949070,2750,4246,1781,62,,,,,,
260358,260358,UT,00:54:41 22-Jul-2025,Argos,B,43.867010,-60.012580,2918,6533,1303,87,,,,,,
260358,260358,UT,02:17:37 22-Jul-2025,Argos,A,43.941920,-59.959340,819,4878,137,50,,,,,,
260358,260358,UT,02:36:02 22-Jul-2025,Argos,B,43.924480,-59.974480,784,4631,132,107,,,,,,
260358,260358,UT,02:55:44 22-Jul-2025,Argos,A,43.934950,-59.981410,312,874,111,141,,,,,,
260358,260358,UT,04:35:03 22-Jul-2025,Argos,2,43.926400,-59.971320,318,446,226,110,,,,,,
260358,260358,UT,08:27:44 22-Jul-2025,Argos,B,43.963790,-59.958320,3595,46925,275,31,,,,,,
260358,260358,UT,08:39:55 22-Jul-2025,Argos,A,43.914890,-59.972710,201,411,98,124,,,,,,
260358,260358,UT,10:10:39 22-Jul-2025,Argos,A,43.939480,-59.952550,1558,11592,209,80,,,,,,
260358,260358,UT,10:14:46 22-Jul-2025,Argos,3,43.926100,-59.982200,188,308,114,89,,,,,,
260358,260358,UT,12:00:47 22-Jul-2025,Argos,B,43.900580,-59.983740,2369,12100,463,99,,,,,,
260358,260358,UT,12:52:07 22-Jul-2025,Argos,1,43.919850,-59.970300,1085,5251,224,59,,,,,,
260358,260358,UT,13:17:32 22-Jul-2025,Argos,A,43.926290,-59.984780,331,478,228,136,,,,,,
260358,260358,UT,13:37:38 22-Jul-2025,Argos,B,43.932120,-59.979960,508,1204,214,108,,,,,,
260358,260358,UT,14:29:31 22-Jul-2025,Argos,2,43.925320,-59.967820,471,1386,160,102,,,,,,
260358,260358,UT,14:56:36 22-Jul-2025,Argos,0,43.923260,-59.997410,6986,19130,2551,165,,,,,,
260358,260358,UT,15:03:23 22-Jul-2025,Argos,A,43.913240,-59.925840,1442,11411,182,105,,,,,,
260358,260358,UT,16:39:10 22-Jul-2025,Argos,1,43.927960,-59.985130,725,12432,42,101,,,,,,
260358,260358,UT,00:06:54 23-Jul-2025,Argos,A,43.928410,-59.933790,556,1792,172,49,,,,,,
260358,260358,UT,00:19:19 23-Jul-2025,Argos,1,43.927500,-59.934770,575,3532,93,74,,,,,,
260358,260358,UT,00:47:47 23-Jul-2025,Argos,B,43.928010,-59.929320,2063,3224,1319,82,,,,,,
260358,260358,UT,01:06:34 23-Jul-2025,Argos,B,43.927540,-59.931830,2365,3613,1547,83,,,,,,
260358,260358,UT,01:53:12 23-Jul-2025,Argos,B,43.930330,-59.922850,2975,4404,2009,86,,,,,,
260358,260358,UT,02:11:53 23-Jul-2025,Argos,2,43.927790,-59.873030,277,377,203,128,,,,,,
260358,260358,UT,02:24:43 23-Jul-2025,Argos,B,43.929940,-59.871090,815,3082,215,87,,,,,,
260358,260358,UT,03:50:08 23-Jul-2025,Argos,3,43.939200,-59.825640,155,643,37,84,,,,,,
260358,260358,UT,08:07:54 23-Jul-2025,Argos,3,43.938520,-59.829500,138,170,111,82,,,,,,
260358,260358,UT,09:26:06 23-Jul-2025,Argos,1,43.943410,-59.848450,1109,10721,114,98,,,,,,
260358,260358,UT,09:46:21 23-Jul-2025,Argos,1,43.935440,-59.839220,625,1990,196,84,,,,,,
260358,260358,UT,00:03:49 24-Jul-2025,Argos,B,43.978240,-59.749470,29635,37484,23429,88,,,,,,
260358,260358,UT,00:27:35 24-Jul-2025,Argos,B,43.954710,-59.782920,17292,0,234,65,,,,,,
260358,260358,UT,00:41:31 24-Jul-2025,Argos,B,43.954970,-59.783180,2593,21840,307,65,,,,,,
260358,260358,UT,01:27:34 24-Jul-2025,Argos,A,43.938040,-59.828460,2149,5601,824,115,,,,,,
260358,260358,UT,01:34:01 24-Jul-2025,Argos,2,43.937640,-59.824730,428,3807,48,76,,,,,,
260358,260358,UT,02:15:26 24-Jul-2025,Argos,B,43.935880,-59.833880,900,1524,531,86,,,,,,
260358,260358,UT,03:05:20 24-Jul-2025,Argos,B,43.936910,-59.832630,897,11120,72,88,,,,,,
260358,260358,UT,04:46:26 24-Jul-2025,Argos,B,43.935310,-59.856670,1239,5079,302,92,,,,,,
260358,260358,UT,07:38:49 24-Jul-2025,Argos,B,43.937380,-59.839920,1508,30361,74,95,,,,,,
260358,260358,UT,08:43:44 24-Jul-2025,Argos,3,43.937100,-59.835350,174,271,111,92,,,,,,
260358,260358,UT,09:13:45 24-Jul-2025,Argos,B,43.938980,-59.837790,1209,10443,139,78,,,,,,
260358,260358,UT,10:23:05 24-Jul-2025,Argos,B,43.938650,-59.831050,790,6678,93,174,,,,,,
260358,260358,UT,12:11:00 24-Jul-2025,Argos,0,43.919090,-59.844060,4452,18895,1048,34,,,,,,
260358,260358,UT,12:49:56 24-Jul-2025,Argos,A,43.935970,-59.809590,1571,5758,428,128,,,,,,
260358,260358,UT,13:02:12 24-Jul-2025,Argos,2,43.940450,-59.838180,297,634,138,92,,,,,,
260358,260358,UT,13:47:15 24-Jul-2025,Argos,1,43.933840,-59.857520,774,6484,92,101,,,,,,
260358,260358,UT,14:37:28 24-Jul-2025,Argos,2,43.929780,-59.851330,423,725,246,102,,,,,,
260358,260358,UT,14:38:29 24-Jul-2025,Argos,1,43.932390,-59.861340,821,15917,42,100,,,,,,
260358,260358,UT,15:03:59 24-Jul-2025,Argos,0,43.927680,-59.866980,1815,6805,483,120,,,,,,
260358,260358,UT,15:32:16 24-Jul-2025,Argos,A,43.918270,-59.829680,1015,2091,493,175,,,,,,
260358,260358,UT,16:16:25 24-Jul-2025,Argos,B,43.918790,-59.828650,781,1279,476,157,,,,,,
260358,260358,UT,00:19:54 25-Jul-2025,Argos,B,43.921030,-59.866410,1840,17422,194,67,,,,,,
260358,260358,UT,00:26:23 25-Jul-2025,Argos,B,43.934090,-59.843470,1031,44463,23,79,,,,,,
260358,260358,UT,01:12:38 25-Jul-2025,Argos,B,43.933420,-59.840710,1193,3432,415,70,,,,,,
260358,260358,UT,02:19:20 25-Jul-2025,Argos,A,43.930810,-59.855500,305,772,120,171,,,,,,
260358,260358,UT,02:57:29 25-Jul-2025,Argos,B,43.930660,-59.857660,889,1148,687,92,,,,,,
260358,260358,UT,03:57:24 25-Jul-2025,Argos,3,43.931560,-59.851780,88,154,50,84,,,,,,
260358,260358,UT,05:35:16 25-Jul-2025,Argos,B,43.929520,-59.860870,1028,1840,574,131,,,,,,
260358,260358,UT,07:06:22 25-Jul-2025,Argos,A,43.929680,-59.842570,747,2221,251,167,,,,,,
260358,260358,UT,07:59:54 25-Jul-2025,Argos,A,43.932650,-59.851670,588,3262,105,113,,,,,,
260358,260358,UT,08:43:43 25-Jul-2025,Argos,3,43.935370,-59.844450,125,218,71,113,,,,,,
260358,260358,UT,09:40:13 25-Jul-2025,Argos,B,43.935300,-59.843630,1045,1648,662,97,,,,,,
260358,260358,UT,10:18:57 25-Jul-2025,Argos,A,43.939330,-59.821330,3721,26595,520,70,,,,,,
260358,260358,UT,11:18:45 25-Jul-2025,Argos,1,43.926570,-59.870690,565,710,448,31,,,,,,
260358,260358,UT,12:36:24 25-Jul-2025,Argos,B,43.922900,-59.877130,2789,3845,2022,87,,,,,,
260358,260358,UT,13:26:44 25-Jul-2025,Argos,2,43.933570,-59.887900,394,903,171,93,,,,,,
260358,260358,UT,14:22:06 25-Jul-2025,Argos,B,43.936690,-59.894840,7506,11937,4719,98,,,,,,
260358,260358,UT,00:03:35 26-Jul-2025,Argos,B,43.913050,-59.982290,22470,46213,10925,96,,,,,,
260358,260358,UT,00:12:44 26-Jul-2025,Argos,B,43.901700,-59.898010,22553,55024,9244,112,,,,,,
260358,260358,UT,00:12:44 26-Jul-2025,Argos,B,43.914720,-59.915160,2252,5442,931,95,,,,,,
260358,260358,UT,00:52:35 26-Jul-2025,Argos,0,43.919680,-59.941790,4549,342005,60,79,,,,,,
260358,260358,UT,01:34:08 26-Jul-2025,Argos,1,43.933510,-59.914100,956,2025,451,167,,,,,,
260358,260358,UT,01:42:06 26-Jul-2025,Argos,B,43.932380,-59.922020,654,2798,152,161,,,,,,
260358,260358,UT,01:47:40 26-Jul-2025,Argos,3,43.930270,-59.917430,122,467,32,98,,,,,,
260358,260358,UT,02:33:38 26-Jul-2025,Argos,B,43.926790,-59.923770,680,3658,126,100,,,,,,
260358,260358,UT,03:10:45 26-Jul-2025,Argos,3,43.927590,-59.914010,232,1169,45,78,,,,,,
260358,260358,UT,04:50:06 26-Jul-2025,Argos,B,43.926050,-59.920330,1374,9259,203,145,,,,,,
260358,260358,UT,08:12:53 26-Jul-2025,Argos,3,43.927690,-59.917850,124,144,106,102,,,,,,
260358,260358,UT,09:01:05 26-Jul-2025,Argos,3,43.926680,-59.930690,180,393,82,86,,,,,,
260358,260358,UT,09:49:56 26-Jul-2025,Argos,B,43.928080,-59.934560,1519,2244,1028,82,,,,,,
260358,260358,UT,10:36:18 26-Jul-2025,Argos,A,43.921370,-59.979420,1184,13710,102,80,,,,,,
260358,260358,UT,11:31:53 26-Jul-2025,Argos,B,43.922380,-59.996870,2654,4522,1557,87,,,,,,
260358,260358,UT,00:36:13 27-Jul-2025,Argos,2,43.930130,-59.926910,261,903,75,93,,,,,,
260358,260358,UT,01:24:53 27-Jul-2025,Argos,B,43.929860,-59.937290,1181,1855,752,87,,,,,,
260358,260358,UT,01:33:22 27-Jul-2025,Argos,1,43.927530,-59.902530,622,4565,84,83,,,,,,
260358,260358,UT,02:14:28 27-Jul-2025,Argos,B,43.933160,-59.914190,3662,5417,2475,87,,,,,,
260358,260358,UT,02:26:44 27-Jul-2025,Argos,A,43.926220,-59.923140,119,169,83,86,,,,,,
260358,260358,UT,04:04:52 27-Jul-2025,Argos,A,43.925710,-59.920050,115,156,85,114,,,,,,
260358,260358,UT,07:39:32 27-Jul-2025,Argos,2,43.926930,-59.917180,387,681,219,18,,,,,,
260358,260358,UT,08:19:24 27-Jul-2025,Argos,3,43.923900,-59.917960,128,184,89,45,,,,,,
260358,260358,UT,09:23:48 27-Jul-2025,Argos,1,43.924780,-59.921970,644,19106,21,79,,,,,,
260358,260358,UT,11:02:06 27-Jul-2025,Argos,B,43.921360,-59.931610,1439,2452,844,89,,,,,,
260358,260358,UT,11:36:56 27-Jul-2025,Argos,B,43.934700,-59.918290,1511,2956,771,98,,,,,,
260358,260358,UT,12:02:40 27-Jul-2025,Argos,B,43.933390,-59.917940,1662,3064,901,97,,,,,,
260358,260358,UT,12:13:41 27-Jul-2025,Argos,B,43.888070,-60.036160,10488,21384,5144,118,,,,,,
260358,260358,UT,00:10:47 28-Jul-2025,Argos,3,43.921770,-59.919090,139,196,98,169,,,,,,
260358,260358,UT,01:02:09 28-Jul-2025,Argos,B,43.927330,-59.916980,702,5811,84,77,,,,,,
260358,260358,UT,01:20:33 28-Jul-2025,Argos,B,43.923600,-59.915000,844,3926,181,74,,,,,,
260358,260358,UT,01:51:13 28-Jul-2025,Argos,3,43.927880,-59.907380,165,300,90,110,,,,,,
260358,260358,UT,10:22:41 28-Jul-2025,Argos,1,43.918540,-59.890670,1432,3274,626,134,,,,,,
260358,260358,UT,10:53:03 28-Jul-2025,Argos,A,43.912440,-59.876600,1974,10940,356,95,,,,,,
260358,260358,UT,12:24:54 28-Jul-2025,Argos,1,43.960560,-59.944550,1002,3289,305,128,,,,,,
260358,260358,UT,13:19:41 28-Jul-2025,Argos,B,43.942350,-59.969570,1587,15486,162,113,,,,,,
260358,260358,UT,13:44:20 28-Jul-2025,Argos,A,43.930660,-59.929470,212,621,72,143,,,,,,
260358,260358,UT,14:10:25 28-Jul-2025,Argos,A,43.914180,-59.868630,2130,40074,113,101,,,,,,
260358,260358,UT,14:58:44 28-Jul-2025,Argos,2,43.929110,-59.908920,308,654,144,165,,,,,,
260358,260358,UT,15:17:21 28-Jul-2025,Argos,1,43.925310,-59.918750,1357,1957,940,127,,,,,,
260358,260358,UT,15:28:45 28-Jul-2025,Argos,B,43.937730,-59.916510,639,2268,179,94,,,,,,
260358,260358,UT,15:53:04 28-Jul-2025,Argos,A,43.953830,-59.939800,4184,14105,1240,135,,,,,,
260358,260358,UT,17:02:01 28-Jul-2025,Argos,B,43.966650,-59.936170,7073,75735,660,148,,,,,,
260358,260358,UT,18:39:12 28-Jul-2025,Argos,B,43.938050,-59.877130,5214,8225,3304,0,,,,,,
260358,260358,UT,18:56:09 28-Jul-2025,Argos,B,43.934360,-59.874060,3680,4142,3269,6,,,,,,
260358,260358,UT,20:28:59 28-Jul-2025,Argos,0,43.938470,-59.790250,8205,86533,778,89,,,,,,
260358,260358,UT,20:56:34 28-Jul-2025,Argos,B,43.943940,-59.929320,2842,10520,767,28,,,,,,
260358,260358,UT,22:10:20 28-Jul-2025,Argos,A,43.935070,-59.911650,528,2547,109,44,,,,,,
260358,260358,UT,22:34:18 28-Jul-2025,Argos,2,43.923890,-59.911440,406,3366,49,111,,,,,,
260358,260358,UT,23:00:32 28-Jul-2025,Argos,B,43.924980,-59.915050,861,1589,466,103,,,,,,
260358,260358,UT,23:30:20 28-Jul-2025,Argos,B,43.924900,-59.911980,1143,1906,685,97,,,,,,
260358,260358,UT,23:51:05 28-Jul-2025,Argos,2,43.930340,-59.918280,269,367,197,51,,,,,,
260358,260358,UT,00:14:57 29-Jul-2025,Argos,B,43.928910,-59.911720,1004,2985,337,74,,,,,,
260358,260358,UT,00:39:40 29-Jul-2025,Argos,1,43.945550,-59.869170,937,3846,228,72,,,,,,
260358,260358,UT,01:05:57 29-Jul-2025,Argos,A,43.937910,-59.860080,2499,12645,493,82,,,,,,
260358,260358,UT,01:32:01 29-Jul-2025,Argos,3,43.927670,-59.920940,89,165,48,96,,,,,,
260358,260358,UT,02:32:35 29-Jul-2025,Argos,3,43.924120,-59.924890,94,166,52,57,,,,,,
260358,260358,UT,04:12:38 29-Jul-2025,Argos,3,43.927650,-59.922910,95,124,72,75,,,,,,
260358,260358,UT,08:16:11 29-Jul-2025,Argos,2,43.925370,-59.923110,286,412,198,179,,,,,,
260358,260358,UT,08:35:39 29-Jul-2025,Argos,A,43.922700,-59.922190,308,924,102,49,,,,,,
260358,260358,UT,09:51:41 29-Jul-2025,Argos,A,43.865580,-59.901310,3584,16341,786,3,,,,,,
260358,260358,UT,10:15:04 29-Jul-2025,Argos,0,43.951650,-59.914510,7942,34599,1823,2,,,,,,
260358,260358,UT,11:49:58 29-Jul-2025,Argos,B,43.925990,-59.906610,15059,18329,12372,98,,,,,,
260358,260358,UT,12:11:59 29-Jul-2025,Argos,B,43.955830,-59.921200,9296,19133,4516,77,,,,,,
260358,260358,UT,00:17:41 30-Jul-2025,Argos,2,43.932650,-59.846990,365,6878,19,79,,,,,,
260358,260358,UT,00:55:48 30-Jul-2025,Argos,B,43.934420,-59.847060,754,2595,219,87,,,,,,
260358,260358,UT,01:06:35 30-Jul-2025,Argos,1,43.937510,-59.836180,584,3683,92,72,,,,,,
260358,260358,UT,01:47:44 30-Jul-2025,Argos,B,43.935590,-59.843160,2167,5663,828,33,,,,,,
260358,260358,UT,02:07:25 30-Jul-2025,Argos,B,43.937140,-59.842060,2821,4054,1963,46,,,,,,
260358,260358,UT,02:36:38 30-Jul-2025,Argos,B,43.931290,-59.841920,731,3966,134,91,,,,,,
260358,260358,UT,02:50:12 30-Jul-2025,Argos,A,43.924480,-59.850630,977,3829,249,111,,,,,,
260358,260358,UT,03:27:51 30-Jul-2025,Argos,1,43.929160,-59.868790,1295,32818,51,79,,,,,,
260358,260358,UT,05:07:07 30-Jul-2025,Argos,B,43.926840,-59.879880,3679,6100,2218,90,,,,,,
260358,260358,UT,07:46:02 30-Jul-2025,Argos,A,43.929350,-59.859940,446,3283,60,102,,,,,,
260358,260358,UT,07:53:30 30-Jul-2025,Argos,2,43.933460,-59.846540,414,485,352,45,,,,,,
260358,260358,UT,09:21:08 30-Jul-2025,Argos,0,43.933530,-59.843040,3419,9815,1191,71,,,,,,
260358,260358,UT,09:30:16 30-Jul-2025,Argos,A,43.924600,-59.853270,1838,5787,583,98,,,,,,
260358,260358,UT,11:00:05 30-Jul-2025,Argos,3,43.923300,-59.861770,227,256,200,100,,,,,,
260358,260358,UT,11:11:27 30-Jul-2025,Argos,3,43.934340,-59.863800,189,238,149,60,,,,,,
260358,260358,UT,12:36:32 30-Jul-2025,Argos,B,43.928820,-59.864070,1544,8858,269,106,,,,,,
260358,260358,UT,13:18:02 30-Jul-2025,Argos,2,43.935090,-59.861380,303,539,170,88,,,,,,
260358,260358,UT,14:20:03 30-Jul-2025,Argos,B,43.933320,-59.862560,3122,5069,1922,92,,,,,,
260358,260358,UT,15:04:44 30-Jul-2025,Argos,1,43.935340,-59.876070,1126,5240,242,109,,,,,,
260358,260358,UT,15:29:49 30-Jul-2025,Argos,A,43.929270,-59.874460,994,2484,397,137,,,,,,
260358,260358,UT,08:48:13 31-Jul-2025,Argos,3,43.928990,-59.857070,142,363,55,79,,,,,,
260358,260358,UT,08:58:13 31-Jul-2025,Argos,3,43.933740,-59.857300,162,355,73,89,,,,,,
260358,260358,UT,10:31:31 31-Jul-2025,Argos,B,43.927540,-59.869070,3080,5136,1847,92,,,,,,
260358,260358,UT,10:31:31 31-Jul-2025,Argos,B,43.928870,-59.864310,2660,6909,1024,91,,,,,,
260358,260358,UT,13:06:19 31-Jul-2025,Argos,B,43.919300,-59.878570,1346,9447,191,100,,,,,,
260358,260358,UT,13:52:22 31-Jul-2025,Argos,B,43.916560,-59.876750,868,5611,134,64,,,,,,
260358,260358,UT,14:43:49 31-Jul-2025,Argos,B,43.912820,-59.900000,989,1347,725,37,,,,,,
260358,260358,UT,14:43:49 31-Jul-2025,Argos,A,43.914610,-59.870090,529,1888,148,9,,,,,,
260358,260358,UT,16:20:17 31-Jul-2025,Argos,B,43.916790,-59.893590,991,5251,187,89,,,,,,
260358,260358,UT,18:00:45 31-Jul-2025,Argos,B,43.918240,-59.872600,973,4518,209,49,,,,,,
260358,260358,UT,20:06:01 31-Jul-2025,Argos,3,43.929280,-59.866510,157,484,51,77,,,,,,
260358,260358,UT,21:00:55 31-Jul-2025,Argos,3,43.931910,-59.856100,166,312,87,132,,,,,,
260358,260358,UT,21:43:28 31-Jul-2025,Argos,2,43.922500,-59.865670,382,537,271,138,,,,,,
260358,260358,UT,22:44:25 31-Jul-2025,Argos,3,43.929820,-59.854190,143,377,53,105,,,,,,
260358,260358,UT,22:52:51 31-Jul-2025,Argos,B,43.929830,-59.854200,418,599,291,91,,,,,,
260358,260358,UT,00:20:46 01-Aug-2025,Argos,2,43.932990,-59.851820,315,651,152,30,,,,,,
260358,260358,UT,00:27:40 01-Aug-2025,Argos,2,43.930500,-59.862390,378,1080,132,78,,,,,,
260358,260358,UT,01:20:45 01-Aug-2025,Argos,A,43.932910,-59.858840,785,1919,321,151,,,,,,
260358,260358,UT,01:59:33 01-Aug-2025,Argos,B,43.933710,-59.857560,881,1140,680,92,,,,,,
260358,260358,UT,02:12:59 01-Aug-2025,Argos,B,43.934740,-59.857630,983,1381,699,87,,,,,,
260358,260358,UT,02:13:23 01-Aug-2025,Argos,B,43.927920,-59.844010,802,1656,387,47,,,,,,
260358,260358,UT,03:34:38 01-Aug-2025,Argos,A,43.929710,-59.822470,1273,9603,168,94,,,,,,
260358,260358,UT,05:12:31 01-Aug-2025,Argos,A,43.930050,-59.862550,742,3419,160,176,,,,,,
260358,260358,UT,08:06:10 01-Aug-2025,Argos,3,43.930440,-59.867540,112,158,79,89,,,,,,
260358,260358,UT,08:21:25 01-Aug-2025,Argos,3,43.930520,-59.865730,114,281,46,69,,,,,,
260358,260358,UT,09:47:37 01-Aug-2025,Argos,0,43.935900,-59.887640,1700,23845,121,102,,,,,,
260358,260358,UT,09:56:47 01-Aug-2025,Argos,2,43.930240,-59.871550,420,607,290,97,,,,,,
260358,260358,UT,11:55:49 01-Aug-2025,Argos,B,43.930310,-59.883070,6498,10032,4208,86,,,,,,
260358,260358,UT,12:43:11 01-Aug-2025,Argos,0,43.931640,-59.873660,3224,12087,859,164,,,,,,
260358,260358,UT,13:36:43 01-Aug-2025,Argos,B,43.932480,-59.863930,1182,24459,57,101,,,,,,
260358,260358,UT,14:22:32 01-Aug-2025,Argos,1,43.927660,-59.856960,936,4014,218,73,,,,,,
260358,260358,UT,15:20:24 01-Aug-2025,Argos,B,43.927050,-59.852500,2684,3992,1803,87,,,,,,
260358,260358,UT,15:37:51 01-Aug-2025,Argos,A,43.938950,-59.874760,258,825,80,154,,,,,,
260358,260358,UT,16:05:15 01-Aug-2025,Argos,1,43.922980,-59.871510,898,1906,422,55,,,,,,
260358,260358,UT,00:10:48 02-Aug-2025,Argos,3,43.930540,-59.870450,104,159,68,86,,,,,,
260358,260358,UT,00:18:28 02-Aug-2025,Argos,B,43.930460,-59.870180,392,551,278,89,,,,,,
260358,260358,UT,00:59:06 02-Aug-2025,Argos,A,43.932460,-59.860780,217,1270,36,96,,,,,,
260358,260358,UT,01:49:42 02-Aug-2025,Argos,3,43.931290,-59.860860,102,125,83,68,,,,,,
260358,260358,UT,01:58:54 02-Aug-2025,Argos,3,43.933070,-59.859630,124,311,49,106,,,,,,
260358,260358,UT,02:47:50 02-Aug-2025,Argos,2,43.927860,-59.853870,437,878,217,71,,,,,,
260358,260358,UT,04:25:30 02-Aug-2025,Argos,A,43.929610,-59.849770,2630,21953,315,96,,,,,,
260358,260358,UT,07:25:49 02-Aug-2025,Argos,A,43.934260,-59.859940,728,3393,156,174,,,,,,
260358,260358,UT,07:48:04 02-Aug-2025,Argos,2,43.931310,-59.860250,354,937,133,31,,,,,,
260358,260358,UT,09:08:21 02-Aug-2025,Argos,3,43.930650,-59.864700,91,227,36,96,,,,,,
260358,260358,UT,09:32:31 02-Aug-2025,Argos,B,43.931680,-59.864770,519,1809,149,88,,,,,,
260358,260358,UT,10:46:12 02-Aug-2025,Argos,3,43.931340,-59.867660,166,260,106,41,,,,,,
260358,260358,UT,12:21:52 02-Aug-2025,Argos,1,43.947550,-59.892550,1392,1563,1240,164,,,,,,
260358,260358,UT,00:08:07 03-Aug-2025,Argos,B,43.924150,-59.865200,11463,34459,3813,175,,,,,,
260358,260358,UT,00:40:11 03-Aug-2025,Argos,0,43.928900,-59.863640,1775,44541,70,75,,,,,,
260358,260358,UT,01:23:36 03-Aug-2025,Argos,1,43.932900,-59.903900,615,5562,68,76,,,,,,
260358,260358,UT,01:45:04 03-Aug-2025,Argos,A,43.941560,-59.843370,5318,29112,971,69,,,,,,
260358,260358,UT,02:03:28 03-Aug-2025,Argos,B,43.942030,-59.841340,749,1443,388,75,,,,,,
260358,260358,UT,03:40:50 03-Aug-2025,Argos,2,43.928470,-59.869310,433,1948,96,83,,,,,,
260358,260358,UT,07:19:20 03-Aug-2025,Argos,A,43.929960,-59.856100,2464,11140,544,113,,,,,,
260358,260358,UT,08:26:02 03-Aug-2025,Argos,3,43.931300,-59.862000,98,138,69,117,,,,,,
260358,260358,UT,08:57:28 03-Aug-2025,Argos,2,43.928540,-59.867270,367,922,146,82,,,,,,
260358,260358,UT,11:43:37 03-Aug-2025,Argos,A,43.931010,-59.848450,3056,10390,898,43,,,,,,
260358,260358,UT,12:03:02 03-Aug-2025,Argos,A,43.904620,-59.871490,922,1401,607,119,,,,,,
260358,260358,UT,12:26:55 03-Aug-2025,Argos,A,43.913670,-59.937290,5998,13357,2693,151,,,,,,
260358,260358,UT,12:56:25 03-Aug-2025,Argos,B,43.920340,-59.937470,11662,16762,8114,128,,,,,,
260358,260358,UT,00:13:06 04-Aug-2025,Argos,A,43.937810,-59.845520,1057,16655,67,68,,,,,,
260358,260358,UT,00:21:54 04-Aug-2025,Argos,B,43.932760,-59.856150,771,2306,257,75,,,,,,
260358,260358,UT,01:06:22 04-Aug-2025,Argos,2,43.927320,-59.861340,374,2720,51,82,,,,,,
260358,260358,UT,01:18:58 04-Aug-2025,Argos,1,43.935390,-59.863200,584,1121,304,150,,,,,,
260358,260358,UT,01:32:24 04-Aug-2025,Argos,B,43.931780,-59.861830,616,4198,90,71,,,,,,
260358,260358,UT,02:47:42 04-Aug-2025,Argos,1,43.933000,-59.848570,553,1178,260,154,,,,,,
260358,260358,UT,02:56:22 04-Aug-2025,Argos,3,43.935580,-59.837260,172,363,81,72,,,,,,
260358,260358,UT,03:14:19 04-Aug-2025,Argos,0,43.927060,-59.838200,3343,7239,1543,113,,,,,,
260358,260358,UT,04:35:19 04-Aug-2025,Argos,3,43.931570,-59.855950,149,194,113,99,,,,,,
260358,260358,UT,07:42:17 04-Aug-2025,Argos,2,43.929180,-59.872080,415,1046,164,1,,,,,,
260358,260358,UT,08:22:14 04-Aug-2025,Argos,B,43.934560,-59.873980,785,2469,249,82,,,,,,
260358,260358,UT,09:23:55 04-Aug-2025,Argos,1,43.930980,-59.900490,515,3734,70,103,,,,,,
260358,260358,UT,10:07:48 04-Aug-2025,Argos,B,43.915370,-59.910750,2042,6358,655,97,,,,,,
260358,260358,UT,11:05:37 04-Aug-2025,Argos,A,43.890310,-59.815190,2990,22092,404,117,,,,,,
260358,260358,UT,12:17:44 04-Aug-2025,Argos,B,43.873930,-59.791170,8953,14116,5678,103,,,,,,
260358,260358,UT,13:29:33 04-Aug-2025,Argos,0,43.926460,-59.899040,2188,25704,186,104,,,,,,
260358,260358,UT,13:59:07 04-Aug-2025,Argos,B,43.928610,-59.905220,3464,5940,2020,98,,,,,,
260358,260358,UT,14:12:35 04-Aug-2025,Argos,B,43.928200,-59.882540,2140,10845,422,166,,,,,,
260358,260358,UT,14:55:43 04-Aug-2025,Argos,A,43.895700,-59.867560,4692,15231,1445,92,,,,,,
260358,260358,UT,15:05:29 04-Aug-2025,Argos,A,43.897190,-59.873410,1952,3590,1061,22,,,,,,
260358,260358,UT,00:46:05 05-Aug-2025,Argos,2,43.925120,-59.891780,467,5637,38,78,,,,,,
260358,260358,UT,01:19:49 05-Aug-2025,Argos,0,43.930150,-59.877290,1886,40630,87,79,,,,,,
260358,260358,UT,02:10:55 05-Aug-2025,Argos,A,43.926690,-59.874520,397,740,212,168,,,,,,
260358,260358,UT,02:31:53 05-Aug-2025,Argos,A,43.932600,-59.876450,414,1375,124,62,,,,,,
260358,260358,UT,03:04:05 05-Aug-2025,Argos,B,43.931730,-59.874900,877,1352,569,77,,,,,,
260358,260358,UT,03:49:19 05-Aug-2025,Argos,3,43.930320,-59.868100,202,625,65,85,,,,,,
260358,260358,UT,07:53:17 05-Aug-2025,Argos,3,43.924860,-59.889370,192,365,100,167,,,,,,
260358,260358,UT,08:43:14 05-Aug-2025,Argos,A,43.934730,-59.892980,270,1137,64,136,,,,,,
260358,260358,UT,09:30:45 05-Aug-2025,Argos,B,43.925100,-59.887680,688,4376,108,76,,,,,,
260358,260358,UT,10:21:15 05-Aug-2025,Argos,B,43.916580,-59.882500,859,5623,131,79,,,,,,
260358,260358,UT,11:10:09 05-Aug-2025,Argos,B,43.915820,-59.875910,1231,2591,585,85,,,,,,
260358,260358,UT,12:13:12 05-Aug-2025,Argos,B,43.941510,-59.805810,3590,6643,1940,89,,,,,,
260358,260358,UT,12:59:52 05-Aug-2025,Argos,0,43.919910,-59.901940,8387,49872,1410,24,,,,,,
260358,260358,UT,13:47:34 05-Aug-2025,Argos,B,43.953150,-59.894660,6757,14225,3209,110,,,,,,
260358,260358,UT,13:56:33 05-Aug-2025,Argos,B,43.950960,-59.891460,6671,13533,3288,104,,,,,,
260358,260358,UT,14:44:46 05-Aug-2025,Argos,B,43.956290,-59.901930,3666,6470,2077,106,,,,,,
260358,260358,UT,00:23:05 06-Aug-2025,Argos,3,43.929220,-59.865560,185,515,66,70,,,,,,
260358,260358,UT,01:04:29 06-Aug-2025,Argos,B,43.932730,-59.871130,1778,2475,1277,89,,,,,,
260358,260358,UT,01:27:29 06-Aug-2025,Argos,B,43.939710,-59.864590,1377,4493,422,106,,,,,,
260358,260358,UT,02:05:49 06-Aug-2025,Argos,3,43.930120,-59.865170,111,170,71,119,,,,,,
260358,260358,UT,02:48:45 06-Aug-2025,Argos,B,43.929720,-59.869280,893,1256,634,88,,,,,,
260358,260358,UT,03:04:05 06-Aug-2025,Argos,3,43.929760,-59.869980,88,203,38,76,,,,,,
260358,260358,UT,04:41:27 06-Aug-2025,Argos,3,43.929470,-59.864880,167,346,80,114,,,,,,
260358,260358,UT,10:12:27 07-Aug-2025,Argos,A,43.926460,-59.896570,116,251,53,83,,,,,,
260358,260358,UT,10:37:14 07-Aug-2025,Argos,1,43.920980,-59.927030,589,1211,286,57,,,,,,
260358,260358,UT,12:26:12 07-Aug-2025,Argos,B,43.921260,-59.942300,3694,12230,1115,79,,,,,,
260358,260358,UT,13:11:08 07-Aug-2025,Argos,A,43.932430,-60.039690,219,383,125,40,,,,,,
260358,260358,UT,13:15:58 07-Aug-2025,Argos,B,43.920910,-60.093150,4064,17668,934,97,,,,,,
260358,260358,UT,14:04:49 07-Aug-2025,Argos,B,43.930820,-60.091950,3918,8311,1847,99,,,,,,
260358,260358,UT,14:51:22 07-Aug-2025,Argos,B,43.922580,-60.026330,3966,30344,518,16,,,,,,
260358,260358,UT,15:05:25 07-Aug-2025,Argos,B,43.923940,-60.020810,1859,3472,995,19,,,,,,
260358,260358,UT,15:39:10 07-Aug-2025,Argos,B,43.944160,-60.015630,1154,11461,116,66,,,,,,
260358,260358,UT,16:41:35 07-Aug-2025,Argos,B,43.934070,-60.037780,1773,2601,1208,104,,,,,,
260358,260358,UT,17:38:18 07-Aug-2025,Argos,B,43.921430,-60.000860,1786,6004,531,49,,,,,,
260358,260358,UT,18:36:56 07-Aug-2025,Argos,B,43.885230,-60.024890,3269,7142,1496,99,,,,,,
260358,260358,UT,20:13:38 07-Aug-2025,Argos,B,43.887090,-60.041590,2749,16271,464,3,,,,,,
260358,260358,UT,20:37:52 07-Aug-2025,Argos,A,43.916040,-60.040150,610,1564,237,12,,,,,,
260358,260358,UT,21:54:09 07-Aug-2025,Argos,B,43.906130,-60.023560,918,2249,374,57,,,,,,
260358,260358,UT,22:16:59 07-Aug-2025,Argos,B,43.925940,-60.008170,678,4984,92,95,,,,,,
260358,260358,UT,22:54:31 07-Aug-2025,Argos,3,43.927630,-60.028340,183,289,115,121,,,,,,
260358,260358,UT,23:04:48 07-Aug-2025,Argos,B,43.925060,-60.033960,427,666,274,124,,,,,,
260358,260358,UT,23:41:49 07-Aug-2025,Argos,3,43.930080,-60.026180,135,273,66,77,,,,,,
260358,260358,UT,23:58:53 07-Aug-2025,Argos,2,43.927500,-60.020760,292,375,227,170,,,,,,
260358,260358,UT,00:29:46 08-Aug-2025,Argos,B,43.925910,-60.019830,1511,2340,975,79,,,,,,
260358,260358,UT,00:43:27 08-Aug-2025,Argos,B,43.918720,-60.017670,661,3558,122,77,,,,,,
260358,260358,UT,01:29:30 08-Aug-2025,Argos,B,43.913470,-60.021620,1112,2101,588,83,,,,,,
260358,260358,UT,02:21:49 08-Aug-2025,Argos,B,43.927410,-60.025060,1182,3100,450,75,,,,,,
260358,260358,UT,03:09:13 08-Aug-2025,Argos,B,43.922180,-60.039320,1908,3615,1006,81,,,,,,
260358,260358,UT,03:18:02 08-Aug-2025,Argos,B,43.917440,-60.043530,1929,3598,1034,85,,,,,,
260358,260358,UT,04:47:33 08-Aug-2025,Argos,B,43.986560,-60.025450,5021,22200,1135,87,,,,,,
260358,260358,UT,09:36:30 08-Aug-2025,Argos,B,43.825740,-59.927220,7706,28523,2081,82,,,,,,
260358,260358,UT,11:59:17 08-Aug-2025,Argos,B,43.774040,-59.791030,8782,23971,3217,76,,,,,,
260358,260358,UT,13:41:29 08-Aug-2025,Argos,B,43.762860,-59.757510,6674,17730,2511,82,,,,,,
260358,260358,UT,16:56:53 08-Aug-2025,Argos,B,43.747760,-59.701890,3636,8582,1540,86,,,,,,
260358,260358,UT,21:09:33 08-Aug-2025,Argos,B,43.714790,-59.588980,3443,11563,1025,69,,,,,,
260358,260358,UT,04:03:13 09-Aug-2025,Argos,B,43.743100,-59.620640,3355,97847,115,83,,,,,,
260358,260358,UT,00:47:24 10-Aug-2025,Argos,B,43.764460,-59.582510,6692,33788,1325,83,,,,,,
260358,260358,UT,12:37:37 10-Aug-2025,Argos,B,43.767980,-59.584570,7337,36389,1479,72,,,,,,
260358,260358,UT,23:40:03 10-Aug-2025,Argos,B,43.765140,-59.635200,6686,19698,2269,64,,,,,,
260358,260358,UT,12:40:15 11-Aug-2025,Argos,B,43.707440,-59.401360,7710,44360,1340,75,,,,,,
260358,260358,UT,14:19:52 11-Aug-2025,Argos,B,43.716230,-59.368760,3261,4936,2154,101,,,,,,
260358,260358,UT,08:25:42 15-Aug-2025,Argos,3,43.928710,-59.864680,143,228,89,68,,,,,,
260358,260358,UT,09:11:19 15-Aug-2025,Argos,3,43.929800,-59.869060,187,1648,21,78,,,,,,
260358,260358,UT,10:05:45 15-Aug-2025,Argos,3,43.928500,-59.860880,133,244,71,102,,,,,,
260358,260358,UT,10:51:45 15-Aug-2025,Argos,1,43.928070,-59.869840,521,1256,215,48,,,,,,
260358,260358,UT,11:42:54 15-Aug-2025,Argos,A,43.946830,-59.853330,1542,7575,313,64,,,,,,
260358,260358,UT,12:03:14 15-Aug-2025,Argos,A,43.937370,-59.884830,827,3016,226,145,,,,,,
260358,260358,UT,12:55:48 15-Aug-2025,Argos,B,43.941720,-59.877140,1020,1393,746,92,,,,,,
260358,260358,UT,13:44:19 15-Aug-2025,Argos,A,43.933590,-59.920570,1105,2251,542,174,,,,,,
260358,260358,UT,14:32:58 15-Aug-2025,Argos,1,43.934490,-59.882430,598,1722,207,88,,,,,,
260358,260358,UT,14:50:51 15-Aug-2025,Argos,A,43.931570,-59.887370,2738,3663,2047,149,,,,,,
260358,260358,UT,15:27:03 15-Aug-2025,Argos,B,43.933000,-59.865110,1545,6470,368,167,,,,,,
260358,260358,UT,15:06:42 16-Aug-2025,Argos,B,43.992100,-59.908790,4660,139898,155,142,,,,,,
260358,260358,UT,15:43:40 16-Aug-2025,Argos,B,43.919720,-59.852190,1334,8972,198,109,,,,,,
260358,260358,UT,15:53:02 16-Aug-2025,Argos,B,43.928770,-59.874900,371,1161,118,45,,,,,,
260358,260358,UT,17:24:36 16-Aug-2025,Argos,B,43.895000,-59.794960,918,4783,176,129,,,,,,
260358,260358,UT,18:56:54 16-Aug-2025,Argos,B,43.951740,-59.844330,5310,14872,1896,70,,,,,,
260358,260358,UT,20:38:28 16-Aug-2025,Argos,B,43.944290,-59.834660,5678,62439,516,59,,,,,,
260358,260358,UT,20:47:15 16-Aug-2025,Argos,2,43.936060,-59.870550,451,479,424,85,,,,,,
260358,260358,UT,22:17:13 16-Aug-2025,Argos,A,43.934630,-59.872110,1740,5884,514,155,,,,,,
260358,260358,UT,22:26:44 16-Aug-2025,Argos,1,43.931930,-59.867100,1431,2217,923,104,,,,,,
260358,260358,UT,23:07:11 16-Aug-2025,Argos,3,43.926510,-59.864290,129,172,97,56,,,,,,
260358,260358,UT,23:54:39 16-Aug-2025,Argos,1,43.928890,-59.862960,594,1215,289,43,,,,,,
260358,260358,UT,00:13:16 17-Aug-2025,Argos,A,43.923660,-59.858090,1087,3660,322,125,,,,,,
260358,260358,UT,00:49:03 17-Aug-2025,Argos,A,43.931530,-59.873910,347,1666,72,54,,,,,,
260358,260358,UT,01:19:33 17-Aug-2025,Argos,B,43.934520,-59.873290,599,1476,242,110,,,,,,
260358,260358,UT,01:38:57 17-Aug-2025,Argos,A,43.933380,-59.864290,391,1910,79,29,,,,,,
260358,260358,UT,02:57:05 17-Aug-2025,Argos,B,43.933640,-59.873900,899,5832,138,149,,,,,,
260358,260358,UT,04:34:00 17-Aug-2025,Argos,3,43.926950,-59.885510,102,177,58,78,,,,,,
260358,260358,UT,08:12:05 17-Aug-2025,Argos,B,43.936030,-59.890690,1357,25143,73,120,,,,,,
260358,260358,UT,08:44:37 17-Aug-2025,Argos,B,43.929400,-59.882880,682,6148,75,81,,,,,,
260358,260358,UT,09:45:42 17-Aug-2025,Argos,2,43.926100,-59.878520,406,1588,104,107,,,,,,
260358,260358,UT,10:21:20 17-Aug-2025,Argos,A,43.926760,-59.881660,240,775,74,100,,,,,,
260358,260358,UT,11:32:17 17-Aug-2025,Argos,B,43.926030,-59.882730,1134,1641,783,92,,,,,,
260358,260358,UT,12:15:13 17-Aug-2025,Argos,0,43.943100,-59.898930,5821,31808,1065,47,,,,,,
260358,260358,UT,13:01:35 17-Aug-2025,Argos,A,43.941350,-59.875590,3774,14221,1001,175,,,,,,
260358,260358,UT,13:51:58 17-Aug-2025,Argos,2,43.928630,-59.885050,464,833,258,100,,,,,,
260358,260358,UT,14:42:14 17-Aug-2025,Argos,A,43.933240,-59.835890,346,986,121,57,,,,,,
260358,260358,UT,14:57:49 17-Aug-2025,Argos,B,43.910080,-59.867810,3447,5100,2330,102,,,,,,
260358,260358,UT,16:39:48 17-Aug-2025,Argos,0,43.929740,-59.833750,9678,84521,1108,102,,,,,,
260358,260358,UT,00:27:42 18-Aug-2025,Argos,1,43.934080,-59.853620,1270,31958,50,80,,,,,,
260358,260358,UT,05:29:40 18-Aug-2025,Argos,2,43.913430,-59.872950,419,962,182,9,,,,,,
260358,260358,UT,07:43:44 18-Aug-2025,Argos,B,43.907490,-59.853650,1254,2946,533,65,,,,,,
260358,260358,UT,08:05:03 18-Aug-2025,Argos,B,43.907900,-59.854650,1452,3184,662,69,,,,,,
260358,260358,UT,09:15:47 18-Aug-2025,Argos,B,43.937680,-59.846170,1376,15332,123,80,,,,,,
260358,260358,UT,09:40:05 18-Aug-2025,Argos,A,43.920500,-59.862660,2975,6355,1392,122,,,,,,
260358,260358,UT,10:53:52 18-Aug-2025,Argos,0,43.910730,-59.872810,2304,11009,482,157,,,,,,
260358,260358,UT,11:15:48 18-Aug-2025,Argos,B,43.912200,-59.871360,2955,3608,2419,121,,,,,,
260358,260358,UT,12:42:39 18-Aug-2025,Argos,B,43.916830,-59.869400,4573,5917,3533,87,,,,,,
260358,260358,UT,13:38:16 18-Aug-2025,Argos,B,43.930620,-59.871380,1112,10569,117,99,,,,,,
260358,260358,UT,14:25:59 18-Aug-2025,Argos,A,43.928590,-59.863710,341,1054,110,146,,,,,,
260358,260358,UT,15:14:18 18-Aug-2025,Argos,B,43.931580,-59.860360,986,1285,756,103,,,,,,
260358,260358,UT,15:56:11 18-Aug-2025,Argos,B,43.940780,-59.853730,1009,3470,293,112,,,,,,
260358,260358,UT,17:32:28 18-Aug-2025,Argos,B,43.935020,-59.872680,1138,6699,193,123,,,,,,
260358,260358,UT,19:13:18 18-Aug-2025,Argos,B,43.955480,-59.890090,1256,4897,321,74,,,,,,
260358,260358,UT,20:52:01 18-Aug-2025,Argos,0,43.934390,-59.854770,2479,24060,255,77,,,,,,
260358,260358,UT,21:24:35 18-Aug-2025,Argos,B,43.922300,-59.850040,3311,8289,1322,81,,,,,,
260358,260358,UT,23:04:36 18-Aug-2025,Argos,B,43.911460,-59.844150,5879,8480,4075,90,,,,,,
260358,260358,UT,23:15:24 18-Aug-2025,Argos,A,43.924920,-59.855470,1054,3852,288,77,,,,,,
260358,260358,UT,00:04:58 19-Aug-2025,Argos,1,43.928220,-59.878340,795,13932,45,83,,,,,,
260358,260358,UT,00:59:15 19-Aug-2025,Argos,B,43.927090,-59.883590,1087,2498,472,81,,,,,,
260358,260358,UT,01:24:35 19-Aug-2025,Argos,B,43.927170,-59.872090,1018,1850,560,59,,,,,,
260358,260358,UT,02:40:04 19-Aug-2025,Argos,B,43.920860,-59.886040,1118,1632,765,155,,,,,,
260358,260358,UT,03:02:59 19-Aug-2025,Argos,B,43.922080,-59.888750,704,6150,80,76,,,,,,
260358,260358,UT,07:05:23 19-Aug-2025,Argos,B,43.911240,-59.914260,2152,3549,1304,83,,,,,,
260358,260358,UT,08:41:10 19-Aug-2025,Argos,1,43.925460,-59.886510,527,3758,73,67,,,,,,
260358,260358,UT,08:58:43 19-Aug-2025,Argos,3,43.925070,-59.884850,147,381,56,134,,,,,,
260358,260358,UT,10:21:29 19-Aug-2025,Argos,1,43.923430,-59.890770,1025,3320,316,2,,,,,,
260358,260358,UT,12:21:47 19-Aug-2025,Argos,A,43.941560,-59.952240,856,5588,131,110,,,,,,
260358,260358,UT,13:14:36 19-Aug-2025,Argos,B,43.928640,-59.967920,1451,5907,356,123,,,,,,
260358,260358,UT,14:09:03 19-Aug-2025,Argos,A,43.939840,-59.983370,1660,11838,232,90,,,,,,
260358,260358,UT,14:50:22 19-Aug-2025,Argos,0,43.941400,-60.069870,3123,34864,279,93,,,,,,
260358,260358,UT,15:03:29 19-Aug-2025,Argos,A,43.960400,-59.954220,4014,19294,834,114,,,,,,
260358,260358,UT,16:45:27 19-Aug-2025,Argos,1,43.931050,-59.901200,625,3810,102,100,,,,,,
260358,260358,UT,18:23:37 19-Aug-2025,Argos,2,43.914750,-59.896730,480,998,231,37,,,,,,
260358,260358,UT,18:35:07 19-Aug-2025,Argos,B,43.965620,-59.887050,6084,46844,790,108,,,,,,
260358,260358,UT,09:52:59 20-Aug-2025,Argos,2,43.927970,-59.883450,384,1422,103,77,,,,,,
260358,260358,UT,09:57:04 20-Aug-2025,Argos,3,43.926960,-59.881840,244,630,94,84,,,,,,
260358,260358,UT,12:00:24 20-Aug-2025,Argos,B,43.925980,-59.897940,4146,5845,2940,85,,,,,,
260358,260358,UT,12:52:35 20-Aug-2025,Argos,A,43.928330,-59.889430,309,697,136,152,,,,,,
260358,260358,UT,13:40:07 20-Aug-2025,Argos,A,43.930370,-59.893420,687,7233,65,108,,,,,,
260358,260358,UT,14:29:11 20-Aug-2025,Argos,1,43.932640,-59.878140,551,6153,49,112,,,,,,
260358,260358,UT,16:00:25 20-Aug-2025,Argos,3,43.927770,-59.881300,176,260,118,86,,,,,,
260358,260358,UT,16:10:23 20-Aug-2025,Argos,0,43.912220,-59.885160,1696,4512,637,75,,,,,,
260358,260358,UT,17:36:15 20-Aug-2025,Argos,3,43.929990,-59.879920,133,441,40,91,,,,,,
260358,260358,UT,19:32:47 20-Aug-2025,Argos,3,43.926020,-59.880710,130,209,80,85,,,,,,
260358,260358,UT,00:12:52 21-Aug-2025,Argos,B,43.945390,-59.880860,3758,5240,2695,91,,,,,,
260358,260358,UT,01:05:07 21-Aug-2025,Argos,A,43.921350,-59.885750,1552,19892,121,70,,,,,,
260358,260358,UT,01:32:19 21-Aug-2025,Argos,B,43.922510,-59.884110,1764,5446,571,73,,,,,,
260358,260358,UT,01:55:32 21-Aug-2025,Argos,1,43.921680,-59.848570,660,1487,292,108,,,,,,
260358,260358,UT,03:11:32 21-Aug-2025,Argos,3,43.929400,-59.868730,91,324,25,76,,,,,,
260358,260358,UT,04:51:12 21-Aug-2025,Argos,B,43.927140,-59.869000,869,2867,263,20,,,,,,
260358,260358,UT,07:35:16 21-Aug-2025,Argos,A,43.927070,-59.865470,726,2129,247,158,,,,,,
260358,260358,UT,07:42:56 21-Aug-2025,Argos,2,43.933390,-59.869470,273,499,148,6,,,,,,
260358,260358,UT,09:15:42 21-Aug-2025,Argos,2,43.929380,-59.860320,339,1289,88,97,,,,,,
260358,260358,UT,09:24:08 21-Aug-2025,Argos,1,43.930740,-59.866430,531,7307,38,79,,,,,,
260358,260358,UT,00:00:07 22-Aug-2025,Argos,B,43.913750,-59.835880,5723,10800,3032,54,,,,,,
260358,260358,UT,00:46:07 22-Aug-2025,Argos,3,43.930460,-59.866170,129,436,38,76,,,,,,
260358,260358,UT,20:58:41 22-Aug-2025,Argos,B,43.960540,-59.963530,2143,14795,310,110,,,,,,
260358,260358,UT,21:28:56 22-Aug-2025,Argos,2,43.929230,-59.888820,333,674,164,110,,,,,,
260358,260358,UT,22:41:43 22-Aug-2025,Argos,1,43.930220,-59.845840,823,6311,107,104,,,,,,
260358,260358,UT,22:43:19 22-Aug-2025,Argos,A,43.926760,-59.850360,666,1093,405,101,,,,,,
260358,260358,UT,23:32:42 22-Aug-2025,Argos,3,43.930570,-59.834650,142,243,82,105,,,,,,
260358,260358,UT,00:19:12 23-Aug-2025,Argos,B,43.927750,-59.820290,921,1316,644,94,,,,,,
260358,260358,UT,01:15:20 23-Aug-2025,Argos,B,43.911020,-59.794430,895,9121,87,38,,,,,,
260358,260358,UT,09:34:13 23-Aug-2025,Argos,B,43.846780,-59.822850,2591,5447,1232,97,,,,,,
260358,260358,UT,10:02:16 23-Aug-2025,Argos,B,43.821770,-59.902840,7218,67071,776,105,,,,,,
260358,260358,UT,12:39:43 23-Aug-2025,Argos,B,43.741990,-59.668060,4381,18120,1059,97,,,,,,
260358,260358,UT,09:33:29 30-Aug-2025,Argos,3,43.926070,-59.951800,175,833,36,79,,,,,,
260358,260358,UT,09:42:02 30-Aug-2025,Argos,2,43.923400,-59.948620,478,4492,50,101,,,,,,
260358,260358,UT,11:16:47 30-Aug-2025,Argos,B,43.908350,-59.898010,2956,4483,1948,92,,,,,,
260358,260358,UT,11:18:12 30-Aug-2025,Argos,A,43.907600,-60.007800,1209,4263,342,16,,,,,,
260358,260358,UT,11:53:15 30-Aug-2025,Argos,B,43.901820,-59.989910,2518,2939,2157,71,,,,,,
260358,260358,UT,12:42:35 30-Aug-2025,Argos,2,43.938460,-60.023580,485,556,421,116,,,,,,
260358,260358,UT,13:32:25 30-Aug-2025,Argos,A,43.919170,-60.022630,3743,15809,886,104,,,,,,
260358,260358,UT,14:22:31 30-Aug-2025,Argos,1,43.936640,-60.025670,545,4991,59,104,,,,,,
260358,260358,UT,14:57:01 30-Aug-2025,Argos,B,43.947720,-60.081200,14391,20513,10095,88,,,,,,
260358,260358,UT,16:06:01 30-Aug-2025,Argos,B,43.926670,-60.012680,15060,67019,3384,36,,,,,,
260358,260358,UT,16:40:31 30-Aug-2025,Argos,1,43.929440,-60.022430,1398,40190,48,101,,,,,,
260358,260358,UT,00:11:37 31-Aug-2025,Argos,3,43.929970,-60.036680,86,136,54,79,,,,,,
260358,260358,UT,00:57:17 31-Aug-2025,Argos,A,43.934760,-60.038890,177,513,61,111,,,,,,
260358,260358,UT,01:48:20 31-Aug-2025,Argos,3,43.937650,-60.033360,206,733,57,96,,,,,,
260358,260358,UT,02:12:03 31-Aug-2025,Argos,A,43.928140,-60.033360,1008,2287,443,131,,,,,,
260358,260358,UT,03:49:25 31-Aug-2025,Argos,3,43.931150,-60.034210,95,295,30,84,,,,,,
260358,260358,UT,07:22:26 31-Aug-2025,Argos,B,43.931070,-60.027050,2003,3095,1296,88,,,,,,
260358,260358,UT,09:00:24 31-Aug-2025,Argos,A,43.934250,-60.035800,354,1252,100,16,,,,,,
260358,260358,UT,09:04:46 31-Aug-2025,Argos,A,43.931550,-60.033000,206,1067,39,91,,,,,,
260358,260358,UT,10:36:20 31-Aug-2025,Argos,B,43.924520,-60.032450,1179,6065,229,87,,,,,,
260358,260358,UT,10:45:20 31-Aug-2025,Argos,B,43.925110,-60.029190,950,2945,306,90,,,,,,
260358,260358,UT,12:25:53 31-Aug-2025,Argos,A,43.926020,-60.038830,298,849,104,55,,,,,,
260358,260358,UT,13:14:49 31-Aug-2025,Argos,B,43.925270,-60.039430,994,1404,703,83,,,,,,
260358,260358,UT,00:35:18 01-Sep-2025,Argos,B,43.922410,-60.005750,880,4265,181,127,,,,,,
260358,260358,UT,00:35:18 01-Sep-2025,Argos,1,43.922000,-60.004400,903,4376,186,127,,,,,,
260358,260358,UT,01:28:54 01-Sep-2025,Argos,B,43.936480,-60.032290,1710,2798,1045,109,,,,,,
260358,260358,UT,01:29:18 01-Sep-2025,Argos,2,43.925250,-60.034190,483,2891,80,54,,,,,,
260358,260358,UT,03:03:38 01-Sep-2025,Argos,B,43.924050,-60.035270,978,9381,101,60,,,,,,
260358,260358,UT,03:12:48 01-Sep-2025,Argos,B,43.922840,-60.038300,902,2846,285,59,,,,,,
260358,260358,UT,04:46:25 01-Sep-2025,Argos,B,43.928710,-60.036380,1224,4709,318,90,,,,,,
260358,260358,UT,06:53:11 01-Sep-2025,Argos,B,43.923140,-60.029560,1804,3250,1001,84,,,,,,
260358,260358,UT,08:18:48 01-Sep-2025,Argos,B,43.923900,-60.027500,1935,4627,809,89,,,,,,
260358,260358,UT,08:33:39 01-Sep-2025,Argos,B,43.925230,-60.029280,1771,5847,536,82,,,,,,
260358,260358,UT,09:56:38 01-Sep-2025,Argos,0,43.936350,-60.014580,4527,17103,1198,31,,,,,,
260358,260358,UT,10:10:36 01-Sep-2025,Argos,B,43.927030,-60.028470,2152,5310,871,84,,,,,,
260358,260358,UT,11:34:04 01-Sep-2025,Argos,B,43.912900,-59.984390,4168,8164,2127,62,,,,,,
260358,260358,UT,12:07:46 01-Sep-2025,Argos,B,43.910410,-59.980440,2888,4784,1742,67,,,,,,
260358,260358,UT,12:50:54 01-Sep-2025,Argos,1,43.931550,-60.013210,501,1352,185,104,,,,,,
260358,260358,UT,13:41:16 01-Sep-2025,Argos,0,43.969750,-60.055350,9579,24523,3741,6,,,,,,
260358,260358,UT,14:33:57 01-Sep-2025,Argos,B,43.986100,-60.071470,13701,15608,12027,90,,,,,,
260358,260358,UT,15:06:54 01-Sep-2025,Argos,A,43.985680,-60.045610,1361,3979,465,174,,,,,,
260358,260358,UT,15:25:07 01-Sep-2025,Argos,B,43.891260,-60.020930,2900,5039,1668,71,,,,,,
260358,260358,UT,16:44:24 01-Sep-2025,Argos,1,43.932810,-60.034110,1384,8571,223,100,,,,,,
260358,260358,UT,18:22:32 01-Sep-2025,Argos,0,43.917180,-59.962860,8190,40068,1674,61,,,,,,
260358,260358,UT,00:02:28 02-Sep-2025,Argos,A,43.930500,-59.999940,9280,31231,2757,1,,,,,,
260358,260358,UT,00:20:57 02-Sep-2025,Argos,B,43.927820,-60.001160,450,3544,57,89,,,,,,
260358,260358,UT,01:07:43 02-Sep-2025,Argos,A,43.929030,-60.005710,189,1356,26,85,,,,,,
260358,260358,UT,02:19:01 02-Sep-2025,Argos,3,43.926780,-60.010740,150,195,115,157,,,,,,
260358,260358,UT,02:50:27 02-Sep-2025,Argos,B,43.928250,-60.010810,772,1083,550,90,,,,,,
260358,260358,UT,03:57:09 02-Sep-2025,Argos,B,43.932600,-60.013180,779,7745,78,128,,,,,,
260358,260358,UT,11:21:24 02-Sep-2025,Argos,B,43.939130,-60.030790,2771,4430,1733,103,,,,,,
260358,260358,UT,13:30:38 02-Sep-2025,Argos,A,44.045600,-60.204650,14361,197067,1046,119,,,,,,
260358,260358,UT,14:18:37 02-Sep-2025,Argos,1,43.926530,-60.003710,1396,6476,300,113,,,,,,
260358,260358,UT,15:06:56 02-Sep-2025,Argos,B,43.904970,-59.942570,4777,10847,2103,144,,,,,,
260358,260358,UT,00:04:26 03-Sep-2025,Argos,B,43.925820,-59.974270,2705,8796,831,49,,,,,,
260358,260358,UT,00:47:12 03-Sep-2025,Argos,2,43.928000,-59.997200,331,2630,41,76,,,,,,
260358,260358,UT,02:29:10 03-Sep-2025,Argos,A,43.923320,-59.989520,540,1633,178,38,,,,,,
260358,260358,UT,03:12:06 03-Sep-2025,Argos,3,43.925790,-59.998930,208,677,63,78,,,,,,
260358,260358,UT,04:49:55 03-Sep-2025,Argos,2,43.920440,-59.996130,352,561,220,118,,,,,,
260358,260358,UT,07:28:00 03-Sep-2025,Argos,B,43.908640,-59.993260,2480,12693,484,27,,,,,,
260358,260358,UT,08:32:54 03-Sep-2025,Argos,A,43.940570,-59.990180,272,668,110,12,,,,,,
260358,260358,UT,09:04:37 03-Sep-2025,Argos,A,43.930860,-59.997810,462,1217,175,108,,,,,,
260358,260358,UT,10:15:08 03-Sep-2025,Argos,3,43.927840,-59.990030,187,315,110,102,,,,,,
260358,260358,UT,10:49:17 03-Sep-2025,Argos,B,43.908420,-59.951820,1970,3295,1178,58,,,,,,
260358,260358,UT,11:51:21 03-Sep-2025,Argos,B,43.918080,-60.031410,5126,21782,1206,24,,,,,,
260358,260358,UT,12:11:24 03-Sep-2025,Argos,B,43.901600,-59.927440,3703,5468,2507,79,,,,,,
260358,260358,UT,13:03:38 03-Sep-2025,Argos,B,43.915480,-60.040070,4178,5560,3138,62,,,,,,
260358,260358,UT,01:15:52 04-Sep-2025,Argos,A,43.931200,-60.012150,319,2729,37,87,,,,,,
260358,260358,UT,02:06:50 04-Sep-2025,Argos,B,43.929670,-60.016160,692,4658,102,24,,,,,,
260358,260358,UT,02:23:47 04-Sep-2025,Argos,A,43.917100,-60.027880,459,3602,58,58,,,,,,
260358,260358,UT,04:05:16 04-Sep-2025,Argos,B,43.921210,-60.013810,888,2980,264,11,,,,,,
260358,260358,UT,07:49:21 04-Sep-2025,Argos,A,43.919220,-60.015130,629,3417,115,153,,,,,,
260358,260358,UT,08:35:32 04-Sep-2025,Argos,A,43.928020,-60.020570,264,1418,49,61,,,,,,
260358,260358,UT,09:32:11 04-Sep-2025,Argos,1,43.935970,-60.055430,1218,43090,34,100,,,,,,
260358,260358,UT,10:11:43 04-Sep-2025,Argos,1,43.928580,-60.011440,1010,2945,346,129,,,,,,
260358,260358,UT,11:10:39 04-Sep-2025,Argos,0,43.902270,-60.009420,5633,16383,1936,14,,,,,,
260358,260358,UT,12:41:19 04-Sep-2025,Argos,3,43.877890,-60.020430,248,606,101,19,,,,,,
260358,260358,UT,13:29:37 04-Sep-2025,Argos,0,43.923160,-59.996840,11581,407542,329,101,,,,,,
260358,260358,UT,14:20:57 04-Sep-2025,Argos,A,43.910890,-60.058320,11120,37303,3314,145,,,,,,
260358,260358,UT,16:01:28 04-Sep-2025,Argos,B,43.913810,-60.065770,15145,19785,11593,112,,,,,,
260358,260358,UT,16:11:28 04-Sep-2025,Argos,A,43.934250,-60.043790,1659,28969,95,110,,,,,,
260358,260358,UT,17:50:39 04-Sep-2025,Argos,B,44.004420,-60.072900,4720,15560,1431,93,,,,,,
260358,260358,UT,19:07:09 04-Sep-2025,Argos,1,43.925700,-60.031970,1106,1888,647,69,,,,,,
260358,260358,UT,00:04:45 05-Sep-2025,Argos,2,43.928570,-59.983020,343,556,212,66,,,,,,
260358,260358,UT,00:09:00 05-Sep-2025,Argos,3,43.926980,-59.965080,154,244,97,66,,,,,,
260358,260358,UT,00:56:11 05-Sep-2025,Argos,3,43.928810,-59.997990,224,575,87,79,,,,,,
260358,260358,UT,01:41:21 05-Sep-2025,Argos,3,43.926190,-60.043030,235,338,163,134,,,,,,
260358,260358,UT,01:43:17 05-Sep-2025,Argos,3,43.932300,-60.032350,162,352,74,92,,,,,,
260358,260358,UT,03:19:10 05-Sep-2025,Argos,B,43.928110,-60.071830,1913,21265,172,64,,,,,,
260358,260358,UT,05:00:44 05-Sep-2025,Argos,B,43.903460,-60.098440,2208,11600,420,72,,,,,,
260358,260358,UT,07:12:02 05-Sep-2025,Argos,B,43.906920,-60.103860,2150,5142,898,84,,,,,,
260358,260358,UT,08:09:22 05-Sep-2025,Argos,B,43.904140,-60.075920,2177,15206,311,59,,,,,,
260358,260358,UT,08:51:51 05-Sep-2025,Argos,3,43.929020,-60.031720,163,454,58,73,,,,,,
260358,260358,UT,09:40:32 05-Sep-2025,Argos,3,43.928550,-60.036650,156,510,47,82,,,,,,
260358,260358,UT,10:29:21 05-Sep-2025,Argos,2,43.925680,-60.021960,413,731,233,59,,,,,,
260358,260358,UT,11:22:37 05-Sep-2025,Argos,B,43.931090,-60.003920,2457,5150,1172,148,,,,,,
260358,260358,UT,12:22:57 05-Sep-2025,Argos,A,43.910240,-60.044720,2352,12952,427,57,,,,,,
260358,260358,UT,13:07:59 05-Sep-2025,Argos,0,43.926550,-60.000780,1702,11980,241,89,,,,,,
260358,260358,UT,13:58:32 05-Sep-2025,Argos,0,43.942240,-60.087590,1676,42101,66,100,,,,,,
260358,260358,UT,00:32:27 06-Sep-2025,Argos,0,43.930020,-59.911320,1652,28511,95,82,,,,,,
260358,260358,UT,01:25:04 06-Sep-2025,Argos,B,43.935390,-59.920840,2167,16033,292,34,,,,,,
260358,260358,UT,02:35:36 06-Sep-2025,Argos,A,43.931250,-59.927050,219,868,55,99,,,,,,
260358,260358,UT,04:11:26 06-Sep-2025,Argos,3,43.926900,-59.926420,112,294,42,105,,,,,,
260358,260358,UT,08:12:36 06-Sep-2025,Argos,A,43.929180,-59.905760,831,12035,57,70,,,,,,
260358,260358,UT,09:08:55 06-Sep-2025,Argos,2,43.925220,-59.931790,352,2848,43,70,,,,,,
260358,260358,UT,09:47:24 06-Sep-2025,Argos,B,43.926040,-59.938020,669,9925,45,81,,,,,,
260358,260358,UT,10:54:28 06-Sep-2025,Argos,B,43.927360,-59.944940,1253,2317,677,89,,,,,,
260358,260358,UT,11:24:16 06-Sep-2025,Argos,0,43.917020,-59.949790,3126,16681,585,87,,,,,,
260358,260358,UT,11:58:56 06-Sep-2025,Argos,B,43.923540,-59.943320,985,5651,171,153,,,,,,
260358,260358,UT,00:11:24 07-Sep-2025,Argos,2,43.932850,-59.855620,494,3389,72,73,,,,,,
260358,260358,UT,00:40:58 07-Sep-2025,Argos,1,43.927040,-59.854070,952,1710,529,28,,,,,,
260358,260358,UT,01:03:08 07-Sep-2025,Argos,1,43.934040,-59.849140,517,3782,70,82,,,,,,
260358,260358,UT,01:51:26 07-Sep-2025,Argos,B,43.935680,-59.849980,3034,4250,2165,85,,,,,,
260358,260358,UT,03:27:16 07-Sep-2025,Argos,2,43.930920,-59.860980,462,11471,18,79,,,,,,
260358,260358,UT,07:01:51 07-Sep-2025,Argos,B,43.928140,-59.866040,1936,3087,1213,81,,,,,,
260358,260358,UT,07:28:15 07-Sep-2025,Argos,B,43.928050,-59.876230,1259,1808,876,45,,,,,,
260358,260358,UT,08:43:01 07-Sep-2025,Argos,B,43.925160,-59.878320,1154,19578,68,76,,,,,,
260358,260358,UT,09:10:05 07-Sep-2025,Argos,B,43.931840,-59.867380,970,39043,24,91,,,,,,
260358,260358,UT,10:15:59 07-Sep-2025,Argos,3,43.930310,-59.848990,196,577,66,136,,,,,,
260358,260358,UT,10:47:00 07-Sep-2025,Argos,B,43.929920,-59.846950,761,1098,527,93,,,,,,
260358,260358,UT,12:32:06 07-Sep-2025,Argos,B,43.927820,-59.840930,1478,2455,889,88,,,,,,
260358,260358,UT,13:17:22 07-Sep-2025,Argos,1,43.936360,-59.855850,584,937,363,106,,,,,,
260358,260358,UT,00:12:50 08-Sep-2025,Argos,B,44.003800,-59.881620,19193,34312,10736,88,,,,,,
260358,260358,UT,00:43:11 08-Sep-2025,Argos,1,43.933650,-59.845070,1258,11000,143,82,,,,,,
260358,260358,UT,01:04:52 08-Sep-2025,Argos,B,43.934060,-59.845700,2516,3976,1592,86,,,,,,
260358,260358,UT,01:40:08 08-Sep-2025,Argos,B,43.908330,-59.832590,3677,4577,2953,117,,,,,,
260358,260358,UT,02:40:52 08-Sep-2025,Argos,B,43.908660,-59.834630,1196,11375,125,4,,,,,,
260358,260358,UT,04:21:16 08-Sep-2025,Argos,3,43.937800,-59.834110,217,444,105,60,,,,,,
260358,260358,UT,08:08:22 08-Sep-2025,Argos,A,43.941470,-59.820650,1084,4460,263,22,,,,,,
260358,260358,UT,08:26:23 08-Sep-2025,Argos,A,43.948000,-59.823730,339,1230,93,160,,,,,,
260358,260358,UT,09:46:06 08-Sep-2025,Argos,3,43.941220,-59.823870,100,257,39,72,,,,,,
260358,260358,UT,10:07:59 08-Sep-2025,Argos,B,43.943500,-59.824610,533,1301,218,87,,,,,,
260358,260358,UT,11:27:25 08-Sep-2025,Argos,B,43.933160,-59.819830,1296,2070,810,88,,,,,,
260358,260358,UT,11:41:43 08-Sep-2025,Argos,B,43.940160,-59.821250,1366,2298,811,99,,,,,,
260358,260358,UT,12:07:14 08-Sep-2025,Argos,B,43.928980,-59.817370,1125,3036,417,86,,,,,,
260358,260358,UT,13:00:57 08-Sep-2025,Argos,B,43.925680,-59.819840,843,1846,384,153,,,,,,
260358,260358,UT,13:48:19 08-Sep-2025,Argos,B,43.942300,-59.819960,803,18651,34,106,,,,,,
260358,260358,UT,14:36:20 08-Sep-2025,Argos,2,43.947730,-59.829690,459,658,319,155,,,,,,
260358,260358,UT,14:46:11 08-Sep-2025,Argos,1,43.950130,-59.828650,596,1224,290,63,,,,,,
260358,260358,UT,07:37:07 09-Sep-2025,Argos,B,43.929880,-59.844140,1963,5954,647,18,,,,,,
260358,260358,UT,07:44:10 09-Sep-2025,Argos,B,43.932010,-59.843470,1161,1824,738,33,,,,,,
260358,260358,UT,09:11:04 09-Sep-2025,Argos,1,43.943130,-59.815360,1122,12933,97,79,,,,,,
260358,260358,UT,09:20:48 09-Sep-2025,Argos,2,43.948130,-59.812040,465,1813,119,108,,,,,,
260358,260358,UT,10:54:30 09-Sep-2025,Argos,B,43.953690,-59.812420,1742,4540,668,104,,,,,,
260358,260358,UT,11:01:45 09-Sep-2025,Argos,B,43.951590,-59.810280,1617,4160,628,102,,,,,,
260358,260358,UT,12:35:48 09-Sep-2025,Argos,A,43.937800,-59.790150,939,8342,105,131,,,,,,
260358,260358,UT,14:19:16 09-Sep-2025,Argos,A,43.941360,-59.790150,159,261,96,111,,,,,,
260358,260358,UT,15:35:46 09-Sep-2025,Argos,A,43.942190,-59.800830,285,1406,57,130,,,,,,
260358,260358,UT,15:59:26 09-Sep-2025,Argos,B,43.940960,-59.799280,532,1009,280,55,,,,,,
260358,260358,UT,17:13:08 09-Sep-2025,Argos,1,43.948030,-59.786020,1121,7940,158,86,,,,,,
260358,260358,UT,18:57:34 09-Sep-2025,Argos,A,43.945800,-59.817180,1509,5901,385,37,,,,,,
260358,260358,UT,20:37:05 09-Sep-2025,Argos,A,43.945220,-59.806410,187,1167,29,89,,,,,,
260358,260358,UT,21:25:09 09-Sep-2025,Argos,B,43.941000,-59.809230,709,2522,199,105,,,,,,
260358,260358,UT,22:13:27 09-Sep-2025,Argos,B,43.940110,-59.810330,1120,1922,651,95,,,,,,
260358,260358,UT,22:27:22 09-Sep-2025,Argos,B,43.938260,-59.809890,998,2628,378,105,,,,,,
260358,260358,UT,23:04:58 09-Sep-2025,Argos,3,43.944160,-59.818980,141,349,57,96,,,,,,
260358,260358,UT,00:05:25 10-Sep-2025,Argos,3,43.939380,-59.809200,198,600,65,92,,,,,,
260358,260358,UT,01:42:51 10-Sep-2025,Argos,3,43.943290,-59.816010,95,140,64,86,,,,,,
260358,260358,UT,02:48:47 10-Sep-2025,Argos,3,43.942190,-59.813430,86,138,53,68,,,,,,
260358,260358,UT,04:29:28 10-Sep-2025,Argos,A,43.941680,-59.813220,196,520,73,42,,,,,,
260358,260358,UT,22:34:57 10-Sep-2025,Argos,1,43.935510,-59.805260,552,7276,41,99,,,,,,
260358,260358,UT,22:52:14 10-Sep-2025,Argos,B,43.932340,-59.800170,1445,7177,290,124,,,,,,
260358,260358,UT,00:14:01 11-Sep-2025,Argos,2,43.941700,-59.789580,383,497,294,47,,,,,,
260358,260358,UT,00:31:22 11-Sep-2025,Argos,1,43.943160,-59.815170,776,3287,183,71,,,,,,
260358,260358,UT,01:18:22 11-Sep-2025,Argos,A,43.935180,-59.837180,276,1444,52,75,,,,,,
260358,260358,UT,02:04:27 11-Sep-2025,Argos,2,43.939140,-59.822270,370,644,211,104,,,,,,
260358,260358,UT,03:05:41 11-Sep-2025,Argos,B,43.941690,-59.834100,1945,2271,1665,51,,,,,,
260358,260358,UT,03:43:12 11-Sep-2025,Argos,A,43.933300,-59.846120,222,1781,27,73,,,,,,
260358,260358,UT,05:19:51 11-Sep-2025,Argos,B,43.927370,-59.860450,957,2859,320,125,,,,,,
260358,260358,UT,08:05:52 11-Sep-2025,Argos,A,43.930000,-59.853850,503,3400,74,60,,,,,,
260358,260358,UT,08:14:04 11-Sep-2025,Argos,3,43.929560,-59.852040,120,157,91,50,,,,,,
260358,260358,UT,09:38:39 11-Sep-2025,Argos,B,43.930180,-59.863400,899,10713,75,87,,,,,,
260358,260358,UT,09:54:59 11-Sep-2025,Argos,A,43.925670,-59.868300,317,3133,32,70,,,,,,
260358,260358,UT,11:14:52 11-Sep-2025,Argos,B,43.926600,-59.865950,1220,1684,883,90,,,,,,
260358,260358,UT,11:34:08 11-Sep-2025,Argos,B,43.928380,-59.867450,1297,2020,833,98,,,,,,
260358,260358,UT,11:56:35 11-Sep-2025,Argos,B,43.927150,-59.871140,1347,2358,769,91,,,,,,
260358,260358,UT,12:53:34 11-Sep-2025,Argos,B,43.926110,-59.870900,1606,2324,1109,92,,,,,,
260358,260358,UT,13:34:46 11-Sep-2025,Argos,A,43.917880,-59.858680,339,590,194,161,,,,,,
260358,260358,UT,14:26:18 11-Sep-2025,Argos,A,43.932360,-59.859030,391,3611,42,89,,,,,,
260358,260358,UT,15:14:59 11-Sep-2025,Argos,3,43.929940,-59.843760,242,384,152,171,,,,,,
260358,260358,UT,15:44:54 11-Sep-2025,Argos,A,43.932450,-59.852660,178,477,66,56,,,,,,
260358,260358,UT,00:14:43 12-Sep-2025,Argos,A,43.931970,-59.857850,304,3766,24,79,,,,,,
260358,260358,UT,01:03:01 12-Sep-2025,Argos,2,43.933880,-59.849020,498,7018,35,77,,,,,,
260358,260358,UT,09:57:18 13-Sep-2025,Argos,2,43.931050,-59.850840,302,1181,77,105,,,,,,
260358,260358,UT,10:27:02 13-Sep-2025,Argos,A,43.934670,-59.848910,619,2496,153,103,,,,,,
260358,260358,UT,11:32:13 13-Sep-2025,Argos,B,43.933690,-59.850880,1099,1552,777,95,,,,,,
260358,260358,UT,12:04:35 13-Sep-2025,Argos,B,43.932310,-59.848540,1014,2611,393,90,,,,,,
260358,260358,UT,12:53:08 13-Sep-2025,Argos,B,43.928070,-59.855680,913,11395,73,132,,,,,,
260358,260358,UT,13:49:57 13-Sep-2025,Argos,B,43.923660,-59.855700,1220,2380,625,111,,,,,,
260358,260358,UT,14:32:33 13-Sep-2025,Argos,A,43.919190,-59.896280,739,5519,98,69,,,,,,
260358,260358,UT,15:28:06 13-Sep-2025,Argos,B,43.917300,-59.910120,1809,2776,1178,85,,,,,,
260358,260358,UT,15:52:47 13-Sep-2025,Argos,3,43.923970,-59.859210,224,405,124,90,,,,,,
260358,260358,UT,16:16:34 13-Sep-2025,Argos,B,43.916350,-59.847300,1469,2340,922,67,,,,,,
260358,260358,UT,17:31:25 13-Sep-2025,Argos,1,43.941570,-59.849490,796,990,639,11,,,,,,
260358,260358,UT,17:53:36 13-Sep-2025,Argos,B,43.941370,-59.849350,3081,4240,2238,88,,,,,,
260358,260358,UT,19:30:41 13-Sep-2025,Argos,B,43.939500,-59.853290,3100,10895,882,31,,,,,,
260358,260358,UT,20:56:03 13-Sep-2025,Argos,1,43.939610,-59.850010,508,710,362,158,,,,,,
260358,260358,UT,21:12:02 13-Sep-2025,Argos,0,43.935510,-59.838990,1664,9003,307,62,,,,,,
260358,260358,UT,22:38:31 13-Sep-2025,Argos,3,43.943090,-59.817500,208,1282,33,101,,,,,,
260358,260358,UT,22:39:37 13-Sep-2025,Argos,3,43.943130,-59.817470,165,257,105,95,,,,,,
260358,260358,UT,23:27:34 13-Sep-2025,Argos,3,43.960640,-59.777890,147,377,57,63,,,,,,
260358,260358,UT,00:19:49 14-Sep-2025,Argos,B,43.968240,-59.764600,3841,5548,2659,91,,,,,,
260358,260358,UT,00:23:53 14-Sep-2025,Argos,3,43.945720,-59.795660,166,425,64,112,,,,,,
260358,260358,UT,01:10:42 14-Sep-2025,Argos,B,43.940370,-59.797130,679,4285,107,87,,,,,,
260358,260358,UT,01:25:37 14-Sep-2025,Argos,A,43.938310,-59.836440,856,1463,500,30,,,,,,
260358,260358,UT,01:59:31 14-Sep-2025,Argos,3,43.930110,-59.853770,134,175,101,100,,,,,,
260358,260358,UT,03:04:46 14-Sep-2025,Argos,3,43.933580,-59.847140,110,313,38,80,,,,,,
260358,260358,UT,04:43:09 14-Sep-2025,Argos,3,43.932190,-59.850060,201,288,139,160,,,,,,
260358,260358,UT,08:17:49 14-Sep-2025,Argos,3,43.933720,-59.849280,95,115,78,81,,,,,,
260358,260358,UT,09:16:10 14-Sep-2025,Argos,0,43.923560,-59.794430,2558,12620,518,97,,,,,,
260358,260358,UT,09:58:17 14-Sep-2025,Argos,B,43.921130,-59.782350,18470,29693,11488,91,,,,,,
260358,260358,UT,10:51:33 14-Sep-2025,Argos,A,43.926440,-59.837010,1158,8752,153,96,,,,,,
260358,260358,UT,00:01:41 15-Sep-2025,Argos,B,43.935780,-59.876120,3135,49027,200,103,,,,,,
260358,260358,UT,00:49:27 15-Sep-2025,Argos,A,43.922020,-59.869380,421,1947,91,38,,,,,,
260358,260358,UT,01:38:20 15-Sep-2025,Argos,B,43.931830,-59.858030,668,8450,52,118,,,,,,
260358,260358,UT,02:19:19 15-Sep-2025,Argos,2,43.926460,-59.893480,291,671,126,108,,,,,,
260358,260358,UT,03:59:17 15-Sep-2025,Argos,3,43.926270,-59.947350,183,521,64,76,,,,,,
260358,260358,UT,05:35:02 15-Sep-2025,Argos,A,43.933290,-59.957390,1080,3236,360,130,,,,,,
260358,260358,UT,07:44:13 15-Sep-2025,Argos,1,43.928670,-59.940530,560,2976,105,53,,,,,,
260358,260358,UT,08:33:02 15-Sep-2025,Argos,3,43.923280,-59.951050,92,111,76,100,,,,,,
260358,260358,UT,09:21:07 15-Sep-2025,Argos,B,43.925130,-59.959330,677,11537,39,84,,,,,,
260358,260358,UT,10:16:12 15-Sep-2025,Argos,1,43.922970,-59.923160,511,4836,54,100,,,,,,
260358,260358,UT,11:09:26 15-Sep-2025,Argos,A,43.919220,-59.947260,525,1837,150,36,,,,,,
260358,260358,UT,11:50:09 15-Sep-2025,Argos,B,43.904800,-59.922650,1863,3570,971,48,,,,,,
260358,260358,UT,12:13:31 15-Sep-2025,Argos,B,43.904800,-59.923230,1981,2898,1354,58,,,,,,
260358,260358,UT,13:06:30 15-Sep-2025,Argos,A,43.911900,-59.929520,525,1917,143,24,,,,,,
260358,260358,UT,00:29:23 16-Sep-2025,Argos,2,43.933840,-59.853590,405,3804,43,82,,,,,,
260358,260358,UT,01:17:58 16-Sep-2025,Argos,1,43.942160,-59.823930,535,1625,175,90,,,,,,
260358,260358,UT,03:09:54 16-Sep-2025,Argos,3,43.936780,-59.830820,156,734,33,73,,,,,,
260358,260358,UT,04:49:11 16-Sep-2025,Argos,2,43.939260,-59.828790,333,660,168,130,,,,,,
260358,260358,UT,07:54:35 16-Sep-2025,Argos,A,43.929110,-59.841970,559,2875,108,57,,,,,,
260358,260358,UT,08:48:46 16-Sep-2025,Argos,2,43.938110,-59.839290,263,667,103,72,,,,,,
260358,260358,UT,01:01:27 17-Sep-2025,Argos,1,43.943890,-59.790410,1480,103825,21,79,,,,,,
260358,260358,UT,02:25:56 17-Sep-2025,Argos,2,43.938140,-59.817870,352,662,186,29,,,,,,
260358,260358,UT,02:37:13 17-Sep-2025,Argos,A,43.921790,-59.829910,593,2851,123,7,,,,,,
260358,260358,UT,04:06:10 17-Sep-2025,Argos,3,43.930320,-59.859080,162,401,65,82,,,,,,
260358,260358,UT,08:22:42 17-Sep-2025,Argos,3,43.929630,-59.865140,184,339,100,88,,,,,,
260358,260358,UT,08:55:54 17-Sep-2025,Argos,B,43.929480,-59.868410,1947,2700,1404,90,,,,,,
260358,260358,UT,09:57:20 17-Sep-2025,Argos,3,43.929350,-59.876050,157,242,101,91,,,,,,
260358,260358,UT,10:29:30 17-Sep-2025,Argos,B,43.928810,-59.879870,1370,2057,911,92,,,,,,
260358,260358,UT,12:22:02 17-Sep-2025,Argos,2,43.926450,-59.884670,497,640,385,95,,,,,,
260358,260358,UT,13:09:20 17-Sep-2025,Argos,A,43.950010,-59.878760,1421,5926,340,158,,,,,,
260358,260358,UT,14:06:24 17-Sep-2025,Argos,B,43.945840,-59.852640,2113,15470,288,25,,,,,,
260358,260358,UT,14:26:32 17-Sep-2025,Argos,B,43.947400,-59.850880,2183,3648,1306,32,,,,,,
260358,260358,UT,14:54:53 17-Sep-2025,Argos,A,43.936990,-59.887310,433,2972,63,132,,,,,,
260358,260358,UT,16:08:36 17-Sep-2025,Argos,B,43.929850,-59.860470,875,3125,244,24,,,,,,
260358,260358,UT,16:34:30 17-Sep-2025,Argos,B,43.935360,-59.856540,1148,1604,821,23,,,,,,
260358,260358,UT,17:45:54 17-Sep-2025,Argos,3,43.926980,-59.865970,221,290,168,94,,,,,,
260358,260358,UT,18:25:09 17-Sep-2025,Argos,A,43.950070,-59.843610,1344,4522,399,150,,,,,,
260358,260358,UT,00:39:37 18-Sep-2025,Argos,B,43.955860,-59.720070,8733,27740,2749,76,,,,,,
260358,260358,UT,13:30:14 26-Sep-2025,Argos,A,43.543660,-61.027800,1260,7436,213,107,,,,,,
260358,260358,UT,15:05:31 26-Sep-2025,Argos,B,43.555440,-60.998120,14749,19847,10961,92,,,,,,
260358,260358,UT,15:53:27 26-Sep-2025,Argos,B,43.500980,-61.004080,11837,23172,6046,87,,,,,,
260358,260358,UT,18:50:10 26-Sep-2025,Argos,B,43.455160,-60.983400,13716,30086,6252,83,,,,,,
260358,260358,UT,20:22:27 26-Sep-2025,Argos,B,43.432850,-60.971310,2414,4508,1293,80,,,,,,
260358,260358,UT,20:43:56 26-Sep-2025,Argos,B,43.462980,-60.982260,2463,4826,1256,85,,,,,,
260358,260358,UT,19:50:03 27-Sep-2025,Argos,B,43.491480,-60.954670,3765,426870,33,87,,,,,,
260358,260358,UT,20:19:56 01-Oct-2025,Argos,A,43.381160,-60.873270,239,1036,55,53,,,,,,
260358,260358,UT,21:27:28 01-Oct-2025,Argos,B,43.426680,-60.835230,1099,1579,764,93,,,,,,
260358,260358,UT,04:07:13 02-Oct-2025,Argos,B,43.501240,-60.786920,2907,3987,2119,87,,,,,,
260358,260358,UT,08:25:39 02-Oct-2025,Argos,B,43.523670,-60.735780,3234,9800,1067,91,,,,,,
260358,260358,UT,10:04:55 02-Oct-2025,Argos,B,43.542860,-60.751760,3610,11912,1094,86,,,,,,
260358,260358,UT,10:22:56 02-Oct-2025,Argos,B,43.538920,-60.767270,3606,28819,451,87,,,,,,
260358,260358,UT,12:11:38 02-Oct-2025,Argos,B,43.552170,-60.710710,3107,11522,837,82,,,,,,
260358,260358,UT,13:04:34 02-Oct-2025,Argos,B,43.525980,-60.751230,3292,10755,1007,88,,,,,,
260358,260358,UT,13:59:44 02-Oct-2025,Argos,B,43.521940,-60.752580,3469,10163,1184,88,,,,,,
260358,260358,UT,14:35:13 02-Oct-2025,Argos,B,43.518030,-60.746630,3557,9822,1288,87,,,,,,
260358,260358,UT,14:43:11 02-Oct-2025,Argos,B,43.518850,-60.689180,2424,3876,1515,80,,,,,,
260358,260358,UT,17:52:57 02-Oct-2025,Argos,B,43.499920,-60.686140,2626,4282,1610,93,,,,,,
260358,260358,UT,20:55:02 02-Oct-2025,Argos,B,43.508900,-60.713750,3141,4754,2075,90,,,,,,
260358,260358,UT,21:16:03 02-Oct-2025,Argos,B,43.574570,-60.734770,2491,9456,656,83,,,,,,
260358,260358,UT,22:35:26 02-Oct-2025,Argos,B,43.579000,-60.737420,2670,9521,748,82,,,,,,
260358,260358,UT,22:52:38 02-Oct-2025,Argos,B,43.576140,-60.734630,2603,9398,720,79,,,,,,
260358,260358,UT,16:00:02 03-Oct-2025,Argos,B,43.585860,-60.649500,4529,6441,3184,94,,,,,,
260358,260358,UT,19:00:25 03-Oct-2025,Argos,B,43.623770,-60.661220,4184,8216,2130,80,,,,,,
260358,260358,UT,21:56:04 03-Oct-2025,Argos,B,43.622040,-60.607860,3694,6852,1990,56,,,,,,
260358,260358,UT,01:04:05 04-Oct-2025,Argos,B,43.641680,-60.577910,3688,5801,2344,70,,,,,,
260358,260358,UT,01:04:05 04-Oct-2025,Argos,B,43.637230,-60.564390,3353,5703,1970,54,,,,,,
260358,260358,UT,02:43:14 04-Oct-2025,Argos,B,43.631220,-60.539810,3376,6984,1631,53,,,,,,
260358,260358,UT,13:11:21 04-Oct-2025,Argos,A,43.866580,-60.170020,3095,9339,1025,151,,,,,,
260358,260358,UT,14:03:17 04-Oct-2025,Argos,0,43.721750,-60.421400,57288,0,1828,99,,,,,,
260358,260358,UT,14:46:34 04-Oct-2025,Argos,B,43.861910,-60.929750,55262,131857,23160,84,,,,,,
260358,260358,UT,14:55:36 04-Oct-2025,Argos,B,43.871750,-60.961630,51053,111322,23413,86,,,,,,
260358,260358,UT,15:41:35 04-Oct-2025,Argos,B,43.737950,-60.088030,2812,6350,1245,119,,,,,,
260358,260358,UT,18:02:17 04-Oct-2025,Argos,B,43.746370,-60.084910,1509,2459,926,95,,,,,,
260358,260358,UT,18:16:46 04-Oct-2025,Argos,B,43.751600,-60.086060,1430,2978,686,89,,,,,,
260358,260358,UT,19:53:25 04-Oct-2025,Argos,B,43.773010,-60.072100,1812,3677,893,95,,,,,,
260358,260358,UT,21:28:58 04-Oct-2025,Argos,A,43.843640,-59.945890,156,424,57,89,,,,,,
260358,260358,UT,21:31:20 04-Oct-2025,Argos,B,43.848120,-59.942230,231,921,57,103,,,,,,
260358,260358,UT,22:55:27 04-Oct-2025,Argos,1,43.930510,-59.967070,697,866,560,115,,,,,,
260358,260358,UT,23:04:47 04-Oct-2025,Argos,1,43.921370,-59.990000,633,1744,229,91,,,,,,
260358,260358,UT,23:44:21 04-Oct-2025,Argos,1,43.928740,-59.974470,510,735,354,161,,,,,,
260358,260358,UT,00:38:01 05-Oct-2025,Argos,B,43.941340,-59.954980,2438,3853,1542,82,,,,,,
260358,260358,UT,01:27:05 05-Oct-2025,Argos,B,43.938450,-59.984510,2141,18402,249,19,,,,,,
260358,260358,UT,03:34:07 05-Oct-2025,Argos,1,43.927950,-59.981850,699,7993,61,79,,,,,,
260358,260358,UT,05:14:01 05-Oct-2025,Argos,B,43.937750,-59.978990,4289,6728,2733,90,,,,,,
260358,260358,UT,07:12:05 05-Oct-2025,Argos,B,43.948920,-59.972150,5938,7110,4958,90,,,,,,
260358,260358,UT,16:33:27 06-Oct-2025,Argos,1,43.917970,-59.958320,1459,16594,128,97,,,,,,
260358,260358,UT,18:08:47 06-Oct-2025,Argos,1,43.933010,-59.984280,801,1054,608,51,,,,,,
260358,260358,UT,20:11:06 06-Oct-2025,Argos,2,43.929300,-59.966810,288,1242,66,78,,,,,,
260358,260358,UT,22:06:06 06-Oct-2025,Argos,3,43.926780,-59.976200,155,385,62,94,,,,,,
260358,260358,UT,23:07:26 06-Oct-2025,Argos,B,43.928670,-59.977140,1762,2496,1244,84,,,,,,
260358,260358,UT,23:43:28 06-Oct-2025,Argos,3,43.925170,-59.970710,188,556,63,76,,,,,,
260358,260358,UT,23:58:02 06-Oct-2025,Argos,A,43.925450,-59.983180,411,4633,36,81,,,,,,
260358,260358,UT,00:42:30 07-Oct-2025,Argos,2,43.925480,-59.977870,275,603,125,65,,,,,,
260358,260358,UT,08:57:56 08-Oct-2025,Argos,B,43.884340,-59.929670,3995,131000,121,124,,,,,,
260358,260358,UT,09:13:14 08-Oct-2025,Argos,2,43.926930,-59.989420,292,1542,55,96,,,,,,
260358,260358,UT,10:27:47 08-Oct-2025,Argos,1,43.928700,-59.994550,674,1709,265,149,,,,,,
260358,260358,UT,10:51:09 08-Oct-2025,Argos,B,43.928330,-59.994860,1712,2326,1258,97,,,,,,
260358,260358,UT,12:41:46 08-Oct-2025,Argos,B,43.948070,-60.044230,2150,6322,731,50,,,,,,
260358,260358,UT,13:31:10 08-Oct-2025,Argos,0,43.946170,-60.105010,25686,853485,773,98,,,,,,
260358,260358,UT,14:15:36 08-Oct-2025,Argos,2,43.927700,-60.018750,444,2143,91,103,,,,,,
260358,260358,UT,15:01:23 08-Oct-2025,Argos,B,43.947630,-60.023290,3612,7222,1806,72,,,,,,
260358,260358,UT,16:00:14 08-Oct-2025,Argos,B,43.944170,-60.048370,3822,16449,887,167,,,,,,
260358,260358,UT,16:38:23 08-Oct-2025,Argos,B,43.905960,-60.024070,3994,5500,2899,164,,,,,,
260358,260358,UT,18:20:09 08-Oct-2025,Argos,B,43.914020,-59.992230,3984,10344,1534,108,,,,,,
260358,260358,UT,18:51:42 08-Oct-2025,Argos,B,43.925830,-60.013340,1135,12771,100,87,,,,,,
260358,260358,UT,20:26:58 08-Oct-2025,Argos,B,43.938990,-60.011050,1465,11232,191,85,,,,,,
260358,260358,UT,21:01:31 08-Oct-2025,Argos,A,43.930860,-60.043310,279,625,124,31,,,,,,
260358,260358,UT,22:06:53 08-Oct-2025,Argos,1,43.930020,-60.034810,544,968,306,13,,,,,,
260358,260358,UT,22:40:53 08-Oct-2025,Argos,2,43.926910,-60.026560,437,972,196,117,,,,,,
260358,260358,UT,23:11:36 08-Oct-2025,Argos,B,43.933000,-60.045810,1057,7257,154,35,,,,,,
260358,260358,UT,00:04:56 09-Oct-2025,Argos,3,43.932960,-60.040180,117,204,66,78,,,,,,
260358,260358,UT,00:21:30 09-Oct-2025,Argos,0,43.945640,-60.024010,1727,2611,1142,42,,,,,,
260358,260358,UT,00:55:32 09-Oct-2025,Argos,B,43.942840,-60.025440,6025,8804,4122,83,,,,,,
260358,260358,UT,01:40:10 09-Oct-2025,Argos,B,43.940610,-60.020190,5058,25647,997,10,,,,,,
260358,260358,UT,02:13:05 09-Oct-2025,Argos,B,43.931630,-60.023220,583,4807,70,108,,,,,,
260358,260358,UT,03:49:36 09-Oct-2025,Argos,B,43.927630,-60.021850,1026,16935,62,124,,,,,,
260358,260358,UT,05:26:53 09-Oct-2025,Argos,B,43.921230,-60.026590,1691,2901,985,112,,,,,,
260358,260358,UT,08:20:43 09-Oct-2025,Argos,A,43.920770,-60.004710,307,1092,86,16,,,,,,
260358,260358,UT,08:37:01 09-Oct-2025,Argos,B,43.921050,-60.004410,628,733,538,75,,,,,,
260358,260358,UT,09:58:32 09-Oct-2025,Argos,3,43.927410,-60.003490,171,344,85,75,,,,,,
260358,260358,UT,10:10:25 09-Oct-2025,Argos,2,43.929110,-59.994390,298,627,141,83,,,,,,
260358,260358,UT,11:41:51 09-Oct-2025,Argos,B,43.926350,-59.994580,4528,6583,3114,92,,,,,,
260358,260358,UT,11:48:45 09-Oct-2025,Argos,B,43.925450,-59.996490,3882,6408,2352,101,,,,,,
260358,260358,UT,12:17:31 09-Oct-2025,Argos,A,43.918890,-60.027780,461,1840,115,28,,,,,,
260358,260358,UT,13:11:50 09-Oct-2025,Argos,B,43.924030,-60.018490,669,3176,140,133,,,,,,
260358,260358,UT,13:55:05 09-Oct-2025,Argos,B,43.926470,-60.018060,1089,1591,745,113,,,,,,
260358,260358,UT,14:53:59 09-Oct-2025,Argos,B,43.865080,-59.989530,6178,27083,1409,137,,,,,,
260358,260358,UT,15:37:34 09-Oct-2025,Argos,2,43.930440,-59.998930,453,678,302,34,,,,,,
260358,260358,UT,15:52:08 09-Oct-2025,Argos,2,43.929000,-60.015830,317,545,183,103,,,,,,
260358,260358,UT,14:35:09 10-Oct-2025,Argos,B,43.795680,-59.945050,24835,57217,10779,82,,,,,,
260358,260358,UT,15:09:55 10-Oct-2025,Argos,B,43.859250,-59.888120,34760,70799,17066,33,,,,,,
260358,260358,UT,16:46:10 10-Oct-2025,Argos,B,43.695220,-59.946550,13245,41270,4250,96,,,,,,
260358,260358,UT,18:24:34 10-Oct-2025,Argos,B,43.641020,-59.967190,9407,23907,3701,95,,,,,,
260358,260358,UT,22:27:11 10-Oct-2025,Argos,B,43.624330,-59.940650,4948,11510,2127,109,,,,,,
260358,260358,UT,05:37:59 11-Oct-2025,Argos,B,43.588740,-59.993630,7883,9505,6537,73,,,,,,
260358,260358,UT,07:18:01 11-Oct-2025,Argos,B,43.524880,-60.151120,9601,12508,7368,14,,,,,,
260358,260358,UT,08:50:37 11-Oct-2025,Argos,B,43.734860,-60.349830,9714,183624,513,86,,,,,,
260358,260358,UT,08:51:02 11-Oct-2025,Argos,B,43.732530,-60.384860,962,1366,677,92,,,,,,
260358,260358,UT,10:29:59 11-Oct-2025,Argos,B,43.715370,-60.339690,6393,21471,1903,86,,,,,,
260358,260358,UT,10:38:22 11-Oct-2025,Argos,B,43.561260,-59.821970,5000,35510,704,80,,,,,,
260358,260358,UT,13:17:56 11-Oct-2025,Argos,B,43.600160,-59.991940,8994,27272,2966,88,,,,,,
260358,260358,UT,14:05:46 11-Oct-2025,Argos,B,43.613180,-60.401700,1143,3318,393,70,,,,,,
260358,260358,UT,15:59:10 11-Oct-2025,Argos,A,43.369320,-60.395980,7884,36562,1699,11,,,,,,
260358,260358,UT,17:38:55 11-Oct-2025,Argos,B,43.401750,-60.342980,24666,36008,16896,100,,,,,,
260358,260358,UT,18:24:59 11-Oct-2025,Argos,B,43.573380,-60.399610,20432,32837,12712,95,,,,,,
260358,260358,UT,20:01:31 11-Oct-2025,Argos,B,43.604740,-60.433520,19937,39611,10035,96,,,,,,
260358,260358,UT,21:06:50 11-Oct-2025,Argos,B,43.597350,-60.443210,4588,13223,1591,92,,,,,,
260358,260358,UT,21:41:04 11-Oct-2025,Argos,B,43.584040,-60.210170,7599,23204,2488,139,,,,,,
260358,260358,UT,22:43:14 11-Oct-2025,Argos,B,43.578090,-60.091020,10951,16411,7307,115,,,,,,
260358,260358,UT,23:57:48 11-Oct-2025,Argos,A,43.434980,-60.438210,1939,5058,743,169,,,,,,
260358,260358,UT,00:23:30 12-Oct-2025,Argos,B,43.361470,-60.386850,7757,12203,4930,78,,,,,,
260358,260358,UT,00:38:09 12-Oct-2025,Argos,B,43.424180,-60.219370,14318,38649,5304,71,,,,,,
260358,260358,UT,01:37:30 12-Oct-2025,Argos,B,43.422260,-60.290710,29925,54500,16431,73,,,,,,
260358,260358,UT,02:18:44 12-Oct-2025,Argos,B,43.406580,-60.309920,1819,31907,103,126,,,,,,
260358,260358,UT,03:16:46 12-Oct-2025,Argos,B,43.397050,-60.306350,2265,5397,950,121,,,,,,
260358,260358,UT,09:52:53 12-Oct-2025,Argos,B,43.345640,-60.309740,4059,5786,2847,105,,,,,,
260358,260358,UT,10:04:48 12-Oct-2025,Argos,B,43.512530,-60.350100,2643,7736,902,91,,,,,,
260358,260358,UT,16:53:31 12-Oct-2025,Argos,B,43.621870,-60.991550,21390,88234,5185,30,,,,,,
260358,260358,UT,20:36:20 12-Oct-2025,Argos,B,43.597820,-61.099130,23939,31871,17980,67,,,,,,
260358,260358,UT,20:58:09 12-Oct-2025,Argos,B,43.655920,-61.027300,10708,464598,246,103,,,,,,
260358,260358,UT,22:14:16 12-Oct-2025,Argos,A,43.460580,-60.708480,2822,14584,546,69,,,,,,
260358,260358,UT,22:45:17 12-Oct-2025,Argos,B,43.437000,-60.684750,10215,15390,6780,81,,,,,,
260358,260358,UT,00:25:31 13-Oct-2025,Argos,B,43.123390,-60.593840,26713,39231,18188,85,,,,,,
260358,260358,UT,02:06:10 13-Oct-2025,Argos,B,43.124860,-60.589620,52585,69019,40063,98,,,,,,
260358,260358,UT,05:44:27 13-Oct-2025,Argos,B,43.295470,-60.666150,91440,180840,46235,139,,,,,,
260358,260358,UT,07:24:48 13-Oct-2025,Argos,B,43.445960,-60.749770,13740,31826,5931,90,,,,,,
260358,260358,UT,09:06:19 13-Oct-2025,Argos,B,43.402600,-60.696080,12375,369658,414,48,,,,,,
260358,260358,UT,09:31:18 13-Oct-2025,Argos,B,43.488420,-60.609340,1982,6124,641,58,,,,,,
260358,260358,UT,10:43:45 13-Oct-2025,Argos,B,43.486790,-60.551030,2105,4468,991,89,,,,,,
260358,260358,UT,11:09:43 13-Oct-2025,Argos,B,43.734340,-60.230550,13770,36795,5153,104,,,,,,
260358,260358,UT,12:34:09 13-Oct-2025,Argos,B,43.768600,-60.106010,23233,41303,13068,89,,,,,,
260358,260358,UT,13:28:27 13-Oct-2025,Argos,B,43.746270,-60.114720,43338,71516,26262,94,,,,,,
260358,260358,UT,14:15:16 13-Oct-2025,Argos,B,43.322700,-60.444510,35010,335082,3657,110,,,,,,
260358,260358,UT,14:28:14 13-Oct-2025,Argos,B,43.323770,-60.370300,59777,248831,14360,109,,,,,,
260358,260358,UT,15:53:06 13-Oct-2025,Argos,B,43.140650,-60.481310,47250,74880,29815,68,,,,,,
260358,260358,UT,17:41:39 13-Oct-2025,Argos,B,42.866650,-60.563600,39177,58434,26266,72,,,,,,
260358,260358,UT,20:16:34 13-Oct-2025,Argos,B,43.050440,-60.408130,20844,43905,9895,100,,,,,,
260358,260358,UT,21:39:28 13-Oct-2025,Argos,B,43.158490,-60.767350,20375,47991,8650,85,,,,,,
260358,260358,UT,11:41:42 14-Oct-2025,Argos,B,42.946310,-61.364810,36431,60092,22086,116,,,,,,
260358,260358,UT,22:52:34 14-Oct-2025,Argos,B,42.824530,-61.276390,43082,91744,20230,85,,,,,,
260358,260358,UT,17:10:52 16-Oct-2025,Argos,B,43.351550,-59.855240,33299,0,1014,103,,,,,,
260358,260358,UT,19:55:47 16-Oct-2025,Argos,B,43.420380,-60.446800,19260,786201,471,101,,,,,,
260358,260358,UT,21:35:24 16-Oct-2025,Argos,A,43.365800,-61.009230,5075,41652,618,48,,,,,,
260358,260358,UT,21:43:49 16-Oct-2025,Argos,B,43.355570,-61.039280,3735,9087,1535,74,,,,,,
260358,260358,UT,23:00:03 16-Oct-2025,Argos,B,43.360880,-61.198400,3715,8014,1722,114,,,,,,
260358,260358,UT,23:23:48 16-Oct-2025,Argos,B,43.398700,-61.198850,3043,5854,1581,109,,,,,,
260358,260358,UT,23:46:49 16-Oct-2025,Argos,B,43.386950,-60.609080,4317,22035,845,148,,,,,,
260358,260358,UT,00:42:50 17-Oct-2025,Argos,B,43.372610,-60.599700,4842,10651,2200,59,,,,,,
260358,260358,UT,01:05:26 17-Oct-2025,Argos,B,43.209970,-60.928910,5430,8561,3443,84,,,,,,
260358,260358,UT,01:28:38 17-Oct-2025,Argos,B,43.525700,-61.160850,26783,80844,8873,76,,,,,,
260358,260358,UT,02:14:43 17-Oct-2025,Argos,0,43.488410,-60.741850,25470,152392,4256,123,,,,,,
260358,260358,UT,02:43:07 17-Oct-2025,Argos,0,43.546060,-60.851000,12537,55499,2832,116,,,,,,
260358,260358,UT,04:21:50 17-Oct-2025,Argos,0,43.536220,-60.832290,8432,36736,1935,45,,,,,,
260358,260358,UT,07:30:41 17-Oct-2025,Argos,B,43.523690,-60.789290,53997,69820,41759,84,,,,,,
260358,260358,UT,07:55:20 17-Oct-2025,Argos,B,43.516770,-60.777170,42930,60438,30493,65,,,,,,
260358,260358,UT,09:03:30 17-Oct-2025,Argos,B,43.569710,-60.802060,2598,45910,147,76,,,,,,
260358,260358,UT,09:37:02 17-Oct-2025,Argos,B,43.529510,-60.891820,2340,11612,471,89,,,,,,
260358,260358,UT,10:45:52 17-Oct-2025,Argos,B,43.519390,-60.944200,2218,5393,912,92,,,,,,
260358,260358,UT,11:14:48 17-Oct-2025,Argos,B,43.364330,-60.597620,12158,50934,2902,83,,,,,,
260358,260358,UT,12:58:47 17-Oct-2025,Argos,B,43.346260,-60.677350,25501,55975,11617,85,,,,,,
260358,260358,UT,14:34:40 17-Oct-2025,Argos,B,43.471320,-60.686210,18072,362678,900,78,,,,,,
260358,260358,UT,14:43:50 17-Oct-2025,Argos,B,43.470090,-60.709200,2111,11050,403,77,,,,,,
260358,260358,UT,15:25:14 17-Oct-2025,Argos,B,43.474220,-60.756390,2347,5499,1001,80,,,,,,
260358,260358,UT,16:16:05 17-Oct-2025,Argos,B,43.576780,-60.402140,8770,11216,6857,156,,,,,,
260358,260358,UT,16:26:50 17-Oct-2025,Argos,B,43.562660,-60.405590,6539,17259,2477,114,,,,,,
260358,260358,UT,17:59:30 17-Oct-2025,Argos,B,43.608890,-60.329730,12606,20593,7716,112,,,,,,
260358,260358,UT,19:18:40 17-Oct-2025,Argos,B,43.618570,-60.183670,1989,3311,1194,51,,,,,,
260358,260358,UT,20:50:26 17-Oct-2025,Argos,0,43.535520,-60.802240,10608,110823,1015,87,,,,,,
260358,260358,UT,21:15:00 17-Oct-2025,Argos,A,43.547410,-60.706590,3048,4734,1962,91,,,,,,
260358,260358,UT,22:40:17 17-Oct-2025,Argos,B,43.556410,-60.800110,3513,5158,2392,99,,,,,,
260358,260358,UT,00:18:12 18-Oct-2025,Argos,B,43.530120,-60.893600,2068,82681,51,85,,,,,,
260358,260358,UT,00:32:20 18-Oct-2025,Argos,B,43.533020,-60.857440,657,3755,114,61,,,,,,
260358,260358,UT,01:08:46 18-Oct-2025,Argos,B,43.531470,-60.896940,1057,1903,586,72,,,,,,
260358,260358,UT,01:59:38 18-Oct-2025,Argos,B,43.525000,-60.894540,1426,44084,46,85,,,,,,
260358,260358,UT,01:59:38 18-Oct-2025,Argos,B,43.529000,-60.849840,1331,33171,53,85,,,,,,
260358,260358,UT,03:38:20 18-Oct-2025,Argos,B,43.513520,-60.821630,1517,118072,19,79,,,,,,
260358,260358,UT,05:15:48 18-Oct-2025,Argos,B,43.514830,-60.810560,1491,21926,101,51,,,,,,
260358,260358,UT,08:34:41 18-Oct-2025,Argos,B,43.445150,-60.841810,1186,10392,135,91,,,,,,
260358,260358,UT,08:58:07 18-Oct-2025,Argos,B,43.524320,-61.037590,5070,71014,361,82,,,,,,
260358,260358,UT,10:09:19 18-Oct-2025,Argos,B,43.515620,-60.725790,4618,35943,593,28,,,,,,
260358,260358,UT,13:34:11 18-Oct-2025,Argos,B,43.486400,-60.492930,7852,9843,6263,75,,,,,,
260358,260358,UT,15:41:29 18-Oct-2025,Argos,B,43.594960,-60.377860,6275,47470,829,104,,,,,,
260358,260358,UT,15:52:43 18-Oct-2025,Argos,B,43.594680,-60.385780,6429,36774,1123,104,,,,,,
260358,260358,UT,17:14:56 18-Oct-2025,Argos,B,43.346170,-60.312770,22857,418504,1248,101,,,,,,
260358,260358,UT,18:29:28 18-Oct-2025,Argos,B,43.286420,-60.244320,33927,117458,9799,102,,,,,,
260358,260358,UT,18:55:02 18-Oct-2025,Argos,B,43.403520,-60.410500,50092,207878,12070,109,,,,,,
260358,260358,UT,20:16:01 18-Oct-2025,Argos,B,43.325300,-60.316180,38862,124526,12127,110,,,,,,
260358,260358,UT,20:43:12 18-Oct-2025,Argos,B,43.550590,-60.761310,1665,17192,161,8,,,,,,
260358,260358,UT,21:49:25 18-Oct-2025,Argos,A,43.390200,-60.760240,606,2526,145,142,,,,,,
260358,260358,UT,22:19:14 18-Oct-2025,Argos,B,43.396190,-60.763630,1801,2361,1373,104,,,,,,
260358,260358,UT,22:19:14 18-Oct-2025,Argos,B,43.390050,-60.760040,1793,2326,1381,104,,,,,,
260358,260358,UT,23:16:20 18-Oct-2025,Argos,B,43.307530,-60.712850,2948,5814,1494,146,,,,,,
260358,260358,UT,23:56:48 18-Oct-2025,Argos,B,43.463960,-60.773640,2576,4667,1421,124,,,,,,
260358,260358,UT,23:56:48 18-Oct-2025,Argos,B,43.258340,-60.685580,2436,4172,1421,143,,,,,,
260358,260358,UT,00:46:25 19-Oct-2025,Argos,0,43.492820,-60.872740,7645,66800,874,82,,,,,,
260358,260358,UT,01:34:32 19-Oct-2025,Argos,B,43.461580,-60.836570,19000,118571,3044,31,,,,,,
260358,260358,UT,02:50:32 19-Oct-2025,Argos,B,43.493970,-60.762910,1737,27073,111,115,,,,,,
260358,260358,UT,04:30:28 19-Oct-2025,Argos,B,43.487750,-60.781120,2429,4365,1351,112,,,,,,
260358,260358,UT,07:59:53 19-Oct-2025,Argos,B,43.601560,-61.024850,8627,38475,1934,53,,,,,,
260358,260358,UT,09:41:07 19-Oct-2025,Argos,B,43.551390,-61.046740,12745,37451,4337,71,,,,,,
260358,260358,UT,09:53:46 19-Oct-2025,Argos,B,43.544980,-60.822550,5231,20373,1342,50,,,,,,
260358,260358,UT,11:22:58 19-Oct-2025,Argos,B,43.523900,-60.830570,4329,6786,2761,80,,,,,,
260358,260358,UT,13:04:21 19-Oct-2025,Argos,B,43.518810,-60.839760,5403,9977,2925,82,,,,,,
260358,260358,UT,13:50:16 19-Oct-2025,Argos,B,43.550490,-61.005410,2235,18088,276,39,,,,,,
260358,260358,UT,14:50:26 19-Oct-2025,Argos,B,43.544790,-61.081820,2520,5589,1136,44,,,,,,
260358,260358,UT,14:51:20 19-Oct-2025,Argos,B,43.536480,-61.086840,2476,5406,1133,45,,,,,,
260358,260358,UT,15:32:08 19-Oct-2025,Argos,B,43.582720,-61.053330,2003,3375,1188,43,,,,,,
260358,260358,UT,16:31:54 19-Oct-2025,Argos,B,43.540570,-61.096560,3341,9114,1224,90,,,,,,
260358,260358,UT,18:07:36 19-Oct-2025,Argos,B,43.448740,-61.027550,6378,183173,222,75,,,,,,
260358,260358,UT,19:31:00 19-Oct-2025,Argos,B,43.443500,-61.021160,7531,25472,2226,75,,,,,,
260358,260358,UT,21:02:56 19-Oct-2025,Argos,B,43.403680,-61.062790,9019,22215,3661,68,,,,,,
260358,260358,UT,23:34:25 19-Oct-2025,Argos,B,43.362180,-61.084030,7910,19443,3218,62,,,,,,
260358,260358,UT,07:32:14 20-Oct-2025,Argos,B,43.282930,-61.192520,5117,12744,2054,65,,,,,,
260358,260358,UT,07:32:38 20-Oct-2025,Argos,B,43.342590,-61.150650,1801,7495,432,87,,,,,,
260358,260358,UT,16:40:09 21-Oct-2025,Argos,B,43.630910,-61.086550,11446,317451,412,95,,,,,,
260358,260358,UT,18:08:09 21-Oct-2025,Argos,B,43.559030,-60.645890,7310,31726,1684,92,,,,,,
260358,260358,UT,09:49:34 22-Oct-2025,Argos,B,43.225360,-59.408130,15420,22811,10423,101,,,,,,
260358,260358,UT,04:47:08 23-Oct-2025,Argos,B,43.187510,-59.450010,13350,26612,6697,113,,,,,,
260358,260358,UT,07:30:46 23-Oct-2025,Argos,B,43.541640,-60.249800,22410,49654,10113,110,,,,,,
260358,260358,UT,09:13:58 23-Oct-2025,Argos,B,43.508050,-60.516500,6044,169219,215,90,,,,,,
260358,260358,UT,23:51:36 23-Oct-2025,Argos,B,43.746050,-61.878560,11929,25197,5647,102,,,,,,
260358,260358,UT,04:00:24 24-Oct-2025,Argos,B,43.542860,-61.703590,6501,146894,287,91,,,,,,
260358,260358,UT,08:07:00 24-Oct-2025,Argos,B,43.521850,-60.534510,22939,235951,2230,9,,,,,,
260358,260358,UT,07:39:35 27-Oct-2025,Argos,B,43.240220,-60.458080,37316,198870,7002,115,,,,,,
260358,260358,UT,08:40:45 27-Oct-2025,Argos,B,43.330830,-60.589520,26961,69869,10403,110,,,,,,
260358,260358,UT,10:21:48 27-Oct-2025,Argos,A,43.350630,-60.520060,1924,8894,416,179,,,,,,
260358,260358,UT,10:59:28 27-Oct-2025,Argos,B,43.411810,-60.505950,1537,1859,1270,100,,,,,,
260358,260358,UT,12:43:35 27-Oct-2025,Argos,A,43.361600,-60.553190,2697,11943,609,10,,,,,,
260358,260358,UT,13:37:30 27-Oct-2025,Argos,B,43.383340,-60.590800,3989,5489,2899,49,,,,,,
260358,260358,UT,14:24:12 27-Oct-2025,Argos,B,43.411100,-60.473180,2463,8880,683,0,,,,,,
260358,260358,UT,15:21:46 27-Oct-2025,Argos,B,43.370370,-60.529310,4858,16666,1415,125,,,,,,
260358,260358,UT,17:03:29 27-Oct-2025,Argos,B,43.612430,-60.514720,10381,134215,802,99,,,,,,
260358,260358,UT,18:40:35 27-Oct-2025,Argos,B,43.686230,-60.507730,10711,23441,4894,100,,,,,,
260358,260358,UT,18:57:04 27-Oct-2025,Argos,B,43.668390,-60.419230,9821,18142,5316,84,,,,,,
260358,260358,UT,20:32:01 27-Oct-2025,Argos,B,43.733900,-60.387990,10551,17115,6503,86,,,,,,
260358,260358,UT,20:57:17 27-Oct-2025,Argos,B,43.577380,-60.421060,1835,33541,100,49,,,,,,
260358,260358,UT,22:12:45 27-Oct-2025,Argos,A,43.748830,-60.614160,5321,18595,1522,170,,,,,,
260358,260358,UT,22:37:36 27-Oct-2025,Argos,A,43.618390,-60.549600,4536,15962,1288,91,,,,,,
260358,260358,UT,23:27:37 27-Oct-2025,Argos,B,43.660650,-60.551040,12104,18622,7867,84,,,,,,
260358,260358,UT,00:10:51 28-Oct-2025,Argos,0,43.524020,-60.543500,24711,88937,6865,43,,,,,,
260358,260358,UT,00:11:22 28-Oct-2025,Argos,A,43.472950,-60.683260,7868,38429,1610,68,,,,,,
260358,260358,UT,01:10:51 28-Oct-2025,Argos,B,43.461130,-60.695580,19200,29618,12446,96,,,,,,
260358,260358,UT,01:45:44 28-Oct-2025,Argos,0,43.544380,-60.592860,4782,14763,1549,82,,,,,,
260358,260358,UT,02:33:57 28-Oct-2025,Argos,0,43.526750,-60.528770,13880,43322,4446,18,,,,,,
260358,260358,UT,04:12:56 28-Oct-2025,Argos,0,43.549640,-60.481980,4334,18375,1022,83,,,,,,
260358,260358,UT,08:12:44 28-Oct-2025,Argos,B,43.679520,-60.543400,32920,181266,5978,57,,,,,,
260358,260358,UT,08:45:50 28-Oct-2025,Argos,B,43.600390,-60.290040,1151,7124,185,81,,,,,,
260358,260358,UT,09:54:09 28-Oct-2025,Argos,B,43.572580,-60.342940,3237,19981,524,45,,,,,,
260358,260358,UT,10:21:02 28-Oct-2025,Argos,B,43.544820,-60.365790,2897,4680,1793,65,,,,,,
260358,260358,UT,12:23:43 28-Oct-2025,Argos,0,43.426160,-60.533860,36499,173836,7663,29,,,,,,
260358,260358,UT,14:39:05 28-Oct-2025,Argos,B,43.392500,-60.604810,100907,144670,70381,89,,,,,,
260358,260358,UT,19:52:47 28-Oct-2025,Argos,0,43.555570,-60.502800,7598,24374,2368,50,,,,,,
260358,260358,UT,21:33:40 28-Oct-2025,Argos,0,43.528440,-60.528980,18273,88290,3781,49,,,,,,
260358,260358,UT,22:02:04 28-Oct-2025,Argos,0,43.503420,-60.585830,6804,34242,1351,109,,,,,,
260358,260358,UT,23:02:40 28-Oct-2025,Argos,A,43.338970,-60.456530,9747,31037,3061,128,,,,,,
260358,260358,UT,23:43:42 28-Oct-2025,Argos,A,43.467910,-60.644600,8535,21044,3461,95,,,,,,
260358,260358,UT,23:51:41 28-Oct-2025,Argos,A,43.502600,-60.742370,8632,38953,1912,80,,,,,,
260358,260358,UT,00:48:04 29-Oct-2025,Argos,B,43.390020,-60.750960,13008,46057,3673,92,,,,,,
260358,260358,UT,01:25:49 29-Oct-2025,Argos,0,43.461910,-60.575400,41381,130145,13157,165,,,,,,
260358,260358,UT,01:50:45 29-Oct-2025,Argos,A,43.354890,-60.503720,20325,87205,4737,150,,,,,,
260358,260358,UT,03:10:09 29-Oct-2025,Argos,B,43.371730,-60.396560,12394,16378,9378,96,,,,,,
260358,260358,UT,03:30:39 29-Oct-2025,Argos,A,43.554910,-60.323170,39199,0,963,82,,,,,,
260358,260358,UT,05:07:16 29-Oct-2025,Argos,B,43.549570,-60.326610,64792,137688,30489,87,,,,,,
260358,260358,UT,07:43:48 29-Oct-2025,Argos,B,43.567980,-60.278880,86334,220905,33741,77,,,,,,
260358,260358,UT,07:59:23 29-Oct-2025,Argos,B,43.535340,-60.523820,2553,35998,181,41,,,,,,
260358,260358,UT,09:15:16 29-Oct-2025,Argos,A,43.543760,-60.446700,5952,355286,99,78,,,,,,
260358,260358,UT,09:38:14 29-Oct-2025,Argos,B,43.536070,-60.470720,3845,25940,569,108,,,,,,
260358,260358,UT,11:04:00 29-Oct-2025,Argos,B,43.527960,-60.409430,6575,12316,3510,99,,,,,,
260358,260358,UT,11:16:20 29-Oct-2025,Argos,A,43.686390,-60.329620,5630,28928,1095,46,,,,,,
260358,260358,UT,12:05:23 29-Oct-2025,Argos,B,43.489970,-61.057170,905,16032,51,82,,,,,,
260358,260358,UT,12:55:32 29-Oct-2025,Argos,B,43.489180,-61.050590,15884,35312,7144,83,,,,,,
260358,260358,UT,13:52:35 29-Oct-2025,Argos,B,43.774830,-61.783110,0,0,174137,178,,,,,,
260358,260358,UT,14:35:33 29-Oct-2025,Argos,A,43.556420,-60.529450,10473,38921,2818,83,,,,,,
260358,260358,UT,15:28:24 29-Oct-2025,Argos,B,43.640150,-60.395600,27378,70159,10683,121,,,,,,
260358,260358,UT,15:28:51 29-Oct-2025,Argos,B,43.356350,-60.267980,28356,107960,7448,111,,,,,,
260358,260358,UT,17:10:17 29-Oct-2025,Argos,A,43.450360,-60.420950,5696,26632,1218,123,,,,,,
260358,260358,UT,18:46:02 29-Oct-2025,Argos,B,43.340280,-60.208450,11509,24044,5508,64,,,,,,
260358,260358,UT,19:11:00 29-Oct-2025,Argos,0,43.510020,-60.537410,24443,95341,6266,24,,,,,,
260358,260358,UT,20:54:42 29-Oct-2025,Argos,A,43.502010,-61.021040,46131,0,1693,90,,,,,,
260358,260358,UT,21:30:35 29-Oct-2025,Argos,B,43.534900,-60.502050,7121,27303,1857,95,,,,,,
260358,260358,UT,00:27:19 30-Oct-2025,Argos,A,43.559840,-60.289560,42118,0,1058,81,,,,,,
260358,260358,UT,00:50:51 30-Oct-2025,Argos,B,43.554130,-60.310090,65141,240346,17655,83,,,,,,
260358,260358,UT,01:06:00 30-Oct-2025,Argos,0,43.553870,-60.410870,13504,112032,1627,90,,,,,,
260358,260358,UT,01:06:00 30-Oct-2025,Argos,B,43.553030,-60.453130,12023,97708,1479,90,,,,,,
260358,260358,UT,02:03:12 30-Oct-2025,Argos,B,43.557990,-60.382770,40459,61658,26547,88,,,,,,
260358,260358,UT,02:39:43 30-Oct-2025,Argos,B,43.620530,-60.403180,40554,973511,1689,63,,,,,,
260358,260358,UT,02:49:19 30-Oct-2025,Argos,B,43.638380,-60.558570,41552,306660,5630,35,,,,,,
260358,260358,UT,04:19:27 30-Oct-2025,Argos,B,43.663050,-60.566980,9219,14896,5705,56,,,,,,
260358,260358,UT,08:50:47 30-Oct-2025,Argos,B,43.610030,-60.533030,18086,40330,8110,69,,,,,,
260358,260358,UT,08:55:06 30-Oct-2025,Argos,B,43.586180,-60.418380,842,5436,130,164,,,,,,
260358,260358,UT,10:30:22 30-Oct-2025,Argos,B,43.545640,-60.421760,1357,2075,887,96,,,,,,
260358,260358,UT,10:34:16 30-Oct-2025,Argos,B,43.528160,-60.423280,797,6456,98,40,,,,,,
260358,260358,UT,12:35:59 30-Oct-2025,Argos,B,43.537220,-60.424160,1703,2290,1265,69,,,,,,
260358,260358,UT,13:25:50 30-Oct-2025,Argos,B,43.545970,-60.424490,1639,3123,859,94,,,,,,
260358,260358,UT,15:08:13 30-Oct-2025,Argos,B,43.558630,-60.428200,2149,3585,1287,93,,,,,,
260358,260358,UT,16:28:32 30-Oct-2025,Argos,Z,43.849210,-59.938620,1830,4291,780,113,,,,,,
260358,260358,UT,18:00:19 30-Oct-2025,Argos,B,43.339480,-60.415960,9200,69025,1226,85,,,,,,
260358,260358,UT,18:31:39 30-Oct-2025,Argos,B,43.424530,-60.900190,7849,17779,3465,140,,,,,,
260358,260358,UT,20:14:52 30-Oct-2025,Argos,B,43.408760,-60.973750,10646,14558,7784,119,,,,,,
260358,260358,UT,21:00:31 30-Oct-2025,Argos,B,43.443070,-61.010920,13930,32321,6003,89,,,,,,
260358,260358,UT,22:33:28 30-Oct-2025,Argos,B,43.507820,-61.069110,2482,39504,155,85,,,,,,
260358,260358,UT,23:10:48 30-Oct-2025,Argos,B,43.487520,-60.829630,9941,271544,363,83,,,,,,
260358,260358,UT,00:07:47 31-Oct-2025,Argos,B,43.493000,-60.755010,7688,33956,1740,83,,,,,,
260358,260358,UT,00:51:10 31-Oct-2025,Argos,B,43.499380,-60.708790,11929,50102,2840,83,,,,,,
260358,260358,UT,01:39:56 31-Oct-2025,Argos,B,43.496470,-60.733790,10375,42553,2529,82,,,,,,
260358,260358,UT,01:55:13 31-Oct-2025,Argos,B,43.497750,-60.489730,1408,18208,108,42,,,,,,
260358,260358,UT,02:25:41 31-Oct-2025,Argos,B,43.500860,-60.451460,1555,3921,616,44,,,,,,
260358,260358,UT,03:32:37 31-Oct-2025,Argos,B,43.495300,-60.380620,1736,149140,20,80,,,,,,
260358,260358,UT,05:10:39 31-Oct-2025,Argos,B,43.496280,-60.289110,3323,15501,712,79,,,,,,
260358,260358,UT,08:12:23 31-Oct-2025,Argos,B,43.519360,-60.339870,3766,14950,948,73,,,,,,
260358,260358,UT,08:21:53 31-Oct-2025,Argos,B,43.506610,-60.502080,3130,12585,778,66,,,,,,
260358,260358,UT,09:54:54 31-Oct-2025,Argos,B,43.522960,-60.411870,3323,9875,1118,68,,,,,,
260358,260358,UT,09:54:54 31-Oct-2025,Argos,B,43.538900,-60.439270,4273,30689,595,77,,,,,,
260358,260358,UT,11:28:04 31-Oct-2025,Argos,B,43.549370,-60.353930,4033,17490,930,76,,,,,,
260358,260358,UT,13:03:21 31-Oct-2025,Argos,B,43.404490,-60.519800,10436,81331,1339,101,,,,,,
260358,260358,UT,13:59:29 31-Oct-2025,Argos,B,43.396800,-60.357840,4915,22343,1081,59,,,,,,
260358,260358,UT,14:41:17 31-Oct-2025,Argos,B,43.406380,-60.293010,5726,9312,3521,71,,,,,,
260358,260358,UT,15:41:46 31-Oct-2025,Argos,B,43.402270,-60.224490,2481,4520,1361,96,,,,,,
260358,260358,UT,16:21:21 31-Oct-2025,Argos,B,43.406960,-60.230990,3101,9557,1005,98,,,,,,
260358,260358,UT,17:14:15 31-Oct-2025,Argos,B,43.388260,-60.284290,2520,33995,186,116,,,,,,
260358,260358,UT,19:27:22 31-Oct-2025,Argos,B,43.434880,-60.344080,1632,20326,131,13,,,,,,
260358,260358,UT,20:25:37 31-Oct-2025,Argos,B,43.460710,-60.329480,1395,1804,1077,34,,,,,,
260358,260358,UT,21:08:35 31-Oct-2025,Argos,A,43.615880,-60.201750,1656,8461,324,70,,,,,,
260358,260358,UT,22:07:30 31-Oct-2025,Argos,0,43.568570,-60.294750,11456,85845,1528,92,,,,,,
260358,260358,UT,22:48:28 31-Oct-2025,Argos,B,43.552310,-60.519090,45204,51907,39365,93,,,,,,
260358,260358,UT,23:45:59 31-Oct-2025,Argos,A,43.600500,-60.284410,12242,61217,2448,103,,,,,,
260358,260358,UT,23:47:35 31-Oct-2025,Argos,B,43.363670,-60.226000,36869,70193,19365,52,,,,,,
260358,260358,UT,00:22:18 01-Nov-2025,Argos,0,43.595430,-60.125290,10124,68465,1497,87,,,,,,
260358,260358,UT,01:14:42 01-Nov-2025,Argos,B,43.597840,-60.130600,27812,40226,19228,86,,,,,,
260358,260358,UT,01:28:40 01-Nov-2025,Argos,B,43.598110,-60.142130,24748,33466,18300,86,,,,,,
260358,260358,UT,02:06:50 01-Nov-2025,Argos,B,43.607680,-60.163590,993,11017,89,37,,,,,,
260358,260358,UT,02:50:25 01-Nov-2025,Argos,A,43.699610,-60.259940,1282,6994,235,105,,,,,,
260358,260358,UT,04:28:32 01-Nov-2025,Argos,B,43.771900,-60.067210,5562,13803,2241,165,,,,,,
260358,260358,UT,07:34:02 01-Nov-2025,Argos,B,43.882080,-60.244700,12396,21975,6991,48,,,,,,
260358,260358,UT,07:46:54 01-Nov-2025,Argos,B,43.817480,-60.310510,6012,8320,4343,3,,,,,,
260358,260358,UT,09:09:49 01-Nov-2025,Argos,A,43.768880,-60.057650,7557,59798,955,141,,,,,,
260358,260358,UT,09:26:58 01-Nov-2025,Argos,B,43.798960,-60.062220,10518,16395,6747,120,,,,,,
260358,260358,UT,10:49:35 01-Nov-2025,Argos,B,43.809410,-59.979470,8332,33712,2059,76,,,,,,
260358,260358,UT,11:05:43 01-Nov-2025,Argos,B,43.820920,-59.943170,1202,1678,861,88,,,,,,
260358,260358,UT,11:56:50 01-Nov-2025,Argos,B,43.850100,-59.911910,2135,2762,1650,91,,,,,,
260358,260358,UT,12:41:58 01-Nov-2025,Argos,B,43.855250,-59.916170,1125,9701,130,178,,,,,,
260358,260358,UT,13:34:08 01-Nov-2025,Argos,0,43.919620,-59.943370,2208,45063,108,101,,,,,,
260358,260358,UT,14:22:12 01-Nov-2025,Argos,2,43.922490,-59.900540,404,1311,124,104,,,,,,
260358,260358,UT,16:01:52 01-Nov-2025,Argos,1,43.862050,-59.890070,1095,3247,369,60,,,,,,
260358,260358,UT,16:31:28 01-Nov-2025,Argos,1,43.937010,-59.970750,1099,16681,72,100,,,,,,
260358,260358,UT,00:01:44 02-Nov-2025,Argos,2,43.943280,-59.825480,273,543,137,64,,,,,,
260358,260358,UT,01:01:32 02-Nov-2025,Argos,B,43.947720,-59.802200,3342,5002,2232,82,,,,,,
260358,260358,UT,01:46:46 02-Nov-2025,Argos,3,43.945370,-59.814240,162,216,120,67,,,,,,
260358,260358,UT,03:43:18 02-Nov-2025,Argos,3,43.947900,-59.799900,201,819,49,80,,,,,,
260358,260358,UT,07:50:52 04-Nov-2025,Argos,A,43.953400,-59.817070,1328,4879,361,10,,,,,,
260358,260358,UT,08:45:44 04-Nov-2025,Argos,2,43.936110,-59.846290,303,855,107,144,,,,,,
260358,260358,UT,09:27:31 04-Nov-2025,Argos,A,43.931290,-59.857330,365,2371,56,92,,,,,,
260358,260358,UT,10:24:47 04-Nov-2025,Argos,3,43.928600,-59.864990,180,475,68,75,,,,,,
260358,260358,UT,11:06:52 04-Nov-2025,Argos,1,43.935590,-59.886220,731,878,608,166,,,,,,
260358,260358,UT,11:40:45 04-Nov-2025,Argos,B,43.935190,-59.895050,2023,2477,1651,110,,,,,,
260358,260358,UT,12:36:23 04-Nov-2025,Argos,B,43.932400,-59.907430,2945,4379,1980,90,,,,,,
260358,260358,UT,13:19:51 04-Nov-2025,Argos,2,43.927000,-59.936470,317,798,126,84,,,,,,
260358,260358,UT,14:12:39 04-Nov-2025,Argos,1,43.928950,-59.941920,641,3496,117,64,,,,,,
260358,260358,UT,14:57:24 04-Nov-2025,Argos,1,43.935310,-59.923070,664,3627,121,71,,,,,,
260358,260358,UT,15:53:01 04-Nov-2025,Argos,A,43.927910,-59.951250,477,2026,112,39,,,,,,
260358,260358,UT,17:30:30 04-Nov-2025,Argos,1,43.928860,-59.928600,796,4771,132,73,,,,,,
260358,260358,UT,18:21:35 04-Nov-2025,Argos,B,43.929340,-59.950750,1805,2453,1327,36,,,,,,
260358,260358,UT,19:59:50 04-Nov-2025,Argos,B,43.922340,-59.966610,1603,19855,129,71,,,,,,
260358,260358,UT,21:38:37 04-Nov-2025,Argos,1,43.930070,-59.919770,551,1862,163,115,,,,,,
260358,260358,UT,21:40:07 04-Nov-2025,Argos,3,43.929400,-59.918800,93,249,34,99,,,,,,
260358,260358,UT,00:01:45 05-Nov-2025,Argos,A,43.925310,-59.911540,392,4669,32,77,,,,,,
260358,260358,UT,00:40:05 05-Nov-2025,Argos,3,43.928050,-59.903560,136,904,20,76,,,,,,
260358,260358,UT,01:39:53 05-Nov-2025,Argos,B,43.929050,-59.899280,1030,1528,694,85,,,,,,
260358,260358,UT,02:24:21 05-Nov-2025,Argos,2,43.927600,-59.913760,356,480,263,17,,,,,,
260358,260358,UT,03:04:50 05-Nov-2025,Argos,3,43.928020,-59.905300,199,414,95,91,,,,,,
260358,260358,UT,04:45:28 05-Nov-2025,Argos,2,43.920670,-59.890050,318,539,187,119,,,,,,
260358,260358,UT,07:23:56 05-Nov-2025,Argos,B,43.915210,-59.868500,3569,4698,2711,84,,,,,,
260358,260358,UT,08:05:06 05-Nov-2025,Argos,2,43.962100,-59.765770,422,522,341,38,,,,,,
260358,260358,UT,08:53:05 05-Nov-2025,Argos,2,43.975690,-59.757520,287,1115,74,76,,,,,,
260358,260358,UT,09:44:48 05-Nov-2025,Argos,0,43.977390,-59.725010,1611,11192,231,102,,,,,,
260358,260358,UT,10:35:00 05-Nov-2025,Argos,2,43.981790,-59.753720,256,318,206,95,,,,,,
260358,260358,UT,10:42:34 06-Nov-2025,Argos,2,43.971980,-59.754870,361,507,256,77,,,,,,
260358,260358,UT,12:44:38 06-Nov-2025,Argos,B,43.963630,-59.764810,5360,7569,3796,95,,,,,,
260358,260358,UT,13:31:01 06-Nov-2025,Argos,0,43.925360,-59.752210,1956,63333,60,102,,,,,,
260358,260358,UT,14:17:50 06-Nov-2025,Argos,1,43.939230,-59.838960,1022,4808,217,106,,,,,,
260358,260358,UT,15:59:09 06-Nov-2025,Argos,A,43.937160,-59.853330,977,7139,133,113,,,,,,
260358,260358,UT,16:01:34 06-Nov-2025,Argos,B,43.937160,-59.853290,319,699,145,109,,,,,,
260358,260358,UT,17:42:55 06-Nov-2025,Argos,B,43.913190,-59.896860,1069,3833,298,95,,,,,,
260358,260358,UT,18:37:58 06-Nov-2025,Argos,0,43.918900,-59.858990,2268,7185,715,17,,,,,,
260358,260358,UT,20:16:57 06-Nov-2025,Argos,B,43.877620,-59.789180,2754,16972,447,37,,,,,,
260358,260358,UT,20:34:53 06-Nov-2025,Argos,B,43.872560,-59.788800,2486,5339,1157,43,,,,,,
260358,260358,UT,22:22:45 06-Nov-2025,Argos,B,43.851240,-59.779270,1797,2452,1316,66,,,,,,
260358,260358,UT,23:16:30 06-Nov-2025,Argos,B,43.818580,-59.791250,2075,2754,1562,97,,,,,,
260358,260358,UT,23:53:10 06-Nov-2025,Argos,B,43.792370,-59.823870,1965,3597,1072,115,,,,,,
260358,260358,UT,00:05:16 07-Nov-2025,Argos,B,43.764540,-59.814970,1587,3700,680,96,,,,,,
260358,260358,UT,00:57:07 07-Nov-2025,Argos,B,43.734570,-59.820160,1866,3653,953,94,,,,,,
260358,260358,UT,01:32:48 07-Nov-2025,Argos,B,43.785000,-60.047660,12689,27881,5774,48,,,,,,
260358,260358,UT,01:41:35 07-Nov-2025,Argos,0,43.757290,-59.880510,11229,35615,3540,179,,,,,,
260358,260358,UT,03:11:51 07-Nov-2025,Argos,B,43.698490,-59.883500,22946,160323,3284,32,,,,,,
260358,260358,UT,04:50:11 07-Nov-2025,Argos,A,43.793720,-59.890600,1571,7546,327,168,,,,,,
260358,260358,UT,07:50:34 07-Nov-2025,Argos,B,43.822650,-60.076220,7663,10299,5702,94,,,,,,
260358,260358,UT,08:23:40 07-Nov-2025,Argos,B,43.765680,-60.192910,22300,134221,3705,103,,,,,,
260358,260358,UT,10:02:30 07-Nov-2025,Argos,B,43.714980,-60.352240,13142,46658,3701,95,,,,,,
260358,260358,UT,11:17:51 07-Nov-2025,Argos,B,43.687640,-60.415100,33479,265306,4224,94,,,,,,
260358,260358,UT,11:38:31 07-Nov-2025,Argos,B,43.674850,-60.129620,16728,69677,4016,103,,,,,,
260358,260358,UT,13:11:39 07-Nov-2025,Argos,B,43.622220,-60.250670,2744,6129,1228,104,,,,,,
260358,260358,UT,14:02:29 07-Nov-2025,Argos,B,43.654010,-60.004260,3211,34046,302,101,,,,,,
260358,260358,UT,15:15:22 07-Nov-2025,Argos,B,43.638470,-60.063290,4658,12205,1777,95,,,,,,
260358,260358,UT,15:40:08 07-Nov-2025,Argos,B,43.630490,-60.077150,5086,12006,2154,100,,,,,,
260358,260358,UT,16:51:28 07-Nov-2025,Argos,A,43.461300,-60.513570,24323,119952,4931,80,,,,,,
260358,260358,UT,18:01:07 07-Nov-2025,Argos,B,43.458560,-60.504970,65072,97732,43326,83,,,,,,
260358,260358,UT,18:30:15 07-Nov-2025,Argos,B,43.478510,-60.492870,52023,80616,33571,89,,,,,,
260358,260358,UT,19:37:02 07-Nov-2025,Argos,A,43.443540,-60.229320,1409,5390,368,166,,,,,,
260358,260358,UT,21:15:03 07-Nov-2025,Argos,A,43.459640,-60.299450,1145,5709,229,134,,,,,,
260358,260358,UT,21:47:31 07-Nov-2025,Argos,A,43.597290,-60.316490,6107,53208,700,57,,,,,,
260358,260358,UT,23:02:00 07-Nov-2025,Argos,B,43.686230,-60.296620,27809,40750,18977,74,,,,,,
260358,260358,UT,23:18:30 07-Nov-2025,Argos,B,43.704000,-60.292170,21318,31522,14416,76,,,,,,
260358,260358,UT,23:41:08 07-Nov-2025,Argos,A,43.637270,-60.654160,4156,25538,676,123,,,,,,
260358,260358,UT,01:18:57 08-Nov-2025,Argos,B,43.543500,-60.651630,7159,254072,201,93,,,,,,
260358,260358,UT,02:16:14 08-Nov-2025,Argos,B,43.573310,-60.635510,8605,20700,3577,93,,,,,,
260358,260358,UT,02:26:02 08-Nov-2025,Argos,A,43.655950,-60.619630,1672,8476,329,162,,,,,,
260358,260358,UT,03:07:27 08-Nov-2025,Argos,B,43.678390,-60.615010,3484,4301,2821,106,,,,,,
260358,260358,UT,04:05:26 08-Nov-2025,Argos,B,43.516300,-60.484260,18889,103916,3433,124,,,,,,
260358,260358,UT,07:42:21 08-Nov-2025,Argos,B,43.449470,-60.321430,35054,59612,20612,93,,,,,,
260358,260358,UT,09:21:13 08-Nov-2025,Argos,B,43.560870,-60.601370,2491,15604,397,51,,,,,,
260358,260358,UT,12:58:41 08-Nov-2025,Argos,B,43.569690,-60.625140,3644,4949,2682,73,,,,,,
260358,260358,UT,13:44:08 08-Nov-2025,Argos,B,43.569400,-60.632620,3894,5263,2881,77,,,,,,
260358,260358,UT,15:15:48 08-Nov-2025,Argos,B,43.569190,-60.647740,3080,4026,2355,80,,,,,,
260358,260358,UT,16:08:51 08-Nov-2025,Argos,B,43.533120,-60.650810,2201,7229,670,86,,,,,,
260358,260358,UT,17:47:58 08-Nov-2025,Argos,B,43.514420,-60.664720,2600,6339,1066,86,,,,,,
260358,260358,UT,18:59:37 08-Nov-2025,Argos,B,43.497720,-60.665540,2817,7810,1015,81,,,,,,
260358,260358,UT,20:27:15 08-Nov-2025,Argos,B,43.525000,-60.559620,1820,3413,970,128,,,,,,
260358,260358,UT,21:11:10 08-Nov-2025,Argos,B,43.506710,-60.600390,2488,53331,116,129,,,,,,
260358,260358,UT,22:13:20 08-Nov-2025,Argos,B,43.511400,-60.622510,1127,6725,188,16,,,,,,
260358,260358,UT,22:52:42 08-Nov-2025,Argos,B,43.511790,-60.625930,846,1224,584,94,,,,,,
260358,260358,UT,23:18:48 08-Nov-2025,Argos,B,43.504620,-60.572770,648,3884,108,32,,,,,,
260358,260358,UT,00:12:22 09-Nov-2025,Argos,0,43.498060,-60.694160,4883,59400,401,77,,,,,,
260358,260358,UT,01:00:06 09-Nov-2025,Argos,B,43.492900,-60.729760,14997,21697,10365,87,,,,,,
260358,260358,UT,01:41:59 09-Nov-2025,Argos,B,43.399130,-60.737590,25733,42918,15429,175,,,,,,
260358,260358,UT,02:44:14 09-Nov-2025,Argos,B,43.369290,-60.809390,27368,29401,25474,107,,,,,,
260358,260358,UT,03:23:29 09-Nov-2025,Argos,B,43.447420,-60.891520,11646,466578,290,73,,,,,,
260358,260358,UT,08:41:13 09-Nov-2025,Argos,B,43.609140,-61.207440,11776,19832,6991,101,,,,,,
260358,260358,UT,17:01:21 09-Nov-2025,Argos,B,43.635200,-61.191750,15472,53880,4443,106,,,,,,
260358,260358,UT,22:20:36 09-Nov-2025,Argos,B,43.406460,-60.621160,13667,62083,3008,103,,,,,,
260358,260358,UT,23:00:10 09-Nov-2025,Argos,B,43.487750,-60.871550,47705,636165,3577,96,,,,,,
260358,260358,UT,02:34:08 10-Nov-2025,Argos,B,43.529650,-60.955760,36425,240689,5512,91,,,,,,
260358,260358,UT,07:58:00 10-Nov-2025,Argos,B,43.605920,-61.298620,37973,222318,6486,89,,,,,,
260358,260358,UT,07:58:00 10-Nov-2025,Argos,B,43.498210,-60.917190,48500,530206,4436,92,,,,,,
260358,260358,UT,09:38:33 10-Nov-2025,Argos,B,43.488980,-60.904760,7447,70195,790,92,,,,,,
260358,260358,UT,09:41:52 10-Nov-2025,Argos,B,43.482620,-60.865810,2720,321590,23,77,,,,,,
260358,260358,UT,11:12:51 10-Nov-2025,Argos,B,43.488650,-60.840520,1916,4868,753,83,,,,,,
260358,260358,UT,11:19:55 10-Nov-2025,Argos,B,43.509400,-60.984420,2738,10574,709,80,,,,,,
260358,260358,UT,12:56:11 10-Nov-2025,Argos,0,43.480560,-60.885900,11691,55725,2452,46,,,,,,
260358,260358,UT,13:56:45 10-Nov-2025,Argos,B,43.489330,-60.926530,32582,46247,22954,84,,,,,,
260358,260358,UT,15:32:55 10-Nov-2025,Argos,B,43.502980,-60.938990,50691,95749,26836,105,,,,,,
260358,260358,UT,16:18:58 10-Nov-2025,Argos,B,43.503310,-60.939220,65429,175204,24434,105,,,,,,
260358,260358,UT,16:19:45 10-Nov-2025,Argos,B,43.488920,-60.893570,2942,7463,1159,105,,,,,,
260358,260358,UT,17:52:03 10-Nov-2025,Argos,B,43.396980,-60.918570,6521,65907,645,105,,,,,,
260358,260358,UT,19:10:51 10-Nov-2025,Argos,A,43.585860,-60.942110,1818,7074,467,136,,,,,,
260358,260358,UT,20:50:02 10-Nov-2025,Argos,0,43.493030,-60.829460,3385,29256,391,85,,,,,,
260358,260358,UT,21:45:56 10-Nov-2025,Argos,A,43.426020,-60.740660,6856,103773,452,114,,,,,,
260358,260358,UT,22:27:12 10-Nov-2025,Argos,B,43.429720,-60.734590,14306,23660,8649,100,,,,,,
260358,260358,UT,22:40:16 10-Nov-2025,Argos,B,43.495740,-60.950110,13990,17248,11347,75,,,,,,
260358,260358,UT,23:22:58 10-Nov-2025,Argos,B,43.487750,-60.934040,27672,35928,21313,87,,,,,,
260358,260358,UT,23:43:21 10-Nov-2025,Argos,B,43.489660,-60.937750,33259,47625,23226,99,,,,,,
260358,260358,UT,00:16:34 11-Nov-2025,Argos,A,43.453080,-60.974990,481,2839,81,63,,,,,,
260358,260358,UT,01:17:42 11-Nov-2025,Argos,B,43.443540,-60.988670,1307,23237,73,70,,,,,,
260358,260358,UT,01:51:20 11-Nov-2025,Argos,B,43.431570,-60.985260,1483,3102,708,72,,,,,,
260358,260358,UT,01:58:10 11-Nov-2025,Argos,0,43.455540,-60.915830,7023,34838,1415,127,,,,,,
260358,260358,UT,03:25:14 11-Nov-2025,Argos,B,43.438060,-60.877210,26299,36968,18709,92,,,,,,
260358,260358,UT,05:07:15 11-Nov-2025,Argos,B,43.455100,-60.951510,19027,202702,1785,12,,,,,,
260358,260358,UT,08:58:17 11-Nov-2025,Argos,B,43.469380,-60.910020,1945,87332,43,96,,,,,,
260358,260358,UT,09:00:58 11-Nov-2025,Argos,B,43.469980,-60.916440,1721,24429,121,96,,,,,,
260358,260358,UT,12:41:08 11-Nov-2025,Argos,B,43.461330,-60.879340,2476,5307,1154,100,,,,,,
260358,260358,UT,13:32:26 11-Nov-2025,Argos,B,43.482190,-60.917970,2323,128162,42,95,,,,,,
260358,260358,UT,14:17:21 11-Nov-2025,Argos,B,43.480630,-60.859920,2586,16375,408,98,,,,,,
260358,260358,UT,15:14:29 11-Nov-2025,Argos,B,43.425040,-60.628940,3141,8322,1185,82,,,,,,
260358,260358,UT,15:32:19 11-Nov-2025,Argos,B,43.446670,-60.868820,2267,30431,168,45,,,,,,
260358,260358,UT,15:59:21 11-Nov-2025,Argos,B,43.445580,-60.869700,1425,3100,655,50,,,,,,
260358,260358,UT,17:08:52 11-Nov-2025,Argos,B,43.493020,-60.585590,10231,14584,7177,105,,,,,,
260358,260358,UT,18:30:05 11-Nov-2025,Argos,B,43.424640,-60.464370,40161,185229,8707,102,,,,,,
260358,260358,UT,22:57:23 11-Nov-2025,Argos,0,43.461780,-60.899860,9776,28375,3368,159,,,,,,
260358,260358,UT,23:57:10 11-Nov-2025,Argos,B,43.438060,-60.864960,28945,38963,21503,93,,,,,,
260358,260358,UT,00:34:21 12-Nov-2025,Argos,B,43.429130,-60.836800,28044,40944,19208,102,,,,,,
260358,260358,UT,00:51:48 12-Nov-2025,Argos,A,43.479720,-60.875970,200,1571,25,86,,,,,,
260358,260358,UT,01:38:00 12-Nov-2025,Argos,B,43.464260,-60.847080,952,1361,665,86,,,,,,
260358,260358,UT,02:40:53 12-Nov-2025,Argos,A,43.436250,-60.968440,813,4383,150,62,,,,,,
260358,260358,UT,04:19:41 12-Nov-2025,Argos,B,43.403140,-60.984330,5031,8078,3133,78,,,,,,
260358,260358,UT,08:14:19 12-Nov-2025,Argos,B,43.353660,-60.951030,3509,49027,251,22,,,,,,
260358,260358,UT,08:34:13 12-Nov-2025,Argos,B,43.478030,-60.904460,1170,2303,594,28,,,,,,
260358,260358,UT,09:52:01 12-Nov-2025,Argos,B,43.479510,-60.937000,1177,6547,211,48,,,,,,
260358,260358,UT,11:27:46 12-Nov-2025,Argos,B,43.467430,-60.928210,1823,3052,1088,67,,,,,,
260358,260358,UT,12:16:28 12-Nov-2025,Argos,B,43.430840,-60.908280,1965,3400,1135,87,,,,,,
260358,260358,UT,13:56:09 12-Nov-2025,Argos,B,43.486890,-61.183680,6607,99015,440,101,,,,,,
260358,260358,UT,14:46:28 12-Nov-2025,Argos,B,43.477530,-61.233460,4540,7641,2696,66,,,,,,
260358,260358,UT,14:53:45 12-Nov-2025,Argos,B,43.449030,-60.683230,5448,86919,341,102,,,,,,
260358,260358,UT,15:36:43 12-Nov-2025,Argos,B,43.435930,-60.648830,1560,2210,1100,44,,,,,,
260358,260358,UT,16:25:06 12-Nov-2025,Argos,A,43.450460,-60.870270,2229,20582,241,86,,,,,,
260358,260358,UT,18:04:43 12-Nov-2025,Argos,B,43.457580,-60.990690,13758,21498,8804,89,,,,,,
260358,260358,UT,19:27:18 12-Nov-2025,Argos,0,43.443030,-60.855620,19828,81522,4822,160,,,,,,
260358,260358,UT,20:46:28 12-Nov-2025,Argos,B,43.446940,-60.893600,28610,213457,3834,37,,,,,,
260358,260358,UT,21:07:05 12-Nov-2025,Argos,A,43.444270,-60.847000,702,2105,234,159,,,,,,
260358,260358,UT,22:27:24 12-Nov-2025,Argos,B,43.518500,-60.857790,2431,96374,61,99,,,,,,
260358,260358,UT,22:56:07 12-Nov-2025,Argos,B,43.516380,-60.856980,1535,22587,104,99,,,,,,
260358,260358,UT,23:38:08 12-Nov-2025,Argos,A,43.593590,-60.882600,1380,7305,260,123,,,,,,
260358,260358,UT,00:02:39 13-Nov-2025,Argos,B,43.520520,-60.814380,2022,13203,309,69,,,,,,
260358,260358,UT,00:33:37 13-Nov-2025,Argos,0,43.521850,-60.826180,7604,73367,788,87,,,,,,
260358,260358,UT,01:15:17 13-Nov-2025,Argos,A,43.514870,-60.828340,2369,19581,286,86,,,,,,
260358,260358,UT,03:38:23 13-Nov-2025,Argos,0,43.370140,-60.648480,14102,70200,2832,83,,,,,,
260358,260358,UT,07:32:45 13-Nov-2025,Argos,B,43.385400,-60.601360,27823,50941,15196,89,,,,,,
260358,260358,UT,14:28:17 13-Nov-2025,Argos,B,43.371890,-60.578040,36737,48095,28060,85,,,,,,
260358,260358,UT,15:16:30 13-Nov-2025,Argos,B,43.461800,-60.516320,1521,6017,384,2,,,,,,
260358,260358,UT,15:37:37 13-Nov-2025,Argos,B,43.484120,-60.504660,1614,3444,755,3,,,,,,
260358,260358,UT,18:43:50 13-Nov-2025,Argos,B,43.589980,-60.387810,1947,3247,1167,89,,,,,,
260358,260358,UT,22:06:28 13-Nov-2025,Argos,B,43.565280,-60.422010,2586,4044,1653,97,,,,,,
260358,260358,UT,23:27:59 13-Nov-2025,Argos,B,43.457070,-60.562220,10860,16433,7176,113,,,,,,
260358,260358,UT,00:12:59 14-Nov-2025,Argos,A,43.622510,-60.951280,2197,11855,407,93,,,,,,
260358,260358,UT,01:05:04 14-Nov-2025,Argos,B,43.575500,-60.921050,11909,20217,7015,87,,,,,,
260358,260358,UT,01:51:19 14-Nov-2025,Argos,B,43.565960,-60.920070,13042,19934,8532,86,,,,,,
260358,260358,UT,02:40:10 14-Nov-2025,Argos,B,43.564480,-60.903090,14461,27684,7553,151,,,,,,
260358,260358,UT,02:54:06 14-Nov-2025,Argos,B,43.563710,-60.904090,1393,2386,813,144,,,,,,
260358,260358,UT,09:14:12 14-Nov-2025,Argos,B,43.764730,-60.894680,9287,636551,135,85,,,,,,
260358,260358,UT,11:45:53 14-Nov-2025,Argos,B,43.731510,-60.974220,15430,36003,6613,91,,,,,,
260358,260358,UT,13:13:35 14-Nov-2025,Argos,B,43.769590,-61.194010,15379,27289,8666,78,,,,,,
260358,260358,UT,14:54:27 14-Nov-2025,Argos,B,43.729920,-61.397410,2211,51178,95,143,,,,,,
260358,260358,UT,14:54:27 14-Nov-2025,Argos,B,43.769750,-61.293270,12153,18011,8200,83,,,,,,
260358,260358,UT,16:31:29 14-Nov-2025,Argos,A,43.770650,-61.547870,505,2733,93,79,,,,,,
260358,260358,UT,18:09:42 14-Nov-2025,Argos,B,43.752070,-61.473830,4275,8251,2214,35,,,,,,
260358,260358,UT,19:44:56 14-Nov-2025,Argos,B,43.804150,-61.485730,6262,91165,430,120,,,,,,
260358,260358,UT,21:19:56 14-Nov-2025,Argos,B,43.856120,-61.552350,6336,11194,3586,96,,,,,,
260358,260358,UT,21:23:11 14-Nov-2025,Argos,B,43.873750,-61.563880,747,5584,100,12,,,,,,
260358,260358,UT,23:02:20 14-Nov-2025,Argos,B,43.854130,-61.614310,2788,6151,1263,90,,,,,,
260358,260358,UT,23:04:49 14-Nov-2025,Argos,A,43.898590,-61.473530,1308,15865,107,95,,,,,,
260358,260358,UT,00:37:44 15-Nov-2025,Argos,B,43.913250,-61.518830,4823,8438,2756,91,,,,,,
260358,260358,UT,00:37:44 15-Nov-2025,Argos,B,43.914520,-61.516930,4920,7316,3308,97,,,,,,
260358,260358,UT,01:38:52 15-Nov-2025,Argos,B,43.918520,-61.524690,4712,11776,1885,114,,,,,,
260358,260358,UT,02:02:52 15-Nov-2025,Argos,B,43.913580,-61.510610,1067,12891,88,45,,,,,,
260358,260358,UT,02:16:44 15-Nov-2025,Argos,B,43.915360,-61.516120,558,2648,117,177,,,,,,
260358,260358,UT,03:48:29 15-Nov-2025,Argos,B,43.928560,-61.557910,1450,1699,1236,94,,,,,,
260358,260358,UT,07:03:40 15-Nov-2025,Argos,B,43.916550,-61.526150,2478,3536,1735,92,,,,,,
260358,260358,UT,08:38:09 15-Nov-2025,Argos,B,43.898910,-61.485250,2362,69984,79,41,,,,,,
260358,260358,UT,09:23:21 15-Nov-2025,Argos,B,43.912120,-61.478160,2611,6636,1027,44,,,,,,
260358,260358,UT,10:18:57 15-Nov-2025,Argos,B,43.955970,-61.458970,2407,5182,1117,69,,,,,,
260358,260358,UT,11:07:05 15-Nov-2025,Argos,B,43.984710,-61.473350,910,6896,120,175,,,,,,
260358,260358,UT,12:49:51 15-Nov-2025,Argos,B,44.020740,-61.496160,1336,14479,123,168,,,,,,
260358,260358,UT,13:53:39 15-Nov-2025,Argos,B,44.042720,-61.500400,2108,3938,1128,163,,,,,,
260358,260358,UT,20:43:34 15-Nov-2025,Argos,B,43.970160,-61.442890,3138,113957,86,66,,,,,,
260358,260358,UT,20:47:56 15-Nov-2025,Argos,B,43.883140,-61.645640,1969,6099,635,69,,,,,,
260358,260358,UT,01:12:21 16-Nov-2025,Argos,B,43.935080,-61.616530,5088,7999,3236,73,,,,,,
260358,260358,UT,02:57:40 16-Nov-2025,Argos,B,43.871460,-61.641660,6330,12799,3130,77,,,,,,
260358,260358,UT,08:40:15 16-Nov-2025,Argos,B,43.844300,-61.601430,6208,11946,3226,76,,,,,,
260358,260358,UT,09:47:57 16-Nov-2025,Argos,B,43.848320,-61.598410,2788,13394,580,82,,,,,,
260358,260358,UT,10:26:57 16-Nov-2025,Argos,B,43.889080,-61.388340,4956,84975,289,131,,,,,,
260358,260358,UT,11:28:44 16-Nov-2025,Argos,B,43.855670,-61.597890,3077,9597,986,82,,,,,,
260358,260358,UT,12:04:07 16-Nov-2025,Argos,B,43.883450,-61.531030,14329,43262,4746,95,,,,,,
260358,260358,UT,12:29:07 16-Nov-2025,Argos,1,43.882330,-61.378500,642,4388,93,126,,,,,,
260358,260358,UT,13:29:55 16-Nov-2025,Argos,A,43.914050,-61.309980,7076,246038,203,94,,,,,,
260358,260358,UT,14:11:04 16-Nov-2025,Argos,A,43.967950,-61.396610,10562,27184,4103,108,,,,,,
260358,260358,UT,15:01:15 16-Nov-2025,Argos,B,44.011440,-61.451630,9303,14835,5833,54,,,,,,
260358,260358,UT,15:09:17 16-Nov-2025,Argos,B,44.002010,-61.410270,19120,32682,11185,105,,,,,,
260358,260358,UT,15:55:26 16-Nov-2025,Argos,B,44.024210,-61.411280,16465,26008,10424,99,,,,,,
260358,260358,UT,16:42:06 16-Nov-2025,Argos,B,44.026830,-61.412860,4251,5093,3547,122,,,,,,
260358,260358,UT,18:19:24 16-Nov-2025,Argos,B,43.989570,-61.408670,2255,3338,1522,96,,,,,,
260358,260358,UT,18:19:24 16-Nov-2025,Argos,B,43.935780,-61.397900,1977,4043,966,92,,,,,,
260358,260358,UT,19:58:58 16-Nov-2025,Argos,B,43.957510,-61.396710,1322,14755,118,20,,,,,,
260358,260358,UT,20:17:48 16-Nov-2025,Argos,B,43.936820,-61.447490,19667,45798,8445,23,,,,,,
260358,260358,UT,23:39:27 16-Nov-2025,Argos,B,43.956590,-61.445900,24805,32172,19124,69,,,,,,
260358,260358,UT,23:54:02 16-Nov-2025,Argos,B,43.890450,-61.445850,31811,50645,19981,90,,,,,,
260358,260358,UT,00:52:59 17-Nov-2025,Argos,B,43.873160,-61.418400,21690,39375,11948,70,,,,,,
260358,260358,UT,01:33:43 17-Nov-2025,Argos,A,43.876360,-61.390860,200,658,60,57,,,,,,
260358,260358,UT,03:54:34 17-Nov-2025,Argos,A,43.913500,-61.360820,1080,62014,18,77,,,,,,
260358,260358,UT,07:34:03 17-Nov-2025,Argos,B,43.937250,-61.305160,2308,4714,1130,82,,,,,,
260358,260358,UT,07:59:28 17-Nov-2025,Argos,B,43.959890,-61.356390,3241,11327,927,74,,,,,,
260358,260358,UT,09:12:12 17-Nov-2025,Argos,B,43.960570,-61.411000,1327,6121,287,140,,,,,,
260358,260358,UT,09:42:47 17-Nov-2025,Argos,B,43.989020,-61.425260,1200,2512,573,123,,,,,,
260358,260358,UT,10:51:29 17-Nov-2025,Argos,B,44.010630,-61.403480,992,8274,119,163,,,,,,
260358,260358,UT,11:22:58 17-Nov-2025,Argos,B,44.028480,-61.405610,1071,1461,785,145,,,,,,
260358,260358,UT,12:14:44 17-Nov-2025,Argos,B,44.211370,-61.565610,7496,16214,3465,52,,,,,,
260358,260358,UT,13:04:32 17-Nov-2025,Argos,A,44.399590,-61.280410,37142,66813,20646,51,,,,,,
260358,260358,UT,13:56:59 17-Nov-2025,Argos,B,44.395360,-61.286430,114174,156429,83332,86,,,,,,
260358,260358,UT,14:52:42 17-Nov-2025,Argos,B,41.910360,-46.541330,111720,148812,83872,90,,,,,,
260358,260358,UT,15:28:23 17-Nov-2025,Argos,B,44.325710,-61.201020,2732,31154,239,46,,,,,,
260358,260358,UT,17:36:08 17-Nov-2025,Argos,B,44.272110,-61.131620,4473,7103,2816,60,,,,,,
260358,260358,UT,19:21:41 17-Nov-2025,Argos,B,44.247090,-61.098270,5373,8078,3573,63,,,,,,
260358,260358,UT,20:59:11 17-Nov-2025,Argos,A,44.024400,-61.358290,224,1521,32,68,,,,,,
260358,260358,UT,21:30:44 17-Nov-2025,Argos,0,43.963110,-61.449600,12355,57028,2676,32,,,,,,
260358,260358,UT,22:54:03 17-Nov-2025,Argos,B,43.867700,-61.549760,32320,47254,22105,79,,,,,,
260358,260358,UT,23:05:09 17-Nov-2025,Argos,A,43.910930,-61.429840,334,1373,81,144,,,,,,
260358,260358,UT,23:34:31 17-Nov-2025,Argos,0,43.940950,-61.456220,2602,11366,595,131,,,,,,
260358,260358,UT,00:31:48 18-Nov-2025,Argos,B,43.904610,-61.536700,3831,38290,383,79,,,,,,
260358,260358,UT,00:46:05 18-Nov-2025,Argos,B,43.912920,-61.495550,13305,142429,1242,79,,,,,,
260358,260358,UT,01:11:02 18-Nov-2025,Argos,A,43.954080,-61.381880,3042,9988,926,125,,,,,,
260358,260358,UT,01:29:04 18-Nov-2025,Argos,B,43.938250,-61.400680,3992,15318,1040,108,,,,,,
260358,260358,UT,03:01:49 18-Nov-2025,Argos,B,43.842380,-61.498140,4433,6861,2864,104,,,,,,
260358,260358,UT,03:04:44 18-Nov-2025,Argos,B,43.862350,-61.468250,3050,92820,100,16,,,,,,
260358,260358,UT,04:47:47 18-Nov-2025,Argos,B,43.870040,-61.463320,1112,3587,344,96,,,,,,
260358,260358,UT,08:43:53 18-Nov-2025,Argos,B,43.878100,-61.471600,1391,19398,99,161,,,,,,
260358,260358,UT,09:03:32 18-Nov-2025,Argos,B,43.895940,-61.476210,716,3569,143,31,,,,,,
260358,260358,UT,10:29:20 18-Nov-2025,Argos,B,43.882440,-61.477650,2059,3058,1386,14,,,,,,
260358,260358,UT,10:39:03 18-Nov-2025,Argos,B,43.933340,-61.444880,1367,41589,44,83,,,,,,
260358,260358,UT,14:28:47 18-Nov-2025,Argos,B,43.948160,-61.464610,1069,5288,216,45,,,,,,
260358,260358,UT,15:08:16 18-Nov-2025,Argos,B,43.916500,-61.500810,1704,4255,681,52,,,,,,
260358,260358,UT,15:08:16 18-Nov-2025,Argos,B,43.886210,-61.533880,2330,7836,692,45,,,,,,
260358,260358,UT,16:42:32 18-Nov-2025,Argos,B,43.888260,-61.536120,2524,5145,1238,54,,,,,,
260358,260358,UT,20:15:42 18-Nov-2025,Argos,B,43.941480,-61.514110,1722,44123,67,65,,,,,,
260358,260358,UT,20:52:56 18-Nov-2025,Argos,B,43.922840,-61.550270,1577,5127,485,72,,,,,,
260358,260358,UT,21:55:41 18-Nov-2025,Argos,B,43.925520,-61.487120,1119,8595,145,5,,,,,,
260358,260358,UT,22:36:20 18-Nov-2025,Argos,B,43.913170,-61.488400,1102,4589,264,89,,,,,,
260358,260358,UT,23:17:01 18-Nov-2025,Argos,B,43.907510,-61.491060,1301,2337,724,86,,,,,,
260358,260358,UT,00:08:42 19-Nov-2025,Argos,1,43.927870,-61.471830,1014,9380,109,72,,,,,,
260358,260358,UT,00:10:14 19-Nov-2025,Argos,A,43.917130,-61.509590,1815,9811,335,71,,,,,,
260358,260358,UT,00:52:34 19-Nov-2025,Argos,A,43.917550,-61.512080,1964,31378,122,73,,,,,,
260358,260358,UT,01:56:48 19-Nov-2025,Argos,B,43.922400,-61.492100,2511,4365,1444,83,,,,,,
260358,260358,UT,02:19:02 19-Nov-2025,Argos,B,43.923430,-61.494290,2074,3874,1110,79,,,,,,
260358,260358,UT,02:38:22 19-Nov-2025,Argos,B,43.922460,-61.499050,1825,3218,1035,80,,,,,,
260358,260358,UT,03:58:25 19-Nov-2025,Argos,B,43.923150,-61.474540,1718,4431,665,77,,,,,,
260358,260358,UT,08:10:05 19-Nov-2025,Argos,B,43.935900,-61.417620,2837,5174,1555,82,,,,,,
260358,260358,UT,13:08:53 19-Nov-2025,Argos,B,44.043020,-61.434540,3930,12617,1224,79,,,,,,
260358,260358,UT,14:04:36 19-Nov-2025,Argos,B,44.033670,-61.506430,3416,8516,1370,68,,,,,,
260358,260358,UT,14:51:45 19-Nov-2025,Argos,B,44.049700,-61.491700,2250,5410,935,96,,,,,,
260358,260358,UT,17:37:10 19-Nov-2025,Argos,B,43.972320,-61.599050,5095,55217,470,108,,,,,,
260358,260358,UT,20:19:00 19-Nov-2025,Argos,B,43.918370,-61.502200,4887,9598,2488,94,,,,,,
260358,260358,UT,22:00:42 19-Nov-2025,Argos,B,43.910880,-61.473790,2737,55721,134,146,,,,,,
260358,260358,UT,22:56:02 19-Nov-2025,Argos,B,43.928620,-61.481770,1410,2096,947,134,,,,,,
260358,260358,UT,23:38:35 19-Nov-2025,Argos,B,43.921060,-61.474020,930,8281,104,18,,,,,,
260358,260358,UT,23:52:57 19-Nov-2025,Argos,B,43.892200,-61.487840,467,2353,92,134,,,,,,
260358,260358,UT,00:36:55 20-Nov-2025,Argos,B,43.889010,-61.483710,754,9763,58,110,,,,,,
260358,260358,UT,13:44:40 20-Nov-2025,Argos,0,43.802650,-61.526670,5288,20151,1387,122,,,,,,
260358,260358,UT,14:28:36 20-Nov-2025,Argos,0,43.939910,-61.582830,3429,7580,1551,45,,,,,,
260358,260358,UT,15:16:36 20-Nov-2025,Argos,B,43.981520,-61.600930,9841,14241,6800,89,,,,,,
260358,260358,UT,23:09:22 20-Nov-2025,Argos,B,43.908640,-61.557030,7385,30035,1815,2,,,,,,
260358,260358,UT,04:03:20 21-Nov-2025,Argos,B,43.873510,-61.547850,1973,100584,38,79,,,,,,
260358,260358,UT,07:13:16 21-Nov-2025,Argos,B,43.955340,-61.546430,2387,4969,1147,78,,,,,,
260358,260358,UT,08:49:01 21-Nov-2025,Argos,B,43.898520,-61.566720,2656,62810,112,131,,,,,,
260358,260358,UT,10:33:09 21-Nov-2025,Argos,B,43.934160,-61.597280,3257,9020,1175,131,,,,,,
260358,260358,UT,12:30:54 21-Nov-2025,Argos,B,43.950690,-61.608720,2784,6284,1233,112,,,,,,
260358,260358,UT,13:22:27 21-Nov-2025,Argos,0,43.969190,-61.574490,3798,48205,299,105,,,,,,
260358,260358,UT,14:03:47 21-Nov-2025,Argos,A,43.990710,-61.586510,5661,186125,172,101,,,,,,
260358,260358,UT,14:29:51 21-Nov-2025,Argos,B,43.990130,-61.586020,9062,20726,3961,98,,,,,,
260358,260358,UT,15:09:06 21-Nov-2025,Argos,B,44.054280,-61.503570,6477,21228,1976,124,,,,,,
260358,260358,UT,15:50:44 21-Nov-2025,Argos,B,44.067750,-61.480120,5664,10311,3111,117,,,,,,
260358,260358,UT,16:11:52 21-Nov-2025,Argos,B,43.999300,-61.387620,4249,14354,1257,112,,,,,,
260358,260358,UT,17:46:29 21-Nov-2025,Argos,B,43.993610,-61.270810,1078,4176,278,62,,,,,,
260358,260358,UT,20:56:52 21-Nov-2025,Argos,B,44.029710,-61.061610,1990,3324,1191,74,,,,,,
260358,260358,UT,22:40:06 21-Nov-2025,Argos,B,44.027030,-61.114170,5642,26075,1220,81,,,,,,
260358,260358,UT,23:14:41 21-Nov-2025,Argos,B,44.026610,-61.193660,4529,19741,1039,73,,,,,,
260358,260358,UT,23:50:04 21-Nov-2025,Argos,B,43.973730,-61.399010,10821,20693,5658,73,,,,,,
260358,260358,UT,00:15:31 22-Nov-2025,Argos,A,43.944120,-61.469310,638,773,525,72,,,,,,
260358,260358,UT,00:49:08 22-Nov-2025,Argos,2,43.913420,-61.424550,467,1610,135,67,,,,,,
260358,260358,UT,01:32:53 22-Nov-2025,Argos,B,43.883320,-61.427680,2588,20840,321,34,,,,,,
260358,260358,UT,01:43:25 22-Nov-2025,Argos,B,43.883580,-61.427420,3134,6450,1522,38,,,,,,
260358,260358,UT,03:14:53 22-Nov-2025,Argos,B,43.903810,-61.354600,4055,5114,3215,158,,,,,,
260358,260358,UT,03:19:49 22-Nov-2025,Argos,0,43.920240,-61.377670,2705,27326,267,70,,,,,,
260358,260358,UT,05:02:10 22-Nov-2025,Argos,B,43.854010,-61.381090,10279,34910,3026,84,,,,,,
260358,260358,UT,08:15:42 22-Nov-2025,Argos,0,43.926590,-61.233260,5545,20198,1522,9,,,,,,
260358,260358,UT,09:55:57 22-Nov-2025,Argos,B,43.934250,-61.226630,16710,33662,8294,85,,,,,,
260358,260358,UT,11:37:41 22-Nov-2025,Argos,B,43.876230,-61.123600,15069,29788,7622,58,,,,,,
260358,260358,UT,12:07:02 22-Nov-2025,Argos,B,43.899510,-61.138200,5389,9259,3136,102,,,,,,
260358,260358,UT,13:04:13 22-Nov-2025,Argos,0,44.024670,-61.111810,7605,26763,2161,39,,,,,,
260358,260358,UT,13:46:31 22-Nov-2025,Argos,0,44.064010,-61.091690,10020,22414,4479,9,,,,,,
260358,260358,UT,14:42:44 22-Nov-2025,Argos,A,44.115230,-61.022780,5578,28136,1105,53,,,,,,
260358,260358,UT,15:21:44 22-Nov-2025,Argos,0,44.117370,-61.076490,5644,27329,1165,138,,,,,,
260358,260358,UT,15:24:40 22-Nov-2025,Argos,0,44.107680,-61.061300,2990,10021,892,70,,,,,,
260358,260358,UT,17:02:13 22-Nov-2025,Argos,A,44.072420,-60.995740,4506,24364,833,136,,,,,,
260358,260358,UT,18:42:13 22-Nov-2025,Argos,B,44.104950,-60.968770,7340,10641,5062,98,,,,,,
260358,260358,UT,20:23:25 22-Nov-2025,Argos,B,44.126100,-60.938070,4611,10087,2107,116,,,,,,
260358,260358,UT,22:50:38 22-Nov-2025,Argos,A,44.204670,-60.904880,709,7321,68,99,,,,,,
260358,260358,UT,00:31:51 23-Nov-2025,Argos,B,44.242280,-60.878990,1407,3017,656,90,,,,,,
260358,260358,UT,00:59:08 23-Nov-2025,Argos,B,44.234640,-60.890280,1922,3909,944,76,,,,,,
260358,260358,UT,01:09:36 23-Nov-2025,Argos,3,44.240620,-60.854210,218,2177,21,86,,,,,,
260358,260358,UT,02:35:24 23-Nov-2025,Argos,A,44.241770,-60.854430,188,480,73,75,,,,,,
260358,260358,UT,02:58:23 23-Nov-2025,Argos,B,44.259300,-60.852090,2109,3502,1270,86,,,,,,
260358,260358,UT,04:14:52 23-Nov-2025,Argos,A,44.255960,-60.832660,570,3037,106,70,,,,,,
260358,260358,UT,05:52:47 23-Nov-2025,Argos,B,44.268560,-60.811640,1327,1984,887,90,,,,,,
260358,260358,UT,07:45:06 23-Nov-2025,Argos,A,44.334320,-60.860930,1215,7758,190,120,,,,,,
260358,260358,UT,09:23:46 23-Nov-2025,Argos,A,44.277350,-60.862890,5963,283518,125,79,,,,,,
260358,260358,UT,11:00:23 23-Nov-2025,Argos,B,44.274550,-60.849600,17152,33696,8730,80,,,,,,
260358,260358,UT,13:26:11 23-Nov-2025,Argos,A,44.376280,-60.552090,8030,84262,765,48,,,,,,
260358,260358,UT,14:25:33 23-Nov-2025,Argos,B,44.317340,-60.589170,10320,15019,7090,77,,,,,,
260358,260358,UT,14:34:48 23-Nov-2025,Argos,B,44.303610,-60.642840,8058,12859,5048,85,,,,,,
260358,260358,UT,15:04:38 23-Nov-2025,Argos,A,44.380800,-60.630720,15727,26598,9299,155,,,,,,
260358,260358,UT,16:18:37 23-Nov-2025,Argos,A,44.393260,-60.577350,30500,94051,9890,23,,,,,,
260358,260358,UT,17:52:41 23-Nov-2025,Argos,B,44.362070,-60.597000,9501,11020,8192,98,,,,,,
260358,260358,UT,18:34:03 23-Nov-2025,Argos,B,44.397030,-60.536640,11658,14182,9583,67,,,,,,
260358,260358,UT,20:08:21 23-Nov-2025,Argos,B,44.288440,-60.533160,7457,22055,2520,78,,,,,,
260358,260358,UT,21:39:41 23-Nov-2025,Argos,B,44.213530,-60.509300,2485,6862,899,79,,,,,,
260358,260358,UT,21:45:48 23-Nov-2025,Argos,A,44.162370,-60.786110,883,1863,418,157,,,,,,
260358,260358,UT,23:11:06 23-Nov-2025,Argos,A,44.170540,-60.810510,2088,9039,482,143,,,,,,
260358,260358,UT,23:16:19 23-Nov-2025,Argos,A,44.177270,-60.823210,711,1958,257,0,,,,,,
260358,260358,UT,00:06:24 24-Nov-2025,Argos,B,44.197970,-60.842650,711,14812,34,64,,,,,,
260358,260358,UT,00:50:33 24-Nov-2025,Argos,B,44.190160,-60.858870,1008,8449,120,54,,,,,,
260358,260358,UT,00:50:33 24-Nov-2025,Argos,B,44.193740,-60.853690,881,5806,133,55,,,,,,
260358,260358,UT,01:47:13 24-Nov-2025,Argos,B,44.184680,-60.860090,1493,2700,825,82,,,,,,
260358,260358,UT,01:49:06 24-Nov-2025,Argos,A,44.169920,-60.841440,875,3567,214,164,,,,,,
260358,260358,UT,02:32:00 24-Nov-2025,Argos,A,44.178150,-60.830470,363,852,154,33,,,,,,
260358,260358,UT,03:31:07 24-Nov-2025,Argos,B,44.175710,-60.833930,1474,1978,1098,85,,,,,,
260358,260358,UT,05:06:19 24-Nov-2025,Argos,B,44.182360,-60.822890,1152,10358,128,151,,,,,,
260358,260358,UT,08:11:24 24-Nov-2025,Argos,B,44.235170,-60.847080,1722,2925,1013,88,,,,,,
260358,260358,UT,08:53:57 24-Nov-2025,Argos,B,44.256450,-60.868480,1619,3924,667,72,,,,,,
260358,260358,UT,14:42:42 24-Nov-2025,Argos,0,44.231790,-60.875310,4130,7719,2209,163,,,,,,
260358,260358,UT,16:25:42 24-Nov-2025,Argos,B,44.251610,-60.873850,19344,25963,14412,96,,,,,,
260358,260358,UT,22:44:04 24-Nov-2025,Argos,A,44.258390,-60.636450,3717,13884,995,144,,,,,,
260358,260358,UT,22:52:24 24-Nov-2025,Argos,B,44.290150,-60.657090,3445,8996,1319,144,,,,,,
260358,260358,UT,23:48:26 24-Nov-2025,Argos,A,44.278180,-60.801870,784,4012,153,104,,,,,,
260358,260358,UT,00:19:59 25-Nov-2025,Argos,0,44.261860,-60.786890,5122,21465,1222,47,,,,,,
260358,260358,UT,00:39:31 25-Nov-2025,Argos,B,44.259580,-60.793540,7380,10460,5207,71,,,,,,
260358,260358,UT,01:04:58 25-Nov-2025,Argos,B,44.256760,-60.798690,8719,13161,5775,77,,,,,,
260358,260358,UT,01:29:04 25-Nov-2025,Argos,B,44.250990,-60.802830,9183,15306,5508,79,,,,,,
260358,260358,UT,02:09:38 25-Nov-2025,Argos,A,44.285300,-60.737330,1174,4407,312,29,,,,,,
260358,260358,UT,02:45:44 25-Nov-2025,Argos,B,44.290780,-60.730670,2949,3742,2323,75,,,,,,
260358,260358,UT,04:23:30 25-Nov-2025,Argos,B,44.285560,-60.736160,3521,5061,2449,100,,,,,,
260358,260358,UT,07:29:17 25-Nov-2025,Argos,B,44.262690,-60.729860,4199,8229,2142,88,,,,,,
260358,260358,UT,08:21:58 25-Nov-2025,Argos,A,44.247140,-60.772230,541,3755,77,95,,,,,,
260358,260358,UT,09:07:56 25-Nov-2025,Argos,A,44.194350,-60.687960,4462,18068,1102,161,,,,,,
260358,260358,UT,10:05:09 25-Nov-2025,Argos,B,44.171630,-60.664480,16314,19551,13612,106,,,,,,
260358,260358,UT,10:46:24 25-Nov-2025,Argos,B,44.160750,-60.639000,13520,18069,10116,114,,,,,,
260358,260358,UT,11:59:53 25-Nov-2025,Argos,B,44.142390,-60.612090,15534,20131,11986,128,,,,,,
260358,260358,UT,12:43:07 25-Nov-2025,Argos,B,44.129830,-60.581860,1919,30015,122,170,,,,,,
260358,260358,UT,13:42:03 25-Nov-2025,Argos,B,44.106760,-60.546140,2193,4415,1089,168,,,,,,
260358,260358,UT,14:25:13 25-Nov-2025,Argos,A,44.063070,-60.494460,983,4848,199,142,,,,,,
260358,260358,UT,14:41:33 25-Nov-2025,Argos,B,44.008570,-60.470530,5146,8794,3011,117,,,,,,
260358,260358,UT,16:08:28 25-Nov-2025,Argos,B,43.952050,-60.394240,8898,13404,5906,106,,,,,,
260358,260358,UT,16:21:45 25-Nov-2025,Argos,B,44.069430,-60.309710,9123,246891,337,114,,,,,,
260358,260358,UT,18:50:31 25-Nov-2025,Argos,B,44.093680,-60.379820,4742,9884,2274,63,,,,,,
260358,260358,UT,20:22:32 25-Nov-2025,Argos,B,44.124100,-60.368020,4119,7889,2150,82,,,,,,
260358,260358,UT,20:32:29 25-Nov-2025,Argos,B,44.181070,-60.415810,2252,7984,635,96,,,,,,
260358,260358,UT,22:32:26 25-Nov-2025,Argos,B,44.159610,-60.373100,2467,6394,951,89,,,,,,
260358,260358,UT,23:28:34 25-Nov-2025,Argos,B,44.142800,-60.352330,2996,8433,1064,96,,,,,,
260358,260358,UT,23:46:35 25-Nov-2025,Argos,B,44.116000,-60.367810,2911,13022,650,96,,,,,,
260358,260358,UT,00:17:03 26-Nov-2025,Argos,0,44.131820,-60.482050,11600,77212,1742,114,,,,,,
260358,260358,UT,05:12:34 26-Nov-2025,Argos,B,44.134360,-60.631630,30387,406579,2271,118,,,,,,
260358,260358,UT,07:44:38 26-Nov-2025,Argos,B,44.133850,-60.707660,38716,73790,20313,113,,,,,,
260358,260358,UT,08:24:49 26-Nov-2025,Argos,B,44.048080,-60.440710,5472,21048,1422,86,,,,,,
260358,260358,UT,09:25:21 26-Nov-2025,Argos,B,43.992610,-60.213790,3143,9212,1072,77,,,,,,
260358,260358,UT,10:04:48 26-Nov-2025,Argos,B,43.934390,-60.192110,3306,170282,64,108,,,,,,
260358,260358,UT,11:04:54 26-Nov-2025,Argos,1,43.970280,-60.141220,880,1348,574,161,,,,,,
260358,260358,UT,11:45:12 26-Nov-2025,Argos,B,43.943980,-60.093200,2667,3641,1953,94,,,,,,
260358,260358,UT,12:25:04 26-Nov-2025,Argos,B,43.969020,-60.168740,2763,12927,590,169,,,,,,
260358,260358,UT,13:21:02 26-Nov-2025,Argos,2,43.979720,-60.156290,252,829,76,97,,,,,,
260358,260358,UT,14:03:58 26-Nov-2025,Argos,0,43.973070,-60.142700,2409,74472,77,101,,,,,,
260358,260358,UT,15:02:56 26-Nov-2025,Argos,B,43.958910,-60.067840,2764,7631,1001,76,,,,,,
260358,260358,UT,15:38:36 26-Nov-2025,Argos,1,43.976810,-60.173250,513,637,412,68,,,,,,
260358,260358,UT,13:28:31 28-Nov-2025,Argos,0,43.974560,-60.125890,1903,5664,639,100,,,,,,
260358,260358,UT,14:19:59 28-Nov-2025,Argos,A,43.995880,-60.146190,3153,16866,589,56,,,,,,
260358,260358,UT,14:59:15 28-Nov-2025,Argos,A,44.015720,-60.182640,126,162,97,81,,,,,,
260358,260358,UT,19:59:00 28-Nov-2025,Argos,A,44.089990,-60.300870,328,1843,58,111,,,,,,
260358,260358,UT,20:34:35 28-Nov-2025,Argos,B,44.093180,-60.316030,869,1365,553,96,,,,,,
260358,260358,UT,21:38:24 28-Nov-2025,Argos,B,44.079520,-60.340060,5267,10487,2645,23,,,,,,
260358,260358,UT,22:16:24 28-Nov-2025,Argos,B,44.058010,-60.369790,1975,10195,382,105,,,,,,
260358,260358,UT,23:10:20 28-Nov-2025,Argos,B,44.076770,-60.472230,3432,9961,1182,101,,,,,,
260358,260358,UT,23:53:11 28-Nov-2025,Argos,B,44.052260,-60.402790,1963,16137,238,30,,,,,,
260358,260358,UT,00:02:13 29-Nov-2025,Argos,B,44.048080,-60.404890,2661,6266,1129,33,,,,,,
260358,260358,UT,00:55:36 29-Nov-2025,Argos,B,44.040970,-60.407240,3902,5142,2960,53,,,,,,
260358,260358,UT,01:42:54 29-Nov-2025,Argos,B,44.035810,-60.410300,3312,4322,2537,64,,,,,,
260358,260358,UT,02:28:06 29-Nov-2025,Argos,B,44.036550,-60.411120,1819,2468,1340,73,,,,,,
260358,260358,UT,02:57:55 29-Nov-2025,Argos,B,44.000580,-60.488860,1343,20255,89,148,,,,,,
260358,260358,UT,04:35:28 29-Nov-2025,Argos,A,44.044820,-60.555570,319,1626,62,113,,,,,,
260358,260358,UT,07:52:59 29-Nov-2025,Argos,1,44.029930,-60.567090,1147,3886,338,168,,,,,,
260358,260358,UT,08:00:58 29-Nov-2025,Argos,1,44.033020,-60.569520,740,1988,275,2,,,,,,
260358,260358,UT,09:28:35 29-Nov-2025,Argos,B,44.040180,-60.585750,1504,47438,47,86,,,,,,
260358,260358,UT,11:12:06 29-Nov-2025,Argos,B,44.046490,-60.597400,2434,5468,1083,88,,,,,,
260358,260358,UT,11:19:28 29-Nov-2025,Argos,B,44.060450,-60.622690,1117,14928,83,70,,,,,,
260358,260358,UT,13:05:27 29-Nov-2025,Argos,B,44.086840,-60.633630,1681,3774,748,80,,,,,,
260358,260358,UT,14:01:18 29-Nov-2025,Argos,B,44.091390,-60.629500,1924,3463,1069,86,,,,,,
260358,260358,UT,14:41:38 29-Nov-2025,Argos,A,44.064060,-60.640040,941,3427,258,1,,,,,,
260358,260358,UT,14:57:40 29-Nov-2025,Argos,B,44.042260,-60.650330,1697,2282,1261,109,,,,,,
260358,260358,UT,16:24:29 29-Nov-2025,Argos,B,44.054260,-60.660400,2590,3338,2009,98,,,,,,
260358,260358,UT,16:39:39 29-Nov-2025,Argos,B,44.118940,-60.614690,3162,64985,153,101,,,,,,
260358,260358,UT,18:17:03 29-Nov-2025,Argos,A,44.157150,-60.748410,1012,3842,266,175,,,,,,
260358,260358,UT,19:17:14 29-Nov-2025,Argos,A,44.123480,-60.781780,234,438,124,99,,,,,,
260358,260358,UT,00:23:25 30-Nov-2025,Argos,A,44.044200,-61.029640,2776,97314,79,62,,,,,,
260358,260358,UT,02:03:25 30-Nov-2025,Argos,B,44.106810,-60.961990,3088,44537,214,123,,,,,,
260358,260358,UT,02:10:58 30-Nov-2025,Argos,B,44.067170,-60.902180,1238,1775,863,106,,,,,,
260358,260358,UT,03:52:21 30-Nov-2025,Argos,B,44.059760,-60.930830,2711,4447,1652,94,,,,,,
260358,260358,UT,05:31:53 30-Nov-2025,Argos,B,44.057450,-60.953000,4956,8675,2831,97,,,,,,
260358,260358,UT,07:23:21 30-Nov-2025,Argos,B,43.952420,-61.083020,6842,22140,2114,111,,,,,,
260358,260358,UT,09:00:42 30-Nov-2025,Argos,B,43.927530,-61.166940,3803,31363,461,119,,,,,,
260358,260358,UT,09:00:42 30-Nov-2025,Argos,B,43.925900,-61.162530,288,657,126,127,,,,,,
260358,260358,UT,10:40:52 30-Nov-2025,Argos,B,43.898430,-61.229050,1312,2083,826,93,,,,,,
260358,260358,UT,10:40:52 30-Nov-2025,Argos,B,43.894990,-61.229680,1274,2172,746,94,,,,,,
260358,260358,UT,13:47:15 30-Nov-2025,Argos,B,43.852370,-61.344290,2572,4916,1345,85,,,,,,
260358,260358,UT,14:20:41 30-Nov-2025,Argos,B,43.875650,-61.281280,5090,18426,1406,70,,,,,,
260358,260358,UT,15:49:44 30-Nov-2025,Argos,B,43.919390,-61.392520,12174,55164,2686,72,,,,,,
260358,260358,UT,21:09:52 30-Nov-2025,Argos,B,43.914020,-61.622050,12551,38165,4127,85,,,,,,
260358,260358,UT,21:58:18 30-Nov-2025,Argos,B,43.957340,-61.584790,7909,28756,2175,94,,,,,,
260358,260358,UT,22:50:08 30-Nov-2025,Argos,B,43.957140,-61.621280,5419,33743,870,104,,,,,,
260358,260358,UT,00:07:47 01-Dec-2025,Argos,B,43.902770,-61.497690,2264,9039,566,93,,,,,,
260358,260358,UT,00:26:21 01-Dec-2025,Argos,B,43.892270,-61.503290,2281,9630,540,95,,,,,,
260358,260358,UT,01:27:56 01-Dec-2025,Argos,A,43.828010,-61.359110,2823,18037,441,120,,,,,,
260358,260358,UT,01:42:13 01-Dec-2025,Argos,3,43.843760,-61.388060,135,553,32,80,,,,,,
260358,260358,UT,03:07:37 01-Dec-2025,Argos,2,43.824230,-61.384020,408,1451,114,60,,,,,,
260358,260358,UT,04:43:52 01-Dec-2025,Argos,A,43.795240,-61.381920,670,2551,176,32,,,,,,
260358,260358,UT,08:21:18 01-Dec-2025,Argos,B,43.783150,-61.389500,1377,22146,85,47,,,,,,
260358,260358,UT,08:23:57 01-Dec-2025,Argos,B,43.773820,-61.399850,1100,6542,184,47,,,,,,
260358,260358,UT,09:59:24 01-Dec-2025,Argos,A,43.698260,-61.402890,287,3506,23,104,,,,,,
260358,260358,UT,10:05:10 01-Dec-2025,Argos,B,43.751420,-61.373260,1721,2695,1098,57,,,,,,
260358,260358,UT,11:34:43 01-Dec-2025,Argos,B,43.652760,-61.348850,2760,11080,687,91,,,,,,
260358,260358,UT,12:21:00 01-Dec-2025,Argos,1,43.647930,-61.471920,1339,5828,307,14,,,,,,
260358,260358,UT,13:18:22 01-Dec-2025,Argos,A,43.668970,-61.477890,1222,3755,397,32,,,,,,
260358,260358,UT,13:58:12 01-Dec-2025,Argos,A,43.595540,-61.525950,1076,21219,54,98,,,,,,
260358,260358,UT,15:00:39 01-Dec-2025,Argos,B,43.556140,-61.545950,2525,4063,1569,98,,,,,,
260358,260358,UT,15:08:24 01-Dec-2025,Argos,A,43.546490,-61.510520,448,2416,82,46,,,,,,
260358,260358,UT,15:38:10 01-Dec-2025,Argos,0,43.547970,-61.506680,5118,37518,698,79,,,,,,
260358,260358,UT,16:51:10 01-Dec-2025,Argos,B,43.503300,-61.553050,13041,19946,8526,89,,,,,,
260358,260358,UT,18:23:54 01-Dec-2025,Argos,B,43.508360,-61.548210,18791,27992,12614,63,,,,,,
260358,260358,UT,00:02:44 02-Dec-2025,Argos,B,43.318400,-61.769660,24063,29616,19551,67,,,,,,
260358,260358,UT,00:40:15 02-Dec-2025,Argos,B,43.370120,-61.706110,8919,44239,1798,55,,,,,,
260358,260358,UT,01:26:25 02-Dec-2025,Argos,A,43.451870,-61.622040,730,4639,114,69,,,,,,
260358,260358,UT,02:20:54 02-Dec-2025,Argos,B,43.408440,-61.673760,2954,8114,1075,110,,,,,,
260358,260358,UT,03:07:04 02-Dec-2025,Argos,B,43.421350,-61.576940,12678,22006,7304,122,,,,,,
260358,260358,UT,03:57:22 02-Dec-2025,Argos,A,43.518050,-61.641370,6365,21375,1895,13,,,,,,
260358,260358,UT,05:34:30 02-Dec-2025,Argos,B,43.561130,-61.643420,11991,15141,9495,78,,,,,,
260358,260358,UT,07:56:42 02-Dec-2025,Argos,A,43.518960,-61.674760,606,2637,139,150,,,,,,
260358,260358,UT,11:18:44 02-Dec-2025,Argos,B,43.563150,-61.703900,2447,3603,1661,99,,,,,,
260358,260358,UT,12:05:14 02-Dec-2025,Argos,B,43.500880,-61.680750,2530,5401,1185,114,,,,,,
260358,260358,UT,14:37:22 02-Dec-2025,Argos,B,43.445350,-61.582030,1844,28464,119,32,,,,,,
260358,260358,UT,15:20:37 02-Dec-2025,Argos,A,43.552320,-61.542020,1848,9632,354,179,,,,,,
260358,260358,UT,16:00:05 02-Dec-2025,Argos,B,43.457510,-61.582410,3557,22012,574,111,,,,,,
260358,260358,UT,21:48:16 02-Dec-2025,Argos,0,43.510380,-61.562980,2049,12291,341,67,,,,,,
260358,260358,UT,22:44:37 02-Dec-2025,Argos,B,43.503990,-61.564150,7274,10694,4946,84,,,,,,
260358,260358,UT,23:24:28 02-Dec-2025,Argos,A,43.456240,-61.539080,1459,5668,375,153,,,,,,
260358,260358,UT,23:27:08 02-Dec-2025,Argos,B,43.460180,-61.539970,1036,6319,169,154,,,,,,
260358,260358,UT,00:21:25 03-Dec-2025,Argos,0,43.499480,-61.594260,5449,24234,1225,69,,,,,,
260358,260358,UT,01:03:46 03-Dec-2025,Argos,0,43.521130,-61.564980,5006,42420,590,82,,,,,,
260358,260358,UT,01:34:23 03-Dec-2025,Argos,B,43.522910,-61.563890,8215,19316,3493,82,,,,,,
260358,260358,UT,02:47:38 03-Dec-2025,Argos,B,43.525380,-61.506720,6044,7867,4643,14,,,,,,
260358,260358,UT,03:16:11 03-Dec-2025,Argos,B,43.533120,-61.510130,1518,42497,54,71,,,,,,
260358,260358,UT,04:50:58 03-Dec-2025,Argos,B,43.518710,-61.556160,958,8279,110,155,,,,,,
260358,260358,UT,07:28:09 03-Dec-2025,Argos,B,43.503400,-61.554250,1366,16108,115,101,,,,,,
260358,260358,UT,09:02:48 03-Dec-2025,Argos,B,43.504730,-61.536850,1303,21344,79,125,,,,,,
260358,260358,UT,10:42:47 03-Dec-2025,Argos,0,43.530950,-61.569840,2510,12523,502,43,,,,,,
260358,260358,UT,13:17:40 03-Dec-2025,Argos,A,43.518790,-61.514260,929,4822,178,117,,,,,,
260358,260358,UT,14:15:22 03-Dec-2025,Argos,A,43.470740,-61.503350,1026,11406,92,71,,,,,,
260358,260358,UT,15:00:45 03-Dec-2025,Argos,B,43.477860,-61.483290,1802,8105,400,100,,,,,,
260358,260358,UT,15:16:20 03-Dec-2025,Argos,B,43.494780,-61.551810,2389,3891,1467,72,,,,,,
260358,260358,UT,16:39:22 03-Dec-2025,Argos,B,43.466240,-61.461930,2960,4937,1774,97,,,,,,
260358,260358,UT,16:54:30 03-Dec-2025,Argos,B,43.486450,-61.477980,6202,17982,2139,96,,,,,,
260358,260358,UT,18:31:39 03-Dec-2025,Argos,B,43.474790,-61.457620,5751,11312,2923,95,,,,,,
260358,260358,UT,00:00:20 04-Dec-2025,Argos,B,43.442190,-61.398970,3072,5843,1615,105,,,,,,
260358,260358,UT,00:33:22 04-Dec-2025,Argos,B,43.512910,-61.545840,8212,12151,5549,20,,,,,,
260358,260358,UT,00:43:51 04-Dec-2025,Argos,A,43.503250,-61.537120,1029,2111,501,133,,,,,,
260358,260358,UT,01:40:51 04-Dec-2025,Argos,B,43.532370,-61.569300,1522,3136,738,64,,,,,,
260358,260358,UT,02:26:22 04-Dec-2025,Argos,B,43.538850,-61.605290,1289,5386,308,40,,,,,,
260358,260358,UT,02:26:47 04-Dec-2025,Argos,A,43.521010,-61.616370,466,3319,65,68,,,,,,
260358,260358,UT,04:06:29 04-Dec-2025,Argos,1,43.522590,-61.559010,1152,1467,904,106,,,,,,
260358,260358,UT,05:42:00 04-Dec-2025,Argos,B,43.541820,-61.608980,11936,17085,8339,87,,,,,,
260358,260358,UT,06:55:51 04-Dec-2025,Argos,B,43.534600,-61.587000,18079,39131,8352,104,,,,,,
260358,260358,UT,08:33:11 04-Dec-2025,Argos,3,43.537290,-61.600420,244,648,91,74,,,,,,
260358,260358,UT,10:08:36 04-Dec-2025,Argos,A,43.561380,-61.619150,513,4711,55,121,,,,,,
260358,260358,UT,13:07:00 04-Dec-2025,Argos,B,43.589950,-61.667430,1851,2603,1316,98,,,,,,
260358,260358,UT,13:57:24 04-Dec-2025,Argos,B,43.546150,-61.577130,1474,14039,154,21,,,,,,
260358,260358,UT,14:36:42 04-Dec-2025,Argos,B,43.488070,-61.588490,1474,31397,69,100,,,,,,
260358,260358,UT,16:10:45 04-Dec-2025,Argos,A,43.645090,-61.517110,7283,43171,1228,36,,,,,,
260358,260358,UT,17:45:08 04-Dec-2025,Argos,B,43.431500,-61.556340,13802,65601,2904,96,,,,,,
260358,260358,UT,20:41:28 04-Dec-2025,Argos,B,43.377720,-61.597200,22560,39925,12747,84,,,,,,
260358,260358,UT,22:24:00 04-Dec-2025,Argos,0,43.529700,-61.613060,2211,21122,231,87,,,,,,
260358,260358,UT,23:37:04 04-Dec-2025,Argos,1,43.526180,-61.569130,1134,1938,663,111,,,,,,
260358,260358,UT,00:03:12 05-Dec-2025,Argos,B,43.532750,-61.541320,3485,4843,2508,137,,,,,,
260358,260358,UT,00:18:33 05-Dec-2025,Argos,1,43.517680,-61.578220,1089,1337,886,98,,,,,,
260358,260358,UT,01:21:01 05-Dec-2025,Argos,B,43.538520,-61.580280,5004,20709,1209,82,,,,,,
260358,260358,UT,02:01:50 05-Dec-2025,Argos,B,43.537490,-61.588480,827,10650,64,118,,,,,,
260358,260358,UT,03:20:22 05-Dec-2025,Argos,B,43.546640,-61.561550,1017,9082,113,146,,,,,,
260358,260358,UT,04:58:33 05-Dec-2025,Argos,B,43.542830,-61.576740,1348,4121,440,148,,,,,,
260358,260358,UT,08:02:59 05-Dec-2025,Argos,A,43.548580,-61.632010,403,2612,62,96,,,,,,
260358,260358,UT,09:39:06 05-Dec-2025,Argos,B,43.540480,-61.624420,991,18463,53,65,,,,,,
260358,260358,UT,11:19:36 05-Dec-2025,Argos,B,43.561800,-61.580770,1747,2653,1150,126,,,,,,
260358,260358,UT,11:56:35 05-Dec-2025,Argos,B,43.570830,-61.580590,1373,1980,952,96,,,,,,
260358,260358,UT,12:37:17 05-Dec-2025,Argos,0,43.552220,-61.619410,6956,27529,1757,166,,,,,,
260358,260358,UT,13:37:00 05-Dec-2025,Argos,0,43.518900,-61.620380,7803,71420,852,97,,,,,,
260358,260358,UT,14:17:46 05-Dec-2025,Argos,B,43.520610,-61.650460,4825,24135,964,68,,,,,,
260358,260358,UT,15:21:31 05-Dec-2025,Argos,B,43.515990,-61.676920,6987,13185,3702,75,,,,,,
260358,260358,UT,15:58:55 05-Dec-2025,Argos,B,43.520050,-61.648200,1631,2981,892,74,,,,,,
260358,260358,UT,17:01:32 05-Dec-2025,Argos,B,43.489630,-61.584830,1494,18139,123,41,,,,,,
260358,260358,UT,18:36:40 05-Dec-2025,Argos,B,43.377570,-61.666110,3464,8220,1460,91,,,,,,
260358,260358,UT,00:06:17 06-Dec-2025,Argos,0,43.486120,-61.614220,1929,7187,517,17,,,,,,
260358,260358,UT,01:05:55 06-Dec-2025,Argos,B,43.486180,-61.619360,3575,10975,1164,98,,,,,,
260358,260358,UT,01:06:43 06-Dec-2025,Argos,B,43.487460,-61.614550,3132,8582,1142,96,,,,,,
260358,260358,UT,01:43:55 06-Dec-2025,Argos,A,43.483060,-61.613540,644,11947,34,65,,,,,,
260358,260358,UT,02:35:08 06-Dec-2025,Argos,A,43.526110,-61.582900,312,1507,64,113,,,,,,
260358,260358,UT,04:13:37 06-Dec-2025,Argos,A,43.528400,-61.569320,245,1003,59,51,,,,,,
260358,260358,UT,07:31:34 06-Dec-2025,Argos,B,43.532420,-61.581650,1297,3462,486,108,,,,,,
260358,260358,UT,09:09:32 06-Dec-2025,Argos,B,43.534720,-61.580980,1257,57432,27,73,,,,,,
260358,260358,UT,13:13:41 06-Dec-2025,Argos,A,43.505680,-61.593910,1128,47461,26,109,,,,,,
260358,260358,UT,21:19:07 06-Dec-2025,Argos,B,43.499410,-61.577900,2708,6829,1073,95,,,,,,
260358,260358,UT,22:55:00 06-Dec-2025,Argos,B,43.496970,-61.578510,2832,6375,1257,88,,,,,,
260358,260358,UT,23:05:58 06-Dec-2025,Argos,B,43.526670,-61.637650,2191,11933,402,70,,,,,,
260358,260358,UT,23:40:16 06-Dec-2025,Argos,B,43.545130,-61.578540,1781,11710,270,168,,,,,,
260358,260358,UT,00:39:05 07-Dec-2025,Argos,B,43.554730,-61.546670,2113,2350,1899,141,,,,,,
260358,260358,UT,01:26:17 07-Dec-2025,Argos,B,43.553360,-61.535640,3716,5558,2483,87,,,,,,
260358,260358,UT,01:51:45 07-Dec-2025,Argos,B,43.532420,-61.568080,1373,4932,382,96,,,,,,
260358,260358,UT,03:04:55 07-Dec-2025,Argos,1,43.543740,-61.585710,1006,4580,220,31,,,,,,
260358,260358,UT,03:25:59 07-Dec-2025,Argos,2,43.529670,-61.576630,420,3960,44,70,,,,,,
260358,260358,UT,05:06:34 07-Dec-2025,Argos,B,43.538560,-61.552650,1285,1986,830,172,,,,,,
260358,260358,UT,08:37:58 07-Dec-2025,Argos,2,43.530830,-61.575230,407,1241,133,106,,,,,,
260358,260358,UT,13:35:11 07-Dec-2025,Argos,B,43.514300,-61.557850,4001,210077,76,103,,,,,,
260358,260358,UT,15:23:39 07-Dec-2025,Argos,B,43.570890,-61.571510,3248,37119,284,98,,,,,,
260358,260358,UT,15:32:11 07-Dec-2025,Argos,1,43.573100,-61.635580,603,1352,268,59,,,,,,
260358,260358,UT,20:48:00 07-Dec-2025,Argos,A,43.535220,-61.556380,3345,21709,515,51,,,,,,
260358,260358,UT,22:28:25 07-Dec-2025,Argos,1,43.527510,-61.583150,916,8407,99,111,,,,,,
260358,260358,UT,00:05:35 08-Dec-2025,Argos,A,43.530540,-61.565040,554,1890,162,8,,,,,,
260358,260358,UT,00:19:42 08-Dec-2025,Argos,B,43.531020,-61.575700,516,1511,176,12,,,,,,
260358,260358,UT,01:01:33 08-Dec-2025,Argos,0,43.529770,-61.567840,2871,90366,91,79,,,,,,
260358,260358,UT,01:57:45 08-Dec-2025,Argos,B,43.530690,-61.559810,4368,7943,2401,81,,,,,,
260358,260358,UT,02:41:54 08-Dec-2025,Argos,0,43.502230,-61.592480,1838,7930,426,29,,,,,,
260358,260358,UT,02:43:12 08-Dec-2025,Argos,2,43.529420,-61.576160,437,1311,145,79,,,,,,
260358,260358,UT,04:22:08 08-Dec-2025,Argos,3,43.523160,-61.571030,129,310,53,102,,,,,,
260358,260358,UT,13:16:12 08-Dec-2025,Argos,B,43.461010,-61.598660,1838,33213,101,17,,,,,,
260358,260358,UT,14:17:02 08-Dec-2025,Argos,B,43.517420,-61.580390,1124,6388,197,46,,,,,,
260358,260358,UT,14:45:51 08-Dec-2025,Argos,B,43.518580,-61.571710,1180,2801,497,43,,,,,,
260358,260358,UT,14:57:04 08-Dec-2025,Argos,A,43.527460,-61.560690,276,987,77,151,,,,,,
260358,260358,UT,16:24:36 08-Dec-2025,Argos,3,43.518310,-61.587080,213,898,50,66,,,,,,
260358,260358,UT,18:01:37 08-Dec-2025,Argos,1,43.527000,-61.597080,1232,2987,508,78,,,,,,
260358,260358,UT,00:03:02 09-Dec-2025,Argos,B,43.525230,-61.607380,22160,35798,13716,65,,,,,,
260358,260358,UT,00:36:39 09-Dec-2025,Argos,1,43.531620,-61.579660,884,6563,119,84,,,,,,
260358,260358,UT,01:41:07 09-Dec-2025,Argos,B,43.537060,-61.571610,4573,7262,2880,88,,,,,,
260358,260358,UT,01:59:15 09-Dec-2025,Argos,A,43.530990,-61.587760,494,3077,79,122,,,,,,
260358,260358,UT,02:29:21 09-Dec-2025,Argos,B,43.533500,-61.583950,892,1389,572,109,,,,,,
260358,260358,UT,03:34:40 09-Dec-2025,Argos,0,43.528190,-61.565310,2928,44249,193,75,,,,,,
260358,260358,UT,05:14:17 09-Dec-2025,Argos,B,43.532390,-61.584860,2088,3024,1441,7,,,,,,
260358,260358,UT,07:35:46 09-Dec-2025,Argos,B,43.552120,-61.569680,1344,3593,502,108,,,,,,
260358,260358,UT,09:12:34 09-Dec-2025,Argos,B,43.550330,-61.552800,976,10459,91,61,,,,,,
260358,260358,UT,10:51:44 09-Dec-2025,Argos,B,43.532050,-61.588230,947,2524,354,146,,,,,,
260358,260358,UT,12:12:43 09-Dec-2025,Argos,B,43.523710,-61.591980,1232,3180,477,88,,,,,,
260358,260358,UT,12:51:50 09-Dec-2025,Argos,3,43.528360,-61.563160,181,427,76,101,,,,,,
260358,260358,UT,13:51:18 09-Dec-2025,Argos,2,43.522620,-61.552320,397,3553,44,106,,,,,,
260358,260358,UT,14:32:37 09-Dec-2025,Argos,1,43.526800,-61.559070,1485,10171,216,106,,,,,,
260358,260358,UT,15:39:31 09-Dec-2025,Argos,A,43.510790,-61.533960,2365,9638,580,19,,,,,,
260358,260358,UT,16:14:00 09-Dec-2025,Argos,B,43.516160,-61.533500,636,3504,115,58,,,,,,
260358,260358,UT,17:17:29 09-Dec-2025,Argos,1,43.528440,-61.477960,998,3835,259,91,,,,,,
260358,260358,UT,18:52:58 09-Dec-2025,Argos,B,43.508590,-61.433060,9134,18031,4627,76,,,,,,
260358,260358,UT,00:17:56 10-Dec-2025,Argos,1,43.519780,-61.571800,1093,3245,367,16,,,,,,
260358,260358,UT,00:41:57 10-Dec-2025,Argos,B,43.520710,-61.576820,1590,4778,529,16,,,,,,
260358,260358,UT,01:13:35 10-Dec-2025,Argos,B,43.520710,-61.571320,2392,2862,1998,62,,,,,,
260358,260358,UT,01:18:14 10-Dec-2025,Argos,B,43.520770,-61.570630,2465,3072,1977,67,,,,,,
260358,260358,UT,01:58:55 10-Dec-2025,Argos,2,43.526780,-61.580540,407,507,325,81,,,,,,
260358,260358,UT,02:50:51 10-Dec-2025,Argos,1,43.532720,-61.587640,500,1160,215,60,,,,,,
260358,260358,UT,04:27:28 10-Dec-2025,Argos,A,43.525490,-61.577830,1079,3353,347,162,,,,,,
260358,260358,UT,07:04:09 10-Dec-2025,Argos,B,43.527860,-61.572930,1654,2261,1209,81,,,,,,
260358,260358,UT,08:41:17 10-Dec-2025,Argos,1,43.526770,-61.588480,561,1398,225,130,,,,,,
260358,260358,UT,10:16:23 10-Dec-2025,Argos,0,43.532140,-61.595910,1864,10765,322,117,,,,,,
260358,260358,UT,13:35:34 10-Dec-2025,Argos,B,43.552660,-61.595200,6699,140549,319,102,,,,,,
260358,260358,UT,14:51:38 10-Dec-2025,Argos,0,43.523410,-61.473980,5996,25920,1386,155,,,,,,
260358,260358,UT,00:09:13 11-Dec-2025,Argos,0,43.506820,-61.105090,5105,28825,904,53,,,,,,
260358,260358,UT,01:00:11 11-Dec-2025,Argos,B,43.524330,-61.078520,5745,152603,216,83,,,,,,
260358,260358,UT,02:05:27 11-Dec-2025,Argos,B,43.558380,-60.973190,2702,6548,1114,115,,,,,,
260358,260358,UT,03:42:35 11-Dec-2025,Argos,0,43.538790,-60.960940,11372,22502,5747,124,,,,,,
260358,260358,UT,05:21:59 11-Dec-2025,Argos,A,43.475320,-60.976340,8308,40990,1683,36,,,,,,
260358,260358,UT,08:08:28 11-Dec-2025,Argos,B,43.473820,-60.911850,8259,13180,5174,83,,,,,,
260358,260358,UT,09:47:33 11-Dec-2025,Argos,B,43.479660,-60.921980,5134,198810,132,60,,,,,,
260358,260358,UT,11:26:40 11-Dec-2025,Argos,B,43.461210,-60.911870,1219,2219,669,99,,,,,,
260358,260358,UT,12:16:06 11-Dec-2025,Argos,B,43.488940,-60.935640,1585,3330,754,95,,,,,,
260358,260358,UT,13:10:13 11-Dec-2025,Argos,0,43.558480,-60.756700,3729,32879,422,99,,,,,,
260358,260358,UT,13:52:46 11-Dec-2025,Argos,0,43.550560,-60.702090,6535,60989,700,105,,,,,,
260358,260358,UT,14:50:39 11-Dec-2025,Argos,B,43.584390,-60.646550,11421,146516,890,79,,,,,,
260358,260358,UT,15:31:53 11-Dec-2025,Argos,0,43.556540,-60.673510,4766,38259,593,85,,,,,,
260358,260358,UT,15:44:13 11-Dec-2025,Argos,A,43.581990,-60.668520,1890,6680,534,151,,,,,,
260358,260358,UT,17:24:50 11-Dec-2025,Argos,0,43.593840,-60.597040,2374,6676,844,168,,,,,,
260358,260358,UT,00:36:57 12-Dec-2025,Argos,2,43.701010,-60.353090,401,4831,33,76,,,,,,
260358,260358,UT,01:17:31 12-Dec-2025,Argos,A,43.720050,-60.325920,681,2098,221,14,,,,,,
260358,260358,UT,01:17:31 12-Dec-2025,Argos,B,43.719120,-60.326900,1087,2919,404,19,,,,,,
260358,260358,UT,02:57:38 12-Dec-2025,Argos,B,43.731250,-60.270890,1007,4513,224,131,,,,,,
260358,260358,UT,04:37:29 12-Dec-2025,Argos,B,43.761520,-60.227250,942,4005,221,67,,,,,,
260358,260358,UT,07:39:34 12-Dec-2025,Argos,B,43.801060,-60.149970,1242,3412,452,110,,,,,,
260358,260358,UT,09:15:10 12-Dec-2025,Argos,0,43.768840,-60.183230,5312,48894,577,89,,,,,,
260358,260358,UT,10:54:31 12-Dec-2025,Argos,B,43.771560,-60.131210,5377,39603,730,16,,,,,,
260358,260358,UT,11:51:57 12-Dec-2025,Argos,B,43.822030,-60.090410,4070,5770,2869,94,,,,,,
260358,260358,UT,12:49:17 12-Dec-2025,Argos,B,43.839190,-60.068410,4442,7099,2778,92,,,,,,
260358,260358,UT,13:33:38 12-Dec-2025,Argos,1,43.765320,-60.103900,1337,6706,266,56,,,,,,
260358,260358,UT,14:32:43 12-Dec-2025,Argos,B,43.757900,-60.047570,1931,13861,269,178,,,,,,
260358,260358,UT,14:56:06 12-Dec-2025,Argos,1,43.789280,-60.026560,1262,5440,292,150,,,,,,
260358,260358,UT,15:13:31 12-Dec-2025,Argos,1,43.773450,-60.033140,1085,2491,472,54,,,,,,
260358,260358,UT,16:37:58 12-Dec-2025,Argos,A,43.761200,-59.969030,2910,10278,824,111,,,,,,
260358,260358,UT,18:19:25 12-Dec-2025,Argos,B,43.751240,-59.918770,5232,8713,3141,98,,,,,,
260358,260358,UT,00:15:00 13-Dec-2025,Argos,A,43.882850,-59.845260,2823,23817,334,67,,,,,,
260358,260358,UT,00:44:29 13-Dec-2025,Argos,B,43.894570,-59.870210,4661,8786,2472,69,,,,,,
260358,260358,UT,00:54:48 13-Dec-2025,Argos,1,43.888760,-59.866160,589,14658,23,82,,,,,,
260358,260358,UT,02:12:07 13-Dec-2025,Argos,A,43.919930,-59.829860,388,674,223,61,,,,,,
260358,260358,UT,02:37:59 13-Dec-2025,Argos,2,43.921950,-59.834980,272,373,197,28,,,,,,
260358,260358,UT,03:49:25 13-Dec-2025,Argos,1,43.946060,-59.806490,705,2147,231,89,,,,,,
260358,260358,UT,08:41:31 13-Dec-2025,Argos,3,43.940760,-59.828250,125,245,63,65,,,,,,
260358,260358,UT,10:24:15 13-Dec-2025,Argos,B,43.943010,-59.828590,896,3700,217,160,,,,,,
260358,260358,UT,08:13:52 14-Dec-2025,Argos,A,43.941520,-59.828680,253,454,140,165,,,,,,
260358,260358,UT,09:51:14 14-Dec-2025,Argos,3,43.938870,-59.828150,95,183,49,97,,,,,,
260358,260358,UT,12:52:56 14-Dec-2025,Argos,2,43.933290,-59.826590,253,639,100,71,,,,,,
260358,260358,UT,13:55:48 14-Dec-2025,Argos,A,43.937890,-59.826980,400,4762,33,105,,,,,,
260358,260358,UT,00:14:03 23-Dec-2025,Argos,A,43.939840,-59.825420,143,466,43,62,,,,,,
260358,260358,UT,00:26:19 23-Dec-2025,Argos,A,43.940950,-59.827290,357,605,210,34,,,,,,
260358,260358,UT,00:49:19 23-Dec-2025,Argos,1,43.937630,-59.832910,619,10294,37,78,,,,,,
260358,260358,UT,01:13:51 23-Dec-2025,Argos,B,43.938380,-59.833250,938,1581,556,82,,,,,,
260358,260358,UT,02:50:27 23-Dec-2025,Argos,3,43.937700,-59.835900,92,160,53,88,,,,,,
260358,260358,UT,04:28:35 23-Dec-2025,Argos,A,43.937850,-59.825460,196,301,127,1,,,,,,
260358,260358,UT,08:26:15 23-Dec-2025,Argos,3,43.935500,-59.845520,246,368,164,79,,,,,,
260358,260358,UT,10:03:37 23-Dec-2025,Argos,3,43.936780,-59.836740,118,200,68,76,,,,,,
260358,260358,UT,01:23:49 31-Dec-2025,Argos,1,43.930480,-59.846640,576,1027,323,91,,,,,,
260358,260358,UT,01:44:31 31-Dec-2025,Argos,B,43.938890,-59.843480,4624,19805,1079,96,,,,,,
260358,260358,UT,03:21:07 31-Dec-2025,Argos,3,43.934360,-59.850830,201,1101,36,79,,,,,,
260358,260358,UT,05:00:01 31-Dec-2025,Argos,B,43.926230,-59.849850,1031,3334,318,32,,,,,,
260358,260358,UT,07:32:35 31-Dec-2025,Argos,A,43.935320,-59.848770,572,2172,150,121,,,,,,
260358,260358,UT,09:06:07 31-Dec-2025,Argos,1,43.939070,-59.828390,754,4370,130,78,,,,,,
260358,260358,UT,13:19:02 01-Jan-2026,Argos,1,43.931240,-59.823080,604,5174,70,98,,,,,,
260358,260358,UT,14:24:38 01-Jan-2026,Argos,B,43.915490,-59.822440,47586,72856,31080,89,,,,,,
260358,260358,UT,14:59:55 01-Jan-2026,Argos,B,43.900630,-59.789420,36151,394373,3313,42,,,,,,
260358,260358,UT,16:41:12 01-Jan-2026,Argos,B,43.884400,-59.763280,2093,2940,1489,63,,,,,,
260358,260358,UT,20:46:18 01-Jan-2026,Argos,B,43.835280,-59.528610,17086,25858,11289,65,,,,,,
260358,260358,UT,22:28:29 01-Jan-2026,Argos,0,43.652570,-59.896830,10483,447608,245,100,,,,,,
260358,260358,UT,23:03:54 01-Jan-2026,Argos,0,43.654670,-60.070400,9180,39770,2119,138,,,,,,
260358,260358,UT,00:03:22 02-Jan-2026,Argos,A,43.658350,-60.163790,8601,87252,847,84,,,,,,
260358,260358,UT,00:04:12 02-Jan-2026,Argos,0,43.664300,-60.114150,1808,4206,776,52,,,,,,
260358,260358,UT,00:41:01 02-Jan-2026,Argos,0,43.680070,-60.149110,1891,23180,154,74,,,,,,
260358,260358,UT,01:46:02 02-Jan-2026,Argos,B,43.676800,-60.239510,9015,15251,5328,83,,,,,,
260358,260358,UT,02:26:01 02-Jan-2026,Argos,A,43.650210,-60.277390,633,4007,100,59,,,,,,
260358,260358,UT,08:06:30 02-Jan-2026,Argos,A,43.722960,-60.497540,770,3328,178,34,,,,,,
260358,260358,UT,09:42:51 02-Jan-2026,Argos,3,43.690040,-60.602410,161,531,48,87,,,,,,
260358,260358,UT,11:25:46 02-Jan-2026,Argos,B,43.675070,-60.714730,2146,3215,1432,89,,,,,,
260358,260358,UT,12:18:35 02-Jan-2026,Argos,B,43.719450,-60.754460,2389,9826,580,88,,,,,,
260358,260358,UT,12:55:17 02-Jan-2026,Argos,0,43.672140,-60.692970,1652,1882,1450,114,,,,,,
260358,260358,UT,13:58:40 02-Jan-2026,Argos,2,43.660400,-60.713300,357,1591,79,97,,,,,,
260358,260358,UT,14:38:35 02-Jan-2026,Argos,A,43.680380,-60.713980,339,552,207,63,,,,,,
260358,260358,UT,15:30:55 02-Jan-2026,Argos,B,43.680900,-60.771860,1229,7563,199,4,,,,,,
260358,260358,UT,16:20:47 02-Jan-2026,Argos,B,43.679720,-60.794720,1734,1786,1683,28,,,,,,
260358,260358,UT,17:06:29 02-Jan-2026,Argos,B,43.632570,-60.854790,2290,9156,572,122,,,,,,
260358,260358,UT,02:02:29 03-Jan-2026,Argos,A,43.720470,-61.157710,620,2512,153,134,,,,,,
260358,260358,UT,02:40:36 03-Jan-2026,Argos,B,43.718940,-61.179320,2139,3023,1512,98,,,,,,
260358,260358,UT,04:21:44 03-Jan-2026,Argos,B,43.728520,-61.186020,1385,6287,305,35,,,,,,
260358,260358,UT,07:34:39 03-Jan-2026,Argos,B,43.726330,-61.200240,2176,2919,1621,59,,,,,,
260358,260358,UT,09:10:49 03-Jan-2026,Argos,B,43.725940,-61.302400,3004,21631,417,91,,,,,,
260358,260358,UT,10:50:48 03-Jan-2026,Argos,A,43.755270,-61.324540,419,1869,94,144,,,,,,
260358,260358,UT,12:37:36 03-Jan-2026,Argos,1,43.755930,-61.366030,1240,4644,331,166,,,,,,
260358,260358,UT,13:39:31 03-Jan-2026,Argos,1,43.738790,-61.364650,1162,12490,108,105,,,,,,
260358,260358,UT,14:15:26 03-Jan-2026,Argos,0,43.716700,-61.377390,2163,18109,258,107,,,,,,
260358,260358,UT,14:42:53 03-Jan-2026,Argos,A,43.719140,-61.372510,3718,9835,1405,176,,,,,,
260358,260358,UT,15:23:28 03-Jan-2026,Argos,B,43.708870,-61.387640,1142,1324,984,85,,,,,,
260358,260358,UT,15:57:59 03-Jan-2026,Argos,B,43.695630,-61.372180,1033,7462,143,23,,,,,,
260358,260358,UT,16:23:43 03-Jan-2026,Argos,A,43.674990,-61.401880,291,861,98,58,,,,,,
260358,260358,UT,18:03:00 03-Jan-2026,Argos,B,43.649380,-61.431430,917,6910,121,178,,,,,,
260358,260358,UT,00:09:02 04-Jan-2026,Argos,B,43.561000,-61.510080,2605,3206,2116,71,,,,,,
260358,260358,UT,00:40:40 04-Jan-2026,Argos,B,43.672600,-61.530520,5972,7703,4630,113,,,,,,
260358,260358,UT,01:00:18 04-Jan-2026,Argos,1,43.677290,-61.522640,535,1830,156,78,,,,,,
260358,260358,UT,01:45:56 04-Jan-2026,Argos,1,43.683070,-61.529390,769,2021,292,92,,,,,,
260358,260358,UT,01:57:32 04-Jan-2026,Argos,A,43.690430,-61.521810,1736,3918,768,6,,,,,,
260358,260358,UT,03:34:48 04-Jan-2026,Argos,0,43.687920,-61.491850,3938,213846,72,79,,,,,,
260358,260358,UT,05:14:20 04-Jan-2026,Argos,A,43.659020,-61.560750,829,1886,364,22,,,,,,
260358,260358,UT,07:05:32 04-Jan-2026,Argos,B,43.666120,-61.561330,991,6321,155,122,,,,,,
260358,260358,UT,08:44:28 04-Jan-2026,Argos,A,43.707870,-61.599380,337,1840,61,118,,,,,,
260358,260358,UT,10:21:01 04-Jan-2026,Argos,0,43.705080,-61.604170,2071,7973,537,43,,,,,,
260358,260358,UT,12:18:02 04-Jan-2026,Argos,A,43.618450,-61.613450,4682,22814,960,23,,,,,,
260358,260358,UT,13:18:18 04-Jan-2026,Argos,B,43.606930,-61.583540,6158,38691,980,8,,,,,,
260358,260358,UT,13:56:48 04-Jan-2026,Argos,0,43.634570,-61.558440,1566,7976,307,112,,,,,,
260358,260358,UT,15:00:00 04-Jan-2026,Argos,B,43.638680,-61.548900,3944,24555,633,161,,,,,,
260358,260358,UT,15:35:21 04-Jan-2026,Argos,0,43.626890,-61.547020,2768,19530,392,88,,,,,,
260358,260358,UT,15:38:06 04-Jan-2026,Argos,0,43.625780,-61.548740,1549,3148,761,157,,,,,,
260358,260358,UT,00:10:39 05-Jan-2026,Argos,2,43.651630,-61.554760,439,485,396,64,,,,,,
260358,260358,UT,00:40:11 05-Jan-2026,Argos,A,43.657470,-61.555500,555,6720,45,84,,,,,,
260358,260358,UT,01:13:06 05-Jan-2026,Argos,B,43.657660,-61.550680,834,1315,528,86,,,,,,
260358,260358,UT,01:20:31 05-Jan-2026,Argos,1,43.663580,-61.532640,522,2346,116,73,,,,,,
260358,260358,UT,02:50:21 05-Jan-2026,Argos,1,43.680800,-61.523910,856,3044,240,79,,,,,,
260358,260358,UT,03:05:25 05-Jan-2026,Argos,B,43.681350,-61.526900,3910,5075,3011,83,,,,,,
260358,260358,UT,04:30:48 05-Jan-2026,Argos,0,43.686760,-61.516960,1707,10758,270,69,,,,,,
260358,260358,UT,08:10:40 05-Jan-2026,Argos,0,43.698040,-61.545250,3055,10047,929,10,,,,,,
260358,260358,UT,09:47:05 05-Jan-2026,Argos,1,43.692170,-61.544790,607,834,442,64,,,,,,
260358,260358,UT,11:32:03 05-Jan-2026,Argos,B,43.693850,-61.542080,7018,10372,4748,93,,,,,,
260358,260358,UT,11:58:32 05-Jan-2026,Argos,B,43.696890,-61.542620,6296,11304,3507,92,,,,,,
260358,260358,UT,13:33:18 05-Jan-2026,Argos,1,43.695510,-61.533530,514,1090,242,89,,,,,,
260358,260358,UT,14:41:23 05-Jan-2026,Argos,B,43.693610,-61.530760,5544,8710,3528,93,,,,,,
260358,260358,UT,14:51:39 05-Jan-2026,Argos,B,43.705260,-61.495080,3991,6612,2408,125,,,,,,
260358,260358,UT,15:18:11 05-Jan-2026,Argos,B,43.707730,-61.506180,2460,18347,329,178,,,,,,
260358,260358,UT,00:20:58 06-Jan-2026,Argos,0,43.708650,-61.555160,1584,26157,95,78,,,,,,
260358,260358,UT,01:00:04 06-Jan-2026,Argos,0,43.713370,-61.552740,2477,50486,121,78,,,,,,
260358,260358,UT,02:04:37 06-Jan-2026,Argos,A,43.699930,-61.492150,1244,5364,288,141,,,,,,
260358,260358,UT,02:08:10 06-Jan-2026,Argos,B,43.719720,-61.543960,4222,7398,2409,86,,,,,,
260358,260358,UT,02:41:44 06-Jan-2026,Argos,1,43.738440,-61.512300,1081,3855,303,159,,,,,,
260358,260358,UT,03:44:28 06-Jan-2026,Argos,1,43.740980,-61.505600,962,9040,102,84,,,,,,
260358,260358,UT,05:22:28 06-Jan-2026,Argos,2,43.754550,-61.500030,422,532,335,108,,,,,,
260358,260358,UT,07:40:45 06-Jan-2026,Argos,B,43.814830,-61.424340,2388,5426,1051,120,,,,,,
260358,260358,UT,09:16:45 06-Jan-2026,Argos,A,43.802830,-61.519190,3865,45677,327,97,,,,,,
260358,260358,UT,10:53:40 06-Jan-2026,Argos,A,43.787770,-61.505970,572,774,422,133,,,,,,
260358,260358,UT,12:35:51 06-Jan-2026,Argos,B,43.790560,-61.498360,969,8070,116,14,,,,,,
260358,260358,UT,13:15:32 06-Jan-2026,Argos,1,43.791850,-61.485040,619,971,393,126,,,,,,
260358,260358,UT,14:13:59 06-Jan-2026,Argos,A,43.774410,-61.481220,1533,9619,244,71,,,,,,
260358,260358,UT,14:56:24 06-Jan-2026,Argos,3,43.777560,-61.461140,210,279,156,96,,,,,,
260358,260358,UT,15:44:38 06-Jan-2026,Argos,1,43.780400,-61.446180,559,760,410,84,,,,,,
260358,260358,UT,00:04:18 07-Jan-2026,Argos,B,43.794000,-61.331410,16030,43984,5842,68,,,,,,
260358,260358,UT,00:36:08 07-Jan-2026,Argos,2,43.726570,-61.477640,345,1357,87,68,,,,,,
260358,260358,UT,00:46:27 07-Jan-2026,Argos,A,43.728640,-61.498020,1023,2515,416,61,,,,,,
260358,260358,UT,01:19:27 07-Jan-2026,Argos,B,43.713300,-61.524150,2521,3644,1743,81,,,,,,
260358,260358,UT,01:42:58 07-Jan-2026,Argos,B,43.713080,-61.524140,2216,3279,1496,84,,,,,,
260358,260358,UT,02:20:00 07-Jan-2026,Argos,A,43.725050,-61.468990,483,734,318,77,,,,,,
260358,260358,UT,02:56:46 07-Jan-2026,Argos,A,43.699950,-61.477770,644,1968,210,172,,,,,,
260358,260358,UT,04:35:32 07-Jan-2026,Argos,2,43.723140,-61.472230,433,931,201,123,,,,,,
260358,260358,UT,07:10:57 07-Jan-2026,Argos,B,43.695890,-61.477170,4214,5697,3116,81,,,,,,
260358,260358,UT,08:42:02 07-Jan-2026,Argos,2,43.698890,-61.433460,439,1693,114,84,,,,,,
260358,260358,UT,10:23:18 07-Jan-2026,Argos,A,43.711260,-61.419120,1071,5975,191,137,,,,,,
260358,260358,UT,12:55:04 07-Jan-2026,Argos,2,43.721720,-61.424350,388,464,323,125,,,,,,
260358,260358,UT,13:56:11 07-Jan-2026,Argos,A,43.719880,-61.381930,391,2488,61,102,,,,,,
260358,260358,UT,14:34:19 07-Jan-2026,Argos,B,43.718850,-61.371370,943,1336,664,91,,,,,,
260358,260358,UT,00:15:28 08-Jan-2026,Argos,1,43.660030,-61.400340,809,1297,504,63,,,,,,
260358,260358,UT,00:17:51 08-Jan-2026,Argos,3,43.661100,-61.399200,128,343,47,73,,,,,,
260358,260358,UT,01:20:51 08-Jan-2026,Argos,B,43.657710,-61.387980,1444,2083,1000,83,,,,,,
260358,260358,UT,01:57:41 08-Jan-2026,Argos,3,43.643280,-61.388270,136,297,62,84,,,,,,
260358,260358,UT,02:13:03 08-Jan-2026,Argos,1,43.645210,-61.389440,543,1007,292,95,,,,,,
260358,260358,UT,03:51:38 08-Jan-2026,Argos,1,43.636640,-61.378120,1164,8213,164,85,,,,,,
260358,260358,UT,05:30:16 08-Jan-2026,Argos,1,43.633490,-61.364810,849,2153,334,162,,,,,,
260358,260358,UT,08:14:42 08-Jan-2026,Argos,B,43.612990,-61.304990,1444,4159,501,26,,,,,,
260358,260358,UT,09:51:06 08-Jan-2026,Argos,A,43.600750,-61.361540,292,1079,79,126,,,,,,
260358,260358,UT,11:33:49 08-Jan-2026,Argos,B,43.576050,-61.415570,3095,4357,2198,130,,,,,,
260358,260358,UT,12:32:45 08-Jan-2026,Argos,1,43.591040,-61.386760,894,1263,632,52,,,,,,
260358,260358,UT,13:34:15 08-Jan-2026,Argos,0,43.582940,-61.434260,6853,181416,258,101,,,,,,
260358,260358,UT,14:17:07 08-Jan-2026,Argos,A,43.580330,-61.443040,3716,99536,138,108,,,,,,
260358,260358,UT,15:17:32 08-Jan-2026,Argos,B,43.573480,-61.450040,1286,2492,663,105,,,,,,
260358,260358,UT,00:04:32 09-Jan-2026,Argos,B,43.558360,-61.570560,2330,17595,308,63,,,,,,
260358,260358,UT,01:06:41 09-Jan-2026,Argos,B,43.570340,-61.551400,2530,8427,759,64,,,,,,
260358,260358,UT,01:26:41 09-Jan-2026,Argos,B,43.569880,-61.541020,2557,7937,823,64,,,,,,
260358,260358,UT,01:37:32 09-Jan-2026,Argos,1,43.510780,-61.567370,1147,4440,296,80,,,,,,
260358,260358,UT,03:05:15 09-Jan-2026,Argos,3,43.504680,-61.586480,217,449,104,79,,,,,,
260358,260358,UT,03:23:31 09-Jan-2026,Argos,B,43.505330,-61.595860,1957,2609,1466,83,,,,,,
260358,260358,UT,04:44:14 09-Jan-2026,Argos,1,43.516960,-61.589530,1069,2067,552,91,,,,,,
260358,260358,UT,07:43:17 09-Jan-2026,Argos,2,43.532840,-61.581440,408,738,225,176,,,,,,
260358,260358,UT,09:17:36 09-Jan-2026,Argos,0,43.540020,-61.514270,6958,233987,206,79,,,,,,
260358,260358,UT,11:00:00 09-Jan-2026,Argos,A,43.502940,-61.584100,1674,4968,563,36,,,,,,
260358,260358,UT,12:14:40 09-Jan-2026,Argos,B,43.500980,-61.593530,2511,3590,1755,84,,,,,,
260358,260358,UT,00:42:43 10-Jan-2026,Argos,B,43.714840,-61.328680,14372,49587,4165,86,,,,,,
260358,260358,UT,00:50:09 10-Jan-2026,Argos,A,43.741180,-61.497950,1347,3180,570,45,,,,,,
260358,260358,UT,01:16:11 10-Jan-2026,Argos,1,43.742970,-61.497060,941,6501,136,75,,,,,,
260358,260358,UT,02:20:34 10-Jan-2026,Argos,B,43.750140,-61.489160,4157,30741,562,142,,,,,,
260358,260358,UT,03:01:53 10-Jan-2026,Argos,B,43.758100,-61.484770,783,2839,215,14,,,,,,
260358,260358,UT,03:57:43 10-Jan-2026,Argos,3,43.794100,-61.469940,177,507,61,82,,,,,,
260358,260358,UT,05:36:39 10-Jan-2026,Argos,B,43.822340,-61.449680,4333,6468,2902,89,,,,,,
260358,260358,UT,07:14:37 10-Jan-2026,Argos,B,43.804760,-61.464590,3866,38114,392,104,,,,,,
260358,260358,UT,08:50:26 10-Jan-2026,Argos,2,43.819000,-61.425150,374,1367,102,72,,,,,,
260358,260358,UT,10:28:09 10-Jan-2026,Argos,3,43.832890,-61.402360,217,415,113,73,,,,,,
260358,260358,UT,11:55:10 10-Jan-2026,Argos,B,43.847610,-61.383330,2440,3580,1662,88,,,,,,
260358,260358,UT,12:51:41 10-Jan-2026,Argos,A,43.848730,-61.313910,132,256,68,76,,,,,,
260358,260358,UT,13:32:56 10-Jan-2026,Argos,1,43.849630,-61.310690,963,1342,691,136,,,,,,
260358,260358,UT,14:31:09 10-Jan-2026,Argos,B,43.869190,-61.298840,3587,35215,365,64,,,,,,
260358,260358,UT,15:13:20 10-Jan-2026,Argos,A,43.883790,-61.271260,449,1968,102,2,,,,,,
260358,260358,UT,15:59:17 10-Jan-2026,Argos,A,43.846100,-61.202650,1285,12151,135,123,,,,,,
260358,260358,UT,00:16:53 11-Jan-2026,Argos,0,43.813070,-61.144120,2131,10303,440,84,,,,,,
260358,260358,UT,00:19:07 11-Jan-2026,Argos,2,43.814520,-61.129200,283,420,189,85,,,,,,
260358,260358,UT,00:56:30 11-Jan-2026,Argos,0,43.811610,-61.142380,2939,43421,198,77,,,,,,
260358,260358,UT,01:34:30 11-Jan-2026,Argos,B,43.818180,-61.113080,1960,11734,327,112,,,,,,
260358,260358,UT,02:36:53 11-Jan-2026,Argos,3,43.815680,-61.129440,234,266,204,146,,,,,,
260358,260358,UT,03:12:30 11-Jan-2026,Argos,3,43.813650,-61.138210,164,427,62,75,,,,,,
260358,260358,UT,04:53:07 11-Jan-2026,Argos,1,43.813680,-61.141980,1234,6195,245,43,,,,,,
260358,260358,UT,08:20:04 11-Jan-2026,Argos,1,43.812200,-61.116960,524,717,382,75,,,,,,
260358,260358,UT,00:02:43 12-Jan-2026,Argos,B,43.832060,-61.151470,18974,33109,10873,57,,,,,,
260358,260358,UT,00:32:43 12-Jan-2026,Argos,1,43.838640,-61.168790,698,2452,198,52,,,,,,
260358,260358,UT,01:37:12 12-Jan-2026,Argos,B,43.838710,-61.192600,3270,4559,2345,84,,,,,,
260358,260358,UT,02:15:45 12-Jan-2026,Argos,3,43.835970,-61.172810,177,249,124,106,,,,,,
260358,260358,UT,02:27:27 12-Jan-2026,Argos,3,43.834710,-61.176410,143,202,101,77,,,,,,
260358,260358,UT,04:05:27 12-Jan-2026,Argos,2,43.848700,-61.178180,326,1078,98,85,,,,,,
260358,260358,UT,07:49:52 12-Jan-2026,Argos,B,43.857830,-61.186850,5092,18953,1368,97,,,,,,
260358,260358,UT,09:22:51 12-Jan-2026,Argos,0,43.855190,-61.168390,6494,477614,88,79,,,,,,
260358,260358,UT,00:18:49 13-Jan-2026,Argos,3,43.694950,-61.075530,236,454,122,81,,,,,,
260358,260358,UT,00:56:03 13-Jan-2026,Argos,B,43.692830,-61.075020,1589,2239,1127,91,,,,,,
260358,260358,UT,01:18:09 13-Jan-2026,Argos,B,43.691880,-61.074760,1535,2443,964,86,,,,,,
260358,260358,UT,01:42:26 13-Jan-2026,Argos,B,43.686390,-61.105590,810,4105,159,159,,,,,,
260358,260358,UT,01:54:24 13-Jan-2026,Argos,B,43.694710,-61.114980,658,3210,134,10,,,,,,
260358,260358,UT,03:17:15 13-Jan-2026,Argos,B,43.691010,-61.113640,1399,1606,1218,80,,,,,,
260358,260358,UT,04:59:02 13-Jan-2026,Argos,B,43.688110,-61.143200,1359,15772,117,164,,,,,,
260358,260358,UT,08:55:07 13-Jan-2026,Argos,B,43.691350,-61.192440,1918,33843,108,172,,,,,,
260358,260358,UT,10:37:32 13-Jan-2026,Argos,B,43.702370,-61.199560,2337,3852,1417,167,,,,,,
260358,260358,UT,12:31:11 13-Jan-2026,Argos,2,43.828360,-61.247090,303,524,174,24,,,,,,
260358,260358,UT,13:32:03 13-Jan-2026,Argos,A,43.860630,-61.255220,627,1566,251,117,,,,,,
260358,260358,UT,14:09:19 13-Jan-2026,Argos,A,43.870330,-61.247720,707,25374,19,101,,,,,,
260358,260358,UT,15:11:29 13-Jan-2026,Argos,B,43.893140,-61.257620,1458,2673,794,99,,,,,,
260358,260358,UT,15:21:57 13-Jan-2026,Argos,B,43.872770,-61.274010,1076,3617,319,123,,,,,,
260358,260358,UT,15:51:51 13-Jan-2026,Argos,A,43.880800,-61.266950,474,1692,132,24,,,,,,
260358,260358,UT,17:00:07 13-Jan-2026,Argos,2,43.889250,-61.270210,415,1116,154,119,,,,,,
260358,260358,UT,18:37:33 13-Jan-2026,Argos,B,43.853540,-61.276470,3159,7870,1267,88,,,,,,
260358,260358,UT,21:01:42 13-Jan-2026,Argos,1,43.884290,-61.273840,1158,1402,956,85,,,,,,
260358,260358,UT,00:01:01 14-Jan-2026,Argos,B,43.894870,-61.304860,6337,52946,758,66,,,,,,
260358,260358,UT,00:23:16 14-Jan-2026,Argos,1,43.876800,-61.336820,1452,2746,767,50,,,,,,
260358,260358,UT,00:56:59 14-Jan-2026,Argos,B,43.891740,-61.334290,3053,34982,266,90,,,,,,
260358,260358,UT,01:35:58 14-Jan-2026,Argos,3,43.887780,-61.282130,247,511,119,84,,,,,,
260358,260358,UT,02:35:53 14-Jan-2026,Argos,2,43.888360,-61.295000,485,1559,151,87,,,,,,
260358,260358,UT,03:17:17 14-Jan-2026,Argos,B,43.891690,-61.287230,3433,4919,2396,89,,,,,,
260358,260358,UT,04:14:08 14-Jan-2026,Argos,1,43.889140,-61.289100,577,1432,232,21,,,,,,
260358,260358,UT,08:23:57 14-Jan-2026,Argos,3,43.889170,-61.292150,247,536,113,92,,,,,,
260358,260358,UT,09:59:20 14-Jan-2026,Argos,2,43.893520,-61.291400,276,747,101,92,,,,,,
260358,260358,UT,11:44:05 14-Jan-2026,Argos,B,43.898730,-61.283830,5704,8432,3858,92,,,,,,
260358,260358,UT,00:34:15 15-Jan-2026,Argos,B,43.895640,-61.211990,10350,333603,321,72,,,,,,
260358,260358,UT,01:12:19 15-Jan-2026,Argos,3,43.900240,-61.237450,248,3338,18,83,,,,,,
260358,260358,UT,01:47:40 15-Jan-2026,Argos,A,43.901920,-61.214410,1726,4231,703,58,,,,,,
260358,260358,UT,02:59:27 15-Jan-2026,Argos,0,43.894810,-61.232160,2410,12674,458,44,,,,,,
260358,260358,UT,03:26:52 15-Jan-2026,Argos,2,43.906130,-61.225700,352,6228,19,80,,,,,,
260358,260358,UT,05:06:57 15-Jan-2026,Argos,0,43.856820,-61.371660,4866,6643,3564,164,,,,,,
260358,260358,UT,07:53:17 15-Jan-2026,Argos,2,43.909180,-61.224610,440,636,304,76,,,,,,
260358,260358,UT,09:27:00 15-Jan-2026,Argos,0,43.900640,-61.229450,1689,43794,65,80,,,,,,
260358,260358,UT,11:08:19 15-Jan-2026,Argos,0,43.897770,-61.207290,2927,11269,760,166,,,,,,
260358,260358,UT,00:21:53 16-Jan-2026,Argos,A,43.851580,-61.186850,1116,12428,100,84,,,,,,
260358,260358,UT,00:57:01 16-Jan-2026,Argos,B,43.855140,-61.191500,3563,99869,127,76,,,,,,
260358,260358,UT,00:57:01 16-Jan-2026,Argos,A,43.855060,-61.191720,2111,61214,72,76,,,,,,
260358,260358,UT,02:34:40 16-Jan-2026,Argos,B,43.857300,-61.178660,2892,16972,492,178,,,,,,
260358,260358,UT,02:42:33 16-Jan-2026,Argos,1,43.855990,-61.173720,592,936,374,63,,,,,,
260358,260358,UT,04:20:46 16-Jan-2026,Argos,3,43.857570,-61.187570,199,403,98,86,,,,,,
260358,260358,UT,09:01:18 16-Jan-2026,Argos,B,43.880080,-61.189120,5562,295727,104,88,,,,,,
260358,260358,UT,10:34:50 16-Jan-2026,Argos,B,43.885220,-61.194060,6856,18506,2540,88,,,,,,
260358,260358,UT,12:30:10 16-Jan-2026,Argos,B,43.897510,-61.224750,2147,4384,1051,76,,,,,,
260358,260358,UT,13:09:39 16-Jan-2026,Argos,3,43.902380,-61.256330,204,292,142,81,,,,,,
260358,260358,UT,14:07:30 16-Jan-2026,Argos,3,43.903090,-61.251530,157,326,75,120,,,,,,
260358,260358,UT,00:27:01 17-Jan-2026,Argos,0,43.868840,-61.300610,7051,37351,1331,52,,,,,,
260358,260358,UT,00:29:16 17-Jan-2026,Argos,1,43.898010,-61.251810,753,1431,395,53,,,,,,
260358,260358,UT,01:33:22 17-Jan-2026,Argos,B,43.899350,-61.259690,6643,9188,4802,87,,,,,,
260358,260358,UT,01:57:05 17-Jan-2026,Argos,1,43.873290,-61.219240,838,2801,250,177,,,,,,
260358,260358,UT,02:12:32 17-Jan-2026,Argos,1,43.855650,-61.217530,1108,1777,690,99,,,,,,
260358,260358,UT,03:36:44 17-Jan-2026,Argos,0,43.837100,-61.232560,7010,189719,259,78,,,,,,
260358,260358,UT,05:15:39 17-Jan-2026,Argos,B,43.822520,-61.165390,4763,37800,600,33,,,,,,
260358,260358,UT,08:29:32 17-Jan-2026,Argos,B,43.808410,-61.156350,8151,12255,5420,52,,,,,,
260358,260358,UT,10:03:11 17-Jan-2026,Argos,2,43.824760,-61.148530,276,552,138,92,,,,,,
260358,260358,UT,12:08:22 17-Jan-2026,Argos,B,43.876800,-61.145980,3865,11188,1334,87,,,,,,
260358,260358,UT,12:45:56 17-Jan-2026,Argos,1,43.842540,-61.125630,1252,9557,164,113,,,,,,
260358,260358,UT,13:50:49 17-Jan-2026,Argos,B,43.833580,-61.103410,1687,10771,264,143,,,,,,
260358,260358,UT,14:26:19 17-Jan-2026,Argos,A,43.821050,-61.148290,3722,11032,1255,38,,,,,,
260358,260358,UT,15:35:51 17-Jan-2026,Argos,B,43.807580,-61.162880,11506,15583,8494,76,,,,,,
260358,260358,UT,15:37:37 17-Jan-2026,Argos,B,43.830690,-61.113320,4551,47981,431,146,,,,,,
260358,260358,UT,16:09:22 17-Jan-2026,Argos,B,43.824000,-61.119490,1140,1844,703,138,,,,,,
260358,260358,UT,17:18:38 17-Jan-2026,Argos,0,43.839020,-61.132410,3511,17341,710,130,,,,,,
260358,260358,UT,00:15:53 18-Jan-2026,Argos,3,43.823870,-61.179460,116,296,45,64,,,,,,
260358,260358,UT,01:12:55 18-Jan-2026,Argos,2,43.841830,-61.181900,280,725,108,106,,,,,,
260358,260358,UT,01:14:30 18-Jan-2026,Argos,B,43.818510,-61.189870,1035,1434,747,85,,,,,,
260358,260358,UT,01:56:16 18-Jan-2026,Argos,1,43.836070,-61.159310,676,4452,102,83,,,,,,
260358,260358,UT,02:47:47 18-Jan-2026,Argos,1,43.830610,-61.169690,1226,8715,172,67,,,,,,
260358,260358,UT,04:30:03 18-Jan-2026,Argos,B,43.835890,-61.183940,3286,17017,634,63,,,,,,
260358,260358,UT,07:54:40 18-Jan-2026,Argos,A,43.826370,-61.177870,641,3395,120,15,,,,,,
260358,260358,UT,09:31:38 18-Jan-2026,Argos,A,43.828530,-61.167970,389,3959,38,89,,,,,,
260358,260358,UT,11:13:49 18-Jan-2026,Argos,B,43.829310,-61.174750,923,4151,205,10,,,,,,
260358,260358,UT,12:26:13 18-Jan-2026,Argos,A,43.837760,-61.160810,290,722,116,146,,,,,,
260358,260358,UT,13:26:29 18-Jan-2026,Argos,B,43.855080,-61.156460,778,6949,87,95,,,,,,
260358,260358,UT,14:05:40 18-Jan-2026,Argos,0,43.858300,-61.163260,4290,220443,83,101,,,,,,
260358,260358,UT,00:55:14 19-Jan-2026,Argos,B,43.807350,-61.138710,3915,59006,259,101,,,,,,
260358,260358,UT,01:35:05 19-Jan-2026,Argos,1,43.815130,-61.159530,827,3591,190,86,,,,,,
260358,260358,UT,02:05:24 19-Jan-2026,Argos,0,43.813490,-61.159470,1751,5951,515,143,,,,,,
260358,260358,UT,03:15:58 19-Jan-2026,Argos,B,43.816320,-61.167680,3663,4171,3217,60,,,,,,
260358,260358,UT,03:44:40 19-Jan-2026,Argos,0,43.811220,-61.141390,1889,34675,102,82,,,,,,
260358,260358,UT,05:22:00 19-Jan-2026,Argos,A,43.835930,-61.153620,1582,6086,410,17,,,,,,
260358,260358,UT,07:25:11 19-Jan-2026,Argos,A,43.839350,-61.171260,656,2597,165,160,,,,,,
260358,260358,UT,08:58:18 19-Jan-2026,Argos,1,43.829210,-61.147650,621,2807,137,84,,,,,,
260358,260358,UT,10:40:26 19-Jan-2026,Argos,2,43.846810,-61.160710,308,388,243,74,,,,,,
260358,260358,UT,12:07:38 19-Jan-2026,Argos,B,43.851860,-61.159070,2248,10228,494,19,,,,,,
260358,260358,UT,13:09:25 19-Jan-2026,Argos,B,43.859580,-61.148020,1031,10452,101,166,,,,,,
260358,260358,UT,00:31:45 20-Jan-2026,Argos,1,43.872090,-61.147170,568,1546,208,27,,,,,,
260358,260358,UT,00:32:20 20-Jan-2026,Argos,1,43.874980,-61.145380,544,3360,88,78,,,,,,
260358,260358,UT,01:09:43 20-Jan-2026,Argos,2,43.873890,-61.150020,335,1891,59,83,,,,,,
260358,260358,UT,01:20:02 20-Jan-2026,Argos,A,43.876970,-61.149300,1749,4500,679,109,,,,,,
260358,260358,UT,02:12:20 20-Jan-2026,Argos,B,43.878830,-61.148250,6136,8919,4220,92,,,,,,
260358,260358,UT,02:55:59 20-Jan-2026,Argos,B,43.878790,-61.151630,3670,7094,1898,66,,,,,,
260358,260358,UT,02:59:39 20-Jan-2026,Argos,0,43.861810,-61.114500,1914,13133,279,100,,,,,,
260358,260358,UT,04:37:49 20-Jan-2026,Argos,A,43.874500,-61.142380,1873,8014,437,178,,,,,,
260358,260358,UT,06:53:42 20-Jan-2026,Argos,B,43.879190,-61.150590,1585,2129,1179,82,,,,,,
260358,260358,UT,08:31:45 20-Jan-2026,Argos,A,43.824190,-61.133930,141,427,46,77,,,,,,
260358,260358,UT,10:09:09 20-Jan-2026,Argos,B,43.814480,-61.141540,863,8434,88,157,,,,,,
260358,260358,UT,12:49:46 20-Jan-2026,Argos,A,43.871110,-61.126850,514,4251,62,59,,,,,,
260358,260358,UT,13:26:59 20-Jan-2026,Argos,2,43.871450,-61.125460,264,538,129,49,,,,,,
260358,260358,UT,14:27:12 20-Jan-2026,Argos,1,43.893240,-61.115030,572,1576,207,93,,,,,,
260358,260358,UT,15:00:15 20-Jan-2026,Argos,B,43.896710,-61.112280,3965,5794,2713,90,,,,,,
260358,260358,UT,15:05:05 20-Jan-2026,Argos,B,43.898320,-61.111300,2640,34570,201,87,,,,,,
260358,260358,UT,16:40:06 20-Jan-2026,Argos,0,43.907610,-61.051610,6227,375308,103,100,,,,,,
260358,260358,UT,16:49:18 20-Jan-2026,Argos,B,43.907630,-61.051480,5662,22891,1400,100,,,,,,
260358,260358,UT,18:18:22 20-Jan-2026,Argos,B,43.919130,-61.050040,4524,32817,623,167,,,,,,
260358,260358,UT,00:10:08 21-Jan-2026,Argos,B,43.901570,-60.952070,1808,80318,40,64,,,,,,
260358,260358,UT,00:51:18 21-Jan-2026,Argos,B,43.843120,-61.062590,1265,23598,67,90,,,,,,
260358,260358,UT,02:11:04 21-Jan-2026,Argos,B,43.818870,-61.069340,1082,10170,115,37,,,,,,
260358,260358,UT,02:33:33 21-Jan-2026,Argos,B,43.829140,-61.067220,731,6437,82,66,,,,,,
260358,260358,UT,03:50:17 21-Jan-2026,Argos,1,43.838230,-61.069080,745,6513,85,89,,,,,,
260358,260358,UT,05:27:47 21-Jan-2026,Argos,B,43.823730,-61.092590,3724,5662,2448,87,,,,,,
260358,260358,UT,08:01:58 21-Jan-2026,Argos,B,43.806650,-61.113960,5113,8154,3205,65,,,,,,
260358,260358,UT,09:36:27 21-Jan-2026,Argos,B,43.810360,-61.107170,1579,19778,126,126,,,,,,
260358,260358,UT,11:18:31 21-Jan-2026,Argos,B,43.798700,-61.128010,2013,4196,965,117,,,,,,
260358,260358,UT,13:03:57 21-Jan-2026,Argos,2,43.796430,-61.102590,424,1042,172,89,,,,,,
260358,260358,UT,14:06:26 21-Jan-2026,Argos,B,43.800350,-61.113460,790,18292,34,87,,,,,,
260358,260358,UT,14:42:39 21-Jan-2026,Argos,1,43.791660,-61.113670,725,1203,436,129,,,,,,
260358,260358,UT,15:52:44 21-Jan-2026,Argos,2,43.803340,-61.090910,475,1549,145,79,,,,,,
260358,260358,UT,16:24:59 21-Jan-2026,Argos,A,43.796590,-61.104120,1475,5453,399,50,,,,,,
260358,260358,UT,17:32:48 21-Jan-2026,Argos,1,43.836760,-61.092950,810,2636,249,175,,,,,,
260358,260358,UT,21:49:37 21-Jan-2026,Argos,2,43.804050,-61.133410,401,1416,113,89,,,,,,
260358,260358,UT,22:52:16 21-Jan-2026,Argos,B,43.805800,-61.133730,1939,2117,1774,136,,,,,,
260358,260358,UT,00:27:36 22-Jan-2026,Argos,3,43.808820,-61.127960,142,736,27,69,,,,,,
260358,260358,UT,01:26:45 22-Jan-2026,Argos,B,43.809830,-61.128210,1039,1502,718,86,,,,,,
260358,260358,UT,02:12:02 22-Jan-2026,Argos,1,43.804600,-61.133670,1389,4698,410,149,,,,,,
260358,260358,UT,03:06:47 22-Jan-2026,Argos,2,43.808320,-61.127360,404,896,181,59,,,,,,
260358,260358,UT,04:45:02 22-Jan-2026,Argos,3,43.809500,-61.119290,157,202,121,76,,,,,,
260358,260358,UT,07:29:17 22-Jan-2026,Argos,A,43.764680,-61.116510,887,2685,293,126,,,,,,
260358,260358,UT,00:11:01 23-Jan-2026,Argos,A,43.799080,-61.129410,257,894,74,133,,,,,,
260358,260358,UT,00:34:51 23-Jan-2026,Argos,A,43.807660,-61.154650,1155,5616,237,75,,,,,,
260358,260358,UT,01:10:06 23-Jan-2026,Argos,B,43.804240,-61.152770,2567,7177,917,72,,,,,,
260358,260358,UT,01:48:55 23-Jan-2026,Argos,1,43.815320,-61.130100,561,1370,229,177,,,,,,
260358,260358,UT,02:21:36 23-Jan-2026,Argos,A,43.817150,-61.138450,525,2331,118,131,,,,,,
260358,260358,UT,03:59:32 23-Jan-2026,Argos,1,43.811070,-61.131880,692,2054,233,100,,,,,,
260358,260358,UT,05:37:43 23-Jan-2026,Argos,B,43.811840,-61.125910,6828,10251,4546,91,,,,,,
260358,260358,UT,08:36:51 23-Jan-2026,Argos,1,43.814550,-61.138730,1088,3255,363,95,,,,,,
260358,260358,UT,10:15:42 23-Jan-2026,Argos,1,43.824870,-61.129850,904,5313,153,81,,,,,,
260358,260358,UT,12:23:32 23-Jan-2026,Argos,1,43.846960,-61.128720,1193,4856,293,160,,,,,,
260358,260358,UT,13:24:00 23-Jan-2026,Argos,2,43.852930,-61.112020,407,1879,88,91,,,,,,
260358,260358,UT,14:01:50 23-Jan-2026,Argos,0,43.840920,-61.085770,2447,46096,129,99,,,,,,
260358,260358,UT,15:45:02 23-Jan-2026,Argos,A,43.853400,-61.143130,1853,8918,385,3,,,,,,
260358,260358,UT,15:58:55 23-Jan-2026,Argos,0,43.861830,-61.143220,1752,3597,853,75,,,,,,
260358,260358,UT,00:05:56 24-Jan-2026,Argos,0,43.888350,-61.183230,6027,28505,1274,150,,,,,,
260358,260358,UT,00:49:55 24-Jan-2026,Argos,A,43.863470,-61.157620,986,2448,396,100,,,,,,
260358,260358,UT,01:29:08 24-Jan-2026,Argos,A,43.855870,-61.182730,251,779,80,45,,,,,,
260358,260358,UT,01:33:23 24-Jan-2026,Argos,B,43.855200,-61.183030,400,564,283,66,,,,,,
260358,260358,UT,03:12:53 24-Jan-2026,Argos,A,43.887020,-61.161320,5720,21218,1542,14,,,,,,
260358,260358,UT,03:14:16 24-Jan-2026,Argos,1,43.873350,-61.173470,1064,3454,327,62,,,,,,
260358,260358,UT,04:52:19 24-Jan-2026,Argos,A,43.901440,-61.175780,1776,5833,540,172,,,,,,
260358,260358,UT,08:03:45 24-Jan-2026,Argos,B,43.899460,-61.168980,2971,4911,1797,83,,,,,,
260358,260358,UT,09:41:09 24-Jan-2026,Argos,A,43.833600,-61.191620,237,379,147,17,,,,,,
260358,260358,UT,11:24:50 24-Jan-2026,Argos,B,43.850180,-61.269130,3797,6131,2351,53,,,,,,
260358,260358,UT,12:04:59 24-Jan-2026,Argos,B,43.847680,-61.279590,3576,5565,2296,75,,,,,,
260358,260358,UT,13:03:44 24-Jan-2026,Argos,B,43.909930,-61.245560,4082,154886,107,104,,,,,,
260358,260358,UT,13:43:23 24-Jan-2026,Argos,1,43.907410,-61.187300,1457,3293,644,119,,,,,,
260358,260358,UT,00:30:22 25-Jan-2026,Argos,0,43.844280,-61.206830,12381,383314,399,76,,,,,,
260358,260358,UT,01:07:06 25-Jan-2026,Argos,0,43.860360,-61.146630,1506,12656,179,85,,,,,,
260358,260358,UT,02:29:34 25-Jan-2026,Argos,A,43.853490,-61.169250,875,1821,420,111,,,,,,
260358,260358,UT,02:50:16 25-Jan-2026,Argos,A,43.847000,-61.198310,1750,5824,526,48,,,,,,
260358,260358,UT,04:07:30 25-Jan-2026,Argos,1,43.867090,-61.183530,619,2655,144,88,,,,,,
260358,260358,UT,05:47:10 25-Jan-2026,Argos,B,43.880990,-61.151410,7507,10959,5142,93,,,,,,
260358,260358,UT,07:34:33 25-Jan-2026,Argos,B,43.890280,-61.154710,10189,15586,6661,66,,,,,,
260358,260358,UT,09:09:34 25-Jan-2026,Argos,A,43.851730,-61.185810,210,644,68,107,,,,,,
260358,260358,UT,10:48:49 25-Jan-2026,Argos,1,43.876990,-61.202550,796,2863,221,154,,,,,,
260358,260358,UT,12:42:05 25-Jan-2026,Argos,B,43.882280,-61.194440,1456,37744,56,97,,,,,,
260358,260358,UT,13:23:41 25-Jan-2026,Argos,A,43.903480,-61.220440,206,588,72,41,,,,,,
260358,260358,UT,14:23:03 25-Jan-2026,Argos,1,43.872350,-61.237040,1088,2019,586,116,,,,,,
260358,260358,UT,15:02:52 25-Jan-2026,Argos,0,43.879450,-61.231310,2506,5285,1188,99,,,,,,
260358,260358,UT,00:04:54 26-Jan-2026,Argos,A,43.885570,-61.302730,1590,3106,814,83,,,,,,
260358,260358,UT,00:40:13 26-Jan-2026,Argos,0,43.894710,-61.270850,14092,44489,4463,23,,,,,,
260358,260358,UT,00:42:42 26-Jan-2026,Argos,0,43.892620,-61.258590,1748,5258,580,71,,,,,,
260358,260358,UT,01:42:22 26-Jan-2026,Argos,B,43.896950,-61.247760,9777,89813,1064,96,,,,,,
260358,260358,UT,01:47:28 26-Jan-2026,Argos,B,43.909600,-61.241530,9406,92341,958,100,,,,,,
260358,260358,UT,02:27:37 26-Jan-2026,Argos,1,43.887740,-61.264870,799,1237,515,34,,,,,,
260358,260358,UT,03:20:31 26-Jan-2026,Argos,1,43.889750,-61.255360,579,2438,137,78,,,,,,
260358,260358,UT,04:58:53 26-Jan-2026,Argos,1,43.886740,-61.251710,543,769,383,151,,,,,,
260358,260358,UT,07:01:39 26-Jan-2026,Argos,B,43.887950,-61.253390,8398,12044,5855,84,,,,,,
260358,260358,UT,08:40:00 26-Jan-2026,Argos,0,43.896670,-61.231280,1813,6168,532,74,,,,,,
260358,260358,UT,10:18:57 26-Jan-2026,Argos,0,43.889920,-61.250340,1658,3522,780,66,,,,,,
260358,260358,UT,12:26:35 26-Jan-2026,Argos,B,43.891230,-61.250010,22092,37706,12943,88,,,,,,
260358,260358,UT,13:00:39 26-Jan-2026,Argos,1,43.882240,-61.248580,1163,2304,587,94,,,,,,
260358,260358,UT,14:03:09 26-Jan-2026,Argos,B,43.891050,-61.245980,6737,174237,260,94,,,,,,
260358,260358,UT,00:06:58 27-Jan-2026,Argos,0,43.901270,-61.327040,9826,63165,1528,73,,,,,,
260358,260358,UT,00:23:17 27-Jan-2026,Argos,1,43.906120,-61.236180,656,2328,184,85,,,,,,
260358,260358,UT,01:28:38 27-Jan-2026,Argos,B,43.863530,-61.240190,4921,17977,1346,87,,,,,,
260358,260358,UT,02:07:26 27-Jan-2026,Argos,2,43.889180,-61.254470,330,691,157,89,,,,,,
260358,260358,UT,02:35:48 27-Jan-2026,Argos,A,43.897190,-61.254470,597,1462,244,71,,,,,,
260358,260358,UT,04:12:19 27-Jan-2026,Argos,1,43.887450,-61.256160,1156,2661,502,68,,,,,,
260358,260358,UT,05:52:24 27-Jan-2026,Argos,B,43.884430,-61.271270,18180,26907,12282,90,,,,,,
260358,260358,UT,08:09:13 27-Jan-2026,Argos,1,43.893010,-61.221630,1445,3871,539,149,,,,,,
260358,260358,UT,09:48:11 27-Jan-2026,Argos,B,43.881950,-61.221160,6976,14577,3338,87,,,,,,
260358,260358,UT,11:28:07 27-Jan-2026,Argos,A,43.870920,-61.191290,2556,6015,1086,13,,,,,,
260358,260358,UT,12:40:56 27-Jan-2026,Argos,A,43.853050,-61.213470,565,2162,147,153,,,,,,
260358,260358,UT,13:41:50 27-Jan-2026,Argos,0,43.895580,-61.209520,5291,98876,283,102,,,,,,
260358,260358,UT,14:20:41 27-Jan-2026,Argos,2,43.906350,-61.227340,498,4695,52,97,,,,,,
260358,260358,UT,14:36:06 27-Jan-2026,Argos,B,43.906000,-61.226200,1020,1645,632,92,,,,,,
260358,260358,UT,16:00:54 27-Jan-2026,Argos,1,43.940740,-61.183160,1469,7854,274,60,,,,,,
260358,260358,UT,16:16:24 27-Jan-2026,Argos,1,43.912070,-61.243560,588,1030,335,91,,,,,,
260358,260358,UT,00:06:56 28-Jan-2026,Argos,B,43.907710,-61.233460,7253,290491,181,100,,,,,,
260358,260358,UT,01:06:35 28-Jan-2026,Argos,A,43.897740,-61.202170,131,390,43,100,,,,,,
260358,260358,UT,01:47:44 28-Jan-2026,Argos,B,43.904070,-61.203040,634,2895,138,46,,,,,,
260358,260358,UT,01:49:30 28-Jan-2026,Argos,A,43.883920,-61.195500,271,1180,62,131,,,,,,
260358,260358,UT,03:28:10 28-Jan-2026,Argos,0,43.879780,-61.212630,3709,7586,1813,97,,,,,,
260358,260358,UT,05:07:08 28-Jan-2026,Argos,0,43.863850,-61.204860,3372,11877,957,8,,,,,,
260358,260358,UT,07:38:00 28-Jan-2026,Argos,0,43.848310,-61.160180,3984,23079,687,123,,,,,,
260358,260358,UT,09:09:52 28-Jan-2026,Argos,0,43.874080,-61.219520,1627,19401,136,87,,,,,,
260358,260358,UT,10:50:42 28-Jan-2026,Argos,1,43.867180,-61.199880,989,1432,683,89,,,,,,
260358,260358,UT,12:21:35 28-Jan-2026,Argos,B,43.887690,-61.161110,8284,13703,5008,126,,,,,,
260358,260358,UT,13:24:01 28-Jan-2026,Argos,B,43.917040,-61.166840,2697,35769,203,79,,,,,,
260358,260358,UT,13:59:55 28-Jan-2026,Argos,0,43.894690,-61.154880,4109,35409,476,106,,,,,,
260358,260358,UT,15:02:55 28-Jan-2026,Argos,B,43.908630,-61.136130,5617,15701,2009,105,,,,,,
260358,260358,UT,15:27:54 28-Jan-2026,Argos,B,43.915650,-61.133230,1542,26476,89,102,,,,,,
260358,260358,UT,15:43:05 28-Jan-2026,Argos,B,43.920680,-61.152570,588,1091,316,86,,,,,,
260358,260358,UT,17:10:39 28-Jan-2026,Argos,B,43.918840,-61.106550,1124,17577,71,142,,,,,,
260358,260358,UT,00:44:08 29-Jan-2026,Argos,B,43.877950,-61.042360,2800,4704,1666,111,,,,,,
260358,260358,UT,00:50:10 29-Jan-2026,Argos,A,43.796630,-61.153330,251,2243,28,78,,,,,,
260358,260358,UT,01:22:39 29-Jan-2026,Argos,A,43.810470,-61.151840,298,1531,57,111,,,,,,
260358,260358,UT,02:41:31 29-Jan-2026,Argos,A,43.768360,-61.139830,461,1558,136,175,,,,,,
260358,260358,UT,03:10:20 29-Jan-2026,Argos,B,43.766440,-61.134740,1893,2350,1524,93,,,,,,
260358,260358,UT,04:19:06 29-Jan-2026,Argos,A,43.783330,-61.133210,463,3680,58,127,,,,,,
260358,260358,UT,08:44:14 29-Jan-2026,Argos,A,43.832750,-61.165610,133,343,51,102,,,,,,
260358,260358,UT,10:21:20 29-Jan-2026,Argos,B,43.842610,-61.165430,948,11490,78,41,,,,,,
260358,260358,UT,11:59:05 29-Jan-2026,Argos,A,43.790510,-61.158160,2762,12691,600,174,,,,,,
260358,260358,UT,13:37:53 29-Jan-2026,Argos,B,43.817580,-61.144890,3636,128452,102,99,,,,,,
260358,260358,UT,14:40:53 29-Jan-2026,Argos,A,43.813830,-61.129760,537,6288,45,82,,,,,,
260358,260358,UT,14:41:40 29-Jan-2026,Argos,B,43.813800,-61.129720,180,337,96,92,,,,,,
260358,260358,UT,15:20:58 29-Jan-2026,Argos,1,43.829320,-61.134350,805,2777,233,167,,,,,,
260358,260358,UT,00:12:09 30-Jan-2026,Argos,0,43.811640,-61.133130,4723,20963,1064,44,,,,,,
260358,260358,UT,00:29:22 30-Jan-2026,Argos,A,43.811270,-61.132740,3632,82290,160,78,,,,,,
260358,260358,UT,00:59:34 30-Jan-2026,Argos,0,43.809300,-61.130350,1582,13443,186,76,,,,,,
260358,260358,UT,01:56:47 30-Jan-2026,Argos,1,43.804800,-61.173970,1007,1171,865,95,,,,,,
260358,260358,UT,02:43:52 30-Jan-2026,Argos,0,43.793890,-61.165190,5871,24119,1429,146,,,,,,
260358,260358,UT,03:35:41 30-Jan-2026,Argos,0,43.810330,-61.156180,5367,271505,106,79,,,,,,
260358,260358,UT,05:14:43 30-Jan-2026,Argos,B,43.814520,-61.206490,6301,8838,4492,20,,,,,,
260358,260358,UT,08:14:01 30-Jan-2026,Argos,1,43.828520,-61.165980,994,2290,431,79,,,,,,
260358,260358,UT,09:49:37 30-Jan-2026,Argos,2,43.823970,-61.179970,325,869,121,81,,,,,,
260358,260358,UT,11:29:23 30-Jan-2026,Argos,B,43.824740,-61.187470,8623,12536,5930,87,,,,,,
260358,260358,UT,12:44:02 30-Jan-2026,Argos,B,43.825080,-61.189650,9475,21152,4243,86,,,,,,
260358,260358,UT,13:18:41 30-Jan-2026,Argos,A,43.838790,-61.122060,498,1697,146,144,,,,,,
260358,260358,UT,00:09:05 31-Jan-2026,Argos,2,43.824080,-61.117620,267,959,74,72,,,,,,
260358,260358,UT,00:45:40 31-Jan-2026,Argos,2,43.813890,-61.102220,449,3292,61,77,,,,,,
260358,260358,UT,01:16:17 31-Jan-2026,Argos,B,43.814530,-61.087780,2802,3952,1986,87,,,,,,
260358,260358,UT,01:46:03 31-Jan-2026,Argos,B,43.772600,-61.101630,3261,10345,1027,93,,,,,,
260358,260358,UT,02:23:47 31-Jan-2026,Argos,A,43.807870,-61.106160,1964,8605,448,18,,,,,,
260358,260358,UT,02:52:45 31-Jan-2026,Argos,A,43.805500,-61.126740,1345,15364,117,100,,,,,,
260358,260358,UT,04:28:37 31-Jan-2026,Argos,B,43.829010,-61.115980,2243,21073,238,170,,,,,,
260358,260358,UT,07:40:36 31-Jan-2026,Argos,B,43.831360,-61.094370,1499,13143,170,171,,,,,,
260358,260358,UT,09:15:42 31-Jan-2026,Argos,A,43.812960,-61.065410,409,6766,24,74,,,,,,
260358,260358,UT,10:56:55 31-Jan-2026,Argos,B,43.816260,-61.019190,960,7237,127,11,,,,,,
260358,260358,UT,12:22:13 31-Jan-2026,Argos,B,43.811460,-60.994270,1349,1802,1008,72,,,,,,
260358,260358,UT,12:59:13 31-Jan-2026,Argos,A,43.792970,-60.964590,374,1365,102,27,,,,,,
260358,260358,UT,14:34:58 31-Jan-2026,Argos,A,43.792710,-60.886420,217,945,49,124,,,,,,
260358,260358,UT,14:51:52 31-Jan-2026,Argos,B,43.792810,-60.886450,597,856,416,98,,,,,,
260358,260358,UT,16:21:47 31-Jan-2026,Argos,B,43.787100,-60.793160,1279,1512,1080,161,,,,,,
260358,260358,UT,16:28:53 31-Jan-2026,Argos,A,43.779020,-60.778840,1939,63596,59,104,,,,,,
260358,260358,UT,00:22:35 01-Feb-2026,Argos,B,43.824050,-60.467460,5317,67010,421,83,,,,,,
260358,260358,UT,00:45:41 01-Feb-2026,Argos,B,43.841520,-60.465760,10677,64840,1758,85,,,,,,
260358,260358,UT,01:26:55 01-Feb-2026,Argos,B,43.840630,-60.433010,7975,31717,2005,87,,,,,,
260358,260358,UT,02:04:29 01-Feb-2026,Argos,B,43.847440,-60.348380,4303,55923,331,134,,,,,,
260358,260358,UT,02:04:29 01-Feb-2026,Argos,B,43.842170,-60.365730,3665,27246,493,168,,,,,,
260358,260358,UT,03:42:26 01-Feb-2026,Argos,A,43.903620,-60.273980,618,7411,51,74,,,,,,
260358,260358,UT,05:21:55 01-Feb-2026,Argos,B,43.921520,-60.187270,1250,5457,286,174,,,,,,
260358,260358,UT,07:08:29 01-Feb-2026,Argos,B,43.972190,-60.091220,1857,1954,1765,91,,,,,,
260358,260358,UT,08:47:23 01-Feb-2026,Argos,2,43.974980,-60.150040,343,670,175,60,,,,,,
260358,260358,UT,10:24:45 01-Feb-2026,Argos,3,43.963440,-60.175110,228,535,97,112,,,,,,
260358,260358,UT,12:39:41 01-Feb-2026,Argos,B,43.978120,-60.134720,2314,3793,1411,87,,,,,,
260358,260358,UT,00:04:49 02-Feb-2026,Argos,B,43.855350,-60.168550,1497,7092,316,131,,,,,,
260358,260358,UT,00:16:09 02-Feb-2026,Argos,B,43.855900,-60.166970,431,1530,121,43,,,,,,
260358,260358,UT,01:20:30 02-Feb-2026,Argos,B,43.859570,-60.153810,1150,1650,800,77,,,,,,
260358,260358,UT,01:43:57 02-Feb-2026,Argos,B,43.853360,-60.155730,1336,2345,760,82,,,,,,
260358,260358,UT,02:58:24 02-Feb-2026,Argos,2,43.796190,-60.227830,319,1836,55,90,,,,,,
260358,260358,UT,04:36:44 02-Feb-2026,Argos,B,43.782860,-60.280870,1456,3782,560,33,,,,,,
260358,260358,UT,09:52:05 02-Feb-2026,Argos,A,43.697490,-60.429410,451,1674,121,165,,,,,,
260358,260358,UT,12:18:46 02-Feb-2026,Argos,B,43.671300,-60.484830,1124,8792,143,41,,,,,,
260358,260358,UT,13:18:16 02-Feb-2026,Argos,A,43.666360,-60.498070,696,18118,26,107,,,,,,
260358,260358,UT,13:54:12 02-Feb-2026,Argos,1,43.664230,-60.542110,1122,25633,49,100,,,,,,
260358,260358,UT,14:58:57 02-Feb-2026,Argos,B,43.618970,-60.543780,2177,18032,262,67,,,,,,
260358,260358,UT,14:58:57 02-Feb-2026,Argos,B,43.616410,-60.511290,1903,16529,219,52,,,,,,
260358,260358,UT,15:34:16 02-Feb-2026,Argos,A,43.635900,-60.462900,328,618,173,69,,,,,,
260358,260358,UT,16:39:16 02-Feb-2026,Argos,0,43.641130,-60.499970,9943,711266,139,100,,,,,,
260358,260358,UT,18:16:47 02-Feb-2026,Argos,A,43.641230,-60.457590,3220,11465,904,7,,,,,,
260358,260358,UT,00:45:43 03-Feb-2026,Argos,3,43.619190,-60.473200,204,2021,20,75,,,,,,
260358,260358,UT,01:19:44 03-Feb-2026,Argos,1,43.608200,-60.487460,826,3470,196,70,,,,,,
260358,260358,UT,02:07:50 03-Feb-2026,Argos,B,43.601930,-60.493910,3856,7474,1989,86,,,,,,
260358,260358,UT,03:06:05 03-Feb-2026,Argos,B,43.596180,-60.498270,5599,9089,3449,86,,,,,,
260358,260358,UT,03:52:13 03-Feb-2026,Argos,1,43.608400,-60.500870,897,7152,112,68,,,,,,
260358,260358,UT,05:28:04 03-Feb-2026,Argos,B,43.596430,-60.494380,4201,6281,2810,86,,,,,,
260358,260358,UT,07:45:13 03-Feb-2026,Argos,B,43.610410,-60.449310,3188,7286,1394,145,,,,,,
260358,260358,UT,09:21:07 03-Feb-2026,Argos,0,43.613500,-60.525240,26047,166310,4079,80,,,,,,
260358,260358,UT,11:02:53 03-Feb-2026,Argos,A,43.568170,-60.541770,6488,32984,1276,44,,,,,,
260358,260358,UT,11:57:54 03-Feb-2026,Argos,B,43.568180,-60.546990,2712,3930,1870,76,,,,,,
260358,260358,UT,13:38:25 03-Feb-2026,Argos,A,43.602530,-60.541900,866,16983,44,76,,,,,,
260358,260358,UT,14:39:22 03-Feb-2026,Argos,B,43.606220,-60.540300,1595,2699,942,82,,,,,,
260358,260358,UT,15:14:43 03-Feb-2026,Argos,0,43.611430,-60.509020,1868,13249,263,76,,,,,,
260358,260358,UT,15:53:06 03-Feb-2026,Argos,B,43.616530,-60.478370,2153,14120,328,168,,,,,,
260358,260358,UT,17:32:55 03-Feb-2026,Argos,A,43.647820,-60.482430,373,1599,86,30,,,,,,
260358,260358,UT,21:35:53 03-Feb-2026,Argos,A,43.650230,-60.481430,259,1835,36,81,,,,,,
260358,260358,UT,00:24:08 04-Feb-2026,Argos,0,43.646570,-60.455470,14987,720125,311,79,,,,,,
260358,260358,UT,00:49:59 04-Feb-2026,Argos,B,43.657680,-60.469920,11707,54729,2504,80,,,,,,
260358,260358,UT,01:01:49 04-Feb-2026,Argos,A,43.623740,-60.584480,4437,119233,165,77,,,,,,
260358,260358,UT,01:27:22 04-Feb-2026,Argos,B,43.643670,-60.509580,3438,5106,2314,90,,,,,,
260358,260358,UT,02:40:55 04-Feb-2026,Argos,0,43.632290,-60.548700,6060,23578,1557,0,,,,,,
260358,260358,UT,03:04:43 04-Feb-2026,Argos,1,43.633650,-60.514320,1170,6609,207,65,,,,,,
260358,260358,UT,04:43:29 04-Feb-2026,Argos,B,43.624720,-60.581220,5566,11788,2627,157,,,,,,
260358,260358,UT,07:16:51 04-Feb-2026,Argos,B,43.605600,-60.687290,10866,12984,9092,103,,,,,,
260358,260358,UT,08:46:33 04-Feb-2026,Argos,1,43.639470,-60.568140,851,4378,165,81,,,,,,
260358,260358,UT,10:28:36 04-Feb-2026,Argos,1,43.646150,-60.574520,740,1685,324,72,,,,,,
260358,260358,UT,12:37:38 04-Feb-2026,Argos,B,43.717840,-60.624600,6615,22057,1983,79,,,,,,
260358,260358,UT,13:16:27 04-Feb-2026,Argos,B,43.724680,-60.611910,2893,34459,242,42,,,,,,
260358,260358,UT,14:19:22 04-Feb-2026,Argos,A,43.750080,-60.590580,278,835,92,170,,,,,,
260358,260358,UT,14:59:00 04-Feb-2026,Argos,B,43.763140,-60.588060,854,1214,600,98,,,,,,
260358,260358,UT,20:59:20 04-Feb-2026,Argos,B,43.874290,-60.455660,3012,4398,2062,80,,,,,,
260358,260358,UT,22:41:44 04-Feb-2026,Argos,2,43.953510,-60.262290,452,4028,50,102,,,,,,
260358,260358,UT,23:00:07 04-Feb-2026,Argos,B,43.961100,-60.245240,831,1575,438,14,,,,,,
260358,260358,UT,00:01:18 05-Feb-2026,Argos,2,43.980060,-60.167830,316,707,140,79,,,,,,
260358,260358,UT,00:20:32 05-Feb-2026,Argos,1,43.963960,-60.173510,523,757,361,40,,,,,,
260358,260358,UT,00:36:07 05-Feb-2026,Argos,1,43.976510,-60.182290,718,3266,157,72,,,,,,
260358,260358,UT,02:19:52 05-Feb-2026,Argos,3,43.965770,-60.180190,227,316,163,134,,,,,,
260358,260358,UT,08:20:30 05-Feb-2026,Argos,3,43.972800,-60.162590,187,276,125,82,,,,,,
